  0
SECTION
  2
HEADER
  9
$ACADVER
  1
AC1024
  9
$ACADMAINTVER
 70
6
  9
$DWGCODEPAGE
  3
ANSI_1252
  9
$LASTSAVEDBY
  1
ezdxf
  9
$INSBASE
 10
0.0
 20
0.0
 30
0.0
  9
$EXTMIN
 10
1e+20
 20
1e+20
 30
1e+20
  9
$EXTMAX
 10
-1e+20
 20
-1e+20
 30
-1e+20
  9
$LIMMIN
 10
0.0
 20
0.0
  9
$LIMMAX
 10
420.0
 20
297.0
  9
$ORTHOMODE
 70
0
  9
$REGENMODE
 70
1
  9
$FILLMODE
 70
1
  9
$QTEXTMODE
 70
0
  9
$MIRRTEXT
 70
1
  9
$LTSCALE
 40
1.0
  9
$ATTMODE
 70
1
  9
$TEXTSIZE
 40
2.5
  9
$TRACEWID
 40
1.0
  9
$TEXTSTYLE
  7
OpenSans
  9
$CLAYER
  8
0
  9
$CELTYPE
  6
ByLayer
  9
$CECOLOR
 62
256
  9
$CELTSCALE
 40
1.0
  9
$DISPSILH
 70
0
  9
$DIMSCALE
 40
1.0
  9
$DIMASZ
 40
0.175
  9
$DIMEXO
 40
0.125
  9
$DIMDLI
 40
3.75
  9
$DIMRND
 40
0.0
  9
$DIMDLE
 40
0.0
  9
$DIMEXE
 40
0.375
  9
$DIMTP
 40
0.0
  9
$DIMTM
 40
0.0
  9
$DIMTXT
 40
0.25
  9
$DIMCEN
 40
2.5
  9
$DIMTSZ
 40
0.0
  9
$DIMTOL
 70
0
  9
$DIMLIM
 70
0
  9
$DIMTIH
 70
0
  9
$DIMTOH
 70
0
  9
$DIMSE1
 70
0
  9
$DIMSE2
 70
0
  9
$DIMTAD
 70
1
  9
$DIMZIN
 70
12
  9
$DIMBLK
  1
ARCHTICK
  9
$DIMASO
 70
1
  9
$DIMSHO
 70
1
  9
$DIMPOST
  1

  9
$DIMAPOST
  1

  9
$DIMALT
 70
0
  9
$DIMALTD
 70
3
  9
$DIMALTF
 40
0.03937007874
  9
$DIMLFAC
 40
100.0
  9
$DIMTOFL
 70
1
  9
$DIMTVP
 40
0.0
  9
$DIMTIX
 70
0
  9
$DIMSOXD
 70
0
  9
$DIMSAH
 70
0
  9
$DIMBLK1
  1

  9
$DIMBLK2
  1

  9
$DIMSTYLE
  2
EZDXF
  9
$DIMCLRD
 70
0
  9
$DIMCLRE
 70
0
  9
$DIMCLRT
 70
0
  9
$DIMTFAC
 40
0.5
  9
$DIMGAP
 40
0.1
  9
$DIMJUST
 70
0
  9
$DIMSD1
 70
0
  9
$DIMSD2
 70
0
  9
$DIMTOLJ
 70
0
  9
$DIMTZIN
 70
8
  9
$DIMALTZ
 70
0
  9
$DIMALTTZ
 70
0
  9
$DIMUPT
 70
1
  9
$DIMDEC
 70
2
  9
$DIMTDEC
 70
2
  9
$DIMALTU
 70
2
  9
$DIMALTTD
 70
3
  9
$DIMTXSTY
  7
OpenSansCondensed-Light
  9
$DIMAUNIT
 70
0
  9
$DIMADEC
 70
2
  9
$DIMALTRND
 40
0.0
  9
$DIMAZIN
 70
3
  9
$DIMDSEP
 70
46
  9
$DIMATFIT
 70
3
  9
$DIMFRAC
 70
0
  9
$DIMLDRBLK
  1

  9
$DIMLUNIT
 70
2
  9
$DIMLWD
 70
-2
  9
$DIMLWE
 70
-2
  9
$DIMTMOVE
 70
2
  9
$DIMFXL
 40
1.0
  9
$DIMFXLON
 70
0
  9
$DIMJOGANG
 40
0.785398163397
  9
$DIMTFILL
 70
0
  9
$DIMTFILLCLR
 70
0
  9
$DIMARCSYM
 70
0
  9
$DIMLTYPE
  6

  9
$DIMLTEX1
  6

  9
$DIMLTEX2
  6

  9
$DIMTXTDIRECTION
 70
0
  9
$LUNITS
 70
4
  9
$LUPREC
 70
4
  9
$SKETCHINC
 40
1.0
  9
$FILLETRAD
 40
10.0
  9
$AUNITS
 70
0
  9
$AUPREC
 70
3
  9
$MENU
  1
.
  9
$ELEVATION
 40
0.0
  9
$PELEVATION
 40
0.0
  9
$THICKNESS
 40
0.0
  9
$LIMCHECK
 70
0
  9
$CHAMFERA
 40
0.0
  9
$CHAMFERB
 40
0.0
  9
$CHAMFERC
 40
0.0
  9
$CHAMFERD
 40
0.0
  9
$SKPOLY
 70
0
  9
$TDCREATE
 40
2461307.804826389
  9
$TDUCREATE
 40
2458532.153996898
  9
$TDUPDATE
 40
2461307.804826389
  9
$TDUUPDATE
 40
2458532.1544311
  9
$TDINDWG
 40
0.0
  9
$TDUSRTIMER
 40
0.0
  9
$USRTIMER
 70
1
  9
$ANGBASE
 50
0.0
  9
$ANGDIR
 70
0
  9
$PDMODE
 70
0
  9
$PDSIZE
 40
0.0
  9
$PLINEWID
 40
0.0
  9
$SPLFRAME
 70
0
  9
$SPLINETYPE
 70
6
  9
$SPLINESEGS
 70
8
  9
$HANDSEED
  5
30F
  9
$SURFTAB1
 70
6
  9
$SURFTAB2
 70
6
  9
$SURFTYPE
 70
6
  9
$SURFU
 70
6
  9
$SURFV
 70
6
  9
$UCSBASE
  2

  9
$UCSNAME
  2

  9
$UCSORG
 10
0.0
 20
0.0
 30
0.0
  9
$UCSXDIR
 10
1.0
 20
0.0
 30
0.0
  9
$UCSYDIR
 10
0.0
 20
1.0
 30
0.0
  9
$UCSORTHOREF
  2

  9
$UCSORTHOVIEW
 70
0
  9
$UCSORGTOP
 10
0.0
 20
0.0
 30
0.0
  9
$UCSORGBOTTOM
 10
0.0
 20
0.0
 30
0.0
  9
$UCSORGLEFT
 10
0.0
 20
0.0
 30
0.0
  9
$UCSORGRIGHT
 10
0.0
 20
0.0
 30
0.0
  9
$UCSORGFRONT
 10
0.0
 20
0.0
 30
0.0
  9
$UCSORGBACK
 10
0.0
 20
0.0
 30
0.0
  9
$PUCSBASE
  2

  9
$PUCSNAME
  2

  9
$PUCSORG
 10
0.0
 20
0.0
 30
0.0
  9
$PUCSXDIR
 10
1.0
 20
0.0
 30
0.0
  9
$PUCSYDIR
 10
0.0
 20
1.0
 30
0.0
  9
$PUCSORTHOREF
  2

  9
$PUCSORTHOVIEW
 70
0
  9
$PUCSORGTOP
 10
0.0
 20
0.0
 30
0.0
  9
$PUCSORGBOTTOM
 10
0.0
 20
0.0
 30
0.0
  9
$PUCSORGLEFT
 10
0.0
 20
0.0
 30
0.0
  9
$PUCSORGRIGHT
 10
0.0
 20
0.0
 30
0.0
  9
$PUCSORGFRONT
 10
0.0
 20
0.0
 30
0.0
  9
$PUCSORGBACK
 10
0.0
 20
0.0
 30
0.0
  9
$USERI1
 70
0
  9
$USERI2
 70
0
  9
$USERI3
 70
0
  9
$USERI4
 70
0
  9
$USERI5
 70
0
  9
$USERR1
 40
0.0
  9
$USERR2
 40
0.0
  9
$USERR3
 40
0.0
  9
$USERR4
 40
0.0
  9
$USERR5
 40
0.0
  9
$WORLDVIEW
 70
1
  9
$SHADEDGE
 70
3
  9
$SHADEDIF
 70
70
  9
$TILEMODE
 70
1
  9
$MAXACTVP
 70
64
  9
$PINSBASE
 10
0.0
 20
0.0
 30
0.0
  9
$PLIMCHECK
 70
0
  9
$PEXTMIN
 10
1e+20
 20
1e+20
 30
1e+20
  9
$PEXTMAX
 10
-1e+20
 20
-1e+20
 30
-1e+20
  9
$PLIMMIN
 10
0.0
 20
0.0
  9
$PLIMMAX
 10
420.0
 20
297.0
  9
$UNITMODE
 70
0
  9
$VISRETAIN
 70
1
  9
$PLINEGEN
 70
0
  9
$PSLTSCALE
 70
1
  9
$TREEDEPTH
 70
3020
  9
$CMLSTYLE
  2
Standard
  9
$CMLJUST
 70
0
  9
$CMLSCALE
 40
20.0
  9
$PROXYGRAPHICS
 70
1
  9
$MEASUREMENT
 70
0
  9
$CELWEIGHT
370
-1
  9
$ENDCAPS
280
0
  9
$JOINSTYLE
280
0
  9
$LWDISPLAY
290
0
  9
$INSUNITS
 70
1
  9
$HYPERLINKBASE
  1

  9
$STYLESHEET
  1

  9
$XEDIT
290
1
  9
$CEPSNTYPE
380
0
  9
$PSTYLEMODE
290
1
  9
$FINGERPRINTGUID
  2
{32DD0E20-C332-4642-ADE0-C0561FB0FE74}
  9
$VERSIONGUID
  2
{98CF49EA-BDE1-4BC1-A124-D69295BB5DD9}
  9
$EXTNAMES
290
1
  9
$PSVPSCALE
 40
0.0
  9
$OLESTARTUP
290
0
  9
$SORTENTS
280
127
  9
$INDEXCTL
280
0
  9
$HIDETEXT
280
1
  9
$XCLIPFRAME
280
1
  9
$HALOGAP
280
0
  9
$OBSCOLOR
 70
257
  9
$OBSLTYPE
280
0
  9
$INTERSECTIONDISPLAY
280
0
  9
$INTERSECTIONCOLOR
 70
257
  9
$DIMASSOC
280
2
  9
$PROJECTNAME
  1

  9
$CAMERADISPLAY
290
0
  9
$LENSLENGTH
 40
50.0
  9
$CAMERAHEIGHT
 40
0.0
  9
$STEPSPERSEC
 40
24.0
  9
$STEPSIZE
 40
100.0
  9
$3DDWFPREC
 40
2.0
  9
$PSOLWIDTH
 40
0.005
  9
$PSOLHEIGHT
 40
0.08
  9
$LOFTANG1
 40
1.570796326795
  9
$LOFTANG2
 40
1.570796326795
  9
$LOFTMAG1
 40
0.0
  9
$LOFTMAG2
 40
0.0
  9
$LOFTPARAM
 70
7
  9
$LOFTNORMALS
280
1
  9
$LATITUDE
 40
37.795
  9
$LONGITUDE
 40
-122.394
  9
$NORTHDIRECTION
 40
0.0
  9
$TIMEZONE
 70
-8000
  9
$LIGHTGLYPHDISPLAY
280
1
  9
$TILEMODELIGHTSYNCH
280
1
  9
$CMATERIAL
347
20
  9
$SOLIDHIST
280
0
  9
$SHOWHIST
280
1
  9
$DWFFRAME
280
2
  9
$DGNFRAME
280
2
  9
$REALWORLDSCALE
290
1
  9
$INTERFERECOLOR
 62
256
  9
$CSHADOW
280
0
  9
$SHADOWPLANELOCATION
 40
0.0
  0
ENDSEC
  0
SECTION
  2
CLASSES
  0
CLASS
  1
ACDBDICTIONARYWDFLT
  2
AcDbDictionaryWithDefault
  3
ObjectDBX Classes
 90
0
 91
0
280
0
281
0
  0
CLASS
  1
SUN
  2
AcDbSun
  3
SCENEOE
 90
1153
 91
0
280
0
281
0
  0
CLASS
  1
VISUALSTYLE
  2
AcDbVisualStyle
  3
ObjectDBX Classes
 90
4095
 91
0
280
0
281
0
  0
CLASS
  1
MATERIAL
  2
AcDbMaterial
  3
ObjectDBX Classes
 90
1153
 91
0
280
0
281
0
  0
CLASS
  1
SCALE
  2
AcDbScale
  3
ObjectDBX Classes
 90
1153
 91
0
280
0
281
0
  0
CLASS
  1
TABLESTYLE
  2
AcDbTableStyle
  3
ObjectDBX Classes
 90
4095
 91
0
280
0
281
0
  0
CLASS
  1
MLEADERSTYLE
  2
AcDbMLeaderStyle
  3
ACDB_MLEADERSTYLE_CLASS
 90
4095
 91
0
280
0
281
0
  0
CLASS
  1
DICTIONARYVAR
  2
AcDbDictionaryVar
  3
ObjectDBX Classes
 90
0
 91
0
280
0
281
0
  0
CLASS
  1
CELLSTYLEMAP
  2
AcDbCellStyleMap
  3
ObjectDBX Classes
 90
1152
 91
0
280
0
281
0
  0
CLASS
  1
MENTALRAYRENDERSETTINGS
  2
AcDbMentalRayRenderSettings
  3
SCENEOE
 90
1024
 91
0
280
0
281
0
  0
CLASS
  1
ACDBDETAILVIEWSTYLE
  2
AcDbDetailViewStyle
  3
ObjectDBX Classes
 90
1025
 91
0
280
0
281
0
  0
CLASS
  1
ACDBSECTIONVIEWSTYLE
  2
AcDbSectionViewStyle
  3
ObjectDBX Classes
 90
1025
 91
0
280
0
281
0
  0
CLASS
  1
RASTERVARIABLES
  2
AcDbRasterVariables
  3
ISM
 90
0
 91
0
280
0
281
0
  0
CLASS
  1
LAYOUT
  2
AcDbLayout
  3
ObjectDBX Classes
 90
0
 91
0
280
0
281
0
  0
CLASS
  1
ACDBPLACEHOLDER
  2
AcDbPlaceHolder
  3
ObjectDBX Classes
 90
0
 91
0
280
0
281
0
  0
ENDSEC
  0
SECTION
  2
TABLES
  0
TABLE
  2
VPORT
  5
8
330
0
100
AcDbSymbolTable
 70
1
  0
VPORT
  5
23
330
8
100
AcDbSymbolTableRecord
100
AcDbViewportTableRecord
  2
*Active
 70
0
 10
0.0
 20
0.0
 11
1.0
 21
1.0
 12
0.0
 22
0.0
 13
0.0
 23
0.0
 14
0.5
 24
0.5
 15
0.5
 25
0.5
 16
0.0
 26
0.0
 36
1.0
 17
0.0
 27
0.0
 37
0.0
 40
1000.0
 41
1.34
 42
50.0
 43
0.0
 44
0.0
 50
0.0
 51
0.0
 71
0
 72
1000
 73
1
 74
3
 75
0
 76
0
 77
0
 78
0
281
0
 65
0
146
0.0
  0
ENDTAB
  0
TABLE
  2
LTYPE
  5
2
330
0
100
AcDbSymbolTable
 70
21
  0
LTYPE
  5
24
330
2
100
AcDbSymbolTableRecord
100
AcDbLinetypeTableRecord
  2
ByBlock
 70
0
  3

 72
65
 73
0
 40
0.0
  0
LTYPE
  5
25
330
2
100
AcDbSymbolTableRecord
100
AcDbLinetypeTableRecord
  2
ByLayer
 70
0
  3

 72
65
 73
0
 40
0.0
  0
LTYPE
  5
26
330
2
100
AcDbSymbolTableRecord
100
AcDbLinetypeTableRecord
  2
Continuous
 70
0
  3

 72
65
 73
0
 40
0.0
  0
LTYPE
  5
2F
330
2
100
AcDbSymbolTableRecord
100
AcDbLinetypeTableRecord
  2
CENTER
 70
0
  3
Center ____ _ ____ _ ____ _ ____ _ ____ _ ____
 72
65
 73
4
 40
2.0
 49
1.25
 74
0
 49
-0.25
 74
0
 49
0.25
 74
0
 49
-0.25
 74
0
  0
LTYPE
  5
30
330
2
100
AcDbSymbolTableRecord
100
AcDbLinetypeTableRecord
  2
CENTERX2
 70
0
  3
Center (2x) ________  __  ________  __  ________
 72
65
 73
4
 40
3.5
 49
2.5
 74
0
 49
-0.25
 74
0
 49
0.5
 74
0
 49
-0.25
 74
0
  0
LTYPE
  5
31
330
2
100
AcDbSymbolTableRecord
100
AcDbLinetypeTableRecord
  2
CENTER2
 70
0
  3
Center (.5x) ____ _ ____ _ ____ _ ____ _ ____
 72
65
 73
4
 40
1.0
 49
0.625
 74
0
 49
-0.125
 74
0
 49
0.125
 74
0
 49
-0.125
 74
0
  0
LTYPE
  5
32
330
2
100
AcDbSymbolTableRecord
100
AcDbLinetypeTableRecord
  2
DASHED
 70
0
  3
Dashed __ __ __ __ __ __ __ __ __ __ __ __ __ _
 72
65
 73
2
 40
0.6
 49
0.5
 74
0
 49
-0.1
 74
0
  0
LTYPE
  5
33
330
2
100
AcDbSymbolTableRecord
100
AcDbLinetypeTableRecord
  2
DASHEDX2
 70
0
  3
Dashed (2x) ____  ____  ____  ____  ____  ____
 72
65
 73
2
 40
1.2
 49
1.0
 74
0
 49
-0.2
 74
0
  0
LTYPE
  5
34
330
2
100
AcDbSymbolTableRecord
100
AcDbLinetypeTableRecord
  2
DASHED2
 70
0
  3
Dashed (.5x) _ _ _ _ _ _ _ _ _ _ _ _ _ _
 72
65
 73
2
 40
0.3
 49
0.25
 74
0
 49
-0.05
 74
0
  0
LTYPE
  5
35
330
2
100
AcDbSymbolTableRecord
100
AcDbLinetypeTableRecord
  2
PHANTOM
 70
0
  3
Phantom ______  __  __  ______  __  __  ______
 72
65
 73
6
 40
2.5
 49
1.25
 74
0
 49
-0.25
 74
0
 49
0.25
 74
0
 49
-0.25
 74
0
 49
0.25
 74
0
 49
-0.25
 74
0
  0
LTYPE
  5
36
330
2
100
AcDbSymbolTableRecord
100
AcDbLinetypeTableRecord
  2
PHANTOMX2
 70
0
  3
Phantom (2x)____________    ____    ____    ____________
 72
65
 73
6
 40
4.25
 49
2.5
 74
0
 49
-0.25
 74
0
 49
0.5
 74
0
 49
-0.25
 74
0
 49
0.5
 74
0
 49
-0.25
 74
0
  0
LTYPE
  5
37
330
2
100
AcDbSymbolTableRecord
100
AcDbLinetypeTableRecord
  2
PHANTOM2
 70
0
  3
Phantom (.5x) ___ _ _ ___ _ _ ___ _ _ ___ _ _ ___
 72
65
 73
6
 40
1.25
 49
0.625
 74
0
 49
-0.125
 74
0
 49
0.125
 74
0
 49
-0.125
 74
0
 49
0.125
 74
0
 49
-0.125
 74
0
  0
LTYPE
  5
38
330
2
100
AcDbSymbolTableRecord
100
AcDbLinetypeTableRecord
  2
DASHDOT
 70
0
  3
Dash dot __ . __ . __ . __ . __ . __ . __ . __
 72
65
 73
4
 40
1.4
 49
1.0
 74
0
 49
-0.2
 74
0
 49
0.0
 74
0
 49
-0.2
 74
0
  0
LTYPE
  5
39
330
2
100
AcDbSymbolTableRecord
100
AcDbLinetypeTableRecord
  2
DASHDOTX2
 70
0
  3
Dash dot (2x) ____  .  ____  .  ____  .  ____
 72
65
 73
4
 40
2.4
 49
2.0
 74
0
 49
-0.2
 74
0
 49
0.0
 74
0
 49
-0.2
 74
0
  0
LTYPE
  5
3A
330
2
100
AcDbSymbolTableRecord
100
AcDbLinetypeTableRecord
  2
DASHDOT2
 70
0
  3
Dash dot (.5x) _ . _ . _ . _ . _ . _ . _ . _
 72
65
 73
4
 40
0.7
 49
0.5
 74
0
 49
-0.1
 74
0
 49
0.0
 74
0
 49
-0.1
 74
0
  0
LTYPE
  5
3B
330
2
100
AcDbSymbolTableRecord
100
AcDbLinetypeTableRecord
  2
DOT
 70
0
  3
Dot .  .  .  .  .  .  .  .  .  .  .  .  .  .  .  .
 72
65
 73
2
 40
0.2
 49
0.0
 74
0
 49
-0.2
 74
0
  0
LTYPE
  5
3C
330
2
100
AcDbSymbolTableRecord
100
AcDbLinetypeTableRecord
  2
DOTX2
 70
0
  3
Dot (2x) .    .    .    .    .    .    .    . 
 72
65
 73
2
 40
0.4
 49
0.0
 74
0
 49
-0.4
 74
0
  0
LTYPE
  5
3D
330
2
100
AcDbSymbolTableRecord
100
AcDbLinetypeTableRecord
  2
DOT2
 70
0
  3
Dot (.5) . . . . . . . . . . . . . . . . . . . 
 72
65
 73
2
 40
0.1
 49
0.0
 74
0
 49
-0.1
 74
0
  0
LTYPE
  5
3E
330
2
100
AcDbSymbolTableRecord
100
AcDbLinetypeTableRecord
  2
DIVIDE
 70
0
  3
Divide __ . . __ . . __ . . __ . . __ . . __
 72
65
 73
6
 40
1.6
 49
1.0
 74
0
 49
-0.2
 74
0
 49
0.0
 74
0
 49
-0.2
 74
0
 49
0.0
 74
0
 49
-0.2
 74
0
  0
LTYPE
  5
3F
330
2
100
AcDbSymbolTableRecord
100
AcDbLinetypeTableRecord
  2
DIVIDEX2
 70
0
  3
Divide (2x) ____  . .  ____  . .  ____  . .  ____
 72
65
 73
6
 40
2.6
 49
2.0
 74
0
 49
-0.2
 74
0
 49
0.0
 74
0
 49
-0.2
 74
0
 49
0.0
 74
0
 49
-0.2
 74
0
  0
LTYPE
  5
40
330
2
100
AcDbSymbolTableRecord
100
AcDbLinetypeTableRecord
  2
DIVIDE2
 70
0
  3
Divide(.5x) _ . _ . _ . _ . _ . _ . _ . _
 72
65
 73
6
 40
0.8
 49
0.5
 74
0
 49
-0.1
 74
0
 49
0.0
 74
0
 49
-0.1
 74
0
 49
0.0
 74
0
 49
-0.1
 74
0
  0
ENDTAB
  0
TABLE
  2
LAYER
  5
1
330
0
100
AcDbSymbolTable
 70
14
  0
LAYER
  5
27
330
1
100
AcDbSymbolTableRecord
100
AcDbLayerTableRecord
  2
0
 70
0
 62
7
  6
Continuous
370
-3
390
13
347
21
  0
LAYER
  5
28
330
1
100
AcDbSymbolTableRecord
100
AcDbLayerTableRecord
  2
Defpoints
 70
0
 62
7
  6
Continuous
290
0
370
-3
390
13
347
21
  0
LAYER
  5
8A
330
1
100
AcDbSymbolTableRecord
100
AcDbLayerTableRecord
  2
Narrow door casing B
 70
0
 62
7
  6
Continuous
370
-3
390
13
347
21
  0
LAYER
  5
8B
330
1
100
AcDbSymbolTableRecord
100
AcDbLayerTableRecord
  2
Narrow door casing B hatch
 70
0
 62
8
  6
Continuous
370
-3
390
13
347
21
  0
LAYER
  5
1DA
330
1
100
AcDbSymbolTableRecord
100
AcDbLayerTableRecord
  2
Main door casing B
 70
0
 62
7
  6
Continuous
370
-3
390
13
347
21
  0
LAYER
  5
1DB
330
1
100
AcDbSymbolTableRecord
100
AcDbLayerTableRecord
  2
Main door casing B hatch
 70
0
 62
8
  6
Continuous
370
-3
390
13
347
21
  0
LAYER
  5
278
330
1
100
AcDbSymbolTableRecord
100
AcDbLayerTableRecord
  2
Corbel
 70
0
 62
7
  6
Continuous
370
-3
390
13
347
21
  0
LAYER
  5
279
330
1
100
AcDbSymbolTableRecord
100
AcDbLayerTableRecord
  2
Corbel hatch
 70
0
 62
8
  6
Continuous
370
-3
390
13
347
21
  0
LAYER
  5
2DC
330
1
100
AcDbSymbolTableRecord
100
AcDbLayerTableRecord
  2
Palmette
 70
0
 62
7
  6
Continuous
370
-3
390
13
347
21
  0
LAYER
  5
2DD
330
1
100
AcDbSymbolTableRecord
100
AcDbLayerTableRecord
  2
Palmette hatch
 70
0
 62
8
  6
Continuous
370
-3
390
13
347
21
  0
LAYER
  5
2F3
330
1
100
AcDbSymbolTableRecord
100
AcDbLayerTableRecord
  2
Knot
 70
0
 62
7
  6
Continuous
370
-3
390
13
347
21
  0
LAYER
  5
2F4
330
1
100
AcDbSymbolTableRecord
100
AcDbLayerTableRecord
  2
Knot hatch
 70
0
 62
8
  6
Continuous
370
-3
390
13
347
21
  0
LAYER
  5
304
330
1
100
AcDbSymbolTableRecord
100
AcDbLayerTableRecord
  2
Head section B
 70
0
 62
7
  6
Continuous
370
-3
390
13
347
21
  0
LAYER
  5
305
330
1
100
AcDbSymbolTableRecord
100
AcDbLayerTableRecord
  2
Head section B hatch
 70
0
 62
8
  6
Continuous
370
-3
390
13
347
21
  0
ENDTAB
  0
TABLE
  2
STYLE
  5
5
330
0
100
AcDbSymbolTable
 70
26
  0
STYLE
  5
29
330
5
100
AcDbSymbolTableRecord
100
AcDbTextStyleTableRecord
  2
Standard
 70
0
 40
0.0
 41
1.0
 50
0.0
 71
0
 42
2.5
  3
txt
  4

  0
STYLE
  5
41
330
5
100
AcDbSymbolTableRecord
100
AcDbTextStyleTableRecord
  2
OpenSans-Light
 70
0
 40
0.0
 41
1.0
 50
0.0
 71
0
 42
2.5
  3
OpenSans-Light.ttf
  4

  0
STYLE
  5
42
330
5
100
AcDbSymbolTableRecord
100
AcDbTextStyleTableRecord
  2
OpenSans-Light-Italic
 70
0
 40
0.0
 41
1.0
 50
0.0
 71
0
 42
2.5
  3
OpenSans-LightItalic.ttf
  4

  0
STYLE
  5
43
330
5
100
AcDbSymbolTableRecord
100
AcDbTextStyleTableRecord
  2
OpenSans
 70
0
 40
0.0
 41
1.0
 50
0.0
 71
0
 42
2.5
  3
OpenSans-Regular.ttf
  4

  0
STYLE
  5
44
330
5
100
AcDbSymbolTableRecord
100
AcDbTextStyleTableRecord
  2
OpenSans-Italic
 70
0
 40
0.0
 41
1.0
 50
0.0
 71
0
 42
2.5
  3
OpenSans-Italic.ttf
  4

  0
STYLE
  5
45
330
5
100
AcDbSymbolTableRecord
100
AcDbTextStyleTableRecord
  2
OpenSans-SemiBold
 70
0
 40
0.0
 41
1.0
 50
0.0
 71
0
 42
2.5
  3
OpenSans-SemiBold.ttf
  4

  0
STYLE
  5
46
330
5
100
AcDbSymbolTableRecord
100
AcDbTextStyleTableRecord
  2
OpenSans-SemiBoldItalic
 70
0
 40
0.0
 41
1.0
 50
0.0
 71
0
 42
2.5
  3
OpenSans-SemiBoldItalic.ttf
  4

  0
STYLE
  5
47
330
5
100
AcDbSymbolTableRecord
100
AcDbTextStyleTableRecord
  2
OpenSans-Bold
 70
0
 40
0.0
 41
1.0
 50
0.0
 71
0
 42
2.5
  3
OpenSans-Bold.ttf
  4

  0
STYLE
  5
48
330
5
100
AcDbSymbolTableRecord
100
AcDbTextStyleTableRecord
  2
OpenSans-BoldItalic
 70
0
 40
0.0
 41
1.0
 50
0.0
 71
0
 42
2.5
  3
OpenSans-BoldItalic.ttf
  4

  0
STYLE
  5
49
330
5
100
AcDbSymbolTableRecord
100
AcDbTextStyleTableRecord
  2
OpenSans-ExtraBold
 70
0
 40
0.0
 41
1.0
 50
0.0
 71
0
 42
2.5
  3
OpenSans-ExtraBold.ttf
  4

  0
STYLE
  5
4A
330
5
100
AcDbSymbolTableRecord
100
AcDbTextStyleTableRecord
  2
OpenSans-ExtraBoldItalic
 70
0
 40
0.0
 41
1.0
 50
0.0
 71
0
 42
2.5
  3
OpenSans-ExtraBoldItalic.ttf
  4

  0
STYLE
  5
4B
330
5
100
AcDbSymbolTableRecord
100
AcDbTextStyleTableRecord
  2
OpenSansCondensed-Bold
 70
0
 40
0.0
 41
1.0
 50
0.0
 71
0
 42
2.5
  3
OpenSansCondensed-Bold.ttf
  4

  0
STYLE
  5
4C
330
5
100
AcDbSymbolTableRecord
100
AcDbTextStyleTableRecord
  2
OpenSansCondensed-Light
 70
0
 40
0.0
 41
1.0
 50
0.0
 71
0
 42
2.5
  3
OpenSansCondensed-Light.ttf
  4

  0
STYLE
  5
4D
330
5
100
AcDbSymbolTableRecord
100
AcDbTextStyleTableRecord
  2
OpenSansCondensed-Italic
 70
0
 40
0.0
 41
1.0
 50
0.0
 71
0
 42
2.5
  3
OpenSansCondensed-LightItalic.ttf
  4

  0
STYLE
  5
4E
330
5
100
AcDbSymbolTableRecord
100
AcDbTextStyleTableRecord
  2
LiberationSans
 70
0
 40
0.0
 41
1.0
 50
0.0
 71
0
 42
2.5
  3
LiberationSans-Regular.ttf
  4

  0
STYLE
  5
4F
330
5
100
AcDbSymbolTableRecord
100
AcDbTextStyleTableRecord
  2
LiberationSans-Bold
 70
0
 40
0.0
 41
1.0
 50
0.0
 71
0
 42
2.5
  3
LiberationSans-Bold.ttf
  4

  0
STYLE
  5
50
330
5
100
AcDbSymbolTableRecord
100
AcDbTextStyleTableRecord
  2
LiberationSans-BoldItalic
 70
0
 40
0.0
 41
1.0
 50
0.0
 71
0
 42
2.5
  3
LiberationSans-BoldItalic.ttf
  4

  0
STYLE
  5
51
330
5
100
AcDbSymbolTableRecord
100
AcDbTextStyleTableRecord
  2
LiberationSans-Italic
 70
0
 40
0.0
 41
1.0
 50
0.0
 71
0
 42
2.5
  3
LiberationSans-Italic.ttf
  4

  0
STYLE
  5
52
330
5
100
AcDbSymbolTableRecord
100
AcDbTextStyleTableRecord
  2
LiberationSerif
 70
0
 40
0.0
 41
1.0
 50
0.0
 71
0
 42
2.5
  3
LiberationSerif-Regular.ttf
  4

  0
STYLE
  5
53
330
5
100
AcDbSymbolTableRecord
100
AcDbTextStyleTableRecord
  2
LiberationSerif-Bold
 70
0
 40
0.0
 41
1.0
 50
0.0
 71
0
 42
2.5
  3
LiberationSerif-Bold.ttf
  4

  0
STYLE
  5
54
330
5
100
AcDbSymbolTableRecord
100
AcDbTextStyleTableRecord
  2
LiberationSerif-BoldItalic
 70
0
 40
0.0
 41
1.0
 50
0.0
 71
0
 42
2.5
  3
LiberationSerif-BoldItalic.ttf
  4

  0
STYLE
  5
55
330
5
100
AcDbSymbolTableRecord
100
AcDbTextStyleTableRecord
  2
LiberationSerif-Italic
 70
0
 40
0.0
 41
1.0
 50
0.0
 71
0
 42
2.5
  3
LiberationSerif-Italic.ttf
  4

  0
STYLE
  5
56
330
5
100
AcDbSymbolTableRecord
100
AcDbTextStyleTableRecord
  2
LiberationMono
 70
0
 40
0.0
 41
1.0
 50
0.0
 71
0
 42
2.5
  3
LiberationMono-Regular.ttf
  4

  0
STYLE
  5
57
330
5
100
AcDbSymbolTableRecord
100
AcDbTextStyleTableRecord
  2
LiberationMono-Bold
 70
0
 40
0.0
 41
1.0
 50
0.0
 71
0
 42
2.5
  3
LiberationMono-Bold.ttf
  4

  0
STYLE
  5
58
330
5
100
AcDbSymbolTableRecord
100
AcDbTextStyleTableRecord
  2
LiberationMono-BoldItalic
 70
0
 40
0.0
 41
1.0
 50
0.0
 71
0
 42
2.5
  3
LiberationMono-BoldItalic.ttf
  4

  0
STYLE
  5
59
330
5
100
AcDbSymbolTableRecord
100
AcDbTextStyleTableRecord
  2
LiberationMono-Italic
 70
0
 40
0.0
 41
1.0
 50
0.0
 71
0
 42
2.5
  3
LiberationMono-Italic.ttf
  4

  0
ENDTAB
  0
TABLE
  2
VIEW
  5
7
330
0
100
AcDbSymbolTable
 70
0
  0
ENDTAB
  0
TABLE
  2
UCS
  5
6
330
0
100
AcDbSymbolTable
 70
0
  0
ENDTAB
  0
TABLE
  2
APPID
  5
3
330
0
100
AcDbSymbolTable
 70
3
  0
APPID
  5
2A
330
3
100
AcDbSymbolTableRecord
100
AcDbRegAppTableRecord
  2
ACAD
 70
0
  0
APPID
  5
30C
330
3
100
AcDbSymbolTableRecord
100
AcDbRegAppTableRecord
  2
HATCHBACKGROUNDCOLOR
 70
0
  0
APPID
  5
30D
330
3
100
AcDbSymbolTableRecord
100
AcDbRegAppTableRecord
  2
EZDXF
 70
0
  0
ENDTAB
  0
TABLE
  2
DIMSTYLE
  5
4
330
0
100
AcDbSymbolTable
 70
12
100
AcDbDimStyleTable
  0
DIMSTYLE
105
2B
330
4
100
AcDbSymbolTableRecord
100
AcDbDimStyleTableRecord
  2
Standard
 70
0
 40
1.0
 41
2.5
 42
0.625
 43
3.75
 44
1.25
 45
0.0
 46
0.0
 47
0.0
 48
0.0
 49
2.5
140
2.5
141
2.5
142
0.0
143
0.03937007874
144
1.0
145
0.0
146
1.0
147
0.625
148
0.0
 69
0
 70
0
 71
0
 72
0
 73
0
 74
0
 75
0
 76
0
 77
1
 78
8
 79
3
170
0
171
3
172
1
173
0
174
0
175
0
176
0
177
0
178
0
179
2
271
2
272
2
273
2
274
3
275
0
276
0
277
2
278
44
279
0
280
0
281
0
282
0
283
0
284
8
285
0
286
0
288
0
289
3
290
0
371
-2
372
-2
  0
DIMSTYLE
105
73
330
4
100
AcDbSymbolTableRecord
100
AcDbDimStyleTableRecord
  2
EZDXF
 70
0
 40
1.0
 41
0.175
 42
0.125
 43
3.75
 44
0.375
 45
0.0
 46
0.0
 47
0.0
 48
0.0
 49
2.5
140
0.25
141
2.5
142
0.0
143
0.03937007874
144
100.0
145
0.0
146
0.5
147
0.1
148
0.0
 69
0
 70
0
 71
0
 72
0
 73
0
 74
0
 75
0
 76
0
 77
1
 78
12
 79
3
170
0
171
3
172
1
173
0
174
0
175
0
176
0
177
0
178
0
179
2
271
2
272
2
273
2
274
3
275
0
276
0
277
2
278
46
279
2
280
0
281
0
282
0
283
0
284
8
285
0
286
0
288
1
289
3
290
0
340
4C
342
74
371
-2
372
-2
  0
DIMSTYLE
105
7C
330
4
100
AcDbSymbolTableRecord
100
AcDbDimStyleTableRecord
  2
EZ_M_100_H25_CM
 70
0
 40
1.0
 41
0.25
 42
0.125
 43
3.75
 44
0.375
 45
0.0
 46
0.0
 47
0.0
 48
0.0
 49
2.5
140
0.25
141
2.5
142
0.125
143
0.03937007874
144
100.0
145
0.0
146
0.5
147
0.1
148
0.0
 69
0
 70
0
 71
0
 72
0
 73
0
 74
0
 75
0
 76
0
 77
1
 78
12
 79
3
170
0
171
3
172
1
173
0
174
0
175
0
176
0
177
0
178
0
179
2
271
2
272
2
273
2
274
3
275
0
276
0
277
2
278
46
279
2
280
0
281
0
282
0
283
0
284
8
285
0
286
0
288
1
289
3
290
0
340
4C
371
-2
372
-2
  0
DIMSTYLE
105
7D
330
4
100
AcDbSymbolTableRecord
100
AcDbDimStyleTableRecord
  2
EZ_M_50_H25_CM
 70
0
 40
1.0
 41
0.125
 42
0.0625
 43
3.75
 44
0.1875
 45
0.0
 46
0.0
 47
0.0
 48
0.0
 49
2.5
140
0.125
141
2.5
142
0.0625
143
0.03937007874
144
100.0
145
0.0
146
0.5
147
0.05
148
0.0
 69
0
 70
0
 71
0
 72
0
 73
0
 74
0
 75
0
 76
0
 77
1
 78
12
 79
3
170
0
171
3
172
1
173
0
174
0
175
0
176
0
177
0
178
0
179
2
271
2
272
2
273
2
274
3
275
0
276
0
277
2
278
46
279
2
280
0
281
0
282
0
283
0
284
8
285
0
286
0
288
1
289
3
290
0
340
4C
371
-2
372
-2
  0
DIMSTYLE
105
7E
330
4
100
AcDbSymbolTableRecord
100
AcDbDimStyleTableRecord
  2
EZ_M_25_H25_CM
 70
0
 40
1.0
 41
0.0625
 42
0.03125
 43
3.75
 44
0.09375
 45
0.0
 46
0.0
 47
0.0
 48
0.0
 49
2.5
140
0.0625
141
2.5
142
0.03125
143
0.03937007874
144
100.0
145
0.0
146
0.5
147
0.025
148
0.0
 69
0
 70
0
 71
0
 72
0
 73
0
 74
0
 75
0
 76
0
 77
1
 78
12
 79
3
170
0
171
3
172
1
173
0
174
0
175
0
176
0
177
0
178
0
179
2
271
2
272
2
273
2
274
3
275
0
276
0
277
2
278
46
279
2
280
0
281
0
282
0
283
0
284
8
285
0
286
0
288
1
289
3
290
0
340
4C
371
-2
372
-2
  0
DIMSTYLE
105
7F
330
4
100
AcDbSymbolTableRecord
100
AcDbDimStyleTableRecord
  2
EZ_M_20_H25_CM
 70
0
 40
1.0
 41
0.05
 42
0.025
 43
3.75
 44
0.07500000000000001
 45
0.0
 46
0.0
 47
0.0
 48
0.0
 49
2.5
140
0.05
141
2.5
142
0.025
143
0.03937007874
144
100.0
145
0.0
146
0.5
147
0.020000000000000004
148
0.0
 69
0
 70
0
 71
0
 72
0
 73
0
 74
0
 75
0
 76
0
 77
1
 78
12
 79
3
170
0
171
3
172
1
173
0
174
0
175
0
176
0
177
0
178
0
179
2
271
2
272
2
273
2
274
3
275
0
276
0
277
2
278
46
279
2
280
0
281
0
282
0
283
0
284
8
285
0
286
0
288
1
289
3
290
0
340
4C
371
-2
372
-2
  0
DIMSTYLE
105
80
330
4
100
AcDbSymbolTableRecord
100
AcDbDimStyleTableRecord
  2
EZ_M_10_H25_CM
 70
0
 40
1.0
 41
0.025
 42
0.0125
 43
3.75
 44
0.037500000000000006
 45
0.0
 46
0.0
 47
0.0
 48
0.0
 49
2.5
140
0.025
141
2.5
142
0.0125
143
0.03937007874
144
100.0
145
0.0
146
0.5
147
0.010000000000000002
148
0.0
 69
0
 70
0
 71
0
 72
0
 73
0
 74
0
 75
0
 76
0
 77
1
 78
12
 79
3
170
0
171
3
172
1
173
0
174
0
175
0
176
0
177
0
178
0
179
2
271
2
272
2
273
2
274
3
275
0
276
0
277
2
278
46
279
2
280
0
281
0
282
0
283
0
284
8
285
0
286
0
288
1
289
3
290
0
340
4C
371
-2
372
-2
  0
DIMSTYLE
105
81
330
4
100
AcDbSymbolTableRecord
100
AcDbDimStyleTableRecord
  2
EZ_M_5_H25_CM
 70
0
 40
1.0
 41
0.0125
 42
0.00625
 43
3.75
 44
0.018750000000000003
 45
0.0
 46
0.0
 47
0.0
 48
0.0
 49
2.5
140
0.0125
141
2.5
142
0.00625
143
0.03937007874
144
100.0
145
0.0
146
0.5
147
0.005000000000000001
148
0.0
 69
0
 70
0
 71
0
 72
0
 73
0
 74
0
 75
0
 76
0
 77
1
 78
12
 79
3
170
0
171
3
172
1
173
0
174
0
175
0
176
0
177
0
178
0
179
2
271
2
272
2
273
2
274
3
275
0
276
0
277
2
278
46
279
2
280
0
281
0
282
0
283
0
284
8
285
0
286
0
288
1
289
3
290
0
340
4C
371
-2
372
-2
  0
DIMSTYLE
105
82
330
4
100
AcDbSymbolTableRecord
100
AcDbDimStyleTableRecord
  2
EZ_M_1_H25_CM
 70
0
 40
1.0
 41
0.0025
 42
0.00125
 43
3.75
 44
0.00375
 45
0.0
 46
0.0
 47
0.0
 48
0.0
 49
2.5
140
0.0025
141
2.5
142
0.00125
143
0.03937007874
144
100.0
145
0.0
146
0.5
147
0.001
148
0.0
 69
0
 70
0
 71
0
 72
0
 73
0
 74
0
 75
0
 76
0
 77
1
 78
12
 79
3
170
0
171
3
172
1
173
0
174
0
175
0
176
0
177
0
178
0
179
2
271
2
272
2
273
2
274
3
275
0
276
0
277
2
278
46
279
2
280
0
281
0
282
0
283
0
284
8
285
0
286
0
288
1
289
3
290
0
340
4C
371
-2
372
-2
  0
DIMSTYLE
105
83
330
4
100
AcDbSymbolTableRecord
100
AcDbDimStyleTableRecord
  2
EZ_RADIUS
 70
0
 40
1.0
 41
0.25
 42
0.125
 43
3.75
 44
0.375
 45
0.0
 46
0.0
 47
0.0
 48
0.0
 49
2.5
140
0.25
141
0.0
142
0.0
143
0.03937007874
144
100.0
145
0.0
146
0.5
147
0.1
148
0.0
 69
0
 70
0
 71
0
 72
0
 73
0
 74
0
 75
0
 76
0
 77
1
 78
12
 79
3
170
0
171
3
172
0
173
0
174
0
175
0
176
0
177
0
178
0
179
2
271
2
272
2
273
2
274
3
275
0
276
0
277
2
278
46
279
1
280
0
281
0
282
0
283
0
284
8
285
0
286
0
288
1
289
3
290
0
340
4C
342
84
371
-2
372
-2
  0
DIMSTYLE
105
88
330
4
100
AcDbSymbolTableRecord
100
AcDbDimStyleTableRecord
  2
EZ_RADIUS_INSIDE
 70
0
 40
1.0
 41
0.25
 42
0.125
 43
3.75
 44
0.375
 45
0.0
 46
0.0
 47
0.0
 48
0.0
 49
2.5
140
0.25
141
0.0
142
0.0
143
0.03937007874
144
100.0
145
0.0
146
0.5
147
0.1
148
0.0
 69
0
 70
0
 71
0
 72
0
 73
0
 74
0
 75
0
 76
0
 77
0
 78
12
 79
3
170
0
171
3
172
0
173
0
174
1
175
0
176
0
177
0
178
0
179
2
271
2
272
2
273
2
274
3
275
0
276
0
277
2
278
46
279
0
280
0
281
0
282
0
283
0
284
8
285
0
286
0
288
1
289
0
290
0
340
4C
342
84
371
-2
372
-2
  0
DIMSTYLE
105
89
330
4
100
AcDbSymbolTableRecord
100
AcDbDimStyleTableRecord
  2
EZ_CURVED
 70
0
 40
1.0
 41
0.25
 42
0.125
 43
3.75
 44
0.375
 45
0.0
 46
0.0
 47
0.0
 48
0.0
 49
2.5
140
0.25
141
2.5
142
0.0
143
0.03937007874
144
100.0
145
0.0
146
0.5
147
0.1
148
0.0
 69
0
 70
0
 71
0
 72
0
 73
0
 74
0
 75
0
 76
0
 77
1
 78
12
 79
2
 90
2
170
0
171
3
172
1
173
0
174
0
175
0
176
0
177
0
178
0
179
2
271
2
272
2
273
2
274
3
275
0
276
0
277
2
278
46
279
2
280
0
281
0
282
0
283
0
284
8
285
0
286
0
288
1
289
3
290
0
340
4C
371
-2
372
-2
  0
ENDTAB
  0
TABLE
  2
BLOCK_RECORD
  5
9
330
0
100
AcDbSymbolTable
 70
5
  0
BLOCK_RECORD
  5
17
330
9
100
AcDbSymbolTableRecord
100
AcDbBlockTableRecord
  2
*Model_Space
340
1A
 70
0
280
1
281
0
  0
BLOCK_RECORD
  5
1B
330
9
100
AcDbSymbolTableRecord
100
AcDbBlockTableRecord
  2
*Paper_Space
340
1E
 70
0
280
1
281
0
  0
BLOCK_RECORD
  5
74
330
9
100
AcDbSymbolTableRecord
100
AcDbBlockTableRecord
  2
_ARCHTICK
340
0
 70
0
280
1
281
0
  0
BLOCK_RECORD
  5
78
330
9
100
AcDbSymbolTableRecord
100
AcDbBlockTableRecord
  2
_CLOSEDFILLED
340
0
 70
0
280
1
281
0
  0
BLOCK_RECORD
  5
84
330
9
100
AcDbSymbolTableRecord
100
AcDbBlockTableRecord
  2
_CLOSEDBLANK
340
0
 70
0
280
1
281
0
  0
ENDTAB
  0
ENDSEC
  0
SECTION
  2
BLOCKS
  0
BLOCK
  5
18
330
17
100
AcDbEntity
  8
0
100
AcDbBlockBegin
  2
*Model_Space
 70
0
 10
0.0
 20
0.0
 30
0.0
  3
*Model_Space
  1

  0
ENDBLK
  5
19
330
17
100
AcDbEntity
  8
0
100
AcDbBlockEnd
  0
BLOCK
  5
1C
330
1B
100
AcDbEntity
  8
0
100
AcDbBlockBegin
  2
*Paper_Space
 70
0
 10
0.0
 20
0.0
 30
0.0
  3
*Paper_Space
  1

  0
ENDBLK
  5
1D
330
1B
100
AcDbEntity
  8
0
100
AcDbBlockEnd
  0
BLOCK
  5
75
330
74
100
AcDbEntity
  8
0
100
AcDbBlockBegin
  2
_ARCHTICK
 70
0
 10
0.0
 20
0.0
 30
0.0
  3
_ARCHTICK
  1

  0
LWPOLYLINE
  5
77
330
74
100
AcDbEntity
  8
0
  6
BYBLOCK
 62
0
100
AcDbPolyline
 90
2
 70
0
 43
0.15
 10
-0.5
 20
-0.5
 10
0.5
 20
0.5
  0
ENDBLK
  5
76
330
74
100
AcDbEntity
  8
0
100
AcDbBlockEnd
  0
BLOCK
  5
79
330
78
100
AcDbEntity
  8
0
100
AcDbBlockBegin
  2
_CLOSEDFILLED
 70
0
 10
0.0
 20
0.0
 30
0.0
  3
_CLOSEDFILLED
  1

  0
SOLID
  5
7B
330
78
100
AcDbEntity
  8
0
  6
BYBLOCK
 62
0
100
AcDbTrace
 10
-1.0
 20
0.16439898372402537
 30
0.0
 11
0.0
 21
0.0
 31
0.0
 12
-1.0
 22
-0.16439898372402537
 32
0.0
 13
-1.0
 23
-0.16439898372402537
 33
0.0
  0
ENDBLK
  5
7A
330
78
100
AcDbEntity
  8
0
100
AcDbBlockEnd
  0
BLOCK
  5
85
330
84
100
AcDbEntity
  8
0
100
AcDbBlockBegin
  2
_CLOSEDBLANK
 70
0
 10
0.0
 20
0.0
 30
0.0
  3
_CLOSEDBLANK
  1

  0
LWPOLYLINE
  5
87
330
84
100
AcDbEntity
  8
0
  6
BYBLOCK
 62
0
100
AcDbPolyline
 90
3
 70
1
 10
-1.0
 20
0.16439898372402537
 10
0.0
 20
0.0
 10
-1.0
 20
-0.16439898372402537
  0
ENDBLK
  5
86
330
84
100
AcDbEntity
  8
0
100
AcDbBlockEnd
  0
ENDSEC
  0
SECTION
  2
ENTITIES
  0
LWPOLYLINE
  5
8C
330
17
100
AcDbEntity
  8
Narrow door casing B
100
AcDbPolyline
 90
5
 70
0
 10
11.496062992125985
 20
92.99212598425197
 10
13.503937007874015
 20
92.99212598425197
 10
13.503937007874015
 20
0.0
 10
11.496062992125985
 20
0.0
 10
11.496062992125985
 20
92.99212598425197
  0
LWPOLYLINE
  5
8D
330
17
100
AcDbEntity
  8
Narrow door casing B
100
AcDbPolyline
 90
5
 70
0
 10
7.480314960629921
 20
87.83464566929133
 10
11.496062992125985
 20
87.83464566929133
 10
11.496062992125985
 20
9.055118110236222
 10
7.480314960629921
 20
9.055118110236222
 10
7.480314960629921
 20
87.83464566929133
  0
LINE
  5
8E
330
17
100
AcDbEntity
  8
Narrow door casing B
100
AcDbLine
 10
7.982283464566929
 20
87.83464566929133
 30
0.0
 11
7.982283464566929
 21
9.05511811023622
 31
0.0
  0
LINE
  5
8F
330
17
100
AcDbEntity
  8
Narrow door casing B
100
AcDbLine
 10
8.484251968503937
 20
87.83464566929133
 30
0.0
 11
8.484251968503937
 21
9.05511811023622
 31
0.0
  0
LINE
  5
90
330
17
100
AcDbEntity
  8
Narrow door casing B
100
AcDbLine
 10
8.986220472440944
 20
87.83464566929133
 30
0.0
 11
8.986220472440944
 21
9.05511811023622
 31
0.0
  0
LINE
  5
91
330
17
100
AcDbEntity
  8
Narrow door casing B
100
AcDbLine
 10
9.488188976377952
 20
87.83464566929133
 30
0.0
 11
9.488188976377952
 21
9.05511811023622
 31
0.0
  0
LINE
  5
92
330
17
100
AcDbEntity
  8
Narrow door casing B
100
AcDbLine
 10
9.990157480314961
 20
87.83464566929133
 30
0.0
 11
9.990157480314961
 21
9.05511811023622
 31
0.0
  0
LINE
  5
93
330
17
100
AcDbEntity
  8
Narrow door casing B
100
AcDbLine
 10
10.492125984251969
 20
87.83464566929133
 30
0.0
 11
10.492125984251969
 21
9.05511811023622
 31
0.0
  0
LINE
  5
94
330
17
100
AcDbEntity
  8
Narrow door casing B
100
AcDbLine
 10
10.994094488188976
 20
87.83464566929133
 30
0.0
 11
10.994094488188976
 21
9.05511811023622
 31
0.0
  0
LWPOLYLINE
  5
95
330
17
100
AcDbEntity
  8
Narrow door casing B
100
AcDbPolyline
 90
5
 70
0
 10
7.480314960629921
 20
9.055118110236222
 10
13.503937007874015
 20
9.055118110236222
 10
13.503937007874015
 20
0.0
 10
7.480314960629921
 20
0.0
 10
7.480314960629921
 20
9.055118110236222
  0
LINE
  5
96
330
17
100
AcDbEntity
  8
Narrow door casing B
100
AcDbLine
 10
7.480314960629921
 20
8.503937007874015
 30
0.0
 11
13.503937007874015
 21
8.503937007874015
 31
0.0
  0
LINE
  5
97
330
17
100
AcDbEntity
  8
Narrow door casing B
100
AcDbLine
 10
7.480314960629921
 20
4.015748031496063
 30
0.0
 11
13.503937007874015
 21
4.015748031496063
 31
0.0
  0
LWPOLYLINE
  5
98
330
17
100
AcDbEntity
  8
Narrow door casing B
100
AcDbPolyline
 90
5
 70
0
 10
43.503937007874015
 20
92.99212598425197
 10
45.511811023622045
 20
92.99212598425197
 10
45.511811023622045
 20
0.0
 10
43.503937007874015
 20
0.0
 10
43.503937007874015
 20
92.99212598425197
  0
LWPOLYLINE
  5
99
330
17
100
AcDbEntity
  8
Narrow door casing B
100
AcDbPolyline
 90
5
 70
0
 10
45.511811023622045
 20
87.83464566929133
 10
49.527559055118104
 20
87.83464566929133
 10
49.527559055118104
 20
9.055118110236222
 10
45.511811023622045
 20
9.055118110236222
 10
45.511811023622045
 20
87.83464566929133
  0
LINE
  5
9A
330
17
100
AcDbEntity
  8
Narrow door casing B
100
AcDbLine
 10
46.01377952755905
 20
87.83464566929133
 30
0.0
 11
46.01377952755905
 21
9.05511811023622
 31
0.0
  0
LINE
  5
9B
330
17
100
AcDbEntity
  8
Narrow door casing B
100
AcDbLine
 10
46.51574803149606
 20
87.83464566929133
 30
0.0
 11
46.51574803149606
 21
9.05511811023622
 31
0.0
  0
LINE
  5
9C
330
17
100
AcDbEntity
  8
Narrow door casing B
100
AcDbLine
 10
47.01771653543307
 20
87.83464566929133
 30
0.0
 11
47.01771653543307
 21
9.05511811023622
 31
0.0
  0
LINE
  5
9D
330
17
100
AcDbEntity
  8
Narrow door casing B
100
AcDbLine
 10
47.51968503937008
 20
87.83464566929133
 30
0.0
 11
47.51968503937008
 21
9.05511811023622
 31
0.0
  0
LINE
  5
9E
330
17
100
AcDbEntity
  8
Narrow door casing B
100
AcDbLine
 10
48.02165354330709
 20
87.83464566929133
 30
0.0
 11
48.02165354330709
 21
9.05511811023622
 31
0.0
  0
LINE
  5
9F
330
17
100
AcDbEntity
  8
Narrow door casing B
100
AcDbLine
 10
48.523622047244096
 20
87.83464566929133
 30
0.0
 11
48.523622047244096
 21
9.05511811023622
 31
0.0
  0
LINE
  5
A0
330
17
100
AcDbEntity
  8
Narrow door casing B
100
AcDbLine
 10
49.025590551181104
 20
87.83464566929133
 30
0.0
 11
49.025590551181104
 21
9.05511811023622
 31
0.0
  0
LWPOLYLINE
  5
A1
330
17
100
AcDbEntity
  8
Narrow door casing B
100
AcDbPolyline
 90
5
 70
0
 10
43.503937007874015
 20
9.055118110236222
 10
49.527559055118104
 20
9.055118110236222
 10
49.527559055118104
 20
0.0
 10
43.503937007874015
 20
0.0
 10
43.503937007874015
 20
9.055118110236222
  0
LINE
  5
A2
330
17
100
AcDbEntity
  8
Narrow door casing B
100
AcDbLine
 10
43.503937007874015
 20
8.503937007874015
 30
0.0
 11
49.52755905511811
 21
8.503937007874015
 31
0.0
  0
LINE
  5
A3
330
17
100
AcDbEntity
  8
Narrow door casing B
100
AcDbLine
 10
43.503937007874015
 20
4.015748031496063
 30
0.0
 11
49.52755905511811
 21
4.015748031496063
 31
0.0
  0
LWPOLYLINE
  5
A4
330
17
100
AcDbEntity
  8
Narrow door casing B
100
AcDbPolyline
 90
5
 70
0
 10
13.503937007874015
 20
90.98425196850394
 10
43.503937007874015
 20
90.98425196850394
 10
43.503937007874015
 20
0.0
 10
13.503937007874015
 20
0.0
 10
13.503937007874015
 20
90.98425196850394
  0
LWPOLYLINE
  5
A5
330
17
100
AcDbEntity
  8
Narrow door casing B
100
AcDbPolyline
 90
5
 70
0
 10
13.503937007874015
 20
90.98425196850394
 10
43.503937007874015
 20
90.98425196850394
 10
43.503937007874015
 20
0.0
 10
13.503937007874015
 20
0.0
 10
13.503937007874015
 20
90.98425196850394
  0
LINE
  5
A6
330
17
100
AcDbEntity
  8
Narrow door casing B
100
AcDbLine
 10
17.440944881889763
 20
87.04724409448819
 30
0.0
 11
39.56692913385827
 21
87.04724409448819
 31
0.0
  0
LINE
  5
A7
330
17
100
AcDbEntity
  8
Narrow door casing B
100
AcDbLine
 10
17.440944881889763
 20
11.614173228346457
 30
0.0
 11
39.56692913385827
 21
11.614173228346457
 31
0.0
  0
LINE
  5
A8
330
17
100
AcDbEntity
  8
Narrow door casing B
100
AcDbLine
 10
17.440944881889763
 20
42.79527559055118
 30
0.0
 11
17.440944881889763
 21
33.74015748031496
 31
0.0
  0
LINE
  5
A9
330
17
100
AcDbEntity
  8
Narrow door casing B
100
AcDbLine
 10
39.56692913385827
 20
42.79527559055118
 30
0.0
 11
39.56692913385827
 21
33.74015748031496
 31
0.0
  0
LINE
  5
AA
330
17
100
AcDbEntity
  8
Narrow door casing B
100
AcDbLine
 10
17.440944881889763
 20
90.98425196850394
 30
0.0
 11
17.440944881889763
 21
87.04724409448819
 31
0.0
  0
LINE
  5
AB
330
17
100
AcDbEntity
  8
Narrow door casing B
100
AcDbLine
 10
39.56692913385827
 20
90.98425196850394
 30
0.0
 11
39.56692913385827
 21
87.04724409448819
 31
0.0
  0
LINE
  5
AC
330
17
100
AcDbEntity
  8
Narrow door casing B
100
AcDbLine
 10
17.440944881889763
 20
11.614173228346457
 30
0.0
 11
17.440944881889763
 21
0.0
 31
0.0
  0
LINE
  5
AD
330
17
100
AcDbEntity
  8
Narrow door casing B
100
AcDbLine
 10
39.56692913385827
 20
11.614173228346457
 30
0.0
 11
39.56692913385827
 21
0.0
 31
0.0
  0
LWPOLYLINE
  5
AE
330
17
100
AcDbEntity
  8
Narrow door casing B
100
AcDbPolyline
 90
5
 70
0
 10
17.440944881889763
 20
87.04724409448818
 10
39.56692913385827
 20
87.04724409448818
 10
39.56692913385827
 20
42.79527559055118
 10
17.440944881889763
 20
42.79527559055118
 10
17.440944881889763
 20
87.04724409448818
  0
LWPOLYLINE
  5
AF
330
17
100
AcDbEntity
  8
Narrow door casing B
100
AcDbPolyline
 90
5
 70
0
 10
18.228346456692915
 20
86.25984251968504
 10
38.77952755905512
 20
86.25984251968504
 10
38.77952755905512
 20
43.582677165354326
 10
18.228346456692915
 20
43.582677165354326
 10
18.228346456692915
 20
86.25984251968504
  0
LINE
  5
B0
330
17
100
AcDbEntity
  8
Narrow door casing B
100
AcDbLine
 10
17.440944881889763
 20
87.04724409448819
 30
0.0
 11
18.228346456692915
 21
86.25984251968504
 31
0.0
  0
LINE
  5
B1
330
17
100
AcDbEntity
  8
Narrow door casing B
100
AcDbLine
 10
39.56692913385827
 20
87.04724409448819
 30
0.0
 11
38.77952755905512
 21
86.25984251968504
 31
0.0
  0
LINE
  5
B2
330
17
100
AcDbEntity
  8
Narrow door casing B
100
AcDbLine
 10
17.440944881889763
 20
42.79527559055118
 30
0.0
 11
18.228346456692915
 21
43.58267716535433
 31
0.0
  0
LINE
  5
B3
330
17
100
AcDbEntity
  8
Narrow door casing B
100
AcDbLine
 10
39.56692913385827
 20
42.79527559055118
 30
0.0
 11
38.77952755905512
 21
43.58267716535433
 31
0.0
  0
POLYLINE
  5
B4
330
17
100
AcDbEntity
  8
Narrow door casing B
100
AcDb2dPolyline
 66
1
 10
0.0
 20
0.0
 30
0.0
 70
0
  0
VERTEX
  5
B5
330
B4
100
AcDbEntity
  8
Narrow door casing B
100
AcDbVertex
100
AcDb2dVertex
 10
19.409448818897637
 20
47.44094488188976
 30
0.0
 70
0
  0
VERTEX
  5
B6
330
B4
100
AcDbEntity
  8
Narrow door casing B
100
AcDbVertex
100
AcDb2dVertex
 10
19.409448818897637
 20
82.4015748031496
 30
0.0
 70
0
  0
SEQEND
  5
B7
330
B4
100
AcDbEntity
  8
Narrow door casing B
  0
SPLINE
  5
B8
330
17
100
AcDbEntity
  8
Narrow door casing B
100
AcDbSpline
 70
0
 71
3
 72
14
 73
10
 74
0
 40
0.0
 40
0.0
 40
0.0
 40
0.0
 40
1.0
 40
1.0
 40
1.0
 40
2.0
 40
2.0
 40
2.0
 40
3.0
 40
3.0
 40
3.0
 40
3.0
 10
19.409448818897637
 20
82.4015748031496
 30
0.0
 10
19.616760151704785
 20
82.4015748031496
 30
0.0
 10
19.820463119296598
 20
82.45615684881164
 30
0.0
 10
20.0
 20
82.55981251521523
 30
0.0
 10
20.179536880703402
 20
82.66346818161881
 30
0.0
 10
20.328657802633163
 20
82.81258910354856
 30
0.0
 10
20.43231346903674
 20
82.99212598425197
 30
0.0
 10
20.535969135440315
 20
83.17166286495537
 30
0.0
 10
20.590551181102363
 20
83.37536583254719
 30
0.0
 10
20.590551181102363
 20
83.58267716535433
 30
0.0
  0
SPLINE
  5
B9
330
17
100
AcDbEntity
  8
Narrow door casing B
100
AcDbSpline
 70
0
 71
3
 72
11
 73
7
 74
0
 40
0.0
 40
0.0
 40
0.0
 40
0.0
 40
1.0
 40
1.0
 40
1.0
 40
2.0
 40
2.0
 40
2.0
 40
2.0
 10
20.590551181102363
 20
83.58267716535433
 30
0.0
 10
24.54724409448819
 20
83.58267716535433
 30
0.0
 10
23.597637795275592
 20
85.07874015748031
 30
0.0
 10
28.503937007874015
 20
85.07874015748031
 30
0.0
 10
33.41023622047244
 20
85.07874015748031
 30
0.0
 10
32.460629921259844
 20
83.58267716535433
 30
0.0
 10
36.41732283464567
 20
83.58267716535433
 30
0.0
  0
SPLINE
  5
BA
330
17
100
AcDbEntity
  8
Narrow door casing B
100
AcDbSpline
 70
0
 71
3
 72
14
 73
10
 74
0
 40
0.0
 40
0.0
 40
0.0
 40
0.0
 40
1.0
 40
1.0
 40
1.0
 40
2.0
 40
2.0
 40
2.0
 40
3.0
 40
3.0
 40
3.0
 40
3.0
 10
36.41732283464567
 20
83.58267716535433
 30
0.0
 10
36.41732283464567
 20
83.37536583254719
 30
0.0
 10
36.47190488030772
 20
83.17166286495537
 30
0.0
 10
36.575560546711294
 20
82.99212598425197
 30
0.0
 10
36.67921621311486
 20
82.81258910354856
 30
0.0
 10
36.82833713504463
 20
82.66346818161881
 30
0.0
 10
37.00787401574803
 20
82.55981251521523
 30
0.0
 10
37.18741089645143
 20
82.45615684881164
 30
0.0
 10
37.39111386404325
 20
82.4015748031496
 30
0.0
 10
37.59842519685039
 20
82.4015748031496
 30
0.0
  0
POLYLINE
  5
BB
330
17
100
AcDbEntity
  8
Narrow door casing B
100
AcDb2dPolyline
 66
1
 10
0.0
 20
0.0
 30
0.0
 70
0
  0
VERTEX
  5
BC
330
BB
100
AcDbEntity
  8
Narrow door casing B
100
AcDbVertex
100
AcDb2dVertex
 10
37.59842519685039
 20
82.4015748031496
 30
0.0
 70
0
  0
VERTEX
  5
BD
330
BB
100
AcDbEntity
  8
Narrow door casing B
100
AcDbVertex
100
AcDb2dVertex
 10
37.59842519685039
 20
47.44094488188976
 30
0.0
 70
0
  0
SEQEND
  5
BE
330
BB
100
AcDbEntity
  8
Narrow door casing B
  0
SPLINE
  5
BF
330
17
100
AcDbEntity
  8
Narrow door casing B
100
AcDbSpline
 70
0
 71
3
 72
14
 73
10
 74
0
 40
0.0
 40
0.0
 40
0.0
 40
0.0
 40
1.0
 40
1.0
 40
1.0
 40
2.0
 40
2.0
 40
2.0
 40
3.0
 40
3.0
 40
3.0
 40
3.0
 10
37.59842519685039
 20
47.44094488188976
 30
0.0
 10
37.39111386404325
 20
47.44094488188976
 30
0.0
 10
37.18741089645143
 20
47.38636283622772
 30
0.0
 10
37.00787401574803
 20
47.28270716982414
 30
0.0
 10
36.82833713504463
 20
47.17905150342057
 30
0.0
 10
36.67921621311486
 20
47.0299305814908
 30
0.0
 10
36.575560546711294
 20
46.8503937007874
 30
0.0
 10
36.47190488030772
 20
46.670856820084
 30
0.0
 10
36.41732283464567
 20
46.46715385249219
 30
0.0
 10
36.41732283464567
 20
46.25984251968504
 30
0.0
  0
SPLINE
  5
C0
330
17
100
AcDbEntity
  8
Narrow door casing B
100
AcDbSpline
 70
0
 71
3
 72
11
 73
7
 74
0
 40
0.0
 40
0.0
 40
0.0
 40
0.0
 40
1.0
 40
1.0
 40
1.0
 40
2.0
 40
2.0
 40
2.0
 40
2.0
 10
36.41732283464567
 20
46.25984251968504
 30
0.0
 10
32.460629921259844
 20
46.25984251968504
 30
0.0
 10
33.41023622047244
 20
44.76377952755905
 30
0.0
 10
28.503937007874015
 20
44.76377952755905
 30
0.0
 10
23.597637795275592
 20
44.76377952755905
 30
0.0
 10
24.54724409448819
 20
46.25984251968504
 30
0.0
 10
20.590551181102363
 20
46.25984251968504
 30
0.0
  0
SPLINE
  5
C1
330
17
100
AcDbEntity
  8
Narrow door casing B
100
AcDbSpline
 70
0
 71
3
 72
14
 73
10
 74
0
 40
0.0
 40
0.0
 40
0.0
 40
0.0
 40
1.0
 40
1.0
 40
1.0
 40
2.0
 40
2.0
 40
2.0
 40
3.0
 40
3.0
 40
3.0
 40
3.0
 10
20.590551181102363
 20
46.25984251968504
 30
0.0
 10
20.590551181102363
 20
46.46715385249219
 30
0.0
 10
20.53596913544031
 20
46.670856820084
 30
0.0
 10
20.43231346903674
 20
46.8503937007874
 30
0.0
 10
20.328657802633167
 20
47.0299305814908
 30
0.0
 10
20.179536880703402
 20
47.17905150342056
 30
0.0
 10
20.0
 20
47.282707169824135
 30
0.0
 10
19.820463119296598
 20
47.38636283622771
 30
0.0
 10
19.616760151704785
 20
47.44094488188976
 30
0.0
 10
19.409448818897637
 20
47.44094488188976
 30
0.0
  0
CIRCLE
  5
C2
330
17
100
AcDbEntity
  8
Narrow door casing B
100
AcDbCircle
 10
19.52755905511811
 20
83.7007874015748
 30
0.0
 40
0.5118110236220472
  0
CIRCLE
  5
C3
330
17
100
AcDbEntity
  8
Narrow door casing B
100
AcDbCircle
 10
19.52755905511811
 20
83.7007874015748
 30
0.0
 40
0.2047244094488189
  0
CIRCLE
  5
C4
330
17
100
AcDbEntity
  8
Narrow door casing B
100
AcDbCircle
 10
37.48031496062992
 20
83.7007874015748
 30
0.0
 40
0.5118110236220472
  0
CIRCLE
  5
C5
330
17
100
AcDbEntity
  8
Narrow door casing B
100
AcDbCircle
 10
37.48031496062992
 20
83.7007874015748
 30
0.0
 40
0.2047244094488189
  0
CIRCLE
  5
C6
330
17
100
AcDbEntity
  8
Narrow door casing B
100
AcDbCircle
 10
19.52755905511811
 20
46.14173228346456
 30
0.0
 40
0.5118110236220472
  0
CIRCLE
  5
C7
330
17
100
AcDbEntity
  8
Narrow door casing B
100
AcDbCircle
 10
19.52755905511811
 20
46.14173228346456
 30
0.0
 40
0.2047244094488189
  0
CIRCLE
  5
C8
330
17
100
AcDbEntity
  8
Narrow door casing B
100
AcDbCircle
 10
37.48031496062992
 20
46.14173228346456
 30
0.0
 40
0.5118110236220472
  0
CIRCLE
  5
C9
330
17
100
AcDbEntity
  8
Narrow door casing B
100
AcDbCircle
 10
37.48031496062992
 20
46.14173228346456
 30
0.0
 40
0.2047244094488189
  0
LWPOLYLINE
  5
CA
330
17
100
AcDbEntity
  8
Narrow door casing B
100
AcDbPolyline
 90
5
 70
0
 10
17.440944881889763
 20
33.74015748031496
 10
39.56692913385827
 20
33.74015748031496
 10
39.56692913385827
 20
11.61417322834646
 10
17.440944881889763
 20
11.61417322834646
 10
17.440944881889763
 20
33.74015748031496
  0
LWPOLYLINE
  5
CB
330
17
100
AcDbEntity
  8
Narrow door casing B
100
AcDbPolyline
 90
5
 70
0
 10
18.228346456692915
 20
32.95275590551181
 10
38.77952755905512
 20
32.95275590551181
 10
38.77952755905512
 20
12.4015748031496
 10
18.228346456692915
 20
12.4015748031496
 10
18.228346456692915
 20
32.95275590551181
  0
LINE
  5
CC
330
17
100
AcDbEntity
  8
Narrow door casing B
100
AcDbLine
 10
17.440944881889763
 20
33.74015748031496
 30
0.0
 11
18.228346456692915
 21
32.95275590551181
 31
0.0
  0
LINE
  5
CD
330
17
100
AcDbEntity
  8
Narrow door casing B
100
AcDbLine
 10
39.56692913385827
 20
33.74015748031496
 30
0.0
 11
38.77952755905512
 21
32.95275590551181
 31
0.0
  0
LINE
  5
CE
330
17
100
AcDbEntity
  8
Narrow door casing B
100
AcDbLine
 10
17.440944881889763
 20
11.614173228346457
 30
0.0
 11
18.228346456692915
 21
12.401574803149606
 31
0.0
  0
LINE
  5
CF
330
17
100
AcDbEntity
  8
Narrow door casing B
100
AcDbLine
 10
39.56692913385827
 20
11.614173228346457
 30
0.0
 11
38.77952755905512
 21
12.401574803149606
 31
0.0
  0
POLYLINE
  5
D0
330
17
100
AcDbEntity
  8
Narrow door casing B
100
AcDb2dPolyline
 66
1
 10
0.0
 20
0.0
 30
0.0
 70
0
  0
VERTEX
  5
D1
330
D0
100
AcDbEntity
  8
Narrow door casing B
100
AcDbVertex
100
AcDb2dVertex
 10
19.409448818897637
 20
16.259842519685037
 30
0.0
 70
0
  0
VERTEX
  5
D2
330
D0
100
AcDbEntity
  8
Narrow door casing B
100
AcDbVertex
100
AcDb2dVertex
 10
19.409448818897637
 20
29.09448818897637
 30
0.0
 70
0
  0
SEQEND
  5
D3
330
D0
100
AcDbEntity
  8
Narrow door casing B
  0
SPLINE
  5
D4
330
17
100
AcDbEntity
  8
Narrow door casing B
100
AcDbSpline
 70
0
 71
3
 72
14
 73
10
 74
0
 40
0.0
 40
0.0
 40
0.0
 40
0.0
 40
1.0
 40
1.0
 40
1.0
 40
2.0
 40
2.0
 40
2.0
 40
3.0
 40
3.0
 40
3.0
 40
3.0
 10
19.409448818897637
 20
29.09448818897637
 30
0.0
 10
19.616760151704785
 20
29.09448818897637
 30
0.0
 10
19.820463119296598
 20
29.149070234638415
 30
0.0
 10
20.0
 20
29.252725901041998
 30
0.0
 10
20.179536880703402
 20
29.356381567445567
 30
0.0
 10
20.328657802633163
 20
29.50550248937533
 30
0.0
 10
20.43231346903674
 20
29.68503937007874
 30
0.0
 10
20.535969135440315
 20
29.864576250782136
 30
0.0
 10
20.590551181102363
 20
30.068279218373945
 30
0.0
 10
20.590551181102363
 20
30.275590551181097
 30
0.0
  0
SPLINE
  5
D5
330
17
100
AcDbEntity
  8
Narrow door casing B
100
AcDbSpline
 70
0
 71
3
 72
11
 73
7
 74
0
 40
0.0
 40
0.0
 40
0.0
 40
0.0
 40
1.0
 40
1.0
 40
1.0
 40
2.0
 40
2.0
 40
2.0
 40
2.0
 10
20.590551181102363
 20
30.275590551181097
 30
0.0
 10
24.54724409448819
 20
30.275590551181097
 30
0.0
 10
23.597637795275592
 20
31.77165354330708
 30
0.0
 10
28.503937007874015
 20
31.77165354330708
 30
0.0
 10
33.41023622047244
 20
31.77165354330708
 30
0.0
 10
32.460629921259844
 20
30.275590551181097
 30
0.0
 10
36.41732283464567
 20
30.275590551181097
 30
0.0
  0
SPLINE
  5
D6
330
17
100
AcDbEntity
  8
Narrow door casing B
100
AcDbSpline
 70
0
 71
3
 72
14
 73
10
 74
0
 40
0.0
 40
0.0
 40
0.0
 40
0.0
 40
1.0
 40
1.0
 40
1.0
 40
2.0
 40
2.0
 40
2.0
 40
3.0
 40
3.0
 40
3.0
 40
3.0
 10
36.41732283464567
 20
30.275590551181097
 30
0.0
 10
36.41732283464567
 20
30.068279218373945
 30
0.0
 10
36.47190488030772
 20
29.864576250782136
 30
0.0
 10
36.575560546711294
 20
29.68503937007874
 30
0.0
 10
36.67921621311486
 20
29.50550248937533
 30
0.0
 10
36.82833713504463
 20
29.35638156744558
 30
0.0
 10
37.00787401574803
 20
29.252725901041998
 30
0.0
 10
37.18741089645143
 20
29.14907023463843
 30
0.0
 10
37.39111386404325
 20
29.09448818897637
 30
0.0
 10
37.59842519685039
 20
29.09448818897637
 30
0.0
  0
POLYLINE
  5
D7
330
17
100
AcDbEntity
  8
Narrow door casing B
100
AcDb2dPolyline
 66
1
 10
0.0
 20
0.0
 30
0.0
 70
0
  0
VERTEX
  5
D8
330
D7
100
AcDbEntity
  8
Narrow door casing B
100
AcDbVertex
100
AcDb2dVertex
 10
37.59842519685039
 20
29.09448818897637
 30
0.0
 70
0
  0
VERTEX
  5
D9
330
D7
100
AcDbEntity
  8
Narrow door casing B
100
AcDbVertex
100
AcDb2dVertex
 10
37.59842519685039
 20
16.259842519685037
 30
0.0
 70
0
  0
SEQEND
  5
DA
330
D7
100
AcDbEntity
  8
Narrow door casing B
  0
SPLINE
  5
DB
330
17
100
AcDbEntity
  8
Narrow door casing B
100
AcDbSpline
 70
0
 71
3
 72
14
 73
10
 74
0
 40
0.0
 40
0.0
 40
0.0
 40
0.0
 40
1.0
 40
1.0
 40
1.0
 40
2.0
 40
2.0
 40
2.0
 40
3.0
 40
3.0
 40
3.0
 40
3.0
 10
37.59842519685039
 20
16.259842519685037
 30
0.0
 10
37.39111386404325
 20
16.259842519685037
 30
0.0
 10
37.18741089645143
 20
16.205260474022978
 30
0.0
 10
37.00787401574803
 20
16.101604807619424
 30
0.0
 10
36.82833713504463
 20
15.997949141215855
 30
0.0
 10
36.67921621311486
 20
15.848828219286062
 30
0.0
 10
36.575560546711294
 20
15.669291338582681
 30
0.0
 10
36.47190488030772
 20
15.489754457879286
 30
0.0
 10
36.41732283464567
 20
15.286051490287463
 30
0.0
 10
36.41732283464567
 20
15.078740157480311
 30
0.0
  0
SPLINE
  5
DC
330
17
100
AcDbEntity
  8
Narrow door casing B
100
AcDbSpline
 70
0
 71
3
 72
11
 73
7
 74
0
 40
0.0
 40
0.0
 40
0.0
 40
0.0
 40
1.0
 40
1.0
 40
1.0
 40
2.0
 40
2.0
 40
2.0
 40
2.0
 10
36.41732283464567
 20
15.078740157480311
 30
0.0
 10
32.460629921259844
 20
15.078740157480311
 30
0.0
 10
33.41023622047244
 20
13.582677165354326
 30
0.0
 10
28.503937007874015
 20
13.582677165354326
 30
0.0
 10
23.597637795275592
 20
13.582677165354326
 30
0.0
 10
24.54724409448819
 20
15.078740157480311
 30
0.0
 10
20.590551181102363
 20
15.078740157480311
 30
0.0
  0
SPLINE
  5
DD
330
17
100
AcDbEntity
  8
Narrow door casing B
100
AcDbSpline
 70
0
 71
3
 72
14
 73
10
 74
0
 40
0.0
 40
0.0
 40
0.0
 40
0.0
 40
1.0
 40
1.0
 40
1.0
 40
2.0
 40
2.0
 40
2.0
 40
3.0
 40
3.0
 40
3.0
 40
3.0
 10
20.590551181102363
 20
15.078740157480311
 30
0.0
 10
20.590551181102363
 20
15.286051490287463
 30
0.0
 10
20.53596913544031
 20
15.489754457879286
 30
0.0
 10
20.43231346903674
 20
15.669291338582681
 30
0.0
 10
20.328657802633167
 20
15.848828219286062
 30
0.0
 10
20.179536880703402
 20
15.997949141215855
 30
0.0
 10
20.0
 20
16.101604807619424
 30
0.0
 10
19.820463119296598
 20
16.205260474022978
 30
0.0
 10
19.616760151704785
 20
16.259842519685037
 30
0.0
 10
19.409448818897637
 20
16.259842519685037
 30
0.0
  0
CIRCLE
  5
DE
330
17
100
AcDbEntity
  8
Narrow door casing B
100
AcDbCircle
 10
19.52755905511811
 20
30.393700787401574
 30
0.0
 40
0.5118110236220472
  0
CIRCLE
  5
DF
330
17
100
AcDbEntity
  8
Narrow door casing B
100
AcDbCircle
 10
19.52755905511811
 20
30.393700787401574
 30
0.0
 40
0.2047244094488189
  0
CIRCLE
  5
E0
330
17
100
AcDbEntity
  8
Narrow door casing B
100
AcDbCircle
 10
37.48031496062992
 20
30.393700787401574
 30
0.0
 40
0.5118110236220472
  0
CIRCLE
  5
E1
330
17
100
AcDbEntity
  8
Narrow door casing B
100
AcDbCircle
 10
37.48031496062992
 20
30.393700787401574
 30
0.0
 40
0.2047244094488189
  0
CIRCLE
  5
E2
330
17
100
AcDbEntity
  8
Narrow door casing B
100
AcDbCircle
 10
19.52755905511811
 20
14.960629921259843
 30
0.0
 40
0.5118110236220472
  0
CIRCLE
  5
E3
330
17
100
AcDbEntity
  8
Narrow door casing B
100
AcDbCircle
 10
19.52755905511811
 20
14.960629921259843
 30
0.0
 40
0.2047244094488189
  0
CIRCLE
  5
E4
330
17
100
AcDbEntity
  8
Narrow door casing B
100
AcDbCircle
 10
37.48031496062992
 20
14.960629921259843
 30
0.0
 40
0.5118110236220472
  0
CIRCLE
  5
E5
330
17
100
AcDbEntity
  8
Narrow door casing B
100
AcDbCircle
 10
37.48031496062992
 20
14.960629921259843
 30
0.0
 40
0.2047244094488189
  0
CIRCLE
  5
E6
330
17
100
AcDbEntity
  8
Narrow door casing B
100
AcDbCircle
 10
18.62204724409449
 20
38.26771653543307
 30
0.0
 40
1.0826771653543308
  0
CIRCLE
  5
E7
330
17
100
AcDbEntity
  8
Narrow door casing B
100
AcDbCircle
 10
18.62204724409449
 20
38.26771653543307
 30
0.0
 40
0.6889763779527559
  0
CIRCLE
  5
E8
330
17
100
AcDbEntity
  8
Narrow door casing B
100
AcDbCircle
 10
15.15748031496063
 20
38.26771653543307
 30
0.0
 40
0.6692913385826772
  0
SPLINE
  5
E9
330
17
100
AcDbEntity
  8
Narrow door casing B
100
AcDbSpline
 70
0
 71
3
 72
35
 73
31
 74
0
 40
0.0
 40
0.0
 40
0.0
 40
0.0
 40
1.0
 40
1.0
 40
1.0
 40
2.0
 40
2.0
 40
2.0
 40
3.0
 40
3.0
 40
3.0
 40
4.0
 40
4.0
 40
4.0
 40
5.0
 40
5.0
 40
5.0
 40
6.0
 40
6.0
 40
6.0
 40
7.0
 40
7.0
 40
7.0
 40
8.0
 40
8.0
 40
8.0
 40
9.0
 40
9.0
 40
9.0
 40
10.0
 40
10.0
 40
10.0
 40
10.0
 10
15.039370078740157
 20
38.30708661417323
 30
0.0
 10
15.018035037419684
 20
38.32616925525136
 30
0.0
 10
15.001639093246094
 20
38.35014120101715
 30
0.0
 10
14.99159055944611
 20
38.376943405164084
 30
0.0
 10
14.981542025646124
 20
38.40374560931102
 30
0.0
 10
14.978137085255248
 20
38.432588070199
 30
0.0
 10
14.98166820222297
 20
38.460993393496295
 30
0.0
 10
14.985199319190691
 20
38.48939871679359
 30
0.0
 10
14.995562412965258
 20
38.516529648524
 30
0.0
 10
15.011867355971344
 20
38.54005580444101
 30
0.0
 10
15.02817229897743
 20
38.563581960358036
 30
0.0
 10
15.049938498960538
 20
38.582809901158754
 30
0.0
 10
15.075296369942151
 20
38.596088062098545
 30
0.0
 10
15.100654240923763
 20
38.60936622303835
 30
0.0
 10
15.128856353343426
 20
38.616303227017696
 30
0.0
 10
15.157480314960633
 20
38.616303227017696
 30
0.0
 10
15.186104276577842
 20
38.616303227017696
 30
0.0
 10
15.214306388997505
 20
38.60936622303835
 30
0.0
 10
15.239664259979119
 20
38.596088062098545
 30
0.0
 10
15.26502213096073
 20
38.582809901158754
 30
0.0
 10
15.286788330943837
 20
38.56358196035802
 30
0.0
 10
15.303093273949923
 20
38.54005580444101
 30
0.0
 10
15.319398216956007
 20
38.516529648524
 30
0.0
 10
15.329761310730571
 20
38.48939871679359
 30
0.0
 10
15.333292427698291
 20
38.460993393496295
 30
0.0
 10
15.33682354466601
 20
38.43258807019899
 30
0.0
 10
15.333418604275133
 20
38.403745609311
 30
0.0
 10
15.323370070475146
 20
38.37694340516407
 30
0.0
 10
15.31332153667516
 20
38.35014120101714
 30
0.0
 10
15.296925592501577
 20
38.32616925525136
 30
0.0
 10
15.275590551181102
 20
38.30708661417323
 30
0.0
  0
POLYLINE
  5
EA
330
17
100
AcDbEntity
  8
Narrow door casing B
100
AcDb2dPolyline
 66
1
 10
0.0
 20
0.0
 30
0.0
 70
0
  0
VERTEX
  5
EB
330
EA
100
AcDbEntity
  8
Narrow door casing B
100
AcDbVertex
100
AcDb2dVertex
 10
15.275590551181102
 20
38.30708661417323
 30
0.0
 70
0
  0
VERTEX
  5
EC
330
EA
100
AcDbEntity
  8
Narrow door casing B
100
AcDbVertex
100
AcDb2dVertex
 10
15.334645669291339
 20
37.874015748031496
 30
0.0
 70
0
  0
VERTEX
  5
ED
330
EA
100
AcDbEntity
  8
Narrow door casing B
100
AcDbVertex
100
AcDb2dVertex
 10
14.980314960629922
 20
37.874015748031496
 30
0.0
 70
0
  0
VERTEX
  5
EE
330
EA
100
AcDbEntity
  8
Narrow door casing B
100
AcDbVertex
100
AcDb2dVertex
 10
15.039370078740157
 20
38.30708661417323
 30
0.0
 70
0
  0
SEQEND
  5
EF
330
EA
100
AcDbEntity
  8
Narrow door casing B
  0
LWPOLYLINE
  5
F0
330
17
100
AcDbEntity
  8
Narrow door casing B
100
AcDbPolyline
 90
5
 70
0
 10
11.496062992125985
 20
92.99212598425197
 10
45.511811023622045
 20
92.99212598425197
 10
45.511811023622045
 20
90.98425196850394
 10
11.496062992125985
 20
90.98425196850394
 10
11.496062992125985
 20
92.99212598425197
  0
LWPOLYLINE
  5
F1
330
17
100
AcDbEntity
  8
Narrow door casing B
100
AcDbPolyline
 90
5
 70
0
 10
11.496062992125985
 20
94.96062992125984
 10
45.511811023622045
 20
94.96062992125984
 10
45.511811023622045
 20
92.99212598425197
 10
11.496062992125985
 20
92.99212598425197
 10
11.496062992125985
 20
94.96062992125984
  0
LINE
  5
F2
330
17
100
AcDbEntity
  8
Narrow door casing B
100
AcDbLine
 10
11.496062992125983
 20
93.66141732283464
 30
0.0
 11
45.511811023622045
 21
93.66141732283464
 31
0.0
  0
LINE
  5
F3
330
17
100
AcDbEntity
  8
Narrow door casing B
100
AcDbLine
 10
11.496062992125983
 20
94.33070866141732
 30
0.0
 11
45.511811023622045
 21
94.33070866141732
 31
0.0
  0
LWPOLYLINE
  5
F4
330
17
100
AcDbEntity
  8
Narrow door casing B
100
AcDbPolyline
 90
5
 70
0
 10
11.496062992125985
 20
96.45669291338582
 10
45.511811023622045
 20
96.45669291338582
 10
45.511811023622045
 20
94.96062992125984
 10
11.496062992125985
 20
94.96062992125984
 10
11.496062992125985
 20
96.45669291338582
  0
SPLINE
  5
F5
330
17
100
AcDbEntity
  8
Narrow door casing B
100
AcDbSpline
 70
0
 71
3
 72
23
 73
19
 74
0
 40
0.0
 40
0.0
 40
0.0
 40
0.0
 40
1.0
 40
1.0
 40
1.0
 40
2.0
 40
2.0
 40
2.0
 40
3.0
 40
3.0
 40
3.0
 40
4.0
 40
4.0
 40
4.0
 40
5.0
 40
5.0
 40
5.0
 40
6.0
 40
6.0
 40
6.0
 40
6.0
 10
11.496062992125985
 20
94.96062992125984
 30
0.0
 10
11.496062992125985
 20
94.84121859356293
 30
0.0
 10
11.527502250427325
 20
94.72388568423004
 30
0.0
 10
11.587207914275783
 20
94.62047244094488
 30
0.0
 10
11.646913578124241
 20
94.51705919765972
 30
0.0
 10
11.732807229155787
 20
94.43116554662818
 30
0.0
 10
11.836220472440946
 20
94.37145988277972
 30
0.0
 10
11.939633715726103
 20
94.31175421893126
 30
0.0
 10
12.056966625058989
 20
94.28031496062992
 30
0.0
 10
12.176377952755907
 20
94.28031496062992
 30
0.0
 10
12.295789280452823
 20
94.28031496062992
 30
0.0
 10
12.413122189785707
 20
94.31175421893126
 30
0.0
 10
12.516535433070866
 20
94.37145988277972
 30
0.0
 10
12.619948676356024
 20
94.43116554662818
 30
0.0
 10
12.705842327387568
 20
94.51705919765972
 30
0.0
 10
12.765547991236026
 20
94.62047244094488
 30
0.0
 10
12.825253655084484
 20
94.72388568423004
 30
0.0
 10
12.856692913385828
 20
94.84121859356293
 30
0.0
 10
12.856692913385828
 20
94.96062992125984
 30
0.0
  0
SPLINE
  5
F6
330
17
100
AcDbEntity
  8
Narrow door casing B
100
AcDbSpline
 70
0
 71
3
 72
23
 73
19
 74
0
 40
0.0
 40
0.0
 40
0.0
 40
0.0
 40
1.0
 40
1.0
 40
1.0
 40
2.0
 40
2.0
 40
2.0
 40
3.0
 40
3.0
 40
3.0
 40
4.0
 40
4.0
 40
4.0
 40
5.0
 40
5.0
 40
5.0
 40
6.0
 40
6.0
 40
6.0
 40
6.0
 10
12.856692913385828
 20
94.96062992125984
 30
0.0
 10
12.856692913385828
 20
94.84121859356293
 30
0.0
 10
12.888132171687168
 20
94.72388568423004
 30
0.0
 10
12.947837835535626
 20
94.62047244094488
 30
0.0
 10
13.007543499384084
 20
94.51705919765972
 30
0.0
 10
13.093437150415628
 20
94.43116554662818
 30
0.0
 10
13.196850393700787
 20
94.37145988277972
 30
0.0
 10
13.300263636985946
 20
94.31175421893126
 30
0.0
 10
13.417596546318832
 20
94.28031496062992
 30
0.0
 10
13.537007874015748
 20
94.28031496062992
 30
0.0
 10
13.656419201712666
 20
94.28031496062992
 30
0.0
 10
13.77375211104555
 20
94.31175421893126
 30
0.0
 10
13.877165354330709
 20
94.37145988277972
 30
0.0
 10
13.980578597615867
 20
94.43116554662818
 30
0.0
 10
14.066472248647411
 20
94.51705919765972
 30
0.0
 10
14.12617791249587
 20
94.62047244094488
 30
0.0
 10
14.185883576344327
 20
94.72388568423004
 30
0.0
 10
14.21732283464567
 20
94.84121859356293
 30
0.0
 10
14.21732283464567
 20
94.96062992125984
 30
0.0
  0
SPLINE
  5
F7
330
17
100
AcDbEntity
  8
Narrow door casing B
100
AcDbSpline
 70
0
 71
3
 72
23
 73
19
 74
0
 40
0.0
 40
0.0
 40
0.0
 40
0.0
 40
1.0
 40
1.0
 40
1.0
 40
2.0
 40
2.0
 40
2.0
 40
3.0
 40
3.0
 40
3.0
 40
4.0
 40
4.0
 40
4.0
 40
5.0
 40
5.0
 40
5.0
 40
6.0
 40
6.0
 40
6.0
 40
6.0
 10
14.21732283464567
 20
94.96062992125984
 30
0.0
 10
14.21732283464567
 20
94.84121859356293
 30
0.0
 10
14.24876209294701
 20
94.72388568423004
 30
0.0
 10
14.30846775679547
 20
94.62047244094488
 30
0.0
 10
14.368173420643927
 20
94.51705919765972
 30
0.0
 10
14.454067071675471
 20
94.43116554662818
 30
0.0
 10
14.557480314960628
 20
94.37145988277972
 30
0.0
 10
14.660893558245789
 20
94.31175421893126
 30
0.0
 10
14.778226467578675
 20
94.28031496062992
 30
0.0
 10
14.89763779527559
 20
94.28031496062992
 30
0.0
 10
15.017049122972507
 20
94.28031496062992
 30
0.0
 10
15.134382032305393
 20
94.31175421893126
 30
0.0
 10
15.23779527559055
 20
94.37145988277972
 30
0.0
 10
15.341208518875709
 20
94.43116554662818
 30
0.0
 10
15.427102169907254
 20
94.51705919765972
 30
0.0
 10
15.486807833755712
 20
94.62047244094488
 30
0.0
 10
15.54651349760417
 20
94.72388568423004
 30
0.0
 10
15.57795275590551
 20
94.84121859356293
 30
0.0
 10
15.57795275590551
 20
94.96062992125984
 30
0.0
  0
SPLINE
  5
F8
330
17
100
AcDbEntity
  8
Narrow door casing B
100
AcDbSpline
 70
0
 71
3
 72
23
 73
19
 74
0
 40
0.0
 40
0.0
 40
0.0
 40
0.0
 40
1.0
 40
1.0
 40
1.0
 40
2.0
 40
2.0
 40
2.0
 40
3.0
 40
3.0
 40
3.0
 40
4.0
 40
4.0
 40
4.0
 40
5.0
 40
5.0
 40
5.0
 40
6.0
 40
6.0
 40
6.0
 40
6.0
 10
15.57795275590551
 20
94.96062992125984
 30
0.0
 10
15.57795275590551
 20
94.84121859356293
 30
0.0
 10
15.609392014206854
 20
94.72388568423004
 30
0.0
 10
15.669097678055312
 20
94.62047244094488
 30
0.0
 10
15.72880334190377
 20
94.51705919765972
 30
0.0
 10
15.814696992935314
 20
94.43116554662818
 30
0.0
 10
15.918110236220471
 20
94.37145988277972
 30
0.0
 10
16.021523479505632
 20
94.31175421893126
 30
0.0
 10
16.138856388838516
 20
94.28031496062992
 30
0.0
 10
16.258267716535432
 20
94.28031496062992
 30
0.0
 10
16.37767904423235
 20
94.28031496062992
 30
0.0
 10
16.495011953565236
 20
94.31175421893126
 30
0.0
 10
16.598425196850393
 20
94.37145988277972
 30
0.0
 10
16.701838440135553
 20
94.43116554662818
 30
0.0
 10
16.787732091167097
 20
94.51705919765972
 30
0.0
 10
16.847437755015555
 20
94.62047244094488
 30
0.0
 10
16.907143418864013
 20
94.72388568423004
 30
0.0
 10
16.938582677165353
 20
94.84121859356293
 30
0.0
 10
16.938582677165353
 20
94.96062992125984
 30
0.0
  0
SPLINE
  5
F9
330
17
100
AcDbEntity
  8
Narrow door casing B
100
AcDbSpline
 70
0
 71
3
 72
23
 73
19
 74
0
 40
0.0
 40
0.0
 40
0.0
 40
0.0
 40
1.0
 40
1.0
 40
1.0
 40
2.0
 40
2.0
 40
2.0
 40
3.0
 40
3.0
 40
3.0
 40
4.0
 40
4.0
 40
4.0
 40
5.0
 40
5.0
 40
5.0
 40
6.0
 40
6.0
 40
6.0
 40
6.0
 10
16.938582677165353
 20
94.96062992125984
 30
0.0
 10
16.938582677165353
 20
94.84121859356293
 30
0.0
 10
16.970021935466693
 20
94.72388568423004
 30
0.0
 10
17.02972759931515
 20
94.62047244094488
 30
0.0
 10
17.089433263163613
 20
94.51705919765972
 30
0.0
 10
17.175326914195157
 20
94.43116554662818
 30
0.0
 10
17.278740157480314
 20
94.37145988277972
 30
0.0
 10
17.38215340076547
 20
94.31175421893126
 30
0.0
 10
17.49948631009836
 20
94.28031496062992
 30
0.0
 10
17.618897637795275
 20
94.28031496062992
 30
0.0
 10
17.73830896549219
 20
94.28031496062992
 30
0.0
 10
17.85564187482508
 20
94.31175421893126
 30
0.0
 10
17.959055118110236
 20
94.37145988277972
 30
0.0
 10
18.062468361395393
 20
94.43116554662818
 30
0.0
 10
18.148362012426936
 20
94.51705919765972
 30
0.0
 10
18.208067676275395
 20
94.62047244094488
 30
0.0
 10
18.267773340123856
 20
94.72388568423004
 30
0.0
 10
18.299212598425196
 20
94.84121859356293
 30
0.0
 10
18.299212598425196
 20
94.96062992125984
 30
0.0
  0
SPLINE
  5
FA
330
17
100
AcDbEntity
  8
Narrow door casing B
100
AcDbSpline
 70
0
 71
3
 72
23
 73
19
 74
0
 40
0.0
 40
0.0
 40
0.0
 40
0.0
 40
1.0
 40
1.0
 40
1.0
 40
2.0
 40
2.0
 40
2.0
 40
3.0
 40
3.0
 40
3.0
 40
4.0
 40
4.0
 40
4.0
 40
5.0
 40
5.0
 40
5.0
 40
6.0
 40
6.0
 40
6.0
 40
6.0
 10
18.299212598425196
 20
94.96062992125984
 30
0.0
 10
18.299212598425196
 20
94.84121859356293
 30
0.0
 10
18.33065185672654
 20
94.72388568423004
 30
0.0
 10
18.390357520574998
 20
94.62047244094488
 30
0.0
 10
18.450063184423456
 20
94.51705919765972
 30
0.0
 10
18.535956835455003
 20
94.43116554662818
 30
0.0
 10
18.63937007874016
 20
94.37145988277972
 30
0.0
 10
18.742783322025318
 20
94.31175421893126
 30
0.0
 10
18.8601162313582
 20
94.28031496062992
 30
0.0
 10
18.97952755905512
 20
94.28031496062992
 30
0.0
 10
19.098938886752038
 20
94.28031496062992
 30
0.0
 10
19.21627179608492
 20
94.31175421893126
 30
0.0
 10
19.31968503937008
 20
94.37145988277972
 30
0.0
 10
19.423098282655236
 20
94.43116554662818
 30
0.0
 10
19.508991933686783
 20
94.51705919765972
 30
0.0
 10
19.56869759753524
 20
94.62047244094488
 30
0.0
 10
19.6284032613837
 20
94.72388568423004
 30
0.0
 10
19.65984251968504
 20
94.84121859356293
 30
0.0
 10
19.65984251968504
 20
94.96062992125984
 30
0.0
  0
SPLINE
  5
FB
330
17
100
AcDbEntity
  8
Narrow door casing B
100
AcDbSpline
 70
0
 71
3
 72
23
 73
19
 74
0
 40
0.0
 40
0.0
 40
0.0
 40
0.0
 40
1.0
 40
1.0
 40
1.0
 40
2.0
 40
2.0
 40
2.0
 40
3.0
 40
3.0
 40
3.0
 40
4.0
 40
4.0
 40
4.0
 40
5.0
 40
5.0
 40
5.0
 40
6.0
 40
6.0
 40
6.0
 40
6.0
 10
19.65984251968504
 20
94.96062992125984
 30
0.0
 10
19.65984251968504
 20
94.84121859356293
 30
0.0
 10
19.69128177798638
 20
94.72388568423004
 30
0.0
 10
19.750987441834837
 20
94.62047244094488
 30
0.0
 10
19.810693105683296
 20
94.51705919765972
 30
0.0
 10
19.896586756714843
 20
94.43116554662818
 30
0.0
 10
20.0
 20
94.37145988277972
 30
0.0
 10
20.103413243285157
 20
94.31175421893126
 30
0.0
 10
20.220746152618045
 20
94.28031496062992
 30
0.0
 10
20.34015748031496
 20
94.28031496062992
 30
0.0
 10
20.459568808011877
 20
94.28031496062992
 30
0.0
 10
20.576901717344764
 20
94.31175421893126
 30
0.0
 10
20.68031496062992
 20
94.37145988277972
 30
0.0
 10
20.78372820391508
 20
94.43116554662818
 30
0.0
 10
20.869621854946622
 20
94.51705919765972
 30
0.0
 10
20.92932751879508
 20
94.62047244094488
 30
0.0
 10
20.98903318264354
 20
94.72388568423004
 30
0.0
 10
21.020472440944882
 20
94.84121859356293
 30
0.0
 10
21.020472440944882
 20
94.96062992125984
 30
0.0
  0
SPLINE
  5
FC
330
17
100
AcDbEntity
  8
Narrow door casing B
100
AcDbSpline
 70
0
 71
3
 72
23
 73
19
 74
0
 40
0.0
 40
0.0
 40
0.0
 40
0.0
 40
1.0
 40
1.0
 40
1.0
 40
2.0
 40
2.0
 40
2.0
 40
3.0
 40
3.0
 40
3.0
 40
4.0
 40
4.0
 40
4.0
 40
5.0
 40
5.0
 40
5.0
 40
6.0
 40
6.0
 40
6.0
 40
6.0
 10
21.020472440944882
 20
94.96062992125984
 30
0.0
 10
21.020472440944882
 20
94.84121859356293
 30
0.0
 10
21.051911699246226
 20
94.72388568423004
 30
0.0
 10
21.111617363094684
 20
94.62047244094488
 30
0.0
 10
21.171323026943142
 20
94.51705919765972
 30
0.0
 10
21.257216677974686
 20
94.43116554662818
 30
0.0
 10
21.360629921259843
 20
94.37145988277972
 30
0.0
 10
21.464043164545
 20
94.31175421893126
 30
0.0
 10
21.581376073877887
 20
94.28031496062992
 30
0.0
 10
21.700787401574804
 20
94.28031496062992
 30
0.0
 10
21.82019872927172
 20
94.28031496062992
 30
0.0
 10
21.937531638604607
 20
94.31175421893126
 30
0.0
 10
22.040944881889764
 20
94.37145988277972
 30
0.0
 10
22.14435812517492
 20
94.43116554662818
 30
0.0
 10
22.23025177620647
 20
94.51705919765972
 30
0.0
 10
22.289957440054927
 20
94.62047244094488
 30
0.0
 10
22.349663103903385
 20
94.72388568423004
 30
0.0
 10
22.381102362204725
 20
94.84121859356293
 30
0.0
 10
22.381102362204725
 20
94.96062992125984
 30
0.0
  0
SPLINE
  5
FD
330
17
100
AcDbEntity
  8
Narrow door casing B
100
AcDbSpline
 70
0
 71
3
 72
23
 73
19
 74
0
 40
0.0
 40
0.0
 40
0.0
 40
0.0
 40
1.0
 40
1.0
 40
1.0
 40
2.0
 40
2.0
 40
2.0
 40
3.0
 40
3.0
 40
3.0
 40
4.0
 40
4.0
 40
4.0
 40
5.0
 40
5.0
 40
5.0
 40
6.0
 40
6.0
 40
6.0
 40
6.0
 10
22.381102362204725
 20
94.96062992125984
 30
0.0
 10
22.381102362204725
 20
94.84121859356293
 30
0.0
 10
22.412541620506065
 20
94.72388568423004
 30
0.0
 10
22.472247284354523
 20
94.62047244094488
 30
0.0
 10
22.53195294820298
 20
94.51705919765972
 30
0.0
 10
22.61784659923453
 20
94.43116554662818
 30
0.0
 10
22.721259842519686
 20
94.37145988277972
 30
0.0
 10
22.824673085804843
 20
94.31175421893126
 30
0.0
 10
22.942005995137727
 20
94.28031496062992
 30
0.0
 10
23.061417322834647
 20
94.28031496062992
 30
0.0
 10
23.180828650531563
 20
94.28031496062992
 30
0.0
 10
23.298161559864447
 20
94.31175421893126
 30
0.0
 10
23.401574803149604
 20
94.37145988277972
 30
0.0
 10
23.504988046434764
 20
94.43116554662818
 30
0.0
 10
23.59088169746631
 20
94.51705919765972
 30
0.0
 10
23.650587361314766
 20
94.62047244094488
 30
0.0
 10
23.710293025163224
 20
94.72388568423004
 30
0.0
 10
23.741732283464568
 20
94.84121859356293
 30
0.0
 10
23.741732283464568
 20
94.96062992125984
 30
0.0
  0
SPLINE
  5
FE
330
17
100
AcDbEntity
  8
Narrow door casing B
100
AcDbSpline
 70
0
 71
3
 72
23
 73
19
 74
0
 40
0.0
 40
0.0
 40
0.0
 40
0.0
 40
1.0
 40
1.0
 40
1.0
 40
2.0
 40
2.0
 40
2.0
 40
3.0
 40
3.0
 40
3.0
 40
4.0
 40
4.0
 40
4.0
 40
5.0
 40
5.0
 40
5.0
 40
6.0
 40
6.0
 40
6.0
 40
6.0
 10
23.741732283464568
 20
94.96062992125984
 30
0.0
 10
23.741732283464568
 20
94.84121859356293
 30
0.0
 10
23.77317154176591
 20
94.72388568423004
 30
0.0
 10
23.83287720561437
 20
94.62047244094488
 30
0.0
 10
23.892582869462828
 20
94.51705919765972
 30
0.0
 10
23.978476520494375
 20
94.43116554662818
 30
0.0
 10
24.081889763779532
 20
94.37145988277972
 30
0.0
 10
24.18530300706469
 20
94.31175421893126
 30
0.0
 10
24.302635916397573
 20
94.28031496062992
 30
0.0
 10
24.42204724409449
 20
94.28031496062992
 30
0.0
 10
24.541458571791406
 20
94.28031496062992
 30
0.0
 10
24.658791481124293
 20
94.31175421893126
 30
0.0
 10
24.76220472440945
 20
94.37145988277972
 30
0.0
 10
24.865617967694607
 20
94.43116554662818
 30
0.0
 10
24.951511618726155
 20
94.51705919765972
 30
0.0
 10
25.011217282574613
 20
94.62047244094488
 30
0.0
 10
25.07092294642307
 20
94.72388568423004
 30
0.0
 10
25.10236220472441
 20
94.84121859356293
 30
0.0
 10
25.10236220472441
 20
94.96062992125984
 30
0.0
  0
SPLINE
  5
FF
330
17
100
AcDbEntity
  8
Narrow door casing B
100
AcDbSpline
 70
0
 71
3
 72
23
 73
19
 74
0
 40
0.0
 40
0.0
 40
0.0
 40
0.0
 40
1.0
 40
1.0
 40
1.0
 40
2.0
 40
2.0
 40
2.0
 40
3.0
 40
3.0
 40
3.0
 40
4.0
 40
4.0
 40
4.0
 40
5.0
 40
5.0
 40
5.0
 40
6.0
 40
6.0
 40
6.0
 40
6.0
 10
25.10236220472441
 20
94.96062992125984
 30
0.0
 10
25.10236220472441
 20
94.84121859356293
 30
0.0
 10
25.13380146302575
 20
94.72388568423004
 30
0.0
 10
25.19350712687421
 20
94.62047244094488
 30
0.0
 10
25.253212790722667
 20
94.51705919765972
 30
0.0
 10
25.339106441754215
 20
94.43116554662818
 30
0.0
 10
25.442519685039372
 20
94.37145988277972
 30
0.0
 10
25.54593292832453
 20
94.31175421893126
 30
0.0
 10
25.663265837657416
 20
94.28031496062992
 30
0.0
 10
25.782677165354333
 20
94.28031496062992
 30
0.0
 10
25.90208849305125
 20
94.28031496062992
 30
0.0
 10
26.019421402384133
 20
94.31175421893126
 30
0.0
 10
26.12283464566929
 20
94.37145988277972
 30
0.0
 10
26.226247888954447
 20
94.43116554662818
 30
0.0
 10
26.312141539985994
 20
94.51705919765972
 30
0.0
 10
26.371847203834452
 20
94.62047244094488
 30
0.0
 10
26.43155286768291
 20
94.72388568423004
 30
0.0
 10
26.462992125984254
 20
94.84121859356293
 30
0.0
 10
26.462992125984254
 20
94.96062992125984
 30
0.0
  0
SPLINE
  5
100
330
17
100
AcDbEntity
  8
Narrow door casing B
100
AcDbSpline
 70
0
 71
3
 72
23
 73
19
 74
0
 40
0.0
 40
0.0
 40
0.0
 40
0.0
 40
1.0
 40
1.0
 40
1.0
 40
2.0
 40
2.0
 40
2.0
 40
3.0
 40
3.0
 40
3.0
 40
4.0
 40
4.0
 40
4.0
 40
5.0
 40
5.0
 40
5.0
 40
6.0
 40
6.0
 40
6.0
 40
6.0
 10
26.462992125984254
 20
94.96062992125984
 30
0.0
 10
26.462992125984254
 20
94.84121859356293
 30
0.0
 10
26.494431384285598
 20
94.72388568423004
 30
0.0
 10
26.554137048134056
 20
94.62047244094488
 30
0.0
 10
26.613842711982514
 20
94.51705919765972
 30
0.0
 10
26.699736363014058
 20
94.43116554662818
 30
0.0
 10
26.803149606299215
 20
94.37145988277972
 30
0.0
 10
26.906562849584372
 20
94.31175421893126
 30
0.0
 10
27.02389575891726
 20
94.28031496062992
 30
0.0
 10
27.143307086614175
 20
94.28031496062992
 30
0.0
 10
27.26271841431109
 20
94.28031496062992
 30
0.0
 10
27.38005132364398
 20
94.31175421893126
 30
0.0
 10
27.483464566929136
 20
94.37145988277972
 30
0.0
 10
27.586877810214293
 20
94.43116554662818
 30
0.0
 10
27.672771461245837
 20
94.51705919765972
 30
0.0
 10
27.7324771250943
 20
94.62047244094488
 30
0.0
 10
27.792182788942757
 20
94.72388568423004
 30
0.0
 10
27.823622047244097
 20
94.84121859356293
 30
0.0
 10
27.823622047244097
 20
94.96062992125984
 30
0.0
  0
SPLINE
  5
101
330
17
100
AcDbEntity
  8
Narrow door casing B
100
AcDbSpline
 70
0
 71
3
 72
23
 73
19
 74
0
 40
0.0
 40
0.0
 40
0.0
 40
0.0
 40
1.0
 40
1.0
 40
1.0
 40
2.0
 40
2.0
 40
2.0
 40
3.0
 40
3.0
 40
3.0
 40
4.0
 40
4.0
 40
4.0
 40
5.0
 40
5.0
 40
5.0
 40
6.0
 40
6.0
 40
6.0
 40
6.0
 10
27.823622047244097
 20
94.96062992125984
 30
0.0
 10
27.82362205406643
 20
94.84121859792481
 30
0.0
 10
27.855061316774524
 20
94.72388569452158
 30
0.0
 10
27.914766982394404
 20
94.62047245729582
 30
0.0
 10
27.974472648014284
 20
94.51705922007005
 30
0.0
 10
28.060366298272765
 20
94.43116557475254
 30
0.0
 10
28.163779538933053
 20
94.37145991508142
 30
0.0
 10
28.26719277959334
 20
94.3117542554103
 30
0.0
 10
28.384525684805077
 20
94.28031499945169
 30
0.0
 10
28.503937008140117
 20
94.2803149994984
 30
0.0
 10
28.623348331475153
 20
94.28031499954511
 30
0.0
 10
28.740681236662297
 20
94.3117542555955
 30
0.0
 10
28.844094477275878
 20
94.37145991534751
 30
0.0
 10
28.947507717889458
 20
94.43116557509953
 30
0.0
 10
29.033401368080742
 20
94.51705922048424
 30
0.0
 10
29.093107033619727
 20
94.62047245775672
 30
0.0
 10
29.15281269915871
 20
94.7238856950292
 30
0.0
 10
29.184251961775015
 20
94.84121859792481
 30
0.0
 10
29.184251968503936
 20
94.96062992125984
 30
0.0
  0
SPLINE
  5
102
330
17
100
AcDbEntity
  8
Narrow door casing B
100
AcDbSpline
 70
0
 71
3
 72
23
 73
19
 74
0
 40
0.0
 40
0.0
 40
0.0
 40
0.0
 40
1.0
 40
1.0
 40
1.0
 40
2.0
 40
2.0
 40
2.0
 40
3.0
 40
3.0
 40
3.0
 40
4.0
 40
4.0
 40
4.0
 40
5.0
 40
5.0
 40
5.0
 40
6.0
 40
6.0
 40
6.0
 40
6.0
 10
29.184251968503936
 20
94.96062992125984
 30
0.0
 10
29.184251968503936
 20
94.84121859356293
 30
0.0
 10
29.21569122680528
 20
94.72388568423004
 30
0.0
 10
29.275396890653735
 20
94.62047244094488
 30
0.0
 10
29.335102554502193
 20
94.51705919765972
 30
0.0
 10
29.420996205533736
 20
94.43116554662818
 30
0.0
 10
29.524409448818897
 20
94.37145988277972
 30
0.0
 10
29.627822692104058
 20
94.31175421893126
 30
0.0
 10
29.74515560143694
 20
94.28031496062992
 30
0.0
 10
29.864566929133858
 20
94.28031496062992
 30
0.0
 10
29.983978256830774
 20
94.28031496062992
 30
0.0
 10
30.101311166163658
 20
94.31175421893126
 30
0.0
 10
30.20472440944882
 20
94.37145988277972
 30
0.0
 10
30.308137652733976
 20
94.43116554662818
 30
0.0
 10
30.39403130376552
 20
94.51705919765972
 30
0.0
 10
30.453736967613978
 20
94.62047244094488
 30
0.0
 10
30.51344263146244
 20
94.72388568423004
 30
0.0
 10
30.544881889763783
 20
94.84121859356293
 30
0.0
 10
30.544881889763783
 20
94.96062992125984
 30
0.0
  0
SPLINE
  5
103
330
17
100
AcDbEntity
  8
Narrow door casing B
100
AcDbSpline
 70
0
 71
3
 72
23
 73
19
 74
0
 40
0.0
 40
0.0
 40
0.0
 40
0.0
 40
1.0
 40
1.0
 40
1.0
 40
2.0
 40
2.0
 40
2.0
 40
3.0
 40
3.0
 40
3.0
 40
4.0
 40
4.0
 40
4.0
 40
5.0
 40
5.0
 40
5.0
 40
6.0
 40
6.0
 40
6.0
 40
6.0
 10
30.544881889763783
 20
94.96062992125984
 30
0.0
 10
30.544881896586116
 20
94.84121859792481
 30
0.0
 10
30.57632115929421
 20
94.72388569452158
 30
0.0
 10
30.63602682491409
 20
94.62047245729582
 30
0.0
 10
30.69573249053397
 20
94.51705922007005
 30
0.0
 10
30.78162614079245
 20
94.43116557475254
 30
0.0
 10
30.88503938145274
 20
94.37145991508142
 30
0.0
 10
30.988452622113027
 20
94.3117542554103
 30
0.0
 10
31.105785527324763
 20
94.28031499945169
 30
0.0
 10
31.2251968506598
 20
94.2803149994984
 30
0.0
 10
31.34460817399484
 20
94.28031499954511
 30
0.0
 10
31.46194107918198
 20
94.3117542555955
 30
0.0
 10
31.565354319795563
 20
94.37145991534751
 30
0.0
 10
31.668767560409144
 20
94.43116557509953
 30
0.0
 10
31.75466121060043
 20
94.51705922048424
 30
0.0
 10
31.81436687613941
 20
94.62047245775672
 30
0.0
 10
31.874072541678395
 20
94.7238856950292
 30
0.0
 10
31.9055118042947
 20
94.84121859792481
 30
0.0
 10
31.905511811023622
 20
94.96062992125984
 30
0.0
  0
SPLINE
  5
104
330
17
100
AcDbEntity
  8
Narrow door casing B
100
AcDbSpline
 70
0
 71
3
 72
23
 73
19
 74
0
 40
0.0
 40
0.0
 40
0.0
 40
0.0
 40
1.0
 40
1.0
 40
1.0
 40
2.0
 40
2.0
 40
2.0
 40
3.0
 40
3.0
 40
3.0
 40
4.0
 40
4.0
 40
4.0
 40
5.0
 40
5.0
 40
5.0
 40
6.0
 40
6.0
 40
6.0
 40
6.0
 10
31.905511811023622
 20
94.96062992125984
 30
0.0
 10
31.905511811023622
 20
94.84121859356293
 30
0.0
 10
31.93695106932497
 20
94.72388568423004
 30
0.0
 10
31.996656733173424
 20
94.62047244094488
 30
0.0
 10
32.05636239702188
 20
94.51705919765972
 30
0.0
 10
32.142256048053426
 20
94.43116554662818
 30
0.0
 10
32.24566929133859
 20
94.37145988277972
 30
0.0
 10
32.34908253462375
 20
94.31175421893126
 30
0.0
 10
32.46641544395663
 20
94.28031496062992
 30
0.0
 10
32.585826771653544
 20
94.28031496062992
 30
0.0
 10
32.70523809935046
 20
94.28031496062992
 30
0.0
 10
32.82257100868335
 20
94.31175421893126
 30
0.0
 10
32.92598425196851
 20
94.37145988277972
 30
0.0
 10
33.02939749525366
 20
94.43116554662818
 30
0.0
 10
33.11529114628521
 20
94.51705919765972
 30
0.0
 10
33.17499681013366
 20
94.62047244094488
 30
0.0
 10
33.234702473982125
 20
94.72388568423004
 30
0.0
 10
33.266141732283465
 20
94.84121859356293
 30
0.0
 10
33.266141732283465
 20
94.96062992125984
 30
0.0
  0
SPLINE
  5
105
330
17
100
AcDbEntity
  8
Narrow door casing B
100
AcDbSpline
 70
0
 71
3
 72
23
 73
19
 74
0
 40
0.0
 40
0.0
 40
0.0
 40
0.0
 40
1.0
 40
1.0
 40
1.0
 40
2.0
 40
2.0
 40
2.0
 40
3.0
 40
3.0
 40
3.0
 40
4.0
 40
4.0
 40
4.0
 40
5.0
 40
5.0
 40
5.0
 40
6.0
 40
6.0
 40
6.0
 40
6.0
 10
33.266141732283465
 20
94.96062992125984
 30
0.0
 10
33.2661417391058
 20
94.84121859792481
 30
0.0
 10
33.297581001813896
 20
94.72388569452158
 30
0.0
 10
33.357286667433776
 20
94.62047245729582
 30
0.0
 10
33.416992333053656
 20
94.51705922007005
 30
0.0
 10
33.50288598331213
 20
94.43116557475254
 30
0.0
 10
33.60629922397242
 20
94.37145991508142
 30
0.0
 10
33.70971246463271
 20
94.3117542554103
 30
0.0
 10
33.82704536984444
 20
94.28031499945169
 30
0.0
 10
33.946456693179485
 20
94.2803149994984
 30
0.0
 10
34.06586801651452
 20
94.28031499954511
 30
0.0
 10
34.18320092170166
 20
94.3117542555955
 30
0.0
 10
34.286614162315246
 20
94.37145991534751
 30
0.0
 10
34.39002740292883
 20
94.43116557509953
 30
0.0
 10
34.47592105312011
 20
94.51705922048424
 30
0.0
 10
34.535626718659096
 20
94.62047245775672
 30
0.0
 10
34.59533238419808
 20
94.7238856950292
 30
0.0
 10
34.62677164681438
 20
94.84121859792481
 30
0.0
 10
34.62677165354331
 20
94.96062992125984
 30
0.0
  0
SPLINE
  5
106
330
17
100
AcDbEntity
  8
Narrow door casing B
100
AcDbSpline
 70
0
 71
3
 72
23
 73
19
 74
0
 40
0.0
 40
0.0
 40
0.0
 40
0.0
 40
1.0
 40
1.0
 40
1.0
 40
2.0
 40
2.0
 40
2.0
 40
3.0
 40
3.0
 40
3.0
 40
4.0
 40
4.0
 40
4.0
 40
5.0
 40
5.0
 40
5.0
 40
6.0
 40
6.0
 40
6.0
 40
6.0
 10
34.62677165354331
 20
94.96062992125984
 30
0.0
 10
34.62677165354331
 20
94.84121859356293
 30
0.0
 10
34.65821091184465
 20
94.72388568423004
 30
0.0
 10
34.7179165756931
 20
94.62047244094488
 30
0.0
 10
34.77762223954156
 20
94.51705919765972
 30
0.0
 10
34.863515890573105
 20
94.43116554662818
 30
0.0
 10
34.966929133858265
 20
94.37145988277972
 30
0.0
 10
35.070342377143426
 20
94.31175421893126
 30
0.0
 10
35.187675286476306
 20
94.28031496062992
 30
0.0
 10
35.30708661417322
 20
94.28031496062992
 30
0.0
 10
35.42649794187014
 20
94.28031496062992
 30
0.0
 10
35.543830851203026
 20
94.31175421893126
 30
0.0
 10
35.64724409448819
 20
94.37145988277972
 30
0.0
 10
35.75065733777335
 20
94.43116554662818
 30
0.0
 10
35.83655098880489
 20
94.51705919765972
 30
0.0
 10
35.89625665265335
 20
94.62047244094488
 30
0.0
 10
35.955962316501804
 20
94.72388568423004
 30
0.0
 10
35.98740157480315
 20
94.84121859356293
 30
0.0
 10
35.98740157480315
 20
94.96062992125984
 30
0.0
  0
SPLINE
  5
107
330
17
100
AcDbEntity
  8
Narrow door casing B
100
AcDbSpline
 70
0
 71
3
 72
23
 73
19
 74
0
 40
0.0
 40
0.0
 40
0.0
 40
0.0
 40
1.0
 40
1.0
 40
1.0
 40
2.0
 40
2.0
 40
2.0
 40
3.0
 40
3.0
 40
3.0
 40
4.0
 40
4.0
 40
4.0
 40
5.0
 40
5.0
 40
5.0
 40
6.0
 40
6.0
 40
6.0
 40
6.0
 10
35.98740157480315
 20
94.96062992125984
 30
0.0
 10
35.987401581625484
 20
94.84121859792481
 30
0.0
 10
36.01884084433358
 20
94.72388569452158
 30
0.0
 10
36.07854650995346
 20
94.62047245729582
 30
0.0
 10
36.13825217557334
 20
94.51705922007005
 30
0.0
 10
36.22414582583182
 20
94.43116557475254
 30
0.0
 10
36.32755906649211
 20
94.37145991508142
 30
0.0
 10
36.430972307152395
 20
94.3117542554103
 30
0.0
 10
36.54830521236413
 20
94.28031499945169
 30
0.0
 10
36.66771653569917
 20
94.2803149994984
 30
0.0
 10
36.78712785903421
 20
94.28031499954511
 30
0.0
 10
36.90446076422135
 20
94.3117542555955
 30
0.0
 10
37.00787400483493
 20
94.37145991534751
 30
0.0
 10
37.11128724544851
 20
94.43116557509953
 30
0.0
 10
37.1971808956398
 20
94.51705922048424
 30
0.0
 10
37.25688656117878
 20
94.62047245775672
 30
0.0
 10
37.316592226717766
 20
94.7238856950292
 30
0.0
 10
37.34803148933407
 20
94.84121859792481
 30
0.0
 10
37.34803149606299
 20
94.96062992125984
 30
0.0
  0
SPLINE
  5
108
330
17
100
AcDbEntity
  8
Narrow door casing B
100
AcDbSpline
 70
0
 71
3
 72
23
 73
19
 74
0
 40
0.0
 40
0.0
 40
0.0
 40
0.0
 40
1.0
 40
1.0
 40
1.0
 40
2.0
 40
2.0
 40
2.0
 40
3.0
 40
3.0
 40
3.0
 40
4.0
 40
4.0
 40
4.0
 40
5.0
 40
5.0
 40
5.0
 40
6.0
 40
6.0
 40
6.0
 40
6.0
 10
37.34803149606299
 20
94.96062992125984
 30
0.0
 10
37.34803149606299
 20
94.84121859356293
 30
0.0
 10
37.379470754364334
 20
94.72388568423004
 30
0.0
 10
37.439176418212796
 20
94.62047244094488
 30
0.0
 10
37.49888208206125
 20
94.51705919765972
 30
0.0
 10
37.5847757330928
 20
94.43116554662818
 30
0.0
 10
37.68818897637796
 20
94.37145988277972
 30
0.0
 10
37.79160221966311
 20
94.31175421893126
 30
0.0
 10
37.908935128996
 20
94.28031496062992
 30
0.0
 10
38.028346456692915
 20
94.28031496062992
 30
0.0
 10
38.14775778438983
 20
94.28031496062992
 30
0.0
 10
38.26509069372272
 20
94.31175421893126
 30
0.0
 10
38.36850393700787
 20
94.37145988277972
 30
0.0
 10
38.47191718029303
 20
94.43116554662818
 30
0.0
 10
38.55781083132457
 20
94.51705919765972
 30
0.0
 10
38.617516495173035
 20
94.62047244094488
 30
0.0
 10
38.6772221590215
 20
94.72388568423004
 30
0.0
 10
38.70866141732284
 20
94.84121859356293
 30
0.0
 10
38.70866141732284
 20
94.96062992125984
 30
0.0
  0
SPLINE
  5
109
330
17
100
AcDbEntity
  8
Narrow door casing B
100
AcDbSpline
 70
0
 71
3
 72
23
 73
19
 74
0
 40
0.0
 40
0.0
 40
0.0
 40
0.0
 40
1.0
 40
1.0
 40
1.0
 40
2.0
 40
2.0
 40
2.0
 40
3.0
 40
3.0
 40
3.0
 40
4.0
 40
4.0
 40
4.0
 40
5.0
 40
5.0
 40
5.0
 40
6.0
 40
6.0
 40
6.0
 40
6.0
 10
38.70866141732284
 20
94.96062992125984
 30
0.0
 10
38.70866142414517
 20
94.84121859792481
 30
0.0
 10
38.74010068685326
 20
94.72388569452158
 30
0.0
 10
38.79980635247315
 20
94.62047245729582
 30
0.0
 10
38.85951201809303
 20
94.51705922007005
 30
0.0
 10
38.945405668351505
 20
94.43116557475254
 30
0.0
 10
39.04881890901179
 20
94.37145991508142
 30
0.0
 10
39.15223214967208
 20
94.3117542554103
 30
0.0
 10
39.26956505488381
 20
94.28031499945169
 30
0.0
 10
39.38897637821886
 20
94.2803149994984
 30
0.0
 10
39.50838770155389
 20
94.28031499954511
 30
0.0
 10
39.625720606741034
 20
94.3117542555955
 30
0.0
 10
39.72913384735462
 20
94.37145991534751
 30
0.0
 10
39.832547087968194
 20
94.43116557509953
 30
0.0
 10
39.91844073815948
 20
94.51705922048424
 30
0.0
 10
39.97814640369846
 20
94.62047245775672
 30
0.0
 10
40.037852069237445
 20
94.7238856950292
 30
0.0
 10
40.06929133185375
 20
94.84121859792481
 30
0.0
 10
40.06929133858267
 20
94.96062992125984
 30
0.0
  0
SPLINE
  5
10A
330
17
100
AcDbEntity
  8
Narrow door casing B
100
AcDbSpline
 70
0
 71
3
 72
23
 73
19
 74
0
 40
0.0
 40
0.0
 40
0.0
 40
0.0
 40
1.0
 40
1.0
 40
1.0
 40
2.0
 40
2.0
 40
2.0
 40
3.0
 40
3.0
 40
3.0
 40
4.0
 40
4.0
 40
4.0
 40
5.0
 40
5.0
 40
5.0
 40
6.0
 40
6.0
 40
6.0
 40
6.0
 10
40.06929133858267
 20
94.96062992125984
 30
0.0
 10
40.06929133858267
 20
94.84121859356293
 30
0.0
 10
40.10073059688401
 20
94.72388568423004
 30
0.0
 10
40.160436260732475
 20
94.62047244094488
 30
0.0
 10
40.22014192458093
 20
94.51705919765972
 30
0.0
 10
40.306035575612476
 20
94.43116554662818
 30
0.0
 10
40.40944881889764
 20
94.37145988277972
 30
0.0
 10
40.51286206218279
 20
94.31175421893126
 30
0.0
 10
40.63019497151568
 20
94.28031496062992
 30
0.0
 10
40.749606299212594
 20
94.28031496062992
 30
0.0
 10
40.86901762690951
 20
94.28031496062992
 30
0.0
 10
40.9863505362424
 20
94.31175421893126
 30
0.0
 10
41.08976377952755
 20
94.37145988277972
 30
0.0
 10
41.19317702281271
 20
94.43116554662818
 30
0.0
 10
41.27907067384425
 20
94.51705919765972
 30
0.0
 10
41.338776337692714
 20
94.62047244094488
 30
0.0
 10
41.398482001541176
 20
94.72388568423004
 30
0.0
 10
41.429921259842516
 20
94.84121859356293
 30
0.0
 10
41.429921259842516
 20
94.96062992125984
 30
0.0
  0
SPLINE
  5
10B
330
17
100
AcDbEntity
  8
Narrow door casing B
100
AcDbSpline
 70
0
 71
3
 72
23
 73
19
 74
0
 40
0.0
 40
0.0
 40
0.0
 40
0.0
 40
1.0
 40
1.0
 40
1.0
 40
2.0
 40
2.0
 40
2.0
 40
3.0
 40
3.0
 40
3.0
 40
4.0
 40
4.0
 40
4.0
 40
5.0
 40
5.0
 40
5.0
 40
6.0
 40
6.0
 40
6.0
 40
6.0
 10
41.429921259842516
 20
94.96062992125984
 30
0.0
 10
41.429921266664856
 20
94.84121859792481
 30
0.0
 10
41.461360529372946
 20
94.72388569452158
 30
0.0
 10
41.52106619499283
 20
94.62047245729582
 30
0.0
 10
41.58077186061271
 20
94.51705922007005
 30
0.0
 10
41.66666551087119
 20
94.43116557475254
 30
0.0
 10
41.77007875153148
 20
94.37145991508142
 30
0.0
 10
41.87349199219176
 20
94.3117542554103
 30
0.0
 10
41.9908248974035
 20
94.28031499945169
 30
0.0
 10
42.110236220738535
 20
94.2803149994984
 30
0.0
 10
42.22964754407358
 20
94.28031499954511
 30
0.0
 10
42.34698044926072
 20
94.3117542555955
 30
0.0
 10
42.450393689874296
 20
94.37145991534751
 30
0.0
 10
42.55380693048788
 20
94.43116557509953
 30
0.0
 10
42.63970058067916
 20
94.51705922048424
 30
0.0
 10
42.699406246218146
 20
94.62047245775672
 30
0.0
 10
42.75911191175713
 20
94.7238856950292
 30
0.0
 10
42.790551174373434
 20
94.84121859792481
 30
0.0
 10
42.79055118110236
 20
94.96062992125984
 30
0.0
  0
SPLINE
  5
10C
330
17
100
AcDbEntity
  8
Narrow door casing B
100
AcDbSpline
 70
0
 71
3
 72
23
 73
19
 74
0
 40
0.0
 40
0.0
 40
0.0
 40
0.0
 40
1.0
 40
1.0
 40
1.0
 40
2.0
 40
2.0
 40
2.0
 40
3.0
 40
3.0
 40
3.0
 40
4.0
 40
4.0
 40
4.0
 40
5.0
 40
5.0
 40
5.0
 40
6.0
 40
6.0
 40
6.0
 40
6.0
 10
42.79055118110236
 20
94.96062992125984
 30
0.0
 10
42.79055118110236
 20
94.84121859356293
 30
0.0
 10
42.821990439403706
 20
94.72388568423004
 30
0.0
 10
42.88169610325216
 20
94.62047244094488
 30
0.0
 10
42.941401767100615
 20
94.51705919765972
 30
0.0
 10
43.02729541813216
 20
94.43116554662818
 30
0.0
 10
43.13070866141732
 20
94.37145988277972
 30
0.0
 10
43.234121904702484
 20
94.31175421893126
 30
0.0
 10
43.351454814035364
 20
94.28031496062992
 30
0.0
 10
43.47086614173228
 20
94.28031496062992
 30
0.0
 10
43.5902774694292
 20
94.28031496062992
 30
0.0
 10
43.707610378762084
 20
94.31175421893126
 30
0.0
 10
43.811023622047244
 20
94.37145988277972
 30
0.0
 10
43.914436865332405
 20
94.43116554662818
 30
0.0
 10
44.000330516363945
 20
94.51705919765972
 30
0.0
 10
44.06003618021241
 20
94.62047244094488
 30
0.0
 10
44.11974184406087
 20
94.72388568423004
 30
0.0
 10
44.1511811023622
 20
94.84121859356293
 30
0.0
 10
44.1511811023622
 20
94.96062992125984
 30
0.0
  0
SPLINE
  5
10D
330
17
100
AcDbEntity
  8
Narrow door casing B
100
AcDbSpline
 70
0
 71
3
 72
23
 73
19
 74
0
 40
0.0
 40
0.0
 40
0.0
 40
0.0
 40
1.0
 40
1.0
 40
1.0
 40
2.0
 40
2.0
 40
2.0
 40
3.0
 40
3.0
 40
3.0
 40
4.0
 40
4.0
 40
4.0
 40
5.0
 40
5.0
 40
5.0
 40
6.0
 40
6.0
 40
6.0
 40
6.0
 10
44.1511811023622
 20
94.96062992125984
 30
0.0
 10
44.151181109184535
 20
94.84121859792481
 30
0.0
 10
44.18262037189263
 20
94.72388569452158
 30
0.0
 10
44.24232603751251
 20
94.62047245729582
 30
0.0
 10
44.30203170313239
 20
94.51705922007005
 30
0.0
 10
44.38792535339088
 20
94.43116557475254
 30
0.0
 10
44.49133859405116
 20
94.37145991508142
 30
0.0
 10
44.594751834711445
 20
94.3117542554103
 30
0.0
 10
44.712084739923185
 20
94.28031499945169
 30
0.0
 10
44.83149606325822
 20
94.2803149994984
 30
0.0
 10
44.950907386593265
 20
94.28031499954511
 30
0.0
 10
45.068240291780405
 20
94.3117542555955
 30
0.0
 10
45.17165353239398
 20
94.37145991534751
 30
0.0
 10
45.275066773007566
 20
94.43116557509953
 30
0.0
 10
45.36096042319885
 20
94.51705922048424
 30
0.0
 10
45.42066608873783
 20
94.62047245775672
 30
0.0
 10
45.48037175427682
 20
94.7238856950292
 30
0.0
 10
45.51181101689312
 20
94.84121859792481
 30
0.0
 10
45.511811023622045
 20
94.96062992125984
 30
0.0
  0
LWPOLYLINE
  5
10E
330
17
100
AcDbEntity
  8
Narrow door casing B
100
AcDbPolyline
 90
5
 70
0
 10
11.496062992125985
 20
96.77165354330708
 10
45.511811023622045
 20
96.77165354330708
 10
45.511811023622045
 20
96.45669291338582
 10
11.496062992125985
 20
96.45669291338582
 10
11.496062992125985
 20
96.77165354330708
  0
LWPOLYLINE
  5
10F
330
17
100
AcDbEntity
  8
Narrow door casing B
100
AcDbPolyline
 90
5
 70
0
 10
11.496062992125985
 20
101.49606299212599
 10
45.511811023622045
 20
101.49606299212599
 10
45.511811023622045
 20
96.77165354330708
 10
11.496062992125985
 20
96.77165354330708
 10
11.496062992125985
 20
101.49606299212599
  0
LINE
  5
110
330
17
100
AcDbEntity
  8
Narrow door casing B
100
AcDbLine
 10
11.496062992125983
 20
100.70866141732283
 30
0.0
 11
45.511811023622045
 21
100.70866141732283
 31
0.0
  0
LWPOLYLINE
  5
111
330
17
100
AcDbEntity
  8
Narrow door casing B
100
AcDbPolyline
 90
5
 70
0
 10
7.086614173228346
 20
101.92125984251969
 10
49.92125984251968
 20
101.92125984251969
 10
49.92125984251968
 20
101.49606299212599
 10
7.086614173228346
 20
101.49606299212599
 10
7.086614173228346
 20
101.92125984251969
  0
LWPOLYLINE
  5
112
330
17
100
AcDbEntity
  8
Narrow door casing B
100
AcDbPolyline
 90
5
 70
0
 10
6.692913385826772
 20
102.44094488188976
 10
50.31496062992126
 20
102.44094488188976
 10
50.31496062992126
 20
101.92125984251969
 10
6.692913385826772
 20
101.92125984251969
 10
6.692913385826772
 20
102.44094488188976
  0
LWPOLYLINE
  5
113
330
17
100
AcDbEntity
  8
Narrow door casing B
100
AcDbPolyline
 90
7
 70
0
 10
5.590551181102362
 20
105.19685039370079
 10
51.41732283464567
 20
105.19685039370079
 10
51.41732283464567
 20
103.98425196850394
 10
50.31496062992126
 20
102.44094488188976
 10
6.692913385826772
 20
102.44094488188976
 10
5.590551181102362
 20
103.98425196850394
 10
5.590551181102362
 20
105.19685039370079
  0
LINE
  5
114
330
17
100
AcDbEntity
  8
Narrow door casing B
100
AcDbLine
 10
5.590551181102362
 20
103.98425196850393
 30
0.0
 11
51.41732283464567
 21
103.98425196850393
 31
0.0
  0
LINE
  5
115
330
17
100
AcDbEntity
  8
Narrow door casing B
100
AcDbLine
 10
5.708661417322834
 20
104.63897637795276
 30
0.0
 11
51.29921259842519
 21
104.63897637795276
 31
0.0
  0
POLYLINE
  5
116
330
17
100
AcDbEntity
  8
Narrow door casing B
100
AcDb2dPolyline
 66
1
 10
0.0
 20
0.0
 30
0.0
 70
0
  0
VERTEX
  5
117
330
116
100
AcDbEntity
  8
Narrow door casing B
100
AcDbVertex
100
AcDb2dVertex
 10
11.496062992125985
 20
101.49606299212599
 30
0.0
 70
0
  0
VERTEX
  5
118
330
116
100
AcDbEntity
  8
Narrow door casing B
100
AcDbVertex
100
AcDb2dVertex
 10
6.929133858267717
 20
101.49606299212599
 30
0.0
 70
0
  0
SEQEND
  5
119
330
116
100
AcDbEntity
  8
Narrow door casing B
  0
SPLINE
  5
11A
330
17
100
AcDbEntity
  8
Narrow door casing B
100
AcDbSpline
 70
0
 71
3
 72
8
 73
4
 74
0
 40
0.0
 40
0.0
 40
0.0
 40
0.0
 40
1.0
 40
1.0
 40
1.0
 40
1.0
 10
6.929133858267717
 20
101.49606299212599
 30
0.0
 10
6.771653543307087
 20
100.26653543307086
 30
0.0
 10
7.322834645669292
 20
99.85669291338583
 30
0.0
 10
7.244094488188977
 20
98.62716535433071
 30
0.0
  0
SPLINE
  5
11B
330
17
100
AcDbEntity
  8
Narrow door casing B
100
AcDbSpline
 70
0
 71
3
 72
11
 73
7
 74
0
 40
0.0
 40
0.0
 40
0.0
 40
0.0
 40
1.0
 40
1.0
 40
1.0
 40
2.0
 40
2.0
 40
2.0
 40
2.0
 10
7.244094488188977
 20
98.62716535433071
 30
0.0
 10
7.165354330708661
 20
96.30472440944882
 30
0.0
 10
7.0078740157480315
 20
94.39212598425196
 30
0.0
 10
7.047244094488189
 20
91.93307086614173
 30
0.0
 10
7.086614173228346
 20
90.02047244094487
 30
0.0
 10
6.929133858267717
 20
89.61062992125984
 30
0.0
 10
6.929133858267717
 20
87.83464566929133
 30
0.0
  0
POLYLINE
  5
11C
330
17
100
AcDbEntity
  8
Narrow door casing B
100
AcDb2dPolyline
 66
1
 10
0.0
 20
0.0
 30
0.0
 70
0
  0
VERTEX
  5
11D
330
11C
100
AcDbEntity
  8
Narrow door casing B
100
AcDbVertex
100
AcDb2dVertex
 10
6.929133858267717
 20
87.83464566929133
 30
0.0
 70
0
  0
VERTEX
  5
11E
330
11C
100
AcDbEntity
  8
Narrow door casing B
100
AcDbVertex
100
AcDb2dVertex
 10
11.496062992125985
 20
87.83464566929133
 30
0.0
 70
0
  0
VERTEX
  5
11F
330
11C
100
AcDbEntity
  8
Narrow door casing B
100
AcDbVertex
100
AcDb2dVertex
 10
11.496062992125985
 20
101.49606299212599
 30
0.0
 70
0
  0
SEQEND
  5
120
330
11C
100
AcDbEntity
  8
Narrow door casing B
  0
LINE
  5
121
330
17
100
AcDbEntity
  8
Narrow door casing B
100
AcDbLine
 10
7.480314960629921
 20
101.49606299212599
 30
0.0
 11
7.480314960629921
 21
87.83464566929133
 31
0.0
  0
LINE
  5
122
330
17
100
AcDbEntity
  8
Narrow door casing B
100
AcDbLine
 10
6.929133858267717
 20
100.8267716535433
 30
0.0
 11
11.496062992125983
 21
100.8267716535433
 31
0.0
  0
LINE
  5
123
330
17
100
AcDbEntity
  8
Narrow door casing B
100
AcDbLine
 10
7.149606299212598
 20
101.19488188976378
 30
0.0
 11
11.496062992125983
 21
101.19488188976378
 31
0.0
  0
LINE
  5
124
330
17
100
AcDbEntity
  8
Narrow door casing B
100
AcDbLine
 10
6.929133858267717
 20
88.62204724409449
 30
0.0
 11
11.496062992125983
 21
88.62204724409449
 31
0.0
  0
LWPOLYLINE
  5
125
330
17
100
AcDbEntity
  8
Narrow door casing B
100
AcDbPolyline
 90
5
 70
0
 10
7.2047244094488185
 20
88.4251968503937
 10
11.496062992125985
 20
88.4251968503937
 10
11.496062992125985
 20
87.99212598425197
 10
7.2047244094488185
 20
87.99212598425197
 10
7.2047244094488185
 20
88.4251968503937
  0
LINE
  5
126
330
17
100
AcDbEntity
  8
Narrow door casing B
100
AcDbLine
 10
7.480314960629921
 20
99.37007874015748
 30
0.0
 11
11.496062992125983
 21
99.37007874015748
 31
0.0
  0
LINE
  5
127
330
17
100
AcDbEntity
  8
Narrow door casing B
100
AcDbLine
 10
7.480314960629921
 20
92.08661417322834
 30
0.0
 11
11.496062992125983
 21
92.08661417322834
 31
0.0
  0
SPLINE
  5
128
330
17
100
AcDbEntity
  8
Narrow door casing B
100
AcDbSpline
 70
0
 71
3
 72
8
 73
4
 74
0
 40
0.0
 40
0.0
 40
0.0
 40
0.0
 40
1.0
 40
1.0
 40
1.0
 40
1.0
 10
9.488188976377952
 20
99.54488188976377
 30
0.0
 10
8.937007874015748
 20
99.4531496062992
 30
0.0
 10
8.720472440944881
 20
99.92795275590551
 30
0.0
 10
8.826377952755905
 20
100.04881889763779
 30
0.0
  0
SPLINE
  5
129
330
17
100
AcDbEntity
  8
Narrow door casing B
100
AcDbSpline
 70
0
 71
3
 72
8
 73
4
 74
0
 40
0.0
 40
0.0
 40
0.0
 40
0.0
 40
1.0
 40
1.0
 40
1.0
 40
1.0
 10
8.826377952755905
 20
100.04881889763779
 30
0.0
 10
8.931889763779527
 20
99.92795275590551
 30
0.0
 10
9.430314960629921
 20
100.10039370078741
 30
0.0
 10
9.488188976377952
 20
99.54488188976377
 30
0.0
  0
SPLINE
  5
12A
330
17
100
AcDbEntity
  8
Narrow door casing B
100
AcDbSpline
 70
0
 71
3
 72
8
 73
4
 74
0
 40
0.0
 40
0.0
 40
0.0
 40
0.0
 40
1.0
 40
1.0
 40
1.0
 40
1.0
 10
9.488188976377952
 20
99.54488188976377
 30
0.0
 10
9.28530183727034
 20
99.6994750656168
 30
0.0
 10
9.064698162729659
 20
99.86745406824147
 30
0.0
 10
8.826377952755905
 20
100.04881889763779
 30
0.0
  0
SPLINE
  5
12B
330
17
100
AcDbEntity
  8
Narrow door casing B
100
AcDbSpline
 70
0
 71
3
 72
8
 73
4
 74
0
 40
0.0
 40
0.0
 40
0.0
 40
0.0
 40
1.0
 40
1.0
 40
1.0
 40
1.0
 10
9.488188976377952
 20
99.54488188976377
 30
0.0
 10
8.868110236220472
 20
99.76535433070866
 30
0.0
 10
8.855905511811024
 20
100.24488188976378
 30
0.0
 10
9.031889763779528
 20
100.46574803149606
 30
0.0
  0
SPLINE
  5
12C
330
17
100
AcDbEntity
  8
Narrow door casing B
100
AcDbSpline
 70
0
 71
3
 72
8
 73
4
 74
0
 40
0.0
 40
0.0
 40
0.0
 40
0.0
 40
1.0
 40
1.0
 40
1.0
 40
1.0
 10
9.031889763779528
 20
100.46574803149606
 30
0.0
 10
9.207874015748033
 20
100.24488188976378
 30
0.0
 10
9.688582677165353
 20
100.17165354330709
 30
0.0
 10
9.488188976377952
 20
99.54488188976377
 30
0.0
  0
SPLINE
  5
12D
330
17
100
AcDbEntity
  8
Narrow door casing B
100
AcDbSpline
 70
0
 71
3
 72
8
 73
4
 74
0
 40
0.0
 40
0.0
 40
0.0
 40
0.0
 40
1.0
 40
1.0
 40
1.0
 40
1.0
 10
9.488188976377952
 20
99.54488188976377
 30
0.0
 10
9.348293963254592
 20
99.8272965879265
 30
0.0
 10
9.196194225721785
 20
100.13425196850393
 30
0.0
 10
9.031889763779528
 20
100.46574803149606
 30
0.0
  0
SPLINE
  5
12E
330
17
100
AcDbEntity
  8
Narrow door casing B
100
AcDbSpline
 70
0
 71
3
 72
8
 73
4
 74
0
 40
0.0
 40
0.0
 40
0.0
 40
0.0
 40
1.0
 40
1.0
 40
1.0
 40
1.0
 10
9.488188976377952
 20
99.54488188976377
 30
0.0
 10
8.979527559055118
 20
100.10787401574802
 30
0.0
 10
9.27007874015748
 20
100.4748031496063
 30
0.0
 10
9.488188976377952
 20
100.76850393700788
 30
0.0
  0
SPLINE
  5
12F
330
17
100
AcDbEntity
  8
Narrow door casing B
100
AcDbSpline
 70
0
 71
3
 72
8
 73
4
 74
0
 40
0.0
 40
0.0
 40
0.0
 40
0.0
 40
1.0
 40
1.0
 40
1.0
 40
1.0
 10
9.488188976377952
 20
100.76850393700788
 30
0.0
 10
9.706299212598426
 20
100.4748031496063
 30
0.0
 10
9.996850393700788
 20
100.10787401574802
 30
0.0
 10
9.488188976377952
 20
99.54488188976377
 30
0.0
  0
SPLINE
  5
130
330
17
100
AcDbEntity
  8
Narrow door casing B
100
AcDbSpline
 70
0
 71
3
 72
8
 73
4
 74
0
 40
0.0
 40
0.0
 40
0.0
 40
0.0
 40
1.0
 40
1.0
 40
1.0
 40
1.0
 10
9.488188976377952
 20
99.54488188976377
 30
0.0
 10
9.488188976377952
 20
99.92020997375327
 30
0.0
 10
9.488188976377952
 20
100.32808398950131
 30
0.0
 10
9.488188976377952
 20
100.76850393700788
 30
0.0
  0
SPLINE
  5
131
330
17
100
AcDbEntity
  8
Narrow door casing B
100
AcDbSpline
 70
0
 71
3
 72
8
 73
4
 74
0
 40
0.0
 40
0.0
 40
0.0
 40
0.0
 40
1.0
 40
1.0
 40
1.0
 40
1.0
 10
9.488188976377952
 20
99.54488188976377
 30
0.0
 10
9.28779527559055
 20
100.17165354330709
 30
0.0
 10
9.768503937007875
 20
100.24488188976378
 30
0.0
 10
9.944488188976377
 20
100.46574803149606
 30
0.0
  0
SPLINE
  5
132
330
17
100
AcDbEntity
  8
Narrow door casing B
100
AcDbSpline
 70
0
 71
3
 72
8
 73
4
 74
0
 40
0.0
 40
0.0
 40
0.0
 40
0.0
 40
1.0
 40
1.0
 40
1.0
 40
1.0
 10
9.944488188976377
 20
100.46574803149606
 30
0.0
 10
10.120472440944882
 20
100.24488188976378
 30
0.0
 10
10.108267716535433
 20
99.76535433070866
 30
0.0
 10
9.488188976377952
 20
99.54488188976377
 30
0.0
  0
SPLINE
  5
133
330
17
100
AcDbEntity
  8
Narrow door casing B
100
AcDbSpline
 70
0
 71
3
 72
8
 73
4
 74
0
 40
0.0
 40
0.0
 40
0.0
 40
0.0
 40
1.0
 40
1.0
 40
1.0
 40
1.0
 10
9.488188976377952
 20
99.54488188976377
 30
0.0
 10
9.628083989501311
 20
99.8272965879265
 30
0.0
 10
9.780183727034121
 20
100.13425196850393
 30
0.0
 10
9.944488188976377
 20
100.46574803149606
 30
0.0
  0
SPLINE
  5
134
330
17
100
AcDbEntity
  8
Narrow door casing B
100
AcDbSpline
 70
0
 71
3
 72
8
 73
4
 74
0
 40
0.0
 40
0.0
 40
0.0
 40
0.0
 40
1.0
 40
1.0
 40
1.0
 40
1.0
 10
9.488188976377952
 20
99.54488188976377
 30
0.0
 10
9.546062992125984
 20
100.10039370078741
 30
0.0
 10
10.044488188976377
 20
99.92795275590551
 30
0.0
 10
10.15
 20
100.04881889763779
 30
0.0
  0
SPLINE
  5
135
330
17
100
AcDbEntity
  8
Narrow door casing B
100
AcDbSpline
 70
0
 71
3
 72
8
 73
4
 74
0
 40
0.0
 40
0.0
 40
0.0
 40
0.0
 40
1.0
 40
1.0
 40
1.0
 40
1.0
 10
10.15
 20
100.04881889763779
 30
0.0
 10
10.255905511811024
 20
99.92795275590551
 30
0.0
 10
10.039370078740157
 20
99.4531496062992
 30
0.0
 10
9.488188976377952
 20
99.54488188976377
 30
0.0
  0
SPLINE
  5
136
330
17
100
AcDbEntity
  8
Narrow door casing B
100
AcDbSpline
 70
0
 71
3
 72
8
 73
4
 74
0
 40
0.0
 40
0.0
 40
0.0
 40
0.0
 40
1.0
 40
1.0
 40
1.0
 40
1.0
 10
9.488188976377952
 20
99.54488188976377
 30
0.0
 10
9.691076115485563
 20
99.6994750656168
 30
0.0
 10
9.911679790026247
 20
99.86745406824147
 30
0.0
 10
10.15
 20
100.04881889763779
 30
0.0
  0
LWPOLYLINE
  5
137
330
17
100
AcDbEntity
  8
Narrow door casing B
100
AcDbPolyline
 90
27
 70
0
 10
7.817716535433071
 20
100.20551181102363
 10
7.725590551181102
 20
100.17913385826772
 10
7.653543307086614
 20
100.12047244094488
 10
7.611811023622047
 20
100.04094488188976
 10
7.604724409448819
 20
99.95472440944881
 10
7.631102362204724
 20
99.8755905511811
 10
7.684251968503937
 20
99.81535433070866
 10
7.754330708661417
 20
99.78228346456693
 10
7.8283464566929135
 20
99.77952755905511
 10
7.894488188976378
 20
99.80511811023622
 10
7.942913385826771
 20
99.85236220472441
 10
7.967716535433071
 20
99.91220472440945
 10
7.966929133858268
 20
99.97401574803149
 10
7.9433070866141735
 20
100.0275590551181
 10
7.902362204724409
 20
100.06496062992126
 10
7.8527559055118115
 20
100.08228346456693
 10
7.803937007874016
 20
100.07834645669291
 10
7.762992125984252
 20
100.05708661417323
 10
7.7362204724409445
 20
100.02322834645669
 10
7.725984251968504
 20
99.98464566929134
 10
7.731889763779527
 20
99.9484251968504
 10
7.75
 20
99.92007874015748
 10
7.775984251968504
 20
99.90314960629921
 10
7.803543307086614
 20
99.8992125984252
 10
7.827165354330709
 20
99.90669291338583
 10
7.843307086614173
 20
99.92125984251969
 10
7.850393700787402
 20
99.93858267716536
  0
LWPOLYLINE
  5
138
330
17
100
AcDbEntity
  8
Narrow door casing B
100
AcDbPolyline
 90
27
 70
0
 10
11.158661417322834
 20
100.20551181102363
 10
11.250787401574803
 20
100.17913385826772
 10
11.32283464566929
 20
100.12047244094488
 10
11.364566929133858
 20
100.04094488188976
 10
11.371653543307087
 20
99.95472440944881
 10
11.345275590551182
 20
99.8755905511811
 10
11.292125984251967
 20
99.81535433070866
 10
11.222047244094489
 20
99.78228346456693
 10
11.148031496062991
 20
99.77952755905511
 10
11.081889763779527
 20
99.80511811023622
 10
11.033464566929133
 20
99.85236220472441
 10
11.008661417322834
 20
99.91220472440945
 10
11.009448818897638
 20
99.97401574803149
 10
11.033070866141731
 20
100.0275590551181
 10
11.074015748031496
 20
100.06496062992126
 10
11.123622047244094
 20
100.08228346456693
 10
11.17244094488189
 20
100.07834645669291
 10
11.213385826771653
 20
100.05708661417323
 10
11.240157480314961
 20
100.02322834645669
 10
11.250393700787402
 20
99.98464566929134
 10
11.244488188976378
 20
99.9484251968504
 10
11.226377952755906
 20
99.92007874015748
 10
11.200393700787401
 20
99.90314960629921
 10
11.172834645669292
 20
99.8992125984252
 10
11.149212598425198
 20
99.90669291338583
 10
11.133070866141733
 20
99.92125984251969
 10
11.125984251968504
 20
99.93858267716536
  0
SPLINE
  5
139
330
17
100
AcDbEntity
  8
Narrow door casing B
100
AcDbSpline
 70
0
 71
3
 72
8
 73
4
 74
0
 40
0.0
 40
0.0
 40
0.0
 40
0.0
 40
1.0
 40
1.0
 40
1.0
 40
1.0
 10
8.82007874015748
 20
99.54488188976377
 30
0.0
 10
9.265485564304461
 20
99.66719160104986
 30
0.0
 10
9.710892388451443
 20
99.66719160104986
 30
0.0
 10
10.156299212598425
 20
99.54488188976377
 30
0.0
  0
SPLINE
  5
13A
330
17
100
AcDbEntity
  8
Narrow door casing B
100
AcDbSpline
 70
0
 71
3
 72
8
 73
4
 74
0
 40
0.0
 40
0.0
 40
0.0
 40
0.0
 40
1.0
 40
1.0
 40
1.0
 40
1.0
 10
10.156299212598425
 20
99.54488188976377
 30
0.0
 10
9.710892388451443
 20
99.44698162729658
 30
0.0
 10
9.265485564304461
 20
99.44698162729658
 30
0.0
 10
8.82007874015748
 20
99.54488188976377
 30
0.0
  0
LINE
  5
13B
330
17
100
AcDbEntity
  8
Narrow door casing B
100
AcDbLine
 10
9.488188976377952
 20
99.1771653543307
 30
0.0
 11
9.488188976377952
 21
92.4015748031496
 31
0.0
  0
SPLINE
  5
13C
330
17
100
AcDbEntity
  8
Narrow door casing B
100
AcDbSpline
 70
0
 71
3
 72
8
 73
4
 74
0
 40
0.0
 40
0.0
 40
0.0
 40
0.0
 40
1.0
 40
1.0
 40
1.0
 40
1.0
 10
7.834645669291339
 20
97.78425196850394
 30
0.0
 10
8.56220472440945
 20
98.5230971128609
 30
0.0
 10
9.113385826771653
 20
98.93359580052494
 30
0.0
 10
9.488188976377952
 20
99.01574803149606
 30
0.0
  0
SPLINE
  5
13D
330
17
100
AcDbEntity
  8
Narrow door casing B
100
AcDbSpline
 70
0
 71
3
 72
8
 73
4
 74
0
 40
0.0
 40
0.0
 40
0.0
 40
0.0
 40
1.0
 40
1.0
 40
1.0
 40
1.0
 10
9.488188976377952
 20
99.01574803149606
 30
0.0
 10
9.86299212598425
 20
98.93359580052494
 30
0.0
 10
10.414173228346456
 20
98.5230971128609
 30
0.0
 10
11.141732283464567
 20
97.78425196850394
 30
0.0
  0
SPLINE
  5
13E
330
17
100
AcDbEntity
  8
Narrow door casing B
100
AcDbSpline
 70
0
 71
3
 72
8
 73
4
 74
0
 40
0.0
 40
0.0
 40
0.0
 40
0.0
 40
1.0
 40
1.0
 40
1.0
 40
1.0
 10
7.849606299212598
 20
97.55826771653543
 30
0.0
 10
8.570603674540681
 20
98.29711286089238
 30
0.0
 10
9.116797900262467
 20
98.70761154855643
 30
0.0
 10
9.488188976377952
 20
98.78976377952756
 30
0.0
  0
SPLINE
  5
13F
330
17
100
AcDbEntity
  8
Narrow door casing B
100
AcDbSpline
 70
0
 71
3
 72
8
 73
4
 74
0
 40
0.0
 40
0.0
 40
0.0
 40
0.0
 40
1.0
 40
1.0
 40
1.0
 40
1.0
 10
9.488188976377952
 20
98.78976377952756
 30
0.0
 10
9.859580052493438
 20
98.70761154855643
 30
0.0
 10
10.405774278215224
 20
98.29711286089238
 30
0.0
 10
11.126771653543308
 20
97.55826771653543
 30
0.0
  0
SPLINE
  5
140
330
17
100
AcDbEntity
  8
Narrow door casing B
100
AcDbSpline
 70
0
 71
3
 72
8
 73
4
 74
0
 40
0.0
 40
0.0
 40
0.0
 40
0.0
 40
1.0
 40
1.0
 40
1.0
 40
1.0
 10
7.8700787401574805
 20
97.24606299212599
 30
0.0
 10
8.58215223097113
 20
97.98490813648294
 30
0.0
 10
9.121522309711287
 20
98.39540682414699
 30
0.0
 10
9.488188976377952
 20
98.4775590551181
 30
0.0
  0
SPLINE
  5
141
330
17
100
AcDbEntity
  8
Narrow door casing B
100
AcDbSpline
 70
0
 71
3
 72
8
 73
4
 74
0
 40
0.0
 40
0.0
 40
0.0
 40
0.0
 40
1.0
 40
1.0
 40
1.0
 40
1.0
 10
9.488188976377952
 20
98.4775590551181
 30
0.0
 10
9.854855643044619
 20
98.39540682414699
 30
0.0
 10
10.394225721784776
 20
97.98490813648294
 30
0.0
 10
11.106299212598426
 20
97.24606299212599
 30
0.0
  0
SPLINE
  5
142
330
17
100
AcDbEntity
  8
Narrow door casing B
100
AcDbSpline
 70
0
 71
3
 72
8
 73
4
 74
0
 40
0.0
 40
0.0
 40
0.0
 40
0.0
 40
1.0
 40
1.0
 40
1.0
 40
1.0
 10
7.88503937007874
 20
97.02007874015747
 30
0.0
 10
8.59028871391076
 20
97.75892388451443
 30
0.0
 10
9.124671916010499
 20
98.16942257217848
 30
0.0
 10
9.488188976377952
 20
98.25157480314961
 30
0.0
  0
SPLINE
  5
143
330
17
100
AcDbEntity
  8
Narrow door casing B
100
AcDbSpline
 70
0
 71
3
 72
8
 73
4
 74
0
 40
0.0
 40
0.0
 40
0.0
 40
0.0
 40
1.0
 40
1.0
 40
1.0
 40
1.0
 10
9.488188976377952
 20
98.25157480314961
 30
0.0
 10
9.851706036745407
 20
98.16942257217848
 30
0.0
 10
10.386089238845145
 20
97.75892388451443
 30
0.0
 10
11.091338582677166
 20
97.02007874015747
 30
0.0
  0
SPLINE
  5
144
330
17
100
AcDbEntity
  8
Narrow door casing B
100
AcDbSpline
 70
0
 71
3
 72
8
 73
4
 74
0
 40
0.0
 40
0.0
 40
0.0
 40
0.0
 40
1.0
 40
1.0
 40
1.0
 40
1.0
 10
7.905511811023622
 20
96.70787401574803
 30
0.0
 10
8.601837270341207
 20
97.44671916010498
 30
0.0
 10
9.129396325459316
 20
97.85721784776902
 30
0.0
 10
9.488188976377952
 20
97.93937007874015
 30
0.0
  0
SPLINE
  5
145
330
17
100
AcDbEntity
  8
Narrow door casing B
100
AcDbSpline
 70
0
 71
3
 72
8
 73
4
 74
0
 40
0.0
 40
0.0
 40
0.0
 40
0.0
 40
1.0
 40
1.0
 40
1.0
 40
1.0
 10
9.488188976377952
 20
97.93937007874015
 30
0.0
 10
9.846981627296588
 20
97.85721784776902
 30
0.0
 10
10.374540682414697
 20
97.44671916010498
 30
0.0
 10
11.070866141732283
 20
96.70787401574803
 30
0.0
  0
SPLINE
  5
146
330
17
100
AcDbEntity
  8
Narrow door casing B
100
AcDbSpline
 70
0
 71
3
 72
8
 73
4
 74
0
 40
0.0
 40
0.0
 40
0.0
 40
0.0
 40
1.0
 40
1.0
 40
1.0
 40
1.0
 10
7.920472440944882
 20
96.48149606299212
 30
0.0
 10
8.61023622047244
 20
97.22060367454068
 30
0.0
 10
9.13280839895013
 20
97.63110236220471
 30
0.0
 10
9.488188976377952
 20
97.71299212598424
 30
0.0
  0
SPLINE
  5
147
330
17
100
AcDbEntity
  8
Narrow door casing B
100
AcDbSpline
 70
0
 71
3
 72
8
 73
4
 74
0
 40
0.0
 40
0.0
 40
0.0
 40
0.0
 40
1.0
 40
1.0
 40
1.0
 40
1.0
 10
9.488188976377952
 20
97.71299212598424
 30
0.0
 10
9.843569553805773
 20
97.63110236220471
 30
0.0
 10
10.366141732283465
 20
97.22060367454068
 30
0.0
 10
11.055905511811023
 20
96.48149606299212
 30
0.0
  0
SPLINE
  5
148
330
17
100
AcDbEntity
  8
Narrow door casing B
100
AcDbSpline
 70
0
 71
3
 72
8
 73
4
 74
0
 40
0.0
 40
0.0
 40
0.0
 40
0.0
 40
1.0
 40
1.0
 40
1.0
 40
1.0
 10
7.940944881889764
 20
96.16929133858267
 30
0.0
 10
8.621784776902889
 20
96.90839895013123
 30
0.0
 10
9.13753280839895
 20
97.31889763779527
 30
0.0
 10
9.488188976377952
 20
97.4007874015748
 30
0.0
  0
SPLINE
  5
149
330
17
100
AcDbEntity
  8
Narrow door casing B
100
AcDbSpline
 70
0
 71
3
 72
8
 73
4
 74
0
 40
0.0
 40
0.0
 40
0.0
 40
0.0
 40
1.0
 40
1.0
 40
1.0
 40
1.0
 10
9.488188976377952
 20
97.4007874015748
 30
0.0
 10
9.838845144356956
 20
97.31889763779527
 30
0.0
 10
10.354593175853019
 20
96.90839895013123
 30
0.0
 10
11.03543307086614
 20
96.16929133858267
 30
0.0
  0
SPLINE
  5
14A
330
17
100
AcDbEntity
  8
Narrow door casing B
100
AcDbSpline
 70
0
 71
3
 72
8
 73
4
 74
0
 40
0.0
 40
0.0
 40
0.0
 40
0.0
 40
1.0
 40
1.0
 40
1.0
 40
1.0
 10
7.955905511811023
 20
95.94330708661417
 30
0.0
 10
8.63018372703412
 20
96.68215223097113
 30
0.0
 10
9.140944881889764
 20
97.09265091863517
 30
0.0
 10
9.488188976377952
 20
97.1748031496063
 30
0.0
  0
SPLINE
  5
14B
330
17
100
AcDbEntity
  8
Narrow door casing B
100
AcDbSpline
 70
0
 71
3
 72
8
 73
4
 74
0
 40
0.0
 40
0.0
 40
0.0
 40
0.0
 40
1.0
 40
1.0
 40
1.0
 40
1.0
 10
9.488188976377952
 20
97.1748031496063
 30
0.0
 10
9.835433070866141
 20
97.09265091863517
 30
0.0
 10
10.346194225721785
 20
96.68215223097113
 30
0.0
 10
11.020472440944882
 20
95.94330708661417
 30
0.0
  0
SPLINE
  5
14C
330
17
100
AcDbEntity
  8
Narrow door casing B
100
AcDbSpline
 70
0
 71
3
 72
8
 73
4
 74
0
 40
0.0
 40
0.0
 40
0.0
 40
0.0
 40
1.0
 40
1.0
 40
1.0
 40
1.0
 10
7.9763779527559056
 20
95.63110236220473
 30
0.0
 10
8.641469816272966
 20
96.36994750656167
 30
0.0
 10
9.145406824146981
 20
96.78044619422572
 30
0.0
 10
9.488188976377952
 20
96.86259842519685
 30
0.0
  0
SPLINE
  5
14D
330
17
100
AcDbEntity
  8
Narrow door casing B
100
AcDbSpline
 70
0
 71
3
 72
8
 73
4
 74
0
 40
0.0
 40
0.0
 40
0.0
 40
0.0
 40
1.0
 40
1.0
 40
1.0
 40
1.0
 10
9.488188976377952
 20
96.86259842519685
 30
0.0
 10
9.830971128608924
 20
96.78044619422572
 30
0.0
 10
10.33490813648294
 20
96.36994750656167
 30
0.0
 10
11.0
 20
95.63110236220473
 30
0.0
  0
SPLINE
  5
14E
330
17
100
AcDbEntity
  8
Narrow door casing B
100
AcDbSpline
 70
0
 71
3
 72
8
 73
4
 74
0
 40
0.0
 40
0.0
 40
0.0
 40
0.0
 40
1.0
 40
1.0
 40
1.0
 40
1.0
 10
7.991338582677165
 20
95.40511811023622
 30
0.0
 10
8.649868766404198
 20
96.14396325459317
 30
0.0
 10
9.148818897637794
 20
96.55446194225722
 30
0.0
 10
9.488188976377952
 20
96.63661417322834
 30
0.0
  0
SPLINE
  5
14F
330
17
100
AcDbEntity
  8
Narrow door casing B
100
AcDbSpline
 70
0
 71
3
 72
8
 73
4
 74
0
 40
0.0
 40
0.0
 40
0.0
 40
0.0
 40
1.0
 40
1.0
 40
1.0
 40
1.0
 10
9.488188976377952
 20
96.63661417322834
 30
0.0
 10
9.82755905511811
 20
96.55446194225722
 30
0.0
 10
10.326509186351705
 20
96.14396325459317
 30
0.0
 10
10.98503937007874
 20
95.40511811023622
 30
0.0
  0
SPLINE
  5
150
330
17
100
AcDbEntity
  8
Narrow door casing B
100
AcDbSpline
 70
0
 71
3
 72
8
 73
4
 74
0
 40
0.0
 40
0.0
 40
0.0
 40
0.0
 40
1.0
 40
1.0
 40
1.0
 40
1.0
 10
8.011811023622048
 20
95.09291338582678
 30
0.0
 10
8.661417322834646
 20
95.83175853018372
 30
0.0
 10
9.153543307086613
 20
96.24225721784777
 30
0.0
 10
9.488188976377952
 20
96.3244094488189
 30
0.0
  0
SPLINE
  5
151
330
17
100
AcDbEntity
  8
Narrow door casing B
100
AcDbSpline
 70
0
 71
3
 72
8
 73
4
 74
0
 40
0.0
 40
0.0
 40
0.0
 40
0.0
 40
1.0
 40
1.0
 40
1.0
 40
1.0
 10
9.488188976377952
 20
96.3244094488189
 30
0.0
 10
9.82283464566929
 20
96.24225721784777
 30
0.0
 10
10.314960629921261
 20
95.83175853018372
 30
0.0
 10
10.96456692913386
 20
95.09291338582678
 30
0.0
  0
SPLINE
  5
152
330
17
100
AcDbEntity
  8
Narrow door casing B
100
AcDbSpline
 70
0
 71
3
 72
8
 73
4
 74
0
 40
0.0
 40
0.0
 40
0.0
 40
0.0
 40
1.0
 40
1.0
 40
1.0
 40
1.0
 10
8.026771653543307
 20
94.86692913385826
 30
0.0
 10
8.66981627296588
 20
95.60577427821522
 30
0.0
 10
9.156955380577427
 20
96.01627296587927
 30
0.0
 10
9.488188976377952
 20
96.0984251968504
 30
0.0
  0
SPLINE
  5
153
330
17
100
AcDbEntity
  8
Narrow door casing B
100
AcDbSpline
 70
0
 71
3
 72
8
 73
4
 74
0
 40
0.0
 40
0.0
 40
0.0
 40
0.0
 40
1.0
 40
1.0
 40
1.0
 40
1.0
 10
9.488188976377952
 20
96.0984251968504
 30
0.0
 10
9.819422572178476
 20
96.01627296587927
 30
0.0
 10
10.306561679790025
 20
95.60577427821522
 30
0.0
 10
10.949606299212599
 20
94.86692913385826
 30
0.0
  0
SPLINE
  5
154
330
17
100
AcDbEntity
  8
Narrow door casing B
100
AcDbSpline
 70
0
 71
3
 72
8
 73
4
 74
0
 40
0.0
 40
0.0
 40
0.0
 40
0.0
 40
1.0
 40
1.0
 40
1.0
 40
1.0
 10
8.047244094488189
 20
94.55472440944882
 30
0.0
 10
8.681364829396326
 20
95.29356955380577
 30
0.0
 10
9.161679790026247
 20
95.70406824146981
 30
0.0
 10
9.488188976377952
 20
95.78622047244095
 30
0.0
  0
SPLINE
  5
155
330
17
100
AcDbEntity
  8
Narrow door casing B
100
AcDbSpline
 70
0
 71
3
 72
8
 73
4
 74
0
 40
0.0
 40
0.0
 40
0.0
 40
0.0
 40
1.0
 40
1.0
 40
1.0
 40
1.0
 10
9.488188976377952
 20
95.78622047244095
 30
0.0
 10
9.814698162729659
 20
95.70406824146981
 30
0.0
 10
10.295013123359581
 20
95.29356955380577
 30
0.0
 10
10.929133858267717
 20
94.55472440944882
 30
0.0
  0
SPLINE
  5
156
330
17
100
AcDbEntity
  8
Narrow door casing B
100
AcDbSpline
 70
0
 71
3
 72
8
 73
4
 74
0
 40
0.0
 40
0.0
 40
0.0
 40
0.0
 40
1.0
 40
1.0
 40
1.0
 40
1.0
 10
8.06220472440945
 20
94.32874015748031
 30
0.0
 10
8.689501312335958
 20
95.06758530183727
 30
0.0
 10
9.164829396325459
 20
95.47808398950131
 30
0.0
 10
9.488188976377952
 20
95.56023622047243
 30
0.0
  0
SPLINE
  5
157
330
17
100
AcDbEntity
  8
Narrow door casing B
100
AcDbSpline
 70
0
 71
3
 72
8
 73
4
 74
0
 40
0.0
 40
0.0
 40
0.0
 40
0.0
 40
1.0
 40
1.0
 40
1.0
 40
1.0
 10
9.488188976377952
 20
95.56023622047243
 30
0.0
 10
9.811548556430447
 20
95.47808398950131
 30
0.0
 10
10.286876640419948
 20
95.06758530183727
 30
0.0
 10
10.914173228346456
 20
94.32874015748031
 30
0.0
  0
SPLINE
  5
158
330
17
100
AcDbEntity
  8
Narrow door casing B
100
AcDbSpline
 70
0
 71
3
 72
8
 73
4
 74
0
 40
0.0
 40
0.0
 40
0.0
 40
0.0
 40
1.0
 40
1.0
 40
1.0
 40
1.0
 10
8.082677165354331
 20
94.01653543307086
 30
0.0
 10
8.701049868766404
 20
94.75538057742781
 30
0.0
 10
9.169553805774278
 20
95.16587926509186
 30
0.0
 10
9.488188976377952
 20
95.24803149606299
 30
0.0
  0
SPLINE
  5
159
330
17
100
AcDbEntity
  8
Narrow door casing B
100
AcDbSpline
 70
0
 71
3
 72
8
 73
4
 74
0
 40
0.0
 40
0.0
 40
0.0
 40
0.0
 40
1.0
 40
1.0
 40
1.0
 40
1.0
 10
9.488188976377952
 20
95.24803149606299
 30
0.0
 10
9.806824146981628
 20
95.16587926509186
 30
0.0
 10
10.275328083989502
 20
94.75538057742781
 30
0.0
 10
10.893700787401574
 20
94.01653543307086
 30
0.0
  0
SPLINE
  5
15A
330
17
100
AcDbEntity
  8
Narrow door casing B
100
AcDbSpline
 70
0
 71
3
 72
8
 73
4
 74
0
 40
0.0
 40
0.0
 40
0.0
 40
0.0
 40
1.0
 40
1.0
 40
1.0
 40
1.0
 10
8.09763779527559
 20
93.79015748031496
 30
0.0
 10
8.709448818897638
 20
94.52926509186352
 30
0.0
 10
9.17296587926509
 20
94.93976377952755
 30
0.0
 10
9.488188976377952
 20
95.02165354330708
 30
0.0
  0
SPLINE
  5
15B
330
17
100
AcDbEntity
  8
Narrow door casing B
100
AcDbSpline
 70
0
 71
3
 72
8
 73
4
 74
0
 40
0.0
 40
0.0
 40
0.0
 40
0.0
 40
1.0
 40
1.0
 40
1.0
 40
1.0
 10
9.488188976377952
 20
95.02165354330708
 30
0.0
 10
9.803412073490813
 20
94.93976377952755
 30
0.0
 10
10.266929133858268
 20
94.52926509186352
 30
0.0
 10
10.878740157480316
 20
93.79015748031496
 30
0.0
  0
SPLINE
  5
15C
330
17
100
AcDbEntity
  8
Narrow door casing B
100
AcDbSpline
 70
0
 71
3
 72
8
 73
4
 74
0
 40
0.0
 40
0.0
 40
0.0
 40
0.0
 40
1.0
 40
1.0
 40
1.0
 40
1.0
 10
8.118110236220472
 20
93.4779527559055
 30
0.0
 10
8.720997375328084
 20
94.21706036745407
 30
0.0
 10
9.17769028871391
 20
94.62755905511811
 30
0.0
 10
9.488188976377952
 20
94.70944881889764
 30
0.0
  0
SPLINE
  5
15D
330
17
100
AcDbEntity
  8
Narrow door casing B
100
AcDbSpline
 70
0
 71
3
 72
8
 73
4
 74
0
 40
0.0
 40
0.0
 40
0.0
 40
0.0
 40
1.0
 40
1.0
 40
1.0
 40
1.0
 10
9.488188976377952
 20
94.70944881889764
 30
0.0
 10
9.798687664041994
 20
94.62755905511811
 30
0.0
 10
10.255380577427822
 20
94.21706036745407
 30
0.0
 10
10.858267716535433
 20
93.4779527559055
 30
0.0
  0
SPLINE
  5
15E
330
17
100
AcDbEntity
  8
Narrow door casing B
100
AcDbSpline
 70
0
 71
3
 72
8
 73
4
 74
0
 40
0.0
 40
0.0
 40
0.0
 40
0.0
 40
1.0
 40
1.0
 40
1.0
 40
1.0
 10
8.133070866141733
 20
93.25196850393701
 30
0.0
 10
8.729396325459318
 20
93.99081364829397
 30
0.0
 10
9.181102362204724
 20
94.40131233595801
 30
0.0
 10
9.488188976377952
 20
94.48346456692913
 30
0.0
  0
SPLINE
  5
15F
330
17
100
AcDbEntity
  8
Narrow door casing B
100
AcDbSpline
 70
0
 71
3
 72
8
 73
4
 74
0
 40
0.0
 40
0.0
 40
0.0
 40
0.0
 40
1.0
 40
1.0
 40
1.0
 40
1.0
 10
9.488188976377952
 20
94.48346456692913
 30
0.0
 10
9.795275590551181
 20
94.40131233595801
 30
0.0
 10
10.246981627296588
 20
93.99081364829397
 30
0.0
 10
10.843307086614173
 20
93.25196850393701
 30
0.0
  0
SPLINE
  5
160
330
17
100
AcDbEntity
  8
Narrow door casing B
100
AcDbSpline
 70
0
 71
3
 72
8
 73
4
 74
0
 40
0.0
 40
0.0
 40
0.0
 40
0.0
 40
1.0
 40
1.0
 40
1.0
 40
1.0
 10
8.153543307086615
 20
92.93976377952755
 30
0.0
 10
8.740682414698163
 20
93.67860892388451
 30
0.0
 10
9.185564304461943
 20
94.08910761154856
 30
0.0
 10
9.488188976377952
 20
94.17125984251969
 30
0.0
  0
SPLINE
  5
161
330
17
100
AcDbEntity
  8
Narrow door casing B
100
AcDbSpline
 70
0
 71
3
 72
8
 73
4
 74
0
 40
0.0
 40
0.0
 40
0.0
 40
0.0
 40
1.0
 40
1.0
 40
1.0
 40
1.0
 10
9.488188976377952
 20
94.17125984251969
 30
0.0
 10
9.790813648293964
 20
94.08910761154856
 30
0.0
 10
10.235695538057744
 20
93.67860892388451
 30
0.0
 10
10.822834645669293
 20
92.93976377952755
 30
0.0
  0
SPLINE
  5
162
330
17
100
AcDbEntity
  8
Narrow door casing B
100
AcDbSpline
 70
0
 71
3
 72
8
 73
4
 74
0
 40
0.0
 40
0.0
 40
0.0
 40
0.0
 40
1.0
 40
1.0
 40
1.0
 40
1.0
 10
8.168503937007873
 20
92.71377952755905
 30
0.0
 10
8.749081364829395
 20
93.45262467191601
 30
0.0
 10
9.188976377952756
 20
93.86312335958006
 30
0.0
 10
9.488188976377952
 20
93.94527559055118
 30
0.0
  0
SPLINE
  5
163
330
17
100
AcDbEntity
  8
Narrow door casing B
100
AcDbSpline
 70
0
 71
3
 72
8
 73
4
 74
0
 40
0.0
 40
0.0
 40
0.0
 40
0.0
 40
1.0
 40
1.0
 40
1.0
 40
1.0
 10
9.488188976377952
 20
93.94527559055118
 30
0.0
 10
9.78740157480315
 20
93.86312335958006
 30
0.0
 10
10.227296587926508
 20
93.45262467191601
 30
0.0
 10
10.80787401574803
 20
92.71377952755905
 30
0.0
  0
SPLINE
  5
164
330
17
100
AcDbEntity
  8
Narrow door casing B
100
AcDbSpline
 70
0
 71
3
 72
8
 73
4
 74
0
 40
0.0
 40
0.0
 40
0.0
 40
0.0
 40
1.0
 40
1.0
 40
1.0
 40
1.0
 10
8.188976377952756
 20
92.4015748031496
 30
0.0
 10
8.760629921259843
 20
93.14041994750656
 30
0.0
 10
9.193700787401575
 20
93.5509186351706
 30
0.0
 10
9.488188976377952
 20
93.63307086614174
 30
0.0
  0
SPLINE
  5
165
330
17
100
AcDbEntity
  8
Narrow door casing B
100
AcDbSpline
 70
0
 71
3
 72
8
 73
4
 74
0
 40
0.0
 40
0.0
 40
0.0
 40
0.0
 40
1.0
 40
1.0
 40
1.0
 40
1.0
 10
9.488188976377952
 20
93.63307086614174
 30
0.0
 10
9.78267716535433
 20
93.5509186351706
 30
0.0
 10
10.215748031496062
 20
93.14041994750656
 30
0.0
 10
10.78740157480315
 20
92.4015748031496
 30
0.0
  0
SPLINE
  5
166
330
17
100
AcDbEntity
  8
Narrow door casing B
100
AcDbSpline
 70
0
 71
3
 72
8
 73
4
 74
0
 40
0.0
 40
0.0
 40
0.0
 40
0.0
 40
1.0
 40
1.0
 40
1.0
 40
1.0
 10
8.203937007874016
 20
92.1755905511811
 30
0.0
 10
8.769028871391075
 20
92.91443569553806
 30
0.0
 10
9.197112860892387
 20
93.3249343832021
 30
0.0
 10
9.488188976377952
 20
93.40708661417322
 30
0.0
  0
SPLINE
  5
167
330
17
100
AcDbEntity
  8
Narrow door casing B
100
AcDbSpline
 70
0
 71
3
 72
8
 73
4
 74
0
 40
0.0
 40
0.0
 40
0.0
 40
0.0
 40
1.0
 40
1.0
 40
1.0
 40
1.0
 10
9.488188976377952
 20
93.40708661417322
 30
0.0
 10
9.779265091863516
 20
93.3249343832021
 30
0.0
 10
10.20734908136483
 20
92.91443569553806
 30
0.0
 10
10.77244094488189
 20
92.1755905511811
 30
0.0
  0
LINE
  5
168
330
17
100
AcDbEntity
  8
Narrow door casing B
100
AcDbLine
 10
7.834645669291339
 20
97.78425196850392
 30
0.0
 11
8.188976377952756
 21
92.4015748031496
 31
0.0
  0
LINE
  5
169
330
17
100
AcDbEntity
  8
Narrow door casing B
100
AcDbLine
 10
11.141732283464567
 20
97.78425196850392
 30
0.0
 11
10.78740157480315
 21
92.4015748031496
 31
0.0
  0
LWPOLYLINE
  5
16A
330
17
100
AcDbEntity
  8
Narrow door casing B
100
AcDbPolyline
 90
5
 70
0
 10
7.716535433070866
 20
91.85039370078741
 10
11.259842519685039
 20
91.85039370078741
 10
11.259842519685039
 20
88.85826771653544
 10
7.716535433070866
 20
88.85826771653544
 10
7.716535433070866
 20
91.85039370078741
  0
LWPOLYLINE
  5
16B
330
17
100
AcDbEntity
  8
Narrow door casing B
100
AcDbPolyline
 90
5
 70
0
 10
9.488188976377952
 20
91.08188976377953
 10
10.874015748031496
 20
90.35433070866142
 10
9.488188976377952
 20
89.6267716535433
 10
8.10236220472441
 20
90.35433070866142
 10
9.488188976377952
 20
91.08188976377953
  0
LWPOLYLINE
  5
16C
330
17
100
AcDbEntity
  8
Narrow door casing B
100
AcDbPolyline
 90
5
 70
0
 10
9.488188976377952
 20
90.77637795275591
 10
10.29212598425197
 20
90.35433070866142
 10
9.488188976377952
 20
89.93228346456692
 10
8.684251968503936
 20
90.35433070866142
 10
9.488188976377952
 20
90.77637795275591
  0
SPLINE
  5
16D
330
17
100
AcDbEntity
  8
Narrow door casing B
100
AcDbSpline
 70
0
 71
3
 72
8
 73
4
 74
0
 40
0.0
 40
0.0
 40
0.0
 40
0.0
 40
1.0
 40
1.0
 40
1.0
 40
1.0
 10
8.543307086614174
 20
90.61417322834646
 30
0.0
 10
8.543307086614174
 20
91.34173228346457
 30
0.0
 10
9.299212598425196
 20
91.39370078740157
 30
0.0
 10
9.488188976377952
 20
90.82204724409449
 30
0.0
  0
SPLINE
  5
16E
330
17
100
AcDbEntity
  8
Narrow door casing B
100
AcDbSpline
 70
0
 71
3
 72
11
 73
7
 74
0
 40
0.0
 40
0.0
 40
0.0
 40
0.0
 40
1.0
 40
1.0
 40
1.0
 40
2.0
 40
2.0
 40
2.0
 40
2.0
 10
9.488188976377952
 20
90.82204724409449
 30
0.0
 10
9.677165354330707
 20
91.39370078740157
 30
0.0
 10
10.433070866141733
 20
91.34173228346457
 30
0.0
 10
10.433070866141733
 20
90.61417322834646
 30
0.0
 10
10.433070866141733
 20
89.99055118110236
 30
0.0
 10
9.866141732283465
 20
89.6267716535433
 30
0.0
 10
9.488188976377952
 20
89.15905511811023
 30
0.0
  0
SPLINE
  5
16F
330
17
100
AcDbEntity
  8
Narrow door casing B
100
AcDbSpline
 70
0
 71
3
 72
8
 73
4
 74
0
 40
0.0
 40
0.0
 40
0.0
 40
0.0
 40
1.0
 40
1.0
 40
1.0
 40
1.0
 10
9.488188976377952
 20
89.15905511811023
 30
0.0
 10
9.11023622047244
 20
89.6267716535433
 30
0.0
 10
8.543307086614174
 20
89.99055118110236
 30
0.0
 10
8.543307086614174
 20
90.61417322834646
 30
0.0
  0
SPLINE
  5
170
330
17
100
AcDbEntity
  8
Narrow door casing B
100
AcDbSpline
 70
0
 71
3
 72
8
 73
4
 74
0
 40
0.0
 40
0.0
 40
0.0
 40
0.0
 40
1.0
 40
1.0
 40
1.0
 40
1.0
 10
8.826771653543307
 20
90.53622047244095
 30
0.0
 10
8.826771653543307
 20
91.04566929133858
 30
0.0
 10
9.355905511811024
 20
91.08188976377953
 30
0.0
 10
9.488188976377952
 20
90.68188976377952
 30
0.0
  0
SPLINE
  5
171
330
17
100
AcDbEntity
  8
Narrow door casing B
100
AcDbSpline
 70
0
 71
3
 72
11
 73
7
 74
0
 40
0.0
 40
0.0
 40
0.0
 40
0.0
 40
1.0
 40
1.0
 40
1.0
 40
2.0
 40
2.0
 40
2.0
 40
2.0
 10
9.488188976377952
 20
90.68188976377952
 30
0.0
 10
9.620472440944882
 20
91.08188976377953
 30
0.0
 10
10.149606299212598
 20
91.04566929133858
 30
0.0
 10
10.149606299212598
 20
90.53622047244095
 30
0.0
 10
10.149606299212598
 20
90.0996062992126
 30
0.0
 10
9.752755905511812
 20
89.84488188976378
 30
0.0
 10
9.488188976377952
 20
89.51771653543307
 30
0.0
  0
SPLINE
  5
172
330
17
100
AcDbEntity
  8
Narrow door casing B
100
AcDbSpline
 70
0
 71
3
 72
8
 73
4
 74
0
 40
0.0
 40
0.0
 40
0.0
 40
0.0
 40
1.0
 40
1.0
 40
1.0
 40
1.0
 10
9.488188976377952
 20
89.51771653543307
 30
0.0
 10
9.223622047244096
 20
89.84488188976378
 30
0.0
 10
8.826771653543307
 20
90.0996062992126
 30
0.0
 10
8.826771653543307
 20
90.53622047244095
 30
0.0
  0
LWPOLYLINE
  5
173
330
17
100
AcDbEntity
  8
Narrow door casing B
100
AcDbPolyline
 90
2
 70
0
 10
10.208661417322835
 20
90.70354330708662
 10
10.735433070866142
 20
90.42716535433071
  0
LWPOLYLINE
  5
174
330
17
100
AcDbEntity
  8
Narrow door casing B
100
AcDbPolyline
 90
2
 70
0
 10
9.906299212598425
 20
90.55669291338583
 10
10.211417322834645
 20
90.39645669291339
  0
LWPOLYLINE
  5
175
330
17
100
AcDbEntity
  8
Narrow door casing B
100
AcDbPolyline
 90
2
 70
0
 10
8.76771653543307
 20
90.00511811023622
 10
8.240944881889764
 20
90.28149606299212
  0
LWPOLYLINE
  5
176
330
17
100
AcDbEntity
  8
Narrow door casing B
100
AcDbPolyline
 90
2
 70
0
 10
9.07007874015748
 20
90.15196850393701
 10
8.76496062992126
 20
90.31220472440944
  0
POLYLINE
  5
177
330
17
100
AcDbEntity
  8
Narrow door casing B
100
AcDb2dPolyline
 66
1
 10
0.0
 20
0.0
 30
0.0
 70
0
  0
VERTEX
  5
178
330
177
100
AcDbEntity
  8
Narrow door casing B
100
AcDbVertex
100
AcDb2dVertex
 10
49.527559055118104
 20
101.49606299212599
 30
0.0
 70
0
  0
VERTEX
  5
179
330
177
100
AcDbEntity
  8
Narrow door casing B
100
AcDbVertex
100
AcDb2dVertex
 10
44.96062992125984
 20
101.49606299212599
 30
0.0
 70
0
  0
SEQEND
  5
17A
330
177
100
AcDbEntity
  8
Narrow door casing B
  0
SPLINE
  5
17B
330
17
100
AcDbEntity
  8
Narrow door casing B
100
AcDbSpline
 70
0
 71
3
 72
8
 73
4
 74
0
 40
0.0
 40
0.0
 40
0.0
 40
0.0
 40
1.0
 40
1.0
 40
1.0
 40
1.0
 10
44.96062992125984
 20
101.49606299212599
 30
0.0
 10
44.80314960629921
 20
100.26653543307086
 30
0.0
 10
45.354330708661415
 20
99.85669291338583
 30
0.0
 10
45.2755905511811
 20
98.62716535433071
 30
0.0
  0
SPLINE
  5
17C
330
17
100
AcDbEntity
  8
Narrow door casing B
100
AcDbSpline
 70
0
 71
3
 72
11
 73
7
 74
0
 40
0.0
 40
0.0
 40
0.0
 40
0.0
 40
1.0
 40
1.0
 40
1.0
 40
2.0
 40
2.0
 40
2.0
 40
2.0
 10
45.2755905511811
 20
98.62716535433071
 30
0.0
 10
45.196850393700785
 20
96.30472440944882
 30
0.0
 10
45.039370078740156
 20
94.39212598425196
 30
0.0
 10
45.07874015748031
 20
91.93307086614173
 30
0.0
 10
45.11811023622047
 20
90.02047244094487
 30
0.0
 10
44.96062992125984
 20
89.61062992125984
 30
0.0
 10
44.96062992125984
 20
87.83464566929133
 30
0.0
  0
POLYLINE
  5
17D
330
17
100
AcDbEntity
  8
Narrow door casing B
100
AcDb2dPolyline
 66
1
 10
0.0
 20
0.0
 30
0.0
 70
0
  0
VERTEX
  5
17E
330
17D
100
AcDbEntity
  8
Narrow door casing B
100
AcDbVertex
100
AcDb2dVertex
 10
44.96062992125984
 20
87.83464566929133
 30
0.0
 70
0
  0
VERTEX
  5
17F
330
17D
100
AcDbEntity
  8
Narrow door casing B
100
AcDbVertex
100
AcDb2dVertex
 10
49.527559055118104
 20
87.83464566929133
 30
0.0
 70
0
  0
VERTEX
  5
180
330
17D
100
AcDbEntity
  8
Narrow door casing B
100
AcDbVertex
100
AcDb2dVertex
 10
49.527559055118104
 20
101.49606299212599
 30
0.0
 70
0
  0
SEQEND
  5
181
330
17D
100
AcDbEntity
  8
Narrow door casing B
  0
LINE
  5
182
330
17
100
AcDbEntity
  8
Narrow door casing B
100
AcDbLine
 10
45.511811023622045
 20
101.49606299212599
 30
0.0
 11
45.511811023622045
 21
87.83464566929133
 31
0.0
  0
LINE
  5
183
330
17
100
AcDbEntity
  8
Narrow door casing B
100
AcDbLine
 10
44.960629921259844
 20
100.8267716535433
 30
0.0
 11
49.52755905511811
 21
100.8267716535433
 31
0.0
  0
LINE
  5
184
330
17
100
AcDbEntity
  8
Narrow door casing B
100
AcDbLine
 10
45.18110236220472
 20
101.19488188976378
 30
0.0
 11
49.52755905511811
 21
101.19488188976378
 31
0.0
  0
LINE
  5
185
330
17
100
AcDbEntity
  8
Narrow door casing B
100
AcDbLine
 10
44.960629921259844
 20
88.62204724409449
 30
0.0
 11
49.52755905511811
 21
88.62204724409449
 31
0.0
  0
LWPOLYLINE
  5
186
330
17
100
AcDbEntity
  8
Narrow door casing B
100
AcDbPolyline
 90
5
 70
0
 10
45.23622047244094
 20
88.4251968503937
 10
49.527559055118104
 20
88.4251968503937
 10
49.527559055118104
 20
87.99212598425197
 10
45.23622047244094
 20
87.99212598425197
 10
45.23622047244094
 20
88.4251968503937
  0
LINE
  5
187
330
17
100
AcDbEntity
  8
Narrow door casing B
100
AcDbLine
 10
45.511811023622045
 20
99.37007874015748
 30
0.0
 11
49.52755905511811
 21
99.37007874015748
 31
0.0
  0
LINE
  5
188
330
17
100
AcDbEntity
  8
Narrow door casing B
100
AcDbLine
 10
45.511811023622045
 20
92.08661417322834
 30
0.0
 11
49.52755905511811
 21
92.08661417322834
 31
0.0
  0
SPLINE
  5
189
330
17
100
AcDbEntity
  8
Narrow door casing B
100
AcDbSpline
 70
0
 71
3
 72
8
 73
4
 74
0
 40
0.0
 40
0.0
 40
0.0
 40
0.0
 40
1.0
 40
1.0
 40
1.0
 40
1.0
 10
47.519685039370074
 20
99.54488188976377
 30
0.0
 10
46.968503937007874
 20
99.4531496062992
 30
0.0
 10
46.75196850393701
 20
99.92795275590551
 30
0.0
 10
46.85787401574803
 20
100.04881889763779
 30
0.0
  0
SPLINE
  5
18A
330
17
100
AcDbEntity
  8
Narrow door casing B
100
AcDbSpline
 70
0
 71
3
 72
8
 73
4
 74
0
 40
0.0
 40
0.0
 40
0.0
 40
0.0
 40
1.0
 40
1.0
 40
1.0
 40
1.0
 10
46.85787401574803
 20
100.04881889763779
 30
0.0
 10
46.96338582677165
 20
99.92795275590551
 30
0.0
 10
47.46181102362204
 20
100.10039370078741
 30
0.0
 10
47.519685039370074
 20
99.54488188976377
 30
0.0
  0
SPLINE
  5
18B
330
17
100
AcDbEntity
  8
Narrow door casing B
100
AcDbSpline
 70
0
 71
3
 72
8
 73
4
 74
0
 40
0.0
 40
0.0
 40
0.0
 40
0.0
 40
1.0
 40
1.0
 40
1.0
 40
1.0
 10
47.519685039370074
 20
99.54488188976377
 30
0.0
 10
47.316797900262465
 20
99.6994750656168
 30
0.0
 10
47.09619422572178
 20
99.86745406824147
 30
0.0
 10
46.85787401574803
 20
100.04881889763779
 30
0.0
  0
SPLINE
  5
18C
330
17
100
AcDbEntity
  8
Narrow door casing B
100
AcDbSpline
 70
0
 71
3
 72
8
 73
4
 74
0
 40
0.0
 40
0.0
 40
0.0
 40
0.0
 40
1.0
 40
1.0
 40
1.0
 40
1.0
 10
47.519685039370074
 20
99.54488188976377
 30
0.0
 10
46.89960629921259
 20
99.76535433070866
 30
0.0
 10
46.88740157480315
 20
100.24488188976378
 30
0.0
 10
47.06338582677165
 20
100.46574803149606
 30
0.0
  0
SPLINE
  5
18D
330
17
100
AcDbEntity
  8
Narrow door casing B
100
AcDbSpline
 70
0
 71
3
 72
8
 73
4
 74
0
 40
0.0
 40
0.0
 40
0.0
 40
0.0
 40
1.0
 40
1.0
 40
1.0
 40
1.0
 10
47.06338582677165
 20
100.46574803149606
 30
0.0
 10
47.23937007874015
 20
100.24488188976378
 30
0.0
 10
47.720078740157476
 20
100.17165354330709
 30
0.0
 10
47.519685039370074
 20
99.54488188976377
 30
0.0
  0
SPLINE
  5
18E
330
17
100
AcDbEntity
  8
Narrow door casing B
100
AcDbSpline
 70
0
 71
3
 72
8
 73
4
 74
0
 40
0.0
 40
0.0
 40
0.0
 40
0.0
 40
1.0
 40
1.0
 40
1.0
 40
1.0
 10
47.519685039370074
 20
99.54488188976377
 30
0.0
 10
47.37979002624672
 20
99.8272965879265
 30
0.0
 10
47.22769028871391
 20
100.13425196850393
 30
0.0
 10
47.06338582677165
 20
100.46574803149606
 30
0.0
  0
SPLINE
  5
18F
330
17
100
AcDbEntity
  8
Narrow door casing B
100
AcDbSpline
 70
0
 71
3
 72
8
 73
4
 74
0
 40
0.0
 40
0.0
 40
0.0
 40
0.0
 40
1.0
 40
1.0
 40
1.0
 40
1.0
 10
47.519685039370074
 20
99.54488188976377
 30
0.0
 10
47.01102362204724
 20
100.10787401574802
 30
0.0
 10
47.301574803149606
 20
100.4748031496063
 30
0.0
 10
47.519685039370074
 20
100.76850393700788
 30
0.0
  0
SPLINE
  5
190
330
17
100
AcDbEntity
  8
Narrow door casing B
100
AcDbSpline
 70
0
 71
3
 72
8
 73
4
 74
0
 40
0.0
 40
0.0
 40
0.0
 40
0.0
 40
1.0
 40
1.0
 40
1.0
 40
1.0
 10
47.519685039370074
 20
100.76850393700788
 30
0.0
 10
47.73779527559055
 20
100.4748031496063
 30
0.0
 10
48.028346456692915
 20
100.10787401574802
 30
0.0
 10
47.519685039370074
 20
99.54488188976377
 30
0.0
  0
SPLINE
  5
191
330
17
100
AcDbEntity
  8
Narrow door casing B
100
AcDbSpline
 70
0
 71
3
 72
8
 73
4
 74
0
 40
0.0
 40
0.0
 40
0.0
 40
0.0
 40
1.0
 40
1.0
 40
1.0
 40
1.0
 10
47.519685039370074
 20
99.54488188976377
 30
0.0
 10
47.519685039370074
 20
99.92020997375327
 30
0.0
 10
47.519685039370074
 20
100.32808398950131
 30
0.0
 10
47.519685039370074
 20
100.76850393700788
 30
0.0
  0
SPLINE
  5
192
330
17
100
AcDbEntity
  8
Narrow door casing B
100
AcDbSpline
 70
0
 71
3
 72
8
 73
4
 74
0
 40
0.0
 40
0.0
 40
0.0
 40
0.0
 40
1.0
 40
1.0
 40
1.0
 40
1.0
 10
47.519685039370074
 20
99.54488188976377
 30
0.0
 10
47.31929133858267
 20
100.17165354330709
 30
0.0
 10
47.79999999999999
 20
100.24488188976378
 30
0.0
 10
47.9759842519685
 20
100.46574803149606
 30
0.0
  0
SPLINE
  5
193
330
17
100
AcDbEntity
  8
Narrow door casing B
100
AcDbSpline
 70
0
 71
3
 72
8
 73
4
 74
0
 40
0.0
 40
0.0
 40
0.0
 40
0.0
 40
1.0
 40
1.0
 40
1.0
 40
1.0
 10
47.9759842519685
 20
100.46574803149606
 30
0.0
 10
48.151968503937006
 20
100.24488188976378
 30
0.0
 10
48.139763779527556
 20
99.76535433070866
 30
0.0
 10
47.519685039370074
 20
99.54488188976377
 30
0.0
  0
SPLINE
  5
194
330
17
100
AcDbEntity
  8
Narrow door casing B
100
AcDbSpline
 70
0
 71
3
 72
8
 73
4
 74
0
 40
0.0
 40
0.0
 40
0.0
 40
0.0
 40
1.0
 40
1.0
 40
1.0
 40
1.0
 10
47.519685039370074
 20
99.54488188976377
 30
0.0
 10
47.65958005249343
 20
99.8272965879265
 30
0.0
 10
47.81167979002624
 20
100.13425196850393
 30
0.0
 10
47.9759842519685
 20
100.46574803149606
 30
0.0
  0
SPLINE
  5
195
330
17
100
AcDbEntity
  8
Narrow door casing B
100
AcDbSpline
 70
0
 71
3
 72
8
 73
4
 74
0
 40
0.0
 40
0.0
 40
0.0
 40
0.0
 40
1.0
 40
1.0
 40
1.0
 40
1.0
 10
47.519685039370074
 20
99.54488188976377
 30
0.0
 10
47.57755905511811
 20
100.10039370078741
 30
0.0
 10
48.07598425196851
 20
99.92795275590551
 30
0.0
 10
48.18149606299212
 20
100.04881889763779
 30
0.0
  0
SPLINE
  5
196
330
17
100
AcDbEntity
  8
Narrow door casing B
100
AcDbSpline
 70
0
 71
3
 72
8
 73
4
 74
0
 40
0.0
 40
0.0
 40
0.0
 40
0.0
 40
1.0
 40
1.0
 40
1.0
 40
1.0
 10
48.18149606299212
 20
100.04881889763779
 30
0.0
 10
48.28740157480315
 20
99.92795275590551
 30
0.0
 10
48.07086614173228
 20
99.4531496062992
 30
0.0
 10
47.519685039370074
 20
99.54488188976377
 30
0.0
  0
SPLINE
  5
197
330
17
100
AcDbEntity
  8
Narrow door casing B
100
AcDbSpline
 70
0
 71
3
 72
8
 73
4
 74
0
 40
0.0
 40
0.0
 40
0.0
 40
0.0
 40
1.0
 40
1.0
 40
1.0
 40
1.0
 10
47.519685039370074
 20
99.54488188976377
 30
0.0
 10
47.722572178477684
 20
99.6994750656168
 30
0.0
 10
47.94317585301837
 20
99.86745406824147
 30
0.0
 10
48.18149606299212
 20
100.04881889763779
 30
0.0
  0
LWPOLYLINE
  5
198
330
17
100
AcDbEntity
  8
Narrow door casing B
100
AcDbPolyline
 90
27
 70
0
 10
45.8492125984252
 20
100.20551181102363
 10
45.757086614173225
 20
100.17913385826772
 10
45.685039370078734
 20
100.12047244094488
 10
45.64330708661417
 20
100.04094488188976
 10
45.63622047244094
 20
99.95472440944881
 10
45.66259842519685
 20
99.8755905511811
 10
45.715748031496055
 20
99.81535433070866
 10
45.78582677165354
 20
99.78228346456693
 10
45.85984251968504
 20
99.77952755905511
 10
45.9259842519685
 20
99.80511811023622
 10
45.974409448818896
 20
99.85236220472441
 10
45.999212598425196
 20
99.91220472440945
 10
45.99842519685039
 20
99.97401574803149
 10
45.974803149606295
 20
100.0275590551181
 10
45.93385826771653
 20
100.06496062992126
 10
45.88425196850393
 20
100.08228346456693
 10
45.83543307086614
 20
100.07834645669291
 10
45.79448818897637
 20
100.05708661417323
 10
45.76771653543307
 20
100.02322834645669
 10
45.757480314960624
 20
99.98464566929134
 10
45.76338582677165
 20
99.9484251968504
 10
45.781496062992126
 20
99.92007874015748
 10
45.80748031496063
 20
99.90314960629921
 10
45.83503937007874
 20
99.8992125984252
 10
45.85866141732283
 20
99.90669291338583
 10
45.874803149606294
 20
99.92125984251969
 10
45.881889763779526
 20
99.93858267716536
  0
LWPOLYLINE
  5
199
330
17
100
AcDbEntity
  8
Narrow door casing B
100
AcDbPolyline
 90
27
 70
0
 10
49.19015748031496
 20
100.20551181102363
 10
49.28228346456692
 20
100.17913385826772
 10
49.35433070866141
 20
100.12047244094488
 10
49.396062992125984
 20
100.04094488188976
 10
49.40314960629921
 20
99.95472440944881
 10
49.37677165354331
 20
99.8755905511811
 10
49.323622047244086
 20
99.81535433070866
 10
49.25354330708661
 20
99.78228346456693
 10
49.17952755905512
 20
99.77952755905511
 10
49.11338582677165
 20
99.80511811023622
 10
49.06496062992126
 20
99.85236220472441
 10
49.04015748031495
 20
99.91220472440945
 10
49.040944881889764
 20
99.97401574803149
 10
49.06456692913385
 20
100.0275590551181
 10
49.10551181102362
 20
100.06496062992126
 10
49.15511811023622
 20
100.08228346456693
 10
49.20393700787401
 20
100.07834645669291
 10
49.244881889763775
 20
100.05708661417323
 10
49.27165354330708
 20
100.02322834645669
 10
49.281889763779525
 20
99.98464566929134
 10
49.275984251968495
 20
99.9484251968504
 10
49.25787401574803
 20
99.92007874015748
 10
49.23188976377953
 20
99.90314960629921
 10
49.20433070866141
 20
99.8992125984252
 10
49.18070866141732
 20
99.90669291338583
 10
49.164566929133855
 20
99.92125984251969
 10
49.15748031496062
 20
99.93858267716536
  0
SPLINE
  5
19A
330
17
100
AcDbEntity
  8
Narrow door casing B
100
AcDbSpline
 70
0
 71
3
 72
8
 73
4
 74
0
 40
0.0
 40
0.0
 40
0.0
 40
0.0
 40
1.0
 40
1.0
 40
1.0
 40
1.0
 10
46.8515748031496
 20
99.54488188976377
 30
0.0
 10
47.29698162729658
 20
99.66719160104986
 30
0.0
 10
47.74238845144357
 20
99.66719160104986
 30
0.0
 10
48.18779527559055
 20
99.54488188976377
 30
0.0
  0
SPLINE
  5
19B
330
17
100
AcDbEntity
  8
Narrow door casing B
100
AcDbSpline
 70
0
 71
3
 72
8
 73
4
 74
0
 40
0.0
 40
0.0
 40
0.0
 40
0.0
 40
1.0
 40
1.0
 40
1.0
 40
1.0
 10
48.18779527559055
 20
99.54488188976377
 30
0.0
 10
47.74238845144357
 20
99.44698162729658
 30
0.0
 10
47.29698162729658
 20
99.44698162729658
 30
0.0
 10
46.8515748031496
 20
99.54488188976377
 30
0.0
  0
LINE
  5
19C
330
17
100
AcDbEntity
  8
Narrow door casing B
100
AcDbLine
 10
47.51968503937008
 20
99.1771653543307
 30
0.0
 11
47.51968503937008
 21
92.4015748031496
 31
0.0
  0
SPLINE
  5
19D
330
17
100
AcDbEntity
  8
Narrow door casing B
100
AcDbSpline
 70
0
 71
3
 72
8
 73
4
 74
0
 40
0.0
 40
0.0
 40
0.0
 40
0.0
 40
1.0
 40
1.0
 40
1.0
 40
1.0
 10
45.86614173228346
 20
97.78425196850394
 30
0.0
 10
46.59370078740157
 20
98.5230971128609
 30
0.0
 10
47.144881889763774
 20
98.93359580052494
 30
0.0
 10
47.519685039370074
 20
99.01574803149606
 30
0.0
  0
SPLINE
  5
19E
330
17
100
AcDbEntity
  8
Narrow door casing B
100
AcDbSpline
 70
0
 71
3
 72
8
 73
4
 74
0
 40
0.0
 40
0.0
 40
0.0
 40
0.0
 40
1.0
 40
1.0
 40
1.0
 40
1.0
 10
47.519685039370074
 20
99.01574803149606
 30
0.0
 10
47.894488188976375
 20
98.93359580052494
 30
0.0
 10
48.445669291338575
 20
98.5230971128609
 30
0.0
 10
49.17322834645669
 20
97.78425196850394
 30
0.0
  0
SPLINE
  5
19F
330
17
100
AcDbEntity
  8
Narrow door casing B
100
AcDbSpline
 70
0
 71
3
 72
8
 73
4
 74
0
 40
0.0
 40
0.0
 40
0.0
 40
0.0
 40
1.0
 40
1.0
 40
1.0
 40
1.0
 10
45.88110236220472
 20
97.55826771653543
 30
0.0
 10
46.602099737532804
 20
98.29711286089238
 30
0.0
 10
47.14829396325459
 20
98.70761154855643
 30
0.0
 10
47.519685039370074
 20
98.78976377952756
 30
0.0
  0
SPLINE
  5
1A0
330
17
100
AcDbEntity
  8
Narrow door casing B
100
AcDbSpline
 70
0
 71
3
 72
8
 73
4
 74
0
 40
0.0
 40
0.0
 40
0.0
 40
0.0
 40
1.0
 40
1.0
 40
1.0
 40
1.0
 10
47.519685039370074
 20
98.78976377952756
 30
0.0
 10
47.89107611548557
 20
98.70761154855643
 30
0.0
 10
48.43727034120735
 20
98.29711286089238
 30
0.0
 10
49.15826771653543
 20
97.55826771653543
 30
0.0
  0
SPLINE
  5
1A1
330
17
100
AcDbEntity
  8
Narrow door casing B
100
AcDbSpline
 70
0
 71
3
 72
8
 73
4
 74
0
 40
0.0
 40
0.0
 40
0.0
 40
0.0
 40
1.0
 40
1.0
 40
1.0
 40
1.0
 10
45.9015748031496
 20
97.24606299212599
 30
0.0
 10
46.61364829396325
 20
97.98490813648294
 30
0.0
 10
47.15301837270341
 20
98.39540682414699
 30
0.0
 10
47.519685039370074
 20
98.4775590551181
 30
0.0
  0
SPLINE
  5
1A2
330
17
100
AcDbEntity
  8
Narrow door casing B
100
AcDbSpline
 70
0
 71
3
 72
8
 73
4
 74
0
 40
0.0
 40
0.0
 40
0.0
 40
0.0
 40
1.0
 40
1.0
 40
1.0
 40
1.0
 10
47.519685039370074
 20
98.4775590551181
 30
0.0
 10
47.88635170603674
 20
98.39540682414699
 30
0.0
 10
48.4257217847769
 20
97.98490813648294
 30
0.0
 10
49.13779527559054
 20
97.24606299212599
 30
0.0
  0
SPLINE
  5
1A3
330
17
100
AcDbEntity
  8
Narrow door casing B
100
AcDbSpline
 70
0
 71
3
 72
8
 73
4
 74
0
 40
0.0
 40
0.0
 40
0.0
 40
0.0
 40
1.0
 40
1.0
 40
1.0
 40
1.0
 10
45.91653543307086
 20
97.02007874015747
 30
0.0
 10
46.621784776902885
 20
97.75892388451443
 30
0.0
 10
47.156167979002625
 20
98.16942257217848
 30
0.0
 10
47.519685039370074
 20
98.25157480314961
 30
0.0
  0
SPLINE
  5
1A4
330
17
100
AcDbEntity
  8
Narrow door casing B
100
AcDbSpline
 70
0
 71
3
 72
8
 73
4
 74
0
 40
0.0
 40
0.0
 40
0.0
 40
0.0
 40
1.0
 40
1.0
 40
1.0
 40
1.0
 10
47.519685039370074
 20
98.25157480314961
 30
0.0
 10
47.883202099737524
 20
98.16942257217848
 30
0.0
 10
48.41758530183726
 20
97.75892388451443
 30
0.0
 10
49.122834645669286
 20
97.02007874015747
 30
0.0
  0
SPLINE
  5
1A5
330
17
100
AcDbEntity
  8
Narrow door casing B
100
AcDbSpline
 70
0
 71
3
 72
8
 73
4
 74
0
 40
0.0
 40
0.0
 40
0.0
 40
0.0
 40
1.0
 40
1.0
 40
1.0
 40
1.0
 10
45.93700787401574
 20
96.70787401574803
 30
0.0
 10
46.633333333333326
 20
97.44671916010498
 30
0.0
 10
47.16089238845144
 20
97.85721784776902
 30
0.0
 10
47.519685039370074
 20
97.93937007874015
 30
0.0
  0
SPLINE
  5
1A6
330
17
100
AcDbEntity
  8
Narrow door casing B
100
AcDbSpline
 70
0
 71
3
 72
8
 73
4
 74
0
 40
0.0
 40
0.0
 40
0.0
 40
0.0
 40
1.0
 40
1.0
 40
1.0
 40
1.0
 10
47.519685039370074
 20
97.93937007874015
 30
0.0
 10
47.87847769028871
 20
97.85721784776902
 30
0.0
 10
48.40603674540682
 20
97.44671916010498
 30
0.0
 10
49.10236220472441
 20
96.70787401574803
 30
0.0
  0
SPLINE
  5
1A7
330
17
100
AcDbEntity
  8
Narrow door casing B
100
AcDbSpline
 70
0
 71
3
 72
8
 73
4
 74
0
 40
0.0
 40
0.0
 40
0.0
 40
0.0
 40
1.0
 40
1.0
 40
1.0
 40
1.0
 10
45.951968503937
 20
96.48149606299212
 30
0.0
 10
46.64173228346456
 20
97.22060367454068
 30
0.0
 10
47.16430446194226
 20
97.63110236220471
 30
0.0
 10
47.519685039370074
 20
97.71299212598424
 30
0.0
  0
SPLINE
  5
1A8
330
17
100
AcDbEntity
  8
Narrow door casing B
100
AcDbSpline
 70
0
 71
3
 72
8
 73
4
 74
0
 40
0.0
 40
0.0
 40
0.0
 40
0.0
 40
1.0
 40
1.0
 40
1.0
 40
1.0
 10
47.519685039370074
 20
97.71299212598424
 30
0.0
 10
47.8750656167979
 20
97.63110236220471
 30
0.0
 10
48.397637795275585
 20
97.22060367454068
 30
0.0
 10
49.087401574803145
 20
96.48149606299212
 30
0.0
  0
SPLINE
  5
1A9
330
17
100
AcDbEntity
  8
Narrow door casing B
100
AcDbSpline
 70
0
 71
3
 72
8
 73
4
 74
0
 40
0.0
 40
0.0
 40
0.0
 40
0.0
 40
1.0
 40
1.0
 40
1.0
 40
1.0
 10
45.97244094488189
 20
96.16929133858267
 30
0.0
 10
46.65328083989501
 20
96.90839895013123
 30
0.0
 10
47.16902887139107
 20
97.31889763779527
 30
0.0
 10
47.519685039370074
 20
97.4007874015748
 30
0.0
  0
SPLINE
  5
1AA
330
17
100
AcDbEntity
  8
Narrow door casing B
100
AcDbSpline
 70
0
 71
3
 72
8
 73
4
 74
0
 40
0.0
 40
0.0
 40
0.0
 40
0.0
 40
1.0
 40
1.0
 40
1.0
 40
1.0
 10
47.519685039370074
 20
97.4007874015748
 30
0.0
 10
47.87034120734908
 20
97.31889763779527
 30
0.0
 10
48.38608923884514
 20
96.90839895013123
 30
0.0
 10
49.06692913385826
 20
96.16929133858267
 30
0.0
  0
SPLINE
  5
1AB
330
17
100
AcDbEntity
  8
Narrow door casing B
100
AcDbSpline
 70
0
 71
3
 72
8
 73
4
 74
0
 40
0.0
 40
0.0
 40
0.0
 40
0.0
 40
1.0
 40
1.0
 40
1.0
 40
1.0
 10
45.98740157480315
 20
95.94330708661417
 30
0.0
 10
46.66167979002624
 20
96.68215223097113
 30
0.0
 10
47.172440944881885
 20
97.09265091863517
 30
0.0
 10
47.519685039370074
 20
97.1748031496063
 30
0.0
  0
SPLINE
  5
1AC
330
17
100
AcDbEntity
  8
Narrow door casing B
100
AcDbSpline
 70
0
 71
3
 72
8
 73
4
 74
0
 40
0.0
 40
0.0
 40
0.0
 40
0.0
 40
1.0
 40
1.0
 40
1.0
 40
1.0
 10
47.519685039370074
 20
97.1748031496063
 30
0.0
 10
47.866929133858264
 20
97.09265091863517
 30
0.0
 10
48.37769028871391
 20
96.68215223097113
 30
0.0
 10
49.051968503937005
 20
95.94330708661417
 30
0.0
  0
SPLINE
  5
1AD
330
17
100
AcDbEntity
  8
Narrow door casing B
100
AcDbSpline
 70
0
 71
3
 72
8
 73
4
 74
0
 40
0.0
 40
0.0
 40
0.0
 40
0.0
 40
1.0
 40
1.0
 40
1.0
 40
1.0
 10
46.00787401574803
 20
95.63110236220473
 30
0.0
 10
46.67296587926509
 20
96.36994750656167
 30
0.0
 10
47.17690288713911
 20
96.78044619422572
 30
0.0
 10
47.519685039370074
 20
96.86259842519685
 30
0.0
  0
SPLINE
  5
1AE
330
17
100
AcDbEntity
  8
Narrow door casing B
100
AcDbSpline
 70
0
 71
3
 72
8
 73
4
 74
0
 40
0.0
 40
0.0
 40
0.0
 40
0.0
 40
1.0
 40
1.0
 40
1.0
 40
1.0
 10
47.519685039370074
 20
96.86259842519685
 30
0.0
 10
47.86246719160105
 20
96.78044619422572
 30
0.0
 10
48.36640419947506
 20
96.36994750656167
 30
0.0
 10
49.031496062992126
 20
95.63110236220473
 30
0.0
  0
SPLINE
  5
1AF
330
17
100
AcDbEntity
  8
Narrow door casing B
100
AcDbSpline
 70
0
 71
3
 72
8
 73
4
 74
0
 40
0.0
 40
0.0
 40
0.0
 40
0.0
 40
1.0
 40
1.0
 40
1.0
 40
1.0
 10
46.02283464566929
 20
95.40511811023622
 30
0.0
 10
46.68136482939632
 20
96.14396325459317
 30
0.0
 10
47.18031496062992
 20
96.55446194225722
 30
0.0
 10
47.519685039370074
 20
96.63661417322834
 30
0.0
  0
SPLINE
  5
1B0
330
17
100
AcDbEntity
  8
Narrow door casing B
100
AcDbSpline
 70
0
 71
3
 72
8
 73
4
 74
0
 40
0.0
 40
0.0
 40
0.0
 40
0.0
 40
1.0
 40
1.0
 40
1.0
 40
1.0
 10
47.519685039370074
 20
96.63661417322834
 30
0.0
 10
47.859055118110234
 20
96.55446194225722
 30
0.0
 10
48.35800524934383
 20
96.14396325459317
 30
0.0
 10
49.016535433070864
 20
95.40511811023622
 30
0.0
  0
SPLINE
  5
1B1
330
17
100
AcDbEntity
  8
Narrow door casing B
100
AcDbSpline
 70
0
 71
3
 72
8
 73
4
 74
0
 40
0.0
 40
0.0
 40
0.0
 40
0.0
 40
1.0
 40
1.0
 40
1.0
 40
1.0
 10
46.04330708661417
 20
95.09291338582678
 30
0.0
 10
46.69291338582677
 20
95.83175853018372
 30
0.0
 10
47.185039370078734
 20
96.24225721784777
 30
0.0
 10
47.519685039370074
 20
96.3244094488189
 30
0.0
  0
SPLINE
  5
1B2
330
17
100
AcDbEntity
  8
Narrow door casing B
100
AcDbSpline
 70
0
 71
3
 72
8
 73
4
 74
0
 40
0.0
 40
0.0
 40
0.0
 40
0.0
 40
1.0
 40
1.0
 40
1.0
 40
1.0
 10
47.519685039370074
 20
96.3244094488189
 30
0.0
 10
47.854330708661415
 20
96.24225721784777
 30
0.0
 10
48.34645669291338
 20
95.83175853018372
 30
0.0
 10
48.99606299212598
 20
95.09291338582678
 30
0.0
  0
SPLINE
  5
1B3
330
17
100
AcDbEntity
  8
Narrow door casing B
100
AcDbSpline
 70
0
 71
3
 72
8
 73
4
 74
0
 40
0.0
 40
0.0
 40
0.0
 40
0.0
 40
1.0
 40
1.0
 40
1.0
 40
1.0
 10
46.05826771653543
 20
94.86692913385826
 30
0.0
 10
46.701312335958
 20
95.60577427821522
 30
0.0
 10
47.18845144356955
 20
96.01627296587927
 30
0.0
 10
47.519685039370074
 20
96.0984251968504
 30
0.0
  0
SPLINE
  5
1B4
330
17
100
AcDbEntity
  8
Narrow door casing B
100
AcDbSpline
 70
0
 71
3
 72
8
 73
4
 74
0
 40
0.0
 40
0.0
 40
0.0
 40
0.0
 40
1.0
 40
1.0
 40
1.0
 40
1.0
 10
47.519685039370074
 20
96.0984251968504
 30
0.0
 10
47.85091863517059
 20
96.01627296587927
 30
0.0
 10
48.33805774278214
 20
95.60577427821522
 30
0.0
 10
48.981102362204716
 20
94.86692913385826
 30
0.0
  0
SPLINE
  5
1B5
330
17
100
AcDbEntity
  8
Narrow door casing B
100
AcDbSpline
 70
0
 71
3
 72
8
 73
4
 74
0
 40
0.0
 40
0.0
 40
0.0
 40
0.0
 40
1.0
 40
1.0
 40
1.0
 40
1.0
 10
46.07874015748031
 20
94.55472440944882
 30
0.0
 10
46.71286089238845
 20
95.29356955380577
 30
0.0
 10
47.19317585301837
 20
95.70406824146981
 30
0.0
 10
47.519685039370074
 20
95.78622047244095
 30
0.0
  0
SPLINE
  5
1B6
330
17
100
AcDbEntity
  8
Narrow door casing B
100
AcDbSpline
 70
0
 71
3
 72
8
 73
4
 74
0
 40
0.0
 40
0.0
 40
0.0
 40
0.0
 40
1.0
 40
1.0
 40
1.0
 40
1.0
 10
47.519685039370074
 20
95.78622047244095
 30
0.0
 10
47.84619422572178
 20
95.70406824146981
 30
0.0
 10
48.32650918635171
 20
95.29356955380577
 30
0.0
 10
48.96062992125984
 20
94.55472440944882
 30
0.0
  0
SPLINE
  5
1B7
330
17
100
AcDbEntity
  8
Narrow door casing B
100
AcDbSpline
 70
0
 71
3
 72
8
 73
4
 74
0
 40
0.0
 40
0.0
 40
0.0
 40
0.0
 40
1.0
 40
1.0
 40
1.0
 40
1.0
 10
46.09370078740157
 20
94.32874015748031
 30
0.0
 10
46.72099737532808
 20
95.06758530183727
 30
0.0
 10
47.196325459317585
 20
95.47808398950131
 30
0.0
 10
47.519685039370074
 20
95.56023622047243
 30
0.0
  0
SPLINE
  5
1B8
330
17
100
AcDbEntity
  8
Narrow door casing B
100
AcDbSpline
 70
0
 71
3
 72
8
 73
4
 74
0
 40
0.0
 40
0.0
 40
0.0
 40
0.0
 40
1.0
 40
1.0
 40
1.0
 40
1.0
 10
47.519685039370074
 20
95.56023622047243
 30
0.0
 10
47.843044619422564
 20
95.47808398950131
 30
0.0
 10
48.31837270341207
 20
95.06758530183727
 30
0.0
 10
48.94566929133858
 20
94.32874015748031
 30
0.0
  0
SPLINE
  5
1B9
330
17
100
AcDbEntity
  8
Narrow door casing B
100
AcDbSpline
 70
0
 71
3
 72
8
 73
4
 74
0
 40
0.0
 40
0.0
 40
0.0
 40
0.0
 40
1.0
 40
1.0
 40
1.0
 40
1.0
 10
46.11417322834645
 20
94.01653543307086
 30
0.0
 10
46.73254593175852
 20
94.75538057742781
 30
0.0
 10
47.2010498687664
 20
95.16587926509186
 30
0.0
 10
47.519685039370074
 20
95.24803149606299
 30
0.0
  0
SPLINE
  5
1BA
330
17
100
AcDbEntity
  8
Narrow door casing B
100
AcDbSpline
 70
0
 71
3
 72
8
 73
4
 74
0
 40
0.0
 40
0.0
 40
0.0
 40
0.0
 40
1.0
 40
1.0
 40
1.0
 40
1.0
 10
47.519685039370074
 20
95.24803149606299
 30
0.0
 10
47.83832020997375
 20
95.16587926509186
 30
0.0
 10
48.306824146981626
 20
94.75538057742781
 30
0.0
 10
48.9251968503937
 20
94.01653543307086
 30
0.0
  0
SPLINE
  5
1BB
330
17
100
AcDbEntity
  8
Narrow door casing B
100
AcDbSpline
 70
0
 71
3
 72
8
 73
4
 74
0
 40
0.0
 40
0.0
 40
0.0
 40
0.0
 40
1.0
 40
1.0
 40
1.0
 40
1.0
 10
46.129133858267714
 20
93.79015748031496
 30
0.0
 10
46.74094488188976
 20
94.52926509186352
 30
0.0
 10
47.20446194225722
 20
94.93976377952755
 30
0.0
 10
47.519685039370074
 20
95.02165354330708
 30
0.0
  0
SPLINE
  5
1BC
330
17
100
AcDbEntity
  8
Narrow door casing B
100
AcDbSpline
 70
0
 71
3
 72
8
 73
4
 74
0
 40
0.0
 40
0.0
 40
0.0
 40
0.0
 40
1.0
 40
1.0
 40
1.0
 40
1.0
 10
47.519685039370074
 20
95.02165354330708
 30
0.0
 10
47.83490813648294
 20
94.93976377952755
 30
0.0
 10
48.29842519685039
 20
94.52926509186352
 30
0.0
 10
48.910236220472434
 20
93.79015748031496
 30
0.0
  0
SPLINE
  5
1BD
330
17
100
AcDbEntity
  8
Narrow door casing B
100
AcDbSpline
 70
0
 71
3
 72
8
 73
4
 74
0
 40
0.0
 40
0.0
 40
0.0
 40
0.0
 40
1.0
 40
1.0
 40
1.0
 40
1.0
 10
46.1496062992126
 20
93.4779527559055
 30
0.0
 10
46.75249343832021
 20
94.21706036745407
 30
0.0
 10
47.20918635170603
 20
94.62755905511811
 30
0.0
 10
47.519685039370074
 20
94.70944881889764
 30
0.0
  0
SPLINE
  5
1BE
330
17
100
AcDbEntity
  8
Narrow door casing B
100
AcDbSpline
 70
0
 71
3
 72
8
 73
4
 74
0
 40
0.0
 40
0.0
 40
0.0
 40
0.0
 40
1.0
 40
1.0
 40
1.0
 40
1.0
 10
47.519685039370074
 20
94.70944881889764
 30
0.0
 10
47.83018372703412
 20
94.62755905511811
 30
0.0
 10
48.28687664041994
 20
94.21706036745407
 30
0.0
 10
48.889763779527556
 20
93.4779527559055
 30
0.0
  0
SPLINE
  5
1BF
330
17
100
AcDbEntity
  8
Narrow door casing B
100
AcDbSpline
 70
0
 71
3
 72
8
 73
4
 74
0
 40
0.0
 40
0.0
 40
0.0
 40
0.0
 40
1.0
 40
1.0
 40
1.0
 40
1.0
 10
46.164566929133855
 20
93.25196850393701
 30
0.0
 10
46.76089238845144
 20
93.99081364829397
 30
0.0
 10
47.212598425196845
 20
94.40131233595801
 30
0.0
 10
47.519685039370074
 20
94.48346456692913
 30
0.0
  0
SPLINE
  5
1C0
330
17
100
AcDbEntity
  8
Narrow door casing B
100
AcDbSpline
 70
0
 71
3
 72
8
 73
4
 74
0
 40
0.0
 40
0.0
 40
0.0
 40
0.0
 40
1.0
 40
1.0
 40
1.0
 40
1.0
 10
47.519685039370074
 20
94.48346456692913
 30
0.0
 10
47.826771653543304
 20
94.40131233595801
 30
0.0
 10
48.27847769028871
 20
93.99081364829397
 30
0.0
 10
48.8748031496063
 20
93.25196850393701
 30
0.0
  0
SPLINE
  5
1C1
330
17
100
AcDbEntity
  8
Narrow door casing B
100
AcDbSpline
 70
0
 71
3
 72
8
 73
4
 74
0
 40
0.0
 40
0.0
 40
0.0
 40
0.0
 40
1.0
 40
1.0
 40
1.0
 40
1.0
 10
46.18503937007874
 20
92.93976377952755
 30
0.0
 10
46.77217847769029
 20
93.67860892388451
 30
0.0
 10
47.21706036745407
 20
94.08910761154856
 30
0.0
 10
47.519685039370074
 20
94.17125984251969
 30
0.0
  0
SPLINE
  5
1C2
330
17
100
AcDbEntity
  8
Narrow door casing B
100
AcDbSpline
 70
0
 71
3
 72
8
 73
4
 74
0
 40
0.0
 40
0.0
 40
0.0
 40
0.0
 40
1.0
 40
1.0
 40
1.0
 40
1.0
 10
47.519685039370074
 20
94.17125984251969
 30
0.0
 10
47.82230971128609
 20
94.08910761154856
 30
0.0
 10
48.267191601049866
 20
93.67860892388451
 30
0.0
 10
48.854330708661415
 20
92.93976377952755
 30
0.0
  0
SPLINE
  5
1C3
330
17
100
AcDbEntity
  8
Narrow door casing B
100
AcDbSpline
 70
0
 71
3
 72
8
 73
4
 74
0
 40
0.0
 40
0.0
 40
0.0
 40
0.0
 40
1.0
 40
1.0
 40
1.0
 40
1.0
 10
46.199999999999996
 20
92.71377952755905
 30
0.0
 10
46.78057742782152
 20
93.45262467191601
 30
0.0
 10
47.22047244094488
 20
93.86312335958006
 30
0.0
 10
47.519685039370074
 20
93.94527559055118
 30
0.0
  0
SPLINE
  5
1C4
330
17
100
AcDbEntity
  8
Narrow door casing B
100
AcDbSpline
 70
0
 71
3
 72
8
 73
4
 74
0
 40
0.0
 40
0.0
 40
0.0
 40
0.0
 40
1.0
 40
1.0
 40
1.0
 40
1.0
 10
47.519685039370074
 20
93.94527559055118
 30
0.0
 10
47.818897637795274
 20
93.86312335958006
 30
0.0
 10
48.258792650918636
 20
93.45262467191601
 30
0.0
 10
48.83937007874015
 20
92.71377952755905
 30
0.0
  0
SPLINE
  5
1C5
330
17
100
AcDbEntity
  8
Narrow door casing B
100
AcDbSpline
 70
0
 71
3
 72
8
 73
4
 74
0
 40
0.0
 40
0.0
 40
0.0
 40
0.0
 40
1.0
 40
1.0
 40
1.0
 40
1.0
 10
46.22047244094488
 20
92.4015748031496
 30
0.0
 10
46.79212598425197
 20
93.14041994750656
 30
0.0
 10
47.225196850393694
 20
93.5509186351706
 30
0.0
 10
47.519685039370074
 20
93.63307086614174
 30
0.0
  0
SPLINE
  5
1C6
330
17
100
AcDbEntity
  8
Narrow door casing B
100
AcDbSpline
 70
0
 71
3
 72
8
 73
4
 74
0
 40
0.0
 40
0.0
 40
0.0
 40
0.0
 40
1.0
 40
1.0
 40
1.0
 40
1.0
 10
47.519685039370074
 20
93.63307086614174
 30
0.0
 10
47.814173228346455
 20
93.5509186351706
 30
0.0
 10
48.24724409448819
 20
93.14041994750656
 30
0.0
 10
48.818897637795274
 20
92.4015748031496
 30
0.0
  0
SPLINE
  5
1C7
330
17
100
AcDbEntity
  8
Narrow door casing B
100
AcDbSpline
 70
0
 71
3
 72
8
 73
4
 74
0
 40
0.0
 40
0.0
 40
0.0
 40
0.0
 40
1.0
 40
1.0
 40
1.0
 40
1.0
 10
46.23543307086614
 20
92.1755905511811
 30
0.0
 10
46.8005249343832
 20
92.91443569553806
 30
0.0
 10
47.22860892388451
 20
93.3249343832021
 30
0.0
 10
47.519685039370074
 20
93.40708661417322
 30
0.0
  0
SPLINE
  5
1C8
330
17
100
AcDbEntity
  8
Narrow door casing B
100
AcDbSpline
 70
0
 71
3
 72
8
 73
4
 74
0
 40
0.0
 40
0.0
 40
0.0
 40
0.0
 40
1.0
 40
1.0
 40
1.0
 40
1.0
 10
47.519685039370074
 20
93.40708661417322
 30
0.0
 10
47.81076115485563
 20
93.3249343832021
 30
0.0
 10
48.238845144356944
 20
92.91443569553806
 30
0.0
 10
48.803937007874005
 20
92.1755905511811
 30
0.0
  0
LINE
  5
1C9
330
17
100
AcDbEntity
  8
Narrow door casing B
100
AcDbLine
 10
45.86614173228347
 20
97.78425196850392
 30
0.0
 11
46.22047244094488
 21
92.4015748031496
 31
0.0
  0
LINE
  5
1CA
330
17
100
AcDbEntity
  8
Narrow door casing B
100
AcDbLine
 10
49.17322834645669
 20
97.78425196850392
 30
0.0
 11
48.818897637795274
 21
92.4015748031496
 31
0.0
  0
LWPOLYLINE
  5
1CB
330
17
100
AcDbEntity
  8
Narrow door casing B
100
AcDbPolyline
 90
5
 70
0
 10
45.748031496062985
 20
91.85039370078741
 10
49.29133858267716
 20
91.85039370078741
 10
49.29133858267716
 20
88.85826771653544
 10
45.748031496062985
 20
88.85826771653544
 10
45.748031496062985
 20
91.85039370078741
  0
LWPOLYLINE
  5
1CC
330
17
100
AcDbEntity
  8
Narrow door casing B
100
AcDbPolyline
 90
5
 70
0
 10
47.519685039370074
 20
91.08188976377953
 10
48.90551181102362
 20
90.35433070866142
 10
47.519685039370074
 20
89.6267716535433
 10
46.13385826771653
 20
90.35433070866142
 10
47.519685039370074
 20
91.08188976377953
  0
LWPOLYLINE
  5
1CD
330
17
100
AcDbEntity
  8
Narrow door casing B
100
AcDbPolyline
 90
5
 70
0
 10
47.519685039370074
 20
90.77637795275591
 10
48.32362204724409
 20
90.35433070866142
 10
47.519685039370074
 20
89.93228346456692
 10
46.71574803149606
 20
90.35433070866142
 10
47.519685039370074
 20
90.77637795275591
  0
SPLINE
  5
1CE
330
17
100
AcDbEntity
  8
Narrow door casing B
100
AcDbSpline
 70
0
 71
3
 72
8
 73
4
 74
0
 40
0.0
 40
0.0
 40
0.0
 40
0.0
 40
1.0
 40
1.0
 40
1.0
 40
1.0
 10
46.574803149606296
 20
90.61417322834646
 30
0.0
 10
46.574803149606296
 20
91.34173228346457
 30
0.0
 10
47.33070866141732
 20
91.39370078740157
 30
0.0
 10
47.519685039370074
 20
90.82204724409449
 30
0.0
  0
SPLINE
  5
1CF
330
17
100
AcDbEntity
  8
Narrow door casing B
100
AcDbSpline
 70
0
 71
3
 72
11
 73
7
 74
0
 40
0.0
 40
0.0
 40
0.0
 40
0.0
 40
1.0
 40
1.0
 40
1.0
 40
2.0
 40
2.0
 40
2.0
 40
2.0
 10
47.519685039370074
 20
90.82204724409449
 30
0.0
 10
47.70866141732283
 20
91.39370078740157
 30
0.0
 10
48.46456692913385
 20
91.34173228346457
 30
0.0
 10
48.46456692913385
 20
90.61417322834646
 30
0.0
 10
48.46456692913385
 20
89.99055118110236
 30
0.0
 10
47.897637795275585
 20
89.6267716535433
 30
0.0
 10
47.519685039370074
 20
89.15905511811023
 30
0.0
  0
SPLINE
  5
1D0
330
17
100
AcDbEntity
  8
Narrow door casing B
100
AcDbSpline
 70
0
 71
3
 72
8
 73
4
 74
0
 40
0.0
 40
0.0
 40
0.0
 40
0.0
 40
1.0
 40
1.0
 40
1.0
 40
1.0
 10
47.519685039370074
 20
89.15905511811023
 30
0.0
 10
47.14173228346456
 20
89.6267716535433
 30
0.0
 10
46.574803149606296
 20
89.99055118110236
 30
0.0
 10
46.574803149606296
 20
90.61417322834646
 30
0.0
  0
SPLINE
  5
1D1
330
17
100
AcDbEntity
  8
Narrow door casing B
100
AcDbSpline
 70
0
 71
3
 72
8
 73
4
 74
0
 40
0.0
 40
0.0
 40
0.0
 40
0.0
 40
1.0
 40
1.0
 40
1.0
 40
1.0
 10
46.85826771653543
 20
90.53622047244095
 30
0.0
 10
46.85826771653543
 20
91.04566929133858
 30
0.0
 10
47.38740157480314
 20
91.08188976377953
 30
0.0
 10
47.519685039370074
 20
90.68188976377952
 30
0.0
  0
SPLINE
  5
1D2
330
17
100
AcDbEntity
  8
Narrow door casing B
100
AcDbSpline
 70
0
 71
3
 72
11
 73
7
 74
0
 40
0.0
 40
0.0
 40
0.0
 40
0.0
 40
1.0
 40
1.0
 40
1.0
 40
2.0
 40
2.0
 40
2.0
 40
2.0
 10
47.519685039370074
 20
90.68188976377952
 30
0.0
 10
47.651968503937006
 20
91.08188976377953
 30
0.0
 10
48.18110236220472
 20
91.04566929133858
 30
0.0
 10
48.18110236220472
 20
90.53622047244095
 30
0.0
 10
48.18110236220472
 20
90.0996062992126
 30
0.0
 10
47.78425196850394
 20
89.84488188976378
 30
0.0
 10
47.519685039370074
 20
89.51771653543307
 30
0.0
  0
SPLINE
  5
1D3
330
17
100
AcDbEntity
  8
Narrow door casing B
100
AcDbSpline
 70
0
 71
3
 72
8
 73
4
 74
0
 40
0.0
 40
0.0
 40
0.0
 40
0.0
 40
1.0
 40
1.0
 40
1.0
 40
1.0
 10
47.519685039370074
 20
89.51771653543307
 30
0.0
 10
47.25511811023622
 20
89.84488188976378
 30
0.0
 10
46.85826771653543
 20
90.0996062992126
 30
0.0
 10
46.85826771653543
 20
90.53622047244095
 30
0.0
  0
LWPOLYLINE
  5
1D4
330
17
100
AcDbEntity
  8
Narrow door casing B
100
AcDbPolyline
 90
2
 70
0
 10
48.240157480314956
 20
90.70354330708662
 10
48.76692913385827
 20
90.42716535433071
  0
LWPOLYLINE
  5
1D5
330
17
100
AcDbEntity
  8
Narrow door casing B
100
AcDbPolyline
 90
2
 70
0
 10
47.937795275590545
 20
90.55669291338583
 10
48.24291338582677
 20
90.39645669291339
  0
LWPOLYLINE
  5
1D6
330
17
100
AcDbEntity
  8
Narrow door casing B
100
AcDbPolyline
 90
2
 70
0
 10
46.79921259842519
 20
90.00511811023622
 10
46.272440944881886
 20
90.28149606299212
  0
LWPOLYLINE
  5
1D7
330
17
100
AcDbEntity
  8
Narrow door casing B
100
AcDbPolyline
 90
2
 70
0
 10
47.1015748031496
 20
90.15196850393701
 10
46.79645669291338
 20
90.31220472440944
  0
LINE
  5
1D8
330
17
100
AcDbEntity
  8
Narrow door casing B
100
AcDbLine
 10
0.0
 20
0.0
 30
0.0
 11
57.00787401574803
 21
0.0
 31
0.0
  0
TEXT
  5
1D9
330
17
100
AcDbEntity
  8
LABELS
100
AcDbText
 10
0.0
 20
107.55905511811024
 30
0.0
 40
1.1401574803149606
  1
NARROW DOOR CASING B  (1:1, inches)
 11
0.0
 21
107.55905511811024
 31
0.0
100
AcDbText
  0
LWPOLYLINE
  5
1DC
330
17
100
AcDbEntity
  8
Main door casing B
100
AcDbPolyline
 90
5
 70
0
 10
78.34645669291338
 20
92.99212598425197
 10
80.35433070866141
 20
92.99212598425197
 10
80.35433070866141
 20
0.0
 10
78.34645669291338
 20
0.0
 10
78.34645669291338
 20
92.99212598425197
  0
LWPOLYLINE
  5
1DD
330
17
100
AcDbEntity
  8
Main door casing B
100
AcDbPolyline
 90
5
 70
0
 10
74.33070866141732
 20
97.00787401574803
 10
78.34645669291338
 20
97.00787401574803
 10
78.34645669291338
 20
9.055118110236222
 10
74.33070866141732
 20
9.055118110236222
 10
74.33070866141732
 20
97.00787401574803
  0
LWPOLYLINE
  5
1DE
330
17
100
AcDbEntity
  8
Main door casing B
100
AcDbPolyline
 90
5
 70
0
 10
74.33070866141732
 20
9.055118110236222
 10
80.35433070866141
 20
9.055118110236222
 10
80.35433070866141
 20
0.0
 10
74.33070866141732
 20
0.0
 10
74.33070866141732
 20
9.055118110236222
  0
LINE
  5
1DF
330
17
100
AcDbEntity
  8
Main door casing B
100
AcDbLine
 10
74.33070866141732
 20
8.503937007874015
 30
0.0
 11
80.35433070866142
 21
8.503937007874015
 31
0.0
  0
LINE
  5
1E0
330
17
100
AcDbEntity
  8
Main door casing B
100
AcDbLine
 10
74.33070866141732
 20
4.015748031496063
 30
0.0
 11
80.35433070866142
 21
4.015748031496063
 31
0.0
  0
LWPOLYLINE
  5
1E1
330
17
100
AcDbEntity
  8
Main door casing B
100
AcDbPolyline
 90
5
 70
0
 10
116.33858267716535
 20
92.99212598425197
 10
118.34645669291338
 20
92.99212598425197
 10
118.34645669291338
 20
0.0
 10
116.33858267716535
 20
0.0
 10
116.33858267716535
 20
92.99212598425197
  0
LWPOLYLINE
  5
1E2
330
17
100
AcDbEntity
  8
Main door casing B
100
AcDbPolyline
 90
5
 70
0
 10
118.34645669291338
 20
97.00787401574803
 10
122.36220472440945
 20
97.00787401574803
 10
122.36220472440945
 20
9.055118110236222
 10
118.34645669291338
 20
9.055118110236222
 10
118.34645669291338
 20
97.00787401574803
  0
LWPOLYLINE
  5
1E3
330
17
100
AcDbEntity
  8
Main door casing B
100
AcDbPolyline
 90
5
 70
0
 10
116.33858267716535
 20
9.055118110236222
 10
122.36220472440945
 20
9.055118110236222
 10
122.36220472440945
 20
0.0
 10
116.33858267716535
 20
0.0
 10
116.33858267716535
 20
9.055118110236222
  0
LINE
  5
1E4
330
17
100
AcDbEntity
  8
Main door casing B
100
AcDbLine
 10
116.33858267716535
 20
8.503937007874015
 30
0.0
 11
122.36220472440945
 21
8.503937007874015
 31
0.0
  0
LINE
  5
1E5
330
17
100
AcDbEntity
  8
Main door casing B
100
AcDbLine
 10
116.33858267716535
 20
4.015748031496063
 30
0.0
 11
122.36220472440945
 21
4.015748031496063
 31
0.0
  0
LWPOLYLINE
  5
1E6
330
17
100
AcDbEntity
  8
Main door casing B
100
AcDbPolyline
 90
5
 70
0
 10
80.35433070866141
 20
90.98425196850394
 10
116.33858267716535
 20
90.98425196850394
 10
116.33858267716535
 20
0.0
 10
80.35433070866141
 20
0.0
 10
80.35433070866141
 20
90.98425196850394
  0
LWPOLYLINE
  5
1E7
330
17
100
AcDbEntity
  8
Main door casing B
100
AcDbPolyline
 90
5
 70
0
 10
80.35433070866141
 20
90.98425196850394
 10
98.34645669291338
 20
90.98425196850394
 10
98.34645669291338
 20
0.0
 10
80.35433070866141
 20
0.0
 10
80.35433070866141
 20
90.98425196850394
  0
LINE
  5
1E8
330
17
100
AcDbEntity
  8
Main door casing B
100
AcDbLine
 10
84.29133858267717
 20
87.04724409448819
 30
0.0
 11
94.40944881889763
 21
87.04724409448819
 31
0.0
  0
LINE
  5
1E9
330
17
100
AcDbEntity
  8
Main door casing B
100
AcDbLine
 10
84.29133858267717
 20
11.614173228346457
 30
0.0
 11
94.40944881889763
 21
11.614173228346457
 31
0.0
  0
LINE
  5
1EA
330
17
100
AcDbEntity
  8
Main door casing B
100
AcDbLine
 10
84.29133858267717
 20
42.79527559055118
 30
0.0
 11
84.29133858267717
 21
33.74015748031496
 31
0.0
  0
LINE
  5
1EB
330
17
100
AcDbEntity
  8
Main door casing B
100
AcDbLine
 10
94.40944881889763
 20
42.79527559055118
 30
0.0
 11
94.40944881889763
 21
33.74015748031496
 31
0.0
  0
LINE
  5
1EC
330
17
100
AcDbEntity
  8
Main door casing B
100
AcDbLine
 10
84.29133858267717
 20
90.98425196850394
 30
0.0
 11
84.29133858267717
 21
87.04724409448819
 31
0.0
  0
LINE
  5
1ED
330
17
100
AcDbEntity
  8
Main door casing B
100
AcDbLine
 10
94.40944881889763
 20
90.98425196850394
 30
0.0
 11
94.40944881889763
 21
87.04724409448819
 31
0.0
  0
LINE
  5
1EE
330
17
100
AcDbEntity
  8
Main door casing B
100
AcDbLine
 10
84.29133858267717
 20
11.614173228346457
 30
0.0
 11
84.29133858267717
 21
0.0
 31
0.0
  0
LINE
  5
1EF
330
17
100
AcDbEntity
  8
Main door casing B
100
AcDbLine
 10
94.40944881889763
 20
11.614173228346457
 30
0.0
 11
94.40944881889763
 21
0.0
 31
0.0
  0
LWPOLYLINE
  5
1F0
330
17
100
AcDbEntity
  8
Main door casing B
100
AcDbPolyline
 90
5
 70
0
 10
84.29133858267716
 20
87.04724409448819
 10
94.40944881889763
 20
87.04724409448819
 10
94.40944881889763
 20
42.79527559055118
 10
84.29133858267716
 20
42.79527559055118
 10
84.29133858267716
 20
87.04724409448819
  0
LWPOLYLINE
  5
1F1
330
17
100
AcDbEntity
  8
Main door casing B
100
AcDbPolyline
 90
5
 70
0
 10
85.07874015748031
 20
86.25984251968504
 10
93.62204724409449
 20
86.25984251968504
 10
93.62204724409449
 20
43.582677165354326
 10
85.07874015748031
 20
43.582677165354326
 10
85.07874015748031
 20
86.25984251968504
  0
LINE
  5
1F2
330
17
100
AcDbEntity
  8
Main door casing B
100
AcDbLine
 10
84.29133858267717
 20
87.04724409448819
 30
0.0
 11
85.07874015748031
 21
86.25984251968504
 31
0.0
  0
LINE
  5
1F3
330
17
100
AcDbEntity
  8
Main door casing B
100
AcDbLine
 10
94.40944881889763
 20
87.04724409448819
 30
0.0
 11
93.62204724409449
 21
86.25984251968504
 31
0.0
  0
LINE
  5
1F4
330
17
100
AcDbEntity
  8
Main door casing B
100
AcDbLine
 10
84.29133858267717
 20
42.79527559055118
 30
0.0
 11
85.07874015748031
 21
43.58267716535433
 31
0.0
  0
LINE
  5
1F5
330
17
100
AcDbEntity
  8
Main door casing B
100
AcDbLine
 10
94.40944881889763
 20
42.79527559055118
 30
0.0
 11
93.62204724409449
 21
43.58267716535433
 31
0.0
  0
POLYLINE
  5
1F6
330
17
100
AcDbEntity
  8
Main door casing B
100
AcDb2dPolyline
 66
1
 10
0.0
 20
0.0
 30
0.0
 70
0
  0
VERTEX
  5
1F7
330
1F6
100
AcDbEntity
  8
Main door casing B
100
AcDbVertex
100
AcDb2dVertex
 10
86.25984251968504
 20
47.44094488188976
 30
0.0
 70
0
  0
VERTEX
  5
1F8
330
1F6
100
AcDbEntity
  8
Main door casing B
100
AcDbVertex
100
AcDb2dVertex
 10
86.25984251968504
 20
82.4015748031496
 30
0.0
 70
0
  0
SEQEND
  5
1F9
330
1F6
100
AcDbEntity
  8
Main door casing B
  0
SPLINE
  5
1FA
330
17
100
AcDbEntity
  8
Main door casing B
100
AcDbSpline
 70
0
 71
3
 72
14
 73
10
 74
0
 40
0.0
 40
0.0
 40
0.0
 40
0.0
 40
1.0
 40
1.0
 40
1.0
 40
2.0
 40
2.0
 40
2.0
 40
3.0
 40
3.0
 40
3.0
 40
3.0
 10
86.25984251968504
 20
82.4015748031496
 30
0.0
 10
86.46715385249217
 20
82.4015748031496
 30
0.0
 10
86.670856820084
 20
82.45615684881166
 30
0.0
 10
86.8503937007874
 20
82.55981251521523
 30
0.0
 10
87.0299305814908
 20
82.6634681816188
 30
0.0
 10
87.17905150342057
 20
82.81258910354856
 30
0.0
 10
87.28270716982414
 20
82.99212598425197
 30
0.0
 10
87.3863628362277
 20
83.17166286495537
 30
0.0
 10
87.44094488188976
 20
83.37536583254717
 30
0.0
 10
87.44094488188976
 20
83.58267716535433
 30
0.0
  0
SPLINE
  5
1FB
330
17
100
AcDbEntity
  8
Main door casing B
100
AcDbSpline
 70
0
 71
3
 72
11
 73
7
 74
0
 40
0.0
 40
0.0
 40
0.0
 40
0.0
 40
1.0
 40
1.0
 40
1.0
 40
2.0
 40
2.0
 40
2.0
 40
2.0
 10
87.44094488188976
 20
83.58267716535433
 30
0.0
 10
88.39566929133858
 20
83.58267716535433
 30
0.0
 10
88.16653543307086
 20
85.07874015748031
 30
0.0
 10
89.3503937007874
 20
85.07874015748031
 30
0.0
 10
90.53425196850392
 20
85.07874015748031
 30
0.0
 10
90.30511811023622
 20
83.58267716535433
 30
0.0
 10
91.25984251968504
 20
83.58267716535433
 30
0.0
  0
SPLINE
  5
1FC
330
17
100
AcDbEntity
  8
Main door casing B
100
AcDbSpline
 70
0
 71
3
 72
14
 73
10
 74
0
 40
0.0
 40
0.0
 40
0.0
 40
0.0
 40
1.0
 40
1.0
 40
1.0
 40
2.0
 40
2.0
 40
2.0
 40
3.0
 40
3.0
 40
3.0
 40
3.0
 10
91.25984251968504
 20
83.58267716535433
 30
0.0
 10
91.25984251968504
 20
83.37536583254717
 30
0.0
 10
91.31442456534708
 20
83.17166286495537
 30
0.0
 10
91.41808023175065
 20
82.99212598425197
 30
0.0
 10
91.52173589815423
 20
82.81258910354856
 30
0.0
 10
91.670856820084
 20
82.66346818161881
 30
0.0
 10
91.8503937007874
 20
82.55981251521523
 30
0.0
 10
92.0299305814908
 20
82.45615684881166
 30
0.0
 10
92.23363354908261
 20
82.4015748031496
 30
0.0
 10
92.44094488188976
 20
82.4015748031496
 30
0.0
  0
POLYLINE
  5
1FD
330
17
100
AcDbEntity
  8
Main door casing B
100
AcDb2dPolyline
 66
1
 10
0.0
 20
0.0
 30
0.0
 70
0
  0
VERTEX
  5
1FE
330
1FD
100
AcDbEntity
  8
Main door casing B
100
AcDbVertex
100
AcDb2dVertex
 10
92.44094488188976
 20
82.4015748031496
 30
0.0
 70
0
  0
VERTEX
  5
1FF
330
1FD
100
AcDbEntity
  8
Main door casing B
100
AcDbVertex
100
AcDb2dVertex
 10
92.44094488188976
 20
47.44094488188976
 30
0.0
 70
0
  0
SEQEND
  5
200
330
1FD
100
AcDbEntity
  8
Main door casing B
  0
SPLINE
  5
201
330
17
100
AcDbEntity
  8
Main door casing B
100
AcDbSpline
 70
0
 71
3
 72
14
 73
10
 74
0
 40
0.0
 40
0.0
 40
0.0
 40
0.0
 40
1.0
 40
1.0
 40
1.0
 40
2.0
 40
2.0
 40
2.0
 40
3.0
 40
3.0
 40
3.0
 40
3.0
 10
92.44094488188976
 20
47.44094488188976
 30
0.0
 10
92.23363354908261
 20
47.44094488188976
 30
0.0
 10
92.0299305814908
 20
47.38636283622772
 30
0.0
 10
91.8503937007874
 20
47.28270716982414
 30
0.0
 10
91.670856820084
 20
47.17905150342057
 30
0.0
 10
91.52173589815423
 20
47.0299305814908
 30
0.0
 10
91.41808023175065
 20
46.8503937007874
 30
0.0
 10
91.31442456534708
 20
46.670856820084
 30
0.0
 10
91.25984251968504
 20
46.46715385249219
 30
0.0
 10
91.25984251968504
 20
46.25984251968504
 30
0.0
  0
SPLINE
  5
202
330
17
100
AcDbEntity
  8
Main door casing B
100
AcDbSpline
 70
0
 71
3
 72
11
 73
7
 74
0
 40
0.0
 40
0.0
 40
0.0
 40
0.0
 40
1.0
 40
1.0
 40
1.0
 40
2.0
 40
2.0
 40
2.0
 40
2.0
 10
91.25984251968504
 20
46.25984251968504
 30
0.0
 10
90.30511811023622
 20
46.25984251968504
 30
0.0
 10
90.53425196850392
 20
44.76377952755905
 30
0.0
 10
89.3503937007874
 20
44.76377952755905
 30
0.0
 10
88.16653543307086
 20
44.76377952755905
 30
0.0
 10
88.39566929133858
 20
46.25984251968504
 30
0.0
 10
87.44094488188976
 20
46.25984251968504
 30
0.0
  0
SPLINE
  5
203
330
17
100
AcDbEntity
  8
Main door casing B
100
AcDbSpline
 70
0
 71
3
 72
14
 73
10
 74
0
 40
0.0
 40
0.0
 40
0.0
 40
0.0
 40
1.0
 40
1.0
 40
1.0
 40
2.0
 40
2.0
 40
2.0
 40
3.0
 40
3.0
 40
3.0
 40
3.0
 10
87.44094488188976
 20
46.25984251968504
 30
0.0
 10
87.44094488188976
 20
46.46715385249219
 30
0.0
 10
87.3863628362277
 20
46.670856820084
 30
0.0
 10
87.28270716982414
 20
46.8503937007874
 30
0.0
 10
87.17905150342057
 20
47.0299305814908
 30
0.0
 10
87.0299305814908
 20
47.17905150342056
 30
0.0
 10
86.8503937007874
 20
47.282707169824135
 30
0.0
 10
86.670856820084
 20
47.38636283622771
 30
0.0
 10
86.46715385249217
 20
47.44094488188976
 30
0.0
 10
86.25984251968504
 20
47.44094488188976
 30
0.0
  0
CIRCLE
  5
204
330
17
100
AcDbEntity
  8
Main door casing B
100
AcDbCircle
 10
86.37795275590551
 20
83.7007874015748
 30
0.0
 40
0.5118110236220472
  0
CIRCLE
  5
205
330
17
100
AcDbEntity
  8
Main door casing B
100
AcDbCircle
 10
86.37795275590551
 20
83.7007874015748
 30
0.0
 40
0.2047244094488189
  0
CIRCLE
  5
206
330
17
100
AcDbEntity
  8
Main door casing B
100
AcDbCircle
 10
92.32283464566929
 20
83.7007874015748
 30
0.0
 40
0.5118110236220472
  0
CIRCLE
  5
207
330
17
100
AcDbEntity
  8
Main door casing B
100
AcDbCircle
 10
92.32283464566929
 20
83.7007874015748
 30
0.0
 40
0.2047244094488189
  0
CIRCLE
  5
208
330
17
100
AcDbEntity
  8
Main door casing B
100
AcDbCircle
 10
86.37795275590551
 20
46.14173228346456
 30
0.0
 40
0.5118110236220472
  0
CIRCLE
  5
209
330
17
100
AcDbEntity
  8
Main door casing B
100
AcDbCircle
 10
86.37795275590551
 20
46.14173228346456
 30
0.0
 40
0.2047244094488189
  0
CIRCLE
  5
20A
330
17
100
AcDbEntity
  8
Main door casing B
100
AcDbCircle
 10
92.32283464566929
 20
46.14173228346456
 30
0.0
 40
0.5118110236220472
  0
CIRCLE
  5
20B
330
17
100
AcDbEntity
  8
Main door casing B
100
AcDbCircle
 10
92.32283464566929
 20
46.14173228346456
 30
0.0
 40
0.2047244094488189
  0
LWPOLYLINE
  5
20C
330
17
100
AcDbEntity
  8
Main door casing B
100
AcDbPolyline
 90
5
 70
0
 10
84.29133858267716
 20
33.74015748031496
 10
94.40944881889763
 20
33.74015748031496
 10
94.40944881889763
 20
11.61417322834646
 10
84.29133858267716
 20
11.61417322834646
 10
84.29133858267716
 20
33.74015748031496
  0
LWPOLYLINE
  5
20D
330
17
100
AcDbEntity
  8
Main door casing B
100
AcDbPolyline
 90
5
 70
0
 10
85.07874015748031
 20
32.95275590551181
 10
93.62204724409449
 20
32.95275590551181
 10
93.62204724409449
 20
12.4015748031496
 10
85.07874015748031
 20
12.4015748031496
 10
85.07874015748031
 20
32.95275590551181
  0
LINE
  5
20E
330
17
100
AcDbEntity
  8
Main door casing B
100
AcDbLine
 10
84.29133858267717
 20
33.74015748031496
 30
0.0
 11
85.07874015748031
 21
32.95275590551181
 31
0.0
  0
LINE
  5
20F
330
17
100
AcDbEntity
  8
Main door casing B
100
AcDbLine
 10
94.40944881889763
 20
33.74015748031496
 30
0.0
 11
93.62204724409449
 21
32.95275590551181
 31
0.0
  0
LINE
  5
210
330
17
100
AcDbEntity
  8
Main door casing B
100
AcDbLine
 10
84.29133858267717
 20
11.614173228346457
 30
0.0
 11
85.07874015748031
 21
12.401574803149606
 31
0.0
  0
LINE
  5
211
330
17
100
AcDbEntity
  8
Main door casing B
100
AcDbLine
 10
94.40944881889763
 20
11.614173228346457
 30
0.0
 11
93.62204724409449
 21
12.401574803149606
 31
0.0
  0
POLYLINE
  5
212
330
17
100
AcDbEntity
  8
Main door casing B
100
AcDb2dPolyline
 66
1
 10
0.0
 20
0.0
 30
0.0
 70
0
  0
VERTEX
  5
213
330
212
100
AcDbEntity
  8
Main door casing B
100
AcDbVertex
100
AcDb2dVertex
 10
86.25984251968504
 20
16.259842519685037
 30
0.0
 70
0
  0
VERTEX
  5
214
330
212
100
AcDbEntity
  8
Main door casing B
100
AcDbVertex
100
AcDb2dVertex
 10
86.25984251968504
 20
29.09448818897637
 30
0.0
 70
0
  0
SEQEND
  5
215
330
212
100
AcDbEntity
  8
Main door casing B
  0
SPLINE
  5
216
330
17
100
AcDbEntity
  8
Main door casing B
100
AcDbSpline
 70
0
 71
3
 72
14
 73
10
 74
0
 40
0.0
 40
0.0
 40
0.0
 40
0.0
 40
1.0
 40
1.0
 40
1.0
 40
2.0
 40
2.0
 40
2.0
 40
3.0
 40
3.0
 40
3.0
 40
3.0
 10
86.25984251968504
 20
29.09448818897637
 30
0.0
 10
86.46715385249217
 20
29.09448818897637
 30
0.0
 10
86.670856820084
 20
29.149070234638415
 30
0.0
 10
86.8503937007874
 20
29.252725901041998
 30
0.0
 10
87.0299305814908
 20
29.356381567445567
 30
0.0
 10
87.17905150342057
 20
29.505502489375345
 30
0.0
 10
87.28270716982414
 20
29.68503937007874
 30
0.0
 10
87.3863628362277
 20
29.864576250782136
 30
0.0
 10
87.44094488188976
 20
30.068279218373945
 30
0.0
 10
87.44094488188976
 20
30.275590551181097
 30
0.0
  0
SPLINE
  5
217
330
17
100
AcDbEntity
  8
Main door casing B
100
AcDbSpline
 70
0
 71
3
 72
11
 73
7
 74
0
 40
0.0
 40
0.0
 40
0.0
 40
0.0
 40
1.0
 40
1.0
 40
1.0
 40
2.0
 40
2.0
 40
2.0
 40
2.0
 10
87.44094488188976
 20
30.275590551181097
 30
0.0
 10
88.39566929133858
 20
30.275590551181097
 30
0.0
 10
88.16653543307086
 20
31.77165354330708
 30
0.0
 10
89.3503937007874
 20
31.77165354330708
 30
0.0
 10
90.53425196850392
 20
31.77165354330708
 30
0.0
 10
90.30511811023622
 20
30.275590551181097
 30
0.0
 10
91.25984251968504
 20
30.275590551181097
 30
0.0
  0
SPLINE
  5
218
330
17
100
AcDbEntity
  8
Main door casing B
100
AcDbSpline
 70
0
 71
3
 72
14
 73
10
 74
0
 40
0.0
 40
0.0
 40
0.0
 40
0.0
 40
1.0
 40
1.0
 40
1.0
 40
2.0
 40
2.0
 40
2.0
 40
3.0
 40
3.0
 40
3.0
 40
3.0
 10
91.25984251968504
 20
30.275590551181097
 30
0.0
 10
91.25984251968504
 20
30.068279218373945
 30
0.0
 10
91.31442456534708
 20
29.864576250782136
 30
0.0
 10
91.41808023175065
 20
29.68503937007874
 30
0.0
 10
91.52173589815423
 20
29.505502489375345
 30
0.0
 10
91.670856820084
 20
29.35638156744558
 30
0.0
 10
91.8503937007874
 20
29.252725901041998
 30
0.0
 10
92.0299305814908
 20
29.14907023463843
 30
0.0
 10
92.23363354908261
 20
29.09448818897637
 30
0.0
 10
92.44094488188976
 20
29.09448818897637
 30
0.0
  0
POLYLINE
  5
219
330
17
100
AcDbEntity
  8
Main door casing B
100
AcDb2dPolyline
 66
1
 10
0.0
 20
0.0
 30
0.0
 70
0
  0
VERTEX
  5
21A
330
219
100
AcDbEntity
  8
Main door casing B
100
AcDbVertex
100
AcDb2dVertex
 10
92.44094488188976
 20
29.09448818897637
 30
0.0
 70
0
  0
VERTEX
  5
21B
330
219
100
AcDbEntity
  8
Main door casing B
100
AcDbVertex
100
AcDb2dVertex
 10
92.44094488188976
 20
16.259842519685037
 30
0.0
 70
0
  0
SEQEND
  5
21C
330
219
100
AcDbEntity
  8
Main door casing B
  0
SPLINE
  5
21D
330
17
100
AcDbEntity
  8
Main door casing B
100
AcDbSpline
 70
0
 71
3
 72
14
 73
10
 74
0
 40
0.0
 40
0.0
 40
0.0
 40
0.0
 40
1.0
 40
1.0
 40
1.0
 40
2.0
 40
2.0
 40
2.0
 40
3.0
 40
3.0
 40
3.0
 40
3.0
 10
92.44094488188976
 20
16.259842519685037
 30
0.0
 10
92.23363354908261
 20
16.259842519685037
 30
0.0
 10
92.0299305814908
 20
16.205260474022978
 30
0.0
 10
91.8503937007874
 20
16.101604807619424
 30
0.0
 10
91.670856820084
 20
15.997949141215855
 30
0.0
 10
91.52173589815423
 20
15.848828219286062
 30
0.0
 10
91.41808023175065
 20
15.669291338582681
 30
0.0
 10
91.31442456534708
 20
15.489754457879286
 30
0.0
 10
91.25984251968504
 20
15.286051490287463
 30
0.0
 10
91.25984251968504
 20
15.078740157480311
 30
0.0
  0
SPLINE
  5
21E
330
17
100
AcDbEntity
  8
Main door casing B
100
AcDbSpline
 70
0
 71
3
 72
11
 73
7
 74
0
 40
0.0
 40
0.0
 40
0.0
 40
0.0
 40
1.0
 40
1.0
 40
1.0
 40
2.0
 40
2.0
 40
2.0
 40
2.0
 10
91.25984251968504
 20
15.078740157480311
 30
0.0
 10
90.30511811023622
 20
15.078740157480311
 30
0.0
 10
90.53425196850392
 20
13.582677165354326
 30
0.0
 10
89.3503937007874
 20
13.582677165354326
 30
0.0
 10
88.16653543307086
 20
13.582677165354326
 30
0.0
 10
88.39566929133858
 20
15.078740157480311
 30
0.0
 10
87.44094488188976
 20
15.078740157480311
 30
0.0
  0
SPLINE
  5
21F
330
17
100
AcDbEntity
  8
Main door casing B
100
AcDbSpline
 70
0
 71
3
 72
14
 73
10
 74
0
 40
0.0
 40
0.0
 40
0.0
 40
0.0
 40
1.0
 40
1.0
 40
1.0
 40
2.0
 40
2.0
 40
2.0
 40
3.0
 40
3.0
 40
3.0
 40
3.0
 10
87.44094488188976
 20
15.078740157480311
 30
0.0
 10
87.44094488188976
 20
15.286051490287463
 30
0.0
 10
87.3863628362277
 20
15.489754457879286
 30
0.0
 10
87.28270716982414
 20
15.669291338582681
 30
0.0
 10
87.17905150342057
 20
15.848828219286062
 30
0.0
 10
87.0299305814908
 20
15.997949141215855
 30
0.0
 10
86.8503937007874
 20
16.101604807619424
 30
0.0
 10
86.670856820084
 20
16.205260474022978
 30
0.0
 10
86.46715385249217
 20
16.259842519685037
 30
0.0
 10
86.25984251968504
 20
16.259842519685037
 30
0.0
  0
CIRCLE
  5
220
330
17
100
AcDbEntity
  8
Main door casing B
100
AcDbCircle
 10
86.37795275590551
 20
30.393700787401574
 30
0.0
 40
0.5118110236220472
  0
CIRCLE
  5
221
330
17
100
AcDbEntity
  8
Main door casing B
100
AcDbCircle
 10
86.37795275590551
 20
30.393700787401574
 30
0.0
 40
0.2047244094488189
  0
CIRCLE
  5
222
330
17
100
AcDbEntity
  8
Main door casing B
100
AcDbCircle
 10
92.32283464566929
 20
30.393700787401574
 30
0.0
 40
0.5118110236220472
  0
CIRCLE
  5
223
330
17
100
AcDbEntity
  8
Main door casing B
100
AcDbCircle
 10
92.32283464566929
 20
30.393700787401574
 30
0.0
 40
0.2047244094488189
  0
CIRCLE
  5
224
330
17
100
AcDbEntity
  8
Main door casing B
100
AcDbCircle
 10
86.37795275590551
 20
14.960629921259843
 30
0.0
 40
0.5118110236220472
  0
CIRCLE
  5
225
330
17
100
AcDbEntity
  8
Main door casing B
100
AcDbCircle
 10
86.37795275590551
 20
14.960629921259843
 30
0.0
 40
0.2047244094488189
  0
CIRCLE
  5
226
330
17
100
AcDbEntity
  8
Main door casing B
100
AcDbCircle
 10
92.32283464566929
 20
14.960629921259843
 30
0.0
 40
0.5118110236220472
  0
CIRCLE
  5
227
330
17
100
AcDbEntity
  8
Main door casing B
100
AcDbCircle
 10
92.32283464566929
 20
14.960629921259843
 30
0.0
 40
0.2047244094488189
  0
CIRCLE
  5
228
330
17
100
AcDbEntity
  8
Main door casing B
100
AcDbCircle
 10
85.47244094488188
 20
38.26771653543307
 30
0.0
 40
1.0826771653543308
  0
CIRCLE
  5
229
330
17
100
AcDbEntity
  8
Main door casing B
100
AcDbCircle
 10
85.47244094488188
 20
38.26771653543307
 30
0.0
 40
0.6889763779527559
  0
CIRCLE
  5
22A
330
17
100
AcDbEntity
  8
Main door casing B
100
AcDbCircle
 10
82.00787401574803
 20
38.26771653543307
 30
0.0
 40
0.6692913385826772
  0
SPLINE
  5
22B
330
17
100
AcDbEntity
  8
Main door casing B
100
AcDbSpline
 70
0
 71
3
 72
35
 73
31
 74
0
 40
0.0
 40
0.0
 40
0.0
 40
0.0
 40
1.0
 40
1.0
 40
1.0
 40
2.0
 40
2.0
 40
2.0
 40
3.0
 40
3.0
 40
3.0
 40
4.0
 40
4.0
 40
4.0
 40
5.0
 40
5.0
 40
5.0
 40
6.0
 40
6.0
 40
6.0
 40
7.0
 40
7.0
 40
7.0
 40
8.0
 40
8.0
 40
8.0
 40
9.0
 40
9.0
 40
9.0
 40
10.0
 40
10.0
 40
10.0
 40
10.0
 10
81.88976377952756
 20
38.30708661417323
 30
0.0
 10
81.86842873820709
 20
38.326169255251365
 30
0.0
 10
81.85203279403349
 20
38.35014120101715
 30
0.0
 10
81.8419842602335
 20
38.376943405164084
 30
0.0
 10
81.83193572643353
 20
38.40374560931102
 30
0.0
 10
81.82853078604265
 20
38.432588070199
 30
0.0
 10
81.83206190301037
 20
38.460993393496295
 30
0.0
 10
81.83559301997809
 20
38.489398716793595
 30
0.0
 10
81.84595611375265
 20
38.516529648524
 30
0.0
 10
81.86226105675874
 20
38.54005580444102
 30
0.0
 10
81.87856599976483
 20
38.56358196035803
 30
0.0
 10
81.90033219974794
 20
38.582809901158754
 30
0.0
 10
81.92569007072954
 20
38.59608806209855
 30
0.0
 10
81.95104794171117
 20
38.60936622303835
 30
0.0
 10
81.97925005413083
 20
38.616303227017696
 30
0.0
 10
82.00787401574803
 20
38.616303227017696
 30
0.0
 10
82.03649797736524
 20
38.616303227017696
 30
0.0
 10
82.0647000897849
 20
38.60936622303835
 30
0.0
 10
82.09005796076652
 20
38.59608806209855
 30
0.0
 10
82.11541583174812
 20
38.582809901158754
 30
0.0
 10
82.13718203173123
 20
38.56358196035802
 30
0.0
 10
82.15348697473732
 20
38.540055804441
 30
0.0
 10
82.1697919177434
 20
38.51652964852399
 30
0.0
 10
82.18015501151797
 20
38.48939871679359
 30
0.0
 10
82.18368612848569
 20
38.46099339349629
 30
0.0
 10
82.18721724545341
 20
38.432588070198996
 30
0.0
 10
82.18381230506253
 20
38.403745609311
 30
0.0
 10
82.17376377126254
 20
38.37694340516407
 30
0.0
 10
82.16371523746255
 20
38.350141201017145
 30
0.0
 10
82.14731929328897
 20
38.326169255251365
 30
0.0
 10
82.1259842519685
 20
38.30708661417323
 30
0.0
  0
POLYLINE
  5
22C
330
17
100
AcDbEntity
  8
Main door casing B
100
AcDb2dPolyline
 66
1
 10
0.0
 20
0.0
 30
0.0
 70
0
  0
VERTEX
  5
22D
330
22C
100
AcDbEntity
  8
Main door casing B
100
AcDbVertex
100
AcDb2dVertex
 10
82.1259842519685
 20
38.30708661417323
 30
0.0
 70
0
  0
VERTEX
  5
22E
330
22C
100
AcDbEntity
  8
Main door casing B
100
AcDbVertex
100
AcDb2dVertex
 10
82.18503937007874
 20
37.874015748031496
 30
0.0
 70
0
  0
VERTEX
  5
22F
330
22C
100
AcDbEntity
  8
Main door casing B
100
AcDbVertex
100
AcDb2dVertex
 10
81.83070866141732
 20
37.874015748031496
 30
0.0
 70
0
  0
VERTEX
  5
230
330
22C
100
AcDbEntity
  8
Main door casing B
100
AcDbVertex
100
AcDb2dVertex
 10
81.88976377952756
 20
38.30708661417323
 30
0.0
 70
0
  0
SEQEND
  5
231
330
22C
100
AcDbEntity
  8
Main door casing B
  0
LWPOLYLINE
  5
232
330
17
100
AcDbEntity
  8
Main door casing B
100
AcDbPolyline
 90
5
 70
0
 10
98.34645669291338
 20
90.98425196850394
 10
116.33858267716535
 20
90.98425196850394
 10
116.33858267716535
 20
0.0
 10
98.34645669291338
 20
0.0
 10
98.34645669291338
 20
90.98425196850394
  0
LINE
  5
233
330
17
100
AcDbEntity
  8
Main door casing B
100
AcDbLine
 10
102.28346456692913
 20
87.04724409448819
 30
0.0
 11
112.4015748031496
 21
87.04724409448819
 31
0.0
  0
LINE
  5
234
330
17
100
AcDbEntity
  8
Main door casing B
100
AcDbLine
 10
102.28346456692913
 20
11.614173228346457
 30
0.0
 11
112.4015748031496
 21
11.614173228346457
 31
0.0
  0
LINE
  5
235
330
17
100
AcDbEntity
  8
Main door casing B
100
AcDbLine
 10
102.28346456692913
 20
42.79527559055118
 30
0.0
 11
102.28346456692913
 21
33.74015748031496
 31
0.0
  0
LINE
  5
236
330
17
100
AcDbEntity
  8
Main door casing B
100
AcDbLine
 10
112.4015748031496
 20
42.79527559055118
 30
0.0
 11
112.4015748031496
 21
33.74015748031496
 31
0.0
  0
LINE
  5
237
330
17
100
AcDbEntity
  8
Main door casing B
100
AcDbLine
 10
102.28346456692913
 20
90.98425196850394
 30
0.0
 11
102.28346456692913
 21
87.04724409448819
 31
0.0
  0
LINE
  5
238
330
17
100
AcDbEntity
  8
Main door casing B
100
AcDbLine
 10
112.4015748031496
 20
90.98425196850394
 30
0.0
 11
112.4015748031496
 21
87.04724409448819
 31
0.0
  0
LINE
  5
239
330
17
100
AcDbEntity
  8
Main door casing B
100
AcDbLine
 10
102.28346456692913
 20
11.614173228346457
 30
0.0
 11
102.28346456692913
 21
0.0
 31
0.0
  0
LINE
  5
23A
330
17
100
AcDbEntity
  8
Main door casing B
100
AcDbLine
 10
112.4015748031496
 20
11.614173228346457
 30
0.0
 11
112.4015748031496
 21
0.0
 31
0.0
  0
LWPOLYLINE
  5
23B
330
17
100
AcDbEntity
  8
Main door casing B
100
AcDbPolyline
 90
5
 70
0
 10
102.28346456692913
 20
87.04724409448819
 10
112.4015748031496
 20
87.04724409448819
 10
112.4015748031496
 20
42.79527559055118
 10
102.28346456692913
 20
42.79527559055118
 10
102.28346456692913
 20
87.04724409448819
  0
LWPOLYLINE
  5
23C
330
17
100
AcDbEntity
  8
Main door casing B
100
AcDbPolyline
 90
5
 70
0
 10
103.07086614173228
 20
86.25984251968504
 10
111.61417322834646
 20
86.25984251968504
 10
111.61417322834646
 20
43.582677165354326
 10
103.07086614173228
 20
43.582677165354326
 10
103.07086614173228
 20
86.25984251968504
  0
LINE
  5
23D
330
17
100
AcDbEntity
  8
Main door casing B
100
AcDbLine
 10
102.28346456692913
 20
87.04724409448819
 30
0.0
 11
103.07086614173228
 21
86.25984251968504
 31
0.0
  0
LINE
  5
23E
330
17
100
AcDbEntity
  8
Main door casing B
100
AcDbLine
 10
112.4015748031496
 20
87.04724409448819
 30
0.0
 11
111.61417322834646
 21
86.25984251968504
 31
0.0
  0
LINE
  5
23F
330
17
100
AcDbEntity
  8
Main door casing B
100
AcDbLine
 10
102.28346456692913
 20
42.79527559055118
 30
0.0
 11
103.07086614173228
 21
43.58267716535433
 31
0.0
  0
LINE
  5
240
330
17
100
AcDbEntity
  8
Main door casing B
100
AcDbLine
 10
112.4015748031496
 20
42.79527559055118
 30
0.0
 11
111.61417322834646
 21
43.58267716535433
 31
0.0
  0
POLYLINE
  5
241
330
17
100
AcDbEntity
  8
Main door casing B
100
AcDb2dPolyline
 66
1
 10
0.0
 20
0.0
 30
0.0
 70
0
  0
VERTEX
  5
242
330
241
100
AcDbEntity
  8
Main door casing B
100
AcDbVertex
100
AcDb2dVertex
 10
104.25196850393701
 20
47.44094488188976
 30
0.0
 70
0
  0
VERTEX
  5
243
330
241
100
AcDbEntity
  8
Main door casing B
100
AcDbVertex
100
AcDb2dVertex
 10
104.25196850393701
 20
82.4015748031496
 30
0.0
 70
0
  0
SEQEND
  5
244
330
241
100
AcDbEntity
  8
Main door casing B
  0
SPLINE
  5
245
330
17
100
AcDbEntity
  8
Main door casing B
100
AcDbSpline
 70
0
 71
3
 72
14
 73
10
 74
0
 40
0.0
 40
0.0
 40
0.0
 40
0.0
 40
1.0
 40
1.0
 40
1.0
 40
2.0
 40
2.0
 40
2.0
 40
3.0
 40
3.0
 40
3.0
 40
3.0
 10
104.25196850393701
 20
82.4015748031496
 30
0.0
 10
104.45927983674414
 20
82.4015748031496
 30
0.0
 10
104.66298280433597
 20
82.45615684881166
 30
0.0
 10
104.84251968503936
 20
82.55981251521523
 30
0.0
 10
105.02205656574276
 20
82.6634681816188
 30
0.0
 10
105.17117748767254
 20
82.81258910354856
 30
0.0
 10
105.2748331540761
 20
82.99212598425197
 30
0.0
 10
105.37848882047967
 20
83.17166286495537
 30
0.0
 10
105.43307086614172
 20
83.37536583254717
 30
0.0
 10
105.43307086614172
 20
83.58267716535433
 30
0.0
  0
SPLINE
  5
246
330
17
100
AcDbEntity
  8
Main door casing B
100
AcDbSpline
 70
0
 71
3
 72
11
 73
7
 74
0
 40
0.0
 40
0.0
 40
0.0
 40
0.0
 40
1.0
 40
1.0
 40
1.0
 40
2.0
 40
2.0
 40
2.0
 40
2.0
 10
105.43307086614172
 20
83.58267716535433
 30
0.0
 10
106.38779527559055
 20
83.58267716535433
 30
0.0
 10
106.15866141732283
 20
85.07874015748031
 30
0.0
 10
107.34251968503936
 20
85.07874015748031
 30
0.0
 10
108.5263779527559
 20
85.07874015748031
 30
0.0
 10
108.29724409448818
 20
83.58267716535433
 30
0.0
 10
109.25196850393701
 20
83.58267716535433
 30
0.0
  0
SPLINE
  5
247
330
17
100
AcDbEntity
  8
Main door casing B
100
AcDbSpline
 70
0
 71
3
 72
14
 73
10
 74
0
 40
0.0
 40
0.0
 40
0.0
 40
0.0
 40
1.0
 40
1.0
 40
1.0
 40
2.0
 40
2.0
 40
2.0
 40
3.0
 40
3.0
 40
3.0
 40
3.0
 10
109.25196850393701
 20
83.58267716535433
 30
0.0
 10
109.25196850393701
 20
83.37536583254717
 30
0.0
 10
109.30655054959905
 20
83.17166286495537
 30
0.0
 10
109.41020621600262
 20
82.99212598425197
 30
0.0
 10
109.5138618824062
 20
82.81258910354856
 30
0.0
 10
109.66298280433597
 20
82.66346818161881
 30
0.0
 10
109.84251968503936
 20
82.55981251521523
 30
0.0
 10
110.02205656574276
 20
82.45615684881166
 30
0.0
 10
110.22575953333458
 20
82.4015748031496
 30
0.0
 10
110.43307086614172
 20
82.4015748031496
 30
0.0
  0
POLYLINE
  5
248
330
17
100
AcDbEntity
  8
Main door casing B
100
AcDb2dPolyline
 66
1
 10
0.0
 20
0.0
 30
0.0
 70
0
  0
VERTEX
  5
249
330
248
100
AcDbEntity
  8
Main door casing B
100
AcDbVertex
100
AcDb2dVertex
 10
110.43307086614172
 20
82.4015748031496
 30
0.0
 70
0
  0
VERTEX
  5
24A
330
248
100
AcDbEntity
  8
Main door casing B
100
AcDbVertex
100
AcDb2dVertex
 10
110.43307086614172
 20
47.44094488188976
 30
0.0
 70
0
  0
SEQEND
  5
24B
330
248
100
AcDbEntity
  8
Main door casing B
  0
SPLINE
  5
24C
330
17
100
AcDbEntity
  8
Main door casing B
100
AcDbSpline
 70
0
 71
3
 72
14
 73
10
 74
0
 40
0.0
 40
0.0
 40
0.0
 40
0.0
 40
1.0
 40
1.0
 40
1.0
 40
2.0
 40
2.0
 40
2.0
 40
3.0
 40
3.0
 40
3.0
 40
3.0
 10
110.43307086614172
 20
47.44094488188976
 30
0.0
 10
110.22575953333458
 20
47.44094488188976
 30
0.0
 10
110.02205656574276
 20
47.38636283622772
 30
0.0
 10
109.84251968503936
 20
47.28270716982414
 30
0.0
 10
109.66298280433597
 20
47.17905150342057
 30
0.0
 10
109.5138618824062
 20
47.0299305814908
 30
0.0
 10
109.41020621600262
 20
46.8503937007874
 30
0.0
 10
109.30655054959905
 20
46.670856820084
 30
0.0
 10
109.25196850393701
 20
46.46715385249219
 30
0.0
 10
109.25196850393701
 20
46.25984251968504
 30
0.0
  0
SPLINE
  5
24D
330
17
100
AcDbEntity
  8
Main door casing B
100
AcDbSpline
 70
0
 71
3
 72
11
 73
7
 74
0
 40
0.0
 40
0.0
 40
0.0
 40
0.0
 40
1.0
 40
1.0
 40
1.0
 40
2.0
 40
2.0
 40
2.0
 40
2.0
 10
109.25196850393701
 20
46.25984251968504
 30
0.0
 10
108.29724409448818
 20
46.25984251968504
 30
0.0
 10
108.5263779527559
 20
44.76377952755905
 30
0.0
 10
107.34251968503936
 20
44.76377952755905
 30
0.0
 10
106.15866141732283
 20
44.76377952755905
 30
0.0
 10
106.38779527559055
 20
46.25984251968504
 30
0.0
 10
105.43307086614172
 20
46.25984251968504
 30
0.0
  0
SPLINE
  5
24E
330
17
100
AcDbEntity
  8
Main door casing B
100
AcDbSpline
 70
0
 71
3
 72
14
 73
10
 74
0
 40
0.0
 40
0.0
 40
0.0
 40
0.0
 40
1.0
 40
1.0
 40
1.0
 40
2.0
 40
2.0
 40
2.0
 40
3.0
 40
3.0
 40
3.0
 40
3.0
 10
105.43307086614172
 20
46.25984251968504
 30
0.0
 10
105.43307086614172
 20
46.46715385249219
 30
0.0
 10
105.37848882047967
 20
46.670856820084
 30
0.0
 10
105.2748331540761
 20
46.8503937007874
 30
0.0
 10
105.17117748767254
 20
47.0299305814908
 30
0.0
 10
105.02205656574276
 20
47.17905150342056
 30
0.0
 10
104.84251968503936
 20
47.282707169824135
 30
0.0
 10
104.66298280433597
 20
47.38636283622771
 30
0.0
 10
104.45927983674414
 20
47.44094488188976
 30
0.0
 10
104.25196850393701
 20
47.44094488188976
 30
0.0
  0
CIRCLE
  5
24F
330
17
100
AcDbEntity
  8
Main door casing B
100
AcDbCircle
 10
104.37007874015748
 20
83.7007874015748
 30
0.0
 40
0.5118110236220472
  0
CIRCLE
  5
250
330
17
100
AcDbEntity
  8
Main door casing B
100
AcDbCircle
 10
104.37007874015748
 20
83.7007874015748
 30
0.0
 40
0.2047244094488189
  0
CIRCLE
  5
251
330
17
100
AcDbEntity
  8
Main door casing B
100
AcDbCircle
 10
110.31496062992126
 20
83.7007874015748
 30
0.0
 40
0.5118110236220472
  0
CIRCLE
  5
252
330
17
100
AcDbEntity
  8
Main door casing B
100
AcDbCircle
 10
110.31496062992126
 20
83.7007874015748
 30
0.0
 40
0.2047244094488189
  0
CIRCLE
  5
253
330
17
100
AcDbEntity
  8
Main door casing B
100
AcDbCircle
 10
104.37007874015748
 20
46.14173228346456
 30
0.0
 40
0.5118110236220472
  0
CIRCLE
  5
254
330
17
100
AcDbEntity
  8
Main door casing B
100
AcDbCircle
 10
104.37007874015748
 20
46.14173228346456
 30
0.0
 40
0.2047244094488189
  0
CIRCLE
  5
255
330
17
100
AcDbEntity
  8
Main door casing B
100
AcDbCircle
 10
110.31496062992126
 20
46.14173228346456
 30
0.0
 40
0.5118110236220472
  0
CIRCLE
  5
256
330
17
100
AcDbEntity
  8
Main door casing B
100
AcDbCircle
 10
110.31496062992126
 20
46.14173228346456
 30
0.0
 40
0.2047244094488189
  0
LWPOLYLINE
  5
257
330
17
100
AcDbEntity
  8
Main door casing B
100
AcDbPolyline
 90
5
 70
0
 10
102.28346456692913
 20
33.74015748031496
 10
112.4015748031496
 20
33.74015748031496
 10
112.4015748031496
 20
11.61417322834646
 10
102.28346456692913
 20
11.61417322834646
 10
102.28346456692913
 20
33.74015748031496
  0
LWPOLYLINE
  5
258
330
17
100
AcDbEntity
  8
Main door casing B
100
AcDbPolyline
 90
5
 70
0
 10
103.07086614173228
 20
32.95275590551181
 10
111.61417322834646
 20
32.95275590551181
 10
111.61417322834646
 20
12.4015748031496
 10
103.07086614173228
 20
12.4015748031496
 10
103.07086614173228
 20
32.95275590551181
  0
LINE
  5
259
330
17
100
AcDbEntity
  8
Main door casing B
100
AcDbLine
 10
102.28346456692913
 20
33.74015748031496
 30
0.0
 11
103.07086614173228
 21
32.95275590551181
 31
0.0
  0
LINE
  5
25A
330
17
100
AcDbEntity
  8
Main door casing B
100
AcDbLine
 10
112.4015748031496
 20
33.74015748031496
 30
0.0
 11
111.61417322834646
 21
32.95275590551181
 31
0.0
  0
LINE
  5
25B
330
17
100
AcDbEntity
  8
Main door casing B
100
AcDbLine
 10
102.28346456692913
 20
11.614173228346457
 30
0.0
 11
103.07086614173228
 21
12.401574803149606
 31
0.0
  0
LINE
  5
25C
330
17
100
AcDbEntity
  8
Main door casing B
100
AcDbLine
 10
112.4015748031496
 20
11.614173228346457
 30
0.0
 11
111.61417322834646
 21
12.401574803149606
 31
0.0
  0
POLYLINE
  5
25D
330
17
100
AcDbEntity
  8
Main door casing B
100
AcDb2dPolyline
 66
1
 10
0.0
 20
0.0
 30
0.0
 70
0
  0
VERTEX
  5
25E
330
25D
100
AcDbEntity
  8
Main door casing B
100
AcDbVertex
100
AcDb2dVertex
 10
104.25196850393701
 20
16.259842519685037
 30
0.0
 70
0
  0
VERTEX
  5
25F
330
25D
100
AcDbEntity
  8
Main door casing B
100
AcDbVertex
100
AcDb2dVertex
 10
104.25196850393701
 20
29.09448818897637
 30
0.0
 70
0
  0
SEQEND
  5
260
330
25D
100
AcDbEntity
  8
Main door casing B
  0
SPLINE
  5
261
330
17
100
AcDbEntity
  8
Main door casing B
100
AcDbSpline
 70
0
 71
3
 72
14
 73
10
 74
0
 40
0.0
 40
0.0
 40
0.0
 40
0.0
 40
1.0
 40
1.0
 40
1.0
 40
2.0
 40
2.0
 40
2.0
 40
3.0
 40
3.0
 40
3.0
 40
3.0
 10
104.25196850393701
 20
29.09448818897637
 30
0.0
 10
104.45927983674414
 20
29.09448818897637
 30
0.0
 10
104.66298280433597
 20
29.149070234638415
 30
0.0
 10
104.84251968503936
 20
29.252725901041998
 30
0.0
 10
105.02205656574276
 20
29.356381567445567
 30
0.0
 10
105.17117748767254
 20
29.505502489375345
 30
0.0
 10
105.2748331540761
 20
29.68503937007874
 30
0.0
 10
105.37848882047967
 20
29.864576250782136
 30
0.0
 10
105.43307086614172
 20
30.068279218373945
 30
0.0
 10
105.43307086614172
 20
30.275590551181097
 30
0.0
  0
SPLINE
  5
262
330
17
100
AcDbEntity
  8
Main door casing B
100
AcDbSpline
 70
0
 71
3
 72
11
 73
7
 74
0
 40
0.0
 40
0.0
 40
0.0
 40
0.0
 40
1.0
 40
1.0
 40
1.0
 40
2.0
 40
2.0
 40
2.0
 40
2.0
 10
105.43307086614172
 20
30.275590551181097
 30
0.0
 10
106.38779527559055
 20
30.275590551181097
 30
0.0
 10
106.15866141732283
 20
31.77165354330708
 30
0.0
 10
107.34251968503936
 20
31.77165354330708
 30
0.0
 10
108.5263779527559
 20
31.77165354330708
 30
0.0
 10
108.29724409448818
 20
30.275590551181097
 30
0.0
 10
109.25196850393701
 20
30.275590551181097
 30
0.0
  0
SPLINE
  5
263
330
17
100
AcDbEntity
  8
Main door casing B
100
AcDbSpline
 70
0
 71
3
 72
14
 73
10
 74
0
 40
0.0
 40
0.0
 40
0.0
 40
0.0
 40
1.0
 40
1.0
 40
1.0
 40
2.0
 40
2.0
 40
2.0
 40
3.0
 40
3.0
 40
3.0
 40
3.0
 10
109.25196850393701
 20
30.275590551181097
 30
0.0
 10
109.25196850393701
 20
30.068279218373945
 30
0.0
 10
109.30655054959905
 20
29.864576250782136
 30
0.0
 10
109.41020621600262
 20
29.68503937007874
 30
0.0
 10
109.5138618824062
 20
29.505502489375345
 30
0.0
 10
109.66298280433597
 20
29.35638156744558
 30
0.0
 10
109.84251968503936
 20
29.252725901041998
 30
0.0
 10
110.02205656574276
 20
29.14907023463843
 30
0.0
 10
110.22575953333458
 20
29.09448818897637
 30
0.0
 10
110.43307086614172
 20
29.09448818897637
 30
0.0
  0
POLYLINE
  5
264
330
17
100
AcDbEntity
  8
Main door casing B
100
AcDb2dPolyline
 66
1
 10
0.0
 20
0.0
 30
0.0
 70
0
  0
VERTEX
  5
265
330
264
100
AcDbEntity
  8
Main door casing B
100
AcDbVertex
100
AcDb2dVertex
 10
110.43307086614172
 20
29.09448818897637
 30
0.0
 70
0
  0
VERTEX
  5
266
330
264
100
AcDbEntity
  8
Main door casing B
100
AcDbVertex
100
AcDb2dVertex
 10
110.43307086614172
 20
16.259842519685037
 30
0.0
 70
0
  0
SEQEND
  5
267
330
264
100
AcDbEntity
  8
Main door casing B
  0
SPLINE
  5
268
330
17
100
AcDbEntity
  8
Main door casing B
100
AcDbSpline
 70
0
 71
3
 72
14
 73
10
 74
0
 40
0.0
 40
0.0
 40
0.0
 40
0.0
 40
1.0
 40
1.0
 40
1.0
 40
2.0
 40
2.0
 40
2.0
 40
3.0
 40
3.0
 40
3.0
 40
3.0
 10
110.43307086614172
 20
16.259842519685037
 30
0.0
 10
110.22575953333458
 20
16.259842519685037
 30
0.0
 10
110.02205656574276
 20
16.205260474022978
 30
0.0
 10
109.84251968503936
 20
16.101604807619424
 30
0.0
 10
109.66298280433597
 20
15.997949141215855
 30
0.0
 10
109.5138618824062
 20
15.848828219286062
 30
0.0
 10
109.41020621600262
 20
15.669291338582681
 30
0.0
 10
109.30655054959905
 20
15.489754457879286
 30
0.0
 10
109.25196850393701
 20
15.286051490287463
 30
0.0
 10
109.25196850393701
 20
15.078740157480311
 30
0.0
  0
SPLINE
  5
269
330
17
100
AcDbEntity
  8
Main door casing B
100
AcDbSpline
 70
0
 71
3
 72
11
 73
7
 74
0
 40
0.0
 40
0.0
 40
0.0
 40
0.0
 40
1.0
 40
1.0
 40
1.0
 40
2.0
 40
2.0
 40
2.0
 40
2.0
 10
109.25196850393701
 20
15.078740157480311
 30
0.0
 10
108.29724409448818
 20
15.078740157480311
 30
0.0
 10
108.5263779527559
 20
13.582677165354326
 30
0.0
 10
107.34251968503936
 20
13.582677165354326
 30
0.0
 10
106.15866141732283
 20
13.582677165354326
 30
0.0
 10
106.38779527559055
 20
15.078740157480311
 30
0.0
 10
105.43307086614172
 20
15.078740157480311
 30
0.0
  0
SPLINE
  5
26A
330
17
100
AcDbEntity
  8
Main door casing B
100
AcDbSpline
 70
0
 71
3
 72
14
 73
10
 74
0
 40
0.0
 40
0.0
 40
0.0
 40
0.0
 40
1.0
 40
1.0
 40
1.0
 40
2.0
 40
2.0
 40
2.0
 40
3.0
 40
3.0
 40
3.0
 40
3.0
 10
105.43307086614172
 20
15.078740157480311
 30
0.0
 10
105.43307086614172
 20
15.286051490287463
 30
0.0
 10
105.37848882047967
 20
15.489754457879286
 30
0.0
 10
105.2748331540761
 20
15.669291338582681
 30
0.0
 10
105.17117748767254
 20
15.848828219286062
 30
0.0
 10
105.02205656574276
 20
15.997949141215855
 30
0.0
 10
104.84251968503936
 20
16.101604807619424
 30
0.0
 10
104.66298280433597
 20
16.205260474022978
 30
0.0
 10
104.45927983674414
 20
16.259842519685037
 30
0.0
 10
104.25196850393701
 20
16.259842519685037
 30
0.0
  0
CIRCLE
  5
26B
330
17
100
AcDbEntity
  8
Main door casing B
100
AcDbCircle
 10
104.37007874015748
 20
30.393700787401574
 30
0.0
 40
0.5118110236220472
  0
CIRCLE
  5
26C
330
17
100
AcDbEntity
  8
Main door casing B
100
AcDbCircle
 10
104.37007874015748
 20
30.393700787401574
 30
0.0
 40
0.2047244094488189
  0
CIRCLE
  5
26D
330
17
100
AcDbEntity
  8
Main door casing B
100
AcDbCircle
 10
110.31496062992126
 20
30.393700787401574
 30
0.0
 40
0.5118110236220472
  0
CIRCLE
  5
26E
330
17
100
AcDbEntity
  8
Main door casing B
100
AcDbCircle
 10
110.31496062992126
 20
30.393700787401574
 30
0.0
 40
0.2047244094488189
  0
CIRCLE
  5
26F
330
17
100
AcDbEntity
  8
Main door casing B
100
AcDbCircle
 10
104.37007874015748
 20
14.960629921259843
 30
0.0
 40
0.5118110236220472
  0
CIRCLE
  5
270
330
17
100
AcDbEntity
  8
Main door casing B
100
AcDbCircle
 10
104.37007874015748
 20
14.960629921259843
 30
0.0
 40
0.2047244094488189
  0
CIRCLE
  5
271
330
17
100
AcDbEntity
  8
Main door casing B
100
AcDbCircle
 10
110.31496062992126
 20
14.960629921259843
 30
0.0
 40
0.5118110236220472
  0
CIRCLE
  5
272
330
17
100
AcDbEntity
  8
Main door casing B
100
AcDbCircle
 10
110.31496062992126
 20
14.960629921259843
 30
0.0
 40
0.2047244094488189
  0
LINE
  5
273
330
17
100
AcDbEntity
  8
Main door casing B
100
AcDbLine
 10
98.58267716535433
 20
90.98425196850394
 30
0.0
 11
98.58267716535433
 21
0.0
 31
0.0
  0
LWPOLYLINE
  5
274
330
17
100
AcDbEntity
  8
Main door casing B
100
AcDbPolyline
 90
5
 70
0
 10
74.33070866141732
 20
97.00787401574803
 10
122.36220472440945
 20
97.00787401574803
 10
122.36220472440945
 20
92.99212598425197
 10
74.33070866141732
 20
92.99212598425197
 10
74.33070866141732
 20
97.00787401574803
  0
LINE
  5
275
330
17
100
AcDbEntity
  8
Main door casing B
100
AcDbLine
 10
74.33070866141732
 20
92.99212598425197
 30
0.0
 11
122.36220472440945
 21
92.99212598425197
 31
0.0
  0
LINE
  5
276
330
17
100
AcDbEntity
  8
Main door casing B
100
AcDbLine
 10
66.85039370078741
 20
0.0
 30
0.0
 11
129.84251968503938
 21
0.0
 31
0.0
  0
TEXT
  5
277
330
17
100
AcDbEntity
  8
LABELS
100
AcDbText
 10
66.85039370078741
 20
99.37007874015748
 30
0.0
 40
1.2598425196850394
  1
MAIN DOOR CASING B  (1:1, inches)
 11
66.85039370078741
 21
99.37007874015748
 31
0.0
100
AcDbText
  0
POLYLINE
  5
27A
330
17
100
AcDbEntity
  8
Corbel
100
AcDb2dPolyline
 66
1
 10
0.0
 20
0.0
 30
0.0
 70
0
  0
VERTEX
  5
27B
330
27A
100
AcDbEntity
  8
Corbel
100
AcDbVertex
100
AcDb2dVertex
 10
144.28042163649775
 20
13.661417322834646
 30
0.0
 70
0
  0
VERTEX
  5
27C
330
27A
100
AcDbEntity
  8
Corbel
100
AcDbVertex
100
AcDb2dVertex
 10
139.7134925026395
 20
13.661417322834646
 30
0.0
 70
0
  0
SEQEND
  5
27D
330
27A
100
AcDbEntity
  8
Corbel
  0
SPLINE
  5
27E
330
17
100
AcDbEntity
  8
Corbel
100
AcDbSpline
 70
0
 71
3
 72
8
 73
4
 74
0
 40
0.0
 40
0.0
 40
0.0
 40
0.0
 40
1.0
 40
1.0
 40
1.0
 40
1.0
 10
139.7134925026395
 20
13.661417322834646
 30
0.0
 10
139.55601218767885
 20
12.431889763779528
 30
0.0
 10
140.10719329004107
 20
12.02204724409449
 30
0.0
 10
140.02845313256074
 20
10.79251968503937
 30
0.0
  0
SPLINE
  5
27F
330
17
100
AcDbEntity
  8
Corbel
100
AcDbSpline
 70
0
 71
3
 72
11
 73
7
 74
0
 40
0.0
 40
0.0
 40
0.0
 40
0.0
 40
1.0
 40
1.0
 40
1.0
 40
2.0
 40
2.0
 40
2.0
 40
2.0
 10
140.02845313256074
 20
10.79251968503937
 30
0.0
 10
139.94971297508042
 20
8.47007874015748
 30
0.0
 10
139.7922326601198
 20
6.557480314960631
 30
0.0
 10
139.83160273885997
 20
4.098425196850394
 30
0.0
 10
139.87097281760012
 20
2.1858267716535433
 30
0.0
 10
139.7134925026395
 20
1.7759842519685058
 30
0.0
 10
139.7134925026395
 20
0.0
 30
0.0
  0
POLYLINE
  5
280
330
17
100
AcDbEntity
  8
Corbel
100
AcDb2dPolyline
 66
1
 10
0.0
 20
0.0
 30
0.0
 70
0
  0
VERTEX
  5
281
330
280
100
AcDbEntity
  8
Corbel
100
AcDbVertex
100
AcDb2dVertex
 10
139.7134925026395
 20
0.0
 30
0.0
 70
0
  0
VERTEX
  5
282
330
280
100
AcDbEntity
  8
Corbel
100
AcDbVertex
100
AcDb2dVertex
 10
144.28042163649775
 20
0.0
 30
0.0
 70
0
  0
VERTEX
  5
283
330
280
100
AcDbEntity
  8
Corbel
100
AcDbVertex
100
AcDb2dVertex
 10
144.28042163649775
 20
13.661417322834646
 30
0.0
 70
0
  0
SEQEND
  5
284
330
280
100
AcDbEntity
  8
Corbel
  0
LINE
  5
285
330
17
100
AcDbEntity
  8
Corbel
100
AcDbLine
 10
140.2646736050017
 20
13.661417322834646
 30
0.0
 11
140.2646736050017
 21
0.0
 31
0.0
  0
LINE
  5
286
330
17
100
AcDbEntity
  8
Corbel
100
AcDbLine
 10
139.71349250263947
 20
12.992125984251969
 30
0.0
 11
144.28042163649775
 21
12.992125984251969
 31
0.0
  0
LINE
  5
287
330
17
100
AcDbEntity
  8
Corbel
100
AcDbLine
 10
139.93396494358436
 20
13.360236220472443
 30
0.0
 11
144.28042163649775
 21
13.360236220472443
 31
0.0
  0
LINE
  5
288
330
17
100
AcDbEntity
  8
Corbel
100
AcDbLine
 10
139.71349250263947
 20
0.7874015748031495
 30
0.0
 11
144.28042163649775
 21
0.7874015748031495
 31
0.0
  0
LWPOLYLINE
  5
289
330
17
100
AcDbEntity
  8
Corbel
100
AcDbPolyline
 90
5
 70
0
 10
139.9890830538206
 20
0.5905511811023629
 10
144.28042163649775
 20
0.5905511811023629
 10
144.28042163649775
 20
0.15748031496063142
 10
139.9890830538206
 20
0.15748031496063142
 10
139.9890830538206
 20
0.5905511811023629
  0
LINE
  5
28A
330
17
100
AcDbEntity
  8
Corbel
100
AcDbLine
 10
140.2646736050017
 20
11.53543307086614
 30
0.0
 11
144.28042163649775
 21
11.53543307086614
 31
0.0
  0
LINE
  5
28B
330
17
100
AcDbEntity
  8
Corbel
100
AcDbLine
 10
140.2646736050017
 20
4.251968503937007
 30
0.0
 11
144.28042163649775
 21
4.251968503937007
 31
0.0
  0
SPLINE
  5
28C
330
17
100
AcDbEntity
  8
Corbel
100
AcDbSpline
 70
0
 71
3
 72
8
 73
4
 74
0
 40
0.0
 40
0.0
 40
0.0
 40
0.0
 40
1.0
 40
1.0
 40
1.0
 40
1.0
 10
142.27254762074972
 20
11.710236220472442
 30
0.0
 10
141.72136651838753
 20
11.618503937007874
 30
0.0
 10
141.50483108531665
 20
12.093307086614175
 30
0.0
 10
141.61073659712767
 20
12.214173228346457
 30
0.0
  0
SPLINE
  5
28D
330
17
100
AcDbEntity
  8
Corbel
100
AcDbSpline
 70
0
 71
3
 72
8
 73
4
 74
0
 40
0.0
 40
0.0
 40
0.0
 40
0.0
 40
1.0
 40
1.0
 40
1.0
 40
1.0
 10
141.61073659712767
 20
12.214173228346457
 30
0.0
 10
141.7162484081513
 20
12.093307086614175
 30
0.0
 10
142.21467360500168
 20
12.265748031496063
 30
0.0
 10
142.27254762074972
 20
11.710236220472442
 30
0.0
  0
SPLINE
  5
28E
330
17
100
AcDbEntity
  8
Corbel
100
AcDbSpline
 70
0
 71
3
 72
8
 73
4
 74
0
 40
0.0
 40
0.0
 40
0.0
 40
0.0
 40
1.0
 40
1.0
 40
1.0
 40
1.0
 10
142.27254762074972
 20
11.710236220472442
 30
0.0
 10
142.0696604816421
 20
11.86482939632546
 30
0.0
 10
141.84905680710142
 20
12.032808398950133
 30
0.0
 10
141.61073659712767
 20
12.214173228346457
 30
0.0
  0
SPLINE
  5
28F
330
17
100
AcDbEntity
  8
Corbel
100
AcDbSpline
 70
0
 71
3
 72
8
 73
4
 74
0
 40
0.0
 40
0.0
 40
0.0
 40
0.0
 40
1.0
 40
1.0
 40
1.0
 40
1.0
 10
142.27254762074972
 20
11.710236220472442
 30
0.0
 10
141.65246888059224
 20
11.930708661417324
 30
0.0
 10
141.64026415618278
 20
12.410236220472441
 30
0.0
 10
141.8162484081513
 20
12.631102362204725
 30
0.0
  0
SPLINE
  5
290
330
17
100
AcDbEntity
  8
Corbel
100
AcDbSpline
 70
0
 71
3
 72
8
 73
4
 74
0
 40
0.0
 40
0.0
 40
0.0
 40
0.0
 40
1.0
 40
1.0
 40
1.0
 40
1.0
 10
141.8162484081513
 20
12.631102362204725
 30
0.0
 10
141.9922326601198
 20
12.410236220472441
 30
0.0
 10
142.47294132153712
 20
12.337007874015748
 30
0.0
 10
142.27254762074972
 20
11.710236220472442
 30
0.0
  0
SPLINE
  5
291
330
17
100
AcDbEntity
  8
Corbel
100
AcDbSpline
 70
0
 71
3
 72
8
 73
4
 74
0
 40
0.0
 40
0.0
 40
0.0
 40
0.0
 40
1.0
 40
1.0
 40
1.0
 40
1.0
 10
142.27254762074972
 20
11.710236220472442
 30
0.0
 10
142.13265260762637
 20
11.992650918635173
 30
0.0
 10
141.98055287009356
 20
12.2996062992126
 30
0.0
 10
141.8162484081513
 20
12.631102362204725
 30
0.0
  0
SPLINE
  5
292
330
17
100
AcDbEntity
  8
Corbel
100
AcDbSpline
 70
0
 71
3
 72
8
 73
4
 74
0
 40
0.0
 40
0.0
 40
0.0
 40
0.0
 40
1.0
 40
1.0
 40
1.0
 40
1.0
 10
142.27254762074972
 20
11.710236220472442
 30
0.0
 10
141.7638862034269
 20
12.273228346456694
 30
0.0
 10
142.05443738452925
 20
12.640157480314961
 30
0.0
 10
142.27254762074972
 20
12.933858267716536
 30
0.0
  0
SPLINE
  5
293
330
17
100
AcDbEntity
  8
Corbel
100
AcDbSpline
 70
0
 71
3
 72
8
 73
4
 74
0
 40
0.0
 40
0.0
 40
0.0
 40
0.0
 40
1.0
 40
1.0
 40
1.0
 40
1.0
 10
142.27254762074972
 20
12.933858267716536
 30
0.0
 10
142.4906578569702
 20
12.640157480314961
 30
0.0
 10
142.78120903807255
 20
12.273228346456694
 30
0.0
 10
142.27254762074972
 20
11.710236220472442
 30
0.0
  0
SPLINE
  5
294
330
17
100
AcDbEntity
  8
Corbel
100
AcDbSpline
 70
0
 71
3
 72
8
 73
4
 74
0
 40
0.0
 40
0.0
 40
0.0
 40
0.0
 40
1.0
 40
1.0
 40
1.0
 40
1.0
 10
142.27254762074972
 20
11.710236220472442
 30
0.0
 10
142.27254762074972
 20
12.085564304461943
 30
0.0
 10
142.27254762074972
 20
12.493438320209975
 30
0.0
 10
142.27254762074972
 20
12.933858267716536
 30
0.0
  0
SPLINE
  5
295
330
17
100
AcDbEntity
  8
Corbel
100
AcDbSpline
 70
0
 71
3
 72
8
 73
4
 74
0
 40
0.0
 40
0.0
 40
0.0
 40
0.0
 40
1.0
 40
1.0
 40
1.0
 40
1.0
 10
142.27254762074972
 20
11.710236220472442
 30
0.0
 10
142.07215391996232
 20
12.337007874015748
 30
0.0
 10
142.55286258137966
 20
12.410236220472441
 30
0.0
 10
142.72884683334814
 20
12.631102362204725
 30
0.0
  0
SPLINE
  5
296
330
17
100
AcDbEntity
  8
Corbel
100
AcDbSpline
 70
0
 71
3
 72
8
 73
4
 74
0
 40
0.0
 40
0.0
 40
0.0
 40
0.0
 40
1.0
 40
1.0
 40
1.0
 40
1.0
 10
142.72884683334814
 20
12.631102362204725
 30
0.0
 10
142.90483108531666
 20
12.410236220472441
 30
0.0
 10
142.8926263609072
 20
11.930708661417324
 30
0.0
 10
142.27254762074972
 20
11.710236220472442
 30
0.0
  0
SPLINE
  5
297
330
17
100
AcDbEntity
  8
Corbel
100
AcDbSpline
 70
0
 71
3
 72
8
 73
4
 74
0
 40
0.0
 40
0.0
 40
0.0
 40
0.0
 40
1.0
 40
1.0
 40
1.0
 40
1.0
 10
142.27254762074972
 20
11.710236220472442
 30
0.0
 10
142.4124426338731
 20
11.992650918635173
 30
0.0
 10
142.5645423714059
 20
12.2996062992126
 30
0.0
 10
142.72884683334814
 20
12.631102362204725
 30
0.0
  0
SPLINE
  5
298
330
17
100
AcDbEntity
  8
Corbel
100
AcDbSpline
 70
0
 71
3
 72
8
 73
4
 74
0
 40
0.0
 40
0.0
 40
0.0
 40
0.0
 40
1.0
 40
1.0
 40
1.0
 40
1.0
 10
142.27254762074972
 20
11.710236220472442
 30
0.0
 10
142.33042163649776
 20
12.265748031496063
 30
0.0
 10
142.82884683334814
 20
12.093307086614175
 30
0.0
 10
142.93435864437177
 20
12.214173228346457
 30
0.0
  0
SPLINE
  5
299
330
17
100
AcDbEntity
  8
Corbel
100
AcDbSpline
 70
0
 71
3
 72
8
 73
4
 74
0
 40
0.0
 40
0.0
 40
0.0
 40
0.0
 40
1.0
 40
1.0
 40
1.0
 40
1.0
 10
142.93435864437177
 20
12.214173228346457
 30
0.0
 10
143.0402641561828
 20
12.093307086614175
 30
0.0
 10
142.8237287231119
 20
11.618503937007874
 30
0.0
 10
142.27254762074972
 20
11.710236220472442
 30
0.0
  0
SPLINE
  5
29A
330
17
100
AcDbEntity
  8
Corbel
100
AcDbSpline
 70
0
 71
3
 72
8
 73
4
 74
0
 40
0.0
 40
0.0
 40
0.0
 40
0.0
 40
1.0
 40
1.0
 40
1.0
 40
1.0
 10
142.27254762074972
 20
11.710236220472442
 30
0.0
 10
142.47543475985734
 20
11.86482939632546
 30
0.0
 10
142.69603843439802
 20
12.032808398950133
 30
0.0
 10
142.93435864437177
 20
12.214173228346457
 30
0.0
  0
LWPOLYLINE
  5
29B
330
17
100
AcDbEntity
  8
Corbel
100
AcDbPolyline
 90
27
 70
0
 10
140.60207517980484
 20
12.370866141732284
 10
140.50994919555288
 20
12.344488188976378
 10
140.43790195145837
 20
12.285826771653545
 10
140.3961696679938
 20
12.206299212598426
 10
140.3890830538206
 20
12.120078740157481
 10
140.4154610065765
 20
12.040944881889764
 10
140.4686106128757
 20
11.980708661417324
 10
140.5386893530332
 20
11.947637795275591
 10
140.61270510106468
 20
11.94488188976378
 10
140.67884683334816
 20
11.970472440944881
 10
140.72727203019855
 20
12.017716535433072
 10
140.75207517980485
 20
12.077559055118112
 10
140.75128777823002
 20
12.139370078740159
 10
140.72766573098593
 20
12.192913385826772
 10
140.6867208490962
 20
12.230314960629922
 10
140.6371145498836
 20
12.24763779527559
 10
140.5882956522458
 20
12.243700787401576
 10
140.54735077035602
 20
12.22244094488189
 10
140.5205791168127
 20
12.188582677165355
 10
140.51034289634026
 20
12.15
 10
140.51624840815128
 20
12.113779527559055
 10
140.53435864437176
 20
12.085433070866141
 10
140.56034289634027
 20
12.068503937007875
 10
140.58790195145838
 20
12.064566929133859
 10
140.61152399870247
 20
12.072047244094488
 10
140.62766573098594
 20
12.086614173228348
 10
140.63475234515917
 20
12.103937007874016
  0
LWPOLYLINE
  5
29C
330
17
100
AcDbEntity
  8
Corbel
100
AcDbPolyline
 90
27
 70
0
 10
143.9430200616946
 20
12.370866141732284
 10
144.03514604594656
 20
12.344488188976378
 10
144.10719329004107
 20
12.285826771653545
 10
144.14892557350564
 20
12.206299212598426
 10
144.15601218767887
 20
12.120078740157481
 10
144.12963423492295
 20
12.040944881889764
 10
144.07648462862375
 20
11.980708661417324
 10
144.00640588846625
 20
11.947637795275591
 10
143.93239014043476
 20
11.94488188976378
 10
143.8662484081513
 20
11.970472440944881
 10
143.8178232113009
 20
12.017716535433072
 10
143.7930200616946
 20
12.077559055118112
 10
143.79380746326942
 20
12.139370078740159
 10
143.8174295105135
 20
12.192913385826772
 10
143.85837439240328
 20
12.230314960629922
 10
143.90798069161588
 20
12.24763779527559
 10
143.95679958925365
 20
12.243700787401576
 10
143.99774447114342
 20
12.22244094488189
 10
144.02451612468673
 20
12.188582677165355
 10
144.03475234515918
 20
12.15
 10
144.02884683334815
 20
12.113779527559055
 10
144.01073659712767
 20
12.085433070866141
 10
143.98475234515917
 20
12.068503937007875
 10
143.95719329004106
 20
12.064566929133859
 10
143.93357124279697
 20
12.072047244094488
 10
143.9174295105135
 20
12.086614173228348
 10
143.91034289634027
 20
12.103937007874016
  0
SPLINE
  5
29D
330
17
100
AcDbEntity
  8
Corbel
100
AcDbSpline
 70
0
 71
3
 72
8
 73
4
 74
0
 40
0.0
 40
0.0
 40
0.0
 40
0.0
 40
1.0
 40
1.0
 40
1.0
 40
1.0
 10
141.60443738452926
 20
11.710236220472442
 30
0.0
 10
142.04984420867623
 20
11.832545931758531
 30
0.0
 10
142.4952510328232
 20
11.832545931758531
 30
0.0
 10
142.9406578569702
 20
11.710236220472442
 30
0.0
  0
SPLINE
  5
29E
330
17
100
AcDbEntity
  8
Corbel
100
AcDbSpline
 70
0
 71
3
 72
8
 73
4
 74
0
 40
0.0
 40
0.0
 40
0.0
 40
0.0
 40
1.0
 40
1.0
 40
1.0
 40
1.0
 10
142.9406578569702
 20
11.710236220472442
 30
0.0
 10
142.4952510328232
 20
11.61233595800525
 30
0.0
 10
142.04984420867623
 20
11.61233595800525
 30
0.0
 10
141.60443738452926
 20
11.710236220472442
 30
0.0
  0
LINE
  5
29F
330
17
100
AcDbEntity
  8
Corbel
100
AcDbLine
 10
142.27254762074972
 20
11.34251968503937
 30
0.0
 11
142.27254762074972
 21
4.566929133858268
 31
0.0
  0
SPLINE
  5
2A0
330
17
100
AcDbEntity
  8
Corbel
100
AcDbSpline
 70
0
 71
3
 72
8
 73
4
 74
0
 40
0.0
 40
0.0
 40
0.0
 40
0.0
 40
1.0
 40
1.0
 40
1.0
 40
1.0
 10
140.6190043136631
 20
9.949606299212599
 30
0.0
 10
141.34656336878123
 20
10.688451443569555
 30
0.0
 10
141.89774447114343
 20
11.098950131233597
 30
0.0
 10
142.27254762074972
 20
11.181102362204726
 30
0.0
  0
SPLINE
  5
2A1
330
17
100
AcDbEntity
  8
Corbel
100
AcDbSpline
 70
0
 71
3
 72
8
 73
4
 74
0
 40
0.0
 40
0.0
 40
0.0
 40
0.0
 40
1.0
 40
1.0
 40
1.0
 40
1.0
 10
142.27254762074972
 20
11.181102362204726
 30
0.0
 10
142.647350770356
 20
11.098950131233597
 30
0.0
 10
143.1985318727182
 20
10.688451443569555
 30
0.0
 10
143.92609092783633
 20
9.949606299212599
 30
0.0
  0
SPLINE
  5
2A2
330
17
100
AcDbEntity
  8
Corbel
100
AcDbSpline
 70
0
 71
3
 72
8
 73
4
 74
0
 40
0.0
 40
0.0
 40
0.0
 40
0.0
 40
1.0
 40
1.0
 40
1.0
 40
1.0
 10
140.63396494358437
 20
9.723622047244096
 30
0.0
 10
141.35496231891247
 20
10.462467191601052
 30
0.0
 10
141.90115654463423
 20
10.872965879265093
 30
0.0
 10
142.27254762074972
 20
10.95511811023622
 30
0.0
  0
SPLINE
  5
2A3
330
17
100
AcDbEntity
  8
Corbel
100
AcDbSpline
 70
0
 71
3
 72
8
 73
4
 74
0
 40
0.0
 40
0.0
 40
0.0
 40
0.0
 40
1.0
 40
1.0
 40
1.0
 40
1.0
 10
142.27254762074972
 20
10.95511811023622
 30
0.0
 10
142.6439386968652
 20
10.872965879265093
 30
0.0
 10
143.190132922587
 20
10.462467191601052
 30
0.0
 10
143.91113029791507
 20
9.723622047244096
 30
0.0
  0
SPLINE
  5
2A4
330
17
100
AcDbEntity
  8
Corbel
100
AcDbSpline
 70
0
 71
3
 72
8
 73
4
 74
0
 40
0.0
 40
0.0
 40
0.0
 40
0.0
 40
1.0
 40
1.0
 40
1.0
 40
1.0
 10
140.65443738452925
 20
9.411417322834646
 30
0.0
 10
141.3665108753429
 20
10.150262467191602
 30
0.0
 10
141.90588095408305
 20
10.560761154855644
 30
0.0
 10
142.27254762074972
 20
10.642913385826773
 30
0.0
  0
SPLINE
  5
2A5
330
17
100
AcDbEntity
  8
Corbel
100
AcDbSpline
 70
0
 71
3
 72
8
 73
4
 74
0
 40
0.0
 40
0.0
 40
0.0
 40
0.0
 40
1.0
 40
1.0
 40
1.0
 40
1.0
 10
142.27254762074972
 20
10.642913385826773
 30
0.0
 10
142.6392142874164
 20
10.560761154855644
 30
0.0
 10
143.17858436615654
 20
10.150262467191602
 30
0.0
 10
143.8906578569702
 20
9.411417322834646
 30
0.0
  0
SPLINE
  5
2A6
330
17
100
AcDbEntity
  8
Corbel
100
AcDbSpline
 70
0
 71
3
 72
8
 73
4
 74
0
 40
0.0
 40
0.0
 40
0.0
 40
0.0
 40
1.0
 40
1.0
 40
1.0
 40
1.0
 10
140.6693980144505
 20
9.185433070866143
 30
0.0
 10
141.37464735828254
 20
9.924278215223099
 30
0.0
 10
141.90903056038226
 20
10.33477690288714
 30
0.0
 10
142.27254762074972
 20
10.416929133858268
 30
0.0
  0
SPLINE
  5
2A7
330
17
100
AcDbEntity
  8
Corbel
100
AcDbSpline
 70
0
 71
3
 72
8
 73
4
 74
0
 40
0.0
 40
0.0
 40
0.0
 40
0.0
 40
1.0
 40
1.0
 40
1.0
 40
1.0
 10
142.27254762074972
 20
10.416929133858268
 30
0.0
 10
142.63606468111718
 20
10.33477690288714
 30
0.0
 10
143.1704478832169
 20
9.924278215223099
 30
0.0
 10
143.87569722704893
 20
9.185433070866143
 30
0.0
  0
SPLINE
  5
2A8
330
17
100
AcDbEntity
  8
Corbel
100
AcDbSpline
 70
0
 71
3
 72
8
 73
4
 74
0
 40
0.0
 40
0.0
 40
0.0
 40
0.0
 40
1.0
 40
1.0
 40
1.0
 40
1.0
 10
140.68987045539538
 20
8.873228346456694
 30
0.0
 10
141.38619591471297
 20
9.61207349081365
 30
0.0
 10
141.9137549698311
 20
10.022572178477692
 30
0.0
 10
142.27254762074972
 20
10.104724409448819
 30
0.0
  0
SPLINE
  5
2A9
330
17
100
AcDbEntity
  8
Corbel
100
AcDbSpline
 70
0
 71
3
 72
8
 73
4
 74
0
 40
0.0
 40
0.0
 40
0.0
 40
0.0
 40
1.0
 40
1.0
 40
1.0
 40
1.0
 10
142.27254762074972
 20
10.104724409448819
 30
0.0
 10
142.63134027166836
 20
10.022572178477692
 30
0.0
 10
143.15889932678647
 20
9.61207349081365
 30
0.0
 10
143.85522478610406
 20
8.873228346456694
 30
0.0
  0
SPLINE
  5
2AA
330
17
100
AcDbEntity
  8
Corbel
100
AcDbSpline
 70
0
 71
3
 72
8
 73
4
 74
0
 40
0.0
 40
0.0
 40
0.0
 40
0.0
 40
1.0
 40
1.0
 40
1.0
 40
1.0
 10
140.70483108531664
 20
8.646850393700788
 30
0.0
 10
141.3945948648442
 20
9.385958005249345
 30
0.0
 10
141.91716704332188
 20
9.796456692913386
 30
0.0
 10
142.27254762074972
 20
9.878346456692913
 30
0.0
  0
SPLINE
  5
2AB
330
17
100
AcDbEntity
  8
Corbel
100
AcDbSpline
 70
0
 71
3
 72
8
 73
4
 74
0
 40
0.0
 40
0.0
 40
0.0
 40
0.0
 40
1.0
 40
1.0
 40
1.0
 40
1.0
 10
142.27254762074972
 20
9.878346456692913
 30
0.0
 10
142.62792819817756
 20
9.796456692913386
 30
0.0
 10
143.15050037665523
 20
9.385958005249345
 30
0.0
 10
143.8402641561828
 20
8.646850393700788
 30
0.0
  0
SPLINE
  5
2AC
330
17
100
AcDbEntity
  8
Corbel
100
AcDbSpline
 70
0
 71
3
 72
8
 73
4
 74
0
 40
0.0
 40
0.0
 40
0.0
 40
0.0
 40
1.0
 40
1.0
 40
1.0
 40
1.0
 10
140.72530352626154
 20
8.334645669291339
 30
0.0
 10
141.40614342127466
 20
9.073753280839895
 30
0.0
 10
141.92189145277072
 20
9.484251968503937
 30
0.0
 10
142.27254762074972
 20
9.566141732283466
 30
0.0
  0
SPLINE
  5
2AD
330
17
100
AcDbEntity
  8
Corbel
100
AcDbSpline
 70
0
 71
3
 72
8
 73
4
 74
0
 40
0.0
 40
0.0
 40
0.0
 40
0.0
 40
1.0
 40
1.0
 40
1.0
 40
1.0
 10
142.27254762074972
 20
9.566141732283466
 30
0.0
 10
142.62320378872872
 20
9.484251968503937
 30
0.0
 10
143.13895182022478
 20
9.073753280839895
 30
0.0
 10
143.8197917152379
 20
8.334645669291339
 30
0.0
  0
SPLINE
  5
2AE
330
17
100
AcDbEntity
  8
Corbel
100
AcDbSpline
 70
0
 71
3
 72
8
 73
4
 74
0
 40
0.0
 40
0.0
 40
0.0
 40
0.0
 40
1.0
 40
1.0
 40
1.0
 40
1.0
 10
140.7402641561828
 20
8.108661417322836
 30
0.0
 10
141.4145423714059
 20
8.847506561679792
 30
0.0
 10
141.92530352626153
 20
9.258005249343833
 30
0.0
 10
142.27254762074972
 20
9.34015748031496
 30
0.0
  0
SPLINE
  5
2AF
330
17
100
AcDbEntity
  8
Corbel
100
AcDbSpline
 70
0
 71
3
 72
8
 73
4
 74
0
 40
0.0
 40
0.0
 40
0.0
 40
0.0
 40
1.0
 40
1.0
 40
1.0
 40
1.0
 10
142.27254762074972
 20
9.34015748031496
 30
0.0
 10
142.6197917152379
 20
9.258005249343833
 30
0.0
 10
143.13055287009357
 20
8.847506561679792
 30
0.0
 10
143.80483108531666
 20
8.108661417322836
 30
0.0
  0
SPLINE
  5
2B0
330
17
100
AcDbEntity
  8
Corbel
100
AcDbSpline
 70
0
 71
3
 72
8
 73
4
 74
0
 40
0.0
 40
0.0
 40
0.0
 40
0.0
 40
1.0
 40
1.0
 40
1.0
 40
1.0
 10
140.76073659712767
 20
7.796456692913386
 30
0.0
 10
141.42582846064474
 20
8.535301837270342
 30
0.0
 10
141.92976546851875
 20
8.945800524934384
 30
0.0
 10
142.27254762074972
 20
9.027952755905513
 30
0.0
  0
SPLINE
  5
2B1
330
17
100
AcDbEntity
  8
Corbel
100
AcDbSpline
 70
0
 71
3
 72
8
 73
4
 74
0
 40
0.0
 40
0.0
 40
0.0
 40
0.0
 40
1.0
 40
1.0
 40
1.0
 40
1.0
 10
142.27254762074972
 20
9.027952755905513
 30
0.0
 10
142.6153297729807
 20
8.945800524934384
 30
0.0
 10
143.1192667808547
 20
8.535301837270342
 30
0.0
 10
143.78435864437176
 20
7.796456692913386
 30
0.0
  0
SPLINE
  5
2B2
330
17
100
AcDbEntity
  8
Corbel
100
AcDbSpline
 70
0
 71
3
 72
8
 73
4
 74
0
 40
0.0
 40
0.0
 40
0.0
 40
0.0
 40
1.0
 40
1.0
 40
1.0
 40
1.0
 10
140.77569722704894
 20
7.570472440944882
 30
0.0
 10
141.43422741077597
 20
8.309317585301837
 30
0.0
 10
141.93317754200956
 20
8.71981627296588
 30
0.0
 10
142.27254762074972
 20
8.801968503937008
 30
0.0
  0
SPLINE
  5
2B3
330
17
100
AcDbEntity
  8
Corbel
100
AcDbSpline
 70
0
 71
3
 72
8
 73
4
 74
0
 40
0.0
 40
0.0
 40
0.0
 40
0.0
 40
1.0
 40
1.0
 40
1.0
 40
1.0
 10
142.27254762074972
 20
8.801968503937008
 30
0.0
 10
142.61191769948988
 20
8.71981627296588
 30
0.0
 10
143.11086783072346
 20
8.309317585301837
 30
0.0
 10
143.7693980144505
 20
7.570472440944882
 30
0.0
  0
SPLINE
  5
2B4
330
17
100
AcDbEntity
  8
Corbel
100
AcDbSpline
 70
0
 71
3
 72
8
 73
4
 74
0
 40
0.0
 40
0.0
 40
0.0
 40
0.0
 40
1.0
 40
1.0
 40
1.0
 40
1.0
 10
140.7961696679938
 20
7.258267716535435
 30
0.0
 10
141.4457759672064
 20
7.997112860892388
 30
0.0
 10
141.93790195145837
 20
8.40761154855643
 30
0.0
 10
142.27254762074972
 20
8.489763779527559
 30
0.0
  0
SPLINE
  5
2B5
330
17
100
AcDbEntity
  8
Corbel
100
AcDbSpline
 70
0
 71
3
 72
8
 73
4
 74
0
 40
0.0
 40
0.0
 40
0.0
 40
0.0
 40
1.0
 40
1.0
 40
1.0
 40
1.0
 10
142.27254762074972
 20
8.489763779527559
 30
0.0
 10
142.60719329004107
 20
8.40761154855643
 30
0.0
 10
143.09931927429304
 20
7.997112860892388
 30
0.0
 10
143.74892557350563
 20
7.258267716535435
 30
0.0
  0
SPLINE
  5
2B6
330
17
100
AcDbEntity
  8
Corbel
100
AcDbSpline
 70
0
 71
3
 72
8
 73
4
 74
0
 40
0.0
 40
0.0
 40
0.0
 40
0.0
 40
1.0
 40
1.0
 40
1.0
 40
1.0
 10
140.81113029791507
 20
7.03228346456693
 30
0.0
 10
141.45417491733764
 20
7.771128608923886
 30
0.0
 10
141.9413140249492
 20
8.181627296587928
 30
0.0
 10
142.27254762074972
 20
8.263779527559056
 30
0.0
  0
SPLINE
  5
2B7
330
17
100
AcDbEntity
  8
Corbel
100
AcDbSpline
 70
0
 71
3
 72
8
 73
4
 74
0
 40
0.0
 40
0.0
 40
0.0
 40
0.0
 40
1.0
 40
1.0
 40
1.0
 40
1.0
 10
142.27254762074972
 20
8.263779527559056
 30
0.0
 10
142.60378121655023
 20
8.181627296587928
 30
0.0
 10
143.0909203241618
 20
7.771128608923886
 30
0.0
 10
143.73396494358437
 20
7.03228346456693
 30
0.0
  0
SPLINE
  5
2B8
330
17
100
AcDbEntity
  8
Corbel
100
AcDbSpline
 70
0
 71
3
 72
8
 73
4
 74
0
 40
0.0
 40
0.0
 40
0.0
 40
0.0
 40
1.0
 40
1.0
 40
1.0
 40
1.0
 10
140.83160273885997
 20
6.720078740157481
 30
0.0
 10
141.4657234737681
 20
7.458923884514436
 30
0.0
 10
141.94603843439802
 20
7.869422572178479
 30
0.0
 10
142.27254762074972
 20
7.951574803149607
 30
0.0
  0
SPLINE
  5
2B9
330
17
100
AcDbEntity
  8
Corbel
100
AcDbSpline
 70
0
 71
3
 72
8
 73
4
 74
0
 40
0.0
 40
0.0
 40
0.0
 40
0.0
 40
1.0
 40
1.0
 40
1.0
 40
1.0
 10
142.27254762074972
 20
7.951574803149607
 30
0.0
 10
142.59905680710142
 20
7.869422572178479
 30
0.0
 10
143.07937176773135
 20
7.458923884514436
 30
0.0
 10
143.7134925026395
 20
6.720078740157481
 30
0.0
  0
SPLINE
  5
2BA
330
17
100
AcDbEntity
  8
Corbel
100
AcDbSpline
 70
0
 71
3
 72
8
 73
4
 74
0
 40
0.0
 40
0.0
 40
0.0
 40
0.0
 40
1.0
 40
1.0
 40
1.0
 40
1.0
 10
140.8465633687812
 20
6.494094488188977
 30
0.0
 10
141.4738599567077
 20
7.232939632545932
 30
0.0
 10
141.94918804069724
 20
7.643438320209975
 30
0.0
 10
142.27254762074972
 20
7.725590551181103
 30
0.0
  0
SPLINE
  5
2BB
330
17
100
AcDbEntity
  8
Corbel
100
AcDbSpline
 70
0
 71
3
 72
8
 73
4
 74
0
 40
0.0
 40
0.0
 40
0.0
 40
0.0
 40
1.0
 40
1.0
 40
1.0
 40
1.0
 10
142.27254762074972
 20
7.725590551181103
 30
0.0
 10
142.5959072008022
 20
7.643438320209975
 30
0.0
 10
143.07123528479173
 20
7.232939632545932
 30
0.0
 10
143.69853187271823
 20
6.494094488188977
 30
0.0
  0
SPLINE
  5
2BC
330
17
100
AcDbEntity
  8
Corbel
100
AcDbSpline
 70
0
 71
3
 72
8
 73
4
 74
0
 40
0.0
 40
0.0
 40
0.0
 40
0.0
 40
1.0
 40
1.0
 40
1.0
 40
1.0
 10
140.8670358097261
 20
6.1818897637795285
 30
0.0
 10
141.48540851313817
 20
6.920734908136484
 30
0.0
 10
141.95391245014605
 20
7.3312335958005255
 30
0.0
 10
142.27254762074972
 20
7.413385826771655
 30
0.0
  0
SPLINE
  5
2BD
330
17
100
AcDbEntity
  8
Corbel
100
AcDbSpline
 70
0
 71
3
 72
8
 73
4
 74
0
 40
0.0
 40
0.0
 40
0.0
 40
0.0
 40
1.0
 40
1.0
 40
1.0
 40
1.0
 10
142.27254762074972
 20
7.413385826771655
 30
0.0
 10
142.5911827913534
 20
7.3312335958005255
 30
0.0
 10
143.05968672836127
 20
6.920734908136484
 30
0.0
 10
143.67805943177333
 20
6.1818897637795285
 30
0.0
  0
SPLINE
  5
2BE
330
17
100
AcDbEntity
  8
Corbel
100
AcDbSpline
 70
0
 71
3
 72
8
 73
4
 74
0
 40
0.0
 40
0.0
 40
0.0
 40
0.0
 40
1.0
 40
1.0
 40
1.0
 40
1.0
 10
140.88199643964737
 20
5.955511811023623
 30
0.0
 10
141.4938074632694
 20
6.694619422572179
 30
0.0
 10
141.95732452363686
 20
7.105118110236221
 30
0.0
 10
142.27254762074972
 20
7.187007874015749
 30
0.0
  0
SPLINE
  5
2BF
330
17
100
AcDbEntity
  8
Corbel
100
AcDbSpline
 70
0
 71
3
 72
8
 73
4
 74
0
 40
0.0
 40
0.0
 40
0.0
 40
0.0
 40
1.0
 40
1.0
 40
1.0
 40
1.0
 10
142.27254762074972
 20
7.187007874015749
 30
0.0
 10
142.58777071786258
 20
7.105118110236221
 30
0.0
 10
143.05128777823003
 20
6.694619422572179
 30
0.0
 10
143.66309880185207
 20
5.955511811023623
 30
0.0
  0
SPLINE
  5
2C0
330
17
100
AcDbEntity
  8
Corbel
100
AcDbSpline
 70
0
 71
3
 72
8
 73
4
 74
0
 40
0.0
 40
0.0
 40
0.0
 40
0.0
 40
1.0
 40
1.0
 40
1.0
 40
1.0
 10
140.90246888059224
 20
5.643307086614174
 30
0.0
 10
141.50535601969986
 20
6.38241469816273
 30
0.0
 10
141.9620489330857
 20
6.792913385826772
 30
0.0
 10
142.27254762074972
 20
6.8748031496063
 30
0.0
  0
SPLINE
  5
2C1
330
17
100
AcDbEntity
  8
Corbel
100
AcDbSpline
 70
0
 71
3
 72
8
 73
4
 74
0
 40
0.0
 40
0.0
 40
0.0
 40
0.0
 40
1.0
 40
1.0
 40
1.0
 40
1.0
 10
142.27254762074972
 20
6.8748031496063
 30
0.0
 10
142.58304630841377
 20
6.792913385826772
 30
0.0
 10
143.0397392217996
 20
6.38241469816273
 30
0.0
 10
143.6426263609072
 20
5.643307086614174
 30
0.0
  0
SPLINE
  5
2C2
330
17
100
AcDbEntity
  8
Corbel
100
AcDbSpline
 70
0
 71
3
 72
8
 73
4
 74
0
 40
0.0
 40
0.0
 40
0.0
 40
0.0
 40
1.0
 40
1.0
 40
1.0
 40
1.0
 10
140.9174295105135
 20
5.41732283464567
 30
0.0
 10
141.51375496983107
 20
6.156167979002626
 30
0.0
 10
141.96546100657648
 20
6.566666666666667
 30
0.0
 10
142.27254762074972
 20
6.6488188976377955
 30
0.0
  0
SPLINE
  5
2C3
330
17
100
AcDbEntity
  8
Corbel
100
AcDbSpline
 70
0
 71
3
 72
8
 73
4
 74
0
 40
0.0
 40
0.0
 40
0.0
 40
0.0
 40
1.0
 40
1.0
 40
1.0
 40
1.0
 10
142.27254762074972
 20
6.6488188976377955
 30
0.0
 10
142.57963423492296
 20
6.566666666666667
 30
0.0
 10
143.03134027166837
 20
6.156167979002626
 30
0.0
 10
143.62766573098594
 20
5.41732283464567
 30
0.0
  0
SPLINE
  5
2C4
330
17
100
AcDbEntity
  8
Corbel
100
AcDbSpline
 70
0
 71
3
 72
8
 73
4
 74
0
 40
0.0
 40
0.0
 40
0.0
 40
0.0
 40
1.0
 40
1.0
 40
1.0
 40
1.0
 10
140.93790195145837
 20
5.105118110236221
 30
0.0
 10
141.52504105906993
 20
5.843963254593176
 30
0.0
 10
141.96992294883373
 20
6.254461942257218
 30
0.0
 10
142.27254762074972
 20
6.336614173228346
 30
0.0
  0
SPLINE
  5
2C5
330
17
100
AcDbEntity
  8
Corbel
100
AcDbSpline
 70
0
 71
3
 72
8
 73
4
 74
0
 40
0.0
 40
0.0
 40
0.0
 40
0.0
 40
1.0
 40
1.0
 40
1.0
 40
1.0
 10
142.27254762074972
 20
6.336614173228346
 30
0.0
 10
142.5751722926657
 20
6.254461942257218
 30
0.0
 10
143.0200541824295
 20
5.843963254593176
 30
0.0
 10
143.60719329004107
 20
5.105118110236221
 30
0.0
  0
SPLINE
  5
2C6
330
17
100
AcDbEntity
  8
Corbel
100
AcDbSpline
 70
0
 71
3
 72
8
 73
4
 74
0
 40
0.0
 40
0.0
 40
0.0
 40
0.0
 40
1.0
 40
1.0
 40
1.0
 40
1.0
 10
140.95286258137963
 20
4.879133858267718
 30
0.0
 10
141.53344000920114
 20
5.617979002624673
 30
0.0
 10
141.9733350223245
 20
6.028477690288716
 30
0.0
 10
142.27254762074972
 20
6.110629921259844
 30
0.0
  0
SPLINE
  5
2C7
330
17
100
AcDbEntity
  8
Corbel
100
AcDbSpline
 70
0
 71
3
 72
8
 73
4
 74
0
 40
0.0
 40
0.0
 40
0.0
 40
0.0
 40
1.0
 40
1.0
 40
1.0
 40
1.0
 10
142.27254762074972
 20
6.110629921259844
 30
0.0
 10
142.57176021917493
 20
6.028477690288716
 30
0.0
 10
143.0116552322983
 20
5.617979002624673
 30
0.0
 10
143.5922326601198
 20
4.879133858267718
 30
0.0
  0
SPLINE
  5
2C8
330
17
100
AcDbEntity
  8
Corbel
100
AcDbSpline
 70
0
 71
3
 72
8
 73
4
 74
0
 40
0.0
 40
0.0
 40
0.0
 40
0.0
 40
1.0
 40
1.0
 40
1.0
 40
1.0
 10
140.97333502232453
 20
4.5669291338582685
 30
0.0
 10
141.5449885656316
 20
5.305774278215224
 30
0.0
 10
141.97805943177335
 20
5.716272965879266
 30
0.0
 10
142.27254762074972
 20
5.798425196850395
 30
0.0
  0
SPLINE
  5
2C9
330
17
100
AcDbEntity
  8
Corbel
100
AcDbSpline
 70
0
 71
3
 72
8
 73
4
 74
0
 40
0.0
 40
0.0
 40
0.0
 40
0.0
 40
1.0
 40
1.0
 40
1.0
 40
1.0
 10
142.27254762074972
 20
5.798425196850395
 30
0.0
 10
142.5670358097261
 20
5.716272965879266
 30
0.0
 10
143.00010667586784
 20
5.305774278215224
 30
0.0
 10
143.5717602191749
 20
4.5669291338582685
 30
0.0
  0
SPLINE
  5
2CA
330
17
100
AcDbEntity
  8
Corbel
100
AcDbSpline
 70
0
 71
3
 72
8
 73
4
 74
0
 40
0.0
 40
0.0
 40
0.0
 40
0.0
 40
1.0
 40
1.0
 40
1.0
 40
1.0
 10
140.9882956522458
 20
4.340944881889763
 30
0.0
 10
141.55338751576284
 20
5.079790026246719
 30
0.0
 10
141.98147150526415
 20
5.490288713910761
 30
0.0
 10
142.27254762074972
 20
5.57244094488189
 30
0.0
  0
SPLINE
  5
2CB
330
17
100
AcDbEntity
  8
Corbel
100
AcDbSpline
 70
0
 71
3
 72
8
 73
4
 74
0
 40
0.0
 40
0.0
 40
0.0
 40
0.0
 40
1.0
 40
1.0
 40
1.0
 40
1.0
 10
142.27254762074972
 20
5.57244094488189
 30
0.0
 10
142.5636237362353
 20
5.490288713910761
 30
0.0
 10
142.9917077257366
 20
5.079790026246719
 30
0.0
 10
143.55679958925367
 20
4.340944881889763
 30
0.0
  0
LINE
  5
2CC
330
17
100
AcDbEntity
  8
Corbel
100
AcDbLine
 10
140.6190043136631
 20
9.949606299212599
 30
0.0
 11
140.9733350223245
 21
4.566929133858268
 31
0.0
  0
LINE
  5
2CD
330
17
100
AcDbEntity
  8
Corbel
100
AcDbLine
 10
143.92609092783633
 20
9.949606299212599
 30
0.0
 11
143.5717602191749
 21
4.566929133858268
 31
0.0
  0
LWPOLYLINE
  5
2CE
330
17
100
AcDbEntity
  8
Corbel
100
AcDbPolyline
 90
5
 70
0
 10
140.50089407744264
 20
4.015748031496063
 10
144.0442011640568
 20
4.015748031496063
 10
144.0442011640568
 20
1.0236220472440944
 10
140.50089407744264
 20
1.0236220472440944
 10
140.50089407744264
 20
4.015748031496063
  0
LWPOLYLINE
  5
2CF
330
17
100
AcDbEntity
  8
Corbel
100
AcDbPolyline
 90
5
 70
0
 10
142.27254762074972
 20
3.24724409448819
 10
143.65837439240326
 20
2.5196850393700796
 10
142.27254762074972
 20
1.7921259842519692
 10
140.88672084909618
 20
2.5196850393700796
 10
142.27254762074972
 20
3.24724409448819
  0
LWPOLYLINE
  5
2D0
330
17
100
AcDbEntity
  8
Corbel
100
AcDbPolyline
 90
5
 70
0
 10
142.27254762074972
 20
2.941732283464569
 10
143.07648462862375
 20
2.5196850393700796
 10
142.27254762074972
 20
2.09763779527559
 10
141.4686106128757
 20
2.5196850393700796
 10
142.27254762074972
 20
2.941732283464569
  0
SPLINE
  5
2D1
330
17
100
AcDbEntity
  8
Corbel
100
AcDbSpline
 70
0
 71
3
 72
8
 73
4
 74
0
 40
0.0
 40
0.0
 40
0.0
 40
0.0
 40
1.0
 40
1.0
 40
1.0
 40
1.0
 10
141.32766573098593
 20
2.7795275590551203
 30
0.0
 10
141.32766573098593
 20
3.507086614173229
 30
0.0
 10
142.08357124279698
 20
3.5590551181102352
 30
0.0
 10
142.27254762074972
 20
2.987401574803151
 30
0.0
  0
SPLINE
  5
2D2
330
17
100
AcDbEntity
  8
Corbel
100
AcDbSpline
 70
0
 71
3
 72
11
 73
7
 74
0
 40
0.0
 40
0.0
 40
0.0
 40
0.0
 40
1.0
 40
1.0
 40
1.0
 40
2.0
 40
2.0
 40
2.0
 40
2.0
 10
142.27254762074972
 20
2.987401574803151
 30
0.0
 10
142.4615239987025
 20
3.5590551181102352
 30
0.0
 10
143.2174295105135
 20
3.507086614173229
 30
0.0
 10
143.2174295105135
 20
2.7795275590551203
 30
0.0
 10
143.2174295105135
 20
2.1559055118110244
 30
0.0
 10
142.65050037665523
 20
1.7921259842519692
 30
0.0
 10
142.27254762074972
 20
1.3244094488188978
 30
0.0
  0
SPLINE
  5
2D3
330
17
100
AcDbEntity
  8
Corbel
100
AcDbSpline
 70
0
 71
3
 72
8
 73
4
 74
0
 40
0.0
 40
0.0
 40
0.0
 40
0.0
 40
1.0
 40
1.0
 40
1.0
 40
1.0
 10
142.27254762074972
 20
1.3244094488188978
 30
0.0
 10
141.8945948648442
 20
1.7921259842519692
 30
0.0
 10
141.32766573098593
 20
2.1559055118110244
 30
0.0
 10
141.32766573098593
 20
2.7795275590551203
 30
0.0
  0
SPLINE
  5
2D4
330
17
100
AcDbEntity
  8
Corbel
100
AcDbSpline
 70
0
 71
3
 72
8
 73
4
 74
0
 40
0.0
 40
0.0
 40
0.0
 40
0.0
 40
1.0
 40
1.0
 40
1.0
 40
1.0
 10
141.61113029791508
 20
2.701574803149608
 30
0.0
 10
141.61113029791508
 20
3.211023622047245
 30
0.0
 10
142.14026415618278
 20
3.24724409448819
 30
0.0
 10
142.27254762074972
 20
2.8472440944881896
 30
0.0
  0
SPLINE
  5
2D5
330
17
100
AcDbEntity
  8
Corbel
100
AcDbSpline
 70
0
 71
3
 72
11
 73
7
 74
0
 40
0.0
 40
0.0
 40
0.0
 40
0.0
 40
1.0
 40
1.0
 40
1.0
 40
2.0
 40
2.0
 40
2.0
 40
2.0
 10
142.27254762074972
 20
2.8472440944881896
 30
0.0
 10
142.40483108531666
 20
3.24724409448819
 30
0.0
 10
142.93396494358436
 20
3.211023622047245
 30
0.0
 10
142.93396494358436
 20
2.701574803149608
 30
0.0
 10
142.93396494358436
 20
2.2649606299212603
 30
0.0
 10
142.53711454988357
 20
2.010236220472441
 30
0.0
 10
142.27254762074972
 20
1.6830708661417333
 30
0.0
  0
SPLINE
  5
2D6
330
17
100
AcDbEntity
  8
Corbel
100
AcDbSpline
 70
0
 71
3
 72
8
 73
4
 74
0
 40
0.0
 40
0.0
 40
0.0
 40
0.0
 40
1.0
 40
1.0
 40
1.0
 40
1.0
 10
142.27254762074972
 20
1.6830708661417333
 30
0.0
 10
142.00798069161587
 20
2.010236220472441
 30
0.0
 10
141.61113029791508
 20
2.2649606299212603
 30
0.0
 10
141.61113029791508
 20
2.701574803149608
 30
0.0
  0
LWPOLYLINE
  5
2D7
330
17
100
AcDbEntity
  8
Corbel
100
AcDbPolyline
 90
2
 70
0
 10
142.9930200616946
 20
2.8688976377952766
 10
143.51979171523791
 20
2.592519685039372
  0
LWPOLYLINE
  5
2D8
330
17
100
AcDbEntity
  8
Corbel
100
AcDbPolyline
 90
2
 70
0
 10
142.6906578569702
 20
2.7220472440944885
 10
142.9957759672064
 20
2.561811023622047
  0
LWPOLYLINE
  5
2D9
330
17
100
AcDbEntity
  8
Corbel
100
AcDbPolyline
 90
2
 70
0
 10
141.55207517980483
 20
2.1704724409448826
 10
141.02530352626152
 20
2.446850393700787
  0
LWPOLYLINE
  5
2DA
330
17
100
AcDbEntity
  8
Corbel
100
AcDbPolyline
 90
2
 70
0
 10
141.85443738452926
 20
2.3173228346456707
 10
141.54931927429303
 20
2.477559055118112
  0
TEXT
  5
2DB
330
17
100
AcDbEntity
  8
LABELS
100
AcDbText
 10
139.68503937007873
 20
16.023622047244093
 30
0.0
 40
0.7086614173228346
  1
CORBEL  (1:1, inches)
 11
139.68503937007873
 21
16.023622047244093
 31
0.0
100
AcDbText
  0
LWPOLYLINE
  5
2DE
330
17
100
AcDbEntity
  8
Palmette
100
AcDbPolyline
 90
5
 70
0
 10
154.12294132153713
 20
1.4566929133858268
 10
158.1386893530332
 20
1.4566929133858268
 10
158.1386893530332
 20
0.0
 10
154.12294132153713
 20
0.0
 10
154.12294132153713
 20
1.4566929133858268
  0
SPLINE
  5
2DF
330
17
100
AcDbEntity
  8
Palmette
100
AcDbSpline
 70
0
 71
3
 72
8
 73
4
 74
0
 40
0.0
 40
0.0
 40
0.0
 40
0.0
 40
1.0
 40
1.0
 40
1.0
 40
1.0
 10
156.13081533728516
 20
0.14566929133858286
 30
0.0
 10
155.5658547073639
 20
0.05433070866141754
 30
0.0
 10
155.341445258545
 20
0.5401574803149607
 30
0.0
 10
155.44931927429303
 20
0.6645669291338583
 30
0.0
  0
SPLINE
  5
2E0
330
17
100
AcDbEntity
  8
Palmette
100
AcDbSpline
 70
0
 71
3
 72
8
 73
4
 74
0
 40
0.0
 40
0.0
 40
0.0
 40
0.0
 40
1.0
 40
1.0
 40
1.0
 40
1.0
 10
155.44931927429303
 20
0.6645669291338583
 30
0.0
 10
155.55679958925367
 20
0.5401574803149607
 30
0.0
 10
156.06861061287572
 20
0.7145669291338583
 30
0.0
 10
156.13081533728516
 20
0.14566929133858286
 30
0.0
  0
SPLINE
  5
2E1
330
17
100
AcDbEntity
  8
Palmette
100
AcDbSpline
 70
0
 71
3
 72
8
 73
4
 74
0
 40
0.0
 40
0.0
 40
0.0
 40
0.0
 40
1.0
 40
1.0
 40
1.0
 40
1.0
 10
156.13081533728516
 20
0.14566929133858286
 30
0.0
 10
155.92189145277072
 20
0.30472440944881907
 30
0.0
 10
155.69472609844001
 20
0.4776902887139109
 30
0.0
 10
155.44931927429303
 20
0.6645669291338583
 30
0.0
  0
SPLINE
  5
2E2
330
17
100
AcDbEntity
  8
Palmette
100
AcDbSpline
 70
0
 71
3
 72
8
 73
4
 74
0
 40
0.0
 40
0.0
 40
0.0
 40
0.0
 40
1.0
 40
1.0
 40
1.0
 40
1.0
 10
156.13081533728516
 20
0.14566929133858286
 30
0.0
 10
155.4965633687812
 20
0.37480314960629935
 30
0.0
 10
155.48199643964736
 20
0.8665354330708662
 30
0.0
 10
155.6611302979151
 20
1.0940944881889765
 30
0.0
  0
SPLINE
  5
2E3
330
17
100
AcDbEntity
  8
Palmette
100
AcDbSpline
 70
0
 71
3
 72
8
 73
4
 74
0
 40
0.0
 40
0.0
 40
0.0
 40
0.0
 40
1.0
 40
1.0
 40
1.0
 40
1.0
 10
155.6611302979151
 20
1.0940944881889765
 30
0.0
 10
155.8402641561828
 20
0.8665354330708662
 30
0.0
 10
156.33278384122215
 20
0.788976377952756
 30
0.0
 10
156.13081533728516
 20
0.14566929133858286
 30
0.0
  0
SPLINE
  5
2E4
330
17
100
AcDbEntity
  8
Palmette
100
AcDbSpline
 70
0
 71
3
 72
8
 73
4
 74
0
 40
0.0
 40
0.0
 40
0.0
 40
0.0
 40
1.0
 40
1.0
 40
1.0
 40
1.0
 10
156.13081533728516
 20
0.14566929133858286
 30
0.0
 10
155.98672084909617
 20
0.4364829396325461
 30
0.0
 10
155.83015916930617
 20
0.7526246719160107
 30
0.0
 10
155.6611302979151
 20
1.0940944881889765
 30
0.0
  0
SPLINE
  5
2E5
330
17
100
AcDbEntity
  8
Palmette
100
AcDbSpline
 70
0
 71
3
 72
8
 73
4
 74
0
 40
0.0
 40
0.0
 40
0.0
 40
0.0
 40
1.0
 40
1.0
 40
1.0
 40
1.0
 10
156.13081533728516
 20
0.14566929133858286
 30
0.0
 10
155.6123114002773
 20
0.725196850393701
 30
0.0
 10
155.90876809319067
 20
1.1031496062992128
 30
0.0
 10
156.13081533728516
 20
1.4055118110236222
 30
0.0
  0
SPLINE
  5
2E6
330
17
100
AcDbEntity
  8
Palmette
100
AcDbSpline
 70
0
 71
3
 72
8
 73
4
 74
0
 40
0.0
 40
0.0
 40
0.0
 40
0.0
 40
1.0
 40
1.0
 40
1.0
 40
1.0
 10
156.13081533728516
 20
1.4055118110236222
 30
0.0
 10
156.35286258137964
 20
1.1031496062992128
 30
0.0
 10
156.64931927429302
 20
0.725196850393701
 30
0.0
 10
156.13081533728516
 20
0.14566929133858286
 30
0.0
  0
SPLINE
  5
2E7
330
17
100
AcDbEntity
  8
Palmette
100
AcDbSpline
 70
0
 71
3
 72
8
 73
4
 74
0
 40
0.0
 40
0.0
 40
0.0
 40
0.0
 40
1.0
 40
1.0
 40
1.0
 40
1.0
 10
156.13081533728516
 20
0.14566929133858286
 30
0.0
 10
156.13081533728516
 20
0.5320209973753283
 30
0.0
 10
156.13081533728516
 20
0.951968503937008
 30
0.0
 10
156.13081533728516
 20
1.4055118110236222
 30
0.0
  0
SPLINE
  5
2E8
330
17
100
AcDbEntity
  8
Palmette
100
AcDbSpline
 70
0
 71
3
 72
8
 73
4
 74
0
 40
0.0
 40
0.0
 40
0.0
 40
0.0
 40
1.0
 40
1.0
 40
1.0
 40
1.0
 10
156.13081533728516
 20
0.14566929133858286
 30
0.0
 10
155.92884683334816
 20
0.788976377952756
 30
0.0
 10
156.42136651838752
 20
0.8665354330708662
 30
0.0
 10
156.60050037665525
 20
1.0940944881889765
 30
0.0
  0
SPLINE
  5
2E9
330
17
100
AcDbEntity
  8
Palmette
100
AcDbSpline
 70
0
 71
3
 72
8
 73
4
 74
0
 40
0.0
 40
0.0
 40
0.0
 40
0.0
 40
1.0
 40
1.0
 40
1.0
 40
1.0
 10
156.60050037665525
 20
1.0940944881889765
 30
0.0
 10
156.77963423492295
 20
0.8665354330708662
 30
0.0
 10
156.7650673057891
 20
0.37480314960629935
 30
0.0
 10
156.13081533728516
 20
0.14566929133858286
 30
0.0
  0
SPLINE
  5
2EA
330
17
100
AcDbEntity
  8
Palmette
100
AcDbSpline
 70
0
 71
3
 72
8
 73
4
 74
0
 40
0.0
 40
0.0
 40
0.0
 40
0.0
 40
1.0
 40
1.0
 40
1.0
 40
1.0
 10
156.13081533728516
 20
0.14566929133858286
 30
0.0
 10
156.27490982547414
 20
0.4364829396325461
 30
0.0
 10
156.43147150526417
 20
0.7526246719160107
 30
0.0
 10
156.60050037665525
 20
1.0940944881889765
 30
0.0
  0
SPLINE
  5
2EB
330
17
100
AcDbEntity
  8
Palmette
100
AcDbSpline
 70
0
 71
3
 72
8
 73
4
 74
0
 40
0.0
 40
0.0
 40
0.0
 40
0.0
 40
1.0
 40
1.0
 40
1.0
 40
1.0
 10
156.13081533728516
 20
0.14566929133858286
 30
0.0
 10
156.1930200616946
 20
0.7145669291338583
 30
0.0
 10
156.70483108531664
 20
0.5401574803149607
 30
0.0
 10
156.81231140027728
 20
0.6645669291338583
 30
0.0
  0
SPLINE
  5
2EC
330
17
100
AcDbEntity
  8
Palmette
100
AcDbSpline
 70
0
 71
3
 72
8
 73
4
 74
0
 40
0.0
 40
0.0
 40
0.0
 40
0.0
 40
1.0
 40
1.0
 40
1.0
 40
1.0
 10
156.81231140027728
 20
0.6645669291338583
 30
0.0
 10
156.9201854160253
 20
0.5401574803149607
 30
0.0
 10
156.69577596720643
 20
0.05433070866141754
 30
0.0
 10
156.13081533728516
 20
0.14566929133858286
 30
0.0
  0
SPLINE
  5
2ED
330
17
100
AcDbEntity
  8
Palmette
100
AcDbSpline
 70
0
 71
3
 72
8
 73
4
 74
0
 40
0.0
 40
0.0
 40
0.0
 40
0.0
 40
1.0
 40
1.0
 40
1.0
 40
1.0
 10
156.13081533728516
 20
0.14566929133858286
 30
0.0
 10
156.3397392217996
 20
0.30472440944881907
 30
0.0
 10
156.5669045761303
 20
0.4776902887139109
 30
0.0
 10
156.81231140027728
 20
0.6645669291338583
 30
0.0
  0
LWPOLYLINE
  5
2EE
330
17
100
AcDbEntity
  8
Palmette
100
AcDbPolyline
 90
27
 70
0
 10
154.42805943177333
 20
0.825984251968504
 10
154.33317754200957
 20
0.7984251968503938
 10
154.25916179397808
 20
0.7381889763779529
 10
154.2158547073639
 20
0.6562992125984254
 10
154.20876809319066
 20
0.567716535433071
 10
154.23593344752138
 20
0.486220472440945
 10
154.2910515577576
 20
0.4240157480314961
 10
154.36270510106468
 20
0.3901574803149608
 10
154.43908305382058
 20
0.38740157480314963
 10
154.50719329004107
 20
0.4137795275590552
 10
154.55719329004106
 20
0.46259842519685046
 10
154.58278384122215
 20
0.5240157480314961
 10
154.58199643964736
 20
0.5874015748031498
 10
154.55758699082847
 20
0.6425196850393702
 10
154.5154610065765
 20
0.6811023622047245
 10
154.4642799042143
 20
0.6988188976377954
 10
154.4138862034269
 20
0.6952755905511812
 10
154.37176021917492
 20
0.6728346456692914
 10
154.3442011640568
 20
0.6381889763779529
 10
154.33357124279698
 20
0.5984251968503937
 10
154.33987045539538
 20
0.5610236220472442
 10
154.35876809319066
 20
0.5318897637795277
 10
154.38553974673397
 20
0.5145669291338584
 10
154.41349250263949
 20
0.5106299212598425
 10
154.4379019514584
 20
0.5181102362204726
 10
154.45483108531664
 20
0.5330708661417324
 10
154.46191769948987
 20
0.5511811023622049
  0
LWPOLYLINE
  5
2EF
330
17
100
AcDbEntity
  8
Palmette
100
AcDbPolyline
 90
27
 70
0
 10
157.83357124279698
 20
0.825984251968504
 10
157.92845313256075
 20
0.7984251968503938
 10
158.00246888059223
 20
0.7381889763779529
 10
158.04577596720642
 20
0.6562992125984254
 10
158.05286258137966
 20
0.567716535433071
 10
158.02569722704894
 20
0.486220472440945
 10
157.97057911681273
 20
0.4240157480314961
 10
157.89892557350564
 20
0.3901574803149608
 10
157.82254762074973
 20
0.38740157480314963
 10
157.75443738452924
 20
0.4137795275590552
 10
157.70443738452926
 20
0.46259842519685046
 10
157.67884683334816
 20
0.5240157480314961
 10
157.67963423492296
 20
0.5874015748031498
 10
157.70404368374184
 20
0.6425196850393702
 10
157.74616966799383
 20
0.6811023622047245
 10
157.79735077035602
 20
0.6988188976377954
 10
157.84774447114341
 20
0.6952755905511812
 10
157.8898704553954
 20
0.6728346456692914
 10
157.9174295105135
 20
0.6381889763779529
 10
157.92805943177333
 20
0.5984251968503937
 10
157.92176021917493
 20
0.5610236220472442
 10
157.90286258137965
 20
0.5318897637795277
 10
157.87609092783634
 20
0.5145669291338584
 10
157.84813817193083
 20
0.5106299212598425
 10
157.82372872311194
 20
0.5181102362204726
 10
157.80679958925367
 20
0.5330708661417324
 10
157.79971297508044
 20
0.5511811023622049
  0
SPLINE
  5
2F0
330
17
100
AcDbEntity
  8
Palmette
100
AcDbSpline
 70
0
 71
3
 72
8
 73
4
 74
0
 40
0.0
 40
0.0
 40
0.0
 40
0.0
 40
1.0
 40
1.0
 40
1.0
 40
1.0
 10
155.44971297508044
 20
0.14566929133858286
 30
0.0
 10
155.90378121655024
 20
0.2716535433070867
 30
0.0
 10
156.35784945802007
 20
0.2716535433070867
 30
0.0
 10
156.81191769948987
 20
0.14566929133858286
 30
0.0
  0
SPLINE
  5
2F1
330
17
100
AcDbEntity
  8
Palmette
100
AcDbSpline
 70
0
 71
3
 72
8
 73
4
 74
0
 40
0.0
 40
0.0
 40
0.0
 40
0.0
 40
1.0
 40
1.0
 40
1.0
 40
1.0
 10
156.81191769948987
 20
0.14566929133858286
 30
0.0
 10
156.35784945802007
 20
0.044881889763779576
 30
0.0
 10
155.90378121655024
 20
0.044881889763779576
 30
0.0
 10
155.44971297508044
 20
0.14566929133858286
 30
0.0
  0
TEXT
  5
2F2
330
17
100
AcDbEntity
  8
LABELS
100
AcDbText
 10
154.12294132153713
 20
3.8188976377952755
 30
0.0
 40
0.7086614173228346
  1
PALMETTE  (1:1, inches)
 11
154.12294132153713
 21
3.8188976377952755
 31
0.0
100
AcDbText
  0
LWPOLYLINE
  5
2F5
330
17
100
AcDbEntity
  8
Knot
100
AcDbPolyline
 90
5
 70
0
 10
167.98120903807254
 20
3.4645669291338583
 10
171.9969570695686
 20
3.4645669291338583
 10
171.9969570695686
 20
0.0
 10
167.98120903807254
 20
0.0
 10
167.98120903807254
 20
3.4645669291338583
  0
LWPOLYLINE
  5
2F6
330
17
100
AcDbEntity
  8
Knot
100
AcDbPolyline
 90
5
 70
0
 10
168.21742951051348
 20
3.2283464566929134
 10
171.76073659712765
 20
3.2283464566929134
 10
171.76073659712765
 20
0.2362204724409449
 10
168.21742951051348
 20
0.2362204724409449
 10
168.21742951051348
 20
3.2283464566929134
  0
LWPOLYLINE
  5
2F7
330
17
100
AcDbEntity
  8
Knot
100
AcDbPolyline
 90
5
 70
0
 10
169.98908305382056
 20
2.4598425196850395
 10
171.3749098254741
 20
1.7322834645669292
 10
169.98908305382056
 20
1.0047244094488192
 10
168.60325628216702
 20
1.7322834645669292
 10
169.98908305382056
 20
2.4598425196850395
  0
LWPOLYLINE
  5
2F8
330
17
100
AcDbEntity
  8
Knot
100
AcDbPolyline
 90
5
 70
0
 10
169.98908305382056
 20
2.1543307086614174
 10
170.7930200616946
 20
1.7322834645669292
 10
169.98908305382056
 20
1.310236220472441
 10
169.18514604594654
 20
1.7322834645669292
 10
169.98908305382056
 20
2.1543307086614174
  0
SPLINE
  5
2F9
330
17
100
AcDbEntity
  8
Knot
100
AcDbSpline
 70
0
 71
3
 72
8
 73
4
 74
0
 40
0.0
 40
0.0
 40
0.0
 40
0.0
 40
1.0
 40
1.0
 40
1.0
 40
1.0
 10
169.0442011640568
 20
1.9921259842519687
 30
0.0
 10
169.0442011640568
 20
2.719685039370079
 30
0.0
 10
169.80010667586782
 20
2.7716535433070866
 30
0.0
 10
169.98908305382056
 20
2.2
 30
0.0
  0
SPLINE
  5
2FA
330
17
100
AcDbEntity
  8
Knot
100
AcDbSpline
 70
0
 71
3
 72
11
 73
7
 74
0
 40
0.0
 40
0.0
 40
0.0
 40
0.0
 40
1.0
 40
1.0
 40
1.0
 40
2.0
 40
2.0
 40
2.0
 40
2.0
 10
169.98908305382056
 20
2.2
 30
0.0
 10
170.17805943177333
 20
2.7716535433070866
 30
0.0
 10
170.93396494358436
 20
2.719685039370079
 30
0.0
 10
170.93396494358436
 20
1.9921259842519687
 30
0.0
 10
170.93396494358436
 20
1.368503937007874
 30
0.0
 10
170.36703580972608
 20
1.0047244094488192
 30
0.0
 10
169.98908305382056
 20
0.5370078740157482
 30
0.0
  0
SPLINE
  5
2FB
330
17
100
AcDbEntity
  8
Knot
100
AcDbSpline
 70
0
 71
3
 72
8
 73
4
 74
0
 40
0.0
 40
0.0
 40
0.0
 40
0.0
 40
1.0
 40
1.0
 40
1.0
 40
1.0
 10
169.98908305382056
 20
0.5370078740157482
 30
0.0
 10
169.61113029791505
 20
1.0047244094488192
 30
0.0
 10
169.0442011640568
 20
1.368503937007874
 30
0.0
 10
169.0442011640568
 20
1.9921259842519687
 30
0.0
  0
SPLINE
  5
2FC
330
17
100
AcDbEntity
  8
Knot
100
AcDbSpline
 70
0
 71
3
 72
8
 73
4
 74
0
 40
0.0
 40
0.0
 40
0.0
 40
0.0
 40
1.0
 40
1.0
 40
1.0
 40
1.0
 10
169.32766573098593
 20
1.9141732283464568
 30
0.0
 10
169.32766573098593
 20
2.423622047244095
 30
0.0
 10
169.85679958925363
 20
2.4598425196850395
 30
0.0
 10
169.98908305382056
 20
2.0598425196850396
 30
0.0
  0
SPLINE
  5
2FD
330
17
100
AcDbEntity
  8
Knot
100
AcDbSpline
 70
0
 71
3
 72
11
 73
7
 74
0
 40
0.0
 40
0.0
 40
0.0
 40
0.0
 40
1.0
 40
1.0
 40
1.0
 40
2.0
 40
2.0
 40
2.0
 40
2.0
 10
169.98908305382056
 20
2.0598425196850396
 30
0.0
 10
170.1213665183875
 20
2.4598425196850395
 30
0.0
 10
170.6505003766552
 20
2.423622047244095
 30
0.0
 10
170.6505003766552
 20
1.9141732283464568
 30
0.0
 10
170.6505003766552
 20
1.4775590551181104
 30
0.0
 10
170.2536499829544
 20
1.2228346456692916
 30
0.0
 10
169.98908305382056
 20
0.8956692913385829
 30
0.0
  0
SPLINE
  5
2FE
330
17
100
AcDbEntity
  8
Knot
100
AcDbSpline
 70
0
 71
3
 72
8
 73
4
 74
0
 40
0.0
 40
0.0
 40
0.0
 40
0.0
 40
1.0
 40
1.0
 40
1.0
 40
1.0
 10
169.98908305382056
 20
0.8956692913385829
 30
0.0
 10
169.72451612468672
 20
1.2228346456692916
 30
0.0
 10
169.32766573098593
 20
1.4775590551181104
 30
0.0
 10
169.32766573098593
 20
1.9141732283464568
 30
0.0
  0
LWPOLYLINE
  5
2FF
330
17
100
AcDbEntity
  8
Knot
100
AcDbPolyline
 90
2
 70
0
 10
170.70955549476545
 20
2.0814960629921258
 10
171.23632714830876
 20
1.8051181102362206
  0
LWPOLYLINE
  5
300
330
17
100
AcDbEntity
  8
Knot
100
AcDbPolyline
 90
2
 70
0
 10
170.40719329004105
 20
1.9346456692913387
 10
170.71231140027726
 20
1.7744094488188977
  0
LWPOLYLINE
  5
301
330
17
100
AcDbEntity
  8
Knot
100
AcDbPolyline
 90
2
 70
0
 10
169.26861061287568
 20
1.3830708661417326
 10
168.74183895933237
 20
1.6594488188976377
  0
LWPOLYLINE
  5
302
330
17
100
AcDbEntity
  8
Knot
100
AcDbPolyline
 90
2
 70
0
 10
169.5709728176001
 20
1.5299212598425198
 10
169.26585470736387
 20
1.6901574803149606
  0
TEXT
  5
303
330
17
100
AcDbEntity
  8
LABELS
100
AcDbText
 10
167.98120903807254
 20
5.826771653543307
 30
0.0
 40
0.7086614173228346
  1
KNOT  (1:1, inches)
 11
167.98120903807254
 21
5.826771653543307
 31
0.0
100
AcDbText
  0
HATCH
  5
306
330
17
100
AcDbEntity
  8
Head section B hatch
 62
7
100
AcDbHatch
 10
0.0
 20
0.0
 30
0.0
210
0.0
220
0.0
230
1.0
  2
ANSI31
 70
0
 71
0
 91
1
 92
3
 72
0
 73
1
 93
17
 10
183.02057911681268
 20
14.68503937007874
 10
188.21742951051348
 20
14.68503937007874
 10
188.21742951051348
 20
11.929133858267717
 10
186.8001066758678
 20
11.929133858267717
 10
186.8001066758678
 20
10.984251968503937
 10
186.40640588846622
 20
10.984251968503937
 10
186.40640588846622
 20
6.259842519685039
 10
185.2253035262615
 20
6.259842519685039
 10
185.2253035262615
 20
5.94488188976378
 10
185.0678232113009
 20
5.94488188976378
 10
185.0678232113009
 20
4.448818897637795
 10
184.75286258137962
 20
4.448818897637795
 10
184.75286258137962
 20
2.4803149606299213
 10
183.42215391996228
 20
2.4803149606299213
 10
183.42215391996228
 20
0.47244094488188976
 10
183.02057911681268
 20
0.47244094488188976
 10
183.02057911681268
 20
14.68503937007874
 97
0
 75
1
 76
1
 52
0.0
 41
0.15748031496062992
 77
0
 78
1
 53
45.0
 43
0.0
 44
0.0
 45
-0.0139194248
 46
0.0139194248
 79
0
 98
0
  0
LWPOLYLINE
  5
307
330
17
100
AcDbEntity
  8
Head section B
100
AcDbPolyline
 90
17
 70
0
 10
183.02057911681268
 20
14.68503937007874
 10
188.21742951051348
 20
14.68503937007874
 10
188.21742951051348
 20
11.929133858267717
 10
186.8001066758678
 20
11.929133858267717
 10
186.8001066758678
 20
10.984251968503937
 10
186.40640588846622
 20
10.984251968503937
 10
186.40640588846622
 20
6.259842519685041
 10
185.2253035262615
 20
6.259842519685041
 10
185.2253035262615
 20
5.94488188976378
 10
185.06782321130086
 20
5.94488188976378
 10
185.06782321130086
 20
4.448818897637796
 10
184.75286258137962
 20
4.448818897637796
 10
184.75286258137962
 20
2.480314960629922
 10
183.42215391996228
 20
2.480314960629922
 10
183.42215391996228
 20
0.4724409448818907
 10
183.02057911681268
 20
0.4724409448818907
 10
183.02057911681268
 20
14.68503937007874
  0
LINE
  5
308
330
17
100
AcDbEntity
  8
Head section B
100
AcDbLine
 10
181.83947675460797
 20
14.68503937007874
 30
0.0
 11
183.02057911681268
 21
14.68503937007874
 31
0.0
  0
LINE
  5
309
330
17
100
AcDbEntity
  8
Head section B
100
AcDbLine
 10
183.02057911681268
 20
15.15748031496063
 30
0.0
 11
183.02057911681268
 21
0.0
 31
0.0
  0
TEXT
  5
30A
330
17
100
AcDbEntity
  8
LABELS
100
AcDbText
 10
181.83947675460797
 20
17.519685039370078
 30
0.0
 40
0.7086614173228346
  1
HEAD SECTION B  (1:1, inches)
 11
181.83947675460797
 21
17.519685039370078
 31
0.0
100
AcDbText
  0
TEXT
  5
30B
330
17
100
AcDbEntity
  8
LABELS
100
AcDbText
 10
0.0
 20
-8.661417322834646
 30
0.0
 40
1.574803149606299
  1
Door casings, option B · AST-DR-012
 11
0.0
 21
-8.661417322834646
 31
0.0
100
AcDbText
  0
ENDSEC
  0
SECTION
  2
OBJECTS
  0
DICTIONARY
  5
A
330
0
100
AcDbDictionary
281
1
  3
ACAD_COLOR
350
B
  3
ACAD_GROUP
350
C
  3
ACAD_LAYOUT
350
D
  3
ACAD_MATERIAL
350
E
  3
ACAD_MLEADERSTYLE
350
F
  3
ACAD_MLINESTYLE
350
10
  3
ACAD_PLOTSETTINGS
350
11
  3
ACAD_PLOTSTYLENAME
350
12
  3
ACAD_SCALELIST
350
14
  3
ACAD_TABLESTYLE
350
15
  3
ACAD_VISUALSTYLE
350
16
  3
EZDXF_META
350
2D
  0
DICTIONARY
  5
B
330
A
100
AcDbDictionary
281
1
  0
DICTIONARY
  5
C
330
A
100
AcDbDictionary
281
1
  0
DICTIONARY
  5
D
330
A
100
AcDbDictionary
281
1
  3
Model
350
1A
  3
Layout1
350
1E
  0
DICTIONARY
  5
E
330
A
100
AcDbDictionary
281
1
  3
ByBlock
350
1F
  3
ByLayer
350
20
  3
Global
350
21
  0
DICTIONARY
  5
F
330
A
100
AcDbDictionary
281
1
  3
Standard
350
2C
  0
DICTIONARY
  5
10
330
A
100
AcDbDictionary
281
1
  3
Standard
350
22
  0
DICTIONARY
  5
11
330
A
100
AcDbDictionary
281
1
  0
ACDBDICTIONARYWDFLT
  5
12
330
A
100
AcDbDictionary
281
1
  3
Normal
350
13
100
AcDbDictionaryWithDefault
340
13
  0
ACDBPLACEHOLDER
  5
13
330
12
  0
DICTIONARY
  5
14
330
A
100
AcDbDictionary
281
1
  0
DICTIONARY
  5
15
330
A
100
AcDbDictionary
281
1
  0
DICTIONARY
  5
16
330
A
100
AcDbDictionary
281
1
  3
2dWireframe
350
5A
  3
Basic
350
5B
  3
Brighten
350
5C
  3
ColorChange
350
5D
  3
Conceptual
350
5E
  3
Dim
350
5F
  3
EdgeColorOff
350
60
  3
Facepattern
350
61
  3
Flat
350
62
  3
FlatWithEdges
350
63
  3
Gouraud
350
64
  3
GouraudWithEdges
350
65
  3
Hidden
350
66
  3
JitterOff
350
67
  3
Linepattern
350
68
  3
Modeling
350
69
  3
OverhangOff
350
6A
  3
Realistic
350
6B
  3
Shaded
350
6C
  3
Shaded with edges
350
6D
  3
Shades of Gray
350
6E
  3
Sketchy
350
6F
  3
Thicken
350
70
  3
Wireframe
350
71
  3
X-Ray
350
72
  0
LAYOUT
  5
1A
330
D
100
AcDbPlotSettings
  1

  4
A3
  6

 40
7.5
 41
20.0
 42
7.5
 43
20.0
 44
420.0
 45
297.0
 46
0.0
 47
0.0
 48
0.0
 49
0.0
140
0.0
141
0.0
142
1.0
143
1.0
 70
1024
 72
1
 73
0
 74
5
  7

 75
16
 76
0
 77
2
 78
300
147
1.0
148
0.0
149
0.0
100
AcDbLayout
  1
Model
 70
1
 71
0
 10
0.0
 20
0.0
 11
420.0
 21
297.0
 12
0.0
 22
0.0
 32
0.0
 14
1e+20
 24
1e+20
 34
1e+20
 15
-1e+20
 25
-1e+20
 35
-1e+20
146
0.0
 13
0.0
 23
0.0
 33
0.0
 16
1.0
 26
0.0
 36
0.0
 17
0.0
 27
1.0
 37
0.0
 76
1
330
17
  0
LAYOUT
  5
1E
330
D
100
AcDbPlotSettings
  1

  4
A3
  6

 40
7.5
 41
20.0
 42
7.5
 43
20.0
 44
420.0
 45
297.0
 46
0.0
 47
0.0
 48
0.0
 49
0.0
140
0.0
141
0.0
142
1.0
143
1.0
 70
0
 72
1
 73
0
 74
5
  7

 75
16
 76
0
 77
2
 78
300
147
1.0
148
0.0
149
0.0
100
AcDbLayout
  1
Layout1
 70
1
 71
1
 10
0.0
 20
0.0
 11
420.0
 21
297.0
 12
0.0
 22
0.0
 32
0.0
 14
1e+20
 24
1e+20
 34
1e+20
 15
-1e+20
 25
-1e+20
 35
-1e+20
146
0.0
 13
0.0
 23
0.0
 33
0.0
 16
1.0
 26
0.0
 36
0.0
 17
0.0
 27
1.0
 37
0.0
 76
1
330
1B
  0
MATERIAL
  5
1F
102
{ACAD_REACTORS
330
E
102
}
330
E
100
AcDbMaterial
  1
ByBlock
  2

 70
0
 40
1.0
 71
1
 41
1.0
 91
-1023410177
 42
1.0
 72
1
  3

 73
1
 74
1
 75
1
 44
0.5
 73
0
 45
1.0
 46
1.0
 77
1
  4

 78
1
 79
1
170
1
 48
1.0
171
1
  6

172
1
173
1
174
1
140
1.0
141
1.0
175
1
  7

176
1
177
1
178
1
143
1.0
179
1
  8

270
1
271
1
272
1
145
1.0
146
1.0
273
1
  9

274
1
275
1
276
1
 42
1.0
 72
1
  3

 73
1
 74
1
 75
1
 94
63
  0
MATERIAL
  5
20
102
{ACAD_REACTORS
330
E
102
}
330
E
100
AcDbMaterial
  1
ByLayer
  2

 70
0
 40
1.0
 71
1
 41
1.0
 91
-1023410177
 42
1.0
 72
1
  3

 73
1
 74
1
 75
1
 44
0.5
 73
0
 45
1.0
 46
1.0
 77
1
  4

 78
1
 79
1
170
1
 48
1.0
171
1
  6

172
1
173
1
174
1
140
1.0
141
1.0
175
1
  7

176
1
177
1
178
1
143
1.0
179
1
  8

270
1
271
1
272
1
145
1.0
146
1.0
273
1
  9

274
1
275
1
276
1
 42
1.0
 72
1
  3

 73
1
 74
1
 75
1
 94
63
  0
MATERIAL
  5
21
102
{ACAD_REACTORS
330
E
102
}
330
E
100
AcDbMaterial
  1
Global
  2

 70
0
 40
1.0
 71
1
 41
1.0
 91
-1023410177
 42
1.0
 72
1
  3

 73
1
 74
1
 75
1
 44
0.5
 73
0
 45
1.0
 46
1.0
 77
1
  4

 78
1
 79
1
170
1
 48
1.0
171
1
  6

172
1
173
1
174
1
140
1.0
141
1.0
175
1
  7

176
1
177
1
178
1
143
1.0
179
1
  8

270
1
271
1
272
1
145
1.0
146
1.0
273
1
  9

274
1
275
1
276
1
 42
1.0
 72
1
  3

 73
1
 74
1
 75
1
 94
63
  0
MLINESTYLE
  5
22
102
{ACAD_REACTORS
330
10
102
}
330
10
100
AcDbMlineStyle
  2
Standard
 70
0
  3

 62
256
 51
90.0
 52
90.0
 71
2
 49
0.5
 62
256
  6
BYLAYER
 49
-0.5
 62
256
  6
BYLAYER
  0
MLEADERSTYLE
  5
2C
102
{ACAD_REACTORS
330
F
102
}
330
F
100
AcDbMLeaderStyle
179
2
170
2
171
1
172
0
 90
2
 40
0.0
 41
0.0
173
1
 91
-1056964608
 92
-2
290
1
 42
2.0
291
1
 43
8.0
  3
Standard
 44
4.0
300

342
29
174
1
175
1
176
0
178
1
 93
-1056964608
 45
4.0
292
0
297
0
 46
4.0
 94
-1056964608
 47
1.0
 49
1.0
140
1.0
294
1
141
0.0
177
0
142
1.0
295
0
296
0
143
3.75
271
0
272
9
273
9
  0
DICTIONARY
  5
2D
330
A
100
AcDbDictionary
280
1
281
1
  3
CREATED_BY_EZDXF
350
2E
  3
WRITTEN_BY_EZDXF
350
30E
  0
DICTIONARYVAR
  5
2E
330
2D
100
DictionaryVariables
280
0
  1
1.4.2 @ 2026-09-23T13:48:57.829918+00:00
  0
VISUALSTYLE
  5
5A
102
{ACAD_REACTORS
330
16
102
}
330
16
100
AcDbVisualStyle
  2
2dWireframe
 70
4
 90
0
 40
0.6
 62
7
290
0
291
0
  0
VISUALSTYLE
  5
5B
102
{ACAD_REACTORS
330
16
102
}
330
16
100
AcDbVisualStyle
  2
Basic
 70
7
 90
1
 40
0.6
 62
7
290
0
291
1
  0
VISUALSTYLE
  5
5C
102
{ACAD_REACTORS
330
16
102
}
330
16
100
AcDbVisualStyle
  2
Brighten
 70
12
 90
2
 40
0.6
 62
7
290
0
291
1
  0
VISUALSTYLE
  5
5D
102
{ACAD_REACTORS
330
16
102
}
330
16
100
AcDbVisualStyle
  2
ColorChange
 70
16
 90
2
 40
0.6
 62
8
290
0
291
1
  0
VISUALSTYLE
  5
5E
102
{ACAD_REACTORS
330
16
102
}
330
16
100
AcDbVisualStyle
  2
Conceptual
 70
9
 90
3
 40
0.6
 62
7
290
0
291
0
  0
VISUALSTYLE
  5
5F
102
{ACAD_REACTORS
330
16
102
}
330
16
100
AcDbVisualStyle
  2
Dim
 70
11
 90
2
 40
0.6
 62
7
290
0
291
1
  0
VISUALSTYLE
  5
60
102
{ACAD_REACTORS
330
16
102
}
330
16
100
AcDbVisualStyle
  2
EdgeColorOff
 70
22
 90
2
 40
0.6
 62
7
290
0
291
1
  0
VISUALSTYLE
  5
61
102
{ACAD_REACTORS
330
16
102
}
330
16
100
AcDbVisualStyle
  2
Facepattern
 70
15
 90
2
 40
0.6
 62
7
290
0
291
1
  0
VISUALSTYLE
  5
62
102
{ACAD_REACTORS
330
16
102
}
330
16
100
AcDbVisualStyle
  2
Flat
 70
0
 90
2
 40
0.6
 62
7
290
0
291
1
  0
VISUALSTYLE
  5
63
102
{ACAD_REACTORS
330
16
102
}
330
16
100
AcDbVisualStyle
  2
FlatWithEdges
 70
1
 90
2
 40
0.6
 62
7
290
0
291
1
  0
VISUALSTYLE
  5
64
102
{ACAD_REACTORS
330
16
102
}
330
16
100
AcDbVisualStyle
  2
Gouraud
 70
2
 90
2
 40
0.6
 62
7
290
0
291
1
  0
VISUALSTYLE
  5
65
102
{ACAD_REACTORS
330
16
102
}
330
16
100
AcDbVisualStyle
  2
GouraudWithEdges
 70
3
 90
2
 40
0.6
 62
7
290
0
291
1
  0
VISUALSTYLE
  5
66
102
{ACAD_REACTORS
330
16
102
}
330
16
100
AcDbVisualStyle
  2
Hidden
 70
6
 90
1
 40
0.6
 62
7
290
0
291
0
  0
VISUALSTYLE
  5
67
102
{ACAD_REACTORS
330
16
102
}
330
16
100
AcDbVisualStyle
  2
JitterOff
 70
20
 90
2
 40
0.6
 62
7
290
0
291
1
  0
VISUALSTYLE
  5
68
102
{ACAD_REACTORS
330
16
102
}
330
16
100
AcDbVisualStyle
  2
Linepattern
 70
14
 90
2
 40
0.6
 62
7
290
0
291
1
  0
VISUALSTYLE
  5
69
102
{ACAD_REACTORS
330
16
102
}
330
16
100
AcDbVisualStyle
  2
Modeling
 70
10
 90
2
 40
0.6
 62
7
290
0
291
0
  0
VISUALSTYLE
  5
6A
102
{ACAD_REACTORS
330
16
102
}
330
16
100
AcDbVisualStyle
  2
OverhangOff
 70
21
 90
2
 40
0.6
 62
7
290
0
291
1
  0
VISUALSTYLE
  5
6B
102
{ACAD_REACTORS
330
16
102
}
330
16
100
AcDbVisualStyle
  2
Realistic
 70
8
 90
2
 40
0.6
 62
7
290
0
291
0
  0
VISUALSTYLE
  5
6C
102
{ACAD_REACTORS
330
16
102
}
330
16
100
AcDbVisualStyle
  2
Shaded
 70
27
 90
2
 40
0.6
 62
7
290
0
291
0
  0
VISUALSTYLE
  5
6D
102
{ACAD_REACTORS
330
16
102
}
330
16
100
AcDbVisualStyle
  2
Shaded with edges
 70
26
 90
2
 40
0.6
 62
7
290
0
291
0
  0
VISUALSTYLE
  5
6E
102
{ACAD_REACTORS
330
16
102
}
330
16
100
AcDbVisualStyle
  2
Shades of Gray
 70
23
 90
2
 40
0.6
 62
7
290
0
291
0
  0
VISUALSTYLE
  5
6F
102
{ACAD_REACTORS
330
16
102
}
330
16
100
AcDbVisualStyle
  2
Sketchy
 70
24
 90
1
 40
0.6
 62
7
290
0
291
0
  0
VISUALSTYLE
  5
70
102
{ACAD_REACTORS
330
16
102
}
330
16
100
AcDbVisualStyle
  2
Thicken
 70
13
 90
2
 40
0.6
 62
7
290
0
291
1
  0
VISUALSTYLE
  5
71
102
{ACAD_REACTORS
330
16
102
}
330
16
100
AcDbVisualStyle
  2
Wireframe
 70
5
 90
0
 40
0.6
 62
7
290
0
291
0
  0
VISUALSTYLE
  5
72
102
{ACAD_REACTORS
330
16
102
}
330
16
100
AcDbVisualStyle
  2
X-Ray
 70
25
 90
2
 40
0.5
 62
7
290
0
291
0
  0
DICTIONARYVAR
  5
30E
330
2D
100
DictionaryVariables
280
0
  1
1.4.2 @ 2026-09-23T13:48:57.960779+00:00
  0
ENDSEC
  0
EOF
