  0
SECTION
  2
HEADER
  9
$ACADVER
  1
AC1024
  9
$ACADMAINTVER
 70
6
  9
$DWGCODEPAGE
  3
ANSI_1252
  9
$LASTSAVEDBY
  1
ezdxf
  9
$INSBASE
 10
0.0
 20
0.0
 30
0.0
  9
$EXTMIN
 10
1e+20
 20
1e+20
 30
1e+20
  9
$EXTMAX
 10
-1e+20
 20
-1e+20
 30
-1e+20
  9
$LIMMIN
 10
0.0
 20
0.0
  9
$LIMMAX
 10
420.0
 20
297.0
  9
$ORTHOMODE
 70
0
  9
$REGENMODE
 70
1
  9
$FILLMODE
 70
1
  9
$QTEXTMODE
 70
0
  9
$MIRRTEXT
 70
1
  9
$LTSCALE
 40
0.00984251968503937
  9
$ATTMODE
 70
1
  9
$TEXTSIZE
 40
2.5
  9
$TRACEWID
 40
1.0
  9
$TEXTSTYLE
  7
OpenSans
  9
$CLAYER
  8
0
  9
$CELTYPE
  6
ByLayer
  9
$CECOLOR
 62
256
  9
$CELTSCALE
 40
1.0
  9
$DISPSILH
 70
0
  9
$DIMSCALE
 40
1.0
  9
$DIMASZ
 40
0.175
  9
$DIMEXO
 40
0.125
  9
$DIMDLI
 40
3.75
  9
$DIMRND
 40
0.0
  9
$DIMDLE
 40
0.0
  9
$DIMEXE
 40
0.375
  9
$DIMTP
 40
0.0
  9
$DIMTM
 40
0.0
  9
$DIMTXT
 40
0.25
  9
$DIMCEN
 40
2.5
  9
$DIMTSZ
 40
0.0
  9
$DIMTOL
 70
0
  9
$DIMLIM
 70
0
  9
$DIMTIH
 70
0
  9
$DIMTOH
 70
0
  9
$DIMSE1
 70
0
  9
$DIMSE2
 70
0
  9
$DIMTAD
 70
1
  9
$DIMZIN
 70
12
  9
$DIMBLK
  1
ARCHTICK
  9
$DIMASO
 70
1
  9
$DIMSHO
 70
1
  9
$DIMPOST
  1

  9
$DIMAPOST
  1

  9
$DIMALT
 70
0
  9
$DIMALTD
 70
3
  9
$DIMALTF
 40
0.03937007874
  9
$DIMLFAC
 40
100.0
  9
$DIMTOFL
 70
1
  9
$DIMTVP
 40
0.0
  9
$DIMTIX
 70
0
  9
$DIMSOXD
 70
0
  9
$DIMSAH
 70
0
  9
$DIMBLK1
  1

  9
$DIMBLK2
  1

  9
$DIMSTYLE
  2
EZDXF
  9
$DIMCLRD
 70
0
  9
$DIMCLRE
 70
0
  9
$DIMCLRT
 70
0
  9
$DIMTFAC
 40
0.5
  9
$DIMGAP
 40
0.1
  9
$DIMJUST
 70
0
  9
$DIMSD1
 70
0
  9
$DIMSD2
 70
0
  9
$DIMTOLJ
 70
0
  9
$DIMTZIN
 70
8
  9
$DIMALTZ
 70
0
  9
$DIMALTTZ
 70
0
  9
$DIMUPT
 70
1
  9
$DIMDEC
 70
2
  9
$DIMTDEC
 70
2
  9
$DIMALTU
 70
2
  9
$DIMALTTD
 70
3
  9
$DIMTXSTY
  7
OpenSansCondensed-Light
  9
$DIMAUNIT
 70
0
  9
$DIMADEC
 70
2
  9
$DIMALTRND
 40
0.0
  9
$DIMAZIN
 70
3
  9
$DIMDSEP
 70
46
  9
$DIMATFIT
 70
3
  9
$DIMFRAC
 70
0
  9
$DIMLDRBLK
  1

  9
$DIMLUNIT
 70
2
  9
$DIMLWD
 70
-2
  9
$DIMLWE
 70
-2
  9
$DIMTMOVE
 70
2
  9
$DIMFXL
 40
1.0
  9
$DIMFXLON
 70
0
  9
$DIMJOGANG
 40
0.785398163397
  9
$DIMTFILL
 70
0
  9
$DIMTFILLCLR
 70
0
  9
$DIMARCSYM
 70
0
  9
$DIMLTYPE
  6

  9
$DIMLTEX1
  6

  9
$DIMLTEX2
  6

  9
$DIMTXTDIRECTION
 70
0
  9
$LUNITS
 70
4
  9
$LUPREC
 70
4
  9
$SKETCHINC
 40
1.0
  9
$FILLETRAD
 40
10.0
  9
$AUNITS
 70
0
  9
$AUPREC
 70
3
  9
$MENU
  1
.
  9
$ELEVATION
 40
0.0
  9
$PELEVATION
 40
0.0
  9
$THICKNESS
 40
0.0
  9
$LIMCHECK
 70
0
  9
$CHAMFERA
 40
0.0
  9
$CHAMFERB
 40
0.0
  9
$CHAMFERC
 40
0.0
  9
$CHAMFERD
 40
0.0
  9
$SKPOLY
 70
0
  9
$TDCREATE
 40
2461303.092175926
  9
$TDUCREATE
 40
2458532.153996898
  9
$TDUPDATE
 40
2461303.092175926
  9
$TDUUPDATE
 40
2458532.1544311
  9
$TDINDWG
 40
0.0
  9
$TDUSRTIMER
 40
0.0
  9
$USRTIMER
 70
1
  9
$ANGBASE
 50
0.0
  9
$ANGDIR
 70
0
  9
$PDMODE
 70
0
  9
$PDSIZE
 40
0.0
  9
$PLINEWID
 40
0.0
  9
$SPLFRAME
 70
0
  9
$SPLINETYPE
 70
6
  9
$SPLINESEGS
 70
8
  9
$HANDSEED
  5
489
  9
$SURFTAB1
 70
6
  9
$SURFTAB2
 70
6
  9
$SURFTYPE
 70
6
  9
$SURFU
 70
6
  9
$SURFV
 70
6
  9
$UCSBASE
  2

  9
$UCSNAME
  2

  9
$UCSORG
 10
0.0
 20
0.0
 30
0.0
  9
$UCSXDIR
 10
1.0
 20
0.0
 30
0.0
  9
$UCSYDIR
 10
0.0
 20
1.0
 30
0.0
  9
$UCSORTHOREF
  2

  9
$UCSORTHOVIEW
 70
0
  9
$UCSORGTOP
 10
0.0
 20
0.0
 30
0.0
  9
$UCSORGBOTTOM
 10
0.0
 20
0.0
 30
0.0
  9
$UCSORGLEFT
 10
0.0
 20
0.0
 30
0.0
  9
$UCSORGRIGHT
 10
0.0
 20
0.0
 30
0.0
  9
$UCSORGFRONT
 10
0.0
 20
0.0
 30
0.0
  9
$UCSORGBACK
 10
0.0
 20
0.0
 30
0.0
  9
$PUCSBASE
  2

  9
$PUCSNAME
  2

  9
$PUCSORG
 10
0.0
 20
0.0
 30
0.0
  9
$PUCSXDIR
 10
1.0
 20
0.0
 30
0.0
  9
$PUCSYDIR
 10
0.0
 20
1.0
 30
0.0
  9
$PUCSORTHOREF
  2

  9
$PUCSORTHOVIEW
 70
0
  9
$PUCSORGTOP
 10
0.0
 20
0.0
 30
0.0
  9
$PUCSORGBOTTOM
 10
0.0
 20
0.0
 30
0.0
  9
$PUCSORGLEFT
 10
0.0
 20
0.0
 30
0.0
  9
$PUCSORGRIGHT
 10
0.0
 20
0.0
 30
0.0
  9
$PUCSORGFRONT
 10
0.0
 20
0.0
 30
0.0
  9
$PUCSORGBACK
 10
0.0
 20
0.0
 30
0.0
  9
$USERI1
 70
0
  9
$USERI2
 70
0
  9
$USERI3
 70
0
  9
$USERI4
 70
0
  9
$USERI5
 70
0
  9
$USERR1
 40
0.0
  9
$USERR2
 40
0.0
  9
$USERR3
 40
0.0
  9
$USERR4
 40
0.0
  9
$USERR5
 40
0.0
  9
$WORLDVIEW
 70
1
  9
$SHADEDGE
 70
3
  9
$SHADEDIF
 70
70
  9
$TILEMODE
 70
1
  9
$MAXACTVP
 70
64
  9
$PINSBASE
 10
0.0
 20
0.0
 30
0.0
  9
$PLIMCHECK
 70
0
  9
$PEXTMIN
 10
1e+20
 20
1e+20
 30
1e+20
  9
$PEXTMAX
 10
-1e+20
 20
-1e+20
 30
-1e+20
  9
$PLIMMIN
 10
0.0
 20
0.0
  9
$PLIMMAX
 10
420.0
 20
297.0
  9
$UNITMODE
 70
0
  9
$VISRETAIN
 70
1
  9
$PLINEGEN
 70
0
  9
$PSLTSCALE
 70
1
  9
$TREEDEPTH
 70
3020
  9
$CMLSTYLE
  2
Standard
  9
$CMLJUST
 70
0
  9
$CMLSCALE
 40
20.0
  9
$PROXYGRAPHICS
 70
1
  9
$MEASUREMENT
 70
0
  9
$CELWEIGHT
370
-1
  9
$ENDCAPS
280
0
  9
$JOINSTYLE
280
0
  9
$LWDISPLAY
290
0
  9
$INSUNITS
 70
1
  9
$HYPERLINKBASE
  1

  9
$STYLESHEET
  1

  9
$XEDIT
290
1
  9
$CEPSNTYPE
380
0
  9
$PSTYLEMODE
290
1
  9
$FINGERPRINTGUID
  2
{2CA768C1-5547-4BD0-A2DD-F8E02B961A5A}
  9
$VERSIONGUID
  2
{AF1AB860-7E1D-484A-BC33-9AA558886FDB}
  9
$EXTNAMES
290
1
  9
$PSVPSCALE
 40
0.0
  9
$OLESTARTUP
290
0
  9
$SORTENTS
280
127
  9
$INDEXCTL
280
0
  9
$HIDETEXT
280
1
  9
$XCLIPFRAME
280
1
  9
$HALOGAP
280
0
  9
$OBSCOLOR
 70
257
  9
$OBSLTYPE
280
0
  9
$INTERSECTIONDISPLAY
280
0
  9
$INTERSECTIONCOLOR
 70
257
  9
$DIMASSOC
280
2
  9
$PROJECTNAME
  1

  9
$CAMERADISPLAY
290
0
  9
$LENSLENGTH
 40
50.0
  9
$CAMERAHEIGHT
 40
0.0
  9
$STEPSPERSEC
 40
24.0
  9
$STEPSIZE
 40
100.0
  9
$3DDWFPREC
 40
2.0
  9
$PSOLWIDTH
 40
0.005
  9
$PSOLHEIGHT
 40
0.08
  9
$LOFTANG1
 40
1.570796326795
  9
$LOFTANG2
 40
1.570796326795
  9
$LOFTMAG1
 40
0.0
  9
$LOFTMAG2
 40
0.0
  9
$LOFTPARAM
 70
7
  9
$LOFTNORMALS
280
1
  9
$LATITUDE
 40
37.795
  9
$LONGITUDE
 40
-122.394
  9
$NORTHDIRECTION
 40
0.0
  9
$TIMEZONE
 70
-8000
  9
$LIGHTGLYPHDISPLAY
280
1
  9
$TILEMODELIGHTSYNCH
280
1
  9
$CMATERIAL
347
20
  9
$SOLIDHIST
280
0
  9
$SHOWHIST
280
1
  9
$DWFFRAME
280
2
  9
$DGNFRAME
280
2
  9
$REALWORLDSCALE
290
1
  9
$INTERFERECOLOR
 62
256
  9
$CSHADOW
280
0
  9
$SHADOWPLANELOCATION
 40
0.0
  0
ENDSEC
  0
SECTION
  2
CLASSES
  0
CLASS
  1
ACDBDICTIONARYWDFLT
  2
AcDbDictionaryWithDefault
  3
ObjectDBX Classes
 90
0
 91
0
280
0
281
0
  0
CLASS
  1
SUN
  2
AcDbSun
  3
SCENEOE
 90
1153
 91
0
280
0
281
0
  0
CLASS
  1
VISUALSTYLE
  2
AcDbVisualStyle
  3
ObjectDBX Classes
 90
4095
 91
0
280
0
281
0
  0
CLASS
  1
MATERIAL
  2
AcDbMaterial
  3
ObjectDBX Classes
 90
1153
 91
0
280
0
281
0
  0
CLASS
  1
SCALE
  2
AcDbScale
  3
ObjectDBX Classes
 90
1153
 91
0
280
0
281
0
  0
CLASS
  1
TABLESTYLE
  2
AcDbTableStyle
  3
ObjectDBX Classes
 90
4095
 91
0
280
0
281
0
  0
CLASS
  1
MLEADERSTYLE
  2
AcDbMLeaderStyle
  3
ACDB_MLEADERSTYLE_CLASS
 90
4095
 91
0
280
0
281
0
  0
CLASS
  1
DICTIONARYVAR
  2
AcDbDictionaryVar
  3
ObjectDBX Classes
 90
0
 91
0
280
0
281
0
  0
CLASS
  1
CELLSTYLEMAP
  2
AcDbCellStyleMap
  3
ObjectDBX Classes
 90
1152
 91
0
280
0
281
0
  0
CLASS
  1
MENTALRAYRENDERSETTINGS
  2
AcDbMentalRayRenderSettings
  3
SCENEOE
 90
1024
 91
0
280
0
281
0
  0
CLASS
  1
ACDBDETAILVIEWSTYLE
  2
AcDbDetailViewStyle
  3
ObjectDBX Classes
 90
1025
 91
0
280
0
281
0
  0
CLASS
  1
ACDBSECTIONVIEWSTYLE
  2
AcDbSectionViewStyle
  3
ObjectDBX Classes
 90
1025
 91
0
280
0
281
0
  0
CLASS
  1
RASTERVARIABLES
  2
AcDbRasterVariables
  3
ISM
 90
0
 91
0
280
0
281
0
  0
CLASS
  1
ACDBPLACEHOLDER
  2
AcDbPlaceHolder
  3
ObjectDBX Classes
 90
0
 91
0
280
0
281
0
  0
CLASS
  1
LAYOUT
  2
AcDbLayout
  3
ObjectDBX Classes
 90
0
 91
0
280
0
281
0
  0
ENDSEC
  0
SECTION
  2
TABLES
  0
TABLE
  2
VPORT
  5
8
330
0
100
AcDbSymbolTable
 70
1
  0
VPORT
  5
23
330
8
100
AcDbSymbolTableRecord
100
AcDbViewportTableRecord
  2
*Active
 70
0
 10
0.0
 20
0.0
 11
1.0
 21
1.0
 12
0.0
 22
0.0
 13
0.0
 23
0.0
 14
0.5
 24
0.5
 15
0.5
 25
0.5
 16
0.0
 26
0.0
 36
1.0
 17
0.0
 27
0.0
 37
0.0
 40
1000.0
 41
1.34
 42
50.0
 43
0.0
 44
0.0
 50
0.0
 51
0.0
 71
0
 72
1000
 73
1
 74
3
 75
0
 76
0
 77
0
 78
0
281
0
 65
0
146
0.0
  0
ENDTAB
  0
TABLE
  2
LTYPE
  5
2
330
0
100
AcDbSymbolTable
 70
21
  0
LTYPE
  5
24
330
2
100
AcDbSymbolTableRecord
100
AcDbLinetypeTableRecord
  2
ByBlock
 70
0
  3

 72
65
 73
0
 40
0.0
  0
LTYPE
  5
25
330
2
100
AcDbSymbolTableRecord
100
AcDbLinetypeTableRecord
  2
ByLayer
 70
0
  3

 72
65
 73
0
 40
0.0
  0
LTYPE
  5
26
330
2
100
AcDbSymbolTableRecord
100
AcDbLinetypeTableRecord
  2
Continuous
 70
0
  3

 72
65
 73
0
 40
0.0
  0
LTYPE
  5
2F
330
2
100
AcDbSymbolTableRecord
100
AcDbLinetypeTableRecord
  2
CENTER
 70
0
  3
Center ____ _ ____ _ ____ _ ____ _ ____ _ ____
 72
65
 73
4
 40
2.0
 49
1.25
 74
0
 49
-0.25
 74
0
 49
0.25
 74
0
 49
-0.25
 74
0
  0
LTYPE
  5
30
330
2
100
AcDbSymbolTableRecord
100
AcDbLinetypeTableRecord
  2
CENTERX2
 70
0
  3
Center (2x) ________  __  ________  __  ________
 72
65
 73
4
 40
3.5
 49
2.5
 74
0
 49
-0.25
 74
0
 49
0.5
 74
0
 49
-0.25
 74
0
  0
LTYPE
  5
31
330
2
100
AcDbSymbolTableRecord
100
AcDbLinetypeTableRecord
  2
CENTER2
 70
0
  3
Center (.5x) ____ _ ____ _ ____ _ ____ _ ____
 72
65
 73
4
 40
1.0
 49
0.625
 74
0
 49
-0.125
 74
0
 49
0.125
 74
0
 49
-0.125
 74
0
  0
LTYPE
  5
32
330
2
100
AcDbSymbolTableRecord
100
AcDbLinetypeTableRecord
  2
DASHED
 70
0
  3
Dashed __ __ __ __ __ __ __ __ __ __ __ __ __ _
 72
65
 73
2
 40
0.6
 49
0.5
 74
0
 49
-0.1
 74
0
  0
LTYPE
  5
33
330
2
100
AcDbSymbolTableRecord
100
AcDbLinetypeTableRecord
  2
DASHEDX2
 70
0
  3
Dashed (2x) ____  ____  ____  ____  ____  ____
 72
65
 73
2
 40
1.2
 49
1.0
 74
0
 49
-0.2
 74
0
  0
LTYPE
  5
34
330
2
100
AcDbSymbolTableRecord
100
AcDbLinetypeTableRecord
  2
DASHED2
 70
0
  3
Dashed (.5x) _ _ _ _ _ _ _ _ _ _ _ _ _ _
 72
65
 73
2
 40
0.3
 49
0.25
 74
0
 49
-0.05
 74
0
  0
LTYPE
  5
35
330
2
100
AcDbSymbolTableRecord
100
AcDbLinetypeTableRecord
  2
PHANTOM
 70
0
  3
Phantom ______  __  __  ______  __  __  ______
 72
65
 73
6
 40
2.5
 49
1.25
 74
0
 49
-0.25
 74
0
 49
0.25
 74
0
 49
-0.25
 74
0
 49
0.25
 74
0
 49
-0.25
 74
0
  0
LTYPE
  5
36
330
2
100
AcDbSymbolTableRecord
100
AcDbLinetypeTableRecord
  2
PHANTOMX2
 70
0
  3
Phantom (2x)____________    ____    ____    ____________
 72
65
 73
6
 40
4.25
 49
2.5
 74
0
 49
-0.25
 74
0
 49
0.5
 74
0
 49
-0.25
 74
0
 49
0.5
 74
0
 49
-0.25
 74
0
  0
LTYPE
  5
37
330
2
100
AcDbSymbolTableRecord
100
AcDbLinetypeTableRecord
  2
PHANTOM2
 70
0
  3
Phantom (.5x) ___ _ _ ___ _ _ ___ _ _ ___ _ _ ___
 72
65
 73
6
 40
1.25
 49
0.625
 74
0
 49
-0.125
 74
0
 49
0.125
 74
0
 49
-0.125
 74
0
 49
0.125
 74
0
 49
-0.125
 74
0
  0
LTYPE
  5
38
330
2
100
AcDbSymbolTableRecord
100
AcDbLinetypeTableRecord
  2
DASHDOT
 70
0
  3
Dash dot __ . __ . __ . __ . __ . __ . __ . __
 72
65
 73
4
 40
1.4
 49
1.0
 74
0
 49
-0.2
 74
0
 49
0.0
 74
0
 49
-0.2
 74
0
  0
LTYPE
  5
39
330
2
100
AcDbSymbolTableRecord
100
AcDbLinetypeTableRecord
  2
DASHDOTX2
 70
0
  3
Dash dot (2x) ____  .  ____  .  ____  .  ____
 72
65
 73
4
 40
2.4
 49
2.0
 74
0
 49
-0.2
 74
0
 49
0.0
 74
0
 49
-0.2
 74
0
  0
LTYPE
  5
3A
330
2
100
AcDbSymbolTableRecord
100
AcDbLinetypeTableRecord
  2
DASHDOT2
 70
0
  3
Dash dot (.5x) _ . _ . _ . _ . _ . _ . _ . _
 72
65
 73
4
 40
0.7
 49
0.5
 74
0
 49
-0.1
 74
0
 49
0.0
 74
0
 49
-0.1
 74
0
  0
LTYPE
  5
3B
330
2
100
AcDbSymbolTableRecord
100
AcDbLinetypeTableRecord
  2
DOT
 70
0
  3
Dot .  .  .  .  .  .  .  .  .  .  .  .  .  .  .  .
 72
65
 73
2
 40
0.2
 49
0.0
 74
0
 49
-0.2
 74
0
  0
LTYPE
  5
3C
330
2
100
AcDbSymbolTableRecord
100
AcDbLinetypeTableRecord
  2
DOTX2
 70
0
  3
Dot (2x) .    .    .    .    .    .    .    . 
 72
65
 73
2
 40
0.4
 49
0.0
 74
0
 49
-0.4
 74
0
  0
LTYPE
  5
3D
330
2
100
AcDbSymbolTableRecord
100
AcDbLinetypeTableRecord
  2
DOT2
 70
0
  3
Dot (.5) . . . . . . . . . . . . . . . . . . . 
 72
65
 73
2
 40
0.1
 49
0.0
 74
0
 49
-0.1
 74
0
  0
LTYPE
  5
3E
330
2
100
AcDbSymbolTableRecord
100
AcDbLinetypeTableRecord
  2
DIVIDE
 70
0
  3
Divide __ . . __ . . __ . . __ . . __ . . __
 72
65
 73
6
 40
1.6
 49
1.0
 74
0
 49
-0.2
 74
0
 49
0.0
 74
0
 49
-0.2
 74
0
 49
0.0
 74
0
 49
-0.2
 74
0
  0
LTYPE
  5
3F
330
2
100
AcDbSymbolTableRecord
100
AcDbLinetypeTableRecord
  2
DIVIDEX2
 70
0
  3
Divide (2x) ____  . .  ____  . .  ____  . .  ____
 72
65
 73
6
 40
2.6
 49
2.0
 74
0
 49
-0.2
 74
0
 49
0.0
 74
0
 49
-0.2
 74
0
 49
0.0
 74
0
 49
-0.2
 74
0
  0
LTYPE
  5
40
330
2
100
AcDbSymbolTableRecord
100
AcDbLinetypeTableRecord
  2
DIVIDE2
 70
0
  3
Divide(.5x) _ . _ . _ . _ . _ . _ . _ . _
 72
65
 73
6
 40
0.8
 49
0.5
 74
0
 49
-0.1
 74
0
 49
0.0
 74
0
 49
-0.1
 74
0
 49
0.0
 74
0
 49
-0.1
 74
0
  0
ENDTAB
  0
TABLE
  2
LAYER
  5
1
330
0
100
AcDbSymbolTable
 70
6
  0
LAYER
  5
27
330
1
100
AcDbSymbolTableRecord
100
AcDbLayerTableRecord
  2
0
 70
0
 62
7
  6
Continuous
370
-3
390
13
347
21
  0
LAYER
  5
28
330
1
100
AcDbSymbolTableRecord
100
AcDbLayerTableRecord
  2
Defpoints
 70
0
 62
7
  6
Continuous
290
0
370
-3
390
13
347
21
  0
LAYER
  5
8A
330
1
100
AcDbSymbolTableRecord
100
AcDbLayerTableRecord
  2
GEOMETRY
 70
0
 62
7
  6
Continuous
370
-3
390
13
347
21
  0
LAYER
  5
8B
330
1
100
AcDbSymbolTableRecord
100
AcDbLayerTableRecord
  2
DIMENSIONS
 70
0
 62
1
  6
Continuous
370
-3
390
13
347
21
  0
LAYER
  5
8C
330
1
100
AcDbSymbolTableRecord
100
AcDbLayerTableRecord
  2
TEXT
 70
0
 62
7
  6
Continuous
370
-3
390
13
347
21
  0
LAYER
  5
8D
330
1
100
AcDbSymbolTableRecord
100
AcDbLayerTableRecord
  2
HATCH
 70
0
 62
8
  6
Continuous
370
-3
390
13
347
21
  0
ENDTAB
  0
TABLE
  2
STYLE
  5
5
330
0
100
AcDbSymbolTable
 70
26
  0
STYLE
  5
29
330
5
100
AcDbSymbolTableRecord
100
AcDbTextStyleTableRecord
  2
Standard
 70
0
 40
0.0
 41
1.0
 50
0.0
 71
0
 42
2.5
  3
txt
  4

  0
STYLE
  5
41
330
5
100
AcDbSymbolTableRecord
100
AcDbTextStyleTableRecord
  2
OpenSans-Light
 70
0
 40
0.0
 41
1.0
 50
0.0
 71
0
 42
2.5
  3
OpenSans-Light.ttf
  4

  0
STYLE
  5
42
330
5
100
AcDbSymbolTableRecord
100
AcDbTextStyleTableRecord
  2
OpenSans-Light-Italic
 70
0
 40
0.0
 41
1.0
 50
0.0
 71
0
 42
2.5
  3
OpenSans-LightItalic.ttf
  4

  0
STYLE
  5
43
330
5
100
AcDbSymbolTableRecord
100
AcDbTextStyleTableRecord
  2
OpenSans
 70
0
 40
0.0
 41
1.0
 50
0.0
 71
0
 42
2.5
  3
OpenSans-Regular.ttf
  4

  0
STYLE
  5
44
330
5
100
AcDbSymbolTableRecord
100
AcDbTextStyleTableRecord
  2
OpenSans-Italic
 70
0
 40
0.0
 41
1.0
 50
0.0
 71
0
 42
2.5
  3
OpenSans-Italic.ttf
  4

  0
STYLE
  5
45
330
5
100
AcDbSymbolTableRecord
100
AcDbTextStyleTableRecord
  2
OpenSans-SemiBold
 70
0
 40
0.0
 41
1.0
 50
0.0
 71
0
 42
2.5
  3
OpenSans-SemiBold.ttf
  4

  0
STYLE
  5
46
330
5
100
AcDbSymbolTableRecord
100
AcDbTextStyleTableRecord
  2
OpenSans-SemiBoldItalic
 70
0
 40
0.0
 41
1.0
 50
0.0
 71
0
 42
2.5
  3
OpenSans-SemiBoldItalic.ttf
  4

  0
STYLE
  5
47
330
5
100
AcDbSymbolTableRecord
100
AcDbTextStyleTableRecord
  2
OpenSans-Bold
 70
0
 40
0.0
 41
1.0
 50
0.0
 71
0
 42
2.5
  3
OpenSans-Bold.ttf
  4

  0
STYLE
  5
48
330
5
100
AcDbSymbolTableRecord
100
AcDbTextStyleTableRecord
  2
OpenSans-BoldItalic
 70
0
 40
0.0
 41
1.0
 50
0.0
 71
0
 42
2.5
  3
OpenSans-BoldItalic.ttf
  4

  0
STYLE
  5
49
330
5
100
AcDbSymbolTableRecord
100
AcDbTextStyleTableRecord
  2
OpenSans-ExtraBold
 70
0
 40
0.0
 41
1.0
 50
0.0
 71
0
 42
2.5
  3
OpenSans-ExtraBold.ttf
  4

  0
STYLE
  5
4A
330
5
100
AcDbSymbolTableRecord
100
AcDbTextStyleTableRecord
  2
OpenSans-ExtraBoldItalic
 70
0
 40
0.0
 41
1.0
 50
0.0
 71
0
 42
2.5
  3
OpenSans-ExtraBoldItalic.ttf
  4

  0
STYLE
  5
4B
330
5
100
AcDbSymbolTableRecord
100
AcDbTextStyleTableRecord
  2
OpenSansCondensed-Bold
 70
0
 40
0.0
 41
1.0
 50
0.0
 71
0
 42
2.5
  3
OpenSansCondensed-Bold.ttf
  4

  0
STYLE
  5
4C
330
5
100
AcDbSymbolTableRecord
100
AcDbTextStyleTableRecord
  2
OpenSansCondensed-Light
 70
0
 40
0.0
 41
1.0
 50
0.0
 71
0
 42
2.5
  3
OpenSansCondensed-Light.ttf
  4

  0
STYLE
  5
4D
330
5
100
AcDbSymbolTableRecord
100
AcDbTextStyleTableRecord
  2
OpenSansCondensed-Italic
 70
0
 40
0.0
 41
1.0
 50
0.0
 71
0
 42
2.5
  3
OpenSansCondensed-LightItalic.ttf
  4

  0
STYLE
  5
4E
330
5
100
AcDbSymbolTableRecord
100
AcDbTextStyleTableRecord
  2
LiberationSans
 70
0
 40
0.0
 41
1.0
 50
0.0
 71
0
 42
2.5
  3
LiberationSans-Regular.ttf
  4

  0
STYLE
  5
4F
330
5
100
AcDbSymbolTableRecord
100
AcDbTextStyleTableRecord
  2
LiberationSans-Bold
 70
0
 40
0.0
 41
1.0
 50
0.0
 71
0
 42
2.5
  3
LiberationSans-Bold.ttf
  4

  0
STYLE
  5
50
330
5
100
AcDbSymbolTableRecord
100
AcDbTextStyleTableRecord
  2
LiberationSans-BoldItalic
 70
0
 40
0.0
 41
1.0
 50
0.0
 71
0
 42
2.5
  3
LiberationSans-BoldItalic.ttf
  4

  0
STYLE
  5
51
330
5
100
AcDbSymbolTableRecord
100
AcDbTextStyleTableRecord
  2
LiberationSans-Italic
 70
0
 40
0.0
 41
1.0
 50
0.0
 71
0
 42
2.5
  3
LiberationSans-Italic.ttf
  4

  0
STYLE
  5
52
330
5
100
AcDbSymbolTableRecord
100
AcDbTextStyleTableRecord
  2
LiberationSerif
 70
0
 40
0.0
 41
1.0
 50
0.0
 71
0
 42
2.5
  3
LiberationSerif-Regular.ttf
  4

  0
STYLE
  5
53
330
5
100
AcDbSymbolTableRecord
100
AcDbTextStyleTableRecord
  2
LiberationSerif-Bold
 70
0
 40
0.0
 41
1.0
 50
0.0
 71
0
 42
2.5
  3
LiberationSerif-Bold.ttf
  4

  0
STYLE
  5
54
330
5
100
AcDbSymbolTableRecord
100
AcDbTextStyleTableRecord
  2
LiberationSerif-BoldItalic
 70
0
 40
0.0
 41
1.0
 50
0.0
 71
0
 42
2.5
  3
LiberationSerif-BoldItalic.ttf
  4

  0
STYLE
  5
55
330
5
100
AcDbSymbolTableRecord
100
AcDbTextStyleTableRecord
  2
LiberationSerif-Italic
 70
0
 40
0.0
 41
1.0
 50
0.0
 71
0
 42
2.5
  3
LiberationSerif-Italic.ttf
  4

  0
STYLE
  5
56
330
5
100
AcDbSymbolTableRecord
100
AcDbTextStyleTableRecord
  2
LiberationMono
 70
0
 40
0.0
 41
1.0
 50
0.0
 71
0
 42
2.5
  3
LiberationMono-Regular.ttf
  4

  0
STYLE
  5
57
330
5
100
AcDbSymbolTableRecord
100
AcDbTextStyleTableRecord
  2
LiberationMono-Bold
 70
0
 40
0.0
 41
1.0
 50
0.0
 71
0
 42
2.5
  3
LiberationMono-Bold.ttf
  4

  0
STYLE
  5
58
330
5
100
AcDbSymbolTableRecord
100
AcDbTextStyleTableRecord
  2
LiberationMono-BoldItalic
 70
0
 40
0.0
 41
1.0
 50
0.0
 71
0
 42
2.5
  3
LiberationMono-BoldItalic.ttf
  4

  0
STYLE
  5
59
330
5
100
AcDbSymbolTableRecord
100
AcDbTextStyleTableRecord
  2
LiberationMono-Italic
 70
0
 40
0.0
 41
1.0
 50
0.0
 71
0
 42
2.5
  3
LiberationMono-Italic.ttf
  4

  0
ENDTAB
  0
TABLE
  2
VIEW
  5
7
330
0
100
AcDbSymbolTable
 70
0
  0
ENDTAB
  0
TABLE
  2
UCS
  5
6
330
0
100
AcDbSymbolTable
 70
0
  0
ENDTAB
  0
TABLE
  2
APPID
  5
3
330
0
100
AcDbSymbolTable
 70
3
  0
APPID
  5
2A
330
3
100
AcDbSymbolTableRecord
100
AcDbRegAppTableRecord
  2
ACAD
 70
0
  0
APPID
  5
486
330
3
100
AcDbSymbolTableRecord
100
AcDbRegAppTableRecord
  2
HATCHBACKGROUNDCOLOR
 70
0
  0
APPID
  5
487
330
3
100
AcDbSymbolTableRecord
100
AcDbRegAppTableRecord
  2
EZDXF
 70
0
  0
ENDTAB
  0
TABLE
  2
DIMSTYLE
  5
4
330
0
100
AcDbSymbolTable
 70
12
100
AcDbDimStyleTable
  0
DIMSTYLE
105
2B
330
4
100
AcDbSymbolTableRecord
100
AcDbDimStyleTableRecord
  2
Standard
 70
0
 40
1.0
 41
2.5
 42
0.625
 43
3.75
 44
1.25
 45
0.0
 46
0.0
 47
0.0
 48
0.0
 49
2.5
140
2.5
141
2.5
142
0.0
143
0.03937007874
144
1.0
145
0.0
146
1.0
147
0.625
148
0.0
 69
0
 70
0
 71
0
 72
0
 73
0
 74
0
 75
0
 76
0
 77
1
 78
8
 79
3
170
0
171
3
172
1
173
0
174
0
175
0
176
0
177
0
178
0
179
2
271
2
272
2
273
2
274
3
275
0
276
0
277
2
278
44
279
0
280
0
281
0
282
0
283
0
284
8
285
0
286
0
288
0
289
3
290
0
371
-2
372
-2
  0
DIMSTYLE
105
73
330
4
100
AcDbSymbolTableRecord
100
AcDbDimStyleTableRecord
  2
EZDXF
 70
0
 40
1.0
 41
0.175
 42
0.125
 43
3.75
 44
0.375
 45
0.0
 46
0.0
 47
0.0
 48
0.0
 49
2.5
140
0.25
141
2.5
142
0.0
143
0.03937007874
144
100.0
145
0.0
146
0.5
147
0.1
148
0.0
 69
0
 70
0
 71
0
 72
0
 73
0
 74
0
 75
0
 76
0
 77
1
 78
12
 79
3
170
0
171
3
172
1
173
0
174
0
175
0
176
0
177
0
178
0
179
2
271
2
272
2
273
2
274
3
275
0
276
0
277
2
278
46
279
2
280
0
281
0
282
0
283
0
284
8
285
0
286
0
288
1
289
3
290
0
340
4C
342
74
371
-2
372
-2
  0
DIMSTYLE
105
7C
330
4
100
AcDbSymbolTableRecord
100
AcDbDimStyleTableRecord
  2
EZ_M_100_H25_CM
 70
0
 40
1.0
 41
0.25
 42
0.125
 43
3.75
 44
0.375
 45
0.0
 46
0.0
 47
0.0
 48
0.0
 49
2.5
140
0.25
141
2.5
142
0.125
143
0.03937007874
144
100.0
145
0.0
146
0.5
147
0.1
148
0.0
 69
0
 70
0
 71
0
 72
0
 73
0
 74
0
 75
0
 76
0
 77
1
 78
12
 79
3
170
0
171
3
172
1
173
0
174
0
175
0
176
0
177
0
178
0
179
2
271
2
272
2
273
2
274
3
275
0
276
0
277
2
278
46
279
2
280
0
281
0
282
0
283
0
284
8
285
0
286
0
288
1
289
3
290
0
340
4C
371
-2
372
-2
  0
DIMSTYLE
105
7D
330
4
100
AcDbSymbolTableRecord
100
AcDbDimStyleTableRecord
  2
EZ_M_50_H25_CM
 70
0
 40
1.0
 41
0.125
 42
0.0625
 43
3.75
 44
0.1875
 45
0.0
 46
0.0
 47
0.0
 48
0.0
 49
2.5
140
0.125
141
2.5
142
0.0625
143
0.03937007874
144
100.0
145
0.0
146
0.5
147
0.05
148
0.0
 69
0
 70
0
 71
0
 72
0
 73
0
 74
0
 75
0
 76
0
 77
1
 78
12
 79
3
170
0
171
3
172
1
173
0
174
0
175
0
176
0
177
0
178
0
179
2
271
2
272
2
273
2
274
3
275
0
276
0
277
2
278
46
279
2
280
0
281
0
282
0
283
0
284
8
285
0
286
0
288
1
289
3
290
0
340
4C
371
-2
372
-2
  0
DIMSTYLE
105
7E
330
4
100
AcDbSymbolTableRecord
100
AcDbDimStyleTableRecord
  2
EZ_M_25_H25_CM
 70
0
 40
1.0
 41
0.0625
 42
0.03125
 43
3.75
 44
0.09375
 45
0.0
 46
0.0
 47
0.0
 48
0.0
 49
2.5
140
0.0625
141
2.5
142
0.03125
143
0.03937007874
144
100.0
145
0.0
146
0.5
147
0.025
148
0.0
 69
0
 70
0
 71
0
 72
0
 73
0
 74
0
 75
0
 76
0
 77
1
 78
12
 79
3
170
0
171
3
172
1
173
0
174
0
175
0
176
0
177
0
178
0
179
2
271
2
272
2
273
2
274
3
275
0
276
0
277
2
278
46
279
2
280
0
281
0
282
0
283
0
284
8
285
0
286
0
288
1
289
3
290
0
340
4C
371
-2
372
-2
  0
DIMSTYLE
105
7F
330
4
100
AcDbSymbolTableRecord
100
AcDbDimStyleTableRecord
  2
EZ_M_20_H25_CM
 70
0
 40
1.0
 41
0.05
 42
0.025
 43
3.75
 44
0.07500000000000001
 45
0.0
 46
0.0
 47
0.0
 48
0.0
 49
2.5
140
0.05
141
2.5
142
0.025
143
0.03937007874
144
100.0
145
0.0
146
0.5
147
0.020000000000000004
148
0.0
 69
0
 70
0
 71
0
 72
0
 73
0
 74
0
 75
0
 76
0
 77
1
 78
12
 79
3
170
0
171
3
172
1
173
0
174
0
175
0
176
0
177
0
178
0
179
2
271
2
272
2
273
2
274
3
275
0
276
0
277
2
278
46
279
2
280
0
281
0
282
0
283
0
284
8
285
0
286
0
288
1
289
3
290
0
340
4C
371
-2
372
-2
  0
DIMSTYLE
105
80
330
4
100
AcDbSymbolTableRecord
100
AcDbDimStyleTableRecord
  2
EZ_M_10_H25_CM
 70
0
 40
1.0
 41
0.025
 42
0.0125
 43
3.75
 44
0.037500000000000006
 45
0.0
 46
0.0
 47
0.0
 48
0.0
 49
2.5
140
0.025
141
2.5
142
0.0125
143
0.03937007874
144
100.0
145
0.0
146
0.5
147
0.010000000000000002
148
0.0
 69
0
 70
0
 71
0
 72
0
 73
0
 74
0
 75
0
 76
0
 77
1
 78
12
 79
3
170
0
171
3
172
1
173
0
174
0
175
0
176
0
177
0
178
0
179
2
271
2
272
2
273
2
274
3
275
0
276
0
277
2
278
46
279
2
280
0
281
0
282
0
283
0
284
8
285
0
286
0
288
1
289
3
290
0
340
4C
371
-2
372
-2
  0
DIMSTYLE
105
81
330
4
100
AcDbSymbolTableRecord
100
AcDbDimStyleTableRecord
  2
EZ_M_5_H25_CM
 70
0
 40
1.0
 41
0.0125
 42
0.00625
 43
3.75
 44
0.018750000000000003
 45
0.0
 46
0.0
 47
0.0
 48
0.0
 49
2.5
140
0.0125
141
2.5
142
0.00625
143
0.03937007874
144
100.0
145
0.0
146
0.5
147
0.005000000000000001
148
0.0
 69
0
 70
0
 71
0
 72
0
 73
0
 74
0
 75
0
 76
0
 77
1
 78
12
 79
3
170
0
171
3
172
1
173
0
174
0
175
0
176
0
177
0
178
0
179
2
271
2
272
2
273
2
274
3
275
0
276
0
277
2
278
46
279
2
280
0
281
0
282
0
283
0
284
8
285
0
286
0
288
1
289
3
290
0
340
4C
371
-2
372
-2
  0
DIMSTYLE
105
82
330
4
100
AcDbSymbolTableRecord
100
AcDbDimStyleTableRecord
  2
EZ_M_1_H25_CM
 70
0
 40
1.0
 41
0.0025
 42
0.00125
 43
3.75
 44
0.00375
 45
0.0
 46
0.0
 47
0.0
 48
0.0
 49
2.5
140
0.0025
141
2.5
142
0.00125
143
0.03937007874
144
100.0
145
0.0
146
0.5
147
0.001
148
0.0
 69
0
 70
0
 71
0
 72
0
 73
0
 74
0
 75
0
 76
0
 77
1
 78
12
 79
3
170
0
171
3
172
1
173
0
174
0
175
0
176
0
177
0
178
0
179
2
271
2
272
2
273
2
274
3
275
0
276
0
277
2
278
46
279
2
280
0
281
0
282
0
283
0
284
8
285
0
286
0
288
1
289
3
290
0
340
4C
371
-2
372
-2
  0
DIMSTYLE
105
83
330
4
100
AcDbSymbolTableRecord
100
AcDbDimStyleTableRecord
  2
EZ_RADIUS
 70
0
 40
1.0
 41
0.25
 42
0.125
 43
3.75
 44
0.375
 45
0.0
 46
0.0
 47
0.0
 48
0.0
 49
2.5
140
0.25
141
0.0
142
0.0
143
0.03937007874
144
100.0
145
0.0
146
0.5
147
0.1
148
0.0
 69
0
 70
0
 71
0
 72
0
 73
0
 74
0
 75
0
 76
0
 77
1
 78
12
 79
3
170
0
171
3
172
0
173
0
174
0
175
0
176
0
177
0
178
0
179
2
271
2
272
2
273
2
274
3
275
0
276
0
277
2
278
46
279
1
280
0
281
0
282
0
283
0
284
8
285
0
286
0
288
1
289
3
290
0
340
4C
342
84
371
-2
372
-2
  0
DIMSTYLE
105
88
330
4
100
AcDbSymbolTableRecord
100
AcDbDimStyleTableRecord
  2
EZ_RADIUS_INSIDE
 70
0
 40
1.0
 41
0.25
 42
0.125
 43
3.75
 44
0.375
 45
0.0
 46
0.0
 47
0.0
 48
0.0
 49
2.5
140
0.25
141
0.0
142
0.0
143
0.03937007874
144
100.0
145
0.0
146
0.5
147
0.1
148
0.0
 69
0
 70
0
 71
0
 72
0
 73
0
 74
0
 75
0
 76
0
 77
0
 78
12
 79
3
170
0
171
3
172
0
173
0
174
1
175
0
176
0
177
0
178
0
179
2
271
2
272
2
273
2
274
3
275
0
276
0
277
2
278
46
279
0
280
0
281
0
282
0
283
0
284
8
285
0
286
0
288
1
289
0
290
0
340
4C
342
84
371
-2
372
-2
  0
DIMSTYLE
105
89
330
4
100
AcDbSymbolTableRecord
100
AcDbDimStyleTableRecord
  2
EZ_CURVED
 70
0
 40
1.0
 41
0.25
 42
0.125
 43
3.75
 44
0.375
 45
0.0
 46
0.0
 47
0.0
 48
0.0
 49
2.5
140
0.25
141
2.5
142
0.0
143
0.03937007874
144
100.0
145
0.0
146
0.5
147
0.1
148
0.0
 69
0
 70
0
 71
0
 72
0
 73
0
 74
0
 75
0
 76
0
 77
1
 78
12
 79
2
 90
2
170
0
171
3
172
1
173
0
174
0
175
0
176
0
177
0
178
0
179
2
271
2
272
2
273
2
274
3
275
0
276
0
277
2
278
46
279
2
280
0
281
0
282
0
283
0
284
8
285
0
286
0
288
1
289
3
290
0
340
4C
371
-2
372
-2
  0
ENDTAB
  0
TABLE
  2
BLOCK_RECORD
  5
9
330
0
100
AcDbSymbolTable
 70
5
  0
BLOCK_RECORD
  5
17
330
9
100
AcDbSymbolTableRecord
100
AcDbBlockTableRecord
  2
*Model_Space
340
1A
 70
0
280
1
281
0
  0
BLOCK_RECORD
  5
1B
330
9
100
AcDbSymbolTableRecord
100
AcDbBlockTableRecord
  2
*Paper_Space
340
1E
 70
0
280
1
281
0
  0
BLOCK_RECORD
  5
74
330
9
100
AcDbSymbolTableRecord
100
AcDbBlockTableRecord
  2
_ARCHTICK
340
0
 70
0
280
1
281
0
  0
BLOCK_RECORD
  5
78
330
9
100
AcDbSymbolTableRecord
100
AcDbBlockTableRecord
  2
_CLOSEDFILLED
340
0
 70
0
280
1
281
0
  0
BLOCK_RECORD
  5
84
330
9
100
AcDbSymbolTableRecord
100
AcDbBlockTableRecord
  2
_CLOSEDBLANK
340
0
 70
0
280
1
281
0
  0
ENDTAB
  0
ENDSEC
  0
SECTION
  2
BLOCKS
  0
BLOCK
  5
18
330
17
100
AcDbEntity
  8
0
100
AcDbBlockBegin
  2
*Model_Space
 70
0
 10
0.0
 20
0.0
 30
0.0
  3
*Model_Space
  1

  0
ENDBLK
  5
19
330
17
100
AcDbEntity
  8
0
100
AcDbBlockEnd
  0
BLOCK
  5
1C
330
1B
100
AcDbEntity
  8
0
100
AcDbBlockBegin
  2
*Paper_Space
 70
0
 10
0.0
 20
0.0
 30
0.0
  3
*Paper_Space
  1

  0
ENDBLK
  5
1D
330
1B
100
AcDbEntity
  8
0
100
AcDbBlockEnd
  0
BLOCK
  5
75
330
74
100
AcDbEntity
  8
0
100
AcDbBlockBegin
  2
_ARCHTICK
 70
0
 10
0.0
 20
0.0
 30
0.0
  3
_ARCHTICK
  1

  0
LWPOLYLINE
  5
77
330
74
100
AcDbEntity
  8
0
  6
BYBLOCK
 62
0
100
AcDbPolyline
 90
2
 70
0
 43
0.15
 10
-0.5
 20
-0.5
 10
0.5
 20
0.5
  0
ENDBLK
  5
76
330
74
100
AcDbEntity
  8
0
100
AcDbBlockEnd
  0
BLOCK
  5
79
330
78
100
AcDbEntity
  8
0
100
AcDbBlockBegin
  2
_CLOSEDFILLED
 70
0
 10
0.0
 20
0.0
 30
0.0
  3
_CLOSEDFILLED
  1

  0
SOLID
  5
7B
330
78
100
AcDbEntity
  8
0
  6
BYBLOCK
 62
0
100
AcDbTrace
 10
-1.0
 20
0.16439898372402537
 30
0.0
 11
0.0
 21
0.0
 31
0.0
 12
-1.0
 22
-0.16439898372402537
 32
0.0
 13
-1.0
 23
-0.16439898372402537
 33
0.0
  0
ENDBLK
  5
7A
330
78
100
AcDbEntity
  8
0
100
AcDbBlockEnd
  0
BLOCK
  5
85
330
84
100
AcDbEntity
  8
0
100
AcDbBlockBegin
  2
_CLOSEDBLANK
 70
0
 10
0.0
 20
0.0
 30
0.0
  3
_CLOSEDBLANK
  1

  0
LWPOLYLINE
  5
87
330
84
100
AcDbEntity
  8
0
  6
BYBLOCK
 62
0
100
AcDbPolyline
 90
3
 70
1
 10
-1.0
 20
0.16439898372402537
 10
0.0
 20
0.0
 10
-1.0
 20
-0.16439898372402537
  0
ENDBLK
  5
86
330
84
100
AcDbEntity
  8
0
100
AcDbBlockEnd
  0
ENDSEC
  0
SECTION
  2
ENTITIES
  0
LWPOLYLINE
  5
8E
330
17
100
AcDbEntity
  8
GEOMETRY
100
AcDbPolyline
 90
5
 70
0
 10
0.31496062992125984
 20
11.377952755905513
 10
16.22047244094488
 20
11.377952755905513
 10
16.22047244094488
 20
0.31496062992126106
 10
0.31496062992125984
 20
0.31496062992126106
 10
0.31496062992125984
 20
11.377952755905513
  0
TEXT
  5
8F
330
17
100
AcDbEntity
  8
TEXT
100
AcDbText
 10
0.7086614173228346
 20
10.984251968503937
 30
0.0
 40
0.09070866141732283
  1
DRESSING AND BATHROOM
 11
0.7086614173228346
 21
10.984251968503937
 31
0.0
100
AcDbText
  0
LINE
  5
90
330
17
100
AcDbEntity
  8
GEOMETRY
100
AcDbLine
 10
0.7086614173228346
 20
10.9251968503937
 30
0.0
 11
4.330708661417323
 21
10.9251968503937
 31
0.0
  0
TEXT
  5
91
330
17
100
AcDbEntity
  8
TEXT
100
AcDbText
 10
0.7086614173228346
 20
10.79527559055118
 30
0.0
 40
0.048188976377952754
  1
OPTION B · D2 · D3 · 2 FT 6 · 1:20
 11
0.7086614173228346
 21
10.79527559055118
 31
0.0
100
AcDbText
  0
LWPOLYLINE
  5
92
330
17
100
AcDbEntity
  8
GEOMETRY
100
AcDbPolyline
 90
5
 70
0
 10
1.8543307086614174
 20
9.665354330708663
 10
1.9547244094488188
 20
9.665354330708663
 10
1.9547244094488188
 20
5.015748031496063
 10
1.8543307086614174
 20
5.015748031496063
 10
1.8543307086614174
 20
9.665354330708663
  0
LWPOLYLINE
  5
93
330
17
100
AcDbEntity
  8
GEOMETRY
100
AcDbPolyline
 90
5
 70
0
 10
1.6535433070866141
 20
9.40748031496063
 10
1.8543307086614174
 20
9.40748031496063
 10
1.8543307086614174
 20
5.468503937007874
 10
1.6535433070866141
 20
5.468503937007874
 10
1.6535433070866141
 20
9.40748031496063
  0
LINE
  5
94
330
17
100
AcDbEntity
  8
GEOMETRY
100
AcDbLine
 10
1.6786417322834646
 20
9.40748031496063
 30
0.0
 11
1.6786417322834646
 21
5.468503937007873
 31
0.0
  0
LINE
  5
95
330
17
100
AcDbEntity
  8
GEOMETRY
100
AcDbLine
 10
1.7037401574803148
 20
9.40748031496063
 30
0.0
 11
1.7037401574803148
 21
5.468503937007873
 31
0.0
  0
LINE
  5
96
330
17
100
AcDbEntity
  8
GEOMETRY
100
AcDbLine
 10
1.7288385826771653
 20
9.40748031496063
 30
0.0
 11
1.7288385826771653
 21
5.468503937007873
 31
0.0
  0
LINE
  5
97
330
17
100
AcDbEntity
  8
GEOMETRY
100
AcDbLine
 10
1.7539370078740155
 20
9.40748031496063
 30
0.0
 11
1.7539370078740155
 21
5.468503937007873
 31
0.0
  0
LINE
  5
98
330
17
100
AcDbEntity
  8
GEOMETRY
100
AcDbLine
 10
1.7790354330708662
 20
9.40748031496063
 30
0.0
 11
1.7790354330708662
 21
5.468503937007873
 31
0.0
  0
LINE
  5
99
330
17
100
AcDbEntity
  8
GEOMETRY
100
AcDbLine
 10
1.8041338582677167
 20
9.40748031496063
 30
0.0
 11
1.8041338582677167
 21
5.468503937007873
 31
0.0
  0
LINE
  5
9A
330
17
100
AcDbEntity
  8
GEOMETRY
100
AcDbLine
 10
1.829232283464567
 20
9.40748031496063
 30
0.0
 11
1.829232283464567
 21
5.468503937007873
 31
0.0
  0
LWPOLYLINE
  5
9B
330
17
100
AcDbEntity
  8
GEOMETRY
100
AcDbPolyline
 90
5
 70
0
 10
1.6535433070866141
 20
5.468503937007874
 10
1.9547244094488188
 20
5.468503937007874
 10
1.9547244094488188
 20
5.015748031496063
 10
1.6535433070866141
 20
5.015748031496063
 10
1.6535433070866141
 20
5.468503937007874
  0
LINE
  5
9C
330
17
100
AcDbEntity
  8
GEOMETRY
100
AcDbLine
 10
1.6535433070866141
 20
5.440944881889763
 30
0.0
 11
1.9547244094488188
 21
5.440944881889763
 31
0.0
  0
LINE
  5
9D
330
17
100
AcDbEntity
  8
GEOMETRY
100
AcDbLine
 10
1.6535433070866141
 20
5.216535433070866
 30
0.0
 11
1.9547244094488188
 21
5.216535433070866
 31
0.0
  0
LWPOLYLINE
  5
9E
330
17
100
AcDbEntity
  8
GEOMETRY
100
AcDbPolyline
 90
5
 70
0
 10
3.454724409448819
 20
9.665354330708663
 10
3.5551181102362204
 20
9.665354330708663
 10
3.5551181102362204
 20
5.015748031496063
 10
3.454724409448819
 20
5.015748031496063
 10
3.454724409448819
 20
9.665354330708663
  0
LWPOLYLINE
  5
9F
330
17
100
AcDbEntity
  8
GEOMETRY
100
AcDbPolyline
 90
5
 70
0
 10
3.555118110236221
 20
9.40748031496063
 10
3.7559055118110236
 20
9.40748031496063
 10
3.7559055118110236
 20
5.468503937007874
 10
3.555118110236221
 20
5.468503937007874
 10
3.555118110236221
 20
9.40748031496063
  0
LINE
  5
A0
330
17
100
AcDbEntity
  8
GEOMETRY
100
AcDbLine
 10
3.580216535433071
 20
9.40748031496063
 30
0.0
 11
3.580216535433071
 21
5.468503937007873
 31
0.0
  0
LINE
  5
A1
330
17
100
AcDbEntity
  8
GEOMETRY
100
AcDbLine
 10
3.6053149606299213
 20
9.40748031496063
 30
0.0
 11
3.6053149606299213
 21
5.468503937007873
 31
0.0
  0
LINE
  5
A2
330
17
100
AcDbEntity
  8
GEOMETRY
100
AcDbLine
 10
3.6304133858267718
 20
9.40748031496063
 30
0.0
 11
3.6304133858267718
 21
5.468503937007873
 31
0.0
  0
LINE
  5
A3
330
17
100
AcDbEntity
  8
GEOMETRY
100
AcDbLine
 10
3.6555118110236218
 20
9.40748031496063
 30
0.0
 11
3.6555118110236218
 21
5.468503937007873
 31
0.0
  0
LINE
  5
A4
330
17
100
AcDbEntity
  8
GEOMETRY
100
AcDbLine
 10
3.6806102362204727
 20
9.40748031496063
 30
0.0
 11
3.6806102362204727
 21
5.468503937007873
 31
0.0
  0
LINE
  5
A5
330
17
100
AcDbEntity
  8
GEOMETRY
100
AcDbLine
 10
3.7057086614173227
 20
9.40748031496063
 30
0.0
 11
3.7057086614173227
 21
5.468503937007873
 31
0.0
  0
LINE
  5
A6
330
17
100
AcDbEntity
  8
GEOMETRY
100
AcDbLine
 10
3.730807086614173
 20
9.40748031496063
 30
0.0
 11
3.730807086614173
 21
5.468503937007873
 31
0.0
  0
LWPOLYLINE
  5
A7
330
17
100
AcDbEntity
  8
GEOMETRY
100
AcDbPolyline
 90
5
 70
0
 10
3.454724409448819
 20
5.468503937007874
 10
3.7559055118110236
 20
5.468503937007874
 10
3.7559055118110236
 20
5.015748031496063
 10
3.454724409448819
 20
5.015748031496063
 10
3.454724409448819
 20
5.468503937007874
  0
LINE
  5
A8
330
17
100
AcDbEntity
  8
GEOMETRY
100
AcDbLine
 10
3.454724409448819
 20
5.440944881889763
 30
0.0
 11
3.7559055118110236
 21
5.440944881889763
 31
0.0
  0
LINE
  5
A9
330
17
100
AcDbEntity
  8
GEOMETRY
100
AcDbLine
 10
3.454724409448819
 20
5.216535433070866
 30
0.0
 11
3.7559055118110236
 21
5.216535433070866
 31
0.0
  0
LWPOLYLINE
  5
AA
330
17
100
AcDbEntity
  8
GEOMETRY
100
AcDbPolyline
 90
5
 70
0
 10
1.9547244094488188
 20
9.564960629921261
 10
3.454724409448819
 20
9.564960629921261
 10
3.454724409448819
 20
5.015748031496063
 10
1.9547244094488188
 20
5.015748031496063
 10
1.9547244094488188
 20
9.564960629921261
  0
LWPOLYLINE
  5
AB
330
17
100
AcDbEntity
  8
GEOMETRY
100
AcDbPolyline
 90
5
 70
0
 10
1.9547244094488188
 20
9.564960629921261
 10
3.454724409448819
 20
9.564960629921261
 10
3.454724409448819
 20
5.015748031496063
 10
1.9547244094488188
 20
5.015748031496063
 10
1.9547244094488188
 20
9.564960629921261
  0
LINE
  5
AC
330
17
100
AcDbEntity
  8
GEOMETRY
100
AcDbLine
 10
2.151574803149606
 20
9.368110236220472
 30
0.0
 11
3.2578740157480315
 21
9.368110236220472
 31
0.0
  0
LINE
  5
AD
330
17
100
AcDbEntity
  8
GEOMETRY
100
AcDbLine
 10
2.151574803149606
 20
5.596456692913385
 30
0.0
 11
3.2578740157480315
 21
5.596456692913385
 31
0.0
  0
LINE
  5
AE
330
17
100
AcDbEntity
  8
GEOMETRY
100
AcDbLine
 10
2.151574803149606
 20
7.155511811023622
 30
0.0
 11
2.151574803149606
 21
6.702755905511811
 31
0.0
  0
LINE
  5
AF
330
17
100
AcDbEntity
  8
GEOMETRY
100
AcDbLine
 10
3.2578740157480315
 20
7.155511811023622
 30
0.0
 11
3.2578740157480315
 21
6.702755905511811
 31
0.0
  0
LINE
  5
B0
330
17
100
AcDbEntity
  8
GEOMETRY
100
AcDbLine
 10
2.151574803149606
 20
9.56496062992126
 30
0.0
 11
2.151574803149606
 21
9.368110236220472
 31
0.0
  0
LINE
  5
B1
330
17
100
AcDbEntity
  8
GEOMETRY
100
AcDbLine
 10
3.2578740157480315
 20
9.56496062992126
 30
0.0
 11
3.2578740157480315
 21
9.368110236220472
 31
0.0
  0
LINE
  5
B2
330
17
100
AcDbEntity
  8
GEOMETRY
100
AcDbLine
 10
2.151574803149606
 20
5.596456692913385
 30
0.0
 11
2.151574803149606
 21
5.015748031496062
 31
0.0
  0
LINE
  5
B3
330
17
100
AcDbEntity
  8
GEOMETRY
100
AcDbLine
 10
3.2578740157480315
 20
5.596456692913385
 30
0.0
 11
3.2578740157480315
 21
5.015748031496062
 31
0.0
  0
LWPOLYLINE
  5
B4
330
17
100
AcDbEntity
  8
GEOMETRY
100
AcDbPolyline
 90
5
 70
0
 10
2.151574803149606
 20
9.368110236220474
 10
3.2578740157480315
 20
9.368110236220474
 10
3.2578740157480315
 20
7.155511811023622
 10
2.151574803149606
 20
7.155511811023622
 10
2.151574803149606
 20
9.368110236220474
  0
LWPOLYLINE
  5
B5
330
17
100
AcDbEntity
  8
GEOMETRY
100
AcDbPolyline
 90
5
 70
0
 10
2.190944881889764
 20
9.328740157480315
 10
3.218503937007874
 20
9.328740157480315
 10
3.218503937007874
 20
7.1948818897637805
 10
2.190944881889764
 20
7.1948818897637805
 10
2.190944881889764
 20
9.328740157480315
  0
LINE
  5
B6
330
17
100
AcDbEntity
  8
GEOMETRY
100
AcDbLine
 10
2.151574803149606
 20
9.368110236220472
 30
0.0
 11
2.190944881889764
 21
9.328740157480315
 31
0.0
  0
LINE
  5
B7
330
17
100
AcDbEntity
  8
GEOMETRY
100
AcDbLine
 10
3.2578740157480315
 20
9.368110236220472
 30
0.0
 11
3.218503937007874
 21
9.328740157480315
 31
0.0
  0
LINE
  5
B8
330
17
100
AcDbEntity
  8
GEOMETRY
100
AcDbLine
 10
2.151574803149606
 20
7.155511811023622
 30
0.0
 11
2.190944881889764
 21
7.19488188976378
 31
0.0
  0
LINE
  5
B9
330
17
100
AcDbEntity
  8
GEOMETRY
100
AcDbLine
 10
3.2578740157480315
 20
7.155511811023622
 30
0.0
 11
3.218503937007874
 21
7.19488188976378
 31
0.0
  0
POLYLINE
  5
BA
330
17
100
AcDbEntity
  8
GEOMETRY
100
AcDb2dPolyline
 66
1
 10
0.0
 20
0.0
 30
0.0
 70
0
  0
VERTEX
  5
BB
330
BA
100
AcDbEntity
  8
GEOMETRY
100
AcDbVertex
100
AcDb2dVertex
 10
2.25
 20
7.387795275590552
 30
0.0
 70
0
  0
VERTEX
  5
BC
330
BA
100
AcDbEntity
  8
GEOMETRY
100
AcDbVertex
100
AcDb2dVertex
 10
2.25
 20
9.135826771653544
 30
0.0
 70
0
  0
SEQEND
  5
BD
330
BA
100
AcDbEntity
  8
GEOMETRY
  0
SPLINE
  5
BE
330
17
100
AcDbEntity
  8
GEOMETRY
100
AcDbSpline
 70
0
 71
3
 72
14
 73
10
 74
0
 40
0.0
 40
0.0
 40
0.0
 40
0.0
 40
1.0
 40
1.0
 40
1.0
 40
2.0
 40
2.0
 40
2.0
 40
3.0
 40
3.0
 40
3.0
 40
3.0
 10
2.25
 20
9.135826771653544
 30
0.0
 10
2.260365566640357
 20
9.135826771653544
 30
0.0
 10
2.270550715019948
 20
9.138555873936646
 30
0.0
 10
2.279527559055118
 20
9.143738657256826
 30
0.0
 10
2.288504403090288
 20
9.148921440577004
 30
0.0
 10
2.295960449186776
 20
9.156377486673492
 30
0.0
 10
2.3011432325069547
 20
9.165354330708663
 30
0.0
 10
2.3063260158271337
 20
9.174331174743832
 30
0.0
 10
2.309055118110236
 20
9.184516323123423
 30
0.0
 10
2.309055118110236
 20
9.19488188976378
 30
0.0
  0
SPLINE
  5
BF
330
17
100
AcDbEntity
  8
GEOMETRY
100
AcDbSpline
 70
0
 71
3
 72
11
 73
7
 74
0
 40
0.0
 40
0.0
 40
0.0
 40
0.0
 40
1.0
 40
1.0
 40
1.0
 40
2.0
 40
2.0
 40
2.0
 40
2.0
 10
2.309055118110236
 20
9.19488188976378
 30
0.0
 10
2.5068897637795273
 20
9.19488188976378
 30
0.0
 10
2.4594094488188976
 20
9.26968503937008
 30
0.0
 10
2.704724409448819
 20
9.26968503937008
 30
0.0
 10
2.95003937007874
 20
9.26968503937008
 30
0.0
 10
2.90255905511811
 20
9.19488188976378
 30
0.0
 10
3.1003937007874014
 20
9.19488188976378
 30
0.0
  0
SPLINE
  5
C0
330
17
100
AcDbEntity
  8
GEOMETRY
100
AcDbSpline
 70
0
 71
3
 72
14
 73
10
 74
0
 40
0.0
 40
0.0
 40
0.0
 40
0.0
 40
1.0
 40
1.0
 40
1.0
 40
2.0
 40
2.0
 40
2.0
 40
3.0
 40
3.0
 40
3.0
 40
3.0
 10
3.1003937007874014
 20
9.19488188976378
 30
0.0
 10
3.1003937007874014
 20
9.184516323123423
 30
0.0
 10
3.1031228030705043
 20
9.174331174743832
 30
0.0
 10
3.1083055863906828
 20
9.165354330708663
 30
0.0
 10
3.1134883697108613
 20
9.156377486673492
 30
0.0
 10
3.1209444158073496
 20
9.148921440577004
 30
0.0
 10
3.1299212598425195
 20
9.143738657256826
 30
0.0
 10
3.1388981038776897
 20
9.138555873936646
 30
0.0
 10
3.14908325225728
 20
9.135826771653544
 30
0.0
 10
3.159448818897638
 20
9.135826771653544
 30
0.0
  0
POLYLINE
  5
C1
330
17
100
AcDbEntity
  8
GEOMETRY
100
AcDb2dPolyline
 66
1
 10
0.0
 20
0.0
 30
0.0
 70
0
  0
VERTEX
  5
C2
330
C1
100
AcDbEntity
  8
GEOMETRY
100
AcDbVertex
100
AcDb2dVertex
 10
3.159448818897638
 20
9.135826771653544
 30
0.0
 70
0
  0
VERTEX
  5
C3
330
C1
100
AcDbEntity
  8
GEOMETRY
100
AcDbVertex
100
AcDb2dVertex
 10
3.159448818897638
 20
7.387795275590552
 30
0.0
 70
0
  0
SEQEND
  5
C4
330
C1
100
AcDbEntity
  8
GEOMETRY
  0
SPLINE
  5
C5
330
17
100
AcDbEntity
  8
GEOMETRY
100
AcDbSpline
 70
0
 71
3
 72
14
 73
10
 74
0
 40
0.0
 40
0.0
 40
0.0
 40
0.0
 40
1.0
 40
1.0
 40
1.0
 40
2.0
 40
2.0
 40
2.0
 40
3.0
 40
3.0
 40
3.0
 40
3.0
 10
3.159448818897638
 20
7.387795275590552
 30
0.0
 10
3.14908325225728
 20
7.387795275590552
 30
0.0
 10
3.1388981038776897
 20
7.385066173307449
 30
0.0
 10
3.1299212598425195
 20
7.3798833899872704
 30
0.0
 10
3.1209444158073496
 20
7.374700606667092
 30
0.0
 10
3.1134883697108613
 20
7.367244560570604
 30
0.0
 10
3.1083055863906828
 20
7.358267716535434
 30
0.0
 10
3.1031228030705043
 20
7.349290872500264
 30
0.0
 10
3.1003937007874014
 20
7.339105724120674
 30
0.0
 10
3.1003937007874014
 20
7.328740157480316
 30
0.0
  0
SPLINE
  5
C6
330
17
100
AcDbEntity
  8
GEOMETRY
100
AcDbSpline
 70
0
 71
3
 72
11
 73
7
 74
0
 40
0.0
 40
0.0
 40
0.0
 40
0.0
 40
1.0
 40
1.0
 40
1.0
 40
2.0
 40
2.0
 40
2.0
 40
2.0
 10
3.1003937007874014
 20
7.328740157480316
 30
0.0
 10
2.90255905511811
 20
7.328740157480316
 30
0.0
 10
2.95003937007874
 20
7.253937007874017
 30
0.0
 10
2.704724409448819
 20
7.253937007874017
 30
0.0
 10
2.4594094488188976
 20
7.253937007874017
 30
0.0
 10
2.5068897637795273
 20
7.328740157480316
 30
0.0
 10
2.309055118110236
 20
7.328740157480316
 30
0.0
  0
SPLINE
  5
C7
330
17
100
AcDbEntity
  8
GEOMETRY
100
AcDbSpline
 70
0
 71
3
 72
14
 73
10
 74
0
 40
0.0
 40
0.0
 40
0.0
 40
0.0
 40
1.0
 40
1.0
 40
1.0
 40
2.0
 40
2.0
 40
2.0
 40
3.0
 40
3.0
 40
3.0
 40
3.0
 10
2.309055118110236
 20
7.328740157480316
 30
0.0
 10
2.309055118110236
 20
7.339105724120674
 30
0.0
 10
2.3063260158271337
 20
7.349290872500264
 30
0.0
 10
2.3011432325069547
 20
7.358267716535434
 30
0.0
 10
2.295960449186776
 20
7.367244560570604
 30
0.0
 10
2.288504403090288
 20
7.374700606667092
 30
0.0
 10
2.279527559055118
 20
7.3798833899872704
 30
0.0
 10
2.270550715019948
 20
7.385066173307449
 30
0.0
 10
2.260365566640357
 20
7.387795275590552
 30
0.0
 10
2.25
 20
7.387795275590552
 30
0.0
  0
CIRCLE
  5
C8
330
17
100
AcDbEntity
  8
GEOMETRY
100
AcDbCircle
 10
2.2559055118110236
 20
9.200787401574802
 30
0.0
 40
0.65
  0
CIRCLE
  5
C9
330
17
100
AcDbEntity
  8
GEOMETRY
100
AcDbCircle
 10
2.2559055118110236
 20
9.200787401574802
 30
0.0
 40
0.26
  0
CIRCLE
  5
CA
330
17
100
AcDbEntity
  8
GEOMETRY
100
AcDbCircle
 10
3.153543307086614
 20
9.200787401574802
 30
0.0
 40
0.65
  0
CIRCLE
  5
CB
330
17
100
AcDbEntity
  8
GEOMETRY
100
AcDbCircle
 10
3.153543307086614
 20
9.200787401574802
 30
0.0
 40
0.26
  0
CIRCLE
  5
CC
330
17
100
AcDbEntity
  8
GEOMETRY
100
AcDbCircle
 10
2.2559055118110236
 20
7.322834645669292
 30
0.0
 40
0.65
  0
CIRCLE
  5
CD
330
17
100
AcDbEntity
  8
GEOMETRY
100
AcDbCircle
 10
2.2559055118110236
 20
7.322834645669292
 30
0.0
 40
0.26
  0
CIRCLE
  5
CE
330
17
100
AcDbEntity
  8
GEOMETRY
100
AcDbCircle
 10
3.153543307086614
 20
7.322834645669292
 30
0.0
 40
0.65
  0
CIRCLE
  5
CF
330
17
100
AcDbEntity
  8
GEOMETRY
100
AcDbCircle
 10
3.153543307086614
 20
7.322834645669292
 30
0.0
 40
0.26
  0
LWPOLYLINE
  5
D0
330
17
100
AcDbEntity
  8
GEOMETRY
100
AcDbPolyline
 90
5
 70
0
 10
2.151574803149606
 20
6.702755905511812
 10
3.2578740157480315
 20
6.702755905511812
 10
3.2578740157480315
 20
5.596456692913387
 10
2.151574803149606
 20
5.596456692913387
 10
2.151574803149606
 20
6.702755905511812
  0
LWPOLYLINE
  5
D1
330
17
100
AcDbEntity
  8
GEOMETRY
100
AcDbPolyline
 90
5
 70
0
 10
2.190944881889764
 20
6.663385826771655
 10
3.218503937007874
 20
6.663385826771655
 10
3.218503937007874
 20
5.635826771653544
 10
2.190944881889764
 20
5.635826771653544
 10
2.190944881889764
 20
6.663385826771655
  0
LINE
  5
D2
330
17
100
AcDbEntity
  8
GEOMETRY
100
AcDbLine
 10
2.151574803149606
 20
6.702755905511811
 30
0.0
 11
2.190944881889764
 21
6.663385826771654
 31
0.0
  0
LINE
  5
D3
330
17
100
AcDbEntity
  8
GEOMETRY
100
AcDbLine
 10
3.2578740157480315
 20
6.702755905511811
 30
0.0
 11
3.218503937007874
 21
6.663385826771654
 31
0.0
  0
LINE
  5
D4
330
17
100
AcDbEntity
  8
GEOMETRY
100
AcDbLine
 10
2.151574803149606
 20
5.596456692913385
 30
0.0
 11
2.190944881889764
 21
5.635826771653543
 31
0.0
  0
LINE
  5
D5
330
17
100
AcDbEntity
  8
GEOMETRY
100
AcDbLine
 10
3.2578740157480315
 20
5.596456692913385
 30
0.0
 11
3.218503937007874
 21
5.635826771653543
 31
0.0
  0
POLYLINE
  5
D6
330
17
100
AcDbEntity
  8
GEOMETRY
100
AcDb2dPolyline
 66
1
 10
0.0
 20
0.0
 30
0.0
 70
0
  0
VERTEX
  5
D7
330
D6
100
AcDbEntity
  8
GEOMETRY
100
AcDbVertex
100
AcDb2dVertex
 10
2.25
 20
5.828740157480316
 30
0.0
 70
0
  0
VERTEX
  5
D8
330
D6
100
AcDbEntity
  8
GEOMETRY
100
AcDbVertex
100
AcDb2dVertex
 10
2.25
 20
6.470472440944882
 30
0.0
 70
0
  0
SEQEND
  5
D9
330
D6
100
AcDbEntity
  8
GEOMETRY
  0
SPLINE
  5
DA
330
17
100
AcDbEntity
  8
GEOMETRY
100
AcDbSpline
 70
0
 71
3
 72
14
 73
10
 74
0
 40
0.0
 40
0.0
 40
0.0
 40
0.0
 40
1.0
 40
1.0
 40
1.0
 40
2.0
 40
2.0
 40
2.0
 40
3.0
 40
3.0
 40
3.0
 40
3.0
 10
2.25
 20
6.470472440944882
 30
0.0
 10
2.260365566640357
 20
6.470472440944882
 30
0.0
 10
2.270550715019948
 20
6.473201543227985
 30
0.0
 10
2.279527559055118
 20
6.478384326548164
 30
0.0
 10
2.288504403090288
 20
6.483567109868342
 30
0.0
 10
2.295960449186776
 20
6.49102315596483
 30
0.0
 10
2.3011432325069547
 20
6.5
 30
0.0
 10
2.3063260158271337
 20
6.508976844035171
 30
0.0
 10
2.309055118110236
 20
6.5191619924147615
 30
0.0
 10
2.309055118110236
 20
6.5295275590551185
 30
0.0
  0
SPLINE
  5
DB
330
17
100
AcDbEntity
  8
GEOMETRY
100
AcDbSpline
 70
0
 71
3
 72
11
 73
7
 74
0
 40
0.0
 40
0.0
 40
0.0
 40
0.0
 40
1.0
 40
1.0
 40
1.0
 40
2.0
 40
2.0
 40
2.0
 40
2.0
 10
2.309055118110236
 20
6.5295275590551185
 30
0.0
 10
2.5068897637795273
 20
6.5295275590551185
 30
0.0
 10
2.4594094488188976
 20
6.604330708661418
 30
0.0
 10
2.704724409448819
 20
6.604330708661418
 30
0.0
 10
2.95003937007874
 20
6.604330708661418
 30
0.0
 10
2.90255905511811
 20
6.5295275590551185
 30
0.0
 10
3.1003937007874014
 20
6.5295275590551185
 30
0.0
  0
SPLINE
  5
DC
330
17
100
AcDbEntity
  8
GEOMETRY
100
AcDbSpline
 70
0
 71
3
 72
14
 73
10
 74
0
 40
0.0
 40
0.0
 40
0.0
 40
0.0
 40
1.0
 40
1.0
 40
1.0
 40
2.0
 40
2.0
 40
2.0
 40
3.0
 40
3.0
 40
3.0
 40
3.0
 10
3.1003937007874014
 20
6.5295275590551185
 30
0.0
 10
3.1003937007874014
 20
6.5191619924147615
 30
0.0
 10
3.1031228030705043
 20
6.508976844035171
 30
0.0
 10
3.1083055863906828
 20
6.5
 30
0.0
 10
3.1134883697108613
 20
6.49102315596483
 30
0.0
 10
3.1209444158073496
 20
6.483567109868342
 30
0.0
 10
3.1299212598425195
 20
6.478384326548164
 30
0.0
 10
3.1388981038776897
 20
6.473201543227985
 30
0.0
 10
3.14908325225728
 20
6.470472440944882
 30
0.0
 10
3.159448818897638
 20
6.470472440944882
 30
0.0
  0
POLYLINE
  5
DD
330
17
100
AcDbEntity
  8
GEOMETRY
100
AcDb2dPolyline
 66
1
 10
0.0
 20
0.0
 30
0.0
 70
0
  0
VERTEX
  5
DE
330
DD
100
AcDbEntity
  8
GEOMETRY
100
AcDbVertex
100
AcDb2dVertex
 10
3.159448818897638
 20
6.470472440944882
 30
0.0
 70
0
  0
VERTEX
  5
DF
330
DD
100
AcDbEntity
  8
GEOMETRY
100
AcDbVertex
100
AcDb2dVertex
 10
3.159448818897638
 20
5.828740157480316
 30
0.0
 70
0
  0
SEQEND
  5
E0
330
DD
100
AcDbEntity
  8
GEOMETRY
  0
SPLINE
  5
E1
330
17
100
AcDbEntity
  8
GEOMETRY
100
AcDbSpline
 70
0
 71
3
 72
14
 73
10
 74
0
 40
0.0
 40
0.0
 40
0.0
 40
0.0
 40
1.0
 40
1.0
 40
1.0
 40
2.0
 40
2.0
 40
2.0
 40
3.0
 40
3.0
 40
3.0
 40
3.0
 10
3.159448818897638
 20
5.828740157480316
 30
0.0
 10
3.14908325225728
 20
5.828740157480316
 30
0.0
 10
3.1388981038776897
 20
5.826011055197213
 30
0.0
 10
3.1299212598425195
 20
5.820828271877035
 30
0.0
 10
3.1209444158073496
 20
5.815645488556856
 30
0.0
 10
3.1134883697108613
 20
5.808189442460368
 30
0.0
 10
3.1083055863906828
 20
5.799212598425198
 30
0.0
 10
3.1031228030705043
 20
5.790235754390028
 30
0.0
 10
3.1003937007874014
 20
5.780050606010437
 30
0.0
 10
3.1003937007874014
 20
5.76968503937008
 30
0.0
  0
SPLINE
  5
E2
330
17
100
AcDbEntity
  8
GEOMETRY
100
AcDbSpline
 70
0
 71
3
 72
11
 73
7
 74
0
 40
0.0
 40
0.0
 40
0.0
 40
0.0
 40
1.0
 40
1.0
 40
1.0
 40
2.0
 40
2.0
 40
2.0
 40
2.0
 10
3.1003937007874014
 20
5.76968503937008
 30
0.0
 10
2.90255905511811
 20
5.76968503937008
 30
0.0
 10
2.95003937007874
 20
5.69488188976378
 30
0.0
 10
2.704724409448819
 20
5.69488188976378
 30
0.0
 10
2.4594094488188976
 20
5.69488188976378
 30
0.0
 10
2.5068897637795273
 20
5.76968503937008
 30
0.0
 10
2.309055118110236
 20
5.76968503937008
 30
0.0
  0
SPLINE
  5
E3
330
17
100
AcDbEntity
  8
GEOMETRY
100
AcDbSpline
 70
0
 71
3
 72
14
 73
10
 74
0
 40
0.0
 40
0.0
 40
0.0
 40
0.0
 40
1.0
 40
1.0
 40
1.0
 40
2.0
 40
2.0
 40
2.0
 40
3.0
 40
3.0
 40
3.0
 40
3.0
 10
2.309055118110236
 20
5.76968503937008
 30
0.0
 10
2.309055118110236
 20
5.780050606010437
 30
0.0
 10
2.3063260158271337
 20
5.790235754390028
 30
0.0
 10
2.3011432325069547
 20
5.799212598425198
 30
0.0
 10
2.295960449186776
 20
5.808189442460368
 30
0.0
 10
2.288504403090288
 20
5.815645488556856
 30
0.0
 10
2.279527559055118
 20
5.820828271877035
 30
0.0
 10
2.270550715019948
 20
5.826011055197213
 30
0.0
 10
2.260365566640357
 20
5.828740157480316
 30
0.0
 10
2.25
 20
5.828740157480316
 30
0.0
  0
CIRCLE
  5
E4
330
17
100
AcDbEntity
  8
GEOMETRY
100
AcDbCircle
 10
2.2559055118110236
 20
6.535433070866142
 30
0.0
 40
0.65
  0
CIRCLE
  5
E5
330
17
100
AcDbEntity
  8
GEOMETRY
100
AcDbCircle
 10
2.2559055118110236
 20
6.535433070866142
 30
0.0
 40
0.26
  0
CIRCLE
  5
E6
330
17
100
AcDbEntity
  8
GEOMETRY
100
AcDbCircle
 10
3.153543307086614
 20
6.535433070866142
 30
0.0
 40
0.65
  0
CIRCLE
  5
E7
330
17
100
AcDbEntity
  8
GEOMETRY
100
AcDbCircle
 10
3.153543307086614
 20
6.535433070866142
 30
0.0
 40
0.26
  0
CIRCLE
  5
E8
330
17
100
AcDbEntity
  8
GEOMETRY
100
AcDbCircle
 10
2.2559055118110236
 20
5.763779527559054
 30
0.0
 40
0.65
  0
CIRCLE
  5
E9
330
17
100
AcDbEntity
  8
GEOMETRY
100
AcDbCircle
 10
2.2559055118110236
 20
5.763779527559054
 30
0.0
 40
0.26
  0
CIRCLE
  5
EA
330
17
100
AcDbEntity
  8
GEOMETRY
100
AcDbCircle
 10
3.153543307086614
 20
5.763779527559054
 30
0.0
 40
0.65
  0
CIRCLE
  5
EB
330
17
100
AcDbEntity
  8
GEOMETRY
100
AcDbCircle
 10
3.153543307086614
 20
5.763779527559054
 30
0.0
 40
0.26
  0
CIRCLE
  5
EC
330
17
100
AcDbEntity
  8
GEOMETRY
100
AcDbCircle
 10
2.2106299212598426
 20
6.929133858267717
 30
0.0
 40
1.375
  0
CIRCLE
  5
ED
330
17
100
AcDbEntity
  8
GEOMETRY
100
AcDbCircle
 10
2.2106299212598426
 20
6.929133858267717
 30
0.0
 40
0.875
  0
CIRCLE
  5
EE
330
17
100
AcDbEntity
  8
GEOMETRY
100
AcDbCircle
 10
2.0374015748031495
 20
6.929133858267717
 30
0.0
 40
0.8500000000000001
  0
SPLINE
  5
EF
330
17
100
AcDbEntity
  8
GEOMETRY
100
AcDbSpline
 70
0
 71
3
 72
35
 73
31
 74
0
 40
0.0
 40
0.0
 40
0.0
 40
0.0
 40
1.0
 40
1.0
 40
1.0
 40
2.0
 40
2.0
 40
2.0
 40
3.0
 40
3.0
 40
3.0
 40
4.0
 40
4.0
 40
4.0
 40
5.0
 40
5.0
 40
5.0
 40
6.0
 40
6.0
 40
6.0
 40
7.0
 40
7.0
 40
7.0
 40
8.0
 40
8.0
 40
8.0
 40
9.0
 40
9.0
 40
9.0
 40
10.0
 40
10.0
 40
10.0
 40
10.0
 10
2.031496062992126
 20
6.931102362204725
 30
0.0
 10
2.0304293109261025
 20
6.932056494258632
 30
0.0
 10
2.029609513717423
 20
6.933255091546921
 30
0.0
 10
2.0291070870274237
 20
6.934595201754267
 30
0.0
 10
2.0286046603374244
 20
6.9359353119616145
 30
0.0
 10
2.02843441331788
 20
6.937377435006014
 30
0.0
 10
2.0286109691662664
 20
6.938797701170878
 30
0.0
 10
2.0287875250146525
 20
6.940217967335743
 30
0.0
 10
2.029305679703381
 20
6.941574513922263
 30
0.0
 10
2.030120926853685
 20
6.942750821718113
 30
0.0
 10
2.030936174003989
 20
6.943927129513964
 30
0.0
 10
2.032024484003145
 20
6.944888526554001
 30
0.0
 10
2.0332923775522254
 20
6.945552434600991
 30
0.0
 10
2.0345602711013058
 20
6.946216342647981
 30
0.0
 10
2.035970376722289
 20
6.9465631928469485
 30
0.0
 10
2.0374015748031495
 20
6.9465631928469485
 30
0.0
 10
2.03883277288401
 20
6.9465631928469485
 30
0.0
 10
2.0402428785049933
 20
6.946216342647981
 30
0.0
 10
2.0415107720540737
 20
6.945552434600991
 30
0.0
 10
2.0427786656031546
 20
6.944888526554001
 30
0.0
 10
2.0438669756023096
 20
6.943927129513964
 30
0.0
 10
2.044682222752614
 20
6.942750821718114
 30
0.0
 10
2.0454974699029185
 20
6.941574513922264
 30
0.0
 10
2.0460156245916465
 20
6.940217967335743
 30
0.0
 10
2.0461921804400327
 20
6.938797701170878
 30
0.0
 10
2.046368736288419
 20
6.937377435006014
 30
0.0
 10
2.0461984892688747
 20
6.9359353119616145
 30
0.0
 10
2.0456960625788754
 20
6.934595201754267
 30
0.0
 10
2.045193635888876
 20
6.933255091546921
 30
0.0
 10
2.044373838680197
 20
6.932056494258632
 30
0.0
 10
2.043307086614173
 20
6.931102362204725
 30
0.0
  0
POLYLINE
  5
F0
330
17
100
AcDbEntity
  8
GEOMETRY
100
AcDb2dPolyline
 66
1
 10
0.0
 20
0.0
 30
0.0
 70
0
  0
VERTEX
  5
F1
330
F0
100
AcDbEntity
  8
GEOMETRY
100
AcDbVertex
100
AcDb2dVertex
 10
2.043307086614173
 20
6.931102362204725
 30
0.0
 70
0
  0
VERTEX
  5
F2
330
F0
100
AcDbEntity
  8
GEOMETRY
100
AcDbVertex
100
AcDb2dVertex
 10
2.046259842519685
 20
6.909448818897639
 30
0.0
 70
0
  0
VERTEX
  5
F3
330
F0
100
AcDbEntity
  8
GEOMETRY
100
AcDbVertex
100
AcDb2dVertex
 10
2.028543307086614
 20
6.909448818897639
 30
0.0
 70
0
  0
VERTEX
  5
F4
330
F0
100
AcDbEntity
  8
GEOMETRY
100
AcDbVertex
100
AcDb2dVertex
 10
2.031496062992126
 20
6.931102362204725
 30
0.0
 70
0
  0
SEQEND
  5
F5
330
F0
100
AcDbEntity
  8
GEOMETRY
  0
LWPOLYLINE
  5
F6
330
17
100
AcDbEntity
  8
GEOMETRY
100
AcDbPolyline
 90
5
 70
0
 10
1.8543307086614174
 20
9.665354330708663
 10
3.555118110236221
 20
9.665354330708663
 10
3.555118110236221
 20
9.564960629921261
 10
1.8543307086614174
 20
9.564960629921261
 10
1.8543307086614174
 20
9.665354330708663
  0
LWPOLYLINE
  5
F7
330
17
100
AcDbEntity
  8
GEOMETRY
100
AcDbPolyline
 90
5
 70
0
 10
1.8543307086614174
 20
9.763779527559056
 10
3.555118110236221
 20
9.763779527559056
 10
3.555118110236221
 20
9.665354330708663
 10
1.8543307086614174
 20
9.665354330708663
 10
1.8543307086614174
 20
9.763779527559056
  0
LINE
  5
F8
330
17
100
AcDbEntity
  8
GEOMETRY
100
AcDbLine
 10
1.8543307086614174
 20
9.698818897637794
 30
0.0
 11
3.555118110236221
 21
9.698818897637794
 31
0.0
  0
LINE
  5
F9
330
17
100
AcDbEntity
  8
GEOMETRY
100
AcDbLine
 10
1.8543307086614174
 20
9.732283464566928
 30
0.0
 11
3.555118110236221
 21
9.732283464566928
 31
0.0
  0
LWPOLYLINE
  5
FA
330
17
100
AcDbEntity
  8
GEOMETRY
100
AcDbPolyline
 90
5
 70
0
 10
1.8543307086614174
 20
9.838582677165356
 10
3.555118110236221
 20
9.838582677165356
 10
3.555118110236221
 20
9.763779527559056
 10
1.8543307086614174
 20
9.763779527559056
 10
1.8543307086614174
 20
9.838582677165356
  0
SPLINE
  5
FB
330
17
100
AcDbEntity
  8
GEOMETRY
100
AcDbSpline
 70
0
 71
3
 72
23
 73
19
 74
0
 40
0.0
 40
0.0
 40
0.0
 40
0.0
 40
1.0
 40
1.0
 40
1.0
 40
2.0
 40
2.0
 40
2.0
 40
3.0
 40
3.0
 40
3.0
 40
4.0
 40
4.0
 40
4.0
 40
5.0
 40
5.0
 40
5.0
 40
6.0
 40
6.0
 40
6.0
 40
6.0
 10
1.8543307086614174
 20
9.763779527559056
 30
0.0
 10
1.8543307086614174
 20
9.75780896117421
 30
0.0
 10
1.8559026715764841
 20
9.751942315707566
 30
0.0
 10
1.858887954768907
 20
9.746771653543307
 30
0.0
 10
1.86187323796133
 20
9.74160099137905
 30
0.0
 10
1.8661679205129074
 20
9.737306308827472
 30
0.0
 10
1.8713385826771651
 20
9.73432102563505
 30
0.0
 10
1.8765092448414231
 20
9.731335742442626
 30
0.0
 10
1.8823758903080674
 20
9.729763779527559
 30
0.0
 10
1.8883464566929133
 20
9.729763779527559
 30
0.0
 10
1.8943170230777593
 20
9.729763779527559
 30
0.0
 10
1.9001836685444036
 20
9.731335742442626
 30
0.0
 10
1.9053543307086613
 20
9.73432102563505
 30
0.0
 10
1.9105249928729193
 20
9.737306308827472
 30
0.0
 10
1.9148196754244966
 20
9.74160099137905
 30
0.0
 10
1.9178049586169195
 20
9.746771653543307
 30
0.0
 10
1.9207902418093425
 20
9.751942315707566
 30
0.0
 10
1.9223622047244096
 20
9.75780896117421
 30
0.0
 10
1.9223622047244096
 20
9.763779527559056
 30
0.0
  0
SPLINE
  5
FC
330
17
100
AcDbEntity
  8
GEOMETRY
100
AcDbSpline
 70
0
 71
3
 72
23
 73
19
 74
0
 40
0.0
 40
0.0
 40
0.0
 40
0.0
 40
1.0
 40
1.0
 40
1.0
 40
2.0
 40
2.0
 40
2.0
 40
3.0
 40
3.0
 40
3.0
 40
4.0
 40
4.0
 40
4.0
 40
5.0
 40
5.0
 40
5.0
 40
6.0
 40
6.0
 40
6.0
 40
6.0
 10
1.9223622047244096
 20
9.763779527559056
 30
0.0
 10
1.9223622047244096
 20
9.75780896117421
 30
0.0
 10
1.9239341676394766
 20
9.751942315707566
 30
0.0
 10
1.9269194508318996
 20
9.746771653543307
 30
0.0
 10
1.9299047340243225
 20
9.74160099137905
 30
0.0
 10
1.9341994165758996
 20
9.737306308827472
 30
0.0
 10
1.9393700787401573
 20
9.73432102563505
 30
0.0
 10
1.9445407409044153
 20
9.731335742442626
 30
0.0
 10
1.9504073863710596
 20
9.729763779527559
 30
0.0
 10
1.9563779527559055
 20
9.729763779527559
 30
0.0
 10
1.9623485191407515
 20
9.729763779527559
 30
0.0
 10
1.9682151646073955
 20
9.731335742442626
 30
0.0
 10
1.9733858267716533
 20
9.73432102563505
 30
0.0
 10
1.978556488935911
 20
9.737306308827472
 30
0.0
 10
1.9828511714874886
 20
9.74160099137905
 30
0.0
 10
1.9858364546799114
 20
9.746771653543307
 30
0.0
 10
1.9888217378723345
 20
9.751942315707566
 30
0.0
 10
1.9903937007874015
 20
9.75780896117421
 30
0.0
 10
1.9903937007874015
 20
9.763779527559056
 30
0.0
  0
SPLINE
  5
FD
330
17
100
AcDbEntity
  8
GEOMETRY
100
AcDbSpline
 70
0
 71
3
 72
23
 73
19
 74
0
 40
0.0
 40
0.0
 40
0.0
 40
0.0
 40
1.0
 40
1.0
 40
1.0
 40
2.0
 40
2.0
 40
2.0
 40
3.0
 40
3.0
 40
3.0
 40
4.0
 40
4.0
 40
4.0
 40
5.0
 40
5.0
 40
5.0
 40
6.0
 40
6.0
 40
6.0
 40
6.0
 10
1.9903937007874015
 20
9.763779527559056
 30
0.0
 10
1.9903937007874015
 20
9.75780896117421
 30
0.0
 10
1.9919656637024687
 20
9.751942315707566
 30
0.0
 10
1.9949509468948916
 20
9.746771653543307
 30
0.0
 10
1.9979362300873147
 20
9.74160099137905
 30
0.0
 10
2.0022309126388915
 20
9.737306308827472
 30
0.0
 10
2.0074015748031497
 20
9.73432102563505
 30
0.0
 10
2.0125722369674075
 20
9.731335742442626
 30
0.0
 10
2.018438882434052
 20
9.729763779527559
 30
0.0
 10
2.0244094488188975
 20
9.729763779527559
 30
0.0
 10
2.0303800152037437
 20
9.729763779527559
 30
0.0
 10
2.0362466606703875
 20
9.731335742442626
 30
0.0
 10
2.0414173228346457
 20
9.73432102563505
 30
0.0
 10
2.0465879849989035
 20
9.737306308827472
 30
0.0
 10
2.0508826675504808
 20
9.74160099137905
 30
0.0
 10
2.053867950742904
 20
9.746771653543307
 30
0.0
 10
2.0568532339353265
 20
9.751942315707566
 30
0.0
 10
2.0584251968503935
 20
9.75780896117421
 30
0.0
 10
2.0584251968503935
 20
9.763779527559056
 30
0.0
  0
SPLINE
  5
FE
330
17
100
AcDbEntity
  8
GEOMETRY
100
AcDbSpline
 70
0
 71
3
 72
23
 73
19
 74
0
 40
0.0
 40
0.0
 40
0.0
 40
0.0
 40
1.0
 40
1.0
 40
1.0
 40
2.0
 40
2.0
 40
2.0
 40
3.0
 40
3.0
 40
3.0
 40
4.0
 40
4.0
 40
4.0
 40
5.0
 40
5.0
 40
5.0
 40
6.0
 40
6.0
 40
6.0
 40
6.0
 10
2.0584251968503935
 20
9.763779527559056
 30
0.0
 10
2.0584251968503935
 20
9.75780896117421
 30
0.0
 10
2.059997159765461
 20
9.751942315707566
 30
0.0
 10
2.062982442957884
 20
9.746771653543307
 30
0.0
 10
2.0659677261503067
 20
9.74160099137905
 30
0.0
 10
2.070262408701884
 20
9.737306308827472
 30
0.0
 10
2.0754330708661417
 20
9.73432102563505
 30
0.0
 10
2.0806037330303995
 20
9.731335742442626
 30
0.0
 10
2.0864703784970438
 20
9.729763779527559
 30
0.0
 10
2.09244094488189
 20
9.729763779527559
 30
0.0
 10
2.0984115112667356
 20
9.729763779527559
 30
0.0
 10
2.10427815673338
 20
9.731335742442626
 30
0.0
 10
2.1094488188976377
 20
9.73432102563505
 30
0.0
 10
2.1146194810618955
 20
9.737306308827472
 30
0.0
 10
2.1189141636134727
 20
9.74160099137905
 30
0.0
 10
2.121899446805896
 20
9.746771653543307
 30
0.0
 10
2.124884729998319
 20
9.751942315707566
 30
0.0
 10
2.126456692913386
 20
9.75780896117421
 30
0.0
 10
2.126456692913386
 20
9.763779527559056
 30
0.0
  0
SPLINE
  5
FF
330
17
100
AcDbEntity
  8
GEOMETRY
100
AcDbSpline
 70
0
 71
3
 72
23
 73
19
 74
0
 40
0.0
 40
0.0
 40
0.0
 40
0.0
 40
1.0
 40
1.0
 40
1.0
 40
2.0
 40
2.0
 40
2.0
 40
3.0
 40
3.0
 40
3.0
 40
4.0
 40
4.0
 40
4.0
 40
5.0
 40
5.0
 40
5.0
 40
6.0
 40
6.0
 40
6.0
 40
6.0
 10
2.126456692913386
 20
9.763779527559056
 30
0.0
 10
2.126456692913386
 20
9.75780896117421
 30
0.0
 10
2.128028655828453
 20
9.751942315707566
 30
0.0
 10
2.131013939020876
 20
9.746771653543307
 30
0.0
 10
2.1339992222132986
 20
9.74160099137905
 30
0.0
 10
2.138293904764876
 20
9.737306308827472
 30
0.0
 10
2.1434645669291337
 20
9.73432102563505
 30
0.0
 10
2.1486352290933914
 20
9.731335742442626
 30
0.0
 10
2.1545018745600357
 20
9.729763779527559
 30
0.0
 10
2.160472440944882
 20
9.729763779527559
 30
0.0
 10
2.1664430073297276
 20
9.729763779527559
 30
0.0
 10
2.172309652796372
 20
9.731335742442626
 30
0.0
 10
2.1774803149606297
 20
9.73432102563505
 30
0.0
 10
2.1826509771248874
 20
9.737306308827472
 30
0.0
 10
2.1869456596764647
 20
9.74160099137905
 30
0.0
 10
2.189930942868888
 20
9.746771653543307
 30
0.0
 10
2.192916226061311
 20
9.751942315707566
 30
0.0
 10
2.194488188976378
 20
9.75780896117421
 30
0.0
 10
2.194488188976378
 20
9.763779527559056
 30
0.0
  0
SPLINE
  5
100
330
17
100
AcDbEntity
  8
GEOMETRY
100
AcDbSpline
 70
0
 71
3
 72
23
 73
19
 74
0
 40
0.0
 40
0.0
 40
0.0
 40
0.0
 40
1.0
 40
1.0
 40
1.0
 40
2.0
 40
2.0
 40
2.0
 40
3.0
 40
3.0
 40
3.0
 40
4.0
 40
4.0
 40
4.0
 40
5.0
 40
5.0
 40
5.0
 40
6.0
 40
6.0
 40
6.0
 40
6.0
 10
2.194488188976378
 20
9.763779527559056
 30
0.0
 10
2.194488188976378
 20
9.75780896117421
 30
0.0
 10
2.196060151891445
 20
9.751942315707566
 30
0.0
 10
2.1990454350838675
 20
9.746771653543307
 30
0.0
 10
2.2020307182762906
 20
9.74160099137905
 30
0.0
 10
2.206325400827868
 20
9.737306308827472
 30
0.0
 10
2.2114960629921256
 20
9.73432102563505
 30
0.0
 10
2.216666725156384
 20
9.731335742442626
 30
0.0
 10
2.222533370623028
 20
9.729763779527559
 30
0.0
 10
2.228503937007874
 20
9.729763779527559
 30
0.0
 10
2.23447450339272
 20
9.729763779527559
 30
0.0
 10
2.2403411488593643
 20
9.731335742442626
 30
0.0
 10
2.245511811023622
 20
9.73432102563505
 30
0.0
 10
2.25068247318788
 20
9.737306308827472
 30
0.0
 10
2.254977155739457
 20
9.74160099137905
 30
0.0
 10
2.25796243893188
 20
9.746771653543307
 30
0.0
 10
2.2609477221243033
 20
9.751942315707566
 30
0.0
 10
2.2625196850393703
 20
9.75780896117421
 30
0.0
 10
2.2625196850393703
 20
9.763779527559056
 30
0.0
  0
SPLINE
  5
101
330
17
100
AcDbEntity
  8
GEOMETRY
100
AcDbSpline
 70
0
 71
3
 72
23
 73
19
 74
0
 40
0.0
 40
0.0
 40
0.0
 40
0.0
 40
1.0
 40
1.0
 40
1.0
 40
2.0
 40
2.0
 40
2.0
 40
3.0
 40
3.0
 40
3.0
 40
4.0
 40
4.0
 40
4.0
 40
5.0
 40
5.0
 40
5.0
 40
6.0
 40
6.0
 40
6.0
 40
6.0
 10
2.2625196850393703
 20
9.763779527559056
 30
0.0
 10
2.2625196850393703
 20
9.75780896117421
 30
0.0
 10
2.2640916479544373
 20
9.751942315707566
 30
0.0
 10
2.2670769311468604
 20
9.746771653543307
 30
0.0
 10
2.270062214339283
 20
9.74160099137905
 30
0.0
 10
2.2743568968908603
 20
9.737306308827472
 30
0.0
 10
2.279527559055118
 20
9.73432102563505
 30
0.0
 10
2.284698221219376
 20
9.731335742442626
 30
0.0
 10
2.29056486668602
 20
9.729763779527559
 30
0.0
 10
2.2965354330708663
 20
9.729763779527559
 30
0.0
 10
2.302505999455712
 20
9.729763779527559
 30
0.0
 10
2.3083726449223563
 20
9.731335742442626
 30
0.0
 10
2.313543307086614
 20
9.73432102563505
 30
0.0
 10
2.318713969250872
 20
9.737306308827472
 30
0.0
 10
2.323008651802449
 20
9.74160099137905
 30
0.0
 10
2.325993934994872
 20
9.746771653543307
 30
0.0
 10
2.3289792181872953
 20
9.751942315707566
 30
0.0
 10
2.3305511811023623
 20
9.75780896117421
 30
0.0
 10
2.3305511811023623
 20
9.763779527559056
 30
0.0
  0
SPLINE
  5
102
330
17
100
AcDbEntity
  8
GEOMETRY
100
AcDbSpline
 70
0
 71
3
 72
23
 73
19
 74
0
 40
0.0
 40
0.0
 40
0.0
 40
0.0
 40
1.0
 40
1.0
 40
1.0
 40
2.0
 40
2.0
 40
2.0
 40
3.0
 40
3.0
 40
3.0
 40
4.0
 40
4.0
 40
4.0
 40
5.0
 40
5.0
 40
5.0
 40
6.0
 40
6.0
 40
6.0
 40
6.0
 10
2.3305511811023623
 20
9.763779527559056
 30
0.0
 10
2.3305511811023623
 20
9.75780896117421
 30
0.0
 10
2.3321231440174293
 20
9.751942315707566
 30
0.0
 10
2.335108427209852
 20
9.746771653543307
 30
0.0
 10
2.338093710402275
 20
9.74160099137905
 30
0.0
 10
2.3423883929538523
 20
9.737306308827472
 30
0.0
 10
2.34755905511811
 20
9.73432102563505
 30
0.0
 10
2.3527297172823682
 20
9.731335742442626
 30
0.0
 10
2.3585963627490125
 20
9.729763779527559
 30
0.0
 10
2.3645669291338582
 20
9.729763779527559
 30
0.0
 10
2.3705374955187044
 20
9.729763779527559
 30
0.0
 10
2.3764041409853487
 20
9.731335742442626
 30
0.0
 10
2.3815748031496065
 20
9.73432102563505
 30
0.0
 10
2.3867454653138642
 20
9.737306308827472
 30
0.0
 10
2.3910401478654415
 20
9.74160099137905
 30
0.0
 10
2.3940254310578646
 20
9.746771653543307
 30
0.0
 10
2.3970107142502877
 20
9.751942315707566
 30
0.0
 10
2.3985826771653547
 20
9.75780896117421
 30
0.0
 10
2.3985826771653547
 20
9.763779527559056
 30
0.0
  0
SPLINE
  5
103
330
17
100
AcDbEntity
  8
GEOMETRY
100
AcDbSpline
 70
0
 71
3
 72
23
 73
19
 74
0
 40
0.0
 40
0.0
 40
0.0
 40
0.0
 40
1.0
 40
1.0
 40
1.0
 40
2.0
 40
2.0
 40
2.0
 40
3.0
 40
3.0
 40
3.0
 40
4.0
 40
4.0
 40
4.0
 40
5.0
 40
5.0
 40
5.0
 40
6.0
 40
6.0
 40
6.0
 40
6.0
 10
2.3985826771653547
 20
9.763779527559056
 30
0.0
 10
2.3985826771653547
 20
9.75780896117421
 30
0.0
 10
2.4001546400804212
 20
9.751942315707566
 30
0.0
 10
2.403139923272844
 20
9.746771653543307
 30
0.0
 10
2.406125206465267
 20
9.74160099137905
 30
0.0
 10
2.4104198890168442
 20
9.737306308827472
 30
0.0
 10
2.415590551181102
 20
9.73432102563505
 30
0.0
 10
2.4207612133453598
 20
9.731335742442626
 30
0.0
 10
2.4266278588120045
 20
9.729763779527559
 30
0.0
 10
2.43259842519685
 20
9.729763779527559
 30
0.0
 10
2.4385689915816964
 20
9.729763779527559
 30
0.0
 10
2.4444356370483407
 20
9.731335742442626
 30
0.0
 10
2.4496062992125984
 20
9.73432102563505
 30
0.0
 10
2.454776961376856
 20
9.737306308827472
 30
0.0
 10
2.4590716439284335
 20
9.74160099137905
 30
0.0
 10
2.4620569271208566
 20
9.746771653543307
 30
0.0
 10
2.4650422103132796
 20
9.751942315707566
 30
0.0
 10
2.4666141732283466
 20
9.75780896117421
 30
0.0
 10
2.4666141732283466
 20
9.763779527559056
 30
0.0
  0
SPLINE
  5
104
330
17
100
AcDbEntity
  8
GEOMETRY
100
AcDbSpline
 70
0
 71
3
 72
23
 73
19
 74
0
 40
0.0
 40
0.0
 40
0.0
 40
0.0
 40
1.0
 40
1.0
 40
1.0
 40
2.0
 40
2.0
 40
2.0
 40
3.0
 40
3.0
 40
3.0
 40
4.0
 40
4.0
 40
4.0
 40
5.0
 40
5.0
 40
5.0
 40
6.0
 40
6.0
 40
6.0
 40
6.0
 10
2.4666141732283466
 20
9.763779527559056
 30
0.0
 10
2.4666141732283466
 20
9.75780896117421
 30
0.0
 10
2.468186136143414
 20
9.751942315707566
 30
0.0
 10
2.471171419335837
 20
9.746771653543307
 30
0.0
 10
2.47415670252826
 20
9.74160099137905
 30
0.0
 10
2.478451385079837
 20
9.737306308827472
 30
0.0
 10
2.483622047244095
 20
9.73432102563505
 30
0.0
 10
2.4887927094083526
 20
9.731335742442626
 30
0.0
 10
2.494659354874997
 20
9.729763779527559
 30
0.0
 10
2.5006299212598426
 20
9.729763779527559
 30
0.0
 10
2.5066004876446883
 20
9.729763779527559
 30
0.0
 10
2.5124671331113326
 20
9.731335742442626
 30
0.0
 10
2.5176377952755904
 20
9.73432102563505
 30
0.0
 10
2.522808457439848
 20
9.737306308827472
 30
0.0
 10
2.527103139991426
 20
9.74160099137905
 30
0.0
 10
2.5300884231838485
 20
9.746771653543307
 30
0.0
 10
2.533073706376271
 20
9.751942315707566
 30
0.0
 10
2.534645669291338
 20
9.75780896117421
 30
0.0
 10
2.534645669291338
 20
9.763779527559056
 30
0.0
  0
SPLINE
  5
105
330
17
100
AcDbEntity
  8
GEOMETRY
100
AcDbSpline
 70
0
 71
3
 72
23
 73
19
 74
0
 40
0.0
 40
0.0
 40
0.0
 40
0.0
 40
1.0
 40
1.0
 40
1.0
 40
2.0
 40
2.0
 40
2.0
 40
3.0
 40
3.0
 40
3.0
 40
4.0
 40
4.0
 40
4.0
 40
5.0
 40
5.0
 40
5.0
 40
6.0
 40
6.0
 40
6.0
 40
6.0
 10
2.534645669291338
 20
9.763779527559056
 30
0.0
 10
2.534645669291338
 20
9.75780896117421
 30
0.0
 10
2.536217632206405
 20
9.751942315707566
 30
0.0
 10
2.5392029153988283
 20
9.746771653543307
 30
0.0
 10
2.542188198591251
 20
9.74160099137905
 30
0.0
 10
2.5464828811428286
 20
9.737306308827472
 30
0.0
 10
2.5516535433070864
 20
9.73432102563505
 30
0.0
 10
2.556824205471344
 20
9.731335742442626
 30
0.0
 10
2.562690850937989
 20
9.729763779527559
 30
0.0
 10
2.5686614173228346
 20
9.729763779527559
 30
0.0
 10
2.5746319837076808
 20
9.729763779527559
 30
0.0
 10
2.580498629174325
 20
9.731335742442626
 30
0.0
 10
2.585669291338583
 20
9.73432102563505
 30
0.0
 10
2.5908399535028406
 20
9.737306308827472
 30
0.0
 10
2.595134636054418
 20
9.74160099137905
 30
0.0
 10
2.5981199192468405
 20
9.746771653543307
 30
0.0
 10
2.601105202439263
 20
9.751942315707566
 30
0.0
 10
2.602677165354331
 20
9.75780896117421
 30
0.0
 10
2.602677165354331
 20
9.763779527559056
 30
0.0
  0
SPLINE
  5
106
330
17
100
AcDbEntity
  8
GEOMETRY
100
AcDbSpline
 70
0
 71
3
 72
23
 73
19
 74
0
 40
0.0
 40
0.0
 40
0.0
 40
0.0
 40
1.0
 40
1.0
 40
1.0
 40
2.0
 40
2.0
 40
2.0
 40
3.0
 40
3.0
 40
3.0
 40
4.0
 40
4.0
 40
4.0
 40
5.0
 40
5.0
 40
5.0
 40
6.0
 40
6.0
 40
6.0
 40
6.0
 10
2.602677165354331
 20
9.763779527559056
 30
0.0
 10
2.602677165354331
 20
9.75780896117421
 30
0.0
 10
2.6042491282693985
 20
9.751942315707566
 30
0.0
 10
2.607234411461821
 20
9.746771653543307
 30
0.0
 10
2.6102196946542437
 20
9.74160099137905
 30
0.0
 10
2.614514377205821
 20
9.737306308827472
 30
0.0
 10
2.619685039370079
 20
9.73432102563505
 30
0.0
 10
2.624855701534337
 20
9.731335742442626
 30
0.0
 10
2.6307223470009813
 20
9.729763779527559
 30
0.0
 10
2.636692913385827
 20
9.729763779527559
 30
0.0
 10
2.642663479770673
 20
9.729763779527559
 30
0.0
 10
2.6485301252373166
 20
9.731335742442626
 30
0.0
 10
2.653700787401575
 20
9.73432102563505
 30
0.0
 10
2.6588714495658325
 20
9.737306308827472
 30
0.0
 10
2.6631661321174103
 20
9.74160099137905
 30
0.0
 10
2.666151415309833
 20
9.746771653543307
 30
0.0
 10
2.6691366985022555
 20
9.751942315707566
 30
0.0
 10
2.6707086614173225
 20
9.75780896117421
 30
0.0
 10
2.6707086614173225
 20
9.763779527559056
 30
0.0
  0
SPLINE
  5
107
330
17
100
AcDbEntity
  8
GEOMETRY
100
AcDbSpline
 70
0
 71
3
 72
23
 73
19
 74
0
 40
0.0
 40
0.0
 40
0.0
 40
0.0
 40
1.0
 40
1.0
 40
1.0
 40
2.0
 40
2.0
 40
2.0
 40
3.0
 40
3.0
 40
3.0
 40
4.0
 40
4.0
 40
4.0
 40
5.0
 40
5.0
 40
5.0
 40
6.0
 40
6.0
 40
6.0
 40
6.0
 10
2.6707086614173225
 20
9.763779527559056
 30
0.0
 10
2.67070866175844
 20
9.757808961392303
 30
0.0
 10
2.672280624893845
 20
9.751942316222143
 30
0.0
 10
2.675265908174839
 20
9.746771654360854
 30
0.0
 10
2.6782511914558325
 20
9.741600992499567
 30
0.0
 10
2.682545873968756
 20
9.737306310233691
 30
0.0
 10
2.687716536001771
 20
9.734321027250134
 30
0.0
 10
2.6928871980347853
 20
9.731335744266579
 30
0.0
 10
2.698753843295372
 20
9.729763781468648
 30
0.0
 10
2.704724409462124
 20
9.729763781470984
 30
0.0
 10
2.710694975628876
 20
9.72976378147332
 30
0.0
 10
2.7165616208882324
 20
9.731335744275839
 30
0.0
 10
2.7217322829189117
 20
9.734321027263439
 30
0.0
 10
2.726902944949591
 20
9.73730631025104
 30
0.0
 10
2.7311976274591547
 20
9.741600992520276
 30
0.0
 10
2.7341829107361044
 20
9.746771654383899
 30
0.0
 10
2.7371681940130537
 20
9.751942316247524
 30
0.0
 10
2.7387401571438685
 20
9.757808961392303
 30
0.0
 10
2.7387401574803145
 20
9.763779527559056
 30
0.0
  0
SPLINE
  5
108
330
17
100
AcDbEntity
  8
GEOMETRY
100
AcDbSpline
 70
0
 71
3
 72
23
 73
19
 74
0
 40
0.0
 40
0.0
 40
0.0
 40
0.0
 40
1.0
 40
1.0
 40
1.0
 40
2.0
 40
2.0
 40
2.0
 40
3.0
 40
3.0
 40
3.0
 40
4.0
 40
4.0
 40
4.0
 40
5.0
 40
5.0
 40
5.0
 40
6.0
 40
6.0
 40
6.0
 40
6.0
 10
2.7387401574803145
 20
9.763779527559056
 30
0.0
 10
2.7387401574803145
 20
9.75780896117421
 30
0.0
 10
2.7403121203953815
 20
9.751942315707566
 30
0.0
 10
2.743297403587804
 20
9.746771653543307
 30
0.0
 10
2.7462826867802272
 20
9.74160099137905
 30
0.0
 10
2.750577369331805
 20
9.737306308827472
 30
0.0
 10
2.7557480314960627
 20
9.73432102563505
 30
0.0
 10
2.7609186936603205
 20
9.731335742442626
 30
0.0
 10
2.766785339126965
 20
9.729763779527559
 30
0.0
 10
2.772755905511811
 20
9.729763779527559
 30
0.0
 10
2.7787264718966567
 20
9.729763779527559
 30
0.0
 10
2.784593117363301
 20
9.731335742442626
 30
0.0
 10
2.789763779527559
 20
9.73432102563505
 30
0.0
 10
2.794934441691817
 20
9.737306308827472
 30
0.0
 10
2.799229124243394
 20
9.74160099137905
 30
0.0
 10
2.802214407435817
 20
9.746771653543307
 30
0.0
 10
2.8051996906282395
 20
9.751942315707566
 30
0.0
 10
2.806771653543307
 20
9.75780896117421
 30
0.0
 10
2.806771653543307
 20
9.763779527559056
 30
0.0
  0
SPLINE
  5
109
330
17
100
AcDbEntity
  8
GEOMETRY
100
AcDbSpline
 70
0
 71
3
 72
23
 73
19
 74
0
 40
0.0
 40
0.0
 40
0.0
 40
0.0
 40
1.0
 40
1.0
 40
1.0
 40
2.0
 40
2.0
 40
2.0
 40
3.0
 40
3.0
 40
3.0
 40
4.0
 40
4.0
 40
4.0
 40
5.0
 40
5.0
 40
5.0
 40
6.0
 40
6.0
 40
6.0
 40
6.0
 10
2.806771653543307
 20
9.763779527559056
 30
0.0
 10
2.8067716538844243
 20
9.757808961392303
 30
0.0
 10
2.8083436170198293
 20
9.751942316222143
 30
0.0
 10
2.8113289003008233
 20
9.746771654360854
 30
0.0
 10
2.814314183581817
 20
9.741600992499567
 30
0.0
 10
2.8186088660947406
 20
9.737306310233691
 30
0.0
 10
2.8237795281277553
 20
9.734321027250134
 30
0.0
 10
2.8289501901607697
 20
9.731335744266579
 30
0.0
 10
2.8348168354213565
 20
9.729763781468648
 30
0.0
 10
2.8407874015881083
 20
9.729763781470984
 30
0.0
 10
2.8467579677548605
 20
9.72976378147332
 30
0.0
 10
2.8526246130142168
 20
9.731335744275839
 30
0.0
 10
2.857795275044896
 20
9.734321027263439
 30
0.0
 10
2.8629659370755753
 20
9.73730631025104
 30
0.0
 10
2.867260619585139
 20
9.741600992520276
 30
0.0
 10
2.870245902862089
 20
9.746771654383899
 30
0.0
 10
2.873231186139038
 20
9.751942316247524
 30
0.0
 10
2.874803149269853
 20
9.757808961392303
 30
0.0
 10
2.874803149606299
 20
9.763779527559056
 30
0.0
  0
SPLINE
  5
10A
330
17
100
AcDbEntity
  8
GEOMETRY
100
AcDbSpline
 70
0
 71
3
 72
23
 73
19
 74
0
 40
0.0
 40
0.0
 40
0.0
 40
0.0
 40
1.0
 40
1.0
 40
1.0
 40
2.0
 40
2.0
 40
2.0
 40
3.0
 40
3.0
 40
3.0
 40
4.0
 40
4.0
 40
4.0
 40
5.0
 40
5.0
 40
5.0
 40
6.0
 40
6.0
 40
6.0
 40
6.0
 10
2.874803149606299
 20
9.763779527559056
 30
0.0
 10
2.874803149606299
 20
9.75780896117421
 30
0.0
 10
2.876375112521366
 20
9.751942315707566
 30
0.0
 10
2.8793603957137885
 20
9.746771653543307
 30
0.0
 10
2.8823456789062116
 20
9.74160099137905
 30
0.0
 10
2.8866403614577893
 20
9.737306308827472
 30
0.0
 10
2.891811023622047
 20
9.73432102563505
 30
0.0
 10
2.896981685786305
 20
9.731335742442626
 30
0.0
 10
2.902848331252949
 20
9.729763779527559
 30
0.0
 10
2.9088188976377953
 20
9.729763779527559
 30
0.0
 10
2.914789464022641
 20
9.729763779527559
 30
0.0
 10
2.9206561094892853
 20
9.731335742442626
 30
0.0
 10
2.9258267716535435
 20
9.73432102563505
 30
0.0
 10
2.9309974338178013
 20
9.737306308827472
 30
0.0
 10
2.9352921163693786
 20
9.74160099137905
 30
0.0
 10
2.9382773995618012
 20
9.746771653543307
 30
0.0
 10
2.941262682754224
 20
9.751942315707566
 30
0.0
 10
2.9428346456692913
 20
9.75780896117421
 30
0.0
 10
2.9428346456692913
 20
9.763779527559056
 30
0.0
  0
SPLINE
  5
10B
330
17
100
AcDbEntity
  8
GEOMETRY
100
AcDbSpline
 70
0
 71
3
 72
23
 73
19
 74
0
 40
0.0
 40
0.0
 40
0.0
 40
0.0
 40
1.0
 40
1.0
 40
1.0
 40
2.0
 40
2.0
 40
2.0
 40
3.0
 40
3.0
 40
3.0
 40
4.0
 40
4.0
 40
4.0
 40
5.0
 40
5.0
 40
5.0
 40
6.0
 40
6.0
 40
6.0
 40
6.0
 10
2.9428346456692913
 20
9.763779527559056
 30
0.0
 10
2.9428346460104087
 20
9.757808961392303
 30
0.0
 10
2.9444066091458128
 20
9.751942316222143
 30
0.0
 10
2.9473918924268063
 20
9.746771654360854
 30
0.0
 10
2.9503771757078003
 20
9.741600992499567
 30
0.0
 10
2.9546718582207245
 20
9.737306310233691
 30
0.0
 10
2.959842520253739
 20
9.734321027250134
 30
0.0
 10
2.9650131822867536
 20
9.731335744266579
 30
0.0
 10
2.9708798275473405
 20
9.729763781468648
 30
0.0
 10
2.976850393714092
 20
9.729763781470984
 30
0.0
 10
2.982820959880844
 20
9.72976378147332
 30
0.0
 10
2.988687605140201
 20
9.731335744275839
 30
0.0
 10
2.9938582671708804
 20
9.734321027263439
 30
0.0
 10
2.9990289292015597
 20
9.73730631025104
 30
0.0
 10
3.0033236117111235
 20
9.741600992520276
 30
0.0
 10
3.006308894988073
 20
9.746771654383899
 30
0.0
 10
3.0092941782650224
 20
9.751942316247524
 30
0.0
 10
3.0108661413958373
 20
9.757808961392303
 30
0.0
 10
3.0108661417322833
 20
9.763779527559056
 30
0.0
  0
SPLINE
  5
10C
330
17
100
AcDbEntity
  8
GEOMETRY
100
AcDbSpline
 70
0
 71
3
 72
23
 73
19
 74
0
 40
0.0
 40
0.0
 40
0.0
 40
0.0
 40
1.0
 40
1.0
 40
1.0
 40
2.0
 40
2.0
 40
2.0
 40
3.0
 40
3.0
 40
3.0
 40
4.0
 40
4.0
 40
4.0
 40
5.0
 40
5.0
 40
5.0
 40
6.0
 40
6.0
 40
6.0
 40
6.0
 10
3.0108661417322833
 20
9.763779527559056
 30
0.0
 10
3.0108661417322833
 20
9.75780896117421
 30
0.0
 10
3.0124381046473503
 20
9.751942315707566
 30
0.0
 10
3.015423387839773
 20
9.746771653543307
 30
0.0
 10
3.0184086710321956
 20
9.74160099137905
 30
0.0
 10
3.0227033535837737
 20
9.737306308827472
 30
0.0
 10
3.0278740157480315
 20
9.73432102563505
 30
0.0
 10
3.0330446779122893
 20
9.731335742442626
 30
0.0
 10
3.0389113233789335
 20
9.729763779527559
 30
0.0
 10
3.0448818897637797
 20
9.729763779527559
 30
0.0
 10
3.0508524561486254
 20
9.729763779527559
 30
0.0
 10
3.0567191016152697
 20
9.731335742442626
 30
0.0
 10
3.061889763779528
 20
9.73432102563505
 30
0.0
 10
3.0670604259437857
 20
9.737306308827472
 30
0.0
 10
3.071355108495363
 20
9.74160099137905
 30
0.0
 10
3.0743403916877856
 20
9.746771653543307
 30
0.0
 10
3.0773256748802083
 20
9.751942315707566
 30
0.0
 10
3.0788976377952757
 20
9.75780896117421
 30
0.0
 10
3.0788976377952757
 20
9.763779527559056
 30
0.0
  0
SPLINE
  5
10D
330
17
100
AcDbEntity
  8
GEOMETRY
100
AcDbSpline
 70
0
 71
3
 72
23
 73
19
 74
0
 40
0.0
 40
0.0
 40
0.0
 40
0.0
 40
1.0
 40
1.0
 40
1.0
 40
2.0
 40
2.0
 40
2.0
 40
3.0
 40
3.0
 40
3.0
 40
4.0
 40
4.0
 40
4.0
 40
5.0
 40
5.0
 40
5.0
 40
6.0
 40
6.0
 40
6.0
 40
6.0
 10
3.0788976377952757
 20
9.763779527559056
 30
0.0
 10
3.078897638136393
 20
9.757808961392303
 30
0.0
 10
3.080469601271798
 20
9.751942316222143
 30
0.0
 10
3.083454884552792
 20
9.746771654360854
 30
0.0
 10
3.0864401678337856
 20
9.741600992499567
 30
0.0
 10
3.0907348503467094
 20
9.737306310233691
 30
0.0
 10
3.095905512379724
 20
9.734321027250134
 30
0.0
 10
3.1010761744127384
 20
9.731335744266579
 30
0.0
 10
3.1069428196733253
 20
9.729763781468648
 30
0.0
 10
3.112913385840077
 20
9.729763781470984
 30
0.0
 10
3.1188839520068288
 20
9.72976378147332
 30
0.0
 10
3.1247505972661855
 20
9.731335744275839
 30
0.0
 10
3.129921259296865
 20
9.734321027263439
 30
0.0
 10
3.135091921327544
 20
9.73730631025104
 30
0.0
 10
3.139386603837108
 20
9.741600992520276
 30
0.0
 10
3.142371887114057
 20
9.746771654383899
 30
0.0
 10
3.145357170391007
 20
9.751942316247524
 30
0.0
 10
3.1469291335218217
 20
9.757808961392303
 30
0.0
 10
3.1469291338582677
 20
9.763779527559056
 30
0.0
  0
SPLINE
  5
10E
330
17
100
AcDbEntity
  8
GEOMETRY
100
AcDbSpline
 70
0
 71
3
 72
23
 73
19
 74
0
 40
0.0
 40
0.0
 40
0.0
 40
0.0
 40
1.0
 40
1.0
 40
1.0
 40
2.0
 40
2.0
 40
2.0
 40
3.0
 40
3.0
 40
3.0
 40
4.0
 40
4.0
 40
4.0
 40
5.0
 40
5.0
 40
5.0
 40
6.0
 40
6.0
 40
6.0
 40
6.0
 10
3.1469291338582677
 20
9.763779527559056
 30
0.0
 10
3.1469291338582677
 20
9.75780896117421
 30
0.0
 10
3.148501096773335
 20
9.751942315707566
 30
0.0
 10
3.151486379965758
 20
9.746771653543307
 30
0.0
 10
3.154471663158181
 20
9.74160099137905
 30
0.0
 10
3.158766345709758
 20
9.737306308827472
 30
0.0
 10
3.163937007874016
 20
9.73432102563505
 30
0.0
 10
3.1691076700382736
 20
9.731335742442626
 30
0.0
 10
3.174974315504918
 20
9.729763779527559
 30
0.0
 10
3.180944881889764
 20
9.729763779527559
 30
0.0
 10
3.18691544827461
 20
9.729763779527559
 30
0.0
 10
3.1927820937412537
 20
9.731335742442626
 30
0.0
 10
3.1979527559055114
 20
9.73432102563505
 30
0.0
 10
3.203123418069769
 20
9.737306308827472
 30
0.0
 10
3.2074181006213474
 20
9.74160099137905
 30
0.0
 10
3.21040338381377
 20
9.746771653543307
 30
0.0
 10
3.2133886670061926
 20
9.751942315707566
 30
0.0
 10
3.2149606299212596
 20
9.75780896117421
 30
0.0
 10
3.2149606299212596
 20
9.763779527559056
 30
0.0
  0
SPLINE
  5
10F
330
17
100
AcDbEntity
  8
GEOMETRY
100
AcDbSpline
 70
0
 71
3
 72
23
 73
19
 74
0
 40
0.0
 40
0.0
 40
0.0
 40
0.0
 40
1.0
 40
1.0
 40
1.0
 40
2.0
 40
2.0
 40
2.0
 40
3.0
 40
3.0
 40
3.0
 40
4.0
 40
4.0
 40
4.0
 40
5.0
 40
5.0
 40
5.0
 40
6.0
 40
6.0
 40
6.0
 40
6.0
 10
3.2149606299212596
 20
9.763779527559056
 30
0.0
 10
3.2149606302623766
 20
9.757808961392303
 30
0.0
 10
3.2165325933977815
 20
9.751942316222143
 30
0.0
 10
3.219517876678775
 20
9.746771654360854
 30
0.0
 10
3.222503159959769
 20
9.741600992499567
 30
0.0
 10
3.2267978424726933
 20
9.737306310233691
 30
0.0
 10
3.2319685045057076
 20
9.734321027250134
 30
0.0
 10
3.2371391665387224
 20
9.731335744266579
 30
0.0
 10
3.2430058117993092
 20
9.729763781468648
 30
0.0
 10
3.248976377966061
 20
9.729763781470984
 30
0.0
 10
3.2549469441328127
 20
9.72976378147332
 30
0.0
 10
3.26081358939217
 20
9.731335744275839
 30
0.0
 10
3.265984251422849
 20
9.734321027263439
 30
0.0
 10
3.2711549134535285
 20
9.73730631025104
 30
0.0
 10
3.2754495959630923
 20
9.741600992520276
 30
0.0
 10
3.2784348792400415
 20
9.746771654383899
 30
0.0
 10
3.281420162516991
 20
9.751942316247524
 30
0.0
 10
3.282992125647806
 20
9.757808961392303
 30
0.0
 10
3.282992125984252
 20
9.763779527559056
 30
0.0
  0
SPLINE
  5
110
330
17
100
AcDbEntity
  8
GEOMETRY
100
AcDbSpline
 70
0
 71
3
 72
23
 73
19
 74
0
 40
0.0
 40
0.0
 40
0.0
 40
0.0
 40
1.0
 40
1.0
 40
1.0
 40
2.0
 40
2.0
 40
2.0
 40
3.0
 40
3.0
 40
3.0
 40
4.0
 40
4.0
 40
4.0
 40
5.0
 40
5.0
 40
5.0
 40
6.0
 40
6.0
 40
6.0
 40
6.0
 10
3.282992125984252
 20
9.763779527559056
 30
0.0
 10
3.282992125984252
 20
9.75780896117421
 30
0.0
 10
3.2845640888993195
 20
9.751942315707566
 30
0.0
 10
3.2875493720917426
 20
9.746771653543307
 30
0.0
 10
3.290534655284165
 20
9.74160099137905
 30
0.0
 10
3.2948293378357425
 20
9.737306308827472
 30
0.0
 10
3.3000000000000003
 20
9.73432102563505
 30
0.0
 10
3.305170662164258
 20
9.731335742442626
 30
0.0
 10
3.3110373076309023
 20
9.729763779527559
 30
0.0
 10
3.3170078740157485
 20
9.729763779527559
 30
0.0
 10
3.322978440400594
 20
9.729763779527559
 30
0.0
 10
3.328845085867238
 20
9.731335742442626
 30
0.0
 10
3.334015748031496
 20
9.73432102563505
 30
0.0
 10
3.3391864101957536
 20
9.737306308827472
 30
0.0
 10
3.3434810927473317
 20
9.74160099137905
 30
0.0
 10
3.3464663759397544
 20
9.746771653543307
 30
0.0
 10
3.349451659132177
 20
9.751942315707566
 30
0.0
 10
3.3510236220472445
 20
9.75780896117421
 30
0.0
 10
3.3510236220472445
 20
9.763779527559056
 30
0.0
  0
SPLINE
  5
111
330
17
100
AcDbEntity
  8
GEOMETRY
100
AcDbSpline
 70
0
 71
3
 72
23
 73
19
 74
0
 40
0.0
 40
0.0
 40
0.0
 40
0.0
 40
1.0
 40
1.0
 40
1.0
 40
2.0
 40
2.0
 40
2.0
 40
3.0
 40
3.0
 40
3.0
 40
4.0
 40
4.0
 40
4.0
 40
5.0
 40
5.0
 40
5.0
 40
6.0
 40
6.0
 40
6.0
 40
6.0
 10
3.3510236220472445
 20
9.763779527559056
 30
0.0
 10
3.351023622388362
 20
9.757808961392303
 30
0.0
 10
3.3525955855237664
 20
9.751942316222143
 30
0.0
 10
3.35558086880476
 20
9.746771654360854
 30
0.0
 10
3.358566152085754
 20
9.741600992499567
 30
0.0
 10
3.3628608345986777
 20
9.737306310233691
 30
0.0
 10
3.368031496631692
 20
9.734321027250134
 30
0.0
 10
3.3732021586647067
 20
9.731335744266579
 30
0.0
 10
3.3790688039252936
 20
9.729763781468648
 30
0.0
 10
3.3850393700920454
 20
9.729763781470984
 30
0.0
 10
3.391009936258797
 20
9.72976378147332
 30
0.0
 10
3.396876581518154
 20
9.731335744275839
 30
0.0
 10
3.402047243548833
 20
9.734321027263439
 30
0.0
 10
3.407217905579512
 20
9.73730631025104
 30
0.0
 10
3.411512588089076
 20
9.741600992520276
 30
0.0
 10
3.4144978713660254
 20
9.746771654383899
 30
0.0
 10
3.4174831546429747
 20
9.751942316247524
 30
0.0
 10
3.41905511777379
 20
9.757808961392303
 30
0.0
 10
3.419055118110236
 20
9.763779527559056
 30
0.0
  0
SPLINE
  5
112
330
17
100
AcDbEntity
  8
GEOMETRY
100
AcDbSpline
 70
0
 71
3
 72
23
 73
19
 74
0
 40
0.0
 40
0.0
 40
0.0
 40
0.0
 40
1.0
 40
1.0
 40
1.0
 40
2.0
 40
2.0
 40
2.0
 40
3.0
 40
3.0
 40
3.0
 40
4.0
 40
4.0
 40
4.0
 40
5.0
 40
5.0
 40
5.0
 40
6.0
 40
6.0
 40
6.0
 40
6.0
 10
3.419055118110236
 20
9.763779527559056
 30
0.0
 10
3.419055118110236
 20
9.75780896117421
 30
0.0
 10
3.420627081025303
 20
9.751942315707566
 30
0.0
 10
3.4236123642177256
 20
9.746771653543307
 30
0.0
 10
3.4265976474101483
 20
9.74160099137905
 30
0.0
 10
3.430892329961726
 20
9.737306308827472
 30
0.0
 10
3.436062992125984
 20
9.73432102563505
 30
0.0
 10
3.441233654290242
 20
9.731335742442626
 30
0.0
 10
3.4471002997568863
 20
9.729763779527559
 30
0.0
 10
3.453070866141732
 20
9.729763779527559
 30
0.0
 10
3.459041432526578
 20
9.729763779527559
 30
0.0
 10
3.4649080779932224
 20
9.731335742442626
 30
0.0
 10
3.47007874015748
 20
9.73432102563505
 30
0.0
 10
3.475249402321738
 20
9.737306308827472
 30
0.0
 10
3.4795440848733152
 20
9.74160099137905
 30
0.0
 10
3.4825293680657383
 20
9.746771653543307
 30
0.0
 10
3.485514651258161
 20
9.751942315707566
 30
0.0
 10
3.4870866141732284
 20
9.75780896117421
 30
0.0
 10
3.4870866141732284
 20
9.763779527559056
 30
0.0
  0
SPLINE
  5
113
330
17
100
AcDbEntity
  8
GEOMETRY
100
AcDbSpline
 70
0
 71
3
 72
23
 73
19
 74
0
 40
0.0
 40
0.0
 40
0.0
 40
0.0
 40
1.0
 40
1.0
 40
1.0
 40
2.0
 40
2.0
 40
2.0
 40
3.0
 40
3.0
 40
3.0
 40
4.0
 40
4.0
 40
4.0
 40
5.0
 40
5.0
 40
5.0
 40
6.0
 40
6.0
 40
6.0
 40
6.0
 10
3.4870866141732284
 20
9.763779527559056
 30
0.0
 10
3.4870866145143453
 20
9.757808961392303
 30
0.0
 10
3.48865857764975
 20
9.751942316222143
 30
0.0
 10
3.491643860930744
 20
9.746771654360854
 30
0.0
 10
3.494629144211738
 20
9.741600992499567
 30
0.0
 10
3.498923826724662
 20
9.737306310233691
 30
0.0
 10
3.5040944887576764
 20
9.734321027250134
 30
0.0
 10
3.509265150790691
 20
9.731335744266579
 30
0.0
 10
3.515131796051278
 20
9.729763781468648
 30
0.0
 10
3.5211023622180297
 20
9.729763781470984
 30
0.0
 10
3.5270729283847815
 20
9.72976378147332
 30
0.0
 10
3.5329395736441387
 20
9.731335744275839
 30
0.0
 10
3.538110235674818
 20
9.734321027263439
 30
0.0
 10
3.5432808977054973
 20
9.73730631025104
 30
0.0
 10
3.547575580215061
 20
9.741600992520276
 30
0.0
 10
3.5505608634920103
 20
9.746771654383899
 30
0.0
 10
3.55354614676896
 20
9.751942316247524
 30
0.0
 10
3.555118109899775
 20
9.757808961392303
 30
0.0
 10
3.555118110236221
 20
9.763779527559056
 30
0.0
  0
LWPOLYLINE
  5
114
330
17
100
AcDbEntity
  8
GEOMETRY
100
AcDbPolyline
 90
5
 70
0
 10
1.8543307086614174
 20
9.854330708661418
 10
3.555118110236221
 20
9.854330708661418
 10
3.555118110236221
 20
9.838582677165356
 10
1.8543307086614174
 20
9.838582677165356
 10
1.8543307086614174
 20
9.854330708661418
  0
LWPOLYLINE
  5
115
330
17
100
AcDbEntity
  8
GEOMETRY
100
AcDbPolyline
 90
5
 70
0
 10
1.8543307086614174
 20
10.090551181102363
 10
3.555118110236221
 20
10.090551181102363
 10
3.555118110236221
 20
9.854330708661418
 10
1.8543307086614174
 20
9.854330708661418
 10
1.8543307086614174
 20
10.090551181102363
  0
LINE
  5
116
330
17
100
AcDbEntity
  8
GEOMETRY
100
AcDbLine
 10
1.8543307086614174
 20
10.051181102362206
 30
0.0
 11
3.555118110236221
 21
10.051181102362206
 31
0.0
  0
LWPOLYLINE
  5
117
330
17
100
AcDbEntity
  8
GEOMETRY
100
AcDbPolyline
 90
5
 70
0
 10
1.6338582677165354
 20
10.111811023622048
 10
3.7755905511811023
 20
10.111811023622048
 10
3.7755905511811023
 20
10.090551181102363
 10
1.6338582677165354
 20
10.090551181102363
 10
1.6338582677165354
 20
10.111811023622048
  0
LWPOLYLINE
  5
118
330
17
100
AcDbEntity
  8
GEOMETRY
100
AcDbPolyline
 90
5
 70
0
 10
1.6141732283464567
 20
10.137795275590552
 10
3.7952755905511815
 20
10.137795275590552
 10
3.7952755905511815
 20
10.111811023622048
 10
1.6141732283464567
 20
10.111811023622048
 10
1.6141732283464567
 20
10.137795275590552
  0
LWPOLYLINE
  5
119
330
17
100
AcDbEntity
  8
GEOMETRY
100
AcDbPolyline
 90
7
 70
0
 10
1.5590551181102363
 20
10.275590551181104
 10
3.850393700787402
 20
10.275590551181104
 10
3.850393700787402
 20
10.214960629921261
 10
3.7952755905511815
 20
10.137795275590552
 10
1.6141732283464567
 20
10.137795275590552
 10
1.5590551181102363
 20
10.214960629921261
 10
1.5590551181102363
 20
10.275590551181104
  0
LINE
  5
11A
330
17
100
AcDbEntity
  8
GEOMETRY
100
AcDbLine
 10
1.5590551181102363
 20
10.21496062992126
 30
0.0
 11
3.850393700787402
 21
10.21496062992126
 31
0.0
  0
LINE
  5
11B
330
17
100
AcDbEntity
  8
GEOMETRY
100
AcDbLine
 10
1.5649606299212597
 20
10.2476968503937
 30
0.0
 11
3.8444881889763782
 21
10.2476968503937
 31
0.0
  0
POLYLINE
  5
11C
330
17
100
AcDbEntity
  8
GEOMETRY
100
AcDb2dPolyline
 66
1
 10
0.0
 20
0.0
 30
0.0
 70
0
  0
VERTEX
  5
11D
330
11C
100
AcDbEntity
  8
GEOMETRY
100
AcDbVertex
100
AcDb2dVertex
 10
1.8543307086614174
 20
10.090551181102363
 30
0.0
 70
0
  0
VERTEX
  5
11E
330
11C
100
AcDbEntity
  8
GEOMETRY
100
AcDbVertex
100
AcDb2dVertex
 10
1.6259842519685037
 20
10.090551181102363
 30
0.0
 70
0
  0
SEQEND
  5
11F
330
11C
100
AcDbEntity
  8
GEOMETRY
  0
SPLINE
  5
120
330
17
100
AcDbEntity
  8
GEOMETRY
100
AcDbSpline
 70
0
 71
3
 72
8
 73
4
 74
0
 40
0.0
 40
0.0
 40
0.0
 40
0.0
 40
1.0
 40
1.0
 40
1.0
 40
1.0
 10
1.6259842519685037
 20
10.090551181102363
 30
0.0
 10
1.6181102362204725
 20
10.029074803149607
 30
0.0
 10
1.6456692913385826
 20
10.008582677165355
 30
0.0
 10
1.6417322834645671
 20
9.9471062992126
 30
0.0
  0
SPLINE
  5
121
330
17
100
AcDbEntity
  8
GEOMETRY
100
AcDbSpline
 70
0
 71
3
 72
11
 73
7
 74
0
 40
0.0
 40
0.0
 40
0.0
 40
0.0
 40
1.0
 40
1.0
 40
1.0
 40
2.0
 40
2.0
 40
2.0
 40
2.0
 10
1.6417322834645671
 20
9.9471062992126
 30
0.0
 10
1.6377952755905512
 20
9.830984251968504
 30
0.0
 10
1.6299212598425197
 20
9.735354330708661
 30
0.0
 10
1.6318897637795275
 20
9.612401574803151
 30
0.0
 10
1.6338582677165354
 20
9.516771653543309
 30
0.0
 10
1.6259842519685037
 20
9.496279527559055
 30
0.0
 10
1.6259842519685037
 20
9.40748031496063
 30
0.0
  0
POLYLINE
  5
122
330
17
100
AcDbEntity
  8
GEOMETRY
100
AcDb2dPolyline
 66
1
 10
0.0
 20
0.0
 30
0.0
 70
0
  0
VERTEX
  5
123
330
122
100
AcDbEntity
  8
GEOMETRY
100
AcDbVertex
100
AcDb2dVertex
 10
1.6259842519685037
 20
9.40748031496063
 30
0.0
 70
0
  0
VERTEX
  5
124
330
122
100
AcDbEntity
  8
GEOMETRY
100
AcDbVertex
100
AcDb2dVertex
 10
1.8543307086614174
 20
9.40748031496063
 30
0.0
 70
0
  0
VERTEX
  5
125
330
122
100
AcDbEntity
  8
GEOMETRY
100
AcDbVertex
100
AcDb2dVertex
 10
1.8543307086614174
 20
10.090551181102363
 30
0.0
 70
0
  0
SEQEND
  5
126
330
122
100
AcDbEntity
  8
GEOMETRY
  0
LINE
  5
127
330
17
100
AcDbEntity
  8
GEOMETRY
100
AcDbLine
 10
1.6535433070866141
 20
10.090551181102363
 30
0.0
 11
1.6535433070866141
 21
9.40748031496063
 31
0.0
  0
LINE
  5
128
330
17
100
AcDbEntity
  8
GEOMETRY
100
AcDbLine
 10
1.6259842519685037
 20
10.057086614173228
 30
0.0
 11
1.8543307086614174
 21
10.057086614173228
 31
0.0
  0
LINE
  5
129
330
17
100
AcDbEntity
  8
GEOMETRY
100
AcDbLine
 10
1.6370078740157479
 20
10.075492125984251
 30
0.0
 11
1.8543307086614174
 21
10.075492125984251
 31
0.0
  0
LINE
  5
12A
330
17
100
AcDbEntity
  8
GEOMETRY
100
AcDbLine
 10
1.6259842519685037
 20
9.446850393700787
 30
0.0
 11
1.8543307086614174
 21
9.446850393700787
 31
0.0
  0
LWPOLYLINE
  5
12B
330
17
100
AcDbEntity
  8
GEOMETRY
100
AcDbPolyline
 90
5
 70
0
 10
1.639763779527559
 20
9.437007874015748
 10
1.8543307086614174
 20
9.437007874015748
 10
1.8543307086614174
 20
9.415354330708663
 10
1.639763779527559
 20
9.415354330708663
 10
1.639763779527559
 20
9.437007874015748
  0
LINE
  5
12C
330
17
100
AcDbEntity
  8
GEOMETRY
100
AcDbLine
 10
1.6535433070866141
 20
9.984251968503937
 30
0.0
 11
1.8543307086614174
 21
9.984251968503937
 31
0.0
  0
LINE
  5
12D
330
17
100
AcDbEntity
  8
GEOMETRY
100
AcDbLine
 10
1.6535433070866141
 20
9.62007874015748
 30
0.0
 11
1.8543307086614174
 21
9.62007874015748
 31
0.0
  0
SPLINE
  5
12E
330
17
100
AcDbEntity
  8
GEOMETRY
100
AcDbSpline
 70
0
 71
3
 72
8
 73
4
 74
0
 40
0.0
 40
0.0
 40
0.0
 40
0.0
 40
1.0
 40
1.0
 40
1.0
 40
1.0
 10
1.7539370078740155
 20
9.992992125984253
 30
0.0
 10
1.7263779527559056
 20
9.988405511811024
 30
0.0
 10
1.7155511811023623
 20
10.012145669291339
 30
0.0
 10
1.7208464566929134
 20
10.018188976377953
 30
0.0
  0
SPLINE
  5
12F
330
17
100
AcDbEntity
  8
GEOMETRY
100
AcDbSpline
 70
0
 71
3
 72
8
 73
4
 74
0
 40
0.0
 40
0.0
 40
0.0
 40
0.0
 40
1.0
 40
1.0
 40
1.0
 40
1.0
 10
1.7208464566929134
 20
10.018188976377953
 30
0.0
 10
1.7261220472440943
 20
10.012145669291339
 30
0.0
 10
1.7510433070866143
 20
10.020767716535435
 30
0.0
 10
1.7539370078740155
 20
9.992992125984253
 30
0.0
  0
SPLINE
  5
130
330
17
100
AcDbEntity
  8
GEOMETRY
100
AcDbSpline
 70
0
 71
3
 72
8
 73
4
 74
0
 40
0.0
 40
0.0
 40
0.0
 40
0.0
 40
1.0
 40
1.0
 40
1.0
 40
1.0
 10
1.7539370078740155
 20
9.992992125984253
 30
0.0
 10
1.743792650918635
 20
10.000721784776903
 30
0.0
 10
1.732762467191601
 20
10.009120734908137
 30
0.0
 10
1.7208464566929134
 20
10.018188976377953
 30
0.0
  0
SPLINE
  5
131
330
17
100
AcDbEntity
  8
GEOMETRY
100
AcDbSpline
 70
0
 71
3
 72
8
 73
4
 74
0
 40
0.0
 40
0.0
 40
0.0
 40
0.0
 40
1.0
 40
1.0
 40
1.0
 40
1.0
 10
1.7539370078740155
 20
9.992992125984253
 30
0.0
 10
1.722933070866142
 20
10.004015748031497
 30
0.0
 10
1.7223228346456692
 20
10.027992125984252
 30
0.0
 10
1.7311220472440945
 20
10.039035433070866
 30
0.0
  0
SPLINE
  5
132
330
17
100
AcDbEntity
  8
GEOMETRY
100
AcDbSpline
 70
0
 71
3
 72
8
 73
4
 74
0
 40
0.0
 40
0.0
 40
0.0
 40
0.0
 40
1.0
 40
1.0
 40
1.0
 40
1.0
 10
1.7311220472440945
 20
10.039035433070866
 30
0.0
 10
1.7399212598425198
 20
10.027992125984252
 30
0.0
 10
1.7639566929133856
 20
10.024330708661418
 30
0.0
 10
1.7539370078740155
 20
9.992992125984253
 30
0.0
  0
SPLINE
  5
133
330
17
100
AcDbEntity
  8
GEOMETRY
100
AcDbSpline
 70
0
 71
3
 72
8
 73
4
 74
0
 40
0.0
 40
0.0
 40
0.0
 40
0.0
 40
1.0
 40
1.0
 40
1.0
 40
1.0
 10
1.7539370078740155
 20
9.992992125984253
 30
0.0
 10
1.7469422572178477
 20
10.00711286089239
 30
0.0
 10
1.7393372703412073
 20
10.02246062992126
 30
0.0
 10
1.7311220472440945
 20
10.039035433070866
 30
0.0
  0
SPLINE
  5
134
330
17
100
AcDbEntity
  8
GEOMETRY
100
AcDbSpline
 70
0
 71
3
 72
8
 73
4
 74
0
 40
0.0
 40
0.0
 40
0.0
 40
0.0
 40
1.0
 40
1.0
 40
1.0
 40
1.0
 10
1.7539370078740155
 20
9.992992125984253
 30
0.0
 10
1.7285039370078739
 20
10.021141732283464
 30
0.0
 10
1.7430314960629922
 20
10.039488188976378
 30
0.0
 10
1.7539370078740155
 20
10.054173228346457
 30
0.0
  0
SPLINE
  5
135
330
17
100
AcDbEntity
  8
GEOMETRY
100
AcDbSpline
 70
0
 71
3
 72
8
 73
4
 74
0
 40
0.0
 40
0.0
 40
0.0
 40
0.0
 40
1.0
 40
1.0
 40
1.0
 40
1.0
 10
1.7539370078740155
 20
10.054173228346457
 30
0.0
 10
1.7648425196850392
 20
10.039488188976378
 30
0.0
 10
1.7793700787401574
 20
10.021141732283464
 30
0.0
 10
1.7539370078740155
 20
9.992992125984253
 30
0.0
  0
SPLINE
  5
136
330
17
100
AcDbEntity
  8
GEOMETRY
100
AcDbSpline
 70
0
 71
3
 72
8
 73
4
 74
0
 40
0.0
 40
0.0
 40
0.0
 40
0.0
 40
1.0
 40
1.0
 40
1.0
 40
1.0
 10
1.7539370078740155
 20
9.992992125984253
 30
0.0
 10
1.7539370078740155
 20
10.011758530183727
 30
0.0
 10
1.7539370078740155
 20
10.032152230971128
 30
0.0
 10
1.7539370078740155
 20
10.054173228346457
 30
0.0
  0
SPLINE
  5
137
330
17
100
AcDbEntity
  8
GEOMETRY
100
AcDbSpline
 70
0
 71
3
 72
8
 73
4
 74
0
 40
0.0
 40
0.0
 40
0.0
 40
0.0
 40
1.0
 40
1.0
 40
1.0
 40
1.0
 10
1.7539370078740155
 20
9.992992125984253
 30
0.0
 10
1.7439173228346456
 20
10.024330708661418
 30
0.0
 10
1.7679527559055117
 20
10.027992125984252
 30
0.0
 10
1.776751968503937
 20
10.039035433070866
 30
0.0
  0
SPLINE
  5
138
330
17
100
AcDbEntity
  8
GEOMETRY
100
AcDbSpline
 70
0
 71
3
 72
8
 73
4
 74
0
 40
0.0
 40
0.0
 40
0.0
 40
0.0
 40
1.0
 40
1.0
 40
1.0
 40
1.0
 10
1.776751968503937
 20
10.039035433070866
 30
0.0
 10
1.7855511811023623
 20
10.027992125984252
 30
0.0
 10
1.7849409448818896
 20
10.004015748031497
 30
0.0
 10
1.7539370078740155
 20
9.992992125984253
 30
0.0
  0
SPLINE
  5
139
330
17
100
AcDbEntity
  8
GEOMETRY
100
AcDbSpline
 70
0
 71
3
 72
8
 73
4
 74
0
 40
0.0
 40
0.0
 40
0.0
 40
0.0
 40
1.0
 40
1.0
 40
1.0
 40
1.0
 10
1.7539370078740155
 20
9.992992125984253
 30
0.0
 10
1.7609317585301836
 20
10.00711286089239
 30
0.0
 10
1.7685367454068242
 20
10.02246062992126
 30
0.0
 10
1.776751968503937
 20
10.039035433070866
 30
0.0
  0
SPLINE
  5
13A
330
17
100
AcDbEntity
  8
GEOMETRY
100
AcDbSpline
 70
0
 71
3
 72
8
 73
4
 74
0
 40
0.0
 40
0.0
 40
0.0
 40
0.0
 40
1.0
 40
1.0
 40
1.0
 40
1.0
 10
1.7539370078740155
 20
9.992992125984253
 30
0.0
 10
1.7568307086614172
 20
10.020767716535435
 30
0.0
 10
1.7817519685039371
 20
10.012145669291339
 30
0.0
 10
1.7870275590551181
 20
10.018188976377953
 30
0.0
  0
SPLINE
  5
13B
330
17
100
AcDbEntity
  8
GEOMETRY
100
AcDbSpline
 70
0
 71
3
 72
8
 73
4
 74
0
 40
0.0
 40
0.0
 40
0.0
 40
0.0
 40
1.0
 40
1.0
 40
1.0
 40
1.0
 10
1.7870275590551181
 20
10.018188976377953
 30
0.0
 10
1.7923228346456692
 20
10.012145669291339
 30
0.0
 10
1.781496062992126
 20
9.988405511811024
 30
0.0
 10
1.7539370078740155
 20
9.992992125984253
 30
0.0
  0
SPLINE
  5
13C
330
17
100
AcDbEntity
  8
GEOMETRY
100
AcDbSpline
 70
0
 71
3
 72
8
 73
4
 74
0
 40
0.0
 40
0.0
 40
0.0
 40
0.0
 40
1.0
 40
1.0
 40
1.0
 40
1.0
 10
1.7539370078740155
 20
9.992992125984253
 30
0.0
 10
1.7640813648293963
 20
10.000721784776903
 30
0.0
 10
1.7751115485564304
 20
10.009120734908137
 30
0.0
 10
1.7870275590551181
 20
10.018188976377953
 30
0.0
  0
LWPOLYLINE
  5
13D
330
17
100
AcDbEntity
  8
GEOMETRY
100
AcDbPolyline
 90
27
 70
0
 10
1.6704133858267716
 20
10.026023622047244
 10
1.6658070866141732
 20
10.02470472440945
 10
1.6622047244094487
 20
10.021771653543308
 10
1.6601181102362206
 20
10.01779527559055
 10
1.659763779527559
 20
10.013484251968505
 10
1.6610826771653542
 20
10.009527559055119
 10
1.663740157480315
 20
10.006515748031497
 10
1.667244094488189
 20
10.004862204724411
 10
1.6709448818897639
 20
10.00472440944882
 10
1.6742519685039372
 20
10.006003937007875
 10
1.6766732283464567
 20
10.008366141732283
 10
1.6779133858267716
 20
10.011358267716536
 10
1.6778740157480316
 20
10.014448818897637
 10
1.6766929133858268
 20
10.017125984251969
 10
1.6746456692913385
 20
10.018996062992127
 10
1.6721653543307087
 20
10.01986220472441
 10
1.6697244094488188
 20
10.019665354330709
 10
1.6676771653543307
 20
10.018602362204724
 10
1.6663385826771655
 20
10.016909448818899
 10
1.665826771653543
 20
10.014980314960631
 10
1.6661220472440943
 20
10.013169291338583
 10
1.6670275590551182
 20
10.011751968503937
 10
1.6683267716535435
 20
10.010905511811025
 10
1.6697047244094487
 20
10.010708661417324
 10
1.6708858267716535
 20
10.011082677165355
 10
1.6716929133858267
 20
10.011811023622048
 10
1.672047244094488
 20
10.012677165354331
  0
LWPOLYLINE
  5
13E
330
17
100
AcDbEntity
  8
GEOMETRY
100
AcDbPolyline
 90
27
 70
0
 10
1.83746062992126
 20
10.026023622047244
 10
1.8420669291338583
 20
10.02470472440945
 10
1.8456692913385828
 20
10.021771653543308
 10
1.847755905511811
 20
10.01779527559055
 10
1.8481102362204724
 20
10.013484251968505
 10
1.8467913385826773
 20
10.009527559055119
 10
1.8441338582677165
 20
10.006515748031497
 10
1.8406299212598425
 20
10.004862204724411
 10
1.8369291338582678
 20
10.00472440944882
 10
1.8336220472440943
 20
10.006003937007875
 10
1.831200787401575
 20
10.008366141732283
 10
1.8299606299212599
 20
10.011358267716536
 10
1.8299999999999998
 20
10.014448818897637
 10
1.8311811023622047
 20
10.017125984251969
 10
1.833228346456693
 20
10.018996062992127
 10
1.8357086614173228
 20
10.01986220472441
 10
1.8381496062992126
 20
10.019665354330709
 10
1.8401968503937007
 20
10.018602362204724
 10
1.841535433070866
 20
10.016909448818899
 10
1.842047244094488
 20
10.014980314960631
 10
1.8417519685039372
 20
10.013169291338583
 10
1.8408464566929135
 20
10.011751968503937
 10
1.8395472440944882
 20
10.010905511811025
 10
1.8381692913385828
 20
10.010708661417324
 10
1.836988188976378
 20
10.011082677165355
 10
1.8361811023622048
 20
10.011811023622048
 10
1.8358267716535435
 20
10.012677165354331
  0
SPLINE
  5
13F
330
17
100
AcDbEntity
  8
GEOMETRY
100
AcDbSpline
 70
0
 71
3
 72
8
 73
4
 74
0
 40
0.0
 40
0.0
 40
0.0
 40
0.0
 40
1.0
 40
1.0
 40
1.0
 40
1.0
 10
1.7205314960629923
 20
9.992992125984253
 30
0.0
 10
1.742801837270341
 20
9.999107611548556
 30
0.0
 10
1.7650721784776902
 20
9.999107611548556
 30
0.0
 10
1.7873425196850392
 20
9.992992125984253
 30
0.0
  0
SPLINE
  5
140
330
17
100
AcDbEntity
  8
GEOMETRY
100
AcDbSpline
 70
0
 71
3
 72
8
 73
4
 74
0
 40
0.0
 40
0.0
 40
0.0
 40
0.0
 40
1.0
 40
1.0
 40
1.0
 40
1.0
 10
1.7873425196850392
 20
9.992992125984253
 30
0.0
 10
1.7650721784776902
 20
9.988097112860894
 30
0.0
 10
1.742801837270341
 20
9.988097112860894
 30
0.0
 10
1.7205314960629923
 20
9.992992125984253
 30
0.0
  0
LINE
  5
141
330
17
100
AcDbEntity
  8
GEOMETRY
100
AcDbLine
 10
1.7539370078740155
 20
9.974606299212597
 30
0.0
 11
1.7539370078740155
 21
9.635826771653543
 31
0.0
  0
SPLINE
  5
142
330
17
100
AcDbEntity
  8
GEOMETRY
100
AcDbSpline
 70
0
 71
3
 72
8
 73
4
 74
0
 40
0.0
 40
0.0
 40
0.0
 40
0.0
 40
1.0
 40
1.0
 40
1.0
 40
1.0
 10
1.6712598425196852
 20
9.904960629921261
 30
0.0
 10
1.7076377952755906
 20
9.941902887139108
 30
0.0
 10
1.7351968503937005
 20
9.96242782152231
 30
0.0
 10
1.7539370078740155
 20
9.966535433070867
 30
0.0
  0
SPLINE
  5
143
330
17
100
AcDbEntity
  8
GEOMETRY
100
AcDbSpline
 70
0
 71
3
 72
8
 73
4
 74
0
 40
0.0
 40
0.0
 40
0.0
 40
0.0
 40
1.0
 40
1.0
 40
1.0
 40
1.0
 10
1.7539370078740155
 20
9.966535433070867
 30
0.0
 10
1.7726771653543307
 20
9.96242782152231
 30
0.0
 10
1.800236220472441
 20
9.941902887139108
 30
0.0
 10
1.8366141732283463
 20
9.904960629921261
 30
0.0
  0
SPLINE
  5
144
330
17
100
AcDbEntity
  8
GEOMETRY
100
AcDbSpline
 70
0
 71
3
 72
8
 73
4
 74
0
 40
0.0
 40
0.0
 40
0.0
 40
0.0
 40
1.0
 40
1.0
 40
1.0
 40
1.0
 10
1.672007874015748
 20
9.893661417322836
 30
0.0
 10
1.7080577427821522
 20
9.930603674540682
 30
0.0
 10
1.7353674540682413
 20
9.951128608923884
 30
0.0
 10
1.7539370078740155
 20
9.955236220472441
 30
0.0
  0
SPLINE
  5
145
330
17
100
AcDbEntity
  8
GEOMETRY
100
AcDbSpline
 70
0
 71
3
 72
8
 73
4
 74
0
 40
0.0
 40
0.0
 40
0.0
 40
0.0
 40
1.0
 40
1.0
 40
1.0
 40
1.0
 10
1.7539370078740155
 20
9.955236220472441
 30
0.0
 10
1.77250656167979
 20
9.951128608923884
 30
0.0
 10
1.7998162729658793
 20
9.930603674540682
 30
0.0
 10
1.8358661417322835
 20
9.893661417322836
 30
0.0
  0
SPLINE
  5
146
330
17
100
AcDbEntity
  8
GEOMETRY
100
AcDbSpline
 70
0
 71
3
 72
8
 73
4
 74
0
 40
0.0
 40
0.0
 40
0.0
 40
0.0
 40
1.0
 40
1.0
 40
1.0
 40
1.0
 10
1.673031496062992
 20
9.878051181102363
 30
0.0
 10
1.7086351706036746
 20
9.914993438320211
 30
0.0
 10
1.7356036745406824
 20
9.935518372703413
 30
0.0
 10
1.7539370078740155
 20
9.939625984251968
 30
0.0
  0
SPLINE
  5
147
330
17
100
AcDbEntity
  8
GEOMETRY
100
AcDbSpline
 70
0
 71
3
 72
8
 73
4
 74
0
 40
0.0
 40
0.0
 40
0.0
 40
0.0
 40
1.0
 40
1.0
 40
1.0
 40
1.0
 10
1.7539370078740155
 20
9.939625984251968
 30
0.0
 10
1.772270341207349
 20
9.935518372703413
 30
0.0
 10
1.799238845144357
 20
9.914993438320211
 30
0.0
 10
1.8348425196850393
 20
9.878051181102363
 30
0.0
  0
SPLINE
  5
148
330
17
100
AcDbEntity
  8
GEOMETRY
100
AcDbSpline
 70
0
 71
3
 72
8
 73
4
 74
0
 40
0.0
 40
0.0
 40
0.0
 40
0.0
 40
1.0
 40
1.0
 40
1.0
 40
1.0
 10
1.6737795275590552
 20
9.866751968503937
 30
0.0
 10
1.7090419947506563
 20
9.903694225721784
 30
0.0
 10
1.735761154855643
 20
9.924219160104986
 30
0.0
 10
1.7539370078740155
 20
9.928326771653543
 30
0.0
  0
SPLINE
  5
149
330
17
100
AcDbEntity
  8
GEOMETRY
100
AcDbSpline
 70
0
 71
3
 72
8
 73
4
 74
0
 40
0.0
 40
0.0
 40
0.0
 40
0.0
 40
1.0
 40
1.0
 40
1.0
 40
1.0
 10
1.7539370078740155
 20
9.928326771653543
 30
0.0
 10
1.7721128608923884
 20
9.924219160104986
 30
0.0
 10
1.7988320209973752
 20
9.903694225721784
 30
0.0
 10
1.8340944881889762
 20
9.866751968503937
 30
0.0
  0
SPLINE
  5
14A
330
17
100
AcDbEntity
  8
GEOMETRY
100
AcDbSpline
 70
0
 71
3
 72
8
 73
4
 74
0
 40
0.0
 40
0.0
 40
0.0
 40
0.0
 40
1.0
 40
1.0
 40
1.0
 40
1.0
 10
1.6748031496062992
 20
9.851141732283466
 30
0.0
 10
1.7096194225721784
 20
9.888083989501313
 30
0.0
 10
1.735997375328084
 20
9.908608923884515
 30
0.0
 10
1.7539370078740155
 20
9.912716535433072
 30
0.0
  0
SPLINE
  5
14B
330
17
100
AcDbEntity
  8
GEOMETRY
100
AcDbSpline
 70
0
 71
3
 72
8
 73
4
 74
0
 40
0.0
 40
0.0
 40
0.0
 40
0.0
 40
1.0
 40
1.0
 40
1.0
 40
1.0
 10
1.7539370078740155
 20
9.912716535433072
 30
0.0
 10
1.7718766404199475
 20
9.908608923884515
 30
0.0
 10
1.7982545931758531
 20
9.888083989501313
 30
0.0
 10
1.8330708661417323
 20
9.851141732283466
 30
0.0
  0
SPLINE
  5
14C
330
17
100
AcDbEntity
  8
GEOMETRY
100
AcDbSpline
 70
0
 71
3
 72
8
 73
4
 74
0
 40
0.0
 40
0.0
 40
0.0
 40
0.0
 40
1.0
 40
1.0
 40
1.0
 40
1.0
 10
1.675551181102362
 20
9.83982283464567
 30
0.0
 10
1.71003937007874
 20
9.876778215223098
 30
0.0
 10
1.7361679790026245
 20
9.8973031496063
 30
0.0
 10
1.7539370078740155
 20
9.901397637795275
 30
0.0
  0
SPLINE
  5
14D
330
17
100
AcDbEntity
  8
GEOMETRY
100
AcDbSpline
 70
0
 71
3
 72
8
 73
4
 74
0
 40
0.0
 40
0.0
 40
0.0
 40
0.0
 40
1.0
 40
1.0
 40
1.0
 40
1.0
 10
1.7539370078740155
 20
9.901397637795275
 30
0.0
 10
1.7717060367454067
 20
9.8973031496063
 30
0.0
 10
1.7978346456692913
 20
9.876778215223098
 30
0.0
 10
1.832322834645669
 20
9.83982283464567
 30
0.0
  0
SPLINE
  5
14E
330
17
100
AcDbEntity
  8
GEOMETRY
100
AcDbSpline
 70
0
 71
3
 72
8
 73
4
 74
0
 40
0.0
 40
0.0
 40
0.0
 40
0.0
 40
1.0
 40
1.0
 40
1.0
 40
1.0
 10
1.6765748031496064
 20
9.824212598425197
 30
0.0
 10
1.7106167979002624
 20
9.861167979002625
 30
0.0
 10
1.7364041994750654
 20
9.881692913385827
 30
0.0
 10
1.7539370078740155
 20
9.885787401574804
 30
0.0
  0
SPLINE
  5
14F
330
17
100
AcDbEntity
  8
GEOMETRY
100
AcDbSpline
 70
0
 71
3
 72
8
 73
4
 74
0
 40
0.0
 40
0.0
 40
0.0
 40
0.0
 40
1.0
 40
1.0
 40
1.0
 40
1.0
 10
1.7539370078740155
 20
9.885787401574804
 30
0.0
 10
1.7714698162729658
 20
9.881692913385827
 30
0.0
 10
1.797257217847769
 20
9.861167979002625
 30
0.0
 10
1.831299212598425
 20
9.824212598425197
 30
0.0
  0
SPLINE
  5
150
330
17
100
AcDbEntity
  8
GEOMETRY
100
AcDbSpline
 70
0
 71
3
 72
8
 73
4
 74
0
 40
0.0
 40
0.0
 40
0.0
 40
0.0
 40
1.0
 40
1.0
 40
1.0
 40
1.0
 10
1.6773228346456692
 20
9.812913385826771
 30
0.0
 10
1.711036745406824
 20
9.84985564304462
 30
0.0
 10
1.7365748031496062
 20
9.870380577427822
 30
0.0
 10
1.7539370078740155
 20
9.874488188976379
 30
0.0
  0
SPLINE
  5
151
330
17
100
AcDbEntity
  8
GEOMETRY
100
AcDbSpline
 70
0
 71
3
 72
8
 73
4
 74
0
 40
0.0
 40
0.0
 40
0.0
 40
0.0
 40
1.0
 40
1.0
 40
1.0
 40
1.0
 10
1.7539370078740155
 20
9.874488188976379
 30
0.0
 10
1.771299212598425
 20
9.870380577427822
 30
0.0
 10
1.7968372703412074
 20
9.84985564304462
 30
0.0
 10
1.8305511811023623
 20
9.812913385826771
 30
0.0
  0
SPLINE
  5
152
330
17
100
AcDbEntity
  8
GEOMETRY
100
AcDbSpline
 70
0
 71
3
 72
8
 73
4
 74
0
 40
0.0
 40
0.0
 40
0.0
 40
0.0
 40
1.0
 40
1.0
 40
1.0
 40
1.0
 10
1.6783464566929134
 20
9.7973031496063
 30
0.0
 10
1.7116010498687664
 20
9.834245406824147
 30
0.0
 10
1.736797900262467
 20
9.854770341207349
 30
0.0
 10
1.7539370078740155
 20
9.858877952755906
 30
0.0
  0
SPLINE
  5
153
330
17
100
AcDbEntity
  8
GEOMETRY
100
AcDbSpline
 70
0
 71
3
 72
8
 73
4
 74
0
 40
0.0
 40
0.0
 40
0.0
 40
0.0
 40
1.0
 40
1.0
 40
1.0
 40
1.0
 10
1.7539370078740155
 20
9.858877952755906
 30
0.0
 10
1.7710761154855643
 20
9.854770341207349
 30
0.0
 10
1.796272965879265
 20
9.834245406824147
 30
0.0
 10
1.829527559055118
 20
9.7973031496063
 30
0.0
  0
SPLINE
  5
154
330
17
100
AcDbEntity
  8
GEOMETRY
100
AcDbSpline
 70
0
 71
3
 72
8
 73
4
 74
0
 40
0.0
 40
0.0
 40
0.0
 40
0.0
 40
1.0
 40
1.0
 40
1.0
 40
1.0
 10
1.6790944881889764
 20
9.786003937007875
 30
0.0
 10
1.7120209973753282
 20
9.822946194225722
 30
0.0
 10
1.7369685039370077
 20
9.843471128608924
 30
0.0
 10
1.7539370078740155
 20
9.84757874015748
 30
0.0
  0
SPLINE
  5
155
330
17
100
AcDbEntity
  8
GEOMETRY
100
AcDbSpline
 70
0
 71
3
 72
8
 73
4
 74
0
 40
0.0
 40
0.0
 40
0.0
 40
0.0
 40
1.0
 40
1.0
 40
1.0
 40
1.0
 10
1.7539370078740155
 20
9.84757874015748
 30
0.0
 10
1.7709055118110235
 20
9.843471128608924
 30
0.0
 10
1.7958530183727033
 20
9.822946194225722
 30
0.0
 10
1.828779527559055
 20
9.786003937007875
 30
0.0
  0
SPLINE
  5
156
330
17
100
AcDbEntity
  8
GEOMETRY
100
AcDbSpline
 70
0
 71
3
 72
8
 73
4
 74
0
 40
0.0
 40
0.0
 40
0.0
 40
0.0
 40
1.0
 40
1.0
 40
1.0
 40
1.0
 10
1.6801181102362204
 20
9.770393700787402
 30
0.0
 10
1.7125984251968502
 20
9.807335958005249
 30
0.0
 10
1.7372047244094486
 20
9.827860892388452
 30
0.0
 10
1.7539370078740155
 20
9.83196850393701
 30
0.0
  0
SPLINE
  5
157
330
17
100
AcDbEntity
  8
GEOMETRY
100
AcDbSpline
 70
0
 71
3
 72
8
 73
4
 74
0
 40
0.0
 40
0.0
 40
0.0
 40
0.0
 40
1.0
 40
1.0
 40
1.0
 40
1.0
 10
1.7539370078740155
 20
9.83196850393701
 30
0.0
 10
1.7706692913385826
 20
9.827860892388452
 30
0.0
 10
1.795275590551181
 20
9.807335958005249
 30
0.0
 10
1.8277559055118109
 20
9.770393700787402
 30
0.0
  0
SPLINE
  5
158
330
17
100
AcDbEntity
  8
GEOMETRY
100
AcDbSpline
 70
0
 71
3
 72
8
 73
4
 74
0
 40
0.0
 40
0.0
 40
0.0
 40
0.0
 40
1.0
 40
1.0
 40
1.0
 40
1.0
 10
1.6808661417322834
 20
9.759094488188977
 30
0.0
 10
1.713018372703412
 20
9.796036745406825
 30
0.0
 10
1.7373753280839894
 20
9.816561679790027
 30
0.0
 10
1.7539370078740155
 20
9.820669291338584
 30
0.0
  0
SPLINE
  5
159
330
17
100
AcDbEntity
  8
GEOMETRY
100
AcDbSpline
 70
0
 71
3
 72
8
 73
4
 74
0
 40
0.0
 40
0.0
 40
0.0
 40
0.0
 40
1.0
 40
1.0
 40
1.0
 40
1.0
 10
1.7539370078740155
 20
9.820669291338584
 30
0.0
 10
1.7704986876640418
 20
9.816561679790027
 30
0.0
 10
1.7948556430446194
 20
9.796036745406825
 30
0.0
 10
1.827007874015748
 20
9.759094488188977
 30
0.0
  0
SPLINE
  5
15A
330
17
100
AcDbEntity
  8
GEOMETRY
100
AcDbSpline
 70
0
 71
3
 72
8
 73
4
 74
0
 40
0.0
 40
0.0
 40
0.0
 40
0.0
 40
1.0
 40
1.0
 40
1.0
 40
1.0
 10
1.6818897637795276
 20
9.743484251968503
 30
0.0
 10
1.7135958005249343
 20
9.780426509186352
 30
0.0
 10
1.7376115485564303
 20
9.800951443569554
 30
0.0
 10
1.7539370078740155
 20
9.805059055118111
 30
0.0
  0
SPLINE
  5
15B
330
17
100
AcDbEntity
  8
GEOMETRY
100
AcDbSpline
 70
0
 71
3
 72
8
 73
4
 74
0
 40
0.0
 40
0.0
 40
0.0
 40
0.0
 40
1.0
 40
1.0
 40
1.0
 40
1.0
 10
1.7539370078740155
 20
9.805059055118111
 30
0.0
 10
1.7702624671916007
 20
9.800951443569554
 30
0.0
 10
1.794278215223097
 20
9.780426509186352
 30
0.0
 10
1.8259842519685041
 20
9.743484251968503
 30
0.0
  0
SPLINE
  5
15C
330
17
100
AcDbEntity
  8
GEOMETRY
100
AcDbSpline
 70
0
 71
3
 72
8
 73
4
 74
0
 40
0.0
 40
0.0
 40
0.0
 40
0.0
 40
1.0
 40
1.0
 40
1.0
 40
1.0
 10
1.6826377952755904
 20
9.73218503937008
 30
0.0
 10
1.714002624671916
 20
9.769127296587927
 30
0.0
 10
1.737769028871391
 20
9.789652230971129
 30
0.0
 10
1.7539370078740155
 20
9.793759842519686
 30
0.0
  0
SPLINE
  5
15D
330
17
100
AcDbEntity
  8
GEOMETRY
100
AcDbSpline
 70
0
 71
3
 72
8
 73
4
 74
0
 40
0.0
 40
0.0
 40
0.0
 40
0.0
 40
1.0
 40
1.0
 40
1.0
 40
1.0
 10
1.7539370078740155
 20
9.793759842519686
 30
0.0
 10
1.7701049868766403
 20
9.789652230971129
 30
0.0
 10
1.7938713910761153
 20
9.769127296587927
 30
0.0
 10
1.8252362204724408
 20
9.73218503937008
 30
0.0
  0
SPLINE
  5
15E
330
17
100
AcDbEntity
  8
GEOMETRY
100
AcDbSpline
 70
0
 71
3
 72
8
 73
4
 74
0
 40
0.0
 40
0.0
 40
0.0
 40
0.0
 40
1.0
 40
1.0
 40
1.0
 40
1.0
 10
1.6836614173228346
 20
9.716574803149607
 30
0.0
 10
1.7145800524934383
 20
9.753517060367454
 30
0.0
 10
1.7380052493438318
 20
9.774041994750656
 30
0.0
 10
1.7539370078740155
 20
9.778149606299213
 30
0.0
  0
SPLINE
  5
15F
330
17
100
AcDbEntity
  8
GEOMETRY
100
AcDbSpline
 70
0
 71
3
 72
8
 73
4
 74
0
 40
0.0
 40
0.0
 40
0.0
 40
0.0
 40
1.0
 40
1.0
 40
1.0
 40
1.0
 10
1.7539370078740155
 20
9.778149606299213
 30
0.0
 10
1.7698687664041994
 20
9.774041994750656
 30
0.0
 10
1.7932939632545932
 20
9.753517060367454
 30
0.0
 10
1.824212598425197
 20
9.716574803149607
 30
0.0
  0
SPLINE
  5
160
330
17
100
AcDbEntity
  8
GEOMETRY
100
AcDbSpline
 70
0
 71
3
 72
8
 73
4
 74
0
 40
0.0
 40
0.0
 40
0.0
 40
0.0
 40
1.0
 40
1.0
 40
1.0
 40
1.0
 10
1.6844094488188976
 20
9.705255905511812
 30
0.0
 10
1.715
 20
9.742211286089239
 30
0.0
 10
1.7381758530183726
 20
9.76273622047244
 30
0.0
 10
1.7539370078740155
 20
9.766830708661418
 30
0.0
  0
SPLINE
  5
161
330
17
100
AcDbEntity
  8
GEOMETRY
100
AcDbSpline
 70
0
 71
3
 72
8
 73
4
 74
0
 40
0.0
 40
0.0
 40
0.0
 40
0.0
 40
1.0
 40
1.0
 40
1.0
 40
1.0
 10
1.7539370078740155
 20
9.766830708661418
 30
0.0
 10
1.7696981627296586
 20
9.76273622047244
 30
0.0
 10
1.7928740157480314
 20
9.742211286089239
 30
0.0
 10
1.8234645669291338
 20
9.705255905511812
 30
0.0
  0
SPLINE
  5
162
330
17
100
AcDbEntity
  8
GEOMETRY
100
AcDbSpline
 70
0
 71
3
 72
8
 73
4
 74
0
 40
0.0
 40
0.0
 40
0.0
 40
0.0
 40
1.0
 40
1.0
 40
1.0
 40
1.0
 10
1.6854330708661418
 20
9.68964566929134
 30
0.0
 10
1.7155774278215223
 20
9.726601049868767
 30
0.0
 10
1.7384120734908135
 20
9.74712598425197
 30
0.0
 10
1.7539370078740155
 20
9.751220472440945
 30
0.0
  0
SPLINE
  5
163
330
17
100
AcDbEntity
  8
GEOMETRY
100
AcDbSpline
 70
0
 71
3
 72
8
 73
4
 74
0
 40
0.0
 40
0.0
 40
0.0
 40
0.0
 40
1.0
 40
1.0
 40
1.0
 40
1.0
 10
1.7539370078740155
 20
9.751220472440945
 30
0.0
 10
1.7694619422572178
 20
9.74712598425197
 30
0.0
 10
1.7922965879265091
 20
9.726601049868767
 30
0.0
 10
1.8224409448818897
 20
9.68964566929134
 30
0.0
  0
SPLINE
  5
164
330
17
100
AcDbEntity
  8
GEOMETRY
100
AcDbSpline
 70
0
 71
3
 72
8
 73
4
 74
0
 40
0.0
 40
0.0
 40
0.0
 40
0.0
 40
1.0
 40
1.0
 40
1.0
 40
1.0
 10
1.6861811023622046
 20
9.678346456692914
 30
0.0
 10
1.715997375328084
 20
9.71528871391076
 30
0.0
 10
1.7385826771653543
 20
9.735813648293963
 30
0.0
 10
1.7539370078740155
 20
9.73992125984252
 30
0.0
  0
SPLINE
  5
165
330
17
100
AcDbEntity
  8
GEOMETRY
100
AcDbSpline
 70
0
 71
3
 72
8
 73
4
 74
0
 40
0.0
 40
0.0
 40
0.0
 40
0.0
 40
1.0
 40
1.0
 40
1.0
 40
1.0
 10
1.7539370078740155
 20
9.73992125984252
 30
0.0
 10
1.769291338582677
 20
9.735813648293963
 30
0.0
 10
1.7918766404199475
 20
9.71528871391076
 30
0.0
 10
1.8216929133858268
 20
9.678346456692914
 30
0.0
  0
SPLINE
  5
166
330
17
100
AcDbEntity
  8
GEOMETRY
100
AcDbSpline
 70
0
 71
3
 72
8
 73
4
 74
0
 40
0.0
 40
0.0
 40
0.0
 40
0.0
 40
1.0
 40
1.0
 40
1.0
 40
1.0
 10
1.6872047244094486
 20
9.662736220472441
 30
0.0
 10
1.716561679790026
 20
9.69967847769029
 30
0.0
 10
1.738805774278215
 20
9.720203412073491
 30
0.0
 10
1.7539370078740155
 20
9.724311023622048
 30
0.0
  0
SPLINE
  5
167
330
17
100
AcDbEntity
  8
GEOMETRY
100
AcDbSpline
 70
0
 71
3
 72
8
 73
4
 74
0
 40
0.0
 40
0.0
 40
0.0
 40
0.0
 40
1.0
 40
1.0
 40
1.0
 40
1.0
 10
1.7539370078740155
 20
9.724311023622048
 30
0.0
 10
1.7690682414698162
 20
9.720203412073491
 30
0.0
 10
1.7913123359580052
 20
9.69967847769029
 30
0.0
 10
1.8206692913385825
 20
9.662736220472441
 30
0.0
  0
SPLINE
  5
168
330
17
100
AcDbEntity
  8
GEOMETRY
100
AcDbSpline
 70
0
 71
3
 72
8
 73
4
 74
0
 40
0.0
 40
0.0
 40
0.0
 40
0.0
 40
1.0
 40
1.0
 40
1.0
 40
1.0
 10
1.6879527559055119
 20
9.651437007874016
 30
0.0
 10
1.7169816272965879
 20
9.688379265091864
 30
0.0
 10
1.7389763779527558
 20
9.708904199475066
 30
0.0
 10
1.7539370078740155
 20
9.713011811023623
 30
0.0
  0
SPLINE
  5
169
330
17
100
AcDbEntity
  8
GEOMETRY
100
AcDbSpline
 70
0
 71
3
 72
8
 73
4
 74
0
 40
0.0
 40
0.0
 40
0.0
 40
0.0
 40
1.0
 40
1.0
 40
1.0
 40
1.0
 10
1.7539370078740155
 20
9.713011811023623
 30
0.0
 10
1.7688976377952754
 20
9.708904199475066
 30
0.0
 10
1.7908923884514434
 20
9.688379265091864
 30
0.0
 10
1.8199212598425196
 20
9.651437007874016
 30
0.0
  0
SPLINE
  5
16A
330
17
100
AcDbEntity
  8
GEOMETRY
100
AcDbSpline
 70
0
 71
3
 72
8
 73
4
 74
0
 40
0.0
 40
0.0
 40
0.0
 40
0.0
 40
1.0
 40
1.0
 40
1.0
 40
1.0
 10
1.6889763779527558
 20
9.635826771653544
 30
0.0
 10
1.7175590551181101
 20
9.672769028871391
 30
0.0
 10
1.7392125984251967
 20
9.693293963254593
 30
0.0
 10
1.7539370078740155
 20
9.69740157480315
 30
0.0
  0
SPLINE
  5
16B
330
17
100
AcDbEntity
  8
GEOMETRY
100
AcDbSpline
 70
0
 71
3
 72
8
 73
4
 74
0
 40
0.0
 40
0.0
 40
0.0
 40
0.0
 40
1.0
 40
1.0
 40
1.0
 40
1.0
 10
1.7539370078740155
 20
9.69740157480315
 30
0.0
 10
1.7686614173228346
 20
9.693293963254593
 30
0.0
 10
1.7903149606299213
 20
9.672769028871391
 30
0.0
 10
1.8188976377952757
 20
9.635826771653544
 30
0.0
  0
SPLINE
  5
16C
330
17
100
AcDbEntity
  8
GEOMETRY
100
AcDbSpline
 70
0
 71
3
 72
8
 73
4
 74
0
 40
0.0
 40
0.0
 40
0.0
 40
0.0
 40
1.0
 40
1.0
 40
1.0
 40
1.0
 10
1.6897244094488189
 20
9.624527559055117
 30
0.0
 10
1.717979002624672
 20
9.661469816272966
 30
0.0
 10
1.7393832020997375
 20
9.681994750656168
 30
0.0
 10
1.7539370078740155
 20
9.686102362204725
 30
0.0
  0
SPLINE
  5
16D
330
17
100
AcDbEntity
  8
GEOMETRY
100
AcDbSpline
 70
0
 71
3
 72
8
 73
4
 74
0
 40
0.0
 40
0.0
 40
0.0
 40
0.0
 40
1.0
 40
1.0
 40
1.0
 40
1.0
 10
1.7539370078740155
 20
9.686102362204725
 30
0.0
 10
1.768490813648294
 20
9.681994750656168
 30
0.0
 10
1.7898950131233595
 20
9.661469816272966
 30
0.0
 10
1.8181496062992124
 20
9.624527559055117
 30
0.0
  0
LINE
  5
16E
330
17
100
AcDbEntity
  8
GEOMETRY
100
AcDbLine
 10
1.6712598425196852
 20
9.904960629921261
 30
0.0
 11
1.6889763779527558
 21
9.635826771653543
 31
0.0
  0
LINE
  5
16F
330
17
100
AcDbEntity
  8
GEOMETRY
100
AcDbLine
 10
1.8366141732283463
 20
9.904960629921261
 30
0.0
 11
1.8188976377952757
 21
9.635826771653543
 31
0.0
  0
LWPOLYLINE
  5
170
330
17
100
AcDbEntity
  8
GEOMETRY
100
AcDbPolyline
 90
5
 70
0
 10
1.6653543307086613
 20
9.608267716535433
 10
1.84251968503937
 20
9.608267716535433
 10
1.84251968503937
 20
9.458661417322835
 10
1.6653543307086613
 20
9.458661417322835
 10
1.6653543307086613
 20
9.608267716535433
  0
LWPOLYLINE
  5
171
330
17
100
AcDbEntity
  8
GEOMETRY
100
AcDbPolyline
 90
5
 70
0
 10
1.7539370078740155
 20
9.56984251968504
 10
1.823228346456693
 20
9.533464566929133
 10
1.7539370078740155
 20
9.497086614173229
 10
1.6846456692913385
 20
9.533464566929133
 10
1.7539370078740155
 20
9.56984251968504
  0
LWPOLYLINE
  5
172
330
17
100
AcDbEntity
  8
GEOMETRY
100
AcDbPolyline
 90
5
 70
0
 10
1.7539370078740155
 20
9.554566929133859
 10
1.7941338582677164
 20
9.533464566929133
 10
1.7539370078740155
 20
9.51236220472441
 10
1.7137401574803148
 20
9.533464566929133
 10
1.7539370078740155
 20
9.554566929133859
  0
SPLINE
  5
173
330
17
100
AcDbEntity
  8
GEOMETRY
100
AcDbSpline
 70
0
 71
3
 72
8
 73
4
 74
0
 40
0.0
 40
0.0
 40
0.0
 40
0.0
 40
1.0
 40
1.0
 40
1.0
 40
1.0
 10
1.7066929133858268
 20
9.546456692913386
 30
0.0
 10
1.7066929133858268
 20
9.582834645669292
 30
0.0
 10
1.744488188976378
 20
9.585433070866141
 30
0.0
 10
1.7539370078740155
 20
9.556850393700788
 30
0.0
  0
SPLINE
  5
174
330
17
100
AcDbEntity
  8
GEOMETRY
100
AcDbSpline
 70
0
 71
3
 72
11
 73
7
 74
0
 40
0.0
 40
0.0
 40
0.0
 40
0.0
 40
1.0
 40
1.0
 40
1.0
 40
2.0
 40
2.0
 40
2.0
 40
2.0
 10
1.7539370078740155
 20
9.556850393700788
 30
0.0
 10
1.7633858267716536
 20
9.585433070866141
 30
0.0
 10
1.8011811023622046
 20
9.582834645669292
 30
0.0
 10
1.8011811023622046
 20
9.546456692913386
 30
0.0
 10
1.8011811023622046
 20
9.515275590551182
 30
0.0
 10
1.7728346456692914
 20
9.497086614173229
 30
0.0
 10
1.7539370078740155
 20
9.473700787401576
 30
0.0
  0
SPLINE
  5
175
330
17
100
AcDbEntity
  8
GEOMETRY
100
AcDbSpline
 70
0
 71
3
 72
8
 73
4
 74
0
 40
0.0
 40
0.0
 40
0.0
 40
0.0
 40
1.0
 40
1.0
 40
1.0
 40
1.0
 10
1.7539370078740155
 20
9.473700787401576
 30
0.0
 10
1.73503937007874
 20
9.497086614173229
 30
0.0
 10
1.7066929133858268
 20
9.515275590551182
 30
0.0
 10
1.7066929133858268
 20
9.546456692913386
 30
0.0
  0
SPLINE
  5
176
330
17
100
AcDbEntity
  8
GEOMETRY
100
AcDbSpline
 70
0
 71
3
 72
8
 73
4
 74
0
 40
0.0
 40
0.0
 40
0.0
 40
0.0
 40
1.0
 40
1.0
 40
1.0
 40
1.0
 10
1.7208661417322835
 20
9.542559055118112
 30
0.0
 10
1.7208661417322835
 20
9.568031496062993
 30
0.0
 10
1.7473228346456693
 20
9.56984251968504
 30
0.0
 10
1.7539370078740155
 20
9.54984251968504
 30
0.0
  0
SPLINE
  5
177
330
17
100
AcDbEntity
  8
GEOMETRY
100
AcDbSpline
 70
0
 71
3
 72
11
 73
7
 74
0
 40
0.0
 40
0.0
 40
0.0
 40
0.0
 40
1.0
 40
1.0
 40
1.0
 40
2.0
 40
2.0
 40
2.0
 40
2.0
 10
1.7539370078740155
 20
9.54984251968504
 30
0.0
 10
1.7605511811023624
 20
9.56984251968504
 30
0.0
 10
1.787007874015748
 20
9.568031496062993
 30
0.0
 10
1.787007874015748
 20
9.542559055118112
 30
0.0
 10
1.787007874015748
 20
9.520728346456693
 30
0.0
 10
1.7671653543307086
 20
9.507992125984252
 30
0.0
 10
1.7539370078740155
 20
9.491633858267717
 30
0.0
  0
SPLINE
  5
178
330
17
100
AcDbEntity
  8
GEOMETRY
100
AcDbSpline
 70
0
 71
3
 72
8
 73
4
 74
0
 40
0.0
 40
0.0
 40
0.0
 40
0.0
 40
1.0
 40
1.0
 40
1.0
 40
1.0
 10
1.7539370078740155
 20
9.491633858267717
 30
0.0
 10
1.7407086614173228
 20
9.507992125984252
 30
0.0
 10
1.7208661417322835
 20
9.520728346456693
 30
0.0
 10
1.7208661417322835
 20
9.542559055118112
 30
0.0
  0
LWPOLYLINE
  5
179
330
17
100
AcDbEntity
  8
GEOMETRY
100
AcDbPolyline
 90
2
 70
0
 10
1.78996062992126
 20
9.550925196850393
 10
1.8162992125984252
 20
9.5371062992126
  0
LWPOLYLINE
  5
17A
330
17
100
AcDbEntity
  8
GEOMETRY
100
AcDbPolyline
 90
2
 70
0
 10
1.7748425196850395
 20
9.543582677165354
 10
1.7900984251968504
 20
9.535570866141732
  0
LWPOLYLINE
  5
17B
330
17
100
AcDbEntity
  8
GEOMETRY
100
AcDbPolyline
 90
2
 70
0
 10
1.7179133858267714
 20
9.516003937007874
 10
1.6915748031496063
 20
9.52982283464567
  0
LWPOLYLINE
  5
17C
330
17
100
AcDbEntity
  8
GEOMETRY
100
AcDbPolyline
 90
2
 70
0
 10
1.733031496062992
 20
9.523346456692913
 10
1.7177755905511811
 20
9.531358267716536
  0
POLYLINE
  5
17D
330
17
100
AcDbEntity
  8
GEOMETRY
100
AcDb2dPolyline
 66
1
 10
0.0
 20
0.0
 30
0.0
 70
0
  0
VERTEX
  5
17E
330
17D
100
AcDbEntity
  8
GEOMETRY
100
AcDbVertex
100
AcDb2dVertex
 10
3.7559055118110236
 20
10.090551181102363
 30
0.0
 70
0
  0
VERTEX
  5
17F
330
17D
100
AcDbEntity
  8
GEOMETRY
100
AcDbVertex
100
AcDb2dVertex
 10
3.5275590551181097
 20
10.090551181102363
 30
0.0
 70
0
  0
SEQEND
  5
180
330
17D
100
AcDbEntity
  8
GEOMETRY
  0
SPLINE
  5
181
330
17
100
AcDbEntity
  8
GEOMETRY
100
AcDbSpline
 70
0
 71
3
 72
8
 73
4
 74
0
 40
0.0
 40
0.0
 40
0.0
 40
0.0
 40
1.0
 40
1.0
 40
1.0
 40
1.0
 10
3.5275590551181097
 20
10.090551181102363
 30
0.0
 10
3.5196850393700787
 20
10.029074803149607
 30
0.0
 10
3.547244094488189
 20
10.008582677165355
 30
0.0
 10
3.543307086614173
 20
9.9471062992126
 30
0.0
  0
SPLINE
  5
182
330
17
100
AcDbEntity
  8
GEOMETRY
100
AcDbSpline
 70
0
 71
3
 72
11
 73
7
 74
0
 40
0.0
 40
0.0
 40
0.0
 40
0.0
 40
1.0
 40
1.0
 40
1.0
 40
2.0
 40
2.0
 40
2.0
 40
2.0
 10
3.543307086614173
 20
9.9471062992126
 30
0.0
 10
3.539370078740158
 20
9.830984251968504
 30
0.0
 10
3.531496062992126
 20
9.735354330708661
 30
0.0
 10
3.533464566929134
 20
9.612401574803151
 30
0.0
 10
3.535433070866142
 20
9.516771653543309
 30
0.0
 10
3.5275590551181097
 20
9.496279527559055
 30
0.0
 10
3.5275590551181097
 20
9.40748031496063
 30
0.0
  0
POLYLINE
  5
183
330
17
100
AcDbEntity
  8
GEOMETRY
100
AcDb2dPolyline
 66
1
 10
0.0
 20
0.0
 30
0.0
 70
0
  0
VERTEX
  5
184
330
183
100
AcDbEntity
  8
GEOMETRY
100
AcDbVertex
100
AcDb2dVertex
 10
3.5275590551181097
 20
9.40748031496063
 30
0.0
 70
0
  0
VERTEX
  5
185
330
183
100
AcDbEntity
  8
GEOMETRY
100
AcDbVertex
100
AcDb2dVertex
 10
3.7559055118110236
 20
9.40748031496063
 30
0.0
 70
0
  0
VERTEX
  5
186
330
183
100
AcDbEntity
  8
GEOMETRY
100
AcDbVertex
100
AcDb2dVertex
 10
3.7559055118110236
 20
10.090551181102363
 30
0.0
 70
0
  0
SEQEND
  5
187
330
183
100
AcDbEntity
  8
GEOMETRY
  0
LINE
  5
188
330
17
100
AcDbEntity
  8
GEOMETRY
100
AcDbLine
 10
3.555118110236221
 20
10.090551181102363
 30
0.0
 11
3.555118110236221
 21
9.40748031496063
 31
0.0
  0
LINE
  5
189
330
17
100
AcDbEntity
  8
GEOMETRY
100
AcDbLine
 10
3.5275590551181097
 20
10.057086614173228
 30
0.0
 11
3.7559055118110236
 21
10.057086614173228
 31
0.0
  0
LINE
  5
18A
330
17
100
AcDbEntity
  8
GEOMETRY
100
AcDbLine
 10
3.538582677165354
 20
10.075492125984251
 30
0.0
 11
3.7559055118110236
 21
10.075492125984251
 31
0.0
  0
LINE
  5
18B
330
17
100
AcDbEntity
  8
GEOMETRY
100
AcDbLine
 10
3.5275590551181097
 20
9.446850393700787
 30
0.0
 11
3.7559055118110236
 21
9.446850393700787
 31
0.0
  0
LWPOLYLINE
  5
18C
330
17
100
AcDbEntity
  8
GEOMETRY
100
AcDbPolyline
 90
5
 70
0
 10
3.5413385826771653
 20
9.437007874015748
 10
3.7559055118110236
 20
9.437007874015748
 10
3.7559055118110236
 20
9.415354330708663
 10
3.5413385826771653
 20
9.415354330708663
 10
3.5413385826771653
 20
9.437007874015748
  0
LINE
  5
18D
330
17
100
AcDbEntity
  8
GEOMETRY
100
AcDbLine
 10
3.555118110236221
 20
9.984251968503937
 30
0.0
 11
3.7559055118110236
 21
9.984251968503937
 31
0.0
  0
LINE
  5
18E
330
17
100
AcDbEntity
  8
GEOMETRY
100
AcDbLine
 10
3.555118110236221
 20
9.62007874015748
 30
0.0
 11
3.7559055118110236
 21
9.62007874015748
 31
0.0
  0
SPLINE
  5
18F
330
17
100
AcDbEntity
  8
GEOMETRY
100
AcDbSpline
 70
0
 71
3
 72
8
 73
4
 74
0
 40
0.0
 40
0.0
 40
0.0
 40
0.0
 40
1.0
 40
1.0
 40
1.0
 40
1.0
 10
3.6555118110236218
 20
9.992992125984253
 30
0.0
 10
3.627952755905512
 20
9.988405511811024
 30
0.0
 10
3.6171259842519685
 20
10.012145669291339
 30
0.0
 10
3.6224212598425196
 20
10.018188976377953
 30
0.0
  0
SPLINE
  5
190
330
17
100
AcDbEntity
  8
GEOMETRY
100
AcDbSpline
 70
0
 71
3
 72
8
 73
4
 74
0
 40
0.0
 40
0.0
 40
0.0
 40
0.0
 40
1.0
 40
1.0
 40
1.0
 40
1.0
 10
3.6224212598425196
 20
10.018188976377953
 30
0.0
 10
3.627696850393701
 20
10.012145669291339
 30
0.0
 10
3.6526181102362205
 20
10.020767716535435
 30
0.0
 10
3.6555118110236218
 20
9.992992125984253
 30
0.0
  0
SPLINE
  5
191
330
17
100
AcDbEntity
  8
GEOMETRY
100
AcDbSpline
 70
0
 71
3
 72
8
 73
4
 74
0
 40
0.0
 40
0.0
 40
0.0
 40
0.0
 40
1.0
 40
1.0
 40
1.0
 40
1.0
 10
3.6555118110236218
 20
9.992992125984253
 30
0.0
 10
3.6453674540682415
 20
10.000721784776903
 30
0.0
 10
3.6343372703412076
 20
10.009120734908137
 30
0.0
 10
3.6224212598425196
 20
10.018188976377953
 30
0.0
  0
SPLINE
  5
192
330
17
100
AcDbEntity
  8
GEOMETRY
100
AcDbSpline
 70
0
 71
3
 72
8
 73
4
 74
0
 40
0.0
 40
0.0
 40
0.0
 40
0.0
 40
1.0
 40
1.0
 40
1.0
 40
1.0
 10
3.6555118110236218
 20
9.992992125984253
 30
0.0
 10
3.624507874015748
 20
10.004015748031497
 30
0.0
 10
3.6238976377952756
 20
10.027992125984252
 30
0.0
 10
3.6326968503937005
 20
10.039035433070866
 30
0.0
  0
SPLINE
  5
193
330
17
100
AcDbEntity
  8
GEOMETRY
100
AcDbSpline
 70
0
 71
3
 72
8
 73
4
 74
0
 40
0.0
 40
0.0
 40
0.0
 40
0.0
 40
1.0
 40
1.0
 40
1.0
 40
1.0
 10
3.6326968503937005
 20
10.039035433070866
 30
0.0
 10
3.641496062992126
 20
10.027992125984252
 30
0.0
 10
3.665531496062992
 20
10.024330708661418
 30
0.0
 10
3.6555118110236218
 20
9.992992125984253
 30
0.0
  0
SPLINE
  5
194
330
17
100
AcDbEntity
  8
GEOMETRY
100
AcDbSpline
 70
0
 71
3
 72
8
 73
4
 74
0
 40
0.0
 40
0.0
 40
0.0
 40
0.0
 40
1.0
 40
1.0
 40
1.0
 40
1.0
 10
3.6555118110236218
 20
9.992992125984253
 30
0.0
 10
3.648517060367454
 20
10.00711286089239
 30
0.0
 10
3.6409120734908136
 20
10.02246062992126
 30
0.0
 10
3.6326968503937005
 20
10.039035433070866
 30
0.0
  0
SPLINE
  5
195
330
17
100
AcDbEntity
  8
GEOMETRY
100
AcDbSpline
 70
0
 71
3
 72
8
 73
4
 74
0
 40
0.0
 40
0.0
 40
0.0
 40
0.0
 40
1.0
 40
1.0
 40
1.0
 40
1.0
 10
3.6555118110236218
 20
9.992992125984253
 30
0.0
 10
3.6300787401574808
 20
10.021141732283464
 30
0.0
 10
3.6446062992125987
 20
10.039488188976378
 30
0.0
 10
3.6555118110236218
 20
10.054173228346457
 30
0.0
  0
SPLINE
  5
196
330
17
100
AcDbEntity
  8
GEOMETRY
100
AcDbSpline
 70
0
 71
3
 72
8
 73
4
 74
0
 40
0.0
 40
0.0
 40
0.0
 40
0.0
 40
1.0
 40
1.0
 40
1.0
 40
1.0
 10
3.6555118110236218
 20
10.054173228346457
 30
0.0
 10
3.666417322834646
 20
10.039488188976378
 30
0.0
 10
3.680944881889764
 20
10.021141732283464
 30
0.0
 10
3.6555118110236218
 20
9.992992125984253
 30
0.0
  0
SPLINE
  5
197
330
17
100
AcDbEntity
  8
GEOMETRY
100
AcDbSpline
 70
0
 71
3
 72
8
 73
4
 74
0
 40
0.0
 40
0.0
 40
0.0
 40
0.0
 40
1.0
 40
1.0
 40
1.0
 40
1.0
 10
3.6555118110236218
 20
9.992992125984253
 30
0.0
 10
3.6555118110236218
 20
10.011758530183727
 30
0.0
 10
3.6555118110236218
 20
10.032152230971128
 30
0.0
 10
3.6555118110236218
 20
10.054173228346457
 30
0.0
  0
SPLINE
  5
198
330
17
100
AcDbEntity
  8
GEOMETRY
100
AcDbSpline
 70
0
 71
3
 72
8
 73
4
 74
0
 40
0.0
 40
0.0
 40
0.0
 40
0.0
 40
1.0
 40
1.0
 40
1.0
 40
1.0
 10
3.6555118110236218
 20
9.992992125984253
 30
0.0
 10
3.645492125984252
 20
10.024330708661418
 30
0.0
 10
3.6695275590551177
 20
10.027992125984252
 30
0.0
 10
3.678326771653543
 20
10.039035433070866
 30
0.0
  0
SPLINE
  5
199
330
17
100
AcDbEntity
  8
GEOMETRY
100
AcDbSpline
 70
0
 71
3
 72
8
 73
4
 74
0
 40
0.0
 40
0.0
 40
0.0
 40
0.0
 40
1.0
 40
1.0
 40
1.0
 40
1.0
 10
3.678326771653543
 20
10.039035433070866
 30
0.0
 10
3.687125984251968
 20
10.027992125984252
 30
0.0
 10
3.6865157480314963
 20
10.004015748031497
 30
0.0
 10
3.6555118110236218
 20
9.992992125984253
 30
0.0
  0
SPLINE
  5
19A
330
17
100
AcDbEntity
  8
GEOMETRY
100
AcDbSpline
 70
0
 71
3
 72
8
 73
4
 74
0
 40
0.0
 40
0.0
 40
0.0
 40
0.0
 40
1.0
 40
1.0
 40
1.0
 40
1.0
 10
3.6555118110236218
 20
9.992992125984253
 30
0.0
 10
3.66250656167979
 20
10.00711286089239
 30
0.0
 10
3.6701115485564304
 20
10.02246062992126
 30
0.0
 10
3.678326771653543
 20
10.039035433070866
 30
0.0
  0
SPLINE
  5
19B
330
17
100
AcDbEntity
  8
GEOMETRY
100
AcDbSpline
 70
0
 71
3
 72
8
 73
4
 74
0
 40
0.0
 40
0.0
 40
0.0
 40
0.0
 40
1.0
 40
1.0
 40
1.0
 40
1.0
 10
3.6555118110236218
 20
9.992992125984253
 30
0.0
 10
3.658405511811024
 20
10.020767716535435
 30
0.0
 10
3.6833267716535434
 20
10.012145669291339
 30
0.0
 10
3.6886023622047244
 20
10.018188976377953
 30
0.0
  0
SPLINE
  5
19C
330
17
100
AcDbEntity
  8
GEOMETRY
100
AcDbSpline
 70
0
 71
3
 72
8
 73
4
 74
0
 40
0.0
 40
0.0
 40
0.0
 40
0.0
 40
1.0
 40
1.0
 40
1.0
 40
1.0
 10
3.6886023622047244
 20
10.018188976377953
 30
0.0
 10
3.6938976377952755
 20
10.012145669291339
 30
0.0
 10
3.683070866141733
 20
9.988405511811024
 30
0.0
 10
3.6555118110236218
 20
9.992992125984253
 30
0.0
  0
SPLINE
  5
19D
330
17
100
AcDbEntity
  8
GEOMETRY
100
AcDbSpline
 70
0
 71
3
 72
8
 73
4
 74
0
 40
0.0
 40
0.0
 40
0.0
 40
0.0
 40
1.0
 40
1.0
 40
1.0
 40
1.0
 10
3.6555118110236218
 20
9.992992125984253
 30
0.0
 10
3.6656561679790025
 20
10.000721784776903
 30
0.0
 10
3.676686351706037
 20
10.009120734908137
 30
0.0
 10
3.6886023622047244
 20
10.018188976377953
 30
0.0
  0
LWPOLYLINE
  5
19E
330
17
100
AcDbEntity
  8
GEOMETRY
100
AcDbPolyline
 90
27
 70
0
 10
3.571988188976378
 20
10.026023622047244
 10
3.5673818897637797
 20
10.02470472440945
 10
3.5637795275590554
 20
10.021771653543308
 10
3.5616929133858273
 20
10.01779527559055
 10
3.5613385826771653
 20
10.013484251968505
 10
3.562657480314961
 20
10.009527559055119
 10
3.5653149606299213
 20
10.006515748031497
 10
3.568818897637795
 20
10.004862204724411
 10
3.5725196850393703
 20
10.00472440944882
 10
3.575826771653543
 20
10.006003937007875
 10
3.578248031496063
 20
10.008366141732283
 10
3.5794881889763785
 20
10.011358267716536
 10
3.579448818897638
 20
10.014448818897637
 10
3.578267716535433
 20
10.017125984251969
 10
3.576220472440945
 20
10.018996062992127
 10
3.573740157480315
 20
10.01986220472441
 10
3.5712992125984258
 20
10.019665354330709
 10
3.5692519685039366
 20
10.018602362204724
 10
3.5679133858267718
 20
10.016909448818899
 10
3.5674015748031493
 20
10.014980314960631
 10
3.567696850393701
 20
10.013169291338583
 10
3.5686023622047247
 20
10.011751968503937
 10
3.5699015748031497
 20
10.010905511811025
 10
3.5712795275590548
 20
10.010708661417324
 10
3.5724606299212596
 20
10.011082677165355
 10
3.5732677165354327
 20
10.011811023622048
 10
3.5736220472440947
 20
10.012677165354331
  0
LWPOLYLINE
  5
19F
330
17
100
AcDbEntity
  8
GEOMETRY
100
AcDbPolyline
 90
27
 70
0
 10
3.739035433070866
 20
10.026023622047244
 10
3.7436417322834648
 20
10.02470472440945
 10
3.747244094488189
 20
10.021771653543308
 10
3.7493307086614176
 20
10.01779527559055
 10
3.7496850393700782
 20
10.013484251968505
 10
3.748366141732284
 20
10.009527559055119
 10
3.7457086614173223
 20
10.006515748031497
 10
3.7422047244094485
 20
10.004862204724411
 10
3.738503937007874
 20
10.00472440944882
 10
3.7351968503937005
 20
10.006003937007875
 10
3.732775590551181
 20
10.008366141732283
 10
3.7315354330708663
 20
10.011358267716536
 10
3.7315748031496065
 20
10.014448818897637
 10
3.7327559055118114
 20
10.017125984251969
 10
3.734803149606299
 20
10.018996062992127
 10
3.7372834645669286
 20
10.01986220472441
 10
3.739724409448819
 20
10.019665354330709
 10
3.741771653543307
 20
10.018602362204724
 10
3.7431102362204727
 20
10.016909448818899
 10
3.743622047244094
 20
10.014980314960631
 10
3.7433267716535434
 20
10.013169291338583
 10
3.7424212598425197
 20
10.011751968503937
 10
3.7411220472440947
 20
10.010905511811025
 10
3.739744094488189
 20
10.010708661417324
 10
3.7385629921259844
 20
10.011082677165355
 10
3.737755905511811
 20
10.011811023622048
 10
3.7374015748031497
 20
10.012677165354331
  0
SPLINE
  5
1A0
330
17
100
AcDbEntity
  8
GEOMETRY
100
AcDbSpline
 70
0
 71
3
 72
8
 73
4
 74
0
 40
0.0
 40
0.0
 40
0.0
 40
0.0
 40
1.0
 40
1.0
 40
1.0
 40
1.0
 10
3.6221062992125983
 20
9.992992125984253
 30
0.0
 10
3.644376640419947
 20
9.999107611548556
 30
0.0
 10
3.6666469816272964
 20
9.999107611548556
 30
0.0
 10
3.6889173228346452
 20
9.992992125984253
 30
0.0
  0
SPLINE
  5
1A1
330
17
100
AcDbEntity
  8
GEOMETRY
100
AcDbSpline
 70
0
 71
3
 72
8
 73
4
 74
0
 40
0.0
 40
0.0
 40
0.0
 40
0.0
 40
1.0
 40
1.0
 40
1.0
 40
1.0
 10
3.6889173228346452
 20
9.992992125984253
 30
0.0
 10
3.6666469816272964
 20
9.988097112860894
 30
0.0
 10
3.644376640419947
 20
9.988097112860894
 30
0.0
 10
3.6221062992125983
 20
9.992992125984253
 30
0.0
  0
LINE
  5
1A2
330
17
100
AcDbEntity
  8
GEOMETRY
100
AcDbLine
 10
3.6555118110236218
 20
9.974606299212597
 30
0.0
 11
3.6555118110236218
 21
9.635826771653543
 31
0.0
  0
SPLINE
  5
1A3
330
17
100
AcDbEntity
  8
GEOMETRY
100
AcDbSpline
 70
0
 71
3
 72
8
 73
4
 74
0
 40
0.0
 40
0.0
 40
0.0
 40
0.0
 40
1.0
 40
1.0
 40
1.0
 40
1.0
 10
3.572834645669291
 20
9.904960629921261
 30
0.0
 10
3.609212598425197
 20
9.941902887139108
 30
0.0
 10
3.636771653543307
 20
9.96242782152231
 30
0.0
 10
3.6555118110236218
 20
9.966535433070867
 30
0.0
  0
SPLINE
  5
1A4
330
17
100
AcDbEntity
  8
GEOMETRY
100
AcDbSpline
 70
0
 71
3
 72
8
 73
4
 74
0
 40
0.0
 40
0.0
 40
0.0
 40
0.0
 40
1.0
 40
1.0
 40
1.0
 40
1.0
 10
3.6555118110236218
 20
9.966535433070867
 30
0.0
 10
3.6742519685039365
 20
9.96242782152231
 30
0.0
 10
3.701811023622047
 20
9.941902887139108
 30
0.0
 10
3.7381889763779528
 20
9.904960629921261
 30
0.0
  0
SPLINE
  5
1A5
330
17
100
AcDbEntity
  8
GEOMETRY
100
AcDbSpline
 70
0
 71
3
 72
8
 73
4
 74
0
 40
0.0
 40
0.0
 40
0.0
 40
0.0
 40
1.0
 40
1.0
 40
1.0
 40
1.0
 10
3.5735826771653545
 20
9.893661417322836
 30
0.0
 10
3.609632545931759
 20
9.930603674540682
 30
0.0
 10
3.6369422572178483
 20
9.951128608923884
 30
0.0
 10
3.6555118110236218
 20
9.955236220472441
 30
0.0
  0
SPLINE
  5
1A6
330
17
100
AcDbEntity
  8
GEOMETRY
100
AcDbSpline
 70
0
 71
3
 72
8
 73
4
 74
0
 40
0.0
 40
0.0
 40
0.0
 40
0.0
 40
1.0
 40
1.0
 40
1.0
 40
1.0
 10
3.6555118110236218
 20
9.955236220472441
 30
0.0
 10
3.674081364829396
 20
9.951128608923884
 30
0.0
 10
3.7013910761154856
 20
9.930603674540682
 30
0.0
 10
3.7374409448818895
 20
9.893661417322836
 30
0.0
  0
SPLINE
  5
1A7
330
17
100
AcDbEntity
  8
GEOMETRY
100
AcDbSpline
 70
0
 71
3
 72
8
 73
4
 74
0
 40
0.0
 40
0.0
 40
0.0
 40
0.0
 40
1.0
 40
1.0
 40
1.0
 40
1.0
 10
3.5746062992125984
 20
9.878051181102363
 30
0.0
 10
3.610209973753281
 20
9.914993438320211
 30
0.0
 10
3.6371784776902887
 20
9.935518372703413
 30
0.0
 10
3.6555118110236218
 20
9.939625984251968
 30
0.0
  0
SPLINE
  5
1A8
330
17
100
AcDbEntity
  8
GEOMETRY
100
AcDbSpline
 70
0
 71
3
 72
8
 73
4
 74
0
 40
0.0
 40
0.0
 40
0.0
 40
0.0
 40
1.0
 40
1.0
 40
1.0
 40
1.0
 10
3.6555118110236218
 20
9.939625984251968
 30
0.0
 10
3.6738451443569553
 20
9.935518372703413
 30
0.0
 10
3.700813648293963
 20
9.914993438320211
 30
0.0
 10
3.7364173228346456
 20
9.878051181102363
 30
0.0
  0
SPLINE
  5
1A9
330
17
100
AcDbEntity
  8
GEOMETRY
100
AcDbSpline
 70
0
 71
3
 72
8
 73
4
 74
0
 40
0.0
 40
0.0
 40
0.0
 40
0.0
 40
1.0
 40
1.0
 40
1.0
 40
1.0
 10
3.5753543307086613
 20
9.866751968503937
 30
0.0
 10
3.610616797900262
 20
9.903694225721784
 30
0.0
 10
3.637335958005249
 20
9.924219160104986
 30
0.0
 10
3.6555118110236218
 20
9.928326771653543
 30
0.0
  0
SPLINE
  5
1AA
330
17
100
AcDbEntity
  8
GEOMETRY
100
AcDbSpline
 70
0
 71
3
 72
8
 73
4
 74
0
 40
0.0
 40
0.0
 40
0.0
 40
0.0
 40
1.0
 40
1.0
 40
1.0
 40
1.0
 10
3.6555118110236218
 20
9.928326771653543
 30
0.0
 10
3.6736876640419944
 20
9.924219160104986
 30
0.0
 10
3.7004068241469814
 20
9.903694225721784
 30
0.0
 10
3.7356692913385823
 20
9.866751968503937
 30
0.0
  0
SPLINE
  5
1AB
330
17
100
AcDbEntity
  8
GEOMETRY
100
AcDbSpline
 70
0
 71
3
 72
8
 73
4
 74
0
 40
0.0
 40
0.0
 40
0.0
 40
0.0
 40
1.0
 40
1.0
 40
1.0
 40
1.0
 10
3.5763779527559056
 20
9.851141732283466
 30
0.0
 10
3.611194225721785
 20
9.888083989501313
 30
0.0
 10
3.6375721784776904
 20
9.908608923884515
 30
0.0
 10
3.6555118110236218
 20
9.912716535433072
 30
0.0
  0
SPLINE
  5
1AC
330
17
100
AcDbEntity
  8
GEOMETRY
100
AcDbSpline
 70
0
 71
3
 72
8
 73
4
 74
0
 40
0.0
 40
0.0
 40
0.0
 40
0.0
 40
1.0
 40
1.0
 40
1.0
 40
1.0
 10
3.6555118110236218
 20
9.912716535433072
 30
0.0
 10
3.6734514435695536
 20
9.908608923884515
 30
0.0
 10
3.6998293963254594
 20
9.888083989501313
 30
0.0
 10
3.7346456692913392
 20
9.851141732283466
 30
0.0
  0
SPLINE
  5
1AD
330
17
100
AcDbEntity
  8
GEOMETRY
100
AcDbSpline
 70
0
 71
3
 72
8
 73
4
 74
0
 40
0.0
 40
0.0
 40
0.0
 40
0.0
 40
1.0
 40
1.0
 40
1.0
 40
1.0
 10
3.577125984251969
 20
9.83982283464567
 30
0.0
 10
3.6116141732283467
 20
9.876778215223098
 30
0.0
 10
3.637742782152231
 20
9.8973031496063
 30
0.0
 10
3.6555118110236218
 20
9.901397637795275
 30
0.0
  0
SPLINE
  5
1AE
330
17
100
AcDbEntity
  8
GEOMETRY
100
AcDbSpline
 70
0
 71
3
 72
8
 73
4
 74
0
 40
0.0
 40
0.0
 40
0.0
 40
0.0
 40
1.0
 40
1.0
 40
1.0
 40
1.0
 10
3.6555118110236218
 20
9.901397637795275
 30
0.0
 10
3.673280839895013
 20
9.8973031496063
 30
0.0
 10
3.6994094488188978
 20
9.876778215223098
 30
0.0
 10
3.733897637795276
 20
9.83982283464567
 30
0.0
  0
SPLINE
  5
1AF
330
17
100
AcDbEntity
  8
GEOMETRY
100
AcDbSpline
 70
0
 71
3
 72
8
 73
4
 74
0
 40
0.0
 40
0.0
 40
0.0
 40
0.0
 40
1.0
 40
1.0
 40
1.0
 40
1.0
 10
3.578149606299213
 20
9.824212598425197
 30
0.0
 10
3.6121916010498687
 20
9.861167979002625
 30
0.0
 10
3.6379790026246717
 20
9.881692913385827
 30
0.0
 10
3.6555118110236218
 20
9.885787401574804
 30
0.0
  0
SPLINE
  5
1B0
330
17
100
AcDbEntity
  8
GEOMETRY
100
AcDbSpline
 70
0
 71
3
 72
8
 73
4
 74
0
 40
0.0
 40
0.0
 40
0.0
 40
0.0
 40
1.0
 40
1.0
 40
1.0
 40
1.0
 10
3.6555118110236218
 20
9.885787401574804
 30
0.0
 10
3.673044619422572
 20
9.881692913385827
 30
0.0
 10
3.6988320209973753
 20
9.861167979002625
 30
0.0
 10
3.7328740157480316
 20
9.824212598425197
 30
0.0
  0
SPLINE
  5
1B1
330
17
100
AcDbEntity
  8
GEOMETRY
100
AcDbSpline
 70
0
 71
3
 72
8
 73
4
 74
0
 40
0.0
 40
0.0
 40
0.0
 40
0.0
 40
1.0
 40
1.0
 40
1.0
 40
1.0
 10
3.5788976377952753
 20
9.812913385826771
 30
0.0
 10
3.6126115485564303
 20
9.84985564304462
 30
0.0
 10
3.6381496062992125
 20
9.870380577427822
 30
0.0
 10
3.6555118110236218
 20
9.874488188976379
 30
0.0
  0
SPLINE
  5
1B2
330
17
100
AcDbEntity
  8
GEOMETRY
100
AcDbSpline
 70
0
 71
3
 72
8
 73
4
 74
0
 40
0.0
 40
0.0
 40
0.0
 40
0.0
 40
1.0
 40
1.0
 40
1.0
 40
1.0
 10
3.6555118110236218
 20
9.874488188976379
 30
0.0
 10
3.6728740157480315
 20
9.870380577427822
 30
0.0
 10
3.698412073490814
 20
9.84985564304462
 30
0.0
 10
3.7321259842519687
 20
9.812913385826771
 30
0.0
  0
SPLINE
  5
1B3
330
17
100
AcDbEntity
  8
GEOMETRY
100
AcDbSpline
 70
0
 71
3
 72
8
 73
4
 74
0
 40
0.0
 40
0.0
 40
0.0
 40
0.0
 40
1.0
 40
1.0
 40
1.0
 40
1.0
 10
3.57992125984252
 20
9.7973031496063
 30
0.0
 10
3.613175853018373
 20
9.834245406824147
 30
0.0
 10
3.6383727034120734
 20
9.854770341207349
 30
0.0
 10
3.6555118110236218
 20
9.858877952755906
 30
0.0
  0
SPLINE
  5
1B4
330
17
100
AcDbEntity
  8
GEOMETRY
100
AcDbSpline
 70
0
 71
3
 72
8
 73
4
 74
0
 40
0.0
 40
0.0
 40
0.0
 40
0.0
 40
1.0
 40
1.0
 40
1.0
 40
1.0
 10
3.6555118110236218
 20
9.858877952755906
 30
0.0
 10
3.6726509186351706
 20
9.854770341207349
 30
0.0
 10
3.6978477690288716
 20
9.834245406824147
 30
0.0
 10
3.731102362204725
 20
9.7973031496063
 30
0.0
  0
SPLINE
  5
1B5
330
17
100
AcDbEntity
  8
GEOMETRY
100
AcDbSpline
 70
0
 71
3
 72
8
 73
4
 74
0
 40
0.0
 40
0.0
 40
0.0
 40
0.0
 40
1.0
 40
1.0
 40
1.0
 40
1.0
 10
3.580669291338583
 20
9.786003937007875
 30
0.0
 10
3.6135958005249345
 20
9.822946194225722
 30
0.0
 10
3.638543307086614
 20
9.843471128608924
 30
0.0
 10
3.6555118110236218
 20
9.84757874015748
 30
0.0
  0
SPLINE
  5
1B6
330
17
100
AcDbEntity
  8
GEOMETRY
100
AcDbSpline
 70
0
 71
3
 72
8
 73
4
 74
0
 40
0.0
 40
0.0
 40
0.0
 40
0.0
 40
1.0
 40
1.0
 40
1.0
 40
1.0
 10
3.6555118110236218
 20
9.84757874015748
 30
0.0
 10
3.6724803149606298
 20
9.843471128608924
 30
0.0
 10
3.6974278215223095
 20
9.822946194225722
 30
0.0
 10
3.7303543307086615
 20
9.786003937007875
 30
0.0
  0
SPLINE
  5
1B7
330
17
100
AcDbEntity
  8
GEOMETRY
100
AcDbSpline
 70
0
 71
3
 72
8
 73
4
 74
0
 40
0.0
 40
0.0
 40
0.0
 40
0.0
 40
1.0
 40
1.0
 40
1.0
 40
1.0
 10
3.5816929133858264
 20
9.770393700787402
 30
0.0
 10
3.6141732283464565
 20
9.807335958005249
 30
0.0
 10
3.638779527559055
 20
9.827860892388452
 30
0.0
 10
3.6555118110236218
 20
9.83196850393701
 30
0.0
  0
SPLINE
  5
1B8
330
17
100
AcDbEntity
  8
GEOMETRY
100
AcDbSpline
 70
0
 71
3
 72
8
 73
4
 74
0
 40
0.0
 40
0.0
 40
0.0
 40
0.0
 40
1.0
 40
1.0
 40
1.0
 40
1.0
 10
3.6555118110236218
 20
9.83196850393701
 30
0.0
 10
3.672244094488189
 20
9.827860892388452
 30
0.0
 10
3.6968503937007875
 20
9.807335958005249
 30
0.0
 10
3.729330708661417
 20
9.770393700787402
 30
0.0
  0
SPLINE
  5
1B9
330
17
100
AcDbEntity
  8
GEOMETRY
100
AcDbSpline
 70
0
 71
3
 72
8
 73
4
 74
0
 40
0.0
 40
0.0
 40
0.0
 40
0.0
 40
1.0
 40
1.0
 40
1.0
 40
1.0
 10
3.5824409448818897
 20
9.759094488188977
 30
0.0
 10
3.614593175853018
 20
9.796036745406825
 30
0.0
 10
3.6389501312335955
 20
9.816561679790027
 30
0.0
 10
3.6555118110236218
 20
9.820669291338584
 30
0.0
  0
SPLINE
  5
1BA
330
17
100
AcDbEntity
  8
GEOMETRY
100
AcDbSpline
 70
0
 71
3
 72
8
 73
4
 74
0
 40
0.0
 40
0.0
 40
0.0
 40
0.0
 40
1.0
 40
1.0
 40
1.0
 40
1.0
 10
3.6555118110236218
 20
9.820669291338584
 30
0.0
 10
3.672073490813648
 20
9.816561679790027
 30
0.0
 10
3.6964304461942254
 20
9.796036745406825
 30
0.0
 10
3.728582677165354
 20
9.759094488188977
 30
0.0
  0
SPLINE
  5
1BB
330
17
100
AcDbEntity
  8
GEOMETRY
100
AcDbSpline
 70
0
 71
3
 72
8
 73
4
 74
0
 40
0.0
 40
0.0
 40
0.0
 40
0.0
 40
1.0
 40
1.0
 40
1.0
 40
1.0
 10
3.583464566929134
 20
9.743484251968503
 30
0.0
 10
3.615170603674541
 20
9.780426509186352
 30
0.0
 10
3.6391863517060368
 20
9.800951443569554
 30
0.0
 10
3.6555118110236218
 20
9.805059055118111
 30
0.0
  0
SPLINE
  5
1BC
330
17
100
AcDbEntity
  8
GEOMETRY
100
AcDbSpline
 70
0
 71
3
 72
8
 73
4
 74
0
 40
0.0
 40
0.0
 40
0.0
 40
0.0
 40
1.0
 40
1.0
 40
1.0
 40
1.0
 10
3.6555118110236218
 20
9.805059055118111
 30
0.0
 10
3.671837270341207
 20
9.800951443569554
 30
0.0
 10
3.6958530183727034
 20
9.780426509186352
 30
0.0
 10
3.7275590551181104
 20
9.743484251968503
 30
0.0
  0
SPLINE
  5
1BD
330
17
100
AcDbEntity
  8
GEOMETRY
100
AcDbSpline
 70
0
 71
3
 72
8
 73
4
 74
0
 40
0.0
 40
0.0
 40
0.0
 40
0.0
 40
1.0
 40
1.0
 40
1.0
 40
1.0
 10
3.584212598425197
 20
9.73218503937008
 30
0.0
 10
3.6155774278215222
 20
9.769127296587927
 30
0.0
 10
3.639343832020997
 20
9.789652230971129
 30
0.0
 10
3.6555118110236218
 20
9.793759842519686
 30
0.0
  0
SPLINE
  5
1BE
330
17
100
AcDbEntity
  8
GEOMETRY
100
AcDbSpline
 70
0
 71
3
 72
8
 73
4
 74
0
 40
0.0
 40
0.0
 40
0.0
 40
0.0
 40
1.0
 40
1.0
 40
1.0
 40
1.0
 10
3.6555118110236218
 20
9.793759842519686
 30
0.0
 10
3.671679790026247
 20
9.789652230971129
 30
0.0
 10
3.6954461942257217
 20
9.769127296587927
 30
0.0
 10
3.726811023622047
 20
9.73218503937008
 30
0.0
  0
SPLINE
  5
1BF
330
17
100
AcDbEntity
  8
GEOMETRY
100
AcDbSpline
 70
0
 71
3
 72
8
 73
4
 74
0
 40
0.0
 40
0.0
 40
0.0
 40
0.0
 40
1.0
 40
1.0
 40
1.0
 40
1.0
 10
3.585236220472441
 20
9.716574803149607
 30
0.0
 10
3.6161548556430443
 20
9.753517060367454
 30
0.0
 10
3.639580052493438
 20
9.774041994750656
 30
0.0
 10
3.6555118110236218
 20
9.778149606299213
 30
0.0
  0
SPLINE
  5
1C0
330
17
100
AcDbEntity
  8
GEOMETRY
100
AcDbSpline
 70
0
 71
3
 72
8
 73
4
 74
0
 40
0.0
 40
0.0
 40
0.0
 40
0.0
 40
1.0
 40
1.0
 40
1.0
 40
1.0
 10
3.6555118110236218
 20
9.778149606299213
 30
0.0
 10
3.671443569553806
 20
9.774041994750656
 30
0.0
 10
3.6948687664041997
 20
9.753517060367454
 30
0.0
 10
3.725787401574803
 20
9.716574803149607
 30
0.0
  0
SPLINE
  5
1C1
330
17
100
AcDbEntity
  8
GEOMETRY
100
AcDbSpline
 70
0
 71
3
 72
8
 73
4
 74
0
 40
0.0
 40
0.0
 40
0.0
 40
0.0
 40
1.0
 40
1.0
 40
1.0
 40
1.0
 10
3.585984251968504
 20
9.705255905511812
 30
0.0
 10
3.6165748031496068
 20
9.742211286089239
 30
0.0
 10
3.6397506561679793
 20
9.76273622047244
 30
0.0
 10
3.6555118110236218
 20
9.766830708661418
 30
0.0
  0
SPLINE
  5
1C2
330
17
100
AcDbEntity
  8
GEOMETRY
100
AcDbSpline
 70
0
 71
3
 72
8
 73
4
 74
0
 40
0.0
 40
0.0
 40
0.0
 40
0.0
 40
1.0
 40
1.0
 40
1.0
 40
1.0
 10
3.6555118110236218
 20
9.766830708661418
 30
0.0
 10
3.671272965879265
 20
9.76273622047244
 30
0.0
 10
3.694448818897638
 20
9.742211286089239
 30
0.0
 10
3.7250393700787403
 20
9.705255905511812
 30
0.0
  0
SPLINE
  5
1C3
330
17
100
AcDbEntity
  8
GEOMETRY
100
AcDbSpline
 70
0
 71
3
 72
8
 73
4
 74
0
 40
0.0
 40
0.0
 40
0.0
 40
0.0
 40
1.0
 40
1.0
 40
1.0
 40
1.0
 10
3.5870078740157485
 20
9.68964566929134
 30
0.0
 10
3.617152230971129
 20
9.726601049868767
 30
0.0
 10
3.6399868766404198
 20
9.74712598425197
 30
0.0
 10
3.6555118110236218
 20
9.751220472440945
 30
0.0
  0
SPLINE
  5
1C4
330
17
100
AcDbEntity
  8
GEOMETRY
100
AcDbSpline
 70
0
 71
3
 72
8
 73
4
 74
0
 40
0.0
 40
0.0
 40
0.0
 40
0.0
 40
1.0
 40
1.0
 40
1.0
 40
1.0
 10
3.6555118110236218
 20
9.751220472440945
 30
0.0
 10
3.671036745406824
 20
9.74712598425197
 30
0.0
 10
3.693871391076115
 20
9.726601049868767
 30
0.0
 10
3.724015748031496
 20
9.68964566929134
 30
0.0
  0
SPLINE
  5
1C5
330
17
100
AcDbEntity
  8
GEOMETRY
100
AcDbSpline
 70
0
 71
3
 72
8
 73
4
 74
0
 40
0.0
 40
0.0
 40
0.0
 40
0.0
 40
1.0
 40
1.0
 40
1.0
 40
1.0
 10
3.5877559055118113
 20
9.678346456692914
 30
0.0
 10
3.6175721784776904
 20
9.71528871391076
 30
0.0
 10
3.6401574803149606
 20
9.735813648293963
 30
0.0
 10
3.6555118110236218
 20
9.73992125984252
 30
0.0
  0
SPLINE
  5
1C6
330
17
100
AcDbEntity
  8
GEOMETRY
100
AcDbSpline
 70
0
 71
3
 72
8
 73
4
 74
0
 40
0.0
 40
0.0
 40
0.0
 40
0.0
 40
1.0
 40
1.0
 40
1.0
 40
1.0
 10
3.6555118110236218
 20
9.73992125984252
 30
0.0
 10
3.6708661417322834
 20
9.735813648293963
 30
0.0
 10
3.693451443569554
 20
9.71528871391076
 30
0.0
 10
3.723267716535433
 20
9.678346456692914
 30
0.0
  0
SPLINE
  5
1C7
330
17
100
AcDbEntity
  8
GEOMETRY
100
AcDbSpline
 70
0
 71
3
 72
8
 73
4
 74
0
 40
0.0
 40
0.0
 40
0.0
 40
0.0
 40
1.0
 40
1.0
 40
1.0
 40
1.0
 10
3.5887795275590553
 20
9.662736220472441
 30
0.0
 10
3.618136482939633
 20
9.69967847769029
 30
0.0
 10
3.6403805774278215
 20
9.720203412073491
 30
0.0
 10
3.6555118110236218
 20
9.724311023622048
 30
0.0
  0
SPLINE
  5
1C8
330
17
100
AcDbEntity
  8
GEOMETRY
100
AcDbSpline
 70
0
 71
3
 72
8
 73
4
 74
0
 40
0.0
 40
0.0
 40
0.0
 40
0.0
 40
1.0
 40
1.0
 40
1.0
 40
1.0
 10
3.6555118110236218
 20
9.724311023622048
 30
0.0
 10
3.6706430446194225
 20
9.720203412073491
 30
0.0
 10
3.692887139107612
 20
9.69967847769029
 30
0.0
 10
3.7222440944881896
 20
9.662736220472441
 30
0.0
  0
SPLINE
  5
1C9
330
17
100
AcDbEntity
  8
GEOMETRY
100
AcDbSpline
 70
0
 71
3
 72
8
 73
4
 74
0
 40
0.0
 40
0.0
 40
0.0
 40
0.0
 40
1.0
 40
1.0
 40
1.0
 40
1.0
 10
3.589527559055118
 20
9.651437007874016
 30
0.0
 10
3.618556430446194
 20
9.688379265091864
 30
0.0
 10
3.640551181102362
 20
9.708904199475066
 30
0.0
 10
3.6555118110236218
 20
9.713011811023623
 30
0.0
  0
SPLINE
  5
1CA
330
17
100
AcDbEntity
  8
GEOMETRY
100
AcDbSpline
 70
0
 71
3
 72
8
 73
4
 74
0
 40
0.0
 40
0.0
 40
0.0
 40
0.0
 40
1.0
 40
1.0
 40
1.0
 40
1.0
 10
3.6555118110236218
 20
9.713011811023623
 30
0.0
 10
3.670472440944882
 20
9.708904199475066
 30
0.0
 10
3.6924671916010503
 20
9.688379265091864
 30
0.0
 10
3.7214960629921263
 20
9.651437007874016
 30
0.0
  0
SPLINE
  5
1CB
330
17
100
AcDbEntity
  8
GEOMETRY
100
AcDbSpline
 70
0
 71
3
 72
8
 73
4
 74
0
 40
0.0
 40
0.0
 40
0.0
 40
0.0
 40
1.0
 40
1.0
 40
1.0
 40
1.0
 10
3.5905511811023625
 20
9.635826771653544
 30
0.0
 10
3.6191338582677166
 20
9.672769028871391
 30
0.0
 10
3.640787401574803
 20
9.693293963254593
 30
0.0
 10
3.6555118110236218
 20
9.69740157480315
 30
0.0
  0
SPLINE
  5
1CC
330
17
100
AcDbEntity
  8
GEOMETRY
100
AcDbSpline
 70
0
 71
3
 72
8
 73
4
 74
0
 40
0.0
 40
0.0
 40
0.0
 40
0.0
 40
1.0
 40
1.0
 40
1.0
 40
1.0
 10
3.6555118110236218
 20
9.69740157480315
 30
0.0
 10
3.670236220472441
 20
9.693293963254593
 30
0.0
 10
3.6918897637795274
 20
9.672769028871391
 30
0.0
 10
3.720472440944882
 20
9.635826771653544
 30
0.0
  0
SPLINE
  5
1CD
330
17
100
AcDbEntity
  8
GEOMETRY
100
AcDbSpline
 70
0
 71
3
 72
8
 73
4
 74
0
 40
0.0
 40
0.0
 40
0.0
 40
0.0
 40
1.0
 40
1.0
 40
1.0
 40
1.0
 10
3.591299212598425
 20
9.624527559055117
 30
0.0
 10
3.619553805774278
 20
9.661469816272966
 30
0.0
 10
3.6409580052493435
 20
9.681994750656168
 30
0.0
 10
3.6555118110236218
 20
9.686102362204725
 30
0.0
  0
SPLINE
  5
1CE
330
17
100
AcDbEntity
  8
GEOMETRY
100
AcDbSpline
 70
0
 71
3
 72
8
 73
4
 74
0
 40
0.0
 40
0.0
 40
0.0
 40
0.0
 40
1.0
 40
1.0
 40
1.0
 40
1.0
 10
3.6555118110236218
 20
9.686102362204725
 30
0.0
 10
3.6700656167979
 20
9.681994750656168
 30
0.0
 10
3.6914698162729658
 20
9.661469816272966
 30
0.0
 10
3.7197244094488187
 20
9.624527559055117
 30
0.0
  0
LINE
  5
1CF
330
17
100
AcDbEntity
  8
GEOMETRY
100
AcDbLine
 10
3.572834645669291
 20
9.904960629921261
 30
0.0
 11
3.5905511811023625
 21
9.635826771653543
 31
0.0
  0
LINE
  5
1D0
330
17
100
AcDbEntity
  8
GEOMETRY
100
AcDbLine
 10
3.7381889763779528
 20
9.904960629921261
 30
0.0
 11
3.720472440944882
 21
9.635826771653543
 31
0.0
  0
LWPOLYLINE
  5
1D1
330
17
100
AcDbEntity
  8
GEOMETRY
100
AcDbPolyline
 90
5
 70
0
 10
3.5669291338582676
 20
9.608267716535433
 10
3.744094488188976
 20
9.608267716535433
 10
3.744094488188976
 20
9.458661417322835
 10
3.5669291338582676
 20
9.458661417322835
 10
3.5669291338582676
 20
9.608267716535433
  0
LWPOLYLINE
  5
1D2
330
17
100
AcDbEntity
  8
GEOMETRY
100
AcDbPolyline
 90
5
 70
0
 10
3.6555118110236218
 20
9.56984251968504
 10
3.7248031496063
 20
9.533464566929133
 10
3.6555118110236218
 20
9.497086614173229
 10
3.586220472440945
 20
9.533464566929133
 10
3.6555118110236218
 20
9.56984251968504
  0
LWPOLYLINE
  5
1D3
330
17
100
AcDbEntity
  8
GEOMETRY
100
AcDbPolyline
 90
5
 70
0
 10
3.6555118110236218
 20
9.554566929133859
 10
3.6957086614173233
 20
9.533464566929133
 10
3.6555118110236218
 20
9.51236220472441
 10
3.6153149606299215
 20
9.533464566929133
 10
3.6555118110236218
 20
9.554566929133859
  0
SPLINE
  5
1D4
330
17
100
AcDbEntity
  8
GEOMETRY
100
AcDbSpline
 70
0
 71
3
 72
8
 73
4
 74
0
 40
0.0
 40
0.0
 40
0.0
 40
0.0
 40
1.0
 40
1.0
 40
1.0
 40
1.0
 10
3.6082677165354333
 20
9.546456692913386
 30
0.0
 10
3.6082677165354333
 20
9.582834645669292
 30
0.0
 10
3.6460629921259846
 20
9.585433070866141
 30
0.0
 10
3.6555118110236218
 20
9.556850393700788
 30
0.0
  0
SPLINE
  5
1D5
330
17
100
AcDbEntity
  8
GEOMETRY
100
AcDbSpline
 70
0
 71
3
 72
11
 73
7
 74
0
 40
0.0
 40
0.0
 40
0.0
 40
0.0
 40
1.0
 40
1.0
 40
1.0
 40
2.0
 40
2.0
 40
2.0
 40
2.0
 10
3.6555118110236218
 20
9.556850393700788
 30
0.0
 10
3.66496062992126
 20
9.585433070866141
 30
0.0
 10
3.7027559055118116
 20
9.582834645669292
 30
0.0
 10
3.7027559055118116
 20
9.546456692913386
 30
0.0
 10
3.7027559055118116
 20
9.515275590551182
 30
0.0
 10
3.6744094488188974
 20
9.497086614173229
 30
0.0
 10
3.6555118110236218
 20
9.473700787401576
 30
0.0
  0
SPLINE
  5
1D6
330
17
100
AcDbEntity
  8
GEOMETRY
100
AcDbSpline
 70
0
 71
3
 72
8
 73
4
 74
0
 40
0.0
 40
0.0
 40
0.0
 40
0.0
 40
1.0
 40
1.0
 40
1.0
 40
1.0
 10
3.6555118110236218
 20
9.473700787401576
 30
0.0
 10
3.6366141732283466
 20
9.497086614173229
 30
0.0
 10
3.6082677165354333
 20
9.515275590551182
 30
0.0
 10
3.6082677165354333
 20
9.546456692913386
 30
0.0
  0
SPLINE
  5
1D7
330
17
100
AcDbEntity
  8
GEOMETRY
100
AcDbSpline
 70
0
 71
3
 72
8
 73
4
 74
0
 40
0.0
 40
0.0
 40
0.0
 40
0.0
 40
1.0
 40
1.0
 40
1.0
 40
1.0
 10
3.6224409448818897
 20
9.542559055118112
 30
0.0
 10
3.6224409448818897
 20
9.568031496062993
 30
0.0
 10
3.6488976377952755
 20
9.56984251968504
 30
0.0
 10
3.6555118110236218
 20
9.54984251968504
 30
0.0
  0
SPLINE
  5
1D8
330
17
100
AcDbEntity
  8
GEOMETRY
100
AcDbSpline
 70
0
 71
3
 72
11
 73
7
 74
0
 40
0.0
 40
0.0
 40
0.0
 40
0.0
 40
1.0
 40
1.0
 40
1.0
 40
2.0
 40
2.0
 40
2.0
 40
2.0
 10
3.6555118110236218
 20
9.54984251968504
 30
0.0
 10
3.6621259842519684
 20
9.56984251968504
 30
0.0
 10
3.6885826771653543
 20
9.568031496062993
 30
0.0
 10
3.6885826771653543
 20
9.542559055118112
 30
0.0
 10
3.6885826771653543
 20
9.520728346456693
 30
0.0
 10
3.668740157480315
 20
9.507992125984252
 30
0.0
 10
3.6555118110236218
 20
9.491633858267717
 30
0.0
  0
SPLINE
  5
1D9
330
17
100
AcDbEntity
  8
GEOMETRY
100
AcDbSpline
 70
0
 71
3
 72
8
 73
4
 74
0
 40
0.0
 40
0.0
 40
0.0
 40
0.0
 40
1.0
 40
1.0
 40
1.0
 40
1.0
 10
3.6555118110236218
 20
9.491633858267717
 30
0.0
 10
3.6422834645669293
 20
9.507992125984252
 30
0.0
 10
3.6224409448818897
 20
9.520728346456693
 30
0.0
 10
3.6224409448818897
 20
9.542559055118112
 30
0.0
  0
LWPOLYLINE
  5
1DA
330
17
100
AcDbEntity
  8
GEOMETRY
100
AcDbPolyline
 90
2
 70
0
 10
3.6915354330708663
 20
9.550925196850393
 10
3.7178740157480314
 20
9.5371062992126
  0
LWPOLYLINE
  5
1DB
330
17
100
AcDbEntity
  8
GEOMETRY
100
AcDbPolyline
 90
2
 70
0
 10
3.6764173228346455
 20
9.543582677165354
 10
3.691673228346456
 20
9.535570866141732
  0
LWPOLYLINE
  5
1DC
330
17
100
AcDbEntity
  8
GEOMETRY
100
AcDbPolyline
 90
2
 70
0
 10
3.619488188976378
 20
9.516003937007874
 10
3.5931496062992125
 20
9.52982283464567
  0
LWPOLYLINE
  5
1DD
330
17
100
AcDbEntity
  8
GEOMETRY
100
AcDbPolyline
 90
2
 70
0
 10
3.6346062992125985
 20
9.523346456692913
 10
3.6193503937007874
 20
9.531358267716536
  0
LINE
  5
1DE
330
17
100
AcDbEntity
  8
GEOMETRY
100
AcDbLine
 10
1.279527559055118
 20
5.015748031496063
 30
0.0
 11
4.1299212598425195
 21
5.015748031496063
 31
0.0
  0
LINE
  5
1DF
330
17
100
AcDbEntity
  8
DIMENSIONS
100
AcDbLine
 10
1.594488188976378
 20
4.700787401574804
 30
0.0
 11
3.81496062992126
 21
4.700787401574804
 31
0.0
  0
LINE
  5
1E0
330
17
100
AcDbEntity
  8
DIMENSIONS
100
AcDbLine
 10
1.6535433070866141
 20
4.937007874015748
 30
0.0
 11
1.6535433070866141
 21
4.653543307086614
 31
0.0
  0
LINE
  5
1E1
330
17
100
AcDbEntity
  8
DIMENSIONS
100
AcDbLine
 10
1.6141732283464567
 20
4.661417322834646
 30
0.0
 11
1.6929133858267715
 21
4.740157480314961
 31
0.0
  0
LINE
  5
1E2
330
17
100
AcDbEntity
  8
DIMENSIONS
100
AcDbLine
 10
1.9547244094488188
 20
4.937007874015748
 30
0.0
 11
1.9547244094488188
 21
4.653543307086614
 31
0.0
  0
LINE
  5
1E3
330
17
100
AcDbEntity
  8
DIMENSIONS
100
AcDbLine
 10
1.9153543307086613
 20
4.661417322834646
 30
0.0
 11
1.9940944881889764
 21
4.740157480314961
 31
0.0
  0
LINE
  5
1E4
330
17
100
AcDbEntity
  8
DIMENSIONS
100
AcDbLine
 10
3.454724409448819
 20
4.937007874015748
 30
0.0
 11
3.454724409448819
 21
4.653543307086614
 31
0.0
  0
LINE
  5
1E5
330
17
100
AcDbEntity
  8
DIMENSIONS
100
AcDbLine
 10
3.4153543307086616
 20
4.661417322834646
 30
0.0
 11
3.4940944881889764
 21
4.740157480314961
 31
0.0
  0
LINE
  5
1E6
330
17
100
AcDbEntity
  8
DIMENSIONS
100
AcDbLine
 10
3.7559055118110236
 20
4.937007874015748
 30
0.0
 11
3.7559055118110236
 21
4.653543307086614
 31
0.0
  0
LINE
  5
1E7
330
17
100
AcDbEntity
  8
DIMENSIONS
100
AcDbLine
 10
3.716535433070866
 20
4.661417322834646
 30
0.0
 11
3.7952755905511815
 21
4.740157480314961
 31
0.0
  0
TEXT
  5
1E8
330
17
100
AcDbEntity
  8
TEXT
100
AcDbText
 10
1.8043307086614173
 20
4.732283464566929
 30
0.0
 40
0.035433070866141725
  1
6"
 72
1
 11
1.8043307086614173
 21
4.732283464566929
 31
0.0
100
AcDbText
  0
TEXT
  5
1E9
330
17
100
AcDbEntity
  8
TEXT
100
AcDbText
 10
2.704724409448819
 20
4.732283464566929
 30
0.0
 40
0.035433070866141725
  1
2'-6"
 72
1
 11
2.704724409448819
 21
4.732283464566929
 31
0.0
100
AcDbText
  0
TEXT
  5
1EA
330
17
100
AcDbEntity
  8
TEXT
100
AcDbText
 10
3.605511811023622
 20
4.732283464566929
 30
0.0
 40
0.035433070866141725
  1
6"
 72
1
 11
3.605511811023622
 21
4.732283464566929
 31
0.0
100
AcDbText
  0
LINE
  5
1EB
330
17
100
AcDbEntity
  8
DIMENSIONS
100
AcDbLine
 10
4.031496062992126
 20
5.074803149606299
 30
0.0
 11
4.031496062992126
 21
10.216535433070867
 31
0.0
  0
LINE
  5
1EC
330
17
100
AcDbEntity
  8
DIMENSIONS
100
AcDbLine
 10
3.834645669291339
 20
5.015748031496063
 30
0.0
 11
4.078740157480315
 21
5.015748031496063
 31
0.0
  0
LINE
  5
1ED
330
17
100
AcDbEntity
  8
DIMENSIONS
100
AcDbLine
 10
3.9921259842519685
 20
4.9763779527559056
 30
0.0
 11
4.070866141732283
 21
5.05511811023622
 31
0.0
  0
LINE
  5
1EE
330
17
100
AcDbEntity
  8
DIMENSIONS
100
AcDbLine
 10
3.834645669291339
 20
9.56496062992126
 30
0.0
 11
4.078740157480315
 21
9.56496062992126
 31
0.0
  0
LINE
  5
1EF
330
17
100
AcDbEntity
  8
DIMENSIONS
100
AcDbLine
 10
3.9921259842519685
 20
9.525590551181102
 30
0.0
 11
4.070866141732283
 21
9.604330708661417
 31
0.0
  0
LINE
  5
1F0
330
17
100
AcDbEntity
  8
DIMENSIONS
100
AcDbLine
 10
3.834645669291339
 20
10.090551181102363
 30
0.0
 11
4.078740157480315
 21
10.090551181102363
 31
0.0
  0
LINE
  5
1F1
330
17
100
AcDbEntity
  8
DIMENSIONS
100
AcDbLine
 10
3.9921259842519685
 20
10.051181102362206
 30
0.0
 11
4.070866141732283
 21
10.12992125984252
 31
0.0
  0
LINE
  5
1F2
330
17
100
AcDbEntity
  8
DIMENSIONS
100
AcDbLine
 10
3.834645669291339
 20
10.275590551181102
 30
0.0
 11
4.078740157480315
 21
10.275590551181102
 31
0.0
  0
LINE
  5
1F3
330
17
100
AcDbEntity
  8
DIMENSIONS
100
AcDbLine
 10
3.9921259842519685
 20
10.236220472440944
 30
0.0
 11
4.070866141732283
 21
10.31496062992126
 31
0.0
  0
TEXT
  5
1F4
330
17
100
AcDbEntity
  8
TEXT
100
AcDbText
 10
3.9999999999999996
 20
7.290551181102362
 30
0.0
 40
0.03401574803149606
  1
7'-7"
 50
90.0
 72
1
 11
3.9999999999999996
 21
7.290551181102362
 31
0.0
100
AcDbText
  0
TEXT
  5
1F5
330
17
100
AcDbEntity
  8
TEXT
100
AcDbText
 10
3.9999999999999996
 20
9.82755905511811
 30
0.0
 40
0.03401574803149606
  1
10½"
 50
90.0
 72
1
 11
3.9999999999999996
 21
9.82755905511811
 31
0.0
100
AcDbText
  0
TEXT
  5
1F6
330
17
100
AcDbEntity
  8
TEXT
100
AcDbText
 10
3.9999999999999996
 20
10.183070866141732
 30
0.0
 40
0.03401574803149606
  1
3¾"
 50
90.0
 72
1
 11
3.9999999999999996
 21
10.183070866141732
 31
0.0
100
AcDbText
  0
LINE
  5
1F7
330
17
100
AcDbEntity
  8
DIMENSIONS
100
AcDbLine
 10
4.3858267716535435
 20
5.074803149606299
 30
0.0
 11
4.3858267716535435
 21
10.216535433070867
 31
0.0
  0
LINE
  5
1F8
330
17
100
AcDbEntity
  8
DIMENSIONS
100
AcDbLine
 10
3.834645669291339
 20
5.015748031496063
 30
0.0
 11
4.433070866141732
 21
5.015748031496063
 31
0.0
  0
LINE
  5
1F9
330
17
100
AcDbEntity
  8
DIMENSIONS
100
AcDbLine
 10
4.346456692913386
 20
4.9763779527559056
 30
0.0
 11
4.425196850393701
 21
5.05511811023622
 31
0.0
  0
LINE
  5
1FA
330
17
100
AcDbEntity
  8
DIMENSIONS
100
AcDbLine
 10
3.834645669291339
 20
10.275590551181102
 30
0.0
 11
4.433070866141732
 21
10.275590551181102
 31
0.0
  0
LINE
  5
1FB
330
17
100
AcDbEntity
  8
DIMENSIONS
100
AcDbLine
 10
4.346456692913386
 20
10.236220472440944
 30
0.0
 11
4.425196850393701
 21
10.31496062992126
 31
0.0
  0
TEXT
  5
1FC
330
17
100
AcDbEntity
  8
TEXT
100
AcDbText
 10
4.354330708661417
 20
7.645669291338583
 30
0.0
 40
0.036850393700787396
  1
8'-9¼" OVERALL
 50
90.0
 72
1
 11
4.354330708661417
 21
7.645669291338583
 31
0.0
100
AcDbText
  0
TEXT
  5
1FD
330
17
100
AcDbEntity
  8
TEXT
100
AcDbText
 10
4.645669291338582
 20
10.984251968503937
 30
0.0
 40
0.09070866141732283
  1
MAIN DOOR
 11
4.645669291338582
 21
10.984251968503937
 31
0.0
100
AcDbText
  0
LINE
  5
1FE
330
17
100
AcDbEntity
  8
GEOMETRY
100
AcDbLine
 10
4.645669291338582
 20
10.9251968503937
 30
0.0
 11
8.11023622047244
 21
10.9251968503937
 31
0.0
  0
TEXT
  5
1FF
330
17
100
AcDbEntity
  8
TEXT
100
AcDbText
 10
4.645669291338582
 20
10.79527559055118
 30
0.0
 40
0.048188976377952754
  1
D1 · 3 FT · PROVISIONAL — A PLAINER HEAD TO COME
 11
4.645669291338582
 21
10.79527559055118
 31
0.0
100
AcDbText
  0
LWPOLYLINE
  5
200
330
17
100
AcDbEntity
  8
GEOMETRY
100
AcDbPolyline
 90
5
 70
0
 10
5.87007874015748
 20
9.665354330708663
 10
5.970472440944882
 20
9.665354330708663
 10
5.970472440944882
 20
5.015748031496063
 10
5.87007874015748
 20
5.015748031496063
 10
5.87007874015748
 20
9.665354330708663
  0
LWPOLYLINE
  5
201
330
17
100
AcDbEntity
  8
GEOMETRY
100
AcDbPolyline
 90
5
 70
0
 10
5.669291338582677
 20
9.40748031496063
 10
5.87007874015748
 20
9.40748031496063
 10
5.87007874015748
 20
5.468503937007874
 10
5.669291338582677
 20
5.468503937007874
 10
5.669291338582677
 20
9.40748031496063
  0
LINE
  5
202
330
17
100
AcDbEntity
  8
GEOMETRY
100
AcDbLine
 10
5.694389763779527
 20
9.40748031496063
 30
0.0
 11
5.694389763779527
 21
5.468503937007873
 31
0.0
  0
LINE
  5
203
330
17
100
AcDbEntity
  8
GEOMETRY
100
AcDbLine
 10
5.719488188976378
 20
9.40748031496063
 30
0.0
 11
5.719488188976378
 21
5.468503937007873
 31
0.0
  0
LINE
  5
204
330
17
100
AcDbEntity
  8
GEOMETRY
100
AcDbLine
 10
5.744586614173228
 20
9.40748031496063
 30
0.0
 11
5.744586614173228
 21
5.468503937007873
 31
0.0
  0
LINE
  5
205
330
17
100
AcDbEntity
  8
GEOMETRY
100
AcDbLine
 10
5.769685039370079
 20
9.40748031496063
 30
0.0
 11
5.769685039370079
 21
5.468503937007873
 31
0.0
  0
LINE
  5
206
330
17
100
AcDbEntity
  8
GEOMETRY
100
AcDbLine
 10
5.794783464566929
 20
9.40748031496063
 30
0.0
 11
5.794783464566929
 21
5.468503937007873
 31
0.0
  0
LINE
  5
207
330
17
100
AcDbEntity
  8
GEOMETRY
100
AcDbLine
 10
5.819881889763779
 20
9.40748031496063
 30
0.0
 11
5.819881889763779
 21
5.468503937007873
 31
0.0
  0
LINE
  5
208
330
17
100
AcDbEntity
  8
GEOMETRY
100
AcDbLine
 10
5.84498031496063
 20
9.40748031496063
 30
0.0
 11
5.84498031496063
 21
5.468503937007873
 31
0.0
  0
LWPOLYLINE
  5
209
330
17
100
AcDbEntity
  8
GEOMETRY
100
AcDbPolyline
 90
5
 70
0
 10
5.669291338582677
 20
5.468503937007874
 10
5.970472440944882
 20
5.468503937007874
 10
5.970472440944882
 20
5.015748031496063
 10
5.669291338582677
 20
5.015748031496063
 10
5.669291338582677
 20
5.468503937007874
  0
LINE
  5
20A
330
17
100
AcDbEntity
  8
GEOMETRY
100
AcDbLine
 10
5.669291338582677
 20
5.440944881889763
 30
0.0
 11
5.970472440944882
 21
5.440944881889763
 31
0.0
  0
LINE
  5
20B
330
17
100
AcDbEntity
  8
GEOMETRY
100
AcDbLine
 10
5.669291338582677
 20
5.216535433070866
 30
0.0
 11
5.970472440944882
 21
5.216535433070866
 31
0.0
  0
LWPOLYLINE
  5
20C
330
17
100
AcDbEntity
  8
GEOMETRY
100
AcDbPolyline
 90
5
 70
0
 10
7.769685039370079
 20
9.665354330708663
 10
7.8700787401574805
 20
9.665354330708663
 10
7.8700787401574805
 20
5.015748031496063
 10
7.769685039370079
 20
5.015748031496063
 10
7.769685039370079
 20
9.665354330708663
  0
LWPOLYLINE
  5
20D
330
17
100
AcDbEntity
  8
GEOMETRY
100
AcDbPolyline
 90
5
 70
0
 10
7.8700787401574805
 20
9.40748031496063
 10
8.070866141732283
 20
9.40748031496063
 10
8.070866141732283
 20
5.468503937007874
 10
7.8700787401574805
 20
5.468503937007874
 10
7.8700787401574805
 20
9.40748031496063
  0
LINE
  5
20E
330
17
100
AcDbEntity
  8
GEOMETRY
100
AcDbLine
 10
7.895177165354331
 20
9.40748031496063
 30
0.0
 11
7.895177165354331
 21
5.468503937007873
 31
0.0
  0
LINE
  5
20F
330
17
100
AcDbEntity
  8
GEOMETRY
100
AcDbLine
 10
7.9202755905511815
 20
9.40748031496063
 30
0.0
 11
7.9202755905511815
 21
5.468503937007873
 31
0.0
  0
LINE
  5
210
330
17
100
AcDbEntity
  8
GEOMETRY
100
AcDbLine
 10
7.9453740157480315
 20
9.40748031496063
 30
0.0
 11
7.9453740157480315
 21
5.468503937007873
 31
0.0
  0
LINE
  5
211
330
17
100
AcDbEntity
  8
GEOMETRY
100
AcDbLine
 10
7.9704724409448815
 20
9.40748031496063
 30
0.0
 11
7.9704724409448815
 21
5.468503937007873
 31
0.0
  0
LINE
  5
212
330
17
100
AcDbEntity
  8
GEOMETRY
100
AcDbLine
 10
7.995570866141732
 20
9.40748031496063
 30
0.0
 11
7.995570866141732
 21
5.468503937007873
 31
0.0
  0
LINE
  5
213
330
17
100
AcDbEntity
  8
GEOMETRY
100
AcDbLine
 10
8.020669291338582
 20
9.40748031496063
 30
0.0
 11
8.020669291338582
 21
5.468503937007873
 31
0.0
  0
LINE
  5
214
330
17
100
AcDbEntity
  8
GEOMETRY
100
AcDbLine
 10
8.045767716535433
 20
9.40748031496063
 30
0.0
 11
8.045767716535433
 21
5.468503937007873
 31
0.0
  0
LWPOLYLINE
  5
215
330
17
100
AcDbEntity
  8
GEOMETRY
100
AcDbPolyline
 90
5
 70
0
 10
7.769685039370079
 20
5.468503937007874
 10
8.070866141732283
 20
5.468503937007874
 10
8.070866141732283
 20
5.015748031496063
 10
7.769685039370079
 20
5.015748031496063
 10
7.769685039370079
 20
5.468503937007874
  0
LINE
  5
216
330
17
100
AcDbEntity
  8
GEOMETRY
100
AcDbLine
 10
7.769685039370079
 20
5.440944881889763
 30
0.0
 11
8.070866141732283
 21
5.440944881889763
 31
0.0
  0
LINE
  5
217
330
17
100
AcDbEntity
  8
GEOMETRY
100
AcDbLine
 10
7.769685039370079
 20
5.216535433070866
 30
0.0
 11
8.070866141732283
 21
5.216535433070866
 31
0.0
  0
LWPOLYLINE
  5
218
330
17
100
AcDbEntity
  8
GEOMETRY
100
AcDbPolyline
 90
5
 70
0
 10
5.970472440944882
 20
9.564960629921261
 10
7.76968503937008
 20
9.564960629921261
 10
7.76968503937008
 20
5.015748031496063
 10
5.970472440944882
 20
5.015748031496063
 10
5.970472440944882
 20
9.564960629921261
  0
LWPOLYLINE
  5
219
330
17
100
AcDbEntity
  8
GEOMETRY
100
AcDbPolyline
 90
5
 70
0
 10
5.970472440944882
 20
9.564960629921261
 10
6.8700787401574805
 20
9.564960629921261
 10
6.8700787401574805
 20
5.015748031496063
 10
5.970472440944882
 20
5.015748031496063
 10
5.970472440944882
 20
9.564960629921261
  0
LINE
  5
21A
330
17
100
AcDbEntity
  8
GEOMETRY
100
AcDbLine
 10
6.167322834645669
 20
9.368110236220472
 30
0.0
 11
6.673228346456693
 21
9.368110236220472
 31
0.0
  0
LINE
  5
21B
330
17
100
AcDbEntity
  8
GEOMETRY
100
AcDbLine
 10
6.167322834645669
 20
5.596456692913385
 30
0.0
 11
6.673228346456693
 21
5.596456692913385
 31
0.0
  0
LINE
  5
21C
330
17
100
AcDbEntity
  8
GEOMETRY
100
AcDbLine
 10
6.167322834645669
 20
7.155511811023622
 30
0.0
 11
6.167322834645669
 21
6.702755905511811
 31
0.0
  0
LINE
  5
21D
330
17
100
AcDbEntity
  8
GEOMETRY
100
AcDbLine
 10
6.673228346456693
 20
7.155511811023622
 30
0.0
 11
6.673228346456693
 21
6.702755905511811
 31
0.0
  0
LINE
  5
21E
330
17
100
AcDbEntity
  8
GEOMETRY
100
AcDbLine
 10
6.167322834645669
 20
9.56496062992126
 30
0.0
 11
6.167322834645669
 21
9.368110236220472
 31
0.0
  0
LINE
  5
21F
330
17
100
AcDbEntity
  8
GEOMETRY
100
AcDbLine
 10
6.673228346456693
 20
9.56496062992126
 30
0.0
 11
6.673228346456693
 21
9.368110236220472
 31
0.0
  0
LINE
  5
220
330
17
100
AcDbEntity
  8
GEOMETRY
100
AcDbLine
 10
6.167322834645669
 20
5.596456692913385
 30
0.0
 11
6.167322834645669
 21
5.015748031496062
 31
0.0
  0
LINE
  5
221
330
17
100
AcDbEntity
  8
GEOMETRY
100
AcDbLine
 10
6.673228346456693
 20
5.596456692913385
 30
0.0
 11
6.673228346456693
 21
5.015748031496062
 31
0.0
  0
LWPOLYLINE
  5
222
330
17
100
AcDbEntity
  8
GEOMETRY
100
AcDbPolyline
 90
5
 70
0
 10
6.167322834645669
 20
9.368110236220474
 10
6.673228346456693
 20
9.368110236220474
 10
6.673228346456693
 20
7.155511811023622
 10
6.167322834645669
 20
7.155511811023622
 10
6.167322834645669
 20
9.368110236220474
  0
LWPOLYLINE
  5
223
330
17
100
AcDbEntity
  8
GEOMETRY
100
AcDbPolyline
 90
5
 70
0
 10
6.206692913385827
 20
9.328740157480315
 10
6.633858267716535
 20
9.328740157480315
 10
6.633858267716535
 20
7.1948818897637805
 10
6.206692913385827
 20
7.1948818897637805
 10
6.206692913385827
 20
9.328740157480315
  0
LINE
  5
224
330
17
100
AcDbEntity
  8
GEOMETRY
100
AcDbLine
 10
6.167322834645669
 20
9.368110236220472
 30
0.0
 11
6.206692913385827
 21
9.328740157480315
 31
0.0
  0
LINE
  5
225
330
17
100
AcDbEntity
  8
GEOMETRY
100
AcDbLine
 10
6.673228346456693
 20
9.368110236220472
 30
0.0
 11
6.633858267716535
 21
9.328740157480315
 31
0.0
  0
LINE
  5
226
330
17
100
AcDbEntity
  8
GEOMETRY
100
AcDbLine
 10
6.167322834645669
 20
7.155511811023622
 30
0.0
 11
6.206692913385827
 21
7.19488188976378
 31
0.0
  0
LINE
  5
227
330
17
100
AcDbEntity
  8
GEOMETRY
100
AcDbLine
 10
6.673228346456693
 20
7.155511811023622
 30
0.0
 11
6.633858267716535
 21
7.19488188976378
 31
0.0
  0
POLYLINE
  5
228
330
17
100
AcDbEntity
  8
GEOMETRY
100
AcDb2dPolyline
 66
1
 10
0.0
 20
0.0
 30
0.0
 70
0
  0
VERTEX
  5
229
330
228
100
AcDbEntity
  8
GEOMETRY
100
AcDbVertex
100
AcDb2dVertex
 10
6.265748031496063
 20
7.387795275590552
 30
0.0
 70
0
  0
VERTEX
  5
22A
330
228
100
AcDbEntity
  8
GEOMETRY
100
AcDbVertex
100
AcDb2dVertex
 10
6.265748031496063
 20
9.135826771653544
 30
0.0
 70
0
  0
SEQEND
  5
22B
330
228
100
AcDbEntity
  8
GEOMETRY
  0
SPLINE
  5
22C
330
17
100
AcDbEntity
  8
GEOMETRY
100
AcDbSpline
 70
0
 71
3
 72
14
 73
10
 74
0
 40
0.0
 40
0.0
 40
0.0
 40
0.0
 40
1.0
 40
1.0
 40
1.0
 40
2.0
 40
2.0
 40
2.0
 40
3.0
 40
3.0
 40
3.0
 40
3.0
 10
6.265748031496063
 20
9.135826771653544
 30
0.0
 10
6.27611359813642
 20
9.135826771653544
 30
0.0
 10
6.286298746516011
 20
9.138555873936646
 30
0.0
 10
6.2952755905511815
 20
9.143738657256826
 30
0.0
 10
6.304252434586352
 20
9.148921440577004
 30
0.0
 10
6.31170848068284
 20
9.156377486673492
 30
0.0
 10
6.316891264003019
 20
9.165354330708663
 30
0.0
 10
6.322074047323197
 20
9.174331174743832
 30
0.0
 10
6.324803149606299
 20
9.184516323123423
 30
0.0
 10
6.324803149606299
 20
9.19488188976378
 30
0.0
  0
SPLINE
  5
22D
330
17
100
AcDbEntity
  8
GEOMETRY
100
AcDbSpline
 70
0
 71
3
 72
11
 73
7
 74
0
 40
0.0
 40
0.0
 40
0.0
 40
0.0
 40
1.0
 40
1.0
 40
1.0
 40
2.0
 40
2.0
 40
2.0
 40
2.0
 10
6.324803149606299
 20
9.19488188976378
 30
0.0
 10
6.372539370078741
 20
9.19488188976378
 30
0.0
 10
6.361082677165355
 20
9.26968503937008
 30
0.0
 10
6.4202755905511815
 20
9.26968503937008
 30
0.0
 10
6.479468503937008
 20
9.26968503937008
 30
0.0
 10
6.468011811023621
 20
9.19488188976378
 30
0.0
 10
6.515748031496063
 20
9.19488188976378
 30
0.0
  0
SPLINE
  5
22E
330
17
100
AcDbEntity
  8
GEOMETRY
100
AcDbSpline
 70
0
 71
3
 72
14
 73
10
 74
0
 40
0.0
 40
0.0
 40
0.0
 40
0.0
 40
1.0
 40
1.0
 40
1.0
 40
2.0
 40
2.0
 40
2.0
 40
3.0
 40
3.0
 40
3.0
 40
3.0
 10
6.515748031496063
 20
9.19488188976378
 30
0.0
 10
6.515748031496063
 20
9.184516323123423
 30
0.0
 10
6.518477133779165
 20
9.174331174743832
 30
0.0
 10
6.523659917099344
 20
9.165354330708663
 30
0.0
 10
6.528842700419522
 20
9.156377486673492
 30
0.0
 10
6.53629874651601
 20
9.148921440577004
 30
0.0
 10
6.545275590551181
 20
9.143738657256826
 30
0.0
 10
6.554252434586352
 20
9.138555873936646
 30
0.0
 10
6.564437582965942
 20
9.135826771653544
 30
0.0
 10
6.574803149606299
 20
9.135826771653544
 30
0.0
  0
POLYLINE
  5
22F
330
17
100
AcDbEntity
  8
GEOMETRY
100
AcDb2dPolyline
 66
1
 10
0.0
 20
0.0
 30
0.0
 70
0
  0
VERTEX
  5
230
330
22F
100
AcDbEntity
  8
GEOMETRY
100
AcDbVertex
100
AcDb2dVertex
 10
6.574803149606299
 20
9.135826771653544
 30
0.0
 70
0
  0
VERTEX
  5
231
330
22F
100
AcDbEntity
  8
GEOMETRY
100
AcDbVertex
100
AcDb2dVertex
 10
6.574803149606299
 20
7.387795275590552
 30
0.0
 70
0
  0
SEQEND
  5
232
330
22F
100
AcDbEntity
  8
GEOMETRY
  0
SPLINE
  5
233
330
17
100
AcDbEntity
  8
GEOMETRY
100
AcDbSpline
 70
0
 71
3
 72
14
 73
10
 74
0
 40
0.0
 40
0.0
 40
0.0
 40
0.0
 40
1.0
 40
1.0
 40
1.0
 40
2.0
 40
2.0
 40
2.0
 40
3.0
 40
3.0
 40
3.0
 40
3.0
 10
6.574803149606299
 20
7.387795275590552
 30
0.0
 10
6.564437582965942
 20
7.387795275590552
 30
0.0
 10
6.554252434586352
 20
7.385066173307449
 30
0.0
 10
6.545275590551181
 20
7.3798833899872704
 30
0.0
 10
6.53629874651601
 20
7.374700606667092
 30
0.0
 10
6.528842700419522
 20
7.367244560570604
 30
0.0
 10
6.523659917099344
 20
7.358267716535434
 30
0.0
 10
6.518477133779165
 20
7.349290872500264
 30
0.0
 10
6.515748031496063
 20
7.339105724120674
 30
0.0
 10
6.515748031496063
 20
7.328740157480316
 30
0.0
  0
SPLINE
  5
234
330
17
100
AcDbEntity
  8
GEOMETRY
100
AcDbSpline
 70
0
 71
3
 72
11
 73
7
 74
0
 40
0.0
 40
0.0
 40
0.0
 40
0.0
 40
1.0
 40
1.0
 40
1.0
 40
2.0
 40
2.0
 40
2.0
 40
2.0
 10
6.515748031496063
 20
7.328740157480316
 30
0.0
 10
6.468011811023621
 20
7.328740157480316
 30
0.0
 10
6.479468503937008
 20
7.253937007874017
 30
0.0
 10
6.4202755905511815
 20
7.253937007874017
 30
0.0
 10
6.361082677165355
 20
7.253937007874017
 30
0.0
 10
6.372539370078741
 20
7.328740157480316
 30
0.0
 10
6.324803149606299
 20
7.328740157480316
 30
0.0
  0
SPLINE
  5
235
330
17
100
AcDbEntity
  8
GEOMETRY
100
AcDbSpline
 70
0
 71
3
 72
14
 73
10
 74
0
 40
0.0
 40
0.0
 40
0.0
 40
0.0
 40
1.0
 40
1.0
 40
1.0
 40
2.0
 40
2.0
 40
2.0
 40
3.0
 40
3.0
 40
3.0
 40
3.0
 10
6.324803149606299
 20
7.328740157480316
 30
0.0
 10
6.324803149606299
 20
7.339105724120674
 30
0.0
 10
6.322074047323197
 20
7.349290872500264
 30
0.0
 10
6.316891264003019
 20
7.358267716535434
 30
0.0
 10
6.31170848068284
 20
7.367244560570604
 30
0.0
 10
6.304252434586352
 20
7.374700606667092
 30
0.0
 10
6.2952755905511815
 20
7.3798833899872704
 30
0.0
 10
6.286298746516011
 20
7.385066173307449
 30
0.0
 10
6.27611359813642
 20
7.387795275590552
 30
0.0
 10
6.265748031496063
 20
7.387795275590552
 30
0.0
  0
CIRCLE
  5
236
330
17
100
AcDbEntity
  8
GEOMETRY
100
AcDbCircle
 10
6.271653543307087
 20
9.200787401574802
 30
0.0
 40
0.65
  0
CIRCLE
  5
237
330
17
100
AcDbEntity
  8
GEOMETRY
100
AcDbCircle
 10
6.271653543307087
 20
9.200787401574802
 30
0.0
 40
0.26
  0
CIRCLE
  5
238
330
17
100
AcDbEntity
  8
GEOMETRY
100
AcDbCircle
 10
6.568897637795275
 20
9.200787401574802
 30
0.0
 40
0.65
  0
CIRCLE
  5
239
330
17
100
AcDbEntity
  8
GEOMETRY
100
AcDbCircle
 10
6.568897637795275
 20
9.200787401574802
 30
0.0
 40
0.26
  0
CIRCLE
  5
23A
330
17
100
AcDbEntity
  8
GEOMETRY
100
AcDbCircle
 10
6.271653543307087
 20
7.322834645669292
 30
0.0
 40
0.65
  0
CIRCLE
  5
23B
330
17
100
AcDbEntity
  8
GEOMETRY
100
AcDbCircle
 10
6.271653543307087
 20
7.322834645669292
 30
0.0
 40
0.26
  0
CIRCLE
  5
23C
330
17
100
AcDbEntity
  8
GEOMETRY
100
AcDbCircle
 10
6.568897637795275
 20
7.322834645669292
 30
0.0
 40
0.65
  0
CIRCLE
  5
23D
330
17
100
AcDbEntity
  8
GEOMETRY
100
AcDbCircle
 10
6.568897637795275
 20
7.322834645669292
 30
0.0
 40
0.26
  0
LWPOLYLINE
  5
23E
330
17
100
AcDbEntity
  8
GEOMETRY
100
AcDbPolyline
 90
5
 70
0
 10
6.167322834645669
 20
6.702755905511812
 10
6.673228346456693
 20
6.702755905511812
 10
6.673228346456693
 20
5.596456692913387
 10
6.167322834645669
 20
5.596456692913387
 10
6.167322834645669
 20
6.702755905511812
  0
LWPOLYLINE
  5
23F
330
17
100
AcDbEntity
  8
GEOMETRY
100
AcDbPolyline
 90
5
 70
0
 10
6.206692913385827
 20
6.663385826771655
 10
6.633858267716535
 20
6.663385826771655
 10
6.633858267716535
 20
5.635826771653544
 10
6.206692913385827
 20
5.635826771653544
 10
6.206692913385827
 20
6.663385826771655
  0
LINE
  5
240
330
17
100
AcDbEntity
  8
GEOMETRY
100
AcDbLine
 10
6.167322834645669
 20
6.702755905511811
 30
0.0
 11
6.206692913385827
 21
6.663385826771654
 31
0.0
  0
LINE
  5
241
330
17
100
AcDbEntity
  8
GEOMETRY
100
AcDbLine
 10
6.673228346456693
 20
6.702755905511811
 30
0.0
 11
6.633858267716535
 21
6.663385826771654
 31
0.0
  0
LINE
  5
242
330
17
100
AcDbEntity
  8
GEOMETRY
100
AcDbLine
 10
6.167322834645669
 20
5.596456692913385
 30
0.0
 11
6.206692913385827
 21
5.635826771653543
 31
0.0
  0
LINE
  5
243
330
17
100
AcDbEntity
  8
GEOMETRY
100
AcDbLine
 10
6.673228346456693
 20
5.596456692913385
 30
0.0
 11
6.633858267716535
 21
5.635826771653543
 31
0.0
  0
POLYLINE
  5
244
330
17
100
AcDbEntity
  8
GEOMETRY
100
AcDb2dPolyline
 66
1
 10
0.0
 20
0.0
 30
0.0
 70
0
  0
VERTEX
  5
245
330
244
100
AcDbEntity
  8
GEOMETRY
100
AcDbVertex
100
AcDb2dVertex
 10
6.265748031496063
 20
5.828740157480316
 30
0.0
 70
0
  0
VERTEX
  5
246
330
244
100
AcDbEntity
  8
GEOMETRY
100
AcDbVertex
100
AcDb2dVertex
 10
6.265748031496063
 20
6.470472440944882
 30
0.0
 70
0
  0
SEQEND
  5
247
330
244
100
AcDbEntity
  8
GEOMETRY
  0
SPLINE
  5
248
330
17
100
AcDbEntity
  8
GEOMETRY
100
AcDbSpline
 70
0
 71
3
 72
14
 73
10
 74
0
 40
0.0
 40
0.0
 40
0.0
 40
0.0
 40
1.0
 40
1.0
 40
1.0
 40
2.0
 40
2.0
 40
2.0
 40
3.0
 40
3.0
 40
3.0
 40
3.0
 10
6.265748031496063
 20
6.470472440944882
 30
0.0
 10
6.27611359813642
 20
6.470472440944882
 30
0.0
 10
6.286298746516011
 20
6.473201543227985
 30
0.0
 10
6.2952755905511815
 20
6.478384326548164
 30
0.0
 10
6.304252434586352
 20
6.483567109868342
 30
0.0
 10
6.31170848068284
 20
6.49102315596483
 30
0.0
 10
6.316891264003019
 20
6.5
 30
0.0
 10
6.322074047323197
 20
6.508976844035171
 30
0.0
 10
6.324803149606299
 20
6.5191619924147615
 30
0.0
 10
6.324803149606299
 20
6.5295275590551185
 30
0.0
  0
SPLINE
  5
249
330
17
100
AcDbEntity
  8
GEOMETRY
100
AcDbSpline
 70
0
 71
3
 72
11
 73
7
 74
0
 40
0.0
 40
0.0
 40
0.0
 40
0.0
 40
1.0
 40
1.0
 40
1.0
 40
2.0
 40
2.0
 40
2.0
 40
2.0
 10
6.324803149606299
 20
6.5295275590551185
 30
0.0
 10
6.372539370078741
 20
6.5295275590551185
 30
0.0
 10
6.361082677165355
 20
6.604330708661418
 30
0.0
 10
6.4202755905511815
 20
6.604330708661418
 30
0.0
 10
6.479468503937008
 20
6.604330708661418
 30
0.0
 10
6.468011811023621
 20
6.5295275590551185
 30
0.0
 10
6.515748031496063
 20
6.5295275590551185
 30
0.0
  0
SPLINE
  5
24A
330
17
100
AcDbEntity
  8
GEOMETRY
100
AcDbSpline
 70
0
 71
3
 72
14
 73
10
 74
0
 40
0.0
 40
0.0
 40
0.0
 40
0.0
 40
1.0
 40
1.0
 40
1.0
 40
2.0
 40
2.0
 40
2.0
 40
3.0
 40
3.0
 40
3.0
 40
3.0
 10
6.515748031496063
 20
6.5295275590551185
 30
0.0
 10
6.515748031496063
 20
6.5191619924147615
 30
0.0
 10
6.518477133779165
 20
6.508976844035171
 30
0.0
 10
6.523659917099344
 20
6.5
 30
0.0
 10
6.528842700419522
 20
6.49102315596483
 30
0.0
 10
6.53629874651601
 20
6.483567109868342
 30
0.0
 10
6.545275590551181
 20
6.478384326548164
 30
0.0
 10
6.554252434586352
 20
6.473201543227985
 30
0.0
 10
6.564437582965942
 20
6.470472440944882
 30
0.0
 10
6.574803149606299
 20
6.470472440944882
 30
0.0
  0
POLYLINE
  5
24B
330
17
100
AcDbEntity
  8
GEOMETRY
100
AcDb2dPolyline
 66
1
 10
0.0
 20
0.0
 30
0.0
 70
0
  0
VERTEX
  5
24C
330
24B
100
AcDbEntity
  8
GEOMETRY
100
AcDbVertex
100
AcDb2dVertex
 10
6.574803149606299
 20
6.470472440944882
 30
0.0
 70
0
  0
VERTEX
  5
24D
330
24B
100
AcDbEntity
  8
GEOMETRY
100
AcDbVertex
100
AcDb2dVertex
 10
6.574803149606299
 20
5.828740157480316
 30
0.0
 70
0
  0
SEQEND
  5
24E
330
24B
100
AcDbEntity
  8
GEOMETRY
  0
SPLINE
  5
24F
330
17
100
AcDbEntity
  8
GEOMETRY
100
AcDbSpline
 70
0
 71
3
 72
14
 73
10
 74
0
 40
0.0
 40
0.0
 40
0.0
 40
0.0
 40
1.0
 40
1.0
 40
1.0
 40
2.0
 40
2.0
 40
2.0
 40
3.0
 40
3.0
 40
3.0
 40
3.0
 10
6.574803149606299
 20
5.828740157480316
 30
0.0
 10
6.564437582965942
 20
5.828740157480316
 30
0.0
 10
6.554252434586352
 20
5.826011055197213
 30
0.0
 10
6.545275590551181
 20
5.820828271877035
 30
0.0
 10
6.53629874651601
 20
5.815645488556856
 30
0.0
 10
6.528842700419522
 20
5.808189442460368
 30
0.0
 10
6.523659917099344
 20
5.799212598425198
 30
0.0
 10
6.518477133779165
 20
5.790235754390028
 30
0.0
 10
6.515748031496063
 20
5.780050606010437
 30
0.0
 10
6.515748031496063
 20
5.76968503937008
 30
0.0
  0
SPLINE
  5
250
330
17
100
AcDbEntity
  8
GEOMETRY
100
AcDbSpline
 70
0
 71
3
 72
11
 73
7
 74
0
 40
0.0
 40
0.0
 40
0.0
 40
0.0
 40
1.0
 40
1.0
 40
1.0
 40
2.0
 40
2.0
 40
2.0
 40
2.0
 10
6.515748031496063
 20
5.76968503937008
 30
0.0
 10
6.468011811023621
 20
5.76968503937008
 30
0.0
 10
6.479468503937008
 20
5.69488188976378
 30
0.0
 10
6.4202755905511815
 20
5.69488188976378
 30
0.0
 10
6.361082677165355
 20
5.69488188976378
 30
0.0
 10
6.372539370078741
 20
5.76968503937008
 30
0.0
 10
6.324803149606299
 20
5.76968503937008
 30
0.0
  0
SPLINE
  5
251
330
17
100
AcDbEntity
  8
GEOMETRY
100
AcDbSpline
 70
0
 71
3
 72
14
 73
10
 74
0
 40
0.0
 40
0.0
 40
0.0
 40
0.0
 40
1.0
 40
1.0
 40
1.0
 40
2.0
 40
2.0
 40
2.0
 40
3.0
 40
3.0
 40
3.0
 40
3.0
 10
6.324803149606299
 20
5.76968503937008
 30
0.0
 10
6.324803149606299
 20
5.780050606010437
 30
0.0
 10
6.322074047323197
 20
5.790235754390028
 30
0.0
 10
6.316891264003019
 20
5.799212598425198
 30
0.0
 10
6.31170848068284
 20
5.808189442460368
 30
0.0
 10
6.304252434586352
 20
5.815645488556856
 30
0.0
 10
6.2952755905511815
 20
5.820828271877035
 30
0.0
 10
6.286298746516011
 20
5.826011055197213
 30
0.0
 10
6.27611359813642
 20
5.828740157480316
 30
0.0
 10
6.265748031496063
 20
5.828740157480316
 30
0.0
  0
CIRCLE
  5
252
330
17
100
AcDbEntity
  8
GEOMETRY
100
AcDbCircle
 10
6.271653543307087
 20
6.535433070866142
 30
0.0
 40
0.65
  0
CIRCLE
  5
253
330
17
100
AcDbEntity
  8
GEOMETRY
100
AcDbCircle
 10
6.271653543307087
 20
6.535433070866142
 30
0.0
 40
0.26
  0
CIRCLE
  5
254
330
17
100
AcDbEntity
  8
GEOMETRY
100
AcDbCircle
 10
6.568897637795275
 20
6.535433070866142
 30
0.0
 40
0.65
  0
CIRCLE
  5
255
330
17
100
AcDbEntity
  8
GEOMETRY
100
AcDbCircle
 10
6.568897637795275
 20
6.535433070866142
 30
0.0
 40
0.26
  0
CIRCLE
  5
256
330
17
100
AcDbEntity
  8
GEOMETRY
100
AcDbCircle
 10
6.271653543307087
 20
5.763779527559054
 30
0.0
 40
0.65
  0
CIRCLE
  5
257
330
17
100
AcDbEntity
  8
GEOMETRY
100
AcDbCircle
 10
6.271653543307087
 20
5.763779527559054
 30
0.0
 40
0.26
  0
CIRCLE
  5
258
330
17
100
AcDbEntity
  8
GEOMETRY
100
AcDbCircle
 10
6.568897637795275
 20
5.763779527559054
 30
0.0
 40
0.65
  0
CIRCLE
  5
259
330
17
100
AcDbEntity
  8
GEOMETRY
100
AcDbCircle
 10
6.568897637795275
 20
5.763779527559054
 30
0.0
 40
0.26
  0
CIRCLE
  5
25A
330
17
100
AcDbEntity
  8
GEOMETRY
100
AcDbCircle
 10
6.2263779527559056
 20
6.929133858267717
 30
0.0
 40
1.375
  0
CIRCLE
  5
25B
330
17
100
AcDbEntity
  8
GEOMETRY
100
AcDbCircle
 10
6.2263779527559056
 20
6.929133858267717
 30
0.0
 40
0.875
  0
CIRCLE
  5
25C
330
17
100
AcDbEntity
  8
GEOMETRY
100
AcDbCircle
 10
6.053149606299213
 20
6.929133858267717
 30
0.0
 40
0.8500000000000001
  0
SPLINE
  5
25D
330
17
100
AcDbEntity
  8
GEOMETRY
100
AcDbSpline
 70
0
 71
3
 72
35
 73
31
 74
0
 40
0.0
 40
0.0
 40
0.0
 40
0.0
 40
1.0
 40
1.0
 40
1.0
 40
2.0
 40
2.0
 40
2.0
 40
3.0
 40
3.0
 40
3.0
 40
4.0
 40
4.0
 40
4.0
 40
5.0
 40
5.0
 40
5.0
 40
6.0
 40
6.0
 40
6.0
 40
7.0
 40
7.0
 40
7.0
 40
8.0
 40
8.0
 40
8.0
 40
9.0
 40
9.0
 40
9.0
 40
10.0
 40
10.0
 40
10.0
 40
10.0
 10
6.047244094488189
 20
6.931102362204725
 30
0.0
 10
6.0461773424221645
 20
6.932056494258632
 30
0.0
 10
6.045357545213486
 20
6.933255091546921
 30
0.0
 10
6.044855118523487
 20
6.934595201754267
 30
0.0
 10
6.044352691833487
 20
6.9359353119616145
 30
0.0
 10
6.044182444813943
 20
6.937377435006014
 30
0.0
 10
6.04435900066233
 20
6.938797701170879
 30
0.0
 10
6.044535556510716
 20
6.940217967335743
 30
0.0
 10
6.0450537111994445
 20
6.941574513922264
 30
0.0
 10
6.0458689583497485
 20
6.942750821718114
 30
0.0
 10
6.0466842055000525
 20
6.943927129513964
 30
0.0
 10
6.047772515499208
 20
6.944888526554001
 30
0.0
 10
6.049040409048288
 20
6.945552434600991
 30
0.0
 10
6.05030830259737
 20
6.946216342647981
 30
0.0
 10
6.051718408218353
 20
6.9465631928469485
 30
0.0
 10
6.053149606299213
 20
6.9465631928469485
 30
0.0
 10
6.054580804380072
 20
6.9465631928469485
 30
0.0
 10
6.055990910001056
 20
6.946216342647981
 30
0.0
 10
6.057258803550137
 20
6.945552434600991
 30
0.0
 10
6.058526697099217
 20
6.944888526554001
 30
0.0
 10
6.0596150070983725
 20
6.943927129513964
 30
0.0
 10
6.0604302542486765
 20
6.942750821718113
 30
0.0
 10
6.0612455013989806
 20
6.941574513922263
 30
0.0
 10
6.0617636560877095
 20
6.940217967335743
 30
0.0
 10
6.061940211936095
 20
6.938797701170878
 30
0.0
 10
6.06211676778448
 20
6.937377435006014
 30
0.0
 10
6.061946520764938
 20
6.935935311961614
 30
0.0
 10
6.061444094074938
 20
6.934595201754267
 30
0.0
 10
6.060941667384939
 20
6.93325509154692
 30
0.0
 10
6.0601218701762605
 20
6.932056494258632
 30
0.0
 10
6.059055118110236
 20
6.931102362204725
 30
0.0
  0
POLYLINE
  5
25E
330
17
100
AcDbEntity
  8
GEOMETRY
100
AcDb2dPolyline
 66
1
 10
0.0
 20
0.0
 30
0.0
 70
0
  0
VERTEX
  5
25F
330
25E
100
AcDbEntity
  8
GEOMETRY
100
AcDbVertex
100
AcDb2dVertex
 10
6.059055118110236
 20
6.931102362204725
 30
0.0
 70
0
  0
VERTEX
  5
260
330
25E
100
AcDbEntity
  8
GEOMETRY
100
AcDbVertex
100
AcDb2dVertex
 10
6.062007874015748
 20
6.909448818897639
 30
0.0
 70
0
  0
VERTEX
  5
261
330
25E
100
AcDbEntity
  8
GEOMETRY
100
AcDbVertex
100
AcDb2dVertex
 10
6.044291338582677
 20
6.909448818897639
 30
0.0
 70
0
  0
VERTEX
  5
262
330
25E
100
AcDbEntity
  8
GEOMETRY
100
AcDbVertex
100
AcDb2dVertex
 10
6.047244094488189
 20
6.931102362204725
 30
0.0
 70
0
  0
SEQEND
  5
263
330
25E
100
AcDbEntity
  8
GEOMETRY
  0
LWPOLYLINE
  5
264
330
17
100
AcDbEntity
  8
GEOMETRY
100
AcDbPolyline
 90
5
 70
0
 10
6.8700787401574805
 20
9.564960629921261
 10
7.769685039370079
 20
9.564960629921261
 10
7.769685039370079
 20
5.015748031496063
 10
6.8700787401574805
 20
5.015748031496063
 10
6.8700787401574805
 20
9.564960629921261
  0
LINE
  5
265
330
17
100
AcDbEntity
  8
GEOMETRY
100
AcDbLine
 10
7.066929133858268
 20
9.368110236220472
 30
0.0
 11
7.5728346456692925
 21
9.368110236220472
 31
0.0
  0
LINE
  5
266
330
17
100
AcDbEntity
  8
GEOMETRY
100
AcDbLine
 10
7.066929133858268
 20
5.596456692913385
 30
0.0
 11
7.5728346456692925
 21
5.596456692913385
 31
0.0
  0
LINE
  5
267
330
17
100
AcDbEntity
  8
GEOMETRY
100
AcDbLine
 10
7.066929133858268
 20
7.155511811023622
 30
0.0
 11
7.066929133858268
 21
6.702755905511811
 31
0.0
  0
LINE
  5
268
330
17
100
AcDbEntity
  8
GEOMETRY
100
AcDbLine
 10
7.5728346456692925
 20
7.155511811023622
 30
0.0
 11
7.5728346456692925
 21
6.702755905511811
 31
0.0
  0
LINE
  5
269
330
17
100
AcDbEntity
  8
GEOMETRY
100
AcDbLine
 10
7.066929133858268
 20
9.56496062992126
 30
0.0
 11
7.066929133858268
 21
9.368110236220472
 31
0.0
  0
LINE
  5
26A
330
17
100
AcDbEntity
  8
GEOMETRY
100
AcDbLine
 10
7.5728346456692925
 20
9.56496062992126
 30
0.0
 11
7.5728346456692925
 21
9.368110236220472
 31
0.0
  0
LINE
  5
26B
330
17
100
AcDbEntity
  8
GEOMETRY
100
AcDbLine
 10
7.066929133858268
 20
5.596456692913385
 30
0.0
 11
7.066929133858268
 21
5.015748031496062
 31
0.0
  0
LINE
  5
26C
330
17
100
AcDbEntity
  8
GEOMETRY
100
AcDbLine
 10
7.5728346456692925
 20
5.596456692913385
 30
0.0
 11
7.5728346456692925
 21
5.015748031496062
 31
0.0
  0
LWPOLYLINE
  5
26D
330
17
100
AcDbEntity
  8
GEOMETRY
100
AcDbPolyline
 90
5
 70
0
 10
7.066929133858268
 20
9.368110236220474
 10
7.572834645669291
 20
9.368110236220474
 10
7.572834645669291
 20
7.155511811023622
 10
7.066929133858268
 20
7.155511811023622
 10
7.066929133858268
 20
9.368110236220474
  0
LWPOLYLINE
  5
26E
330
17
100
AcDbEntity
  8
GEOMETRY
100
AcDbPolyline
 90
5
 70
0
 10
7.106299212598425
 20
9.328740157480315
 10
7.533464566929133
 20
9.328740157480315
 10
7.533464566929133
 20
7.1948818897637805
 10
7.106299212598425
 20
7.1948818897637805
 10
7.106299212598425
 20
9.328740157480315
  0
LINE
  5
26F
330
17
100
AcDbEntity
  8
GEOMETRY
100
AcDbLine
 10
7.066929133858268
 20
9.368110236220472
 30
0.0
 11
7.106299212598425
 21
9.328740157480315
 31
0.0
  0
LINE
  5
270
330
17
100
AcDbEntity
  8
GEOMETRY
100
AcDbLine
 10
7.5728346456692925
 20
9.368110236220472
 30
0.0
 11
7.533464566929134
 21
9.328740157480315
 31
0.0
  0
LINE
  5
271
330
17
100
AcDbEntity
  8
GEOMETRY
100
AcDbLine
 10
7.066929133858268
 20
7.155511811023622
 30
0.0
 11
7.106299212598425
 21
7.19488188976378
 31
0.0
  0
LINE
  5
272
330
17
100
AcDbEntity
  8
GEOMETRY
100
AcDbLine
 10
7.5728346456692925
 20
7.155511811023622
 30
0.0
 11
7.533464566929134
 21
7.19488188976378
 31
0.0
  0
POLYLINE
  5
273
330
17
100
AcDbEntity
  8
GEOMETRY
100
AcDb2dPolyline
 66
1
 10
0.0
 20
0.0
 30
0.0
 70
0
  0
VERTEX
  5
274
330
273
100
AcDbEntity
  8
GEOMETRY
100
AcDbVertex
100
AcDb2dVertex
 10
7.165354330708661
 20
7.387795275590552
 30
0.0
 70
0
  0
VERTEX
  5
275
330
273
100
AcDbEntity
  8
GEOMETRY
100
AcDbVertex
100
AcDb2dVertex
 10
7.165354330708661
 20
9.135826771653544
 30
0.0
 70
0
  0
SEQEND
  5
276
330
273
100
AcDbEntity
  8
GEOMETRY
  0
SPLINE
  5
277
330
17
100
AcDbEntity
  8
GEOMETRY
100
AcDbSpline
 70
0
 71
3
 72
14
 73
10
 74
0
 40
0.0
 40
0.0
 40
0.0
 40
0.0
 40
1.0
 40
1.0
 40
1.0
 40
2.0
 40
2.0
 40
2.0
 40
3.0
 40
3.0
 40
3.0
 40
3.0
 10
7.165354330708661
 20
9.135826771653544
 30
0.0
 10
7.175719897349018
 20
9.135826771653544
 30
0.0
 10
7.185905045728609
 20
9.138555873936646
 30
0.0
 10
7.19488188976378
 20
9.143738657256826
 30
0.0
 10
7.20385873379895
 20
9.148921440577004
 30
0.0
 10
7.211314779895438
 20
9.156377486673492
 30
0.0
 10
7.216497563215617
 20
9.165354330708663
 30
0.0
 10
7.221680346535795
 20
9.174331174743832
 30
0.0
 10
7.224409448818897
 20
9.184516323123423
 30
0.0
 10
7.224409448818897
 20
9.19488188976378
 30
0.0
  0
SPLINE
  5
278
330
17
100
AcDbEntity
  8
GEOMETRY
100
AcDbSpline
 70
0
 71
3
 72
11
 73
7
 74
0
 40
0.0
 40
0.0
 40
0.0
 40
0.0
 40
1.0
 40
1.0
 40
1.0
 40
2.0
 40
2.0
 40
2.0
 40
2.0
 10
7.224409448818897
 20
9.19488188976378
 30
0.0
 10
7.272145669291339
 20
9.19488188976378
 30
0.0
 10
7.260688976377953
 20
9.26968503937008
 30
0.0
 10
7.31988188976378
 20
9.26968503937008
 30
0.0
 10
7.3790748031496065
 20
9.26968503937008
 30
0.0
 10
7.367618110236221
 20
9.19488188976378
 30
0.0
 10
7.415354330708662
 20
9.19488188976378
 30
0.0
  0
SPLINE
  5
279
330
17
100
AcDbEntity
  8
GEOMETRY
100
AcDbSpline
 70
0
 71
3
 72
14
 73
10
 74
0
 40
0.0
 40
0.0
 40
0.0
 40
0.0
 40
1.0
 40
1.0
 40
1.0
 40
2.0
 40
2.0
 40
2.0
 40
3.0
 40
3.0
 40
3.0
 40
3.0
 10
7.415354330708662
 20
9.19488188976378
 30
0.0
 10
7.415354330708662
 20
9.184516323123423
 30
0.0
 10
7.418083432991765
 20
9.174331174743832
 30
0.0
 10
7.423266216311943
 20
9.165354330708663
 30
0.0
 10
7.4284489996321215
 20
9.156377486673492
 30
0.0
 10
7.43590504572861
 20
9.148921440577004
 30
0.0
 10
7.4448818897637805
 20
9.143738657256826
 30
0.0
 10
7.453858733798951
 20
9.138555873936646
 30
0.0
 10
7.464043882178541
 20
9.135826771653544
 30
0.0
 10
7.474409448818898
 20
9.135826771653544
 30
0.0
  0
POLYLINE
  5
27A
330
17
100
AcDbEntity
  8
GEOMETRY
100
AcDb2dPolyline
 66
1
 10
0.0
 20
0.0
 30
0.0
 70
0
  0
VERTEX
  5
27B
330
27A
100
AcDbEntity
  8
GEOMETRY
100
AcDbVertex
100
AcDb2dVertex
 10
7.474409448818898
 20
9.135826771653544
 30
0.0
 70
0
  0
VERTEX
  5
27C
330
27A
100
AcDbEntity
  8
GEOMETRY
100
AcDbVertex
100
AcDb2dVertex
 10
7.474409448818898
 20
7.387795275590552
 30
0.0
 70
0
  0
SEQEND
  5
27D
330
27A
100
AcDbEntity
  8
GEOMETRY
  0
SPLINE
  5
27E
330
17
100
AcDbEntity
  8
GEOMETRY
100
AcDbSpline
 70
0
 71
3
 72
14
 73
10
 74
0
 40
0.0
 40
0.0
 40
0.0
 40
0.0
 40
1.0
 40
1.0
 40
1.0
 40
2.0
 40
2.0
 40
2.0
 40
3.0
 40
3.0
 40
3.0
 40
3.0
 10
7.474409448818898
 20
7.387795275590552
 30
0.0
 10
7.464043882178541
 20
7.387795275590552
 30
0.0
 10
7.453858733798951
 20
7.385066173307449
 30
0.0
 10
7.4448818897637805
 20
7.3798833899872704
 30
0.0
 10
7.43590504572861
 20
7.374700606667092
 30
0.0
 10
7.4284489996321215
 20
7.367244560570604
 30
0.0
 10
7.423266216311943
 20
7.358267716535434
 30
0.0
 10
7.418083432991765
 20
7.349290872500264
 30
0.0
 10
7.415354330708662
 20
7.339105724120674
 30
0.0
 10
7.415354330708662
 20
7.328740157480316
 30
0.0
  0
SPLINE
  5
27F
330
17
100
AcDbEntity
  8
GEOMETRY
100
AcDbSpline
 70
0
 71
3
 72
11
 73
7
 74
0
 40
0.0
 40
0.0
 40
0.0
 40
0.0
 40
1.0
 40
1.0
 40
1.0
 40
2.0
 40
2.0
 40
2.0
 40
2.0
 10
7.415354330708662
 20
7.328740157480316
 30
0.0
 10
7.367618110236221
 20
7.328740157480316
 30
0.0
 10
7.3790748031496065
 20
7.253937007874017
 30
0.0
 10
7.31988188976378
 20
7.253937007874017
 30
0.0
 10
7.260688976377953
 20
7.253937007874017
 30
0.0
 10
7.272145669291339
 20
7.328740157480316
 30
0.0
 10
7.224409448818897
 20
7.328740157480316
 30
0.0
  0
SPLINE
  5
280
330
17
100
AcDbEntity
  8
GEOMETRY
100
AcDbSpline
 70
0
 71
3
 72
14
 73
10
 74
0
 40
0.0
 40
0.0
 40
0.0
 40
0.0
 40
1.0
 40
1.0
 40
1.0
 40
2.0
 40
2.0
 40
2.0
 40
3.0
 40
3.0
 40
3.0
 40
3.0
 10
7.224409448818897
 20
7.328740157480316
 30
0.0
 10
7.224409448818897
 20
7.339105724120674
 30
0.0
 10
7.221680346535795
 20
7.349290872500264
 30
0.0
 10
7.216497563215617
 20
7.358267716535434
 30
0.0
 10
7.211314779895438
 20
7.367244560570604
 30
0.0
 10
7.20385873379895
 20
7.374700606667092
 30
0.0
 10
7.19488188976378
 20
7.3798833899872704
 30
0.0
 10
7.185905045728609
 20
7.385066173307449
 30
0.0
 10
7.175719897349018
 20
7.387795275590552
 30
0.0
 10
7.165354330708661
 20
7.387795275590552
 30
0.0
  0
CIRCLE
  5
281
330
17
100
AcDbEntity
  8
GEOMETRY
100
AcDbCircle
 10
7.171259842519685
 20
9.200787401574802
 30
0.0
 40
0.65
  0
CIRCLE
  5
282
330
17
100
AcDbEntity
  8
GEOMETRY
100
AcDbCircle
 10
7.171259842519685
 20
9.200787401574802
 30
0.0
 40
0.26
  0
CIRCLE
  5
283
330
17
100
AcDbEntity
  8
GEOMETRY
100
AcDbCircle
 10
7.468503937007875
 20
9.200787401574802
 30
0.0
 40
0.65
  0
CIRCLE
  5
284
330
17
100
AcDbEntity
  8
GEOMETRY
100
AcDbCircle
 10
7.468503937007875
 20
9.200787401574802
 30
0.0
 40
0.26
  0
CIRCLE
  5
285
330
17
100
AcDbEntity
  8
GEOMETRY
100
AcDbCircle
 10
7.171259842519685
 20
7.322834645669292
 30
0.0
 40
0.65
  0
CIRCLE
  5
286
330
17
100
AcDbEntity
  8
GEOMETRY
100
AcDbCircle
 10
7.171259842519685
 20
7.322834645669292
 30
0.0
 40
0.26
  0
CIRCLE
  5
287
330
17
100
AcDbEntity
  8
GEOMETRY
100
AcDbCircle
 10
7.468503937007875
 20
7.322834645669292
 30
0.0
 40
0.65
  0
CIRCLE
  5
288
330
17
100
AcDbEntity
  8
GEOMETRY
100
AcDbCircle
 10
7.468503937007875
 20
7.322834645669292
 30
0.0
 40
0.26
  0
LWPOLYLINE
  5
289
330
17
100
AcDbEntity
  8
GEOMETRY
100
AcDbPolyline
 90
5
 70
0
 10
7.066929133858268
 20
6.702755905511812
 10
7.572834645669291
 20
6.702755905511812
 10
7.572834645669291
 20
5.596456692913387
 10
7.066929133858268
 20
5.596456692913387
 10
7.066929133858268
 20
6.702755905511812
  0
LWPOLYLINE
  5
28A
330
17
100
AcDbEntity
  8
GEOMETRY
100
AcDbPolyline
 90
5
 70
0
 10
7.106299212598425
 20
6.663385826771655
 10
7.533464566929133
 20
6.663385826771655
 10
7.533464566929133
 20
5.635826771653544
 10
7.106299212598425
 20
5.635826771653544
 10
7.106299212598425
 20
6.663385826771655
  0
LINE
  5
28B
330
17
100
AcDbEntity
  8
GEOMETRY
100
AcDbLine
 10
7.066929133858268
 20
6.702755905511811
 30
0.0
 11
7.106299212598425
 21
6.663385826771654
 31
0.0
  0
LINE
  5
28C
330
17
100
AcDbEntity
  8
GEOMETRY
100
AcDbLine
 10
7.5728346456692925
 20
6.702755905511811
 30
0.0
 11
7.533464566929134
 21
6.663385826771654
 31
0.0
  0
LINE
  5
28D
330
17
100
AcDbEntity
  8
GEOMETRY
100
AcDbLine
 10
7.066929133858268
 20
5.596456692913385
 30
0.0
 11
7.106299212598425
 21
5.635826771653543
 31
0.0
  0
LINE
  5
28E
330
17
100
AcDbEntity
  8
GEOMETRY
100
AcDbLine
 10
7.5728346456692925
 20
5.596456692913385
 30
0.0
 11
7.533464566929134
 21
5.635826771653543
 31
0.0
  0
POLYLINE
  5
28F
330
17
100
AcDbEntity
  8
GEOMETRY
100
AcDb2dPolyline
 66
1
 10
0.0
 20
0.0
 30
0.0
 70
0
  0
VERTEX
  5
290
330
28F
100
AcDbEntity
  8
GEOMETRY
100
AcDbVertex
100
AcDb2dVertex
 10
7.165354330708661
 20
5.828740157480316
 30
0.0
 70
0
  0
VERTEX
  5
291
330
28F
100
AcDbEntity
  8
GEOMETRY
100
AcDbVertex
100
AcDb2dVertex
 10
7.165354330708661
 20
6.470472440944882
 30
0.0
 70
0
  0
SEQEND
  5
292
330
28F
100
AcDbEntity
  8
GEOMETRY
  0
SPLINE
  5
293
330
17
100
AcDbEntity
  8
GEOMETRY
100
AcDbSpline
 70
0
 71
3
 72
14
 73
10
 74
0
 40
0.0
 40
0.0
 40
0.0
 40
0.0
 40
1.0
 40
1.0
 40
1.0
 40
2.0
 40
2.0
 40
2.0
 40
3.0
 40
3.0
 40
3.0
 40
3.0
 10
7.165354330708661
 20
6.470472440944882
 30
0.0
 10
7.175719897349018
 20
6.470472440944882
 30
0.0
 10
7.185905045728609
 20
6.473201543227985
 30
0.0
 10
7.19488188976378
 20
6.478384326548164
 30
0.0
 10
7.20385873379895
 20
6.483567109868342
 30
0.0
 10
7.211314779895438
 20
6.49102315596483
 30
0.0
 10
7.216497563215617
 20
6.5
 30
0.0
 10
7.221680346535795
 20
6.508976844035171
 30
0.0
 10
7.224409448818897
 20
6.5191619924147615
 30
0.0
 10
7.224409448818897
 20
6.5295275590551185
 30
0.0
  0
SPLINE
  5
294
330
17
100
AcDbEntity
  8
GEOMETRY
100
AcDbSpline
 70
0
 71
3
 72
11
 73
7
 74
0
 40
0.0
 40
0.0
 40
0.0
 40
0.0
 40
1.0
 40
1.0
 40
1.0
 40
2.0
 40
2.0
 40
2.0
 40
2.0
 10
7.224409448818897
 20
6.5295275590551185
 30
0.0
 10
7.272145669291339
 20
6.5295275590551185
 30
0.0
 10
7.260688976377953
 20
6.604330708661418
 30
0.0
 10
7.31988188976378
 20
6.604330708661418
 30
0.0
 10
7.3790748031496065
 20
6.604330708661418
 30
0.0
 10
7.367618110236221
 20
6.5295275590551185
 30
0.0
 10
7.415354330708662
 20
6.5295275590551185
 30
0.0
  0
SPLINE
  5
295
330
17
100
AcDbEntity
  8
GEOMETRY
100
AcDbSpline
 70
0
 71
3
 72
14
 73
10
 74
0
 40
0.0
 40
0.0
 40
0.0
 40
0.0
 40
1.0
 40
1.0
 40
1.0
 40
2.0
 40
2.0
 40
2.0
 40
3.0
 40
3.0
 40
3.0
 40
3.0
 10
7.415354330708662
 20
6.5295275590551185
 30
0.0
 10
7.415354330708662
 20
6.5191619924147615
 30
0.0
 10
7.418083432991765
 20
6.508976844035171
 30
0.0
 10
7.423266216311943
 20
6.5
 30
0.0
 10
7.4284489996321215
 20
6.49102315596483
 30
0.0
 10
7.43590504572861
 20
6.483567109868342
 30
0.0
 10
7.4448818897637805
 20
6.478384326548164
 30
0.0
 10
7.453858733798951
 20
6.473201543227985
 30
0.0
 10
7.464043882178541
 20
6.470472440944882
 30
0.0
 10
7.474409448818898
 20
6.470472440944882
 30
0.0
  0
POLYLINE
  5
296
330
17
100
AcDbEntity
  8
GEOMETRY
100
AcDb2dPolyline
 66
1
 10
0.0
 20
0.0
 30
0.0
 70
0
  0
VERTEX
  5
297
330
296
100
AcDbEntity
  8
GEOMETRY
100
AcDbVertex
100
AcDb2dVertex
 10
7.474409448818898
 20
6.470472440944882
 30
0.0
 70
0
  0
VERTEX
  5
298
330
296
100
AcDbEntity
  8
GEOMETRY
100
AcDbVertex
100
AcDb2dVertex
 10
7.474409448818898
 20
5.828740157480316
 30
0.0
 70
0
  0
SEQEND
  5
299
330
296
100
AcDbEntity
  8
GEOMETRY
  0
SPLINE
  5
29A
330
17
100
AcDbEntity
  8
GEOMETRY
100
AcDbSpline
 70
0
 71
3
 72
14
 73
10
 74
0
 40
0.0
 40
0.0
 40
0.0
 40
0.0
 40
1.0
 40
1.0
 40
1.0
 40
2.0
 40
2.0
 40
2.0
 40
3.0
 40
3.0
 40
3.0
 40
3.0
 10
7.474409448818898
 20
5.828740157480316
 30
0.0
 10
7.464043882178541
 20
5.828740157480316
 30
0.0
 10
7.453858733798951
 20
5.826011055197213
 30
0.0
 10
7.4448818897637805
 20
5.820828271877035
 30
0.0
 10
7.43590504572861
 20
5.815645488556856
 30
0.0
 10
7.4284489996321215
 20
5.808189442460368
 30
0.0
 10
7.423266216311943
 20
5.799212598425198
 30
0.0
 10
7.418083432991765
 20
5.790235754390028
 30
0.0
 10
7.415354330708662
 20
5.780050606010437
 30
0.0
 10
7.415354330708662
 20
5.76968503937008
 30
0.0
  0
SPLINE
  5
29B
330
17
100
AcDbEntity
  8
GEOMETRY
100
AcDbSpline
 70
0
 71
3
 72
11
 73
7
 74
0
 40
0.0
 40
0.0
 40
0.0
 40
0.0
 40
1.0
 40
1.0
 40
1.0
 40
2.0
 40
2.0
 40
2.0
 40
2.0
 10
7.415354330708662
 20
5.76968503937008
 30
0.0
 10
7.367618110236221
 20
5.76968503937008
 30
0.0
 10
7.3790748031496065
 20
5.69488188976378
 30
0.0
 10
7.31988188976378
 20
5.69488188976378
 30
0.0
 10
7.260688976377953
 20
5.69488188976378
 30
0.0
 10
7.272145669291339
 20
5.76968503937008
 30
0.0
 10
7.224409448818897
 20
5.76968503937008
 30
0.0
  0
SPLINE
  5
29C
330
17
100
AcDbEntity
  8
GEOMETRY
100
AcDbSpline
 70
0
 71
3
 72
14
 73
10
 74
0
 40
0.0
 40
0.0
 40
0.0
 40
0.0
 40
1.0
 40
1.0
 40
1.0
 40
2.0
 40
2.0
 40
2.0
 40
3.0
 40
3.0
 40
3.0
 40
3.0
 10
7.224409448818897
 20
5.76968503937008
 30
0.0
 10
7.224409448818897
 20
5.780050606010437
 30
0.0
 10
7.221680346535795
 20
5.790235754390028
 30
0.0
 10
7.216497563215617
 20
5.799212598425198
 30
0.0
 10
7.211314779895438
 20
5.808189442460368
 30
0.0
 10
7.20385873379895
 20
5.815645488556856
 30
0.0
 10
7.19488188976378
 20
5.820828271877035
 30
0.0
 10
7.185905045728609
 20
5.826011055197213
 30
0.0
 10
7.175719897349018
 20
5.828740157480316
 30
0.0
 10
7.165354330708661
 20
5.828740157480316
 30
0.0
  0
CIRCLE
  5
29D
330
17
100
AcDbEntity
  8
GEOMETRY
100
AcDbCircle
 10
7.171259842519685
 20
6.535433070866142
 30
0.0
 40
0.65
  0
CIRCLE
  5
29E
330
17
100
AcDbEntity
  8
GEOMETRY
100
AcDbCircle
 10
7.171259842519685
 20
6.535433070866142
 30
0.0
 40
0.26
  0
CIRCLE
  5
29F
330
17
100
AcDbEntity
  8
GEOMETRY
100
AcDbCircle
 10
7.468503937007875
 20
6.535433070866142
 30
0.0
 40
0.65
  0
CIRCLE
  5
2A0
330
17
100
AcDbEntity
  8
GEOMETRY
100
AcDbCircle
 10
7.468503937007875
 20
6.535433070866142
 30
0.0
 40
0.26
  0
CIRCLE
  5
2A1
330
17
100
AcDbEntity
  8
GEOMETRY
100
AcDbCircle
 10
7.171259842519685
 20
5.763779527559054
 30
0.0
 40
0.65
  0
CIRCLE
  5
2A2
330
17
100
AcDbEntity
  8
GEOMETRY
100
AcDbCircle
 10
7.171259842519685
 20
5.763779527559054
 30
0.0
 40
0.26
  0
CIRCLE
  5
2A3
330
17
100
AcDbEntity
  8
GEOMETRY
100
AcDbCircle
 10
7.468503937007875
 20
5.763779527559054
 30
0.0
 40
0.65
  0
CIRCLE
  5
2A4
330
17
100
AcDbEntity
  8
GEOMETRY
100
AcDbCircle
 10
7.468503937007875
 20
5.763779527559054
 30
0.0
 40
0.26
  0
LINE
  5
2A5
330
17
100
AcDbEntity
  8
GEOMETRY
100
AcDbLine
 10
6.881889763779528
 20
9.56496062992126
 30
0.0
 11
6.881889763779528
 21
5.015748031496062
 31
0.0
  0
LWPOLYLINE
  5
2A6
330
17
100
AcDbEntity
  8
GEOMETRY
100
AcDbPolyline
 90
5
 70
0
 10
5.87007874015748
 20
9.665354330708663
 10
7.8700787401574805
 20
9.665354330708663
 10
7.8700787401574805
 20
9.564960629921261
 10
5.87007874015748
 20
9.564960629921261
 10
5.87007874015748
 20
9.665354330708663
  0
LWPOLYLINE
  5
2A7
330
17
100
AcDbEntity
  8
GEOMETRY
100
AcDbPolyline
 90
5
 70
0
 10
5.87007874015748
 20
9.763779527559056
 10
7.8700787401574805
 20
9.763779527559056
 10
7.8700787401574805
 20
9.665354330708663
 10
5.87007874015748
 20
9.665354330708663
 10
5.87007874015748
 20
9.763779527559056
  0
LINE
  5
2A8
330
17
100
AcDbEntity
  8
GEOMETRY
100
AcDbLine
 10
5.87007874015748
 20
9.698818897637794
 30
0.0
 11
7.8700787401574805
 21
9.698818897637794
 31
0.0
  0
LINE
  5
2A9
330
17
100
AcDbEntity
  8
GEOMETRY
100
AcDbLine
 10
5.87007874015748
 20
9.732283464566928
 30
0.0
 11
7.8700787401574805
 21
9.732283464566928
 31
0.0
  0
LWPOLYLINE
  5
2AA
330
17
100
AcDbEntity
  8
GEOMETRY
100
AcDbPolyline
 90
5
 70
0
 10
5.87007874015748
 20
9.838582677165356
 10
7.8700787401574805
 20
9.838582677165356
 10
7.8700787401574805
 20
9.763779527559056
 10
5.87007874015748
 20
9.763779527559056
 10
5.87007874015748
 20
9.838582677165356
  0
SPLINE
  5
2AB
330
17
100
AcDbEntity
  8
GEOMETRY
100
AcDbSpline
 70
0
 71
3
 72
23
 73
19
 74
0
 40
0.0
 40
0.0
 40
0.0
 40
0.0
 40
1.0
 40
1.0
 40
1.0
 40
2.0
 40
2.0
 40
2.0
 40
3.0
 40
3.0
 40
3.0
 40
4.0
 40
4.0
 40
4.0
 40
5.0
 40
5.0
 40
5.0
 40
6.0
 40
6.0
 40
6.0
 40
6.0
 10
5.87007874015748
 20
9.763779527559056
 30
0.0
 10
5.87007874015748
 20
9.757928165190574
 30
0.0
 10
5.871619318396292
 20
9.752178648930295
 30
0.0
 10
5.874544999580533
 20
9.74711122047244
 30
0.0
 10
5.877470680764773
 20
9.742043792014588
 30
0.0
 10
5.881679618786242
 20
9.737834853993121
 30
0.0
 10
5.886747047244095
 20
9.73490917280888
 30
0.0
 10
5.891814475701948
 20
9.73198349162464
 30
0.0
 10
5.897563991962227
 20
9.730442913385827
 30
0.0
 10
5.903415354330709
 20
9.730442913385827
 30
0.0
 10
5.90926671669919
 20
9.730442913385827
 30
0.0
 10
5.915016232959469
 20
9.73198349162464
 30
0.0
 10
5.920083661417323
 20
9.73490917280888
 30
0.0
 10
5.925151089875176
 20
9.737834853993121
 30
0.0
 10
5.929360027896645
 20
9.742043792014588
 30
0.0
 10
5.932285709080885
 20
9.74711122047244
 30
0.0
 10
5.935211390265125
 20
9.752178648930295
 30
0.0
 10
5.936751968503937
 20
9.757928165190574
 30
0.0
 10
5.936751968503937
 20
9.763779527559056
 30
0.0
  0
SPLINE
  5
2AC
330
17
100
AcDbEntity
  8
GEOMETRY
100
AcDbSpline
 70
0
 71
3
 72
23
 73
19
 74
0
 40
0.0
 40
0.0
 40
0.0
 40
0.0
 40
1.0
 40
1.0
 40
1.0
 40
2.0
 40
2.0
 40
2.0
 40
3.0
 40
3.0
 40
3.0
 40
4.0
 40
4.0
 40
4.0
 40
5.0
 40
5.0
 40
5.0
 40
6.0
 40
6.0
 40
6.0
 40
6.0
 10
5.936751968503937
 20
9.763779527559056
 30
0.0
 10
5.936751968659643
 20
9.757929892882206
 30
0.0
 10
5.938292092149889
 20
9.752182074279755
 30
0.0
 10
5.941216909579576
 20
9.747116142099436
 30
0.0
 10
5.944141727009263
 20
9.742050209919116
 30
0.0
 10
5.948349422341808
 20
9.737842514701972
 30
0.0
 10
5.953415354602346
 20
9.734917697411227
 30
0.0
 10
5.958481286862884
 20
9.731992880120481
 30
0.0
 10
5.964229105507574
 20
9.730452756787876
 30
0.0
 10
5.970078740184423
 20
9.730452756792605
 30
0.0
 10
5.975928374861273
 20
9.730452756797336
 30
0.0
 10
5.981676193503475
 20
9.731992880139234
 30
0.0
 10
5.9867421257592826
 20
9.73491769743817
 30
0.0
 10
5.99180805801509
 20
9.737842514737109
 30
0.0
 10
5.996015753340831
 20
9.742050209961056
 30
0.0
 10
5.998940570762327
 20
9.747116142146105
 30
0.0
 10
6.001865388183822
 20
9.752182074331152
 30
0.0
 10
6.003405511664776
 20
9.757929892882206
 30
0.0
 10
6.003405511811024
 20
9.763779527559056
 30
0.0
  0
SPLINE
  5
2AD
330
17
100
AcDbEntity
  8
GEOMETRY
100
AcDbSpline
 70
0
 71
3
 72
23
 73
19
 74
0
 40
0.0
 40
0.0
 40
0.0
 40
0.0
 40
1.0
 40
1.0
 40
1.0
 40
2.0
 40
2.0
 40
2.0
 40
3.0
 40
3.0
 40
3.0
 40
4.0
 40
4.0
 40
4.0
 40
5.0
 40
5.0
 40
5.0
 40
6.0
 40
6.0
 40
6.0
 40
6.0
 10
6.003405511811024
 20
9.763779527559056
 30
0.0
 10
6.003405511811024
 20
9.757928165190574
 30
0.0
 10
6.004946090049833
 20
9.752178648930295
 30
0.0
 10
6.007871771234075
 20
9.74711122047244
 30
0.0
 10
6.010797452418316
 20
9.742043792014588
 30
0.0
 10
6.015006390439783
 20
9.737834853993121
 30
0.0
 10
6.020073818897637
 20
9.73490917280888
 30
0.0
 10
6.0251412473554895
 20
9.73198349162464
 30
0.0
 10
6.03089076361577
 20
9.730442913385827
 30
0.0
 10
6.036742125984252
 20
9.730442913385827
 30
0.0
 10
6.0425934883527335
 20
9.730442913385827
 30
0.0
 10
6.048343004613012
 20
9.73198349162464
 30
0.0
 10
6.053410433070866
 20
9.73490917280888
 30
0.0
 10
6.0584778615287185
 20
9.737834853993121
 30
0.0
 10
6.062686799550187
 20
9.742043792014588
 30
0.0
 10
6.065612480734429
 20
9.74711122047244
 30
0.0
 10
6.06853816191867
 20
9.752178648930295
 30
0.0
 10
6.070078740157481
 20
9.757928165190574
 30
0.0
 10
6.070078740157481
 20
9.763779527559056
 30
0.0
  0
SPLINE
  5
2AE
330
17
100
AcDbEntity
  8
GEOMETRY
100
AcDbSpline
 70
0
 71
3
 72
23
 73
19
 74
0
 40
0.0
 40
0.0
 40
0.0
 40
0.0
 40
1.0
 40
1.0
 40
1.0
 40
2.0
 40
2.0
 40
2.0
 40
3.0
 40
3.0
 40
3.0
 40
4.0
 40
4.0
 40
4.0
 40
5.0
 40
5.0
 40
5.0
 40
6.0
 40
6.0
 40
6.0
 40
6.0
 10
6.070078740157481
 20
9.763779527559056
 30
0.0
 10
6.070078740157481
 20
9.757928165190574
 30
0.0
 10
6.07161931839629
 20
9.752178648930295
 30
0.0
 10
6.074544999580531
 20
9.74711122047244
 30
0.0
 10
6.0774706807647725
 20
9.742043792014588
 30
0.0
 10
6.08167961878624
 20
9.737834853993121
 30
0.0
 10
6.086747047244093
 20
9.73490917280888
 30
0.0
 10
6.091814475701947
 20
9.73198349162464
 30
0.0
 10
6.097563991962226
 20
9.730442913385827
 30
0.0
 10
6.103415354330708
 20
9.730442913385827
 30
0.0
 10
6.10926671669919
 20
9.730442913385827
 30
0.0
 10
6.115016232959469
 20
9.73198349162464
 30
0.0
 10
6.120083661417322
 20
9.73490917280888
 30
0.0
 10
6.1251510898751755
 20
9.737834853993121
 30
0.0
 10
6.129360027896644
 20
9.742043792014588
 30
0.0
 10
6.132285709080885
 20
9.74711122047244
 30
0.0
 10
6.135211390265127
 20
9.752178648930295
 30
0.0
 10
6.136751968503937
 20
9.757928165190574
 30
0.0
 10
6.136751968503937
 20
9.763779527559056
 30
0.0
  0
SPLINE
  5
2AF
330
17
100
AcDbEntity
  8
GEOMETRY
100
AcDbSpline
 70
0
 71
3
 72
23
 73
19
 74
0
 40
0.0
 40
0.0
 40
0.0
 40
0.0
 40
1.0
 40
1.0
 40
1.0
 40
2.0
 40
2.0
 40
2.0
 40
3.0
 40
3.0
 40
3.0
 40
4.0
 40
4.0
 40
4.0
 40
5.0
 40
5.0
 40
5.0
 40
6.0
 40
6.0
 40
6.0
 40
6.0
 10
6.136751968503937
 20
9.763779527559056
 30
0.0
 10
6.1367519686596435
 20
9.757929892882206
 30
0.0
 10
6.138292092149891
 20
9.752182074279755
 30
0.0
 10
6.141216909579578
 20
9.747116142099436
 30
0.0
 10
6.144141727009264
 20
9.742050209919116
 30
0.0
 10
6.14834942234181
 20
9.737842514701972
 30
0.0
 10
6.1534153546023465
 20
9.734917697411227
 30
0.0
 10
6.158481286862883
 20
9.731992880120481
 30
0.0
 10
6.164229105507575
 20
9.730452756787876
 30
0.0
 10
6.170078740184424
 20
9.730452756792605
 30
0.0
 10
6.1759283748612726
 20
9.730452756797336
 30
0.0
 10
6.181676193503474
 20
9.731992880139234
 30
0.0
 10
6.186742125759282
 20
9.73491769743817
 30
0.0
 10
6.19180805801509
 20
9.737842514737109
 30
0.0
 10
6.1960157533408315
 20
9.742050209961056
 30
0.0
 10
6.1989405707623275
 20
9.747116142146105
 30
0.0
 10
6.2018653881838235
 20
9.752182074331152
 30
0.0
 10
6.2034055116647755
 20
9.757929892882206
 30
0.0
 10
6.203405511811023
 20
9.763779527559056
 30
0.0
  0
SPLINE
  5
2B0
330
17
100
AcDbEntity
  8
GEOMETRY
100
AcDbSpline
 70
0
 71
3
 72
23
 73
19
 74
0
 40
0.0
 40
0.0
 40
0.0
 40
0.0
 40
1.0
 40
1.0
 40
1.0
 40
2.0
 40
2.0
 40
2.0
 40
3.0
 40
3.0
 40
3.0
 40
4.0
 40
4.0
 40
4.0
 40
5.0
 40
5.0
 40
5.0
 40
6.0
 40
6.0
 40
6.0
 40
6.0
 10
6.203405511811023
 20
9.763779527559056
 30
0.0
 10
6.203405511811023
 20
9.757928165190574
 30
0.0
 10
6.204946090049836
 20
9.752178648930295
 30
0.0
 10
6.207871771234076
 20
9.74711122047244
 30
0.0
 10
6.2107974524183165
 20
9.742043792014588
 30
0.0
 10
6.215006390439785
 20
9.737834853993121
 30
0.0
 10
6.220073818897638
 20
9.73490917280888
 30
0.0
 10
6.2251412473554915
 20
9.73198349162464
 30
0.0
 10
6.23089076361577
 20
9.730442913385827
 30
0.0
 10
6.236742125984252
 20
9.730442913385827
 30
0.0
 10
6.242593488352734
 20
9.730442913385827
 30
0.0
 10
6.248343004613012
 20
9.73198349162464
 30
0.0
 10
6.253410433070866
 20
9.73490917280888
 30
0.0
 10
6.2584778615287195
 20
9.737834853993121
 30
0.0
 10
6.262686799550187
 20
9.742043792014588
 30
0.0
 10
6.265612480734428
 20
9.74711122047244
 30
0.0
 10
6.268538161918668
 20
9.752178648930295
 30
0.0
 10
6.27007874015748
 20
9.757928165190574
 30
0.0
 10
6.27007874015748
 20
9.763779527559056
 30
0.0
  0
SPLINE
  5
2B1
330
17
100
AcDbEntity
  8
GEOMETRY
100
AcDbSpline
 70
0
 71
3
 72
23
 73
19
 74
0
 40
0.0
 40
0.0
 40
0.0
 40
0.0
 40
1.0
 40
1.0
 40
1.0
 40
2.0
 40
2.0
 40
2.0
 40
3.0
 40
3.0
 40
3.0
 40
4.0
 40
4.0
 40
4.0
 40
5.0
 40
5.0
 40
5.0
 40
6.0
 40
6.0
 40
6.0
 40
6.0
 10
6.27007874015748
 20
9.763779527559056
 30
0.0
 10
6.27007874015748
 20
9.757928165190574
 30
0.0
 10
6.271619318396293
 20
9.752178648930295
 30
0.0
 10
6.274544999580533
 20
9.74711122047244
 30
0.0
 10
6.277470680764773
 20
9.742043792014588
 30
0.0
 10
6.281679618786241
 20
9.737834853993121
 30
0.0
 10
6.286747047244095
 20
9.73490917280888
 30
0.0
 10
6.2918144757019485
 20
9.73198349162464
 30
0.0
 10
6.297563991962227
 20
9.730442913385827
 30
0.0
 10
6.303415354330709
 20
9.730442913385827
 30
0.0
 10
6.309266716699191
 20
9.730442913385827
 30
0.0
 10
6.3150162329594695
 20
9.73198349162464
 30
0.0
 10
6.320083661417323
 20
9.73490917280888
 30
0.0
 10
6.325151089875176
 20
9.737834853993121
 30
0.0
 10
6.329360027896644
 20
9.742043792014588
 30
0.0
 10
6.332285709080884
 20
9.74711122047244
 30
0.0
 10
6.335211390265125
 20
9.752178648930295
 30
0.0
 10
6.336751968503936
 20
9.757928165190574
 30
0.0
 10
6.336751968503936
 20
9.763779527559056
 30
0.0
  0
SPLINE
  5
2B2
330
17
100
AcDbEntity
  8
GEOMETRY
100
AcDbSpline
 70
0
 71
3
 72
23
 73
19
 74
0
 40
0.0
 40
0.0
 40
0.0
 40
0.0
 40
1.0
 40
1.0
 40
1.0
 40
2.0
 40
2.0
 40
2.0
 40
3.0
 40
3.0
 40
3.0
 40
4.0
 40
4.0
 40
4.0
 40
5.0
 40
5.0
 40
5.0
 40
6.0
 40
6.0
 40
6.0
 40
6.0
 10
6.336751968503936
 20
9.763779527559056
 30
0.0
 10
6.336751968503936
 20
9.757929892785015
 30
0.0
 10
6.338292091892368
 20
9.752182074049465
 30
0.0
 10
6.341216909279389
 20
9.747116141732285
 30
0.0
 10
6.344141726666409
 20
9.742050209415103
 30
0.0
 10
6.348349422013529
 20
9.737842514067985
 30
0.0
 10
6.353415354330709
 20
9.734917696680965
 30
0.0
 10
6.35848128664789
 20
9.731992879293943
 30
0.0
 10
6.364229105383439
 20
9.730452755905512
 30
0.0
 10
6.3700787401574805
 20
9.730452755905512
 30
0.0
 10
6.375928374931522
 20
9.730452755905512
 30
0.0
 10
6.381676193667071
 20
9.731992879293943
 30
0.0
 10
6.386742125984252
 20
9.734917696680965
 30
0.0
 10
6.391808058301433
 20
9.737842514067985
 30
0.0
 10
6.396015753648552
 20
9.742050209415103
 30
0.0
 10
6.398940571035572
 20
9.747116141732285
 30
0.0
 10
6.401865388422593
 20
9.752182074049465
 30
0.0
 10
6.403405511811024
 20
9.757929892785015
 30
0.0
 10
6.403405511811024
 20
9.763779527559056
 30
0.0
  0
SPLINE
  5
2B3
330
17
100
AcDbEntity
  8
GEOMETRY
100
AcDbSpline
 70
0
 71
3
 72
23
 73
19
 74
0
 40
0.0
 40
0.0
 40
0.0
 40
0.0
 40
1.0
 40
1.0
 40
1.0
 40
2.0
 40
2.0
 40
2.0
 40
3.0
 40
3.0
 40
3.0
 40
4.0
 40
4.0
 40
4.0
 40
5.0
 40
5.0
 40
5.0
 40
6.0
 40
6.0
 40
6.0
 40
6.0
 10
6.403405511811024
 20
9.763779527559056
 30
0.0
 10
6.403405511811024
 20
9.757928165190574
 30
0.0
 10
6.404946090049833
 20
9.752178648930295
 30
0.0
 10
6.407871771234074
 20
9.74711122047244
 30
0.0
 10
6.410797452418316
 20
9.742043792014588
 30
0.0
 10
6.415006390439784
 20
9.737834853993121
 30
0.0
 10
6.420073818897636
 20
9.73490917280888
 30
0.0
 10
6.42514124735549
 20
9.73198349162464
 30
0.0
 10
6.4308907636157695
 20
9.730442913385827
 30
0.0
 10
6.436742125984251
 20
9.730442913385827
 30
0.0
 10
6.442593488352733
 20
9.730442913385827
 30
0.0
 10
6.448343004613012
 20
9.73198349162464
 30
0.0
 10
6.453410433070865
 20
9.73490917280888
 30
0.0
 10
6.458477861528719
 20
9.737834853993121
 30
0.0
 10
6.4626867995501875
 20
9.742043792014588
 30
0.0
 10
6.465612480734428
 20
9.74711122047244
 30
0.0
 10
6.46853816191867
 20
9.752178648930295
 30
0.0
 10
6.47007874015748
 20
9.757928165190574
 30
0.0
 10
6.47007874015748
 20
9.763779527559056
 30
0.0
  0
SPLINE
  5
2B4
330
17
100
AcDbEntity
  8
GEOMETRY
100
AcDbSpline
 70
0
 71
3
 72
23
 73
19
 74
0
 40
0.0
 40
0.0
 40
0.0
 40
0.0
 40
1.0
 40
1.0
 40
1.0
 40
2.0
 40
2.0
 40
2.0
 40
3.0
 40
3.0
 40
3.0
 40
4.0
 40
4.0
 40
4.0
 40
5.0
 40
5.0
 40
5.0
 40
6.0
 40
6.0
 40
6.0
 40
6.0
 10
6.47007874015748
 20
9.763779527559056
 30
0.0
 10
6.47007874015748
 20
9.757928165190574
 30
0.0
 10
6.471619318396293
 20
9.752178648930295
 30
0.0
 10
6.474544999580533
 20
9.74711122047244
 30
0.0
 10
6.477470680764774
 20
9.742043792014588
 30
0.0
 10
6.481679618786242
 20
9.737834853993121
 30
0.0
 10
6.486747047244095
 20
9.73490917280888
 30
0.0
 10
6.491814475701949
 20
9.73198349162464
 30
0.0
 10
6.4975639919622274
 20
9.730442913385827
 30
0.0
 10
6.503415354330709
 20
9.730442913385827
 30
0.0
 10
6.509266716699191
 20
9.730442913385827
 30
0.0
 10
6.51501623295947
 20
9.73198349162464
 30
0.0
 10
6.520083661417323
 20
9.73490917280888
 30
0.0
 10
6.525151089875177
 20
9.737834853993121
 30
0.0
 10
6.529360027896645
 20
9.742043792014588
 30
0.0
 10
6.5322857090808855
 20
9.74711122047244
 30
0.0
 10
6.535211390265125
 20
9.752178648930295
 30
0.0
 10
6.536751968503937
 20
9.757928165190574
 30
0.0
 10
6.536751968503937
 20
9.763779527559056
 30
0.0
  0
SPLINE
  5
2B5
330
17
100
AcDbEntity
  8
GEOMETRY
100
AcDbSpline
 70
0
 71
3
 72
23
 73
19
 74
0
 40
0.0
 40
0.0
 40
0.0
 40
0.0
 40
1.0
 40
1.0
 40
1.0
 40
2.0
 40
2.0
 40
2.0
 40
3.0
 40
3.0
 40
3.0
 40
4.0
 40
4.0
 40
4.0
 40
5.0
 40
5.0
 40
5.0
 40
6.0
 40
6.0
 40
6.0
 40
6.0
 10
6.536751968503937
 20
9.763779527559056
 30
0.0
 10
6.53675196878464
 20
9.757929892966844
 30
0.0
 10
6.5382920923531405
 20
9.752182074477508
 30
0.0
 10
6.541216909810805
 20
9.747116142411073
 30
0.0
 10
6.544141727268469
 20
9.74205021034464
 30
0.0
 10
6.548349422580703
 20
9.73784251523306
 30
0.0
 10
6.553415354786615
 20
9.734917698016977
 30
0.0
 10
6.558481286992527
 20
9.731992880800894
 30
0.0
 10
6.564229105555307
 20
9.730452757506491
 30
0.0
 10
6.570078740147518
 20
9.730452757504743
 30
0.0
 10
6.575928374739729
 20
9.730452757502995
 30
0.0
 10
6.581676193303431
 20
9.73199288079396
 30
0.0
 10
6.5867421255110905
 20
9.734917698007015
 30
0.0
 10
6.59180805771875
 20
9.73784251522007
 30
0.0
 10
6.5960157530335
 20
9.742050210329133
 30
0.0
 10
6.598940570494193
 20
9.74711614239382
 30
0.0
 10
6.601865387954886
 20
9.752182074458506
 30
0.0
 10
6.603405511526823
 20
9.757929892966844
 30
0.0
 10
6.603405511811023
 20
9.763779527559056
 30
0.0
  0
SPLINE
  5
2B6
330
17
100
AcDbEntity
  8
GEOMETRY
100
AcDbSpline
 70
0
 71
3
 72
23
 73
19
 74
0
 40
0.0
 40
0.0
 40
0.0
 40
0.0
 40
1.0
 40
1.0
 40
1.0
 40
2.0
 40
2.0
 40
2.0
 40
3.0
 40
3.0
 40
3.0
 40
4.0
 40
4.0
 40
4.0
 40
5.0
 40
5.0
 40
5.0
 40
6.0
 40
6.0
 40
6.0
 40
6.0
 10
6.603405511811023
 20
9.763779527559056
 30
0.0
 10
6.603405511811023
 20
9.757928165190574
 30
0.0
 10
6.604946090049833
 20
9.752178648930295
 30
0.0
 10
6.607871771234075
 20
9.74711122047244
 30
0.0
 10
6.610797452418316
 20
9.742043792014588
 30
0.0
 10
6.615006390439784
 20
9.737834853993121
 30
0.0
 10
6.620073818897637
 20
9.73490917280888
 30
0.0
 10
6.62514124735549
 20
9.73198349162464
 30
0.0
 10
6.630890763615771
 20
9.730442913385827
 30
0.0
 10
6.636742125984252
 20
9.730442913385827
 30
0.0
 10
6.642593488352734
 20
9.730442913385827
 30
0.0
 10
6.648343004613013
 20
9.73198349162464
 30
0.0
 10
6.653410433070865
 20
9.73490917280888
 30
0.0
 10
6.658477861528719
 20
9.737834853993121
 30
0.0
 10
6.662686799550188
 20
9.742043792014588
 30
0.0
 10
6.6656124807344295
 20
9.74711122047244
 30
0.0
 10
6.66853816191867
 20
9.752178648930295
 30
0.0
 10
6.670078740157481
 20
9.757928165190574
 30
0.0
 10
6.670078740157481
 20
9.763779527559056
 30
0.0
  0
SPLINE
  5
2B7
330
17
100
AcDbEntity
  8
GEOMETRY
100
AcDbSpline
 70
0
 71
3
 72
23
 73
19
 74
0
 40
0.0
 40
0.0
 40
0.0
 40
0.0
 40
1.0
 40
1.0
 40
1.0
 40
2.0
 40
2.0
 40
2.0
 40
3.0
 40
3.0
 40
3.0
 40
4.0
 40
4.0
 40
4.0
 40
5.0
 40
5.0
 40
5.0
 40
6.0
 40
6.0
 40
6.0
 40
6.0
 10
6.670078740157481
 20
9.763779527559056
 30
0.0
 10
6.670078740157481
 20
9.757928165190574
 30
0.0
 10
6.671619318396292
 20
9.752178648930295
 30
0.0
 10
6.674544999580533
 20
9.74711122047244
 30
0.0
 10
6.677470680764773
 20
9.742043792014588
 30
0.0
 10
6.681679618786242
 20
9.737834853993121
 30
0.0
 10
6.686747047244094
 20
9.73490917280888
 30
0.0
 10
6.691814475701948
 20
9.73198349162464
 30
0.0
 10
6.697563991962227
 20
9.730442913385827
 30
0.0
 10
6.7034153543307085
 20
9.730442913385827
 30
0.0
 10
6.70926671669919
 20
9.730442913385827
 30
0.0
 10
6.715016232959469
 20
9.73198349162464
 30
0.0
 10
6.7200836614173225
 20
9.73490917280888
 30
0.0
 10
6.725151089875176
 20
9.737834853993121
 30
0.0
 10
6.729360027896645
 20
9.742043792014588
 30
0.0
 10
6.732285709080885
 20
9.74711122047244
 30
0.0
 10
6.735211390265125
 20
9.752178648930295
 30
0.0
 10
6.7367519685039365
 20
9.757928165190574
 30
0.0
 10
6.7367519685039365
 20
9.763779527559056
 30
0.0
  0
SPLINE
  5
2B8
330
17
100
AcDbEntity
  8
GEOMETRY
100
AcDbSpline
 70
0
 71
3
 72
23
 73
19
 74
0
 40
0.0
 40
0.0
 40
0.0
 40
0.0
 40
1.0
 40
1.0
 40
1.0
 40
2.0
 40
2.0
 40
2.0
 40
3.0
 40
3.0
 40
3.0
 40
4.0
 40
4.0
 40
4.0
 40
5.0
 40
5.0
 40
5.0
 40
6.0
 40
6.0
 40
6.0
 40
6.0
 10
6.7367519685039365
 20
9.763779527559056
 30
0.0
 10
6.7367519685039365
 20
9.757929892785015
 30
0.0
 10
6.738292091892368
 20
9.752182074049465
 30
0.0
 10
6.741216909279388
 20
9.747116141732285
 30
0.0
 10
6.744141726666409
 20
9.742050209415103
 30
0.0
 10
6.748349422013528
 20
9.737842514067985
 30
0.0
 10
6.753415354330709
 20
9.734917696680965
 30
0.0
 10
6.75848128664789
 20
9.731992879293943
 30
0.0
 10
6.764229105383438
 20
9.730452755905512
 30
0.0
 10
6.770078740157481
 20
9.730452755905512
 30
0.0
 10
6.775928374931523
 20
9.730452755905512
 30
0.0
 10
6.781676193667071
 20
9.731992879293943
 30
0.0
 10
6.786742125984252
 20
9.734917696680965
 30
0.0
 10
6.791808058301433
 20
9.737842514067985
 30
0.0
 10
6.796015753648552
 20
9.742050209415103
 30
0.0
 10
6.798940571035573
 20
9.747116141732285
 30
0.0
 10
6.801865388422593
 20
9.752182074049465
 30
0.0
 10
6.8034055118110235
 20
9.757929892785015
 30
0.0
 10
6.8034055118110235
 20
9.763779527559056
 30
0.0
  0
SPLINE
  5
2B9
330
17
100
AcDbEntity
  8
GEOMETRY
100
AcDbSpline
 70
0
 71
3
 72
23
 73
19
 74
0
 40
0.0
 40
0.0
 40
0.0
 40
0.0
 40
1.0
 40
1.0
 40
1.0
 40
2.0
 40
2.0
 40
2.0
 40
3.0
 40
3.0
 40
3.0
 40
4.0
 40
4.0
 40
4.0
 40
5.0
 40
5.0
 40
5.0
 40
6.0
 40
6.0
 40
6.0
 40
6.0
 10
6.8034055118110235
 20
9.763779527559056
 30
0.0
 10
6.8034055118110235
 20
9.757928165190574
 30
0.0
 10
6.804946090049836
 20
9.752178648930295
 30
0.0
 10
6.807871771234076
 20
9.74711122047244
 30
0.0
 10
6.810797452418317
 20
9.742043792014588
 30
0.0
 10
6.815006390439785
 20
9.737834853993121
 30
0.0
 10
6.820073818897638
 20
9.73490917280888
 30
0.0
 10
6.825141247355492
 20
9.73198349162464
 30
0.0
 10
6.830890763615771
 20
9.730442913385827
 30
0.0
 10
6.8367421259842525
 20
9.730442913385827
 30
0.0
 10
6.842593488352734
 20
9.730442913385827
 30
0.0
 10
6.848343004613013
 20
9.73198349162464
 30
0.0
 10
6.8534104330708665
 20
9.73490917280888
 30
0.0
 10
6.858477861528719
 20
9.737834853993121
 30
0.0
 10
6.862686799550188
 20
9.742043792014588
 30
0.0
 10
6.865612480734429
 20
9.74711122047244
 30
0.0
 10
6.868538161918669
 20
9.752178648930295
 30
0.0
 10
6.8700787401574805
 20
9.757928165190574
 30
0.0
 10
6.8700787401574805
 20
9.763779527559056
 30
0.0
  0
SPLINE
  5
2BA
330
17
100
AcDbEntity
  8
GEOMETRY
100
AcDbSpline
 70
0
 71
3
 72
23
 73
19
 74
0
 40
0.0
 40
0.0
 40
0.0
 40
0.0
 40
1.0
 40
1.0
 40
1.0
 40
2.0
 40
2.0
 40
2.0
 40
3.0
 40
3.0
 40
3.0
 40
4.0
 40
4.0
 40
4.0
 40
5.0
 40
5.0
 40
5.0
 40
6.0
 40
6.0
 40
6.0
 40
6.0
 10
6.8700787401574805
 20
9.763779527559056
 30
0.0
 10
6.8700787401574805
 20
9.757928165190574
 30
0.0
 10
6.87161931839629
 20
9.752178648930295
 30
0.0
 10
6.874544999580531
 20
9.74711122047244
 30
0.0
 10
6.877470680764772
 20
9.742043792014588
 30
0.0
 10
6.88167961878624
 20
9.737834853993121
 30
0.0
 10
6.886747047244093
 20
9.73490917280888
 30
0.0
 10
6.891814475701946
 20
9.73198349162464
 30
0.0
 10
6.897563991962226
 20
9.730442913385827
 30
0.0
 10
6.903415354330708
 20
9.730442913385827
 30
0.0
 10
6.9092667166991895
 20
9.730442913385827
 30
0.0
 10
6.915016232959468
 20
9.73198349162464
 30
0.0
 10
6.920083661417322
 20
9.73490917280888
 30
0.0
 10
6.925151089875175
 20
9.737834853993121
 30
0.0
 10
6.929360027896644
 20
9.742043792014588
 30
0.0
 10
6.932285709080885
 20
9.74711122047244
 30
0.0
 10
6.935211390265127
 20
9.752178648930295
 30
0.0
 10
6.936751968503937
 20
9.757928165190574
 30
0.0
 10
6.936751968503937
 20
9.763779527559056
 30
0.0
  0
SPLINE
  5
2BB
330
17
100
AcDbEntity
  8
GEOMETRY
100
AcDbSpline
 70
0
 71
3
 72
23
 73
19
 74
0
 40
0.0
 40
0.0
 40
0.0
 40
0.0
 40
1.0
 40
1.0
 40
1.0
 40
2.0
 40
2.0
 40
2.0
 40
3.0
 40
3.0
 40
3.0
 40
4.0
 40
4.0
 40
4.0
 40
5.0
 40
5.0
 40
5.0
 40
6.0
 40
6.0
 40
6.0
 40
6.0
 10
6.936751968503937
 20
9.763779527559056
 30
0.0
 10
6.936751968503937
 20
9.757929892785015
 30
0.0
 10
6.938292091892368
 20
9.752182074049465
 30
0.0
 10
6.941216909279388
 20
9.747116141732285
 30
0.0
 10
6.944141726666408
 20
9.742050209415103
 30
0.0
 10
6.948349422013527
 20
9.737842514067985
 30
0.0
 10
6.953415354330708
 20
9.734917696680965
 30
0.0
 10
6.9584812866478885
 20
9.731992879293943
 30
0.0
 10
6.964229105383438
 20
9.730452755905512
 30
0.0
 10
6.97007874015748
 20
9.730452755905512
 30
0.0
 10
6.975928374931522
 20
9.730452755905512
 30
0.0
 10
6.981676193667071
 20
9.731992879293943
 30
0.0
 10
6.986742125984251
 20
9.734917696680965
 30
0.0
 10
6.991808058301432
 20
9.737842514067985
 30
0.0
 10
6.996015753648551
 20
9.742050209415103
 30
0.0
 10
6.998940571035572
 20
9.747116141732285
 30
0.0
 10
7.001865388422592
 20
9.752182074049465
 30
0.0
 10
7.003405511811024
 20
9.757929892785015
 30
0.0
 10
7.003405511811024
 20
9.763779527559056
 30
0.0
  0
SPLINE
  5
2BC
330
17
100
AcDbEntity
  8
GEOMETRY
100
AcDbSpline
 70
0
 71
3
 72
23
 73
19
 74
0
 40
0.0
 40
0.0
 40
0.0
 40
0.0
 40
1.0
 40
1.0
 40
1.0
 40
2.0
 40
2.0
 40
2.0
 40
3.0
 40
3.0
 40
3.0
 40
4.0
 40
4.0
 40
4.0
 40
5.0
 40
5.0
 40
5.0
 40
6.0
 40
6.0
 40
6.0
 40
6.0
 10
7.003405511811024
 20
9.763779527559056
 30
0.0
 10
7.003405511811024
 20
9.757928165190574
 30
0.0
 10
7.0049460900498355
 20
9.752178648930295
 30
0.0
 10
7.0078717712340755
 20
9.74711122047244
 30
0.0
 10
7.010797452418316
 20
9.742043792014588
 30
0.0
 10
7.015006390439785
 20
9.737834853993121
 30
0.0
 10
7.020073818897638
 20
9.73490917280888
 30
0.0
 10
7.025141247355491
 20
9.73198349162464
 30
0.0
 10
7.03089076361577
 20
9.730442913385827
 30
0.0
 10
7.036742125984252
 20
9.730442913385827
 30
0.0
 10
7.0425934883527335
 20
9.730442913385827
 30
0.0
 10
7.048343004613012
 20
9.73198349162464
 30
0.0
 10
7.053410433070866
 20
9.73490917280888
 30
0.0
 10
7.058477861528719
 20
9.737834853993121
 30
0.0
 10
7.062686799550187
 20
9.742043792014588
 30
0.0
 10
7.065612480734428
 20
9.74711122047244
 30
0.0
 10
7.068538161918668
 20
9.752178648930295
 30
0.0
 10
7.070078740157481
 20
9.757928165190574
 30
0.0
 10
7.070078740157481
 20
9.763779527559056
 30
0.0
  0
SPLINE
  5
2BD
330
17
100
AcDbEntity
  8
GEOMETRY
100
AcDbSpline
 70
0
 71
3
 72
23
 73
19
 74
0
 40
0.0
 40
0.0
 40
0.0
 40
0.0
 40
1.0
 40
1.0
 40
1.0
 40
2.0
 40
2.0
 40
2.0
 40
3.0
 40
3.0
 40
3.0
 40
4.0
 40
4.0
 40
4.0
 40
5.0
 40
5.0
 40
5.0
 40
6.0
 40
6.0
 40
6.0
 40
6.0
 10
7.070078740157481
 20
9.763779527559056
 30
0.0
 10
7.070078740157481
 20
9.757928165190574
 30
0.0
 10
7.07161931839629
 20
9.752178648930295
 30
0.0
 10
7.074544999580532
 20
9.74711122047244
 30
0.0
 10
7.0774706807647725
 20
9.742043792014588
 30
0.0
 10
7.08167961878624
 20
9.737834853993121
 30
0.0
 10
7.086747047244094
 20
9.73490917280888
 30
0.0
 10
7.091814475701947
 20
9.73198349162464
 30
0.0
 10
7.097563991962227
 20
9.730442913385827
 30
0.0
 10
7.103415354330709
 20
9.730442913385827
 30
0.0
 10
7.1092667166991905
 20
9.730442913385827
 30
0.0
 10
7.115016232959469
 20
9.73198349162464
 30
0.0
 10
7.120083661417322
 20
9.73490917280888
 30
0.0
 10
7.1251510898751755
 20
9.737834853993121
 30
0.0
 10
7.129360027896644
 20
9.742043792014588
 30
0.0
 10
7.132285709080886
 20
9.74711122047244
 30
0.0
 10
7.135211390265127
 20
9.752178648930295
 30
0.0
 10
7.136751968503938
 20
9.757928165190574
 30
0.0
 10
7.136751968503938
 20
9.763779527559056
 30
0.0
  0
SPLINE
  5
2BE
330
17
100
AcDbEntity
  8
GEOMETRY
100
AcDbSpline
 70
0
 71
3
 72
23
 73
19
 74
0
 40
0.0
 40
0.0
 40
0.0
 40
0.0
 40
1.0
 40
1.0
 40
1.0
 40
2.0
 40
2.0
 40
2.0
 40
3.0
 40
3.0
 40
3.0
 40
4.0
 40
4.0
 40
4.0
 40
5.0
 40
5.0
 40
5.0
 40
6.0
 40
6.0
 40
6.0
 40
6.0
 10
7.136751968503938
 20
9.763779527559056
 30
0.0
 10
7.136751968503938
 20
9.757929892785015
 30
0.0
 10
7.138292091892368
 20
9.752182074049465
 30
0.0
 10
7.141216909279389
 20
9.747116141732285
 30
0.0
 10
7.144141726666409
 20
9.742050209415103
 30
0.0
 10
7.148349422013528
 20
9.737842514067985
 30
0.0
 10
7.153415354330709
 20
9.734917696680965
 30
0.0
 10
7.1584812866478895
 20
9.731992879293943
 30
0.0
 10
7.164229105383439
 20
9.730452755905512
 30
0.0
 10
7.17007874015748
 20
9.730452755905512
 30
0.0
 10
7.175928374931522
 20
9.730452755905512
 30
0.0
 10
7.181676193667071
 20
9.731992879293943
 30
0.0
 10
7.186742125984252
 20
9.734917696680965
 30
0.0
 10
7.191808058301433
 20
9.737842514067985
 30
0.0
 10
7.196015753648552
 20
9.742050209415103
 30
0.0
 10
7.198940571035572
 20
9.747116141732285
 30
0.0
 10
7.2018653884225925
 20
9.752182074049465
 30
0.0
 10
7.203405511811023
 20
9.757929892785015
 30
0.0
 10
7.203405511811023
 20
9.763779527559056
 30
0.0
  0
SPLINE
  5
2BF
330
17
100
AcDbEntity
  8
GEOMETRY
100
AcDbSpline
 70
0
 71
3
 72
23
 73
19
 74
0
 40
0.0
 40
0.0
 40
0.0
 40
0.0
 40
1.0
 40
1.0
 40
1.0
 40
2.0
 40
2.0
 40
2.0
 40
3.0
 40
3.0
 40
3.0
 40
4.0
 40
4.0
 40
4.0
 40
5.0
 40
5.0
 40
5.0
 40
6.0
 40
6.0
 40
6.0
 40
6.0
 10
7.203405511811023
 20
9.763779527559056
 30
0.0
 10
7.203405511811023
 20
9.757928165190574
 30
0.0
 10
7.204946090049836
 20
9.752178648930295
 30
0.0
 10
7.2078717712340765
 20
9.74711122047244
 30
0.0
 10
7.2107974524183165
 20
9.742043792014588
 30
0.0
 10
7.215006390439785
 20
9.737834853993121
 30
0.0
 10
7.220073818897639
 20
9.73490917280888
 30
0.0
 10
7.2251412473554915
 20
9.73198349162464
 30
0.0
 10
7.23089076361577
 20
9.730442913385827
 30
0.0
 10
7.236742125984252
 20
9.730442913385827
 30
0.0
 10
7.242593488352734
 20
9.730442913385827
 30
0.0
 10
7.248343004613013
 20
9.73198349162464
 30
0.0
 10
7.253410433070866
 20
9.73490917280888
 30
0.0
 10
7.2584778615287195
 20
9.737834853993121
 30
0.0
 10
7.262686799550188
 20
9.742043792014588
 30
0.0
 10
7.265612480734428
 20
9.74711122047244
 30
0.0
 10
7.268538161918669
 20
9.752178648930295
 30
0.0
 10
7.27007874015748
 20
9.757928165190574
 30
0.0
 10
7.27007874015748
 20
9.763779527559056
 30
0.0
  0
SPLINE
  5
2C0
330
17
100
AcDbEntity
  8
GEOMETRY
100
AcDbSpline
 70
0
 71
3
 72
23
 73
19
 74
0
 40
0.0
 40
0.0
 40
0.0
 40
0.0
 40
1.0
 40
1.0
 40
1.0
 40
2.0
 40
2.0
 40
2.0
 40
3.0
 40
3.0
 40
3.0
 40
4.0
 40
4.0
 40
4.0
 40
5.0
 40
5.0
 40
5.0
 40
6.0
 40
6.0
 40
6.0
 40
6.0
 10
7.27007874015748
 20
9.763779527559056
 30
0.0
 10
7.27007874015748
 20
9.757928165190574
 30
0.0
 10
7.271619318396293
 20
9.752178648930295
 30
0.0
 10
7.274544999580533
 20
9.74711122047244
 30
0.0
 10
7.2774706807647735
 20
9.742043792014588
 30
0.0
 10
7.281679618786242
 20
9.737834853993121
 30
0.0
 10
7.286747047244095
 20
9.73490917280888
 30
0.0
 10
7.2918144757019485
 20
9.73198349162464
 30
0.0
 10
7.297563991962227
 20
9.730442913385827
 30
0.0
 10
7.303415354330709
 20
9.730442913385827
 30
0.0
 10
7.309266716699191
 20
9.730442913385827
 30
0.0
 10
7.3150162329594695
 20
9.73198349162464
 30
0.0
 10
7.320083661417323
 20
9.73490917280888
 30
0.0
 10
7.325151089875176
 20
9.737834853993121
 30
0.0
 10
7.329360027896644
 20
9.742043792014588
 30
0.0
 10
7.332285709080885
 20
9.74711122047244
 30
0.0
 10
7.335211390265125
 20
9.752178648930295
 30
0.0
 10
7.336751968503937
 20
9.757928165190574
 30
0.0
 10
7.336751968503937
 20
9.763779527559056
 30
0.0
  0
SPLINE
  5
2C1
330
17
100
AcDbEntity
  8
GEOMETRY
100
AcDbSpline
 70
0
 71
3
 72
23
 73
19
 74
0
 40
0.0
 40
0.0
 40
0.0
 40
0.0
 40
1.0
 40
1.0
 40
1.0
 40
2.0
 40
2.0
 40
2.0
 40
3.0
 40
3.0
 40
3.0
 40
4.0
 40
4.0
 40
4.0
 40
5.0
 40
5.0
 40
5.0
 40
6.0
 40
6.0
 40
6.0
 40
6.0
 10
7.336751968503937
 20
9.763779527559056
 30
0.0
 10
7.336751968944339
 20
9.757929893068377
 30
0.0
 10
7.338292092616296
 20
9.752182074717302
 30
0.0
 10
7.341216910115969
 20
9.747116142792361
 30
0.0
 10
7.344141727615643
 20
9.742050210867419
 30
0.0
 10
7.348349422910526
 20
9.73784251588949
 30
0.0
 10
7.353415355055787
 20
9.734917698771419
 30
0.0
 10
7.358481287201047
 20
9.731992881653348
 30
0.0
 10
7.364229105668135
 20
9.730452758414359
 30
0.0
 10
7.370078740158814
 20
9.730452758414591
 30
0.0
 10
7.375928374649492
 20
9.730452758414826
 30
0.0
 10
7.381676193116458
 20
9.731992881654277
 30
0.0
 10
7.386742125261484
 20
9.734917698772753
 30
0.0
 10
7.39180805740651
 20
9.737842515891229
 30
0.0
 10
7.3960157527010555
 20
9.742050210869495
 30
0.0
 10
7.398940570200324
 20
9.74711614279467
 30
0.0
 10
7.4018653876995915
 20
9.752182074719848
 30
0.0
 10
7.40340551137109
 20
9.757929893068377
 30
0.0
 10
7.403405511811024
 20
9.763779527559056
 30
0.0
  0
SPLINE
  5
2C2
330
17
100
AcDbEntity
  8
GEOMETRY
100
AcDbSpline
 70
0
 71
3
 72
23
 73
19
 74
0
 40
0.0
 40
0.0
 40
0.0
 40
0.0
 40
1.0
 40
1.0
 40
1.0
 40
2.0
 40
2.0
 40
2.0
 40
3.0
 40
3.0
 40
3.0
 40
4.0
 40
4.0
 40
4.0
 40
5.0
 40
5.0
 40
5.0
 40
6.0
 40
6.0
 40
6.0
 40
6.0
 10
7.403405511811024
 20
9.763779527559056
 30
0.0
 10
7.403405511811024
 20
9.757928165190574
 30
0.0
 10
7.404946090049833
 20
9.752178648930295
 30
0.0
 10
7.407871771234075
 20
9.74711122047244
 30
0.0
 10
7.410797452418316
 20
9.742043792014588
 30
0.0
 10
7.415006390439784
 20
9.737834853993121
 30
0.0
 10
7.420073818897636
 20
9.73490917280888
 30
0.0
 10
7.42514124735549
 20
9.73198349162464
 30
0.0
 10
7.4308907636157695
 20
9.730442913385827
 30
0.0
 10
7.436742125984251
 20
9.730442913385827
 30
0.0
 10
7.442593488352734
 20
9.730442913385827
 30
0.0
 10
7.448343004613013
 20
9.73198349162464
 30
0.0
 10
7.453410433070865
 20
9.73490917280888
 30
0.0
 10
7.458477861528719
 20
9.737834853993121
 30
0.0
 10
7.4626867995501875
 20
9.742043792014588
 30
0.0
 10
7.465612480734428
 20
9.74711122047244
 30
0.0
 10
7.46853816191867
 20
9.752178648930295
 30
0.0
 10
7.47007874015748
 20
9.757928165190574
 30
0.0
 10
7.47007874015748
 20
9.763779527559056
 30
0.0
  0
SPLINE
  5
2C3
330
17
100
AcDbEntity
  8
GEOMETRY
100
AcDbSpline
 70
0
 71
3
 72
23
 73
19
 74
0
 40
0.0
 40
0.0
 40
0.0
 40
0.0
 40
1.0
 40
1.0
 40
1.0
 40
2.0
 40
2.0
 40
2.0
 40
3.0
 40
3.0
 40
3.0
 40
4.0
 40
4.0
 40
4.0
 40
5.0
 40
5.0
 40
5.0
 40
6.0
 40
6.0
 40
6.0
 40
6.0
 10
7.47007874015748
 20
9.763779527559056
 30
0.0
 10
7.47007874015748
 20
9.757928165190574
 30
0.0
 10
7.471619318396292
 20
9.752178648930295
 30
0.0
 10
7.474544999580532
 20
9.74711122047244
 30
0.0
 10
7.477470680764773
 20
9.742043792014588
 30
0.0
 10
7.4816796187862415
 20
9.737834853993121
 30
0.0
 10
7.486747047244094
 20
9.73490917280888
 30
0.0
 10
7.491814475701948
 20
9.73198349162464
 30
0.0
 10
7.497563991962227
 20
9.730442913385827
 30
0.0
 10
7.503415354330708
 20
9.730442913385827
 30
0.0
 10
7.50926671669919
 20
9.730442913385827
 30
0.0
 10
7.515016232959469
 20
9.73198349162464
 30
0.0
 10
7.520083661417322
 20
9.73490917280888
 30
0.0
 10
7.525151089875176
 20
9.737834853993121
 30
0.0
 10
7.529360027896644
 20
9.742043792014588
 30
0.0
 10
7.532285709080885
 20
9.74711122047244
 30
0.0
 10
7.5352113902651245
 20
9.752178648930295
 30
0.0
 10
7.536751968503937
 20
9.757928165190574
 30
0.0
 10
7.536751968503937
 20
9.763779527559056
 30
0.0
  0
SPLINE
  5
2C4
330
17
100
AcDbEntity
  8
GEOMETRY
100
AcDbSpline
 70
0
 71
3
 72
23
 73
19
 74
0
 40
0.0
 40
0.0
 40
0.0
 40
0.0
 40
1.0
 40
1.0
 40
1.0
 40
2.0
 40
2.0
 40
2.0
 40
3.0
 40
3.0
 40
3.0
 40
4.0
 40
4.0
 40
4.0
 40
5.0
 40
5.0
 40
5.0
 40
6.0
 40
6.0
 40
6.0
 40
6.0
 10
7.536751968503937
 20
9.763779527559056
 30
0.0
 10
7.536751968503937
 20
9.757929892785015
 30
0.0
 10
7.538292091892368
 20
9.752182074049465
 30
0.0
 10
7.541216909279388
 20
9.747116141732285
 30
0.0
 10
7.544141726666409
 20
9.742050209415103
 30
0.0
 10
7.548349422013528
 20
9.737842514067985
 30
0.0
 10
7.553415354330709
 20
9.734917696680965
 30
0.0
 10
7.55848128664789
 20
9.731992879293943
 30
0.0
 10
7.564229105383438
 20
9.730452755905512
 30
0.0
 10
7.57007874015748
 20
9.730452755905512
 30
0.0
 10
7.5759283749315225
 20
9.730452755905512
 30
0.0
 10
7.581676193667071
 20
9.731992879293943
 30
0.0
 10
7.586742125984252
 20
9.734917696680965
 30
0.0
 10
7.5918080583014325
 20
9.737842514067985
 30
0.0
 10
7.596015753648552
 20
9.742050209415103
 30
0.0
 10
7.598940571035572
 20
9.747116141732285
 30
0.0
 10
7.601865388422593
 20
9.752182074049465
 30
0.0
 10
7.603405511811023
 20
9.757929892785015
 30
0.0
 10
7.603405511811023
 20
9.763779527559056
 30
0.0
  0
SPLINE
  5
2C5
330
17
100
AcDbEntity
  8
GEOMETRY
100
AcDbSpline
 70
0
 71
3
 72
23
 73
19
 74
0
 40
0.0
 40
0.0
 40
0.0
 40
0.0
 40
1.0
 40
1.0
 40
1.0
 40
2.0
 40
2.0
 40
2.0
 40
3.0
 40
3.0
 40
3.0
 40
4.0
 40
4.0
 40
4.0
 40
5.0
 40
5.0
 40
5.0
 40
6.0
 40
6.0
 40
6.0
 40
6.0
 10
7.603405511811023
 20
9.763779527559056
 30
0.0
 10
7.603405511811023
 20
9.757928165190574
 30
0.0
 10
7.604946090049836
 20
9.752178648930295
 30
0.0
 10
7.607871771234076
 20
9.74711122047244
 30
0.0
 10
7.610797452418317
 20
9.742043792014588
 30
0.0
 10
7.615006390439785
 20
9.737834853993121
 30
0.0
 10
7.620073818897638
 20
9.73490917280888
 30
0.0
 10
7.625141247355492
 20
9.73198349162464
 30
0.0
 10
7.630890763615771
 20
9.730442913385827
 30
0.0
 10
7.636742125984252
 20
9.730442913385827
 30
0.0
 10
7.642593488352734
 20
9.730442913385827
 30
0.0
 10
7.648343004613013
 20
9.73198349162464
 30
0.0
 10
7.653410433070866
 20
9.73490917280888
 30
0.0
 10
7.658477861528719
 20
9.737834853993121
 30
0.0
 10
7.662686799550188
 20
9.742043792014588
 30
0.0
 10
7.665612480734429
 20
9.74711122047244
 30
0.0
 10
7.6685381619186685
 20
9.752178648930295
 30
0.0
 10
7.67007874015748
 20
9.757928165190574
 30
0.0
 10
7.67007874015748
 20
9.763779527559056
 30
0.0
  0
SPLINE
  5
2C6
330
17
100
AcDbEntity
  8
GEOMETRY
100
AcDbSpline
 70
0
 71
3
 72
23
 73
19
 74
0
 40
0.0
 40
0.0
 40
0.0
 40
0.0
 40
1.0
 40
1.0
 40
1.0
 40
2.0
 40
2.0
 40
2.0
 40
3.0
 40
3.0
 40
3.0
 40
4.0
 40
4.0
 40
4.0
 40
5.0
 40
5.0
 40
5.0
 40
6.0
 40
6.0
 40
6.0
 40
6.0
 10
7.67007874015748
 20
9.763779527559056
 30
0.0
 10
7.67007874015748
 20
9.757928165190574
 30
0.0
 10
7.671619318396292
 20
9.752178648930295
 30
0.0
 10
7.674544999580533
 20
9.74711122047244
 30
0.0
 10
7.677470680764773
 20
9.742043792014588
 30
0.0
 10
7.681679618786242
 20
9.737834853993121
 30
0.0
 10
7.686747047244095
 20
9.73490917280888
 30
0.0
 10
7.691814475701948
 20
9.73198349162464
 30
0.0
 10
7.697563991962227
 20
9.730442913385827
 30
0.0
 10
7.7034153543307085
 20
9.730442913385827
 30
0.0
 10
7.709266716699191
 20
9.730442913385827
 30
0.0
 10
7.71501623295947
 20
9.73198349162464
 30
0.0
 10
7.7200836614173225
 20
9.73490917280888
 30
0.0
 10
7.725151089875176
 20
9.737834853993121
 30
0.0
 10
7.729360027896645
 20
9.742043792014588
 30
0.0
 10
7.732285709080885
 20
9.74711122047244
 30
0.0
 10
7.735211390265126
 20
9.752178648930295
 30
0.0
 10
7.7367519685039365
 20
9.757928165190574
 30
0.0
 10
7.7367519685039365
 20
9.763779527559056
 30
0.0
  0
SPLINE
  5
2C7
330
17
100
AcDbEntity
  8
GEOMETRY
100
AcDbSpline
 70
0
 71
3
 72
23
 73
19
 74
0
 40
0.0
 40
0.0
 40
0.0
 40
0.0
 40
1.0
 40
1.0
 40
1.0
 40
2.0
 40
2.0
 40
2.0
 40
3.0
 40
3.0
 40
3.0
 40
4.0
 40
4.0
 40
4.0
 40
5.0
 40
5.0
 40
5.0
 40
6.0
 40
6.0
 40
6.0
 40
6.0
 10
7.7367519685039365
 20
9.763779527559056
 30
0.0
 10
7.7367519685039365
 20
9.757929892785015
 30
0.0
 10
7.738292091892369
 20
9.752182074049465
 30
0.0
 10
7.741216909279389
 20
9.747116141732285
 30
0.0
 10
7.74414172666641
 20
9.742050209415103
 30
0.0
 10
7.748349422013528
 20
9.737842514067985
 30
0.0
 10
7.753415354330709
 20
9.734917696680963
 30
0.0
 10
7.75848128664789
 20
9.731992879293943
 30
0.0
 10
7.764229105383439
 20
9.730452755905512
 30
0.0
 10
7.770078740157481
 20
9.730452755905512
 30
0.0
 10
7.775928374931523
 20
9.730452755905512
 30
0.0
 10
7.781676193667072
 20
9.731992879293943
 30
0.0
 10
7.786742125984253
 20
9.734917696680963
 30
0.0
 10
7.791808058301433
 20
9.737842514067985
 30
0.0
 10
7.796015753648552
 20
9.742050209415103
 30
0.0
 10
7.798940571035573
 20
9.747116141732285
 30
0.0
 10
7.801865388422593
 20
9.752182074049465
 30
0.0
 10
7.8034055118110235
 20
9.757929892785015
 30
0.0
 10
7.8034055118110235
 20
9.763779527559056
 30
0.0
  0
SPLINE
  5
2C8
330
17
100
AcDbEntity
  8
GEOMETRY
100
AcDbSpline
 70
0
 71
3
 72
23
 73
19
 74
0
 40
0.0
 40
0.0
 40
0.0
 40
0.0
 40
1.0
 40
1.0
 40
1.0
 40
2.0
 40
2.0
 40
2.0
 40
3.0
 40
3.0
 40
3.0
 40
4.0
 40
4.0
 40
4.0
 40
5.0
 40
5.0
 40
5.0
 40
6.0
 40
6.0
 40
6.0
 40
6.0
 10
7.8034055118110235
 20
9.763779527559056
 30
0.0
 10
7.803405511921092
 20
9.757928165259319
 30
0.0
 10
7.804946090231855
 20
9.752178649093166
 30
0.0
 10
7.807871771446218
 20
9.747111220732084
 30
0.0
 10
7.810797452660581
 20
9.742043792371003
 30
0.0
 10
7.8150063906716944
 20
9.737834854441422
 30
0.0
 10
7.82007381908945
 20
9.73490917332522
 30
0.0
 10
7.825141247507207
 20
9.731983492209022
 30
0.0
 10
7.830890763703203
 20
9.730442914009632
 30
0.0
 10
7.83674212600294
 20
9.730442914012912
 30
0.0
 10
7.8425934883026756
 20
9.730442914016193
 30
0.0
 10
7.848343004496945
 20
9.731983492222026
 30
0.0
 10
7.853410432911421
 20
9.734909173343908
 30
0.0
 10
7.8584778613258965
 20
9.73783485446579
 30
0.0
 10
7.862686799332291
 20
9.74204379240009
 30
0.0
 10
7.865612480540973
 20
9.747111220764452
 30
0.0
 10
7.868538161749655
 20
9.752178649128814
 30
0.0
 10
7.870078740053973
 20
9.757928165259319
 30
0.0
 10
7.8700787401574805
 20
9.763779527559056
 30
0.0
  0
LWPOLYLINE
  5
2C9
330
17
100
AcDbEntity
  8
GEOMETRY
100
AcDbPolyline
 90
5
 70
0
 10
5.87007874015748
 20
9.854330708661418
 10
7.8700787401574805
 20
9.854330708661418
 10
7.8700787401574805
 20
9.838582677165356
 10
5.87007874015748
 20
9.838582677165356
 10
5.87007874015748
 20
9.854330708661418
  0
LWPOLYLINE
  5
2CA
330
17
100
AcDbEntity
  8
GEOMETRY
100
AcDbPolyline
 90
5
 70
0
 10
5.87007874015748
 20
10.090551181102363
 10
7.8700787401574805
 20
10.090551181102363
 10
7.8700787401574805
 20
9.854330708661418
 10
5.87007874015748
 20
9.854330708661418
 10
5.87007874015748
 20
10.090551181102363
  0
LINE
  5
2CB
330
17
100
AcDbEntity
  8
GEOMETRY
100
AcDbLine
 10
5.87007874015748
 20
10.051181102362206
 30
0.0
 11
7.8700787401574805
 21
10.051181102362206
 31
0.0
  0
LWPOLYLINE
  5
2CC
330
17
100
AcDbEntity
  8
GEOMETRY
100
AcDbPolyline
 90
5
 70
0
 10
5.649606299212598
 20
10.111811023622048
 10
8.090551181102363
 20
10.111811023622048
 10
8.090551181102363
 20
10.090551181102363
 10
5.649606299212598
 20
10.090551181102363
 10
5.649606299212598
 20
10.111811023622048
  0
LWPOLYLINE
  5
2CD
330
17
100
AcDbEntity
  8
GEOMETRY
100
AcDbPolyline
 90
5
 70
0
 10
5.6299212598425195
 20
10.137795275590552
 10
8.11023622047244
 20
10.137795275590552
 10
8.11023622047244
 20
10.111811023622048
 10
5.6299212598425195
 20
10.111811023622048
 10
5.6299212598425195
 20
10.137795275590552
  0
LWPOLYLINE
  5
2CE
330
17
100
AcDbEntity
  8
GEOMETRY
100
AcDbPolyline
 90
7
 70
0
 10
5.574803149606299
 20
10.275590551181104
 10
8.165354330708661
 20
10.275590551181104
 10
8.165354330708661
 20
10.214960629921261
 10
8.11023622047244
 20
10.137795275590552
 10
5.6299212598425195
 20
10.137795275590552
 10
5.574803149606299
 20
10.214960629921261
 10
5.574803149606299
 20
10.275590551181104
  0
LINE
  5
2CF
330
17
100
AcDbEntity
  8
GEOMETRY
100
AcDbLine
 10
5.574803149606299
 20
10.21496062992126
 30
0.0
 11
8.165354330708661
 21
10.21496062992126
 31
0.0
  0
LINE
  5
2D0
330
17
100
AcDbEntity
  8
GEOMETRY
100
AcDbLine
 10
5.580708661417323
 20
10.2476968503937
 30
0.0
 11
8.159448818897637
 21
10.2476968503937
 31
0.0
  0
POLYLINE
  5
2D1
330
17
100
AcDbEntity
  8
GEOMETRY
100
AcDb2dPolyline
 66
1
 10
0.0
 20
0.0
 30
0.0
 70
0
  0
VERTEX
  5
2D2
330
2D1
100
AcDbEntity
  8
GEOMETRY
100
AcDbVertex
100
AcDb2dVertex
 10
5.87007874015748
 20
10.090551181102363
 30
0.0
 70
0
  0
VERTEX
  5
2D3
330
2D1
100
AcDbEntity
  8
GEOMETRY
100
AcDbVertex
100
AcDb2dVertex
 10
5.641732283464568
 20
10.090551181102363
 30
0.0
 70
0
  0
SEQEND
  5
2D4
330
2D1
100
AcDbEntity
  8
GEOMETRY
  0
SPLINE
  5
2D5
330
17
100
AcDbEntity
  8
GEOMETRY
100
AcDbSpline
 70
0
 71
3
 72
8
 73
4
 74
0
 40
0.0
 40
0.0
 40
0.0
 40
0.0
 40
1.0
 40
1.0
 40
1.0
 40
1.0
 10
5.641732283464568
 20
10.090551181102363
 30
0.0
 10
5.633858267716535
 20
10.029074803149607
 30
0.0
 10
5.661417322834646
 20
10.008582677165355
 30
0.0
 10
5.65748031496063
 20
9.9471062992126
 30
0.0
  0
SPLINE
  5
2D6
330
17
100
AcDbEntity
  8
GEOMETRY
100
AcDbSpline
 70
0
 71
3
 72
11
 73
7
 74
0
 40
0.0
 40
0.0
 40
0.0
 40
0.0
 40
1.0
 40
1.0
 40
1.0
 40
2.0
 40
2.0
 40
2.0
 40
2.0
 10
5.65748031496063
 20
9.9471062992126
 30
0.0
 10
5.653543307086614
 20
9.830984251968504
 30
0.0
 10
5.645669291338582
 20
9.735354330708661
 30
0.0
 10
5.64763779527559
 20
9.612401574803151
 30
0.0
 10
5.649606299212598
 20
9.516771653543309
 30
0.0
 10
5.641732283464568
 20
9.496279527559055
 30
0.0
 10
5.641732283464568
 20
9.40748031496063
 30
0.0
  0
POLYLINE
  5
2D7
330
17
100
AcDbEntity
  8
GEOMETRY
100
AcDb2dPolyline
 66
1
 10
0.0
 20
0.0
 30
0.0
 70
0
  0
VERTEX
  5
2D8
330
2D7
100
AcDbEntity
  8
GEOMETRY
100
AcDbVertex
100
AcDb2dVertex
 10
5.641732283464568
 20
9.40748031496063
 30
0.0
 70
0
  0
VERTEX
  5
2D9
330
2D7
100
AcDbEntity
  8
GEOMETRY
100
AcDbVertex
100
AcDb2dVertex
 10
5.87007874015748
 20
9.40748031496063
 30
0.0
 70
0
  0
VERTEX
  5
2DA
330
2D7
100
AcDbEntity
  8
GEOMETRY
100
AcDbVertex
100
AcDb2dVertex
 10
5.87007874015748
 20
10.090551181102363
 30
0.0
 70
0
  0
SEQEND
  5
2DB
330
2D7
100
AcDbEntity
  8
GEOMETRY
  0
LINE
  5
2DC
330
17
100
AcDbEntity
  8
GEOMETRY
100
AcDbLine
 10
5.669291338582677
 20
10.090551181102363
 30
0.0
 11
5.669291338582677
 21
9.40748031496063
 31
0.0
  0
LINE
  5
2DD
330
17
100
AcDbEntity
  8
GEOMETRY
100
AcDbLine
 10
5.641732283464568
 20
10.057086614173228
 30
0.0
 11
5.87007874015748
 21
10.057086614173228
 31
0.0
  0
LINE
  5
2DE
330
17
100
AcDbEntity
  8
GEOMETRY
100
AcDbLine
 10
5.652755905511811
 20
10.075492125984251
 30
0.0
 11
5.87007874015748
 21
10.075492125984251
 31
0.0
  0
LINE
  5
2DF
330
17
100
AcDbEntity
  8
GEOMETRY
100
AcDbLine
 10
5.641732283464568
 20
9.446850393700787
 30
0.0
 11
5.87007874015748
 21
9.446850393700787
 31
0.0
  0
LWPOLYLINE
  5
2E0
330
17
100
AcDbEntity
  8
GEOMETRY
100
AcDbPolyline
 90
5
 70
0
 10
5.655511811023622
 20
9.437007874015748
 10
5.87007874015748
 20
9.437007874015748
 10
5.87007874015748
 20
9.415354330708663
 10
5.655511811023622
 20
9.415354330708663
 10
5.655511811023622
 20
9.437007874015748
  0
LINE
  5
2E1
330
17
100
AcDbEntity
  8
GEOMETRY
100
AcDbLine
 10
5.669291338582677
 20
9.984251968503937
 30
0.0
 11
5.87007874015748
 21
9.984251968503937
 31
0.0
  0
LINE
  5
2E2
330
17
100
AcDbEntity
  8
GEOMETRY
100
AcDbLine
 10
5.669291338582677
 20
9.62007874015748
 30
0.0
 11
5.87007874015748
 21
9.62007874015748
 31
0.0
  0
SPLINE
  5
2E3
330
17
100
AcDbEntity
  8
GEOMETRY
100
AcDbSpline
 70
0
 71
3
 72
8
 73
4
 74
0
 40
0.0
 40
0.0
 40
0.0
 40
0.0
 40
1.0
 40
1.0
 40
1.0
 40
1.0
 10
5.769685039370079
 20
9.992992125984253
 30
0.0
 10
5.7421259842519685
 20
9.988405511811024
 30
0.0
 10
5.731299212598425
 20
10.012145669291339
 30
0.0
 10
5.736594488188976
 20
10.018188976377953
 30
0.0
  0
SPLINE
  5
2E4
330
17
100
AcDbEntity
  8
GEOMETRY
100
AcDbSpline
 70
0
 71
3
 72
8
 73
4
 74
0
 40
0.0
 40
0.0
 40
0.0
 40
0.0
 40
1.0
 40
1.0
 40
1.0
 40
1.0
 10
5.736594488188976
 20
10.018188976377953
 30
0.0
 10
5.741870078740158
 20
10.012145669291339
 30
0.0
 10
5.766791338582677
 20
10.020767716535435
 30
0.0
 10
5.769685039370079
 20
9.992992125984253
 30
0.0
  0
SPLINE
  5
2E5
330
17
100
AcDbEntity
  8
GEOMETRY
100
AcDbSpline
 70
0
 71
3
 72
8
 73
4
 74
0
 40
0.0
 40
0.0
 40
0.0
 40
0.0
 40
1.0
 40
1.0
 40
1.0
 40
1.0
 10
5.769685039370079
 20
9.992992125984253
 30
0.0
 10
5.759540682414698
 20
10.000721784776903
 30
0.0
 10
5.748510498687664
 20
10.009120734908137
 30
0.0
 10
5.736594488188976
 20
10.018188976377953
 30
0.0
  0
SPLINE
  5
2E6
330
17
100
AcDbEntity
  8
GEOMETRY
100
AcDbSpline
 70
0
 71
3
 72
8
 73
4
 74
0
 40
0.0
 40
0.0
 40
0.0
 40
0.0
 40
1.0
 40
1.0
 40
1.0
 40
1.0
 10
5.769685039370079
 20
9.992992125984253
 30
0.0
 10
5.738681102362205
 20
10.004015748031497
 30
0.0
 10
5.738070866141733
 20
10.027992125984252
 30
0.0
 10
5.746870078740157
 20
10.039035433070866
 30
0.0
  0
SPLINE
  5
2E7
330
17
100
AcDbEntity
  8
GEOMETRY
100
AcDbSpline
 70
0
 71
3
 72
8
 73
4
 74
0
 40
0.0
 40
0.0
 40
0.0
 40
0.0
 40
1.0
 40
1.0
 40
1.0
 40
1.0
 10
5.746870078740157
 20
10.039035433070866
 30
0.0
 10
5.755669291338582
 20
10.027992125984252
 30
0.0
 10
5.779704724409449
 20
10.024330708661418
 30
0.0
 10
5.769685039370079
 20
9.992992125984253
 30
0.0
  0
SPLINE
  5
2E8
330
17
100
AcDbEntity
  8
GEOMETRY
100
AcDbSpline
 70
0
 71
3
 72
8
 73
4
 74
0
 40
0.0
 40
0.0
 40
0.0
 40
0.0
 40
1.0
 40
1.0
 40
1.0
 40
1.0
 10
5.769685039370079
 20
9.992992125984253
 30
0.0
 10
5.762690288713911
 20
10.00711286089239
 30
0.0
 10
5.75508530183727
 20
10.02246062992126
 30
0.0
 10
5.746870078740157
 20
10.039035433070866
 30
0.0
  0
SPLINE
  5
2E9
330
17
100
AcDbEntity
  8
GEOMETRY
100
AcDbSpline
 70
0
 71
3
 72
8
 73
4
 74
0
 40
0.0
 40
0.0
 40
0.0
 40
0.0
 40
1.0
 40
1.0
 40
1.0
 40
1.0
 10
5.769685039370079
 20
9.992992125984253
 30
0.0
 10
5.744251968503937
 20
10.021141732283464
 30
0.0
 10
5.758779527559055
 20
10.039488188976378
 30
0.0
 10
5.769685039370079
 20
10.054173228346457
 30
0.0
  0
SPLINE
  5
2EA
330
17
100
AcDbEntity
  8
GEOMETRY
100
AcDbSpline
 70
0
 71
3
 72
8
 73
4
 74
0
 40
0.0
 40
0.0
 40
0.0
 40
0.0
 40
1.0
 40
1.0
 40
1.0
 40
1.0
 10
5.769685039370079
 20
10.054173228346457
 30
0.0
 10
5.780590551181103
 20
10.039488188976378
 30
0.0
 10
5.795118110236221
 20
10.021141732283464
 30
0.0
 10
5.769685039370079
 20
9.992992125984253
 30
0.0
  0
SPLINE
  5
2EB
330
17
100
AcDbEntity
  8
GEOMETRY
100
AcDbSpline
 70
0
 71
3
 72
8
 73
4
 74
0
 40
0.0
 40
0.0
 40
0.0
 40
0.0
 40
1.0
 40
1.0
 40
1.0
 40
1.0
 10
5.769685039370079
 20
9.992992125984253
 30
0.0
 10
5.769685039370079
 20
10.011758530183727
 30
0.0
 10
5.769685039370079
 20
10.032152230971128
 30
0.0
 10
5.769685039370079
 20
10.054173228346457
 30
0.0
  0
SPLINE
  5
2EC
330
17
100
AcDbEntity
  8
GEOMETRY
100
AcDbSpline
 70
0
 71
3
 72
8
 73
4
 74
0
 40
0.0
 40
0.0
 40
0.0
 40
0.0
 40
1.0
 40
1.0
 40
1.0
 40
1.0
 10
5.769685039370079
 20
9.992992125984253
 30
0.0
 10
5.759665354330709
 20
10.024330708661418
 30
0.0
 10
5.783700787401575
 20
10.027992125984252
 30
0.0
 10
5.7925
 20
10.039035433070866
 30
0.0
  0
SPLINE
  5
2ED
330
17
100
AcDbEntity
  8
GEOMETRY
100
AcDbSpline
 70
0
 71
3
 72
8
 73
4
 74
0
 40
0.0
 40
0.0
 40
0.0
 40
0.0
 40
1.0
 40
1.0
 40
1.0
 40
1.0
 10
5.7925
 20
10.039035433070866
 30
0.0
 10
5.801299212598425
 20
10.027992125984252
 30
0.0
 10
5.800688976377953
 20
10.004015748031497
 30
0.0
 10
5.769685039370079
 20
9.992992125984253
 30
0.0
  0
SPLINE
  5
2EE
330
17
100
AcDbEntity
  8
GEOMETRY
100
AcDbSpline
 70
0
 71
3
 72
8
 73
4
 74
0
 40
0.0
 40
0.0
 40
0.0
 40
0.0
 40
1.0
 40
1.0
 40
1.0
 40
1.0
 10
5.769685039370079
 20
9.992992125984253
 30
0.0
 10
5.776679790026247
 20
10.00711286089239
 30
0.0
 10
5.784284776902887
 20
10.02246062992126
 30
0.0
 10
5.7925
 20
10.039035433070866
 30
0.0
  0
SPLINE
  5
2EF
330
17
100
AcDbEntity
  8
GEOMETRY
100
AcDbSpline
 70
0
 71
3
 72
8
 73
4
 74
0
 40
0.0
 40
0.0
 40
0.0
 40
0.0
 40
1.0
 40
1.0
 40
1.0
 40
1.0
 10
5.769685039370079
 20
9.992992125984253
 30
0.0
 10
5.77257874015748
 20
10.020767716535435
 30
0.0
 10
5.797499999999999
 20
10.012145669291339
 30
0.0
 10
5.802775590551181
 20
10.018188976377953
 30
0.0
  0
SPLINE
  5
2F0
330
17
100
AcDbEntity
  8
GEOMETRY
100
AcDbSpline
 70
0
 71
3
 72
8
 73
4
 74
0
 40
0.0
 40
0.0
 40
0.0
 40
0.0
 40
1.0
 40
1.0
 40
1.0
 40
1.0
 10
5.802775590551181
 20
10.018188976377953
 30
0.0
 10
5.808070866141732
 20
10.012145669291339
 30
0.0
 10
5.797244094488189
 20
9.988405511811024
 30
0.0
 10
5.769685039370079
 20
9.992992125984253
 30
0.0
  0
SPLINE
  5
2F1
330
17
100
AcDbEntity
  8
GEOMETRY
100
AcDbSpline
 70
0
 71
3
 72
8
 73
4
 74
0
 40
0.0
 40
0.0
 40
0.0
 40
0.0
 40
1.0
 40
1.0
 40
1.0
 40
1.0
 10
5.769685039370079
 20
9.992992125984253
 30
0.0
 10
5.779829396325459
 20
10.000721784776903
 30
0.0
 10
5.790859580052493
 20
10.009120734908137
 30
0.0
 10
5.802775590551181
 20
10.018188976377953
 30
0.0
  0
LWPOLYLINE
  5
2F2
330
17
100
AcDbEntity
  8
GEOMETRY
100
AcDbPolyline
 90
27
 70
0
 10
5.686161417322835
 20
10.026023622047244
 10
5.681555118110236
 20
10.02470472440945
 10
5.677952755905512
 20
10.021771653543308
 10
5.675866141732284
 20
10.01779527559055
 10
5.675511811023622
 20
10.013484251968505
 10
5.6768307086614165
 20
10.009527559055119
 10
5.679488188976378
 20
10.006515748031497
 10
5.682992125984253
 20
10.004862204724411
 10
5.686692913385827
 20
10.00472440944882
 10
5.69
 20
10.006003937007875
 10
5.6924212598425195
 20
10.008366141732283
 10
5.693661417322835
 20
10.011358267716536
 10
5.693622047244094
 20
10.014448818897637
 10
5.69244094488189
 20
10.017125984251969
 10
5.690393700787402
 20
10.018996062992127
 10
5.687913385826772
 20
10.01986220472441
 10
5.685472440944882
 20
10.019665354330709
 10
5.683425196850394
 20
10.018602362204724
 10
5.682086614173228
 20
10.016909448818899
 10
5.681574803149607
 20
10.014980314960631
 10
5.6818700787401575
 20
10.013169291338583
 10
5.682775590551181
 20
10.011751968503937
 10
5.684074803149605
 20
10.010905511811025
 10
5.685452755905512
 20
10.010708661417324
 10
5.686633858267716
 20
10.011082677165355
 10
5.687440944881891
 20
10.011811023622048
 10
5.687795275590551
 20
10.012677165354331
  0
LWPOLYLINE
  5
2F3
330
17
100
AcDbEntity
  8
GEOMETRY
100
AcDbPolyline
 90
27
 70
0
 10
5.853208661417323
 20
10.026023622047244
 10
5.857814960629921
 20
10.02470472440945
 10
5.861417322834646
 20
10.021771653543308
 10
5.863503937007874
 20
10.01779527559055
 10
5.863858267716536
 20
10.013484251968505
 10
5.86253937007874
 20
10.009527559055119
 10
5.85988188976378
 20
10.006515748031497
 10
5.8563779527559054
 20
10.004862204724411
 10
5.85267716535433
 20
10.00472440944882
 10
5.849370078740158
 20
10.006003937007875
 10
5.846948818897637
 20
10.008366141732283
 10
5.845708661417323
 20
10.011358267716536
 10
5.845748031496063
 20
10.014448818897637
 10
5.846929133858268
 20
10.017125984251969
 10
5.848976377952756
 20
10.018996062992127
 10
5.851456692913386
 20
10.01986220472441
 10
5.853897637795275
 20
10.019665354330709
 10
5.855944881889763
 20
10.018602362204724
 10
5.85728346456693
 20
10.016909448818899
 10
5.857795275590552
 20
10.014980314960631
 10
5.8575
 20
10.013169291338583
 10
5.856594488188976
 20
10.011751968503937
 10
5.855295275590551
 20
10.010905511811025
 10
5.853917322834646
 20
10.010708661417324
 10
5.852736220472441
 20
10.011082677165355
 10
5.851929133858268
 20
10.011811023622048
 10
5.851574803149606
 20
10.012677165354331
  0
SPLINE
  5
2F4
330
17
100
AcDbEntity
  8
GEOMETRY
100
AcDbSpline
 70
0
 71
3
 72
8
 73
4
 74
0
 40
0.0
 40
0.0
 40
0.0
 40
0.0
 40
1.0
 40
1.0
 40
1.0
 40
1.0
 10
5.736279527559056
 20
9.992992125984253
 30
0.0
 10
5.758549868766404
 20
9.999107611548556
 30
0.0
 10
5.780820209973753
 20
9.999107611548556
 30
0.0
 10
5.803090551181103
 20
9.992992125984253
 30
0.0
  0
SPLINE
  5
2F5
330
17
100
AcDbEntity
  8
GEOMETRY
100
AcDbSpline
 70
0
 71
3
 72
8
 73
4
 74
0
 40
0.0
 40
0.0
 40
0.0
 40
0.0
 40
1.0
 40
1.0
 40
1.0
 40
1.0
 10
5.803090551181103
 20
9.992992125984253
 30
0.0
 10
5.780820209973753
 20
9.988097112860894
 30
0.0
 10
5.758549868766404
 20
9.988097112860894
 30
0.0
 10
5.736279527559056
 20
9.992992125984253
 30
0.0
  0
LINE
  5
2F6
330
17
100
AcDbEntity
  8
GEOMETRY
100
AcDbLine
 10
5.769685039370079
 20
9.974606299212597
 30
0.0
 11
5.769685039370079
 21
9.635826771653543
 31
0.0
  0
SPLINE
  5
2F7
330
17
100
AcDbEntity
  8
GEOMETRY
100
AcDbSpline
 70
0
 71
3
 72
8
 73
4
 74
0
 40
0.0
 40
0.0
 40
0.0
 40
0.0
 40
1.0
 40
1.0
 40
1.0
 40
1.0
 10
5.687007874015747
 20
9.904960629921261
 30
0.0
 10
5.723385826771653
 20
9.941902887139108
 30
0.0
 10
5.7509448818897635
 20
9.96242782152231
 30
0.0
 10
5.769685039370079
 20
9.966535433070867
 30
0.0
  0
SPLINE
  5
2F8
330
17
100
AcDbEntity
  8
GEOMETRY
100
AcDbSpline
 70
0
 71
3
 72
8
 73
4
 74
0
 40
0.0
 40
0.0
 40
0.0
 40
0.0
 40
1.0
 40
1.0
 40
1.0
 40
1.0
 10
5.769685039370079
 20
9.966535433070867
 30
0.0
 10
5.788425196850394
 20
9.96242782152231
 30
0.0
 10
5.815984251968504
 20
9.941902887139108
 30
0.0
 10
5.852362204724409
 20
9.904960629921261
 30
0.0
  0
SPLINE
  5
2F9
330
17
100
AcDbEntity
  8
GEOMETRY
100
AcDbSpline
 70
0
 71
3
 72
8
 73
4
 74
0
 40
0.0
 40
0.0
 40
0.0
 40
0.0
 40
1.0
 40
1.0
 40
1.0
 40
1.0
 10
5.6877559055118105
 20
9.893661417322836
 30
0.0
 10
5.7238057742782145
 20
9.930603674540682
 30
0.0
 10
5.751115485564304
 20
9.951128608923884
 30
0.0
 10
5.769685039370079
 20
9.955236220472441
 30
0.0
  0
SPLINE
  5
2FA
330
17
100
AcDbEntity
  8
GEOMETRY
100
AcDbSpline
 70
0
 71
3
 72
8
 73
4
 74
0
 40
0.0
 40
0.0
 40
0.0
 40
0.0
 40
1.0
 40
1.0
 40
1.0
 40
1.0
 10
5.769685039370079
 20
9.955236220472441
 30
0.0
 10
5.788254593175853
 20
9.951128608923884
 30
0.0
 10
5.815564304461942
 20
9.930603674540682
 30
0.0
 10
5.851614173228346
 20
9.893661417322836
 30
0.0
  0
SPLINE
  5
2FB
330
17
100
AcDbEntity
  8
GEOMETRY
100
AcDbSpline
 70
0
 71
3
 72
8
 73
4
 74
0
 40
0.0
 40
0.0
 40
0.0
 40
0.0
 40
1.0
 40
1.0
 40
1.0
 40
1.0
 10
5.688779527559055
 20
9.878051181102363
 30
0.0
 10
5.724383202099737
 20
9.914993438320211
 30
0.0
 10
5.751351706036745
 20
9.935518372703413
 30
0.0
 10
5.769685039370079
 20
9.939625984251968
 30
0.0
  0
SPLINE
  5
2FC
330
17
100
AcDbEntity
  8
GEOMETRY
100
AcDbSpline
 70
0
 71
3
 72
8
 73
4
 74
0
 40
0.0
 40
0.0
 40
0.0
 40
0.0
 40
1.0
 40
1.0
 40
1.0
 40
1.0
 10
5.769685039370079
 20
9.939625984251968
 30
0.0
 10
5.788018372703412
 20
9.935518372703413
 30
0.0
 10
5.81498687664042
 20
9.914993438320211
 30
0.0
 10
5.850590551181102
 20
9.878051181102363
 30
0.0
  0
SPLINE
  5
2FD
330
17
100
AcDbEntity
  8
GEOMETRY
100
AcDbSpline
 70
0
 71
3
 72
8
 73
4
 74
0
 40
0.0
 40
0.0
 40
0.0
 40
0.0
 40
1.0
 40
1.0
 40
1.0
 40
1.0
 10
5.689527559055119
 20
9.866751968503937
 30
0.0
 10
5.724790026246719
 20
9.903694225721784
 30
0.0
 10
5.751509186351706
 20
9.924219160104986
 30
0.0
 10
5.769685039370079
 20
9.928326771653543
 30
0.0
  0
SPLINE
  5
2FE
330
17
100
AcDbEntity
  8
GEOMETRY
100
AcDbSpline
 70
0
 71
3
 72
8
 73
4
 74
0
 40
0.0
 40
0.0
 40
0.0
 40
0.0
 40
1.0
 40
1.0
 40
1.0
 40
1.0
 10
5.769685039370079
 20
9.928326771653543
 30
0.0
 10
5.787860892388451
 20
9.924219160104986
 30
0.0
 10
5.814580052493438
 20
9.903694225721784
 30
0.0
 10
5.84984251968504
 20
9.866751968503937
 30
0.0
  0
SPLINE
  5
2FF
330
17
100
AcDbEntity
  8
GEOMETRY
100
AcDbSpline
 70
0
 71
3
 72
8
 73
4
 74
0
 40
0.0
 40
0.0
 40
0.0
 40
0.0
 40
1.0
 40
1.0
 40
1.0
 40
1.0
 10
5.690551181102362
 20
9.851141732283466
 30
0.0
 10
5.725367454068241
 20
9.888083989501313
 30
0.0
 10
5.751745406824147
 20
9.908608923884515
 30
0.0
 10
5.769685039370079
 20
9.912716535433072
 30
0.0
  0
SPLINE
  5
300
330
17
100
AcDbEntity
  8
GEOMETRY
100
AcDbSpline
 70
0
 71
3
 72
8
 73
4
 74
0
 40
0.0
 40
0.0
 40
0.0
 40
0.0
 40
1.0
 40
1.0
 40
1.0
 40
1.0
 10
5.769685039370079
 20
9.912716535433072
 30
0.0
 10
5.78762467191601
 20
9.908608923884515
 30
0.0
 10
5.814002624671916
 20
9.888083989501313
 30
0.0
 10
5.848818897637796
 20
9.851141732283466
 30
0.0
  0
SPLINE
  5
301
330
17
100
AcDbEntity
  8
GEOMETRY
100
AcDbSpline
 70
0
 71
3
 72
8
 73
4
 74
0
 40
0.0
 40
0.0
 40
0.0
 40
0.0
 40
1.0
 40
1.0
 40
1.0
 40
1.0
 10
5.691299212598425
 20
9.83982283464567
 30
0.0
 10
5.725787401574803
 20
9.876778215223098
 30
0.0
 10
5.751916010498688
 20
9.8973031496063
 30
0.0
 10
5.769685039370079
 20
9.901397637795275
 30
0.0
  0
SPLINE
  5
302
330
17
100
AcDbEntity
  8
GEOMETRY
100
AcDbSpline
 70
0
 71
3
 72
8
 73
4
 74
0
 40
0.0
 40
0.0
 40
0.0
 40
0.0
 40
1.0
 40
1.0
 40
1.0
 40
1.0
 10
5.769685039370079
 20
9.901397637795275
 30
0.0
 10
5.78745406824147
 20
9.8973031496063
 30
0.0
 10
5.813582677165354
 20
9.876778215223098
 30
0.0
 10
5.848070866141732
 20
9.83982283464567
 30
0.0
  0
SPLINE
  5
303
330
17
100
AcDbEntity
  8
GEOMETRY
100
AcDbSpline
 70
0
 71
3
 72
8
 73
4
 74
0
 40
0.0
 40
0.0
 40
0.0
 40
0.0
 40
1.0
 40
1.0
 40
1.0
 40
1.0
 10
5.69232283464567
 20
9.824212598425197
 30
0.0
 10
5.726364829396326
 20
9.861167979002625
 30
0.0
 10
5.752152230971129
 20
9.881692913385827
 30
0.0
 10
5.769685039370079
 20
9.885787401574804
 30
0.0
  0
SPLINE
  5
304
330
17
100
AcDbEntity
  8
GEOMETRY
100
AcDbSpline
 70
0
 71
3
 72
8
 73
4
 74
0
 40
0.0
 40
0.0
 40
0.0
 40
0.0
 40
1.0
 40
1.0
 40
1.0
 40
1.0
 10
5.769685039370079
 20
9.885787401574804
 30
0.0
 10
5.787217847769028
 20
9.881692913385827
 30
0.0
 10
5.813005249343831
 20
9.861167979002625
 30
0.0
 10
5.847047244094488
 20
9.824212598425197
 30
0.0
  0
SPLINE
  5
305
330
17
100
AcDbEntity
  8
GEOMETRY
100
AcDbSpline
 70
0
 71
3
 72
8
 73
4
 74
0
 40
0.0
 40
0.0
 40
0.0
 40
0.0
 40
1.0
 40
1.0
 40
1.0
 40
1.0
 10
5.693070866141733
 20
9.812913385826771
 30
0.0
 10
5.726784776902887
 20
9.84985564304462
 30
0.0
 10
5.752322834645669
 20
9.870380577427822
 30
0.0
 10
5.769685039370079
 20
9.874488188976379
 30
0.0
  0
SPLINE
  5
306
330
17
100
AcDbEntity
  8
GEOMETRY
100
AcDbSpline
 70
0
 71
3
 72
8
 73
4
 74
0
 40
0.0
 40
0.0
 40
0.0
 40
0.0
 40
1.0
 40
1.0
 40
1.0
 40
1.0
 10
5.769685039370079
 20
9.874488188976379
 30
0.0
 10
5.787047244094488
 20
9.870380577427822
 30
0.0
 10
5.81258530183727
 20
9.84985564304462
 30
0.0
 10
5.846299212598425
 20
9.812913385826771
 30
0.0
  0
SPLINE
  5
307
330
17
100
AcDbEntity
  8
GEOMETRY
100
AcDbSpline
 70
0
 71
3
 72
8
 73
4
 74
0
 40
0.0
 40
0.0
 40
0.0
 40
0.0
 40
1.0
 40
1.0
 40
1.0
 40
1.0
 10
5.694094488188976
 20
9.7973031496063
 30
0.0
 10
5.727349081364829
 20
9.834245406824147
 30
0.0
 10
5.7525459317585295
 20
9.854770341207349
 30
0.0
 10
5.769685039370079
 20
9.858877952755906
 30
0.0
  0
SPLINE
  5
308
330
17
100
AcDbEntity
  8
GEOMETRY
100
AcDbSpline
 70
0
 71
3
 72
8
 73
4
 74
0
 40
0.0
 40
0.0
 40
0.0
 40
0.0
 40
1.0
 40
1.0
 40
1.0
 40
1.0
 10
5.769685039370079
 20
9.858877952755906
 30
0.0
 10
5.786824146981627
 20
9.854770341207349
 30
0.0
 10
5.812020997375328
 20
9.834245406824147
 30
0.0
 10
5.845275590551181
 20
9.7973031496063
 30
0.0
  0
SPLINE
  5
309
330
17
100
AcDbEntity
  8
GEOMETRY
100
AcDbSpline
 70
0
 71
3
 72
8
 73
4
 74
0
 40
0.0
 40
0.0
 40
0.0
 40
0.0
 40
1.0
 40
1.0
 40
1.0
 40
1.0
 10
5.694842519685039
 20
9.786003937007875
 30
0.0
 10
5.727769028871392
 20
9.822946194225722
 30
0.0
 10
5.752716535433072
 20
9.843471128608924
 30
0.0
 10
5.769685039370079
 20
9.84757874015748
 30
0.0
  0
SPLINE
  5
30A
330
17
100
AcDbEntity
  8
GEOMETRY
100
AcDbSpline
 70
0
 71
3
 72
8
 73
4
 74
0
 40
0.0
 40
0.0
 40
0.0
 40
0.0
 40
1.0
 40
1.0
 40
1.0
 40
1.0
 10
5.769685039370079
 20
9.84757874015748
 30
0.0
 10
5.786653543307087
 20
9.843471128608924
 30
0.0
 10
5.8116010498687665
 20
9.822946194225722
 30
0.0
 10
5.844527559055118
 20
9.786003937007875
 30
0.0
  0
SPLINE
  5
30B
330
17
100
AcDbEntity
  8
GEOMETRY
100
AcDbSpline
 70
0
 71
3
 72
8
 73
4
 74
0
 40
0.0
 40
0.0
 40
0.0
 40
0.0
 40
1.0
 40
1.0
 40
1.0
 40
1.0
 10
5.695866141732284
 20
9.770393700787402
 30
0.0
 10
5.728346456692913
 20
9.807335958005249
 30
0.0
 10
5.752952755905511
 20
9.827860892388452
 30
0.0
 10
5.769685039370079
 20
9.83196850393701
 30
0.0
  0
SPLINE
  5
30C
330
17
100
AcDbEntity
  8
GEOMETRY
100
AcDbSpline
 70
0
 71
3
 72
8
 73
4
 74
0
 40
0.0
 40
0.0
 40
0.0
 40
0.0
 40
1.0
 40
1.0
 40
1.0
 40
1.0
 10
5.769685039370079
 20
9.83196850393701
 30
0.0
 10
5.786417322834645
 20
9.827860892388452
 30
0.0
 10
5.8110236220472435
 20
9.807335958005249
 30
0.0
 10
5.843503937007874
 20
9.770393700787402
 30
0.0
  0
SPLINE
  5
30D
330
17
100
AcDbEntity
  8
GEOMETRY
100
AcDbSpline
 70
0
 71
3
 72
8
 73
4
 74
0
 40
0.0
 40
0.0
 40
0.0
 40
0.0
 40
1.0
 40
1.0
 40
1.0
 40
1.0
 10
5.696614173228346
 20
9.759094488188977
 30
0.0
 10
5.728766404199475
 20
9.796036745406825
 30
0.0
 10
5.753123359580053
 20
9.816561679790027
 30
0.0
 10
5.769685039370079
 20
9.820669291338584
 30
0.0
  0
SPLINE
  5
30E
330
17
100
AcDbEntity
  8
GEOMETRY
100
AcDbSpline
 70
0
 71
3
 72
8
 73
4
 74
0
 40
0.0
 40
0.0
 40
0.0
 40
0.0
 40
1.0
 40
1.0
 40
1.0
 40
1.0
 10
5.769685039370079
 20
9.820669291338584
 30
0.0
 10
5.786246719160105
 20
9.816561679790027
 30
0.0
 10
5.810603674540682
 20
9.796036745406825
 30
0.0
 10
5.842755905511811
 20
9.759094488188977
 30
0.0
  0
SPLINE
  5
30F
330
17
100
AcDbEntity
  8
GEOMETRY
100
AcDbSpline
 70
0
 71
3
 72
8
 73
4
 74
0
 40
0.0
 40
0.0
 40
0.0
 40
0.0
 40
1.0
 40
1.0
 40
1.0
 40
1.0
 10
5.6976377952755906
 20
9.743484251968503
 30
0.0
 10
5.729343832020997
 20
9.780426509186352
 30
0.0
 10
5.753359580052493
 20
9.800951443569554
 30
0.0
 10
5.769685039370079
 20
9.805059055118111
 30
0.0
  0
SPLINE
  5
310
330
17
100
AcDbEntity
  8
GEOMETRY
100
AcDbSpline
 70
0
 71
3
 72
8
 73
4
 74
0
 40
0.0
 40
0.0
 40
0.0
 40
0.0
 40
1.0
 40
1.0
 40
1.0
 40
1.0
 10
5.769685039370079
 20
9.805059055118111
 30
0.0
 10
5.786010498687664
 20
9.800951443569554
 30
0.0
 10
5.8100262467191595
 20
9.780426509186352
 30
0.0
 10
5.841732283464567
 20
9.743484251968503
 30
0.0
  0
SPLINE
  5
311
330
17
100
AcDbEntity
  8
GEOMETRY
100
AcDbSpline
 70
0
 71
3
 72
8
 73
4
 74
0
 40
0.0
 40
0.0
 40
0.0
 40
0.0
 40
1.0
 40
1.0
 40
1.0
 40
1.0
 10
5.698385826771654
 20
9.73218503937008
 30
0.0
 10
5.729750656167979
 20
9.769127296587927
 30
0.0
 10
5.753517060367454
 20
9.789652230971129
 30
0.0
 10
5.769685039370079
 20
9.793759842519686
 30
0.0
  0
SPLINE
  5
312
330
17
100
AcDbEntity
  8
GEOMETRY
100
AcDbSpline
 70
0
 71
3
 72
8
 73
4
 74
0
 40
0.0
 40
0.0
 40
0.0
 40
0.0
 40
1.0
 40
1.0
 40
1.0
 40
1.0
 10
5.769685039370079
 20
9.793759842519686
 30
0.0
 10
5.785853018372704
 20
9.789652230971129
 30
0.0
 10
5.809619422572179
 20
9.769127296587927
 30
0.0
 10
5.840984251968504
 20
9.73218503937008
 30
0.0
  0
SPLINE
  5
313
330
17
100
AcDbEntity
  8
GEOMETRY
100
AcDbSpline
 70
0
 71
3
 72
8
 73
4
 74
0
 40
0.0
 40
0.0
 40
0.0
 40
0.0
 40
1.0
 40
1.0
 40
1.0
 40
1.0
 10
5.699409448818897
 20
9.716574803149607
 30
0.0
 10
5.730328083989502
 20
9.753517060367454
 30
0.0
 10
5.753753280839895
 20
9.774041994750656
 30
0.0
 10
5.769685039370079
 20
9.778149606299213
 30
0.0
  0
SPLINE
  5
314
330
17
100
AcDbEntity
  8
GEOMETRY
100
AcDbSpline
 70
0
 71
3
 72
8
 73
4
 74
0
 40
0.0
 40
0.0
 40
0.0
 40
0.0
 40
1.0
 40
1.0
 40
1.0
 40
1.0
 10
5.769685039370079
 20
9.778149606299213
 30
0.0
 10
5.785616797900262
 20
9.774041994750656
 30
0.0
 10
5.809041994750657
 20
9.753517060367454
 30
0.0
 10
5.83996062992126
 20
9.716574803149607
 30
0.0
  0
SPLINE
  5
315
330
17
100
AcDbEntity
  8
GEOMETRY
100
AcDbSpline
 70
0
 71
3
 72
8
 73
4
 74
0
 40
0.0
 40
0.0
 40
0.0
 40
0.0
 40
1.0
 40
1.0
 40
1.0
 40
1.0
 10
5.70015748031496
 20
9.705255905511812
 30
0.0
 10
5.730748031496063
 20
9.742211286089239
 30
0.0
 10
5.753923884514435
 20
9.76273622047244
 30
0.0
 10
5.769685039370079
 20
9.766830708661418
 30
0.0
  0
SPLINE
  5
316
330
17
100
AcDbEntity
  8
GEOMETRY
100
AcDbSpline
 70
0
 71
3
 72
8
 73
4
 74
0
 40
0.0
 40
0.0
 40
0.0
 40
0.0
 40
1.0
 40
1.0
 40
1.0
 40
1.0
 10
5.769685039370079
 20
9.766830708661418
 30
0.0
 10
5.785446194225722
 20
9.76273622047244
 30
0.0
 10
5.808622047244095
 20
9.742211286089239
 30
0.0
 10
5.839212598425197
 20
9.705255905511812
 30
0.0
  0
SPLINE
  5
317
330
17
100
AcDbEntity
  8
GEOMETRY
100
AcDbSpline
 70
0
 71
3
 72
8
 73
4
 74
0
 40
0.0
 40
0.0
 40
0.0
 40
0.0
 40
1.0
 40
1.0
 40
1.0
 40
1.0
 10
5.701181102362205
 20
9.68964566929134
 30
0.0
 10
5.731325459317585
 20
9.726601049868767
 30
0.0
 10
5.754160104986877
 20
9.74712598425197
 30
0.0
 10
5.769685039370079
 20
9.751220472440945
 30
0.0
  0
SPLINE
  5
318
330
17
100
AcDbEntity
  8
GEOMETRY
100
AcDbSpline
 70
0
 71
3
 72
8
 73
4
 74
0
 40
0.0
 40
0.0
 40
0.0
 40
0.0
 40
1.0
 40
1.0
 40
1.0
 40
1.0
 10
5.769685039370079
 20
9.751220472440945
 30
0.0
 10
5.785209973753281
 20
9.74712598425197
 30
0.0
 10
5.8080446194225726
 20
9.726601049868767
 30
0.0
 10
5.838188976377952
 20
9.68964566929134
 30
0.0
  0
SPLINE
  5
319
330
17
100
AcDbEntity
  8
GEOMETRY
100
AcDbSpline
 70
0
 71
3
 72
8
 73
4
 74
0
 40
0.0
 40
0.0
 40
0.0
 40
0.0
 40
1.0
 40
1.0
 40
1.0
 40
1.0
 10
5.701929133858268
 20
9.678346456692914
 30
0.0
 10
5.731745406824147
 20
9.71528871391076
 30
0.0
 10
5.754330708661417
 20
9.735813648293963
 30
0.0
 10
5.769685039370079
 20
9.73992125984252
 30
0.0
  0
SPLINE
  5
31A
330
17
100
AcDbEntity
  8
GEOMETRY
100
AcDbSpline
 70
0
 71
3
 72
8
 73
4
 74
0
 40
0.0
 40
0.0
 40
0.0
 40
0.0
 40
1.0
 40
1.0
 40
1.0
 40
1.0
 10
5.769685039370079
 20
9.73992125984252
 30
0.0
 10
5.78503937007874
 20
9.735813648293963
 30
0.0
 10
5.8076246719160105
 20
9.71528871391076
 30
0.0
 10
5.837440944881889
 20
9.678346456692914
 30
0.0
  0
SPLINE
  5
31B
330
17
100
AcDbEntity
  8
GEOMETRY
100
AcDbSpline
 70
0
 71
3
 72
8
 73
4
 74
0
 40
0.0
 40
0.0
 40
0.0
 40
0.0
 40
1.0
 40
1.0
 40
1.0
 40
1.0
 10
5.702952755905511
 20
9.662736220472441
 30
0.0
 10
5.732309711286089
 20
9.69967847769029
 30
0.0
 10
5.754553805774278
 20
9.720203412073491
 30
0.0
 10
5.769685039370079
 20
9.724311023622048
 30
0.0
  0
SPLINE
  5
31C
330
17
100
AcDbEntity
  8
GEOMETRY
100
AcDbSpline
 70
0
 71
3
 72
8
 73
4
 74
0
 40
0.0
 40
0.0
 40
0.0
 40
0.0
 40
1.0
 40
1.0
 40
1.0
 40
1.0
 10
5.769685039370079
 20
9.724311023622048
 30
0.0
 10
5.7848162729658785
 20
9.720203412073491
 30
0.0
 10
5.807060367454068
 20
9.69967847769029
 30
0.0
 10
5.836417322834646
 20
9.662736220472441
 30
0.0
  0
SPLINE
  5
31D
330
17
100
AcDbEntity
  8
GEOMETRY
100
AcDbSpline
 70
0
 71
3
 72
8
 73
4
 74
0
 40
0.0
 40
0.0
 40
0.0
 40
0.0
 40
1.0
 40
1.0
 40
1.0
 40
1.0
 10
5.703700787401575
 20
9.651437007874016
 30
0.0
 10
5.732729658792651
 20
9.688379265091864
 30
0.0
 10
5.754724409448818
 20
9.708904199475066
 30
0.0
 10
5.769685039370079
 20
9.713011811023623
 30
0.0
  0
SPLINE
  5
31E
330
17
100
AcDbEntity
  8
GEOMETRY
100
AcDbSpline
 70
0
 71
3
 72
8
 73
4
 74
0
 40
0.0
 40
0.0
 40
0.0
 40
0.0
 40
1.0
 40
1.0
 40
1.0
 40
1.0
 10
5.769685039370079
 20
9.713011811023623
 30
0.0
 10
5.784645669291338
 20
9.708904199475066
 30
0.0
 10
5.806640419947507
 20
9.688379265091864
 30
0.0
 10
5.835669291338583
 20
9.651437007874016
 30
0.0
  0
SPLINE
  5
31F
330
17
100
AcDbEntity
  8
GEOMETRY
100
AcDbSpline
 70
0
 71
3
 72
8
 73
4
 74
0
 40
0.0
 40
0.0
 40
0.0
 40
0.0
 40
1.0
 40
1.0
 40
1.0
 40
1.0
 10
5.704724409448819
 20
9.635826771653544
 30
0.0
 10
5.7333070866141735
 20
9.672769028871391
 30
0.0
 10
5.75496062992126
 20
9.693293963254593
 30
0.0
 10
5.769685039370079
 20
9.69740157480315
 30
0.0
  0
SPLINE
  5
320
330
17
100
AcDbEntity
  8
GEOMETRY
100
AcDbSpline
 70
0
 71
3
 72
8
 73
4
 74
0
 40
0.0
 40
0.0
 40
0.0
 40
0.0
 40
1.0
 40
1.0
 40
1.0
 40
1.0
 10
5.769685039370079
 20
9.69740157480315
 30
0.0
 10
5.784409448818897
 20
9.693293963254593
 30
0.0
 10
5.806062992125984
 20
9.672769028871391
 30
0.0
 10
5.834645669291338
 20
9.635826771653544
 30
0.0
  0
SPLINE
  5
321
330
17
100
AcDbEntity
  8
GEOMETRY
100
AcDbSpline
 70
0
 71
3
 72
8
 73
4
 74
0
 40
0.0
 40
0.0
 40
0.0
 40
0.0
 40
1.0
 40
1.0
 40
1.0
 40
1.0
 10
5.705472440944882
 20
9.624527559055117
 30
0.0
 10
5.733727034120735
 20
9.661469816272966
 30
0.0
 10
5.7551312335958
 20
9.681994750656168
 30
0.0
 10
5.769685039370079
 20
9.686102362204725
 30
0.0
  0
SPLINE
  5
322
330
17
100
AcDbEntity
  8
GEOMETRY
100
AcDbSpline
 70
0
 71
3
 72
8
 73
4
 74
0
 40
0.0
 40
0.0
 40
0.0
 40
0.0
 40
1.0
 40
1.0
 40
1.0
 40
1.0
 10
5.769685039370079
 20
9.686102362204725
 30
0.0
 10
5.7842388451443565
 20
9.681994750656168
 30
0.0
 10
5.805643044619423
 20
9.661469816272966
 30
0.0
 10
5.833897637795276
 20
9.624527559055117
 30
0.0
  0
LINE
  5
323
330
17
100
AcDbEntity
  8
GEOMETRY
100
AcDbLine
 10
5.687007874015747
 20
9.904960629921261
 30
0.0
 11
5.704724409448819
 21
9.635826771653543
 31
0.0
  0
LINE
  5
324
330
17
100
AcDbEntity
  8
GEOMETRY
100
AcDbLine
 10
5.852362204724409
 20
9.904960629921261
 30
0.0
 11
5.834645669291338
 21
9.635826771653543
 31
0.0
  0
LWPOLYLINE
  5
325
330
17
100
AcDbEntity
  8
GEOMETRY
100
AcDbPolyline
 90
5
 70
0
 10
5.681102362204725
 20
9.608267716535433
 10
5.858267716535433
 20
9.608267716535433
 10
5.858267716535433
 20
9.458661417322835
 10
5.681102362204725
 20
9.458661417322835
 10
5.681102362204725
 20
9.608267716535433
  0
LWPOLYLINE
  5
326
330
17
100
AcDbEntity
  8
GEOMETRY
100
AcDbPolyline
 90
5
 70
0
 10
5.769685039370079
 20
9.56984251968504
 10
5.838976377952756
 20
9.533464566929133
 10
5.769685039370079
 20
9.497086614173229
 10
5.7003937007874015
 20
9.533464566929133
 10
5.769685039370079
 20
9.56984251968504
  0
LWPOLYLINE
  5
327
330
17
100
AcDbEntity
  8
GEOMETRY
100
AcDbPolyline
 90
5
 70
0
 10
5.769685039370079
 20
9.554566929133859
 10
5.809881889763779
 20
9.533464566929133
 10
5.769685039370079
 20
9.51236220472441
 10
5.729488188976378
 20
9.533464566929133
 10
5.769685039370079
 20
9.554566929133859
  0
SPLINE
  5
328
330
17
100
AcDbEntity
  8
GEOMETRY
100
AcDbSpline
 70
0
 71
3
 72
8
 73
4
 74
0
 40
0.0
 40
0.0
 40
0.0
 40
0.0
 40
1.0
 40
1.0
 40
1.0
 40
1.0
 10
5.72244094488189
 20
9.546456692913386
 30
0.0
 10
5.72244094488189
 20
9.582834645669292
 30
0.0
 10
5.760236220472441
 20
9.585433070866141
 30
0.0
 10
5.769685039370079
 20
9.556850393700788
 30
0.0
  0
SPLINE
  5
329
330
17
100
AcDbEntity
  8
GEOMETRY
100
AcDbSpline
 70
0
 71
3
 72
11
 73
7
 74
0
 40
0.0
 40
0.0
 40
0.0
 40
0.0
 40
1.0
 40
1.0
 40
1.0
 40
2.0
 40
2.0
 40
2.0
 40
2.0
 10
5.769685039370079
 20
9.556850393700788
 30
0.0
 10
5.779133858267716
 20
9.585433070866141
 30
0.0
 10
5.816929133858268
 20
9.582834645669292
 30
0.0
 10
5.816929133858268
 20
9.546456692913386
 30
0.0
 10
5.816929133858268
 20
9.515275590551182
 30
0.0
 10
5.788582677165354
 20
9.497086614173229
 30
0.0
 10
5.769685039370079
 20
9.473700787401576
 30
0.0
  0
SPLINE
  5
32A
330
17
100
AcDbEntity
  8
GEOMETRY
100
AcDbSpline
 70
0
 71
3
 72
8
 73
4
 74
0
 40
0.0
 40
0.0
 40
0.0
 40
0.0
 40
1.0
 40
1.0
 40
1.0
 40
1.0
 10
5.769685039370079
 20
9.473700787401576
 30
0.0
 10
5.750787401574803
 20
9.497086614173229
 30
0.0
 10
5.72244094488189
 20
9.515275590551182
 30
0.0
 10
5.72244094488189
 20
9.546456692913386
 30
0.0
  0
SPLINE
  5
32B
330
17
100
AcDbEntity
  8
GEOMETRY
100
AcDbSpline
 70
0
 71
3
 72
8
 73
4
 74
0
 40
0.0
 40
0.0
 40
0.0
 40
0.0
 40
1.0
 40
1.0
 40
1.0
 40
1.0
 10
5.736614173228347
 20
9.542559055118112
 30
0.0
 10
5.736614173228347
 20
9.568031496062993
 30
0.0
 10
5.7630708661417325
 20
9.56984251968504
 30
0.0
 10
5.769685039370079
 20
9.54984251968504
 30
0.0
  0
SPLINE
  5
32C
330
17
100
AcDbEntity
  8
GEOMETRY
100
AcDbSpline
 70
0
 71
3
 72
11
 73
7
 74
0
 40
0.0
 40
0.0
 40
0.0
 40
0.0
 40
1.0
 40
1.0
 40
1.0
 40
2.0
 40
2.0
 40
2.0
 40
2.0
 10
5.769685039370079
 20
9.54984251968504
 30
0.0
 10
5.776299212598425
 20
9.56984251968504
 30
0.0
 10
5.802755905511811
 20
9.568031496062993
 30
0.0
 10
5.802755905511811
 20
9.542559055118112
 30
0.0
 10
5.802755905511811
 20
9.520728346456693
 30
0.0
 10
5.782913385826771
 20
9.507992125984252
 30
0.0
 10
5.769685039370079
 20
9.491633858267717
 30
0.0
  0
SPLINE
  5
32D
330
17
100
AcDbEntity
  8
GEOMETRY
100
AcDbSpline
 70
0
 71
3
 72
8
 73
4
 74
0
 40
0.0
 40
0.0
 40
0.0
 40
0.0
 40
1.0
 40
1.0
 40
1.0
 40
1.0
 10
5.769685039370079
 20
9.491633858267717
 30
0.0
 10
5.756456692913385
 20
9.507992125984252
 30
0.0
 10
5.736614173228347
 20
9.520728346456693
 30
0.0
 10
5.736614173228347
 20
9.542559055118112
 30
0.0
  0
LWPOLYLINE
  5
32E
330
17
100
AcDbEntity
  8
GEOMETRY
100
AcDbPolyline
 90
2
 70
0
 10
5.805708661417323
 20
9.550925196850393
 10
5.832047244094489
 20
9.5371062992126
  0
LWPOLYLINE
  5
32F
330
17
100
AcDbEntity
  8
GEOMETRY
100
AcDbPolyline
 90
2
 70
0
 10
5.7905905511811016
 20
9.543582677165354
 10
5.8058464566929135
 20
9.535570866141732
  0
LWPOLYLINE
  5
330
330
17
100
AcDbEntity
  8
GEOMETRY
100
AcDbPolyline
 90
2
 70
0
 10
5.733661417322835
 20
9.516003937007874
 10
5.7073228346456695
 20
9.52982283464567
  0
LWPOLYLINE
  5
331
330
17
100
AcDbEntity
  8
GEOMETRY
100
AcDbPolyline
 90
2
 70
0
 10
5.748779527559055
 20
9.523346456692913
 10
5.733523622047244
 20
9.531358267716536
  0
POLYLINE
  5
332
330
17
100
AcDbEntity
  8
GEOMETRY
100
AcDb2dPolyline
 66
1
 10
0.0
 20
0.0
 30
0.0
 70
0
  0
VERTEX
  5
333
330
332
100
AcDbEntity
  8
GEOMETRY
100
AcDbVertex
100
AcDb2dVertex
 10
8.070866141732283
 20
10.090551181102363
 30
0.0
 70
0
  0
VERTEX
  5
334
330
332
100
AcDbEntity
  8
GEOMETRY
100
AcDbVertex
100
AcDb2dVertex
 10
7.8425196850393695
 20
10.090551181102363
 30
0.0
 70
0
  0
SEQEND
  5
335
330
332
100
AcDbEntity
  8
GEOMETRY
  0
SPLINE
  5
336
330
17
100
AcDbEntity
  8
GEOMETRY
100
AcDbSpline
 70
0
 71
3
 72
8
 73
4
 74
0
 40
0.0
 40
0.0
 40
0.0
 40
0.0
 40
1.0
 40
1.0
 40
1.0
 40
1.0
 10
7.8425196850393695
 20
10.090551181102363
 30
0.0
 10
7.834645669291339
 20
10.029074803149607
 30
0.0
 10
7.862204724409448
 20
10.008582677165355
 30
0.0
 10
7.858267716535432
 20
9.9471062992126
 30
0.0
  0
SPLINE
  5
337
330
17
100
AcDbEntity
  8
GEOMETRY
100
AcDbSpline
 70
0
 71
3
 72
11
 73
7
 74
0
 40
0.0
 40
0.0
 40
0.0
 40
0.0
 40
1.0
 40
1.0
 40
1.0
 40
2.0
 40
2.0
 40
2.0
 40
2.0
 10
7.858267716535432
 20
9.9471062992126
 30
0.0
 10
7.854330708661418
 20
9.830984251968504
 30
0.0
 10
7.846456692913386
 20
9.735354330708661
 30
0.0
 10
7.8484251968503935
 20
9.612401574803151
 30
0.0
 10
7.850393700787402
 20
9.516771653543309
 30
0.0
 10
7.8425196850393695
 20
9.496279527559055
 30
0.0
 10
7.8425196850393695
 20
9.40748031496063
 30
0.0
  0
POLYLINE
  5
338
330
17
100
AcDbEntity
  8
GEOMETRY
100
AcDb2dPolyline
 66
1
 10
0.0
 20
0.0
 30
0.0
 70
0
  0
VERTEX
  5
339
330
338
100
AcDbEntity
  8
GEOMETRY
100
AcDbVertex
100
AcDb2dVertex
 10
7.8425196850393695
 20
9.40748031496063
 30
0.0
 70
0
  0
VERTEX
  5
33A
330
338
100
AcDbEntity
  8
GEOMETRY
100
AcDbVertex
100
AcDb2dVertex
 10
8.070866141732283
 20
9.40748031496063
 30
0.0
 70
0
  0
VERTEX
  5
33B
330
338
100
AcDbEntity
  8
GEOMETRY
100
AcDbVertex
100
AcDb2dVertex
 10
8.070866141732283
 20
10.090551181102363
 30
0.0
 70
0
  0
SEQEND
  5
33C
330
338
100
AcDbEntity
  8
GEOMETRY
  0
LINE
  5
33D
330
17
100
AcDbEntity
  8
GEOMETRY
100
AcDbLine
 10
7.8700787401574805
 20
10.090551181102363
 30
0.0
 11
7.8700787401574805
 21
9.40748031496063
 31
0.0
  0
LINE
  5
33E
330
17
100
AcDbEntity
  8
GEOMETRY
100
AcDbLine
 10
7.8425196850393695
 20
10.057086614173228
 30
0.0
 11
8.070866141732283
 21
10.057086614173228
 31
0.0
  0
LINE
  5
33F
330
17
100
AcDbEntity
  8
GEOMETRY
100
AcDbLine
 10
7.853543307086614
 20
10.075492125984251
 30
0.0
 11
8.070866141732283
 21
10.075492125984251
 31
0.0
  0
LINE
  5
340
330
17
100
AcDbEntity
  8
GEOMETRY
100
AcDbLine
 10
7.8425196850393695
 20
9.446850393700787
 30
0.0
 11
8.070866141732283
 21
9.446850393700787
 31
0.0
  0
LWPOLYLINE
  5
341
330
17
100
AcDbEntity
  8
GEOMETRY
100
AcDbPolyline
 90
5
 70
0
 10
7.856299212598426
 20
9.437007874015748
 10
8.070866141732283
 20
9.437007874015748
 10
8.070866141732283
 20
9.415354330708663
 10
7.856299212598426
 20
9.415354330708663
 10
7.856299212598426
 20
9.437007874015748
  0
LINE
  5
342
330
17
100
AcDbEntity
  8
GEOMETRY
100
AcDbLine
 10
7.8700787401574805
 20
9.984251968503937
 30
0.0
 11
8.070866141732283
 21
9.984251968503937
 31
0.0
  0
LINE
  5
343
330
17
100
AcDbEntity
  8
GEOMETRY
100
AcDbLine
 10
7.8700787401574805
 20
9.62007874015748
 30
0.0
 11
8.070866141732283
 21
9.62007874015748
 31
0.0
  0
SPLINE
  5
344
330
17
100
AcDbEntity
  8
GEOMETRY
100
AcDbSpline
 70
0
 71
3
 72
8
 73
4
 74
0
 40
0.0
 40
0.0
 40
0.0
 40
0.0
 40
1.0
 40
1.0
 40
1.0
 40
1.0
 10
7.9704724409448815
 20
9.992992125984253
 30
0.0
 10
7.942913385826771
 20
9.988405511811024
 30
0.0
 10
7.932086614173228
 20
10.012145669291339
 30
0.0
 10
7.937381889763779
 20
10.018188976377953
 30
0.0
  0
SPLINE
  5
345
330
17
100
AcDbEntity
  8
GEOMETRY
100
AcDbSpline
 70
0
 71
3
 72
8
 73
4
 74
0
 40
0.0
 40
0.0
 40
0.0
 40
0.0
 40
1.0
 40
1.0
 40
1.0
 40
1.0
 10
7.937381889763779
 20
10.018188976377953
 30
0.0
 10
7.94265748031496
 20
10.012145669291339
 30
0.0
 10
7.96757874015748
 20
10.020767716535435
 30
0.0
 10
7.9704724409448815
 20
9.992992125984253
 30
0.0
  0
SPLINE
  5
346
330
17
100
AcDbEntity
  8
GEOMETRY
100
AcDbSpline
 70
0
 71
3
 72
8
 73
4
 74
0
 40
0.0
 40
0.0
 40
0.0
 40
0.0
 40
1.0
 40
1.0
 40
1.0
 40
1.0
 10
7.9704724409448815
 20
9.992992125984253
 30
0.0
 10
7.960328083989501
 20
10.000721784776903
 30
0.0
 10
7.949297900262468
 20
10.009120734908137
 30
0.0
 10
7.937381889763779
 20
10.018188976377953
 30
0.0
  0
SPLINE
  5
347
330
17
100
AcDbEntity
  8
GEOMETRY
100
AcDbSpline
 70
0
 71
3
 72
8
 73
4
 74
0
 40
0.0
 40
0.0
 40
0.0
 40
0.0
 40
1.0
 40
1.0
 40
1.0
 40
1.0
 10
7.9704724409448815
 20
9.992992125984253
 30
0.0
 10
7.939468503937007
 20
10.004015748031497
 30
0.0
 10
7.938858267716535
 20
10.027992125984252
 30
0.0
 10
7.947657480314961
 20
10.039035433070866
 30
0.0
  0
SPLINE
  5
348
330
17
100
AcDbEntity
  8
GEOMETRY
100
AcDbSpline
 70
0
 71
3
 72
8
 73
4
 74
0
 40
0.0
 40
0.0
 40
0.0
 40
0.0
 40
1.0
 40
1.0
 40
1.0
 40
1.0
 10
7.947657480314961
 20
10.039035433070866
 30
0.0
 10
7.9564566929133855
 20
10.027992125984252
 30
0.0
 10
7.980492125984251
 20
10.024330708661418
 30
0.0
 10
7.9704724409448815
 20
9.992992125984253
 30
0.0
  0
SPLINE
  5
349
330
17
100
AcDbEntity
  8
GEOMETRY
100
AcDbSpline
 70
0
 71
3
 72
8
 73
4
 74
0
 40
0.0
 40
0.0
 40
0.0
 40
0.0
 40
1.0
 40
1.0
 40
1.0
 40
1.0
 10
7.9704724409448815
 20
9.992992125984253
 30
0.0
 10
7.963477690288713
 20
10.00711286089239
 30
0.0
 10
7.955872703412074
 20
10.02246062992126
 30
0.0
 10
7.947657480314961
 20
10.039035433070866
 30
0.0
  0
SPLINE
  5
34A
330
17
100
AcDbEntity
  8
GEOMETRY
100
AcDbSpline
 70
0
 71
3
 72
8
 73
4
 74
0
 40
0.0
 40
0.0
 40
0.0
 40
0.0
 40
1.0
 40
1.0
 40
1.0
 40
1.0
 10
7.9704724409448815
 20
9.992992125984253
 30
0.0
 10
7.9450393700787405
 20
10.021141732283464
 30
0.0
 10
7.959566929133858
 20
10.039488188976378
 30
0.0
 10
7.9704724409448815
 20
10.054173228346457
 30
0.0
  0
SPLINE
  5
34B
330
17
100
AcDbEntity
  8
GEOMETRY
100
AcDbSpline
 70
0
 71
3
 72
8
 73
4
 74
0
 40
0.0
 40
0.0
 40
0.0
 40
0.0
 40
1.0
 40
1.0
 40
1.0
 40
1.0
 10
7.9704724409448815
 20
10.054173228346457
 30
0.0
 10
7.9813779527559054
 20
10.039488188976378
 30
0.0
 10
7.995905511811023
 20
10.021141732283464
 30
0.0
 10
7.9704724409448815
 20
9.992992125984253
 30
0.0
  0
SPLINE
  5
34C
330
17
100
AcDbEntity
  8
GEOMETRY
100
AcDbSpline
 70
0
 71
3
 72
8
 73
4
 74
0
 40
0.0
 40
0.0
 40
0.0
 40
0.0
 40
1.0
 40
1.0
 40
1.0
 40
1.0
 10
7.9704724409448815
 20
9.992992125984253
 30
0.0
 10
7.9704724409448815
 20
10.011758530183727
 30
0.0
 10
7.9704724409448815
 20
10.032152230971128
 30
0.0
 10
7.9704724409448815
 20
10.054173228346457
 30
0.0
  0
SPLINE
  5
34D
330
17
100
AcDbEntity
  8
GEOMETRY
100
AcDbSpline
 70
0
 71
3
 72
8
 73
4
 74
0
 40
0.0
 40
0.0
 40
0.0
 40
0.0
 40
1.0
 40
1.0
 40
1.0
 40
1.0
 10
7.9704724409448815
 20
9.992992125984253
 30
0.0
 10
7.9604527559055125
 20
10.024330708661418
 30
0.0
 10
7.9844881889763775
 20
10.027992125984252
 30
0.0
 10
7.993287401574802
 20
10.039035433070866
 30
0.0
  0
SPLINE
  5
34E
330
17
100
AcDbEntity
  8
GEOMETRY
100
AcDbSpline
 70
0
 71
3
 72
8
 73
4
 74
0
 40
0.0
 40
0.0
 40
0.0
 40
0.0
 40
1.0
 40
1.0
 40
1.0
 40
1.0
 10
7.993287401574802
 20
10.039035433070866
 30
0.0
 10
8.002086614173228
 20
10.027992125984252
 30
0.0
 10
8.001476377952756
 20
10.004015748031497
 30
0.0
 10
7.9704724409448815
 20
9.992992125984253
 30
0.0
  0
SPLINE
  5
34F
330
17
100
AcDbEntity
  8
GEOMETRY
100
AcDbSpline
 70
0
 71
3
 72
8
 73
4
 74
0
 40
0.0
 40
0.0
 40
0.0
 40
0.0
 40
1.0
 40
1.0
 40
1.0
 40
1.0
 10
7.9704724409448815
 20
9.992992125984253
 30
0.0
 10
7.97746719160105
 20
10.00711286089239
 30
0.0
 10
7.98507217847769
 20
10.02246062992126
 30
0.0
 10
7.993287401574802
 20
10.039035433070866
 30
0.0
  0
SPLINE
  5
350
330
17
100
AcDbEntity
  8
GEOMETRY
100
AcDbSpline
 70
0
 71
3
 72
8
 73
4
 74
0
 40
0.0
 40
0.0
 40
0.0
 40
0.0
 40
1.0
 40
1.0
 40
1.0
 40
1.0
 10
7.9704724409448815
 20
9.992992125984253
 30
0.0
 10
7.973366141732284
 20
10.020767716535435
 30
0.0
 10
7.998287401574803
 20
10.012145669291339
 30
0.0
 10
8.003562992125984
 20
10.018188976377953
 30
0.0
  0
SPLINE
  5
351
330
17
100
AcDbEntity
  8
GEOMETRY
100
AcDbSpline
 70
0
 71
3
 72
8
 73
4
 74
0
 40
0.0
 40
0.0
 40
0.0
 40
0.0
 40
1.0
 40
1.0
 40
1.0
 40
1.0
 10
8.003562992125984
 20
10.018188976377953
 30
0.0
 10
8.008858267716535
 20
10.012145669291339
 30
0.0
 10
7.998031496062993
 20
9.988405511811024
 30
0.0
 10
7.9704724409448815
 20
9.992992125984253
 30
0.0
  0
SPLINE
  5
352
330
17
100
AcDbEntity
  8
GEOMETRY
100
AcDbSpline
 70
0
 71
3
 72
8
 73
4
 74
0
 40
0.0
 40
0.0
 40
0.0
 40
0.0
 40
1.0
 40
1.0
 40
1.0
 40
1.0
 10
7.9704724409448815
 20
9.992992125984253
 30
0.0
 10
7.980616797900262
 20
10.000721784776903
 30
0.0
 10
7.991646981627296
 20
10.009120734908137
 30
0.0
 10
8.003562992125984
 20
10.018188976377953
 30
0.0
  0
LWPOLYLINE
  5
353
330
17
100
AcDbEntity
  8
GEOMETRY
100
AcDbPolyline
 90
27
 70
0
 10
7.886948818897637
 20
10.026023622047244
 10
7.882342519685039
 20
10.02470472440945
 10
7.878740157480315
 20
10.021771653543308
 10
7.876653543307087
 20
10.01779527559055
 10
7.876299212598425
 20
10.013484251968505
 10
7.87761811023622
 20
10.009527559055119
 10
7.8802755905511805
 20
10.006515748031497
 10
7.883779527559055
 20
10.004862204724411
 10
7.887480314960629
 20
10.00472440944882
 10
7.890787401574802
 20
10.006003937007875
 10
7.893208661417323
 20
10.008366141732283
 10
7.894448818897638
 20
10.011358267716536
 10
7.894409448818897
 20
10.014448818897637
 10
7.893228346456692
 20
10.017125984251969
 10
7.8911811023622045
 20
10.018996062992127
 10
7.888700787401574
 20
10.01986220472441
 10
7.886259842519685
 20
10.019665354330709
 10
7.884212598425197
 20
10.018602362204724
 10
7.8828740157480315
 20
10.016909448818899
 10
7.882362204724409
 20
10.014980314960631
 10
7.882657480314961
 20
10.013169291338583
 10
7.883562992125984
 20
10.011751968503937
 10
7.884862204724409
 20
10.010905511811025
 10
7.886240157480314
 20
10.010708661417324
 10
7.887421259842519
 20
10.011082677165355
 10
7.8882283464566925
 20
10.011811023622048
 10
7.888582677165354
 20
10.012677165354331
  0
LWPOLYLINE
  5
354
330
17
100
AcDbEntity
  8
GEOMETRY
100
AcDbPolyline
 90
27
 70
0
 10
8.053996062992127
 20
10.026023622047244
 10
8.058602362204725
 20
10.02470472440945
 10
8.06220472440945
 20
10.021771653543308
 10
8.064291338582677
 20
10.01779527559055
 10
8.064645669291338
 20
10.013484251968505
 10
8.063326771653543
 20
10.009527559055119
 10
8.060669291338582
 20
10.006515748031497
 10
8.057165354330708
 20
10.004862204724411
 10
8.053464566929133
 20
10.00472440944882
 10
8.05015748031496
 20
10.006003937007875
 10
8.04773622047244
 20
10.008366141732283
 10
8.046496062992126
 20
10.011358267716536
 10
8.046535433070867
 20
10.014448818897637
 10
8.047716535433072
 20
10.017125984251969
 10
8.04976377952756
 20
10.018996062992127
 10
8.052244094488188
 20
10.01986220472441
 10
8.054685039370078
 20
10.019665354330709
 10
8.056732283464566
 20
10.018602362204724
 10
8.058070866141733
 20
10.016909448818899
 10
8.058582677165354
 20
10.014980314960631
 10
8.058287401574804
 20
10.013169291338583
 10
8.057381889763779
 20
10.011751968503937
 10
8.056082677165355
 20
10.010905511811025
 10
8.054704724409449
 20
10.010708661417324
 10
8.053523622047244
 20
10.011082677165355
 10
8.05271653543307
 20
10.011811023622048
 10
8.052362204724409
 20
10.012677165354331
  0
SPLINE
  5
355
330
17
100
AcDbEntity
  8
GEOMETRY
100
AcDbSpline
 70
0
 71
3
 72
8
 73
4
 74
0
 40
0.0
 40
0.0
 40
0.0
 40
0.0
 40
1.0
 40
1.0
 40
1.0
 40
1.0
 10
7.937066929133858
 20
9.992992125984253
 30
0.0
 10
7.959337270341207
 20
9.999107611548556
 30
0.0
 10
7.981607611548556
 20
9.999107611548556
 30
0.0
 10
8.003877952755905
 20
9.992992125984253
 30
0.0
  0
SPLINE
  5
356
330
17
100
AcDbEntity
  8
GEOMETRY
100
AcDbSpline
 70
0
 71
3
 72
8
 73
4
 74
0
 40
0.0
 40
0.0
 40
0.0
 40
0.0
 40
1.0
 40
1.0
 40
1.0
 40
1.0
 10
8.003877952755905
 20
9.992992125984253
 30
0.0
 10
7.981607611548556
 20
9.988097112860894
 30
0.0
 10
7.959337270341207
 20
9.988097112860894
 30
0.0
 10
7.937066929133858
 20
9.992992125984253
 30
0.0
  0
LINE
  5
357
330
17
100
AcDbEntity
  8
GEOMETRY
100
AcDbLine
 10
7.9704724409448815
 20
9.974606299212597
 30
0.0
 11
7.9704724409448815
 21
9.635826771653543
 31
0.0
  0
SPLINE
  5
358
330
17
100
AcDbEntity
  8
GEOMETRY
100
AcDbSpline
 70
0
 71
3
 72
8
 73
4
 74
0
 40
0.0
 40
0.0
 40
0.0
 40
0.0
 40
1.0
 40
1.0
 40
1.0
 40
1.0
 10
7.887795275590551
 20
9.904960629921261
 30
0.0
 10
7.924173228346456
 20
9.941902887139108
 30
0.0
 10
7.951732283464566
 20
9.96242782152231
 30
0.0
 10
7.9704724409448815
 20
9.966535433070867
 30
0.0
  0
SPLINE
  5
359
330
17
100
AcDbEntity
  8
GEOMETRY
100
AcDbSpline
 70
0
 71
3
 72
8
 73
4
 74
0
 40
0.0
 40
0.0
 40
0.0
 40
0.0
 40
1.0
 40
1.0
 40
1.0
 40
1.0
 10
7.9704724409448815
 20
9.966535433070867
 30
0.0
 10
7.989212598425197
 20
9.96242782152231
 30
0.0
 10
8.016771653543307
 20
9.941902887139108
 30
0.0
 10
8.053149606299213
 20
9.904960629921261
 30
0.0
  0
SPLINE
  5
35A
330
17
100
AcDbEntity
  8
GEOMETRY
100
AcDbSpline
 70
0
 71
3
 72
8
 73
4
 74
0
 40
0.0
 40
0.0
 40
0.0
 40
0.0
 40
1.0
 40
1.0
 40
1.0
 40
1.0
 10
7.888543307086614
 20
9.893661417322836
 30
0.0
 10
7.924593175853018
 20
9.930603674540682
 30
0.0
 10
7.9519028871391075
 20
9.951128608923884
 30
0.0
 10
7.9704724409448815
 20
9.955236220472441
 30
0.0
  0
SPLINE
  5
35B
330
17
100
AcDbEntity
  8
GEOMETRY
100
AcDbSpline
 70
0
 71
3
 72
8
 73
4
 74
0
 40
0.0
 40
0.0
 40
0.0
 40
0.0
 40
1.0
 40
1.0
 40
1.0
 40
1.0
 10
7.9704724409448815
 20
9.955236220472441
 30
0.0
 10
7.989041994750656
 20
9.951128608923884
 30
0.0
 10
8.016351706036746
 20
9.930603674540682
 30
0.0
 10
8.05240157480315
 20
9.893661417322836
 30
0.0
  0
SPLINE
  5
35C
330
17
100
AcDbEntity
  8
GEOMETRY
100
AcDbSpline
 70
0
 71
3
 72
8
 73
4
 74
0
 40
0.0
 40
0.0
 40
0.0
 40
0.0
 40
1.0
 40
1.0
 40
1.0
 40
1.0
 10
7.889566929133858
 20
9.878051181102363
 30
0.0
 10
7.92517060367454
 20
9.914993438320211
 30
0.0
 10
7.952139107611548
 20
9.935518372703413
 30
0.0
 10
7.9704724409448815
 20
9.939625984251968
 30
0.0
  0
SPLINE
  5
35D
330
17
100
AcDbEntity
  8
GEOMETRY
100
AcDbSpline
 70
0
 71
3
 72
8
 73
4
 74
0
 40
0.0
 40
0.0
 40
0.0
 40
0.0
 40
1.0
 40
1.0
 40
1.0
 40
1.0
 10
7.9704724409448815
 20
9.939625984251968
 30
0.0
 10
7.988805774278215
 20
9.935518372703413
 30
0.0
 10
8.015774278215224
 20
9.914993438320211
 30
0.0
 10
8.051377952755905
 20
9.878051181102363
 30
0.0
  0
SPLINE
  5
35E
330
17
100
AcDbEntity
  8
GEOMETRY
100
AcDbSpline
 70
0
 71
3
 72
8
 73
4
 74
0
 40
0.0
 40
0.0
 40
0.0
 40
0.0
 40
1.0
 40
1.0
 40
1.0
 40
1.0
 10
7.8903149606299205
 20
9.866751968503937
 30
0.0
 10
7.925577427821522
 20
9.903694225721784
 30
0.0
 10
7.952296587926509
 20
9.924219160104986
 30
0.0
 10
7.9704724409448815
 20
9.928326771653543
 30
0.0
  0
SPLINE
  5
35F
330
17
100
AcDbEntity
  8
GEOMETRY
100
AcDbSpline
 70
0
 71
3
 72
8
 73
4
 74
0
 40
0.0
 40
0.0
 40
0.0
 40
0.0
 40
1.0
 40
1.0
 40
1.0
 40
1.0
 10
7.9704724409448815
 20
9.928326771653543
 30
0.0
 10
7.988648293963254
 20
9.924219160104986
 30
0.0
 10
8.01536745406824
 20
9.903694225721784
 30
0.0
 10
8.050629921259842
 20
9.866751968503937
 30
0.0
  0
SPLINE
  5
360
330
17
100
AcDbEntity
  8
GEOMETRY
100
AcDbSpline
 70
0
 71
3
 72
8
 73
4
 74
0
 40
0.0
 40
0.0
 40
0.0
 40
0.0
 40
1.0
 40
1.0
 40
1.0
 40
1.0
 10
7.891338582677165
 20
9.851141732283466
 30
0.0
 10
7.926154855643045
 20
9.888083989501313
 30
0.0
 10
7.95253280839895
 20
9.908608923884515
 30
0.0
 10
7.9704724409448815
 20
9.912716535433072
 30
0.0
  0
SPLINE
  5
361
330
17
100
AcDbEntity
  8
GEOMETRY
100
AcDbSpline
 70
0
 71
3
 72
8
 73
4
 74
0
 40
0.0
 40
0.0
 40
0.0
 40
0.0
 40
1.0
 40
1.0
 40
1.0
 40
1.0
 10
7.9704724409448815
 20
9.912716535433072
 30
0.0
 10
7.988412073490813
 20
9.908608923884515
 30
0.0
 10
8.014790026246718
 20
9.888083989501313
 30
0.0
 10
8.049606299212599
 20
9.851141732283466
 30
0.0
  0
SPLINE
  5
362
330
17
100
AcDbEntity
  8
GEOMETRY
100
AcDbSpline
 70
0
 71
3
 72
8
 73
4
 74
0
 40
0.0
 40
0.0
 40
0.0
 40
0.0
 40
1.0
 40
1.0
 40
1.0
 40
1.0
 10
7.892086614173229
 20
9.83982283464567
 30
0.0
 10
7.926574803149606
 20
9.876778215223098
 30
0.0
 10
7.9527034120734905
 20
9.8973031496063
 30
0.0
 10
7.9704724409448815
 20
9.901397637795275
 30
0.0
  0
SPLINE
  5
363
330
17
100
AcDbEntity
  8
GEOMETRY
100
AcDbSpline
 70
0
 71
3
 72
8
 73
4
 74
0
 40
0.0
 40
0.0
 40
0.0
 40
0.0
 40
1.0
 40
1.0
 40
1.0
 40
1.0
 10
7.9704724409448815
 20
9.901397637795275
 30
0.0
 10
7.9882414698162725
 20
9.8973031496063
 30
0.0
 10
8.014370078740157
 20
9.876778215223098
 30
0.0
 10
8.048858267716536
 20
9.83982283464567
 30
0.0
  0
SPLINE
  5
364
330
17
100
AcDbEntity
  8
GEOMETRY
100
AcDbSpline
 70
0
 71
3
 72
8
 73
4
 74
0
 40
0.0
 40
0.0
 40
0.0
 40
0.0
 40
1.0
 40
1.0
 40
1.0
 40
1.0
 10
7.893110236220473
 20
9.824212598425197
 30
0.0
 10
7.927152230971129
 20
9.861167979002625
 30
0.0
 10
7.952939632545932
 20
9.881692913385827
 30
0.0
 10
7.9704724409448815
 20
9.885787401574804
 30
0.0
  0
SPLINE
  5
365
330
17
100
AcDbEntity
  8
GEOMETRY
100
AcDbSpline
 70
0
 71
3
 72
8
 73
4
 74
0
 40
0.0
 40
0.0
 40
0.0
 40
0.0
 40
1.0
 40
1.0
 40
1.0
 40
1.0
 10
7.9704724409448815
 20
9.885787401574804
 30
0.0
 10
7.988005249343831
 20
9.881692913385827
 30
0.0
 10
8.013792650918635
 20
9.861167979002625
 30
0.0
 10
8.04783464566929
 20
9.824212598425197
 30
0.0
  0
SPLINE
  5
366
330
17
100
AcDbEntity
  8
GEOMETRY
100
AcDbSpline
 70
0
 71
3
 72
8
 73
4
 74
0
 40
0.0
 40
0.0
 40
0.0
 40
0.0
 40
1.0
 40
1.0
 40
1.0
 40
1.0
 10
7.893858267716535
 20
9.812913385826771
 30
0.0
 10
7.92757217847769
 20
9.84985564304462
 30
0.0
 10
7.953110236220472
 20
9.870380577427822
 30
0.0
 10
7.9704724409448815
 20
9.874488188976379
 30
0.0
  0
SPLINE
  5
367
330
17
100
AcDbEntity
  8
GEOMETRY
100
AcDbSpline
 70
0
 71
3
 72
8
 73
4
 74
0
 40
0.0
 40
0.0
 40
0.0
 40
0.0
 40
1.0
 40
1.0
 40
1.0
 40
1.0
 10
7.9704724409448815
 20
9.874488188976379
 30
0.0
 10
7.987834645669291
 20
9.870380577427822
 30
0.0
 10
8.013372703412074
 20
9.84985564304462
 30
0.0
 10
8.047086614173228
 20
9.812913385826771
 30
0.0
  0
SPLINE
  5
368
330
17
100
AcDbEntity
  8
GEOMETRY
100
AcDbSpline
 70
0
 71
3
 72
8
 73
4
 74
0
 40
0.0
 40
0.0
 40
0.0
 40
0.0
 40
1.0
 40
1.0
 40
1.0
 40
1.0
 10
7.89488188976378
 20
9.7973031496063
 30
0.0
 10
7.928136482939633
 20
9.834245406824147
 30
0.0
 10
7.953333333333333
 20
9.854770341207349
 30
0.0
 10
7.9704724409448815
 20
9.858877952755906
 30
0.0
  0
SPLINE
  5
369
330
17
100
AcDbEntity
  8
GEOMETRY
100
AcDbSpline
 70
0
 71
3
 72
8
 73
4
 74
0
 40
0.0
 40
0.0
 40
0.0
 40
0.0
 40
1.0
 40
1.0
 40
1.0
 40
1.0
 10
7.9704724409448815
 20
9.858877952755906
 30
0.0
 10
7.987611548556431
 20
9.854770341207349
 30
0.0
 10
8.012808398950131
 20
9.834245406824147
 30
0.0
 10
8.046062992125984
 20
9.7973031496063
 30
0.0
  0
SPLINE
  5
36A
330
17
100
AcDbEntity
  8
GEOMETRY
100
AcDbSpline
 70
0
 71
3
 72
8
 73
4
 74
0
 40
0.0
 40
0.0
 40
0.0
 40
0.0
 40
1.0
 40
1.0
 40
1.0
 40
1.0
 10
7.895629921259843
 20
9.786003937007875
 30
0.0
 10
7.928556430446194
 20
9.822946194225722
 30
0.0
 10
7.9535039370078735
 20
9.843471128608924
 30
0.0
 10
7.9704724409448815
 20
9.84757874015748
 30
0.0
  0
SPLINE
  5
36B
330
17
100
AcDbEntity
  8
GEOMETRY
100
AcDbSpline
 70
0
 71
3
 72
8
 73
4
 74
0
 40
0.0
 40
0.0
 40
0.0
 40
0.0
 40
1.0
 40
1.0
 40
1.0
 40
1.0
 10
7.9704724409448815
 20
9.84757874015748
 30
0.0
 10
7.9874409448818895
 20
9.843471128608924
 30
0.0
 10
8.01238845144357
 20
9.822946194225722
 30
0.0
 10
8.045314960629922
 20
9.786003937007875
 30
0.0
  0
SPLINE
  5
36C
330
17
100
AcDbEntity
  8
GEOMETRY
100
AcDbSpline
 70
0
 71
3
 72
8
 73
4
 74
0
 40
0.0
 40
0.0
 40
0.0
 40
0.0
 40
1.0
 40
1.0
 40
1.0
 40
1.0
 10
7.896653543307086
 20
9.770393700787402
 30
0.0
 10
7.929133858267717
 20
9.807335958005249
 30
0.0
 10
7.953740157480315
 20
9.827860892388452
 30
0.0
 10
7.9704724409448815
 20
9.83196850393701
 30
0.0
  0
SPLINE
  5
36D
330
17
100
AcDbEntity
  8
GEOMETRY
100
AcDbSpline
 70
0
 71
3
 72
8
 73
4
 74
0
 40
0.0
 40
0.0
 40
0.0
 40
0.0
 40
1.0
 40
1.0
 40
1.0
 40
1.0
 10
7.9704724409448815
 20
9.83196850393701
 30
0.0
 10
7.987204724409449
 20
9.827860892388452
 30
0.0
 10
8.011811023622046
 20
9.807335958005249
 30
0.0
 10
8.044291338582676
 20
9.770393700787402
 30
0.0
  0
SPLINE
  5
36E
330
17
100
AcDbEntity
  8
GEOMETRY
100
AcDbSpline
 70
0
 71
3
 72
8
 73
4
 74
0
 40
0.0
 40
0.0
 40
0.0
 40
0.0
 40
1.0
 40
1.0
 40
1.0
 40
1.0
 10
7.897401574803149
 20
9.759094488188977
 30
0.0
 10
7.929553805774279
 20
9.796036745406825
 30
0.0
 10
7.953910761154856
 20
9.816561679790027
 30
0.0
 10
7.9704724409448815
 20
9.820669291338584
 30
0.0
  0
SPLINE
  5
36F
330
17
100
AcDbEntity
  8
GEOMETRY
100
AcDbSpline
 70
0
 71
3
 72
8
 73
4
 74
0
 40
0.0
 40
0.0
 40
0.0
 40
0.0
 40
1.0
 40
1.0
 40
1.0
 40
1.0
 10
7.9704724409448815
 20
9.820669291338584
 30
0.0
 10
7.987034120734908
 20
9.816561679790027
 30
0.0
 10
8.011391076115485
 20
9.796036745406825
 30
0.0
 10
8.043543307086614
 20
9.759094488188977
 30
0.0
  0
SPLINE
  5
370
330
17
100
AcDbEntity
  8
GEOMETRY
100
AcDbSpline
 70
0
 71
3
 72
8
 73
4
 74
0
 40
0.0
 40
0.0
 40
0.0
 40
0.0
 40
1.0
 40
1.0
 40
1.0
 40
1.0
 10
7.898425196850393
 20
9.743484251968503
 30
0.0
 10
7.930131233595801
 20
9.780426509186352
 30
0.0
 10
7.9541469816272965
 20
9.800951443569554
 30
0.0
 10
7.9704724409448815
 20
9.805059055118111
 30
0.0
  0
SPLINE
  5
371
330
17
100
AcDbEntity
  8
GEOMETRY
100
AcDbSpline
 70
0
 71
3
 72
8
 73
4
 74
0
 40
0.0
 40
0.0
 40
0.0
 40
0.0
 40
1.0
 40
1.0
 40
1.0
 40
1.0
 10
7.9704724409448815
 20
9.805059055118111
 30
0.0
 10
7.986797900262467
 20
9.800951443569554
 30
0.0
 10
8.010813648293963
 20
9.780426509186352
 30
0.0
 10
8.04251968503937
 20
9.743484251968503
 30
0.0
  0
SPLINE
  5
372
330
17
100
AcDbEntity
  8
GEOMETRY
100
AcDbSpline
 70
0
 71
3
 72
8
 73
4
 74
0
 40
0.0
 40
0.0
 40
0.0
 40
0.0
 40
1.0
 40
1.0
 40
1.0
 40
1.0
 10
7.899173228346457
 20
9.73218503937008
 30
0.0
 10
7.930538057742782
 20
9.769127296587927
 30
0.0
 10
7.954304461942257
 20
9.789652230971129
 30
0.0
 10
7.9704724409448815
 20
9.793759842519686
 30
0.0
  0
SPLINE
  5
373
330
17
100
AcDbEntity
  8
GEOMETRY
100
AcDbSpline
 70
0
 71
3
 72
8
 73
4
 74
0
 40
0.0
 40
0.0
 40
0.0
 40
0.0
 40
1.0
 40
1.0
 40
1.0
 40
1.0
 10
7.9704724409448815
 20
9.793759842519686
 30
0.0
 10
7.9866404199475065
 20
9.789652230971129
 30
0.0
 10
8.010406824146981
 20
9.769127296587927
 30
0.0
 10
8.041771653543307
 20
9.73218503937008
 30
0.0
  0
SPLINE
  5
374
330
17
100
AcDbEntity
  8
GEOMETRY
100
AcDbSpline
 70
0
 71
3
 72
8
 73
4
 74
0
 40
0.0
 40
0.0
 40
0.0
 40
0.0
 40
1.0
 40
1.0
 40
1.0
 40
1.0
 10
7.900196850393701
 20
9.716574803149607
 30
0.0
 10
7.931115485564304
 20
9.753517060367454
 30
0.0
 10
7.954540682414698
 20
9.774041994750656
 30
0.0
 10
7.9704724409448815
 20
9.778149606299213
 30
0.0
  0
SPLINE
  5
375
330
17
100
AcDbEntity
  8
GEOMETRY
100
AcDbSpline
 70
0
 71
3
 72
8
 73
4
 74
0
 40
0.0
 40
0.0
 40
0.0
 40
0.0
 40
1.0
 40
1.0
 40
1.0
 40
1.0
 10
7.9704724409448815
 20
9.778149606299213
 30
0.0
 10
7.986404199475066
 20
9.774041994750656
 30
0.0
 10
8.00982939632546
 20
9.753517060367454
 30
0.0
 10
8.040748031496063
 20
9.716574803149607
 30
0.0
  0
SPLINE
  5
376
330
17
100
AcDbEntity
  8
GEOMETRY
100
AcDbSpline
 70
0
 71
3
 72
8
 73
4
 74
0
 40
0.0
 40
0.0
 40
0.0
 40
0.0
 40
1.0
 40
1.0
 40
1.0
 40
1.0
 10
7.900944881889764
 20
9.705255905511812
 30
0.0
 10
7.9315354330708665
 20
9.742211286089239
 30
0.0
 10
7.954711286089239
 20
9.76273622047244
 30
0.0
 10
7.9704724409448815
 20
9.766830708661418
 30
0.0
  0
SPLINE
  5
377
330
17
100
AcDbEntity
  8
GEOMETRY
100
AcDbSpline
 70
0
 71
3
 72
8
 73
4
 74
0
 40
0.0
 40
0.0
 40
0.0
 40
0.0
 40
1.0
 40
1.0
 40
1.0
 40
1.0
 10
7.9704724409448815
 20
9.766830708661418
 30
0.0
 10
7.986233595800525
 20
9.76273622047244
 30
0.0
 10
8.009409448818898
 20
9.742211286089239
 30
0.0
 10
8.040000000000001
 20
9.705255905511812
 30
0.0
  0
SPLINE
  5
378
330
17
100
AcDbEntity
  8
GEOMETRY
100
AcDbSpline
 70
0
 71
3
 72
8
 73
4
 74
0
 40
0.0
 40
0.0
 40
0.0
 40
0.0
 40
1.0
 40
1.0
 40
1.0
 40
1.0
 10
7.901968503937008
 20
9.68964566929134
 30
0.0
 10
7.932112860892388
 20
9.726601049868767
 30
0.0
 10
7.9549475065616795
 20
9.74712598425197
 30
0.0
 10
7.9704724409448815
 20
9.751220472440945
 30
0.0
  0
SPLINE
  5
379
330
17
100
AcDbEntity
  8
GEOMETRY
100
AcDbSpline
 70
0
 71
3
 72
8
 73
4
 74
0
 40
0.0
 40
0.0
 40
0.0
 40
0.0
 40
1.0
 40
1.0
 40
1.0
 40
1.0
 10
7.9704724409448815
 20
9.751220472440945
 30
0.0
 10
7.9859973753280835
 20
9.74712598425197
 30
0.0
 10
8.008832020997374
 20
9.726601049868767
 30
0.0
 10
8.038976377952755
 20
9.68964566929134
 30
0.0
  0
SPLINE
  5
37A
330
17
100
AcDbEntity
  8
GEOMETRY
100
AcDbSpline
 70
0
 71
3
 72
8
 73
4
 74
0
 40
0.0
 40
0.0
 40
0.0
 40
0.0
 40
1.0
 40
1.0
 40
1.0
 40
1.0
 10
7.90271653543307
 20
9.678346456692914
 30
0.0
 10
7.932532808398951
 20
9.71528871391076
 30
0.0
 10
7.955118110236221
 20
9.735813648293963
 30
0.0
 10
7.9704724409448815
 20
9.73992125984252
 30
0.0
  0
SPLINE
  5
37B
330
17
100
AcDbEntity
  8
GEOMETRY
100
AcDbSpline
 70
0
 71
3
 72
8
 73
4
 74
0
 40
0.0
 40
0.0
 40
0.0
 40
0.0
 40
1.0
 40
1.0
 40
1.0
 40
1.0
 10
7.9704724409448815
 20
9.73992125984252
 30
0.0
 10
7.985826771653543
 20
9.735813648293963
 30
0.0
 10
8.008412073490813
 20
9.71528871391076
 30
0.0
 10
8.038228346456693
 20
9.678346456692914
 30
0.0
  0
SPLINE
  5
37C
330
17
100
AcDbEntity
  8
GEOMETRY
100
AcDbSpline
 70
0
 71
3
 72
8
 73
4
 74
0
 40
0.0
 40
0.0
 40
0.0
 40
0.0
 40
1.0
 40
1.0
 40
1.0
 40
1.0
 10
7.903740157480315
 20
9.662736220472441
 30
0.0
 10
7.933097112860892
 20
9.69967847769029
 30
0.0
 10
7.955341207349082
 20
9.720203412073491
 30
0.0
 10
7.9704724409448815
 20
9.724311023622048
 30
0.0
  0
SPLINE
  5
37D
330
17
100
AcDbEntity
  8
GEOMETRY
100
AcDbSpline
 70
0
 71
3
 72
8
 73
4
 74
0
 40
0.0
 40
0.0
 40
0.0
 40
0.0
 40
1.0
 40
1.0
 40
1.0
 40
1.0
 10
7.9704724409448815
 20
9.724311023622048
 30
0.0
 10
7.985603674540682
 20
9.720203412073491
 30
0.0
 10
8.00784776902887
 20
9.69967847769029
 30
0.0
 10
8.037204724409449
 20
9.662736220472441
 30
0.0
  0
SPLINE
  5
37E
330
17
100
AcDbEntity
  8
GEOMETRY
100
AcDbSpline
 70
0
 71
3
 72
8
 73
4
 74
0
 40
0.0
 40
0.0
 40
0.0
 40
0.0
 40
1.0
 40
1.0
 40
1.0
 40
1.0
 10
7.904488188976378
 20
9.651437007874016
 30
0.0
 10
7.933517060367454
 20
9.688379265091864
 30
0.0
 10
7.955511811023622
 20
9.708904199475066
 30
0.0
 10
7.9704724409448815
 20
9.713011811023623
 30
0.0
  0
SPLINE
  5
37F
330
17
100
AcDbEntity
  8
GEOMETRY
100
AcDbSpline
 70
0
 71
3
 72
8
 73
4
 74
0
 40
0.0
 40
0.0
 40
0.0
 40
0.0
 40
1.0
 40
1.0
 40
1.0
 40
1.0
 10
7.9704724409448815
 20
9.713011811023623
 30
0.0
 10
7.985433070866142
 20
9.708904199475066
 30
0.0
 10
8.00742782152231
 20
9.688379265091864
 30
0.0
 10
8.036456692913386
 20
9.651437007874016
 30
0.0
  0
SPLINE
  5
380
330
17
100
AcDbEntity
  8
GEOMETRY
100
AcDbSpline
 70
0
 71
3
 72
8
 73
4
 74
0
 40
0.0
 40
0.0
 40
0.0
 40
0.0
 40
1.0
 40
1.0
 40
1.0
 40
1.0
 10
7.905511811023622
 20
9.635826771653544
 30
0.0
 10
7.934094488188976
 20
9.672769028871391
 30
0.0
 10
7.955748031496063
 20
9.693293963254593
 30
0.0
 10
7.9704724409448815
 20
9.69740157480315
 30
0.0
  0
SPLINE
  5
381
330
17
100
AcDbEntity
  8
GEOMETRY
100
AcDbSpline
 70
0
 71
3
 72
8
 73
4
 74
0
 40
0.0
 40
0.0
 40
0.0
 40
0.0
 40
1.0
 40
1.0
 40
1.0
 40
1.0
 10
7.9704724409448815
 20
9.69740157480315
 30
0.0
 10
7.9851968503937005
 20
9.693293963254593
 30
0.0
 10
8.006850393700788
 20
9.672769028871391
 30
0.0
 10
8.03543307086614
 20
9.635826771653544
 30
0.0
  0
SPLINE
  5
382
330
17
100
AcDbEntity
  8
GEOMETRY
100
AcDbSpline
 70
0
 71
3
 72
8
 73
4
 74
0
 40
0.0
 40
0.0
 40
0.0
 40
0.0
 40
1.0
 40
1.0
 40
1.0
 40
1.0
 10
7.9062598425196855
 20
9.624527559055117
 30
0.0
 10
7.934514435695538
 20
9.661469816272966
 30
0.0
 10
7.955918635170604
 20
9.681994750656168
 30
0.0
 10
7.9704724409448815
 20
9.686102362204725
 30
0.0
  0
SPLINE
  5
383
330
17
100
AcDbEntity
  8
GEOMETRY
100
AcDbSpline
 70
0
 71
3
 72
8
 73
4
 74
0
 40
0.0
 40
0.0
 40
0.0
 40
0.0
 40
1.0
 40
1.0
 40
1.0
 40
1.0
 10
7.9704724409448815
 20
9.686102362204725
 30
0.0
 10
7.98502624671916
 20
9.681994750656168
 30
0.0
 10
8.006430446194226
 20
9.661469816272966
 30
0.0
 10
8.034685039370078
 20
9.624527559055117
 30
0.0
  0
LINE
  5
384
330
17
100
AcDbEntity
  8
GEOMETRY
100
AcDbLine
 10
7.887795275590551
 20
9.904960629921261
 30
0.0
 11
7.905511811023622
 21
9.635826771653543
 31
0.0
  0
LINE
  5
385
330
17
100
AcDbEntity
  8
GEOMETRY
100
AcDbLine
 10
8.053149606299213
 20
9.904960629921261
 30
0.0
 11
8.03543307086614
 21
9.635826771653543
 31
0.0
  0
LWPOLYLINE
  5
386
330
17
100
AcDbEntity
  8
GEOMETRY
100
AcDbPolyline
 90
5
 70
0
 10
7.881889763779527
 20
9.608267716535433
 10
8.059055118110235
 20
9.608267716535433
 10
8.059055118110235
 20
9.458661417322835
 10
7.881889763779527
 20
9.458661417322835
 10
7.881889763779527
 20
9.608267716535433
  0
LWPOLYLINE
  5
387
330
17
100
AcDbEntity
  8
GEOMETRY
100
AcDbPolyline
 90
5
 70
0
 10
7.9704724409448815
 20
9.56984251968504
 10
8.03976377952756
 20
9.533464566929133
 10
7.9704724409448815
 20
9.497086614173229
 10
7.901181102362204
 20
9.533464566929133
 10
7.9704724409448815
 20
9.56984251968504
  0
LWPOLYLINE
  5
388
330
17
100
AcDbEntity
  8
GEOMETRY
100
AcDbPolyline
 90
5
 70
0
 10
7.9704724409448815
 20
9.554566929133859
 10
8.010669291338584
 20
9.533464566929133
 10
7.9704724409448815
 20
9.51236220472441
 10
7.930275590551181
 20
9.533464566929133
 10
7.9704724409448815
 20
9.554566929133859
  0
SPLINE
  5
389
330
17
100
AcDbEntity
  8
GEOMETRY
100
AcDbSpline
 70
0
 71
3
 72
8
 73
4
 74
0
 40
0.0
 40
0.0
 40
0.0
 40
0.0
 40
1.0
 40
1.0
 40
1.0
 40
1.0
 10
7.923228346456693
 20
9.546456692913386
 30
0.0
 10
7.923228346456693
 20
9.582834645669292
 30
0.0
 10
7.961023622047244
 20
9.585433070866141
 30
0.0
 10
7.9704724409448815
 20
9.556850393700788
 30
0.0
  0
SPLINE
  5
38A
330
17
100
AcDbEntity
  8
GEOMETRY
100
AcDbSpline
 70
0
 71
3
 72
11
 73
7
 74
0
 40
0.0
 40
0.0
 40
0.0
 40
0.0
 40
1.0
 40
1.0
 40
1.0
 40
2.0
 40
2.0
 40
2.0
 40
2.0
 10
7.9704724409448815
 20
9.556850393700788
 30
0.0
 10
7.979921259842519
 20
9.585433070866141
 30
0.0
 10
8.01771653543307
 20
9.582834645669292
 30
0.0
 10
8.01771653543307
 20
9.546456692913386
 30
0.0
 10
8.01771653543307
 20
9.515275590551182
 30
0.0
 10
7.989370078740158
 20
9.497086614173229
 30
0.0
 10
7.9704724409448815
 20
9.473700787401576
 30
0.0
  0
SPLINE
  5
38B
330
17
100
AcDbEntity
  8
GEOMETRY
100
AcDbSpline
 70
0
 71
3
 72
8
 73
4
 74
0
 40
0.0
 40
0.0
 40
0.0
 40
0.0
 40
1.0
 40
1.0
 40
1.0
 40
1.0
 10
7.9704724409448815
 20
9.473700787401576
 30
0.0
 10
7.951574803149606
 20
9.497086614173229
 30
0.0
 10
7.923228346456693
 20
9.515275590551182
 30
0.0
 10
7.923228346456693
 20
9.546456692913386
 30
0.0
  0
SPLINE
  5
38C
330
17
100
AcDbEntity
  8
GEOMETRY
100
AcDbSpline
 70
0
 71
3
 72
8
 73
4
 74
0
 40
0.0
 40
0.0
 40
0.0
 40
0.0
 40
1.0
 40
1.0
 40
1.0
 40
1.0
 10
7.93740157480315
 20
9.542559055118112
 30
0.0
 10
7.93740157480315
 20
9.568031496062993
 30
0.0
 10
7.963858267716536
 20
9.56984251968504
 30
0.0
 10
7.9704724409448815
 20
9.54984251968504
 30
0.0
  0
SPLINE
  5
38D
330
17
100
AcDbEntity
  8
GEOMETRY
100
AcDbSpline
 70
0
 71
3
 72
11
 73
7
 74
0
 40
0.0
 40
0.0
 40
0.0
 40
0.0
 40
1.0
 40
1.0
 40
1.0
 40
2.0
 40
2.0
 40
2.0
 40
2.0
 10
7.9704724409448815
 20
9.54984251968504
 30
0.0
 10
7.977086614173228
 20
9.56984251968504
 30
0.0
 10
8.003543307086614
 20
9.568031496062993
 30
0.0
 10
8.003543307086614
 20
9.542559055118112
 30
0.0
 10
8.003543307086614
 20
9.520728346456693
 30
0.0
 10
7.983700787401575
 20
9.507992125984252
 30
0.0
 10
7.9704724409448815
 20
9.491633858267717
 30
0.0
  0
SPLINE
  5
38E
330
17
100
AcDbEntity
  8
GEOMETRY
100
AcDbSpline
 70
0
 71
3
 72
8
 73
4
 74
0
 40
0.0
 40
0.0
 40
0.0
 40
0.0
 40
1.0
 40
1.0
 40
1.0
 40
1.0
 10
7.9704724409448815
 20
9.491633858267717
 30
0.0
 10
7.957244094488189
 20
9.507992125984252
 30
0.0
 10
7.93740157480315
 20
9.520728346456693
 30
0.0
 10
7.93740157480315
 20
9.542559055118112
 30
0.0
  0
LWPOLYLINE
  5
38F
330
17
100
AcDbEntity
  8
GEOMETRY
100
AcDbPolyline
 90
2
 70
0
 10
8.006496062992126
 20
9.550925196850393
 10
8.032834645669292
 20
9.5371062992126
  0
LWPOLYLINE
  5
390
330
17
100
AcDbEntity
  8
GEOMETRY
100
AcDbPolyline
 90
2
 70
0
 10
7.991377952755905
 20
9.543582677165354
 10
8.006633858267715
 20
9.535570866141732
  0
LWPOLYLINE
  5
391
330
17
100
AcDbEntity
  8
GEOMETRY
100
AcDbPolyline
 90
2
 70
0
 10
7.934448818897637
 20
9.516003937007874
 10
7.908110236220471
 20
9.52982283464567
  0
LWPOLYLINE
  5
392
330
17
100
AcDbEntity
  8
GEOMETRY
100
AcDbPolyline
 90
2
 70
0
 10
7.949566929133859
 20
9.523346456692913
 10
7.934311023622047
 20
9.531358267716536
  0
LINE
  5
393
330
17
100
AcDbEntity
  8
GEOMETRY
100
AcDbLine
 10
5.2952755905511815
 20
5.015748031496063
 30
0.0
 11
8.44488188976378
 21
5.015748031496063
 31
0.0
  0
LINE
  5
394
330
17
100
AcDbEntity
  8
DIMENSIONS
100
AcDbLine
 10
5.610236220472441
 20
4.700787401574804
 30
0.0
 11
8.12992125984252
 21
4.700787401574804
 31
0.0
  0
LINE
  5
395
330
17
100
AcDbEntity
  8
DIMENSIONS
100
AcDbLine
 10
5.669291338582677
 20
4.937007874015748
 30
0.0
 11
5.669291338582677
 21
4.653543307086614
 31
0.0
  0
LINE
  5
396
330
17
100
AcDbEntity
  8
DIMENSIONS
100
AcDbLine
 10
5.6299212598425195
 20
4.661417322834646
 30
0.0
 11
5.708661417322834
 21
4.740157480314961
 31
0.0
  0
LINE
  5
397
330
17
100
AcDbEntity
  8
DIMENSIONS
100
AcDbLine
 10
5.970472440944882
 20
4.937007874015748
 30
0.0
 11
5.970472440944882
 21
4.653543307086614
 31
0.0
  0
LINE
  5
398
330
17
100
AcDbEntity
  8
DIMENSIONS
100
AcDbLine
 10
5.931102362204725
 20
4.661417322834646
 30
0.0
 11
6.00984251968504
 21
4.740157480314961
 31
0.0
  0
LINE
  5
399
330
17
100
AcDbEntity
  8
DIMENSIONS
100
AcDbLine
 10
7.769685039370079
 20
4.937007874015748
 30
0.0
 11
7.769685039370079
 21
4.653543307086614
 31
0.0
  0
LINE
  5
39A
330
17
100
AcDbEntity
  8
DIMENSIONS
100
AcDbLine
 10
7.730314960629921
 20
4.661417322834646
 30
0.0
 11
7.809055118110236
 21
4.740157480314961
 31
0.0
  0
LINE
  5
39B
330
17
100
AcDbEntity
  8
DIMENSIONS
100
AcDbLine
 10
8.070866141732283
 20
4.937007874015748
 30
0.0
 11
8.070866141732283
 21
4.653543307086614
 31
0.0
  0
LINE
  5
39C
330
17
100
AcDbEntity
  8
DIMENSIONS
100
AcDbLine
 10
8.031496062992126
 20
4.661417322834646
 30
0.0
 11
8.11023622047244
 21
4.740157480314961
 31
0.0
  0
TEXT
  5
39D
330
17
100
AcDbEntity
  8
TEXT
100
AcDbText
 10
5.8196850393700785
 20
4.732283464566929
 30
0.0
 40
0.035433070866141725
  1
6"
 72
1
 11
5.8196850393700785
 21
4.732283464566929
 31
0.0
100
AcDbText
  0
TEXT
  5
39E
330
17
100
AcDbEntity
  8
TEXT
100
AcDbText
 10
6.8700787401574805
 20
4.732283464566929
 30
0.0
 40
0.035433070866141725
  1
3'-0"
 72
1
 11
6.8700787401574805
 21
4.732283464566929
 31
0.0
100
AcDbText
  0
TEXT
  5
39F
330
17
100
AcDbEntity
  8
TEXT
100
AcDbText
 10
7.920472440944882
 20
4.732283464566929
 30
0.0
 40
0.035433070866141725
  1
6"
 72
1
 11
7.920472440944882
 21
4.732283464566929
 31
0.0
100
AcDbText
  0
TEXT
  5
3A0
330
17
100
AcDbEntity
  8
TEXT
100
AcDbText
 10
8.503937007874015
 20
10.984251968503937
 30
0.0
 40
0.09070866141732283
  1
1 · THE CORBEL
 11
8.503937007874015
 21
10.984251968503937
 31
0.0
100
AcDbText
  0
LINE
  5
3A1
330
17
100
AcDbEntity
  8
GEOMETRY
100
AcDbLine
 10
8.503937007874015
 20
10.9251968503937
 30
0.0
 11
11.574803149606298
 21
10.9251968503937
 31
0.0
  0
TEXT
  5
3A2
330
17
100
AcDbEntity
  8
TEXT
100
AcDbText
 10
8.503937007874015
 20
10.79527559055118
 30
0.0
 40
0.048188976377952754
  1
ELEVATION · 1:2 · DRESSING, MAIN AND BATHROOM ALIKE
 11
8.503937007874015
 21
10.79527559055118
 31
0.0
100
AcDbText
  0
POLYLINE
  5
3A3
330
17
100
AcDbEntity
  8
GEOMETRY
100
AcDb2dPolyline
 66
1
 10
0.0
 20
0.0
 30
0.0
 70
0
  0
VERTEX
  5
3A4
330
3A3
100
AcDbEntity
  8
GEOMETRY
100
AcDbVertex
100
AcDb2dVertex
 10
11.377952755905511
 20
10.039370078740157
 30
0.0
 70
0
  0
VERTEX
  5
3A5
330
3A3
100
AcDbEntity
  8
GEOMETRY
100
AcDbVertex
100
AcDb2dVertex
 10
9.094488188976378
 20
10.039370078740157
 30
0.0
 70
0
  0
SEQEND
  5
3A6
330
3A3
100
AcDbEntity
  8
GEOMETRY
  0
SPLINE
  5
3A7
330
17
100
AcDbEntity
  8
GEOMETRY
100
AcDbSpline
 70
0
 71
3
 72
8
 73
4
 74
0
 40
0.0
 40
0.0
 40
0.0
 40
0.0
 40
1.0
 40
1.0
 40
1.0
 40
1.0
 10
9.094488188976378
 20
10.039370078740157
 30
0.0
 10
9.015748031496063
 20
9.424606299212599
 30
0.0
 10
9.291338582677165
 20
9.219685039370079
 30
0.0
 10
9.251968503937007
 20
8.60492125984252
 30
0.0
  0
SPLINE
  5
3A8
330
17
100
AcDbEntity
  8
GEOMETRY
100
AcDbSpline
 70
0
 71
3
 72
11
 73
7
 74
0
 40
0.0
 40
0.0
 40
0.0
 40
0.0
 40
1.0
 40
1.0
 40
1.0
 40
2.0
 40
2.0
 40
2.0
 40
2.0
 10
9.251968503937007
 20
8.60492125984252
 30
0.0
 10
9.21259842519685
 20
7.443700787401575
 30
0.0
 10
9.133858267716535
 20
6.48740157480315
 30
0.0
 10
9.153543307086615
 20
5.257874015748032
 30
0.0
 10
9.173228346456693
 20
4.301574803149607
 30
0.0
 10
9.094488188976378
 20
4.096653543307087
 30
0.0
 10
9.094488188976378
 20
3.208661417322835
 30
0.0
  0
POLYLINE
  5
3A9
330
17
100
AcDbEntity
  8
GEOMETRY
100
AcDb2dPolyline
 66
1
 10
0.0
 20
0.0
 30
0.0
 70
0
  0
VERTEX
  5
3AA
330
3A9
100
AcDbEntity
  8
GEOMETRY
100
AcDbVertex
100
AcDb2dVertex
 10
9.094488188976378
 20
3.208661417322835
 30
0.0
 70
0
  0
VERTEX
  5
3AB
330
3A9
100
AcDbEntity
  8
GEOMETRY
100
AcDbVertex
100
AcDb2dVertex
 10
11.377952755905511
 20
3.208661417322835
 30
0.0
 70
0
  0
VERTEX
  5
3AC
330
3A9
100
AcDbEntity
  8
GEOMETRY
100
AcDbVertex
100
AcDb2dVertex
 10
11.377952755905511
 20
10.039370078740157
 30
0.0
 70
0
  0
SEQEND
  5
3AD
330
3A9
100
AcDbEntity
  8
GEOMETRY
  0
LINE
  5
3AE
330
17
100
AcDbEntity
  8
GEOMETRY
100
AcDbLine
 10
9.37007874015748
 20
10.039370078740157
 30
0.0
 11
9.37007874015748
 21
3.2086614173228347
 31
0.0
  0
LINE
  5
3AF
330
17
100
AcDbEntity
  8
GEOMETRY
100
AcDbLine
 10
9.094488188976378
 20
9.704724409448819
 30
0.0
 11
11.377952755905511
 21
9.704724409448819
 31
0.0
  0
LINE
  5
3B0
330
17
100
AcDbEntity
  8
GEOMETRY
100
AcDbLine
 10
9.204724409448819
 20
9.888779527559056
 30
0.0
 11
11.377952755905511
 21
9.888779527559056
 31
0.0
  0
LINE
  5
3B1
330
17
100
AcDbEntity
  8
GEOMETRY
100
AcDbLine
 10
9.094488188976378
 20
3.6023622047244093
 30
0.0
 11
11.377952755905511
 21
3.6023622047244093
 31
0.0
  0
LWPOLYLINE
  5
3B2
330
17
100
AcDbEntity
  8
GEOMETRY
100
AcDbPolyline
 90
5
 70
0
 10
9.23228346456693
 20
3.5039370078740166
 10
11.377952755905511
 20
3.5039370078740166
 10
11.377952755905511
 20
3.28740157480315
 10
9.23228346456693
 20
3.28740157480315
 10
9.23228346456693
 20
3.5039370078740166
  0
LINE
  5
3B3
330
17
100
AcDbEntity
  8
GEOMETRY
100
AcDbLine
 10
9.37007874015748
 20
8.976377952755906
 30
0.0
 11
11.377952755905511
 21
8.976377952755906
 31
0.0
  0
LINE
  5
3B4
330
17
100
AcDbEntity
  8
GEOMETRY
100
AcDbLine
 10
9.37007874015748
 20
5.334645669291339
 30
0.0
 11
11.377952755905511
 21
5.334645669291339
 31
0.0
  0
SPLINE
  5
3B5
330
17
100
AcDbEntity
  8
GEOMETRY
100
AcDbSpline
 70
0
 71
3
 72
8
 73
4
 74
0
 40
0.0
 40
0.0
 40
0.0
 40
0.0
 40
1.0
 40
1.0
 40
1.0
 40
1.0
 10
10.374015748031496
 20
9.063779527559056
 30
0.0
 10
10.098425196850394
 20
9.017913385826773
 30
0.0
 10
9.990157480314961
 20
9.255314960629923
 30
0.0
 10
10.043110236220473
 20
9.315748031496064
 30
0.0
  0
SPLINE
  5
3B6
330
17
100
AcDbEntity
  8
GEOMETRY
100
AcDbSpline
 70
0
 71
3
 72
8
 73
4
 74
0
 40
0.0
 40
0.0
 40
0.0
 40
0.0
 40
1.0
 40
1.0
 40
1.0
 40
1.0
 10
10.043110236220473
 20
9.315748031496064
 30
0.0
 10
10.095866141732284
 20
9.255314960629923
 30
0.0
 10
10.34507874015748
 20
9.341535433070867
 30
0.0
 10
10.374015748031496
 20
9.063779527559056
 30
0.0
  0
SPLINE
  5
3B7
330
17
100
AcDbEntity
  8
GEOMETRY
100
AcDbSpline
 70
0
 71
3
 72
8
 73
4
 74
0
 40
0.0
 40
0.0
 40
0.0
 40
0.0
 40
1.0
 40
1.0
 40
1.0
 40
1.0
 10
10.374015748031496
 20
9.063779527559056
 30
0.0
 10
10.27257217847769
 20
9.141076115485566
 30
0.0
 10
10.16227034120735
 20
9.2250656167979
 30
0.0
 10
10.043110236220473
 20
9.315748031496064
 30
0.0
  0
SPLINE
  5
3B8
330
17
100
AcDbEntity
  8
GEOMETRY
100
AcDbSpline
 70
0
 71
3
 72
8
 73
4
 74
0
 40
0.0
 40
0.0
 40
0.0
 40
0.0
 40
1.0
 40
1.0
 40
1.0
 40
1.0
 10
10.374015748031496
 20
9.063779527559056
 30
0.0
 10
10.063976377952756
 20
9.174015748031497
 30
0.0
 10
10.057874015748032
 20
9.413779527559056
 30
0.0
 10
10.145866141732283
 20
9.524212598425198
 30
0.0
  0
SPLINE
  5
3B9
330
17
100
AcDbEntity
  8
GEOMETRY
100
AcDbSpline
 70
0
 71
3
 72
8
 73
4
 74
0
 40
0.0
 40
0.0
 40
0.0
 40
0.0
 40
1.0
 40
1.0
 40
1.0
 40
1.0
 10
10.145866141732283
 20
9.524212598425198
 30
0.0
 10
10.233858267716535
 20
9.413779527559056
 30
0.0
 10
10.474212598425197
 20
9.37716535433071
 30
0.0
 10
10.374015748031496
 20
9.063779527559056
 30
0.0
  0
SPLINE
  5
3BA
330
17
100
AcDbEntity
  8
GEOMETRY
100
AcDbSpline
 70
0
 71
3
 72
8
 73
4
 74
0
 40
0.0
 40
0.0
 40
0.0
 40
0.0
 40
1.0
 40
1.0
 40
1.0
 40
1.0
 10
10.374015748031496
 20
9.063779527559056
 30
0.0
 10
10.304068241469816
 20
9.20498687664042
 30
0.0
 10
10.228018372703412
 20
9.358464566929134
 30
0.0
 10
10.145866141732283
 20
9.524212598425198
 30
0.0
  0
SPLINE
  5
3BB
330
17
100
AcDbEntity
  8
GEOMETRY
100
AcDbSpline
 70
0
 71
3
 72
8
 73
4
 74
0
 40
0.0
 40
0.0
 40
0.0
 40
0.0
 40
1.0
 40
1.0
 40
1.0
 40
1.0
 10
10.374015748031496
 20
9.063779527559056
 30
0.0
 10
10.11968503937008
 20
9.345275590551182
 30
0.0
 10
10.26496062992126
 20
9.528740157480316
 30
0.0
 10
10.374015748031496
 20
9.675590551181102
 30
0.0
  0
SPLINE
  5
3BC
330
17
100
AcDbEntity
  8
GEOMETRY
100
AcDbSpline
 70
0
 71
3
 72
8
 73
4
 74
0
 40
0.0
 40
0.0
 40
0.0
 40
0.0
 40
1.0
 40
1.0
 40
1.0
 40
1.0
 10
10.374015748031496
 20
9.675590551181102
 30
0.0
 10
10.483070866141732
 20
9.528740157480316
 30
0.0
 10
10.628346456692912
 20
9.345275590551182
 30
0.0
 10
10.374015748031496
 20
9.063779527559056
 30
0.0
  0
SPLINE
  5
3BD
330
17
100
AcDbEntity
  8
GEOMETRY
100
AcDbSpline
 70
0
 71
3
 72
8
 73
4
 74
0
 40
0.0
 40
0.0
 40
0.0
 40
0.0
 40
1.0
 40
1.0
 40
1.0
 40
1.0
 10
10.374015748031496
 20
9.063779527559056
 30
0.0
 10
10.374015748031496
 20
9.251443569553807
 30
0.0
 10
10.374015748031496
 20
9.455380577427823
 30
0.0
 10
10.374015748031496
 20
9.675590551181102
 30
0.0
  0
SPLINE
  5
3BE
330
17
100
AcDbEntity
  8
GEOMETRY
100
AcDbSpline
 70
0
 71
3
 72
8
 73
4
 74
0
 40
0.0
 40
0.0
 40
0.0
 40
0.0
 40
1.0
 40
1.0
 40
1.0
 40
1.0
 10
10.374015748031496
 20
9.063779527559056
 30
0.0
 10
10.273818897637794
 20
9.37716535433071
 30
0.0
 10
10.514173228346456
 20
9.413779527559056
 30
0.0
 10
10.60216535433071
 20
9.524212598425198
 30
0.0
  0
SPLINE
  5
3BF
330
17
100
AcDbEntity
  8
GEOMETRY
100
AcDbSpline
 70
0
 71
3
 72
8
 73
4
 74
0
 40
0.0
 40
0.0
 40
0.0
 40
0.0
 40
1.0
 40
1.0
 40
1.0
 40
1.0
 10
10.60216535433071
 20
9.524212598425198
 30
0.0
 10
10.690157480314959
 20
9.413779527559056
 30
0.0
 10
10.684055118110235
 20
9.174015748031497
 30
0.0
 10
10.374015748031496
 20
9.063779527559056
 30
0.0
  0
SPLINE
  5
3C0
330
17
100
AcDbEntity
  8
GEOMETRY
100
AcDbSpline
 70
0
 71
3
 72
8
 73
4
 74
0
 40
0.0
 40
0.0
 40
0.0
 40
0.0
 40
1.0
 40
1.0
 40
1.0
 40
1.0
 10
10.374015748031496
 20
9.063779527559056
 30
0.0
 10
10.443963254593177
 20
9.20498687664042
 30
0.0
 10
10.52001312335958
 20
9.358464566929134
 30
0.0
 10
10.60216535433071
 20
9.524212598425198
 30
0.0
  0
SPLINE
  5
3C1
330
17
100
AcDbEntity
  8
GEOMETRY
100
AcDbSpline
 70
0
 71
3
 72
8
 73
4
 74
0
 40
0.0
 40
0.0
 40
0.0
 40
0.0
 40
1.0
 40
1.0
 40
1.0
 40
1.0
 10
10.374015748031496
 20
9.063779527559056
 30
0.0
 10
10.402952755905511
 20
9.341535433070867
 30
0.0
 10
10.652165354330709
 20
9.255314960629923
 30
0.0
 10
10.704921259842518
 20
9.315748031496064
 30
0.0
  0
SPLINE
  5
3C2
330
17
100
AcDbEntity
  8
GEOMETRY
100
AcDbSpline
 70
0
 71
3
 72
8
 73
4
 74
0
 40
0.0
 40
0.0
 40
0.0
 40
0.0
 40
1.0
 40
1.0
 40
1.0
 40
1.0
 10
10.704921259842518
 20
9.315748031496064
 30
0.0
 10
10.757874015748031
 20
9.255314960629923
 30
0.0
 10
10.649606299212598
 20
9.017913385826773
 30
0.0
 10
10.374015748031496
 20
9.063779527559056
 30
0.0
  0
SPLINE
  5
3C3
330
17
100
AcDbEntity
  8
GEOMETRY
100
AcDbSpline
 70
0
 71
3
 72
8
 73
4
 74
0
 40
0.0
 40
0.0
 40
0.0
 40
0.0
 40
1.0
 40
1.0
 40
1.0
 40
1.0
 10
10.374015748031496
 20
9.063779527559056
 30
0.0
 10
10.475459317585303
 20
9.141076115485566
 30
0.0
 10
10.585761154855643
 20
9.2250656167979
 30
0.0
 10
10.704921259842518
 20
9.315748031496064
 30
0.0
  0
LWPOLYLINE
  5
3C4
330
17
100
AcDbEntity
  8
GEOMETRY
100
AcDbPolyline
 90
27
 70
0
 10
9.538779527559054
 20
9.394094488188976
 10
9.492716535433072
 20
9.380905511811024
 10
9.456692913385826
 20
9.351574803149607
 10
9.435826771653543
 20
9.311811023622047
 10
9.432283464566929
 20
9.268700787401576
 10
9.445472440944881
 20
9.229133858267717
 10
9.472047244094489
 20
9.199015748031497
 10
9.507086614173227
 20
9.18248031496063
 10
9.544094488188975
 20
9.181102362204726
 10
9.577165354330708
 20
9.193897637795276
 10
9.601377952755906
 20
9.21751968503937
 10
9.613779527559055
 20
9.247440944881891
 10
9.613385826771653
 20
9.278346456692914
 10
9.601574803149607
 20
9.305118110236222
 10
9.581102362204724
 20
9.323818897637796
 10
9.556299212598425
 20
9.33248031496063
 10
9.531889763779528
 20
9.330511811023623
 10
9.511417322834646
 20
9.31988188976378
 10
9.498031496062993
 20
9.302952755905512
 10
9.492913385826771
 20
9.283661417322836
 10
9.495866141732282
 20
9.265551181102364
 10
9.50492125984252
 20
9.251377952755906
 10
9.517913385826771
 20
9.242913385826771
 10
9.531692913385827
 20
9.240944881889764
 10
9.543503937007873
 20
9.24468503937008
 10
9.551574803149606
 20
9.251968503937007
 10
9.55511811023622
 20
9.260629921259843
  0
LWPOLYLINE
  5
3C5
330
17
100
AcDbEntity
  8
GEOMETRY
100
AcDbPolyline
 90
27
 70
0
 10
11.209251968503938
 20
9.394094488188976
 10
11.25531496062992
 20
9.380905511811024
 10
11.291338582677165
 20
9.351574803149607
 10
11.312204724409447
 20
9.311811023622047
 10
11.315748031496064
 20
9.268700787401576
 10
11.30255905511811
 20
9.229133858267717
 10
11.275984251968502
 20
9.199015748031497
 10
11.240944881889764
 20
9.18248031496063
 10
11.203937007874014
 20
9.181102362204726
 10
11.170866141732283
 20
9.193897637795276
 10
11.146653543307087
 20
9.21751968503937
 10
11.134251968503937
 20
9.247440944881891
 10
11.134645669291338
 20
9.278346456692914
 10
11.146456692913386
 20
9.305118110236222
 10
11.166929133858266
 20
9.323818897637796
 10
11.191732283464566
 20
9.33248031496063
 10
11.216141732283464
 20
9.330511811023623
 10
11.236614173228345
 20
9.31988188976378
 10
11.25
 20
9.302952755905512
 10
11.25511811023622
 20
9.283661417322836
 10
11.252165354330709
 20
9.265551181102364
 10
11.243110236220472
 20
9.251377952755906
 10
11.230118110236221
 20
9.242913385826771
 10
11.216338582677164
 20
9.240944881889764
 10
11.20452755905512
 20
9.24468503937008
 10
11.196456692913385
 20
9.251968503937007
 10
11.192913385826772
 20
9.260629921259843
  0
SPLINE
  5
3C6
330
17
100
AcDbEntity
  8
GEOMETRY
100
AcDbSpline
 70
0
 71
3
 72
8
 73
4
 74
0
 40
0.0
 40
0.0
 40
0.0
 40
0.0
 40
1.0
 40
1.0
 40
1.0
 40
1.0
 10
10.039960629921259
 20
9.063779527559056
 30
0.0
 10
10.26266404199475
 20
9.1249343832021
 30
0.0
 10
10.485367454068241
 20
9.1249343832021
 30
0.0
 10
10.708070866141732
 20
9.063779527559056
 30
0.0
  0
SPLINE
  5
3C7
330
17
100
AcDbEntity
  8
GEOMETRY
100
AcDbSpline
 70
0
 71
3
 72
8
 73
4
 74
0
 40
0.0
 40
0.0
 40
0.0
 40
0.0
 40
1.0
 40
1.0
 40
1.0
 40
1.0
 10
10.708070866141732
 20
9.063779527559056
 30
0.0
 10
10.485367454068241
 20
9.01482939632546
 30
0.0
 10
10.26266404199475
 20
9.01482939632546
 30
0.0
 10
10.039960629921259
 20
9.063779527559056
 30
0.0
  0
LINE
  5
3C8
330
17
100
AcDbEntity
  8
GEOMETRY
100
AcDbLine
 10
10.374015748031496
 20
8.87992125984252
 30
0.0
 11
10.374015748031496
 21
5.4921259842519685
 31
0.0
  0
SPLINE
  5
3C9
330
17
100
AcDbEntity
  8
GEOMETRY
100
AcDbSpline
 70
0
 71
3
 72
8
 73
4
 74
0
 40
0.0
 40
0.0
 40
0.0
 40
0.0
 40
1.0
 40
1.0
 40
1.0
 40
1.0
 10
9.547244094488189
 20
8.183464566929135
 30
0.0
 10
9.911023622047244
 20
8.552887139107613
 30
0.0
 10
10.186614173228348
 20
8.758136482939634
 30
0.0
 10
10.374015748031496
 20
8.799212598425198
 30
0.0
  0
SPLINE
  5
3CA
330
17
100
AcDbEntity
  8
GEOMETRY
100
AcDbSpline
 70
0
 71
3
 72
8
 73
4
 74
0
 40
0.0
 40
0.0
 40
0.0
 40
0.0
 40
1.0
 40
1.0
 40
1.0
 40
1.0
 10
10.374015748031496
 20
8.799212598425198
 30
0.0
 10
10.561417322834645
 20
8.758136482939634
 30
0.0
 10
10.837007874015748
 20
8.552887139107613
 30
0.0
 10
11.200787401574804
 20
8.183464566929135
 30
0.0
  0
SPLINE
  5
3CB
330
17
100
AcDbEntity
  8
GEOMETRY
100
AcDbSpline
 70
0
 71
3
 72
8
 73
4
 74
0
 40
0.0
 40
0.0
 40
0.0
 40
0.0
 40
1.0
 40
1.0
 40
1.0
 40
1.0
 10
9.554724409448818
 20
8.070472440944883
 30
0.0
 10
9.915223097112861
 20
8.43989501312336
 30
0.0
 10
10.188320209973753
 20
8.645144356955381
 30
0.0
 10
10.374015748031496
 20
8.686220472440946
 30
0.0
  0
SPLINE
  5
3CC
330
17
100
AcDbEntity
  8
GEOMETRY
100
AcDbSpline
 70
0
 71
3
 72
8
 73
4
 74
0
 40
0.0
 40
0.0
 40
0.0
 40
0.0
 40
1.0
 40
1.0
 40
1.0
 40
1.0
 10
10.374015748031496
 20
8.686220472440946
 30
0.0
 10
10.559711286089238
 20
8.645144356955381
 30
0.0
 10
10.83280839895013
 20
8.43989501312336
 30
0.0
 10
11.193307086614173
 20
8.070472440944883
 30
0.0
  0
SPLINE
  5
3CD
330
17
100
AcDbEntity
  8
GEOMETRY
100
AcDbSpline
 70
0
 71
3
 72
8
 73
4
 74
0
 40
0.0
 40
0.0
 40
0.0
 40
0.0
 40
1.0
 40
1.0
 40
1.0
 40
1.0
 10
9.56496062992126
 20
7.914370078740158
 30
0.0
 10
9.920997375328083
 20
8.283792650918635
 30
0.0
 10
10.190682414698163
 20
8.489041994750655
 30
0.0
 10
10.374015748031496
 20
8.53011811023622
 30
0.0
  0
SPLINE
  5
3CE
330
17
100
AcDbEntity
  8
GEOMETRY
100
AcDbSpline
 70
0
 71
3
 72
8
 73
4
 74
0
 40
0.0
 40
0.0
 40
0.0
 40
0.0
 40
1.0
 40
1.0
 40
1.0
 40
1.0
 10
10.374015748031496
 20
8.53011811023622
 30
0.0
 10
10.55734908136483
 20
8.489041994750655
 30
0.0
 10
10.82703412073491
 20
8.283792650918635
 30
0.0
 10
11.183070866141733
 20
7.914370078740158
 30
0.0
  0
SPLINE
  5
3CF
330
17
100
AcDbEntity
  8
GEOMETRY
100
AcDbSpline
 70
0
 71
3
 72
8
 73
4
 74
0
 40
0.0
 40
0.0
 40
0.0
 40
0.0
 40
1.0
 40
1.0
 40
1.0
 40
1.0
 10
9.572440944881889
 20
7.801377952755907
 30
0.0
 10
9.9250656167979
 20
8.170800524934384
 30
0.0
 10
10.19225721784777
 20
8.376049868766405
 30
0.0
 10
10.374015748031496
 20
8.41712598425197
 30
0.0
  0
SPLINE
  5
3D0
330
17
100
AcDbEntity
  8
GEOMETRY
100
AcDbSpline
 70
0
 71
3
 72
8
 73
4
 74
0
 40
0.0
 40
0.0
 40
0.0
 40
0.0
 40
1.0
 40
1.0
 40
1.0
 40
1.0
 10
10.374015748031496
 20
8.41712598425197
 30
0.0
 10
10.555774278215223
 20
8.376049868766405
 30
0.0
 10
10.822965879265093
 20
8.170800524934384
 30
0.0
 10
11.175590551181102
 20
7.801377952755907
 30
0.0
  0
SPLINE
  5
3D1
330
17
100
AcDbEntity
  8
GEOMETRY
100
AcDbSpline
 70
0
 71
3
 72
8
 73
4
 74
0
 40
0.0
 40
0.0
 40
0.0
 40
0.0
 40
1.0
 40
1.0
 40
1.0
 40
1.0
 10
9.582677165354331
 20
7.645275590551182
 30
0.0
 10
9.930839895013124
 20
8.014698162729658
 30
0.0
 10
10.19461942257218
 20
8.21994750656168
 30
0.0
 10
10.374015748031496
 20
8.261023622047244
 30
0.0
  0
SPLINE
  5
3D2
330
17
100
AcDbEntity
  8
GEOMETRY
100
AcDbSpline
 70
0
 71
3
 72
8
 73
4
 74
0
 40
0.0
 40
0.0
 40
0.0
 40
0.0
 40
1.0
 40
1.0
 40
1.0
 40
1.0
 10
10.374015748031496
 20
8.261023622047244
 30
0.0
 10
10.553412073490813
 20
8.21994750656168
 30
0.0
 10
10.817191601049869
 20
8.014698162729658
 30
0.0
 10
11.165354330708663
 20
7.645275590551182
 30
0.0
  0
SPLINE
  5
3D3
330
17
100
AcDbEntity
  8
GEOMETRY
100
AcDbSpline
 70
0
 71
3
 72
8
 73
4
 74
0
 40
0.0
 40
0.0
 40
0.0
 40
0.0
 40
1.0
 40
1.0
 40
1.0
 40
1.0
 10
9.59015748031496
 20
7.532086614173229
 30
0.0
 10
9.93503937007874
 20
7.901640419947507
 30
0.0
 10
10.196325459317586
 20
8.10688976377953
 30
0.0
 10
10.374015748031496
 20
8.147834645669292
 30
0.0
  0
SPLINE
  5
3D4
330
17
100
AcDbEntity
  8
GEOMETRY
100
AcDbSpline
 70
0
 71
3
 72
8
 73
4
 74
0
 40
0.0
 40
0.0
 40
0.0
 40
0.0
 40
1.0
 40
1.0
 40
1.0
 40
1.0
 10
10.374015748031496
 20
8.147834645669292
 30
0.0
 10
10.551706036745406
 20
8.10688976377953
 30
0.0
 10
10.812992125984252
 20
7.901640419947507
 30
0.0
 10
11.15787401574803
 20
7.532086614173229
 30
0.0
  0
SPLINE
  5
3D5
330
17
100
AcDbEntity
  8
GEOMETRY
100
AcDbSpline
 70
0
 71
3
 72
8
 73
4
 74
0
 40
0.0
 40
0.0
 40
0.0
 40
0.0
 40
1.0
 40
1.0
 40
1.0
 40
1.0
 10
9.600393700787402
 20
7.375984251968505
 30
0.0
 10
9.940813648293963
 20
7.745538057742783
 30
0.0
 10
10.198687664041994
 20
7.950787401574804
 30
0.0
 10
10.374015748031496
 20
7.991732283464568
 30
0.0
  0
SPLINE
  5
3D6
330
17
100
AcDbEntity
  8
GEOMETRY
100
AcDbSpline
 70
0
 71
3
 72
8
 73
4
 74
0
 40
0.0
 40
0.0
 40
0.0
 40
0.0
 40
1.0
 40
1.0
 40
1.0
 40
1.0
 10
10.374015748031496
 20
7.991732283464568
 30
0.0
 10
10.549343832020996
 20
7.950787401574804
 30
0.0
 10
10.807217847769028
 20
7.745538057742783
 30
0.0
 10
11.147637795275589
 20
7.375984251968505
 30
0.0
  0
SPLINE
  5
3D7
330
17
100
AcDbEntity
  8
GEOMETRY
100
AcDbSpline
 70
0
 71
3
 72
8
 73
4
 74
0
 40
0.0
 40
0.0
 40
0.0
 40
0.0
 40
1.0
 40
1.0
 40
1.0
 40
1.0
 10
9.607874015748031
 20
7.262992125984253
 30
0.0
 10
9.94501312335958
 20
7.632414698162731
 30
0.0
 10
10.200393700787401
 20
7.837664041994752
 30
0.0
 10
10.374015748031496
 20
7.8787401574803155
 30
0.0
  0
SPLINE
  5
3D8
330
17
100
AcDbEntity
  8
GEOMETRY
100
AcDbSpline
 70
0
 71
3
 72
8
 73
4
 74
0
 40
0.0
 40
0.0
 40
0.0
 40
0.0
 40
1.0
 40
1.0
 40
1.0
 40
1.0
 10
10.374015748031496
 20
7.8787401574803155
 30
0.0
 10
10.547637795275591
 20
7.837664041994752
 30
0.0
 10
10.803018372703413
 20
7.632414698162731
 30
0.0
 10
11.14015748031496
 20
7.262992125984253
 30
0.0
  0
SPLINE
  5
3D9
330
17
100
AcDbEntity
  8
GEOMETRY
100
AcDbSpline
 70
0
 71
3
 72
8
 73
4
 74
0
 40
0.0
 40
0.0
 40
0.0
 40
0.0
 40
1.0
 40
1.0
 40
1.0
 40
1.0
 10
9.618110236220472
 20
7.106889763779528
 30
0.0
 10
9.950656167979004
 20
7.476312335958006
 30
0.0
 10
10.202624671916011
 20
7.681561679790027
 30
0.0
 10
10.374015748031496
 20
7.722637795275592
 30
0.0
  0
SPLINE
  5
3DA
330
17
100
AcDbEntity
  8
GEOMETRY
100
AcDbSpline
 70
0
 71
3
 72
8
 73
4
 74
0
 40
0.0
 40
0.0
 40
0.0
 40
0.0
 40
1.0
 40
1.0
 40
1.0
 40
1.0
 10
10.374015748031496
 20
7.722637795275592
 30
0.0
 10
10.545406824146982
 20
7.681561679790027
 30
0.0
 10
10.797375328083989
 20
7.476312335958006
 30
0.0
 10
11.129921259842519
 20
7.106889763779528
 30
0.0
  0
SPLINE
  5
3DB
330
17
100
AcDbEntity
  8
GEOMETRY
100
AcDbSpline
 70
0
 71
3
 72
8
 73
4
 74
0
 40
0.0
 40
0.0
 40
0.0
 40
0.0
 40
1.0
 40
1.0
 40
1.0
 40
1.0
 10
9.625590551181103
 20
6.993897637795276
 30
0.0
 10
9.95485564304462
 20
7.363320209973754
 30
0.0
 10
10.204330708661418
 20
7.568569553805775
 30
0.0
 10
10.374015748031496
 20
7.609645669291339
 30
0.0
  0
SPLINE
  5
3DC
330
17
100
AcDbEntity
  8
GEOMETRY
100
AcDbSpline
 70
0
 71
3
 72
8
 73
4
 74
0
 40
0.0
 40
0.0
 40
0.0
 40
0.0
 40
1.0
 40
1.0
 40
1.0
 40
1.0
 10
10.374015748031496
 20
7.609645669291339
 30
0.0
 10
10.543700787401574
 20
7.568569553805775
 30
0.0
 10
10.793175853018372
 20
7.363320209973754
 30
0.0
 10
11.12244094488189
 20
6.993897637795276
 30
0.0
  0
SPLINE
  5
3DD
330
17
100
AcDbEntity
  8
GEOMETRY
100
AcDbSpline
 70
0
 71
3
 72
8
 73
4
 74
0
 40
0.0
 40
0.0
 40
0.0
 40
0.0
 40
1.0
 40
1.0
 40
1.0
 40
1.0
 10
9.635826771653543
 20
6.837795275590552
 30
0.0
 10
9.960629921259843
 20
7.207217847769029
 30
0.0
 10
10.206692913385828
 20
7.41246719160105
 30
0.0
 10
10.374015748031496
 20
7.453543307086615
 30
0.0
  0
SPLINE
  5
3DE
330
17
100
AcDbEntity
  8
GEOMETRY
100
AcDbSpline
 70
0
 71
3
 72
8
 73
4
 74
0
 40
0.0
 40
0.0
 40
0.0
 40
0.0
 40
1.0
 40
1.0
 40
1.0
 40
1.0
 10
10.374015748031496
 20
7.453543307086615
 30
0.0
 10
10.541338582677165
 20
7.41246719160105
 30
0.0
 10
10.78740157480315
 20
7.207217847769029
 30
0.0
 10
11.112204724409448
 20
6.837795275590552
 30
0.0
  0
SPLINE
  5
3DF
330
17
100
AcDbEntity
  8
GEOMETRY
100
AcDbSpline
 70
0
 71
3
 72
8
 73
4
 74
0
 40
0.0
 40
0.0
 40
0.0
 40
0.0
 40
1.0
 40
1.0
 40
1.0
 40
1.0
 10
9.643307086614174
 20
6.7248031496063
 30
0.0
 10
9.96482939632546
 20
7.094225721784778
 30
0.0
 10
10.208398950131233
 20
7.299475065616799
 30
0.0
 10
10.374015748031496
 20
7.340551181102363
 30
0.0
  0
SPLINE
  5
3E0
330
17
100
AcDbEntity
  8
GEOMETRY
100
AcDbSpline
 70
0
 71
3
 72
8
 73
4
 74
0
 40
0.0
 40
0.0
 40
0.0
 40
0.0
 40
1.0
 40
1.0
 40
1.0
 40
1.0
 10
10.374015748031496
 20
7.340551181102363
 30
0.0
 10
10.539632545931758
 20
7.299475065616799
 30
0.0
 10
10.783202099737533
 20
7.094225721784778
 30
0.0
 10
11.104724409448819
 20
6.7248031496063
 30
0.0
  0
SPLINE
  5
3E1
330
17
100
AcDbEntity
  8
GEOMETRY
100
AcDbSpline
 70
0
 71
3
 72
8
 73
4
 74
0
 40
0.0
 40
0.0
 40
0.0
 40
0.0
 40
1.0
 40
1.0
 40
1.0
 40
1.0
 10
9.653543307086613
 20
6.568700787401576
 30
0.0
 10
9.970603674540682
 20
6.938123359580054
 30
0.0
 10
10.210761154855643
 20
7.143372703412075
 30
0.0
 10
10.374015748031496
 20
7.184448818897638
 30
0.0
  0
SPLINE
  5
3E2
330
17
100
AcDbEntity
  8
GEOMETRY
100
AcDbSpline
 70
0
 71
3
 72
8
 73
4
 74
0
 40
0.0
 40
0.0
 40
0.0
 40
0.0
 40
1.0
 40
1.0
 40
1.0
 40
1.0
 10
10.374015748031496
 20
7.184448818897638
 30
0.0
 10
10.53727034120735
 20
7.143372703412075
 30
0.0
 10
10.777427821522311
 20
6.938123359580054
 30
0.0
 10
11.094488188976378
 20
6.568700787401576
 30
0.0
  0
SPLINE
  5
3E3
330
17
100
AcDbEntity
  8
GEOMETRY
100
AcDbSpline
 70
0
 71
3
 72
8
 73
4
 74
0
 40
0.0
 40
0.0
 40
0.0
 40
0.0
 40
1.0
 40
1.0
 40
1.0
 40
1.0
 10
9.661023622047244
 20
6.455708661417323
 30
0.0
 10
9.974671916010498
 20
6.825131233595801
 30
0.0
 10
10.21233595800525
 20
7.030380577427822
 30
0.0
 10
10.374015748031496
 20
7.071456692913387
 30
0.0
  0
SPLINE
  5
3E4
330
17
100
AcDbEntity
  8
GEOMETRY
100
AcDbSpline
 70
0
 71
3
 72
8
 73
4
 74
0
 40
0.0
 40
0.0
 40
0.0
 40
0.0
 40
1.0
 40
1.0
 40
1.0
 40
1.0
 10
10.374015748031496
 20
7.071456692913387
 30
0.0
 10
10.535695538057743
 20
7.030380577427822
 30
0.0
 10
10.773359580052494
 20
6.825131233595801
 30
0.0
 10
11.087007874015748
 20
6.455708661417323
 30
0.0
  0
SPLINE
  5
3E5
330
17
100
AcDbEntity
  8
GEOMETRY
100
AcDbSpline
 70
0
 71
3
 72
8
 73
4
 74
0
 40
0.0
 40
0.0
 40
0.0
 40
0.0
 40
1.0
 40
1.0
 40
1.0
 40
1.0
 10
9.671259842519685
 20
6.2996062992125985
 30
0.0
 10
9.980446194225722
 20
6.669028871391077
 30
0.0
 10
10.21469816272966
 20
6.8742782152230975
 30
0.0
 10
10.374015748031496
 20
6.915354330708662
 30
0.0
  0
SPLINE
  5
3E6
330
17
100
AcDbEntity
  8
GEOMETRY
100
AcDbSpline
 70
0
 71
3
 72
8
 73
4
 74
0
 40
0.0
 40
0.0
 40
0.0
 40
0.0
 40
1.0
 40
1.0
 40
1.0
 40
1.0
 10
10.374015748031496
 20
6.915354330708662
 30
0.0
 10
10.533333333333333
 20
6.8742782152230975
 30
0.0
 10
10.76758530183727
 20
6.669028871391077
 30
0.0
 10
11.076771653543307
 20
6.2996062992125985
 30
0.0
  0
SPLINE
  5
3E7
330
17
100
AcDbEntity
  8
GEOMETRY
100
AcDbSpline
 70
0
 71
3
 72
8
 73
4
 74
0
 40
0.0
 40
0.0
 40
0.0
 40
0.0
 40
1.0
 40
1.0
 40
1.0
 40
1.0
 10
9.678740157480314
 20
6.186417322834646
 30
0.0
 10
9.98464566929134
 20
6.555971128608924
 30
0.0
 10
10.216404199475067
 20
6.761220472440946
 30
0.0
 10
10.374015748031496
 20
6.802165354330709
 30
0.0
  0
SPLINE
  5
3E8
330
17
100
AcDbEntity
  8
GEOMETRY
100
AcDbSpline
 70
0
 71
3
 72
8
 73
4
 74
0
 40
0.0
 40
0.0
 40
0.0
 40
0.0
 40
1.0
 40
1.0
 40
1.0
 40
1.0
 10
10.374015748031496
 20
6.802165354330709
 30
0.0
 10
10.531627296587926
 20
6.761220472440946
 30
0.0
 10
10.763385826771653
 20
6.555971128608924
 30
0.0
 10
11.069291338582676
 20
6.186417322834646
 30
0.0
  0
SPLINE
  5
3E9
330
17
100
AcDbEntity
  8
GEOMETRY
100
AcDbSpline
 70
0
 71
3
 72
8
 73
4
 74
0
 40
0.0
 40
0.0
 40
0.0
 40
0.0
 40
1.0
 40
1.0
 40
1.0
 40
1.0
 10
9.688976377952756
 20
6.030314960629923
 30
0.0
 10
9.990419947506561
 20
6.3998687664042
 30
0.0
 10
10.218766404199474
 20
6.605118110236221
 30
0.0
 10
10.374015748031496
 20
6.646062992125985
 30
0.0
  0
SPLINE
  5
3EA
330
17
100
AcDbEntity
  8
GEOMETRY
100
AcDbSpline
 70
0
 71
3
 72
8
 73
4
 74
0
 40
0.0
 40
0.0
 40
0.0
 40
0.0
 40
1.0
 40
1.0
 40
1.0
 40
1.0
 10
10.374015748031496
 20
6.646062992125985
 30
0.0
 10
10.529265091863516
 20
6.605118110236221
 30
0.0
 10
10.75761154855643
 20
6.3998687664042
 30
0.0
 10
11.059055118110235
 20
6.030314960629923
 30
0.0
  0
SPLINE
  5
3EB
330
17
100
AcDbEntity
  8
GEOMETRY
100
AcDbSpline
 70
0
 71
3
 72
8
 73
4
 74
0
 40
0.0
 40
0.0
 40
0.0
 40
0.0
 40
1.0
 40
1.0
 40
1.0
 40
1.0
 10
9.696456692913385
 20
5.91732283464567
 30
0.0
 10
9.994619422572178
 20
6.2867454068241475
 30
0.0
 10
10.220472440944881
 20
6.491994750656168
 30
0.0
 10
10.374015748031496
 20
6.533070866141733
 30
0.0
  0
SPLINE
  5
3EC
330
17
100
AcDbEntity
  8
GEOMETRY
100
AcDbSpline
 70
0
 71
3
 72
8
 73
4
 74
0
 40
0.0
 40
0.0
 40
0.0
 40
0.0
 40
1.0
 40
1.0
 40
1.0
 40
1.0
 10
10.374015748031496
 20
6.533070866141733
 30
0.0
 10
10.527559055118111
 20
6.491994750656168
 30
0.0
 10
10.753412073490814
 20
6.2867454068241475
 30
0.0
 10
11.051574803149606
 20
5.91732283464567
 30
0.0
  0
SPLINE
  5
3ED
330
17
100
AcDbEntity
  8
GEOMETRY
100
AcDbSpline
 70
0
 71
3
 72
8
 73
4
 74
0
 40
0.0
 40
0.0
 40
0.0
 40
0.0
 40
1.0
 40
1.0
 40
1.0
 40
1.0
 10
9.706692913385828
 20
5.761220472440945
 30
0.0
 10
10.000262467191602
 20
6.130643044619423
 30
0.0
 10
10.222703412073491
 20
6.335892388451444
 30
0.0
 10
10.374015748031496
 20
6.376968503937008
 30
0.0
  0
SPLINE
  5
3EE
330
17
100
AcDbEntity
  8
GEOMETRY
100
AcDbSpline
 70
0
 71
3
 72
8
 73
4
 74
0
 40
0.0
 40
0.0
 40
0.0
 40
0.0
 40
1.0
 40
1.0
 40
1.0
 40
1.0
 10
10.374015748031496
 20
6.376968503937008
 30
0.0
 10
10.525328083989502
 20
6.335892388451444
 30
0.0
 10
10.74776902887139
 20
6.130643044619423
 30
0.0
 10
11.041338582677165
 20
5.761220472440945
 30
0.0
  0
SPLINE
  5
3EF
330
17
100
AcDbEntity
  8
GEOMETRY
100
AcDbSpline
 70
0
 71
3
 72
8
 73
4
 74
0
 40
0.0
 40
0.0
 40
0.0
 40
0.0
 40
1.0
 40
1.0
 40
1.0
 40
1.0
 10
9.714173228346457
 20
5.648228346456694
 30
0.0
 10
10.004461942257217
 20
6.017650918635172
 30
0.0
 10
10.224409448818898
 20
6.222900262467193
 30
0.0
 10
10.374015748031496
 20
6.2639763779527575
 30
0.0
  0
SPLINE
  5
3F0
330
17
100
AcDbEntity
  8
GEOMETRY
100
AcDbSpline
 70
0
 71
3
 72
8
 73
4
 74
0
 40
0.0
 40
0.0
 40
0.0
 40
0.0
 40
1.0
 40
1.0
 40
1.0
 40
1.0
 10
10.374015748031496
 20
6.2639763779527575
 30
0.0
 10
10.523622047244094
 20
6.222900262467193
 30
0.0
 10
10.743569553805774
 20
6.017650918635172
 30
0.0
 10
11.033858267716536
 20
5.648228346456694
 30
0.0
  0
SPLINE
  5
3F1
330
17
100
AcDbEntity
  8
GEOMETRY
100
AcDbSpline
 70
0
 71
3
 72
8
 73
4
 74
0
 40
0.0
 40
0.0
 40
0.0
 40
0.0
 40
1.0
 40
1.0
 40
1.0
 40
1.0
 10
9.724409448818898
 20
5.492125984251969
 30
0.0
 10
10.010236220472441
 20
5.861548556430447
 30
0.0
 10
10.226771653543308
 20
6.0667979002624675
 30
0.0
 10
10.374015748031496
 20
6.107874015748032
 30
0.0
  0
SPLINE
  5
3F2
330
17
100
AcDbEntity
  8
GEOMETRY
100
AcDbSpline
 70
0
 71
3
 72
8
 73
4
 74
0
 40
0.0
 40
0.0
 40
0.0
 40
0.0
 40
1.0
 40
1.0
 40
1.0
 40
1.0
 10
10.374015748031496
 20
6.107874015748032
 30
0.0
 10
10.521259842519685
 20
6.0667979002624675
 30
0.0
 10
10.737795275590551
 20
5.861548556430447
 30
0.0
 10
11.023622047244094
 20
5.492125984251969
 30
0.0
  0
SPLINE
  5
3F3
330
17
100
AcDbEntity
  8
GEOMETRY
100
AcDbSpline
 70
0
 71
3
 72
8
 73
4
 74
0
 40
0.0
 40
0.0
 40
0.0
 40
0.0
 40
1.0
 40
1.0
 40
1.0
 40
1.0
 10
9.731889763779527
 20
5.379133858267717
 30
0.0
 10
10.014435695538056
 20
5.748556430446195
 30
0.0
 10
10.228477690288713
 20
5.953805774278216
 30
0.0
 10
10.374015748031496
 20
5.9948818897637794
 30
0.0
  0
SPLINE
  5
3F4
330
17
100
AcDbEntity
  8
GEOMETRY
100
AcDbSpline
 70
0
 71
3
 72
8
 73
4
 74
0
 40
0.0
 40
0.0
 40
0.0
 40
0.0
 40
1.0
 40
1.0
 40
1.0
 40
1.0
 10
10.374015748031496
 20
5.9948818897637794
 30
0.0
 10
10.519553805774278
 20
5.953805774278216
 30
0.0
 10
10.733595800524935
 20
5.748556430446195
 30
0.0
 10
11.016141732283465
 20
5.379133858267717
 30
0.0
  0
LINE
  5
3F5
330
17
100
AcDbEntity
  8
GEOMETRY
100
AcDbLine
 10
9.547244094488189
 20
8.183464566929134
 30
0.0
 11
9.724409448818898
 21
5.4921259842519685
 31
0.0
  0
LINE
  5
3F6
330
17
100
AcDbEntity
  8
GEOMETRY
100
AcDbLine
 10
11.200787401574804
 20
8.183464566929134
 30
0.0
 11
11.023622047244094
 21
5.4921259842519685
 31
0.0
  0
LWPOLYLINE
  5
3F7
330
17
100
AcDbEntity
  8
GEOMETRY
100
AcDbPolyline
 90
5
 70
0
 10
9.488188976377952
 20
5.216535433070867
 10
11.259842519685039
 20
5.216535433070867
 10
11.259842519685039
 20
3.7204724409448824
 10
9.488188976377952
 20
3.7204724409448824
 10
9.488188976377952
 20
5.216535433070867
  0
LWPOLYLINE
  5
3F8
330
17
100
AcDbEntity
  8
GEOMETRY
100
AcDbPolyline
 90
5
 70
0
 10
10.374015748031496
 20
4.83228346456693
 10
11.066929133858268
 20
4.468503937007875
 10
10.374015748031496
 20
4.104724409448819
 10
9.681102362204724
 20
4.468503937007875
 10
10.374015748031496
 20
4.83228346456693
  0
LWPOLYLINE
  5
3F9
330
17
100
AcDbEntity
  8
GEOMETRY
100
AcDbPolyline
 90
5
 70
0
 10
10.374015748031496
 20
4.679527559055119
 10
10.775984251968502
 20
4.468503937007875
 10
10.374015748031496
 20
4.25748031496063
 10
9.972047244094489
 20
4.468503937007875
 10
10.374015748031496
 20
4.679527559055119
  0
SPLINE
  5
3FA
330
17
100
AcDbEntity
  8
GEOMETRY
100
AcDbSpline
 70
0
 71
3
 72
8
 73
4
 74
0
 40
0.0
 40
0.0
 40
0.0
 40
0.0
 40
1.0
 40
1.0
 40
1.0
 40
1.0
 10
9.901574803149606
 20
4.598425196850394
 30
0.0
 10
9.901574803149606
 20
4.962204724409449
 30
0.0
 10
10.279527559055119
 20
4.988188976377953
 30
0.0
 10
10.374015748031496
 20
4.70236220472441
 30
0.0
  0
SPLINE
  5
3FB
330
17
100
AcDbEntity
  8
GEOMETRY
100
AcDbSpline
 70
0
 71
3
 72
11
 73
7
 74
0
 40
0.0
 40
0.0
 40
0.0
 40
0.0
 40
1.0
 40
1.0
 40
1.0
 40
2.0
 40
2.0
 40
2.0
 40
2.0
 10
10.374015748031496
 20
4.70236220472441
 30
0.0
 10
10.468503937007872
 20
4.988188976377953
 30
0.0
 10
10.846456692913385
 20
4.962204724409449
 30
0.0
 10
10.846456692913385
 20
4.598425196850394
 30
0.0
 10
10.846456692913385
 20
4.286614173228347
 30
0.0
 10
10.562992125984252
 20
4.104724409448819
 30
0.0
 10
10.374015748031496
 20
3.870866141732284
 30
0.0
  0
SPLINE
  5
3FC
330
17
100
AcDbEntity
  8
GEOMETRY
100
AcDbSpline
 70
0
 71
3
 72
8
 73
4
 74
0
 40
0.0
 40
0.0
 40
0.0
 40
0.0
 40
1.0
 40
1.0
 40
1.0
 40
1.0
 10
10.374015748031496
 20
3.870866141732284
 30
0.0
 10
10.185039370078739
 20
4.104724409448819
 30
0.0
 10
9.901574803149606
 20
4.286614173228347
 30
0.0
 10
9.901574803149606
 20
4.598425196850394
 30
0.0
  0
SPLINE
  5
3FD
330
17
100
AcDbEntity
  8
GEOMETRY
100
AcDbSpline
 70
0
 71
3
 72
8
 73
4
 74
0
 40
0.0
 40
0.0
 40
0.0
 40
0.0
 40
1.0
 40
1.0
 40
1.0
 40
1.0
 10
10.043307086614172
 20
4.559448818897638
 30
0.0
 10
10.043307086614172
 20
4.814173228346458
 30
0.0
 10
10.30787401574803
 20
4.83228346456693
 30
0.0
 10
10.374015748031496
 20
4.63228346456693
 30
0.0
  0
SPLINE
  5
3FE
330
17
100
AcDbEntity
  8
GEOMETRY
100
AcDbSpline
 70
0
 71
3
 72
11
 73
7
 74
0
 40
0.0
 40
0.0
 40
0.0
 40
0.0
 40
1.0
 40
1.0
 40
1.0
 40
2.0
 40
2.0
 40
2.0
 40
2.0
 10
10.374015748031496
 20
4.63228346456693
 30
0.0
 10
10.44015748031496
 20
4.83228346456693
 30
0.0
 10
10.704724409448819
 20
4.814173228346458
 30
0.0
 10
10.704724409448819
 20
4.559448818897638
 30
0.0
 10
10.704724409448819
 20
4.3411417322834644
 30
0.0
 10
10.506299212598426
 20
4.213779527559056
 30
0.0
 10
10.374015748031496
 20
4.050196850393702
 30
0.0
  0
SPLINE
  5
3FF
330
17
100
AcDbEntity
  8
GEOMETRY
100
AcDbSpline
 70
0
 71
3
 72
8
 73
4
 74
0
 40
0.0
 40
0.0
 40
0.0
 40
0.0
 40
1.0
 40
1.0
 40
1.0
 40
1.0
 10
10.374015748031496
 20
4.050196850393702
 30
0.0
 10
10.241732283464566
 20
4.213779527559056
 30
0.0
 10
10.043307086614172
 20
4.3411417322834644
 30
0.0
 10
10.043307086614172
 20
4.559448818897638
 30
0.0
  0
LWPOLYLINE
  5
400
330
17
100
AcDbEntity
  8
GEOMETRY
100
AcDbPolyline
 90
2
 70
0
 10
10.734251968503935
 20
4.6431102362204735
 10
10.997637795275592
 20
4.50492125984252
  0
LWPOLYLINE
  5
401
330
17
100
AcDbEntity
  8
GEOMETRY
100
AcDbPolyline
 90
2
 70
0
 10
10.583070866141732
 20
4.569685039370079
 10
10.735629921259843
 20
4.489566929133859
  0
LWPOLYLINE
  5
402
330
17
100
AcDbEntity
  8
GEOMETRY
100
AcDbPolyline
 90
2
 70
0
 10
10.013779527559056
 20
4.2938976377952764
 10
9.7503937007874
 20
4.432086614173229
  0
LWPOLYLINE
  5
403
330
17
100
AcDbEntity
  8
GEOMETRY
100
AcDbPolyline
 90
2
 70
0
 10
10.164960629921259
 20
4.3673228346456705
 10
10.01240157480315
 20
4.44744094488189
  0
LINE
  5
404
330
17
100
AcDbEntity
  8
DIMENSIONS
100
AcDbLine
 10
11.614173228346457
 20
10.098425196850394
 30
0.0
 11
11.614173228346457
 21
3.149606299212598
 31
0.0
  0
LINE
  5
405
330
17
100
AcDbEntity
  8
DIMENSIONS
100
AcDbLine
 10
11.417322834645669
 20
10.039370078740157
 30
0.0
 11
11.661417322834644
 21
10.039370078740157
 31
0.0
  0
LINE
  5
406
330
17
100
AcDbEntity
  8
DIMENSIONS
100
AcDbLine
 10
11.574803149606298
 20
10.0
 30
0.0
 11
11.653543307086615
 21
10.078740157480315
 31
0.0
  0
LINE
  5
407
330
17
100
AcDbEntity
  8
DIMENSIONS
100
AcDbLine
 10
11.417322834645669
 20
9.704724409448819
 30
0.0
 11
11.661417322834644
 21
9.704724409448819
 31
0.0
  0
LINE
  5
408
330
17
100
AcDbEntity
  8
DIMENSIONS
100
AcDbLine
 10
11.574803149606298
 20
9.665354330708661
 30
0.0
 11
11.653543307086615
 21
9.744094488188976
 31
0.0
  0
LINE
  5
409
330
17
100
AcDbEntity
  8
DIMENSIONS
100
AcDbLine
 10
11.417322834645669
 20
8.976377952755906
 30
0.0
 11
11.661417322834644
 21
8.976377952755906
 31
0.0
  0
LINE
  5
40A
330
17
100
AcDbEntity
  8
DIMENSIONS
100
AcDbLine
 10
11.574803149606298
 20
8.937007874015748
 30
0.0
 11
11.653543307086615
 21
9.015748031496063
 31
0.0
  0
LINE
  5
40B
330
17
100
AcDbEntity
  8
DIMENSIONS
100
AcDbLine
 10
11.417322834645669
 20
5.334645669291339
 30
0.0
 11
11.661417322834644
 21
5.334645669291339
 31
0.0
  0
LINE
  5
40C
330
17
100
AcDbEntity
  8
DIMENSIONS
100
AcDbLine
 10
11.574803149606298
 20
5.2952755905511815
 30
0.0
 11
11.653543307086615
 21
5.374015748031496
 31
0.0
  0
LINE
  5
40D
330
17
100
AcDbEntity
  8
DIMENSIONS
100
AcDbLine
 10
11.417322834645669
 20
3.6023622047244093
 30
0.0
 11
11.661417322834644
 21
3.6023622047244093
 31
0.0
  0
LINE
  5
40E
330
17
100
AcDbEntity
  8
DIMENSIONS
100
AcDbLine
 10
11.574803149606298
 20
3.562992125984252
 30
0.0
 11
11.653543307086615
 21
3.6417322834645667
 31
0.0
  0
LINE
  5
40F
330
17
100
AcDbEntity
  8
DIMENSIONS
100
AcDbLine
 10
11.417322834645669
 20
3.2086614173228347
 30
0.0
 11
11.661417322834644
 21
3.2086614173228347
 31
0.0
  0
LINE
  5
410
330
17
100
AcDbEntity
  8
DIMENSIONS
100
AcDbLine
 10
11.574803149606298
 20
3.1692913385826773
 30
0.0
 11
11.653543307086615
 21
3.248031496062992
 31
0.0
  0
TEXT
  5
411
330
17
100
AcDbEntity
  8
TEXT
100
AcDbText
 10
11.58267716535433
 20
9.872047244094489
 30
0.0
 40
0.03401574803149606
  1
CAP 17
 50
90.0
 72
1
 11
11.58267716535433
 21
9.872047244094489
 31
0.0
100
AcDbText
  0
TEXT
  5
412
330
17
100
AcDbEntity
  8
TEXT
100
AcDbText
 10
11.58267716535433
 20
9.340551181102363
 30
0.0
 40
0.03401574803149606
  1
LEAF 37
 50
90.0
 72
1
 11
11.58267716535433
 21
9.340551181102363
 31
0.0
100
AcDbText
  0
TEXT
  5
413
330
17
100
AcDbEntity
  8
TEXT
100
AcDbText
 10
11.58267716535433
 20
7.155511811023622
 30
0.0
 40
0.03401574803149606
  1
CHEVRONS
 50
90.0
 72
1
 11
11.58267716535433
 21
7.155511811023622
 31
0.0
100
AcDbText
  0
TEXT
  5
414
330
17
100
AcDbEntity
  8
TEXT
100
AcDbText
 10
11.58267716535433
 20
4.468503937007874
 30
0.0
 40
0.03401574803149606
  1
KNOT 88
 50
90.0
 72
1
 11
11.58267716535433
 21
4.468503937007874
 31
0.0
100
AcDbText
  0
TEXT
  5
415
330
17
100
AcDbEntity
  8
TEXT
100
AcDbText
 10
11.58267716535433
 20
3.405511811023622
 30
0.0
 40
0.03401574803149606
  1
FOOT 20
 50
90.0
 72
1
 11
11.58267716535433
 21
3.405511811023622
 31
0.0
100
AcDbText
  0
LINE
  5
416
330
17
100
AcDbEntity
  8
DIMENSIONS
100
AcDbLine
 10
9.03543307086614
 20
2.97244094488189
 30
0.0
 11
11.437007874015748
 21
2.97244094488189
 31
0.0
  0
LINE
  5
417
330
17
100
AcDbEntity
  8
DIMENSIONS
100
AcDbLine
 10
9.094488188976378
 20
3.1692913385826773
 30
0.0
 11
9.094488188976378
 21
2.9251968503937014
 31
0.0
  0
LINE
  5
418
330
17
100
AcDbEntity
  8
DIMENSIONS
100
AcDbLine
 10
9.05511811023622
 20
2.9330708661417324
 30
0.0
 11
9.133858267716535
 21
3.0118110236220472
 31
0.0
  0
LINE
  5
419
330
17
100
AcDbEntity
  8
DIMENSIONS
100
AcDbLine
 10
9.37007874015748
 20
3.1692913385826773
 30
0.0
 11
9.37007874015748
 21
2.9251968503937014
 31
0.0
  0
LINE
  5
41A
330
17
100
AcDbEntity
  8
DIMENSIONS
100
AcDbLine
 10
9.330708661417322
 20
2.9330708661417324
 30
0.0
 11
9.409448818897637
 21
3.0118110236220472
 31
0.0
  0
LINE
  5
41B
330
17
100
AcDbEntity
  8
DIMENSIONS
100
AcDbLine
 10
11.377952755905511
 20
3.1692913385826773
 30
0.0
 11
11.377952755905511
 21
2.9251968503937014
 31
0.0
  0
LINE
  5
41C
330
17
100
AcDbEntity
  8
DIMENSIONS
100
AcDbLine
 10
11.338582677165354
 20
2.9330708661417324
 30
0.0
 11
11.417322834645669
 21
3.0118110236220472
 31
0.0
  0
TEXT
  5
41D
330
17
100
AcDbEntity
  8
TEXT
100
AcDbText
 10
9.23228346456693
 20
3.003937007874016
 30
0.0
 40
0.03401574803149606
  1
0½"
 72
1
 11
9.23228346456693
 21
3.003937007874016
 31
0.0
100
AcDbText
  0
TEXT
  5
41E
330
17
100
AcDbEntity
  8
TEXT
100
AcDbText
 10
10.374015748031496
 20
3.003937007874016
 30
0.0
 40
0.03401574803149606
  1
4"
 72
1
 11
10.374015748031496
 21
3.003937007874016
 31
0.0
100
AcDbText
  0
TEXT
  5
41F
330
17
100
AcDbEntity
  8
TEXT
100
AcDbText
 10
12.283464566929133
 20
10.984251968503937
 30
0.0
 40
0.09070866141732283
  1
2 · THE LEAF
 11
12.283464566929133
 21
10.984251968503937
 31
0.0
100
AcDbText
  0
LINE
  5
420
330
17
100
AcDbEntity
  8
GEOMETRY
100
AcDbLine
 10
12.283464566929133
 20
10.9251968503937
 30
0.0
 11
14.251968503937007
 21
10.9251968503937
 31
0.0
  0
TEXT
  5
421
330
17
100
AcDbEntity
  8
TEXT
100
AcDbText
 10
12.283464566929133
 20
10.79527559055118
 30
0.0
 40
0.048188976377952754
  1
PALMETTE · 1:1.5
 11
12.283464566929133
 21
10.79527559055118
 31
0.0
100
AcDbText
  0
LWPOLYLINE
  5
422
330
17
100
AcDbEntity
  8
GEOMETRY
100
AcDbPolyline
 90
5
 70
0
 10
12.519685039370078
 20
10.118110236220474
 10
15.196850393700787
 20
10.118110236220474
 10
15.196850393700787
 20
9.146981627296588
 10
12.519685039370078
 20
9.146981627296588
 10
12.519685039370078
 20
10.118110236220474
  0
SPLINE
  5
423
330
17
100
AcDbEntity
  8
GEOMETRY
100
AcDbSpline
 70
0
 71
3
 72
8
 73
4
 74
0
 40
0.0
 40
0.0
 40
0.0
 40
0.0
 40
1.0
 40
1.0
 40
1.0
 40
1.0
 10
13.858267716535433
 20
9.244094488188978
 30
0.0
 10
13.481627296587927
 20
9.183202099737533
 30
0.0
 10
13.332020997375327
 20
9.507086614173229
 30
0.0
 10
13.403937007874015
 20
9.59002624671916
 30
0.0
  0
SPLINE
  5
424
330
17
100
AcDbEntity
  8
GEOMETRY
100
AcDbSpline
 70
0
 71
3
 72
8
 73
4
 74
0
 40
0.0
 40
0.0
 40
0.0
 40
0.0
 40
1.0
 40
1.0
 40
1.0
 40
1.0
 10
13.403937007874015
 20
9.59002624671916
 30
0.0
 10
13.475590551181101
 20
9.507086614173229
 30
0.0
 10
13.816797900262467
 20
9.623359580052494
 30
0.0
 10
13.858267716535433
 20
9.244094488188978
 30
0.0
  0
SPLINE
  5
425
330
17
100
AcDbEntity
  8
GEOMETRY
100
AcDbSpline
 70
0
 71
3
 72
8
 73
4
 74
0
 40
0.0
 40
0.0
 40
0.0
 40
0.0
 40
1.0
 40
1.0
 40
1.0
 40
1.0
 10
13.858267716535433
 20
9.244094488188978
 30
0.0
 10
13.718985126859142
 20
9.350131233595802
 30
0.0
 10
13.567541557305336
 20
9.46544181977253
 30
0.0
 10
13.403937007874015
 20
9.59002624671916
 30
0.0
  0
SPLINE
  5
426
330
17
100
AcDbEntity
  8
GEOMETRY
100
AcDbSpline
 70
0
 71
3
 72
8
 73
4
 74
0
 40
0.0
 40
0.0
 40
0.0
 40
0.0
 40
1.0
 40
1.0
 40
1.0
 40
1.0
 10
13.858267716535433
 20
9.244094488188978
 30
0.0
 10
13.435433070866141
 20
9.396850393700788
 30
0.0
 10
13.425721784776902
 20
9.7246719160105
 30
0.0
 10
13.545144356955381
 20
9.876377952755906
 30
0.0
  0
SPLINE
  5
427
330
17
100
AcDbEntity
  8
GEOMETRY
100
AcDbSpline
 70
0
 71
3
 72
8
 73
4
 74
0
 40
0.0
 40
0.0
 40
0.0
 40
0.0
 40
1.0
 40
1.0
 40
1.0
 40
1.0
 10
13.545144356955381
 20
9.876377952755906
 30
0.0
 10
13.664566929133857
 20
9.7246719160105
 30
0.0
 10
13.992913385826773
 20
9.672965879265092
 30
0.0
 10
13.858267716535433
 20
9.244094488188978
 30
0.0
  0
SPLINE
  5
428
330
17
100
AcDbEntity
  8
GEOMETRY
100
AcDbSpline
 70
0
 71
3
 72
8
 73
4
 74
0
 40
0.0
 40
0.0
 40
0.0
 40
0.0
 40
1.0
 40
1.0
 40
1.0
 40
1.0
 10
13.858267716535433
 20
9.244094488188978
 30
0.0
 10
13.762204724409449
 20
9.437970253718285
 30
0.0
 10
13.657830271216097
 20
9.648731408573928
 30
0.0
 10
13.545144356955381
 20
9.876377952755906
 30
0.0
  0
SPLINE
  5
429
330
17
100
AcDbEntity
  8
GEOMETRY
100
AcDbSpline
 70
0
 71
3
 72
8
 73
4
 74
0
 40
0.0
 40
0.0
 40
0.0
 40
0.0
 40
1.0
 40
1.0
 40
1.0
 40
1.0
 10
13.858267716535433
 20
9.244094488188978
 30
0.0
 10
13.51259842519685
 20
9.630446194225723
 30
0.0
 10
13.71023622047244
 20
9.88241469816273
 30
0.0
 10
13.858267716535433
 20
10.083989501312336
 30
0.0
  0
SPLINE
  5
42A
330
17
100
AcDbEntity
  8
GEOMETRY
100
AcDbSpline
 70
0
 71
3
 72
8
 73
4
 74
0
 40
0.0
 40
0.0
 40
0.0
 40
0.0
 40
1.0
 40
1.0
 40
1.0
 40
1.0
 10
13.858267716535433
 20
10.083989501312336
 30
0.0
 10
14.006299212598424
 20
9.88241469816273
 30
0.0
 10
14.203937007874014
 20
9.630446194225723
 30
0.0
 10
13.858267716535433
 20
9.244094488188978
 30
0.0
  0
SPLINE
  5
42B
330
17
100
AcDbEntity
  8
GEOMETRY
100
AcDbSpline
 70
0
 71
3
 72
8
 73
4
 74
0
 40
0.0
 40
0.0
 40
0.0
 40
0.0
 40
1.0
 40
1.0
 40
1.0
 40
1.0
 10
13.858267716535433
 20
9.244094488188978
 30
0.0
 10
13.858267716535433
 20
9.501662292213474
 30
0.0
 10
13.858267716535433
 20
9.781627296587928
 30
0.0
 10
13.858267716535433
 20
10.083989501312336
 30
0.0
  0
SPLINE
  5
42C
330
17
100
AcDbEntity
  8
GEOMETRY
100
AcDbSpline
 70
0
 71
3
 72
8
 73
4
 74
0
 40
0.0
 40
0.0
 40
0.0
 40
0.0
 40
1.0
 40
1.0
 40
1.0
 40
1.0
 10
13.858267716535433
 20
9.244094488188978
 30
0.0
 10
13.723622047244094
 20
9.672965879265092
 30
0.0
 10
14.051968503937008
 20
9.7246719160105
 30
0.0
 10
14.171391076115485
 20
9.876377952755906
 30
0.0
  0
SPLINE
  5
42D
330
17
100
AcDbEntity
  8
GEOMETRY
100
AcDbSpline
 70
0
 71
3
 72
8
 73
4
 74
0
 40
0.0
 40
0.0
 40
0.0
 40
0.0
 40
1.0
 40
1.0
 40
1.0
 40
1.0
 10
14.171391076115485
 20
9.876377952755906
 30
0.0
 10
14.290813648293964
 20
9.7246719160105
 30
0.0
 10
14.281102362204724
 20
9.396850393700788
 30
0.0
 10
13.858267716535433
 20
9.244094488188978
 30
0.0
  0
SPLINE
  5
42E
330
17
100
AcDbEntity
  8
GEOMETRY
100
AcDbSpline
 70
0
 71
3
 72
8
 73
4
 74
0
 40
0.0
 40
0.0
 40
0.0
 40
0.0
 40
1.0
 40
1.0
 40
1.0
 40
1.0
 10
13.858267716535433
 20
9.244094488188978
 30
0.0
 10
13.954330708661416
 20
9.437970253718285
 30
0.0
 10
14.058705161854768
 20
9.648731408573928
 30
0.0
 10
14.171391076115485
 20
9.876377952755906
 30
0.0
  0
SPLINE
  5
42F
330
17
100
AcDbEntity
  8
GEOMETRY
100
AcDbSpline
 70
0
 71
3
 72
8
 73
4
 74
0
 40
0.0
 40
0.0
 40
0.0
 40
0.0
 40
1.0
 40
1.0
 40
1.0
 40
1.0
 10
13.858267716535433
 20
9.244094488188978
 30
0.0
 10
13.899737532808398
 20
9.623359580052494
 30
0.0
 10
14.240944881889765
 20
9.507086614173229
 30
0.0
 10
14.312598425196851
 20
9.59002624671916
 30
0.0
  0
SPLINE
  5
430
330
17
100
AcDbEntity
  8
GEOMETRY
100
AcDbSpline
 70
0
 71
3
 72
8
 73
4
 74
0
 40
0.0
 40
0.0
 40
0.0
 40
0.0
 40
1.0
 40
1.0
 40
1.0
 40
1.0
 10
14.312598425196851
 20
9.59002624671916
 30
0.0
 10
14.384514435695538
 20
9.507086614173229
 30
0.0
 10
14.23490813648294
 20
9.183202099737533
 30
0.0
 10
13.858267716535433
 20
9.244094488188978
 30
0.0
  0
SPLINE
  5
431
330
17
100
AcDbEntity
  8
GEOMETRY
100
AcDbSpline
 70
0
 71
3
 72
8
 73
4
 74
0
 40
0.0
 40
0.0
 40
0.0
 40
0.0
 40
1.0
 40
1.0
 40
1.0
 40
1.0
 10
13.858267716535433
 20
9.244094488188978
 30
0.0
 10
13.997550306211723
 20
9.350131233595802
 30
0.0
 10
14.14899387576553
 20
9.46544181977253
 30
0.0
 10
14.312598425196851
 20
9.59002624671916
 30
0.0
  0
LWPOLYLINE
  5
432
330
17
100
AcDbEntity
  8
GEOMETRY
100
AcDbPolyline
 90
27
 70
0
 10
12.723097112860893
 20
9.697637795275591
 10
12.65984251968504
 20
9.679265091863517
 10
12.610498687664043
 20
9.639107611548557
 10
12.581627296587927
 20
9.584514435695539
 10
12.576902887139108
 20
9.525459317585302
 10
12.59501312335958
 20
9.471128608923886
 10
12.631758530183728
 20
9.429658792650919
 10
12.679527559055119
 20
9.40708661417323
 10
12.730446194225722
 20
9.405249343832022
 10
12.775853018372702
 20
9.422834645669292
 10
12.809186351706037
 20
9.455380577427823
 10
12.826246719160105
 20
9.496325459317585
 10
12.825721784776903
 20
9.538582677165355
 10
12.809448818897637
 20
9.575328083989502
 10
12.781364829396324
 20
9.601049868766404
 10
12.747244094488188
 20
9.612860892388452
 10
12.713648293963255
 20
9.610498687664043
 10
12.685564304461941
 20
9.595538057742782
 10
12.667191601049868
 20
9.57244094488189
 10
12.66010498687664
 20
9.545931758530184
 10
12.664304461942258
 20
9.520997375328085
 10
12.676902887139107
 20
9.501574803149607
 10
12.694750656167978
 20
9.490026246719161
 10
12.713385826771654
 20
9.487401574803151
 10
12.729658792650918
 20
9.49238845144357
 10
12.740944881889764
 20
9.50236220472441
 10
12.745669291338583
 20
9.514435695538058
  0
LWPOLYLINE
  5
433
330
17
100
AcDbEntity
  8
GEOMETRY
100
AcDbPolyline
 90
27
 70
0
 10
14.993438320209973
 20
9.697637795275591
 10
15.056692913385826
 20
9.679265091863517
 10
15.106036745406824
 20
9.639107611548557
 10
15.13490813648294
 20
9.584514435695539
 10
15.139632545931757
 20
9.525459317585302
 10
15.121522309711285
 20
9.471128608923886
 10
15.084776902887137
 20
9.429658792650919
 10
15.037007874015748
 20
9.40708661417323
 10
14.986089238845143
 20
9.405249343832022
 10
14.940682414698163
 20
9.422834645669292
 10
14.907349081364828
 20
9.455380577427823
 10
14.89028871391076
 20
9.496325459317585
 10
14.890813648293964
 20
9.538582677165355
 10
14.907086614173227
 20
9.575328083989502
 10
14.93517060367454
 20
9.601049868766404
 10
14.969291338582678
 20
9.612860892388452
 10
15.00288713910761
 20
9.610498687664043
 10
15.030971128608925
 20
9.595538057742782
 10
15.049343832020996
 20
9.57244094488189
 10
15.056430446194225
 20
9.545931758530184
 10
15.052230971128608
 20
9.520997375328085
 10
15.039632545931758
 20
9.501574803149607
 10
15.021784776902887
 20
9.490026246719161
 10
15.003149606299212
 20
9.487401574803151
 10
14.986876640419949
 20
9.49238845144357
 10
14.975590551181101
 20
9.50236220472441
 10
14.970866141732284
 20
9.514435695538058
  0
SPLINE
  5
434
330
17
100
AcDbEntity
  8
GEOMETRY
100
AcDbSpline
 70
0
 71
3
 72
8
 73
4
 74
0
 40
0.0
 40
0.0
 40
0.0
 40
0.0
 40
1.0
 40
1.0
 40
1.0
 40
1.0
 10
13.404199475065617
 20
9.244094488188978
 30
0.0
 10
13.706911636045495
 20
9.328083989501314
 30
0.0
 10
14.009623797025371
 20
9.328083989501314
 30
0.0
 10
14.312335958005248
 20
9.244094488188978
 30
0.0
  0
SPLINE
  5
435
330
17
100
AcDbEntity
  8
GEOMETRY
100
AcDbSpline
 70
0
 71
3
 72
8
 73
4
 74
0
 40
0.0
 40
0.0
 40
0.0
 40
0.0
 40
1.0
 40
1.0
 40
1.0
 40
1.0
 10
14.312335958005248
 20
9.244094488188978
 30
0.0
 10
14.009623797025371
 20
9.176902887139109
 30
0.0
 10
13.706911636045495
 20
9.176902887139109
 30
0.0
 10
13.404199475065617
 20
9.244094488188978
 30
0.0
  0
LINE
  5
436
330
17
100
AcDbEntity
  8
DIMENSIONS
100
AcDbLine
 10
12.460629921259843
 20
8.95
 30
0.0
 11
15.255905511811024
 21
8.95
 31
0.0
  0
LINE
  5
437
330
17
100
AcDbEntity
  8
DIMENSIONS
100
AcDbLine
 10
12.519685039370078
 20
9.107480314960629
 30
0.0
 11
12.519685039370078
 21
8.90275590551181
 31
0.0
  0
LINE
  5
438
330
17
100
AcDbEntity
  8
DIMENSIONS
100
AcDbLine
 10
12.48031496062992
 20
8.910629921259842
 30
0.0
 11
12.559055118110235
 21
8.989370078740157
 31
0.0
  0
LINE
  5
439
330
17
100
AcDbEntity
  8
DIMENSIONS
100
AcDbLine
 10
15.196850393700787
 20
9.107480314960629
 30
0.0
 11
15.196850393700787
 21
8.90275590551181
 31
0.0
  0
LINE
  5
43A
330
17
100
AcDbEntity
  8
DIMENSIONS
100
AcDbLine
 10
15.15748031496063
 20
8.910629921259842
 30
0.0
 11
15.236220472440944
 21
8.989370078740157
 31
0.0
  0
TEXT
  5
43B
330
17
100
AcDbEntity
  8
TEXT
100
AcDbText
 10
13.858267716535433
 20
8.981496062992125
 30
0.0
 40
0.03401574803149606
  1
4"
 72
1
 11
13.858267716535433
 21
8.981496062992125
 31
0.0
100
AcDbText
  0
TEXT
  5
43C
330
17
100
AcDbEntity
  8
TEXT
100
AcDbText
 10
12.283464566929133
 20
8.700787401574804
 30
0.0
 40
0.09070866141732283
  1
3 · THE KNOT
 11
12.283464566929133
 21
8.700787401574804
 31
0.0
100
AcDbText
  0
LINE
  5
43D
330
17
100
AcDbEntity
  8
GEOMETRY
100
AcDbLine
 10
12.283464566929133
 20
8.641732283464567
 30
0.0
 11
14.251968503937007
 21
8.641732283464567
 31
0.0
  0
TEXT
  5
43E
330
17
100
AcDbEntity
  8
TEXT
100
AcDbText
 10
12.283464566929133
 20
8.511811023622046
 30
0.0
 40
0.048188976377952754
  1
INTERLACE · 1:1.5
 11
12.283464566929133
 21
8.511811023622046
 31
0.0
100
AcDbText
  0
LWPOLYLINE
  5
43F
330
17
100
AcDbEntity
  8
GEOMETRY
100
AcDbPolyline
 90
5
 70
0
 10
12.519685039370078
 20
8.070866141732285
 10
15.196850393700787
 20
8.070866141732285
 10
15.196850393700787
 20
5.761154855643046
 10
12.519685039370078
 20
5.761154855643046
 10
12.519685039370078
 20
8.070866141732285
  0
LWPOLYLINE
  5
440
330
17
100
AcDbEntity
  8
GEOMETRY
100
AcDbPolyline
 90
5
 70
0
 10
12.67716535433071
 20
7.913385826771654
 10
15.039370078740157
 20
7.913385826771654
 10
15.039370078740157
 20
5.918635170603675
 10
12.67716535433071
 20
5.918635170603675
 10
12.67716535433071
 20
7.913385826771654
  0
LWPOLYLINE
  5
441
330
17
100
AcDbEntity
  8
GEOMETRY
100
AcDbPolyline
 90
5
 70
0
 10
13.858267716535433
 20
7.401049868766405
 10
14.78215223097113
 20
6.9160104986876645
 10
13.858267716535433
 20
6.430971128608925
 10
12.934383202099738
 20
6.9160104986876645
 10
13.858267716535433
 20
7.401049868766405
  0
LWPOLYLINE
  5
442
330
17
100
AcDbEntity
  8
GEOMETRY
100
AcDbPolyline
 90
5
 70
0
 10
13.858267716535433
 20
7.19737532808399
 10
14.394225721784776
 20
6.9160104986876645
 10
13.858267716535433
 20
6.63464566929134
 10
13.322309711286088
 20
6.9160104986876645
 10
13.858267716535433
 20
7.19737532808399
  0
SPLINE
  5
443
330
17
100
AcDbEntity
  8
GEOMETRY
100
AcDbSpline
 70
0
 71
3
 72
8
 73
4
 74
0
 40
0.0
 40
0.0
 40
0.0
 40
0.0
 40
1.0
 40
1.0
 40
1.0
 40
1.0
 10
13.228346456692913
 20
7.089238845144357
 30
0.0
 10
13.228346456692913
 20
7.574278215223098
 30
0.0
 10
13.73228346456693
 20
7.608923884514437
 30
0.0
 10
13.858267716535433
 20
7.227821522309712
 30
0.0
  0
SPLINE
  5
444
330
17
100
AcDbEntity
  8
GEOMETRY
100
AcDbSpline
 70
0
 71
3
 72
11
 73
7
 74
0
 40
0.0
 40
0.0
 40
0.0
 40
0.0
 40
1.0
 40
1.0
 40
1.0
 40
2.0
 40
2.0
 40
2.0
 40
2.0
 10
13.858267716535433
 20
7.227821522309712
 30
0.0
 10
13.984251968503937
 20
7.608923884514437
 30
0.0
 10
14.488188976377952
 20
7.574278215223098
 30
0.0
 10
14.488188976377952
 20
7.089238845144357
 30
0.0
 10
14.488188976377952
 20
6.673490813648295
 30
0.0
 10
14.110236220472439
 20
6.430971128608925
 30
0.0
 10
13.858267716535433
 20
6.119160104986878
 30
0.0
  0
SPLINE
  5
445
330
17
100
AcDbEntity
  8
GEOMETRY
100
AcDbSpline
 70
0
 71
3
 72
8
 73
4
 74
0
 40
0.0
 40
0.0
 40
0.0
 40
0.0
 40
1.0
 40
1.0
 40
1.0
 40
1.0
 10
13.858267716535433
 20
6.119160104986878
 30
0.0
 10
13.606299212598426
 20
6.430971128608925
 30
0.0
 10
13.228346456692913
 20
6.673490813648295
 30
0.0
 10
13.228346456692913
 20
7.089238845144357
 30
0.0
  0
SPLINE
  5
446
330
17
100
AcDbEntity
  8
GEOMETRY
100
AcDbSpline
 70
0
 71
3
 72
8
 73
4
 74
0
 40
0.0
 40
0.0
 40
0.0
 40
0.0
 40
1.0
 40
1.0
 40
1.0
 40
1.0
 10
13.41732283464567
 20
7.03727034120735
 30
0.0
 10
13.41732283464567
 20
7.376902887139108
 30
0.0
 10
13.77007874015748
 20
7.401049868766405
 30
0.0
 10
13.858267716535433
 20
7.134383202099738
 30
0.0
  0
SPLINE
  5
447
330
17
100
AcDbEntity
  8
GEOMETRY
100
AcDbSpline
 70
0
 71
3
 72
11
 73
7
 74
0
 40
0.0
 40
0.0
 40
0.0
 40
0.0
 40
1.0
 40
1.0
 40
1.0
 40
2.0
 40
2.0
 40
2.0
 40
2.0
 10
13.858267716535433
 20
7.134383202099738
 30
0.0
 10
13.946456692913387
 20
7.401049868766405
 30
0.0
 10
14.299212598425196
 20
7.376902887139108
 30
0.0
 10
14.299212598425196
 20
7.03727034120735
 30
0.0
 10
14.299212598425196
 20
6.746194225721785
 30
0.0
 10
14.03464566929134
 20
6.576377952755907
 30
0.0
 10
13.858267716535433
 20
6.358267716535433
 30
0.0
  0
SPLINE
  5
448
330
17
100
AcDbEntity
  8
GEOMETRY
100
AcDbSpline
 70
0
 71
3
 72
8
 73
4
 74
0
 40
0.0
 40
0.0
 40
0.0
 40
0.0
 40
1.0
 40
1.0
 40
1.0
 40
1.0
 10
13.858267716535433
 20
6.358267716535433
 30
0.0
 10
13.681889763779527
 20
6.576377952755907
 30
0.0
 10
13.41732283464567
 20
6.746194225721785
 30
0.0
 10
13.41732283464567
 20
7.03727034120735
 30
0.0
  0
LWPOLYLINE
  5
449
330
17
100
AcDbEntity
  8
GEOMETRY
100
AcDbPolyline
 90
2
 70
0
 10
14.338582677165354
 20
7.1488188976377955
 10
14.689763779527558
 20
6.964566929133859
  0
LWPOLYLINE
  5
44A
330
17
100
AcDbEntity
  8
GEOMETRY
100
AcDbPolyline
 90
2
 70
0
 10
14.137007874015747
 20
7.050918635170604
 10
14.340419947506561
 20
6.944094488188977
  0
LWPOLYLINE
  5
44B
330
17
100
AcDbEntity
  8
GEOMETRY
100
AcDbPolyline
 90
2
 70
0
 10
13.377952755905513
 20
6.683202099737533
 10
13.026771653543307
 20
6.867454068241471
  0
LWPOLYLINE
  5
44C
330
17
100
AcDbEntity
  8
GEOMETRY
100
AcDbPolyline
 90
2
 70
0
 10
13.57952755905512
 20
6.7811023622047255
 10
13.376115485564304
 20
6.887926509186352
  0
LINE
  5
44D
330
17
100
AcDbEntity
  8
DIMENSIONS
100
AcDbLine
 10
12.460629921259843
 20
5.564173228346457
 30
0.0
 11
15.255905511811024
 21
5.564173228346457
 31
0.0
  0
LINE
  5
44E
330
17
100
AcDbEntity
  8
DIMENSIONS
100
AcDbLine
 10
12.519685039370078
 20
5.721653543307087
 30
0.0
 11
12.519685039370078
 21
5.516929133858268
 31
0.0
  0
LINE
  5
44F
330
17
100
AcDbEntity
  8
DIMENSIONS
100
AcDbLine
 10
12.48031496062992
 20
5.524803149606299
 30
0.0
 11
12.559055118110235
 21
5.603543307086615
 31
0.0
  0
LINE
  5
450
330
17
100
AcDbEntity
  8
DIMENSIONS
100
AcDbLine
 10
15.196850393700787
 20
5.721653543307087
 30
0.0
 11
15.196850393700787
 21
5.516929133858268
 31
0.0
  0
LINE
  5
451
330
17
100
AcDbEntity
  8
DIMENSIONS
100
AcDbLine
 10
15.15748031496063
 20
5.524803149606299
 30
0.0
 11
15.236220472440944
 21
5.603543307086615
 31
0.0
  0
TEXT
  5
452
330
17
100
AcDbEntity
  8
TEXT
100
AcDbText
 10
13.858267716535433
 20
5.595669291338583
 30
0.0
 40
0.03401574803149606
  1
4"
 72
1
 11
13.858267716535433
 21
5.595669291338583
 31
0.0
100
AcDbText
  0
LINE
  5
453
330
17
100
AcDbEntity
  8
DIMENSIONS
100
AcDbLine
 10
15.393700787401574
 20
8.12992125984252
 30
0.0
 11
15.393700787401574
 21
5.7019685039370085
 31
0.0
  0
LINE
  5
454
330
17
100
AcDbEntity
  8
DIMENSIONS
100
AcDbLine
 10
15.236220472440944
 20
8.070866141732283
 30
0.0
 11
15.440944881889763
 21
8.070866141732283
 31
0.0
  0
LINE
  5
455
330
17
100
AcDbEntity
  8
DIMENSIONS
100
AcDbLine
 10
15.354330708661417
 20
8.031496062992126
 30
0.0
 11
15.433070866141732
 21
8.11023622047244
 31
0.0
  0
LINE
  5
456
330
17
100
AcDbEntity
  8
DIMENSIONS
100
AcDbLine
 10
15.236220472440944
 20
5.761023622047245
 30
0.0
 11
15.440944881889763
 21
5.761023622047245
 31
0.0
  0
LINE
  5
457
330
17
100
AcDbEntity
  8
DIMENSIONS
100
AcDbLine
 10
15.354330708661417
 20
5.721653543307087
 30
0.0
 11
15.433070866141732
 21
5.800393700787402
 31
0.0
  0
TEXT
  5
458
330
17
100
AcDbEntity
  8
TEXT
100
AcDbText
 10
15.362204724409448
 20
6.9161417322834655
 30
0.0
 40
0.03401574803149606
  1
3½"
 50
90.0
 72
1
 11
15.362204724409448
 21
6.9161417322834655
 31
0.0
100
AcDbText
  0
TEXT
  5
459
330
17
100
AcDbEntity
  8
TEXT
100
AcDbText
 10
12.283464566929133
 20
5.787401574803149
 30
0.0
 40
0.09070866141732283
  1
4 · SECTION
 11
12.283464566929133
 21
5.787401574803149
 31
0.0
100
AcDbText
  0
LINE
  5
45A
330
17
100
AcDbEntity
  8
GEOMETRY
100
AcDbLine
 10
12.283464566929133
 20
5.728346456692913
 30
0.0
 11
14.251968503937007
 21
5.728346456692913
 31
0.0
  0
TEXT
  5
45B
330
17
100
AcDbEntity
  8
TEXT
100
AcDbText
 10
12.283464566929133
 20
5.5984251968503935
 30
0.0
 40
0.048188976377952754
  1
THROUGH THE HEAD · 1:5
 11
12.283464566929133
 21
5.5984251968503935
 31
0.0
100
AcDbText
  0
HATCH
  5
45C
330
17
100
AcDbEntity
  8
HATCH
 62
7
100
AcDbHatch
 10
0.0
 20
0.0
 30
0.0
210
0.0
220
0.0
230
1.0
  2
ANSI31
 70
0
 71
0
 91
1
 92
3
 72
0
 73
1
 93
17
 10
12.67716535433071
 20
5.31496062992126
 10
13.716535433070865
 20
5.31496062992126
 10
13.716535433070865
 20
4.763779527559055
 10
13.433070866141732
 20
4.763779527559055
 10
13.433070866141732
 20
4.574803149606299
 10
13.354330708661417
 20
4.574803149606299
 10
13.354330708661417
 20
3.629921259842519
 10
13.118110236220472
 20
3.629921259842519
 10
13.118110236220472
 20
3.5669291338582676
 10
13.086614173228345
 20
3.5669291338582676
 10
13.086614173228345
 20
3.267716535433071
 10
13.023622047244094
 20
3.267716535433071
 10
13.023622047244094
 20
2.874015748031496
 10
12.757480314960631
 20
2.874015748031496
 10
12.757480314960631
 20
2.4724409448818903
 10
12.67716535433071
 20
2.4724409448818903
 10
12.67716535433071
 20
5.31496062992126
 97
0
 75
1
 76
1
 52
0.0
 41
0.015748031496062992
 77
0
 78
1
 53
45.0
 43
0.0
 44
0.0
 45
-0.0013919425
 46
0.0013919425
 79
0
 98
0
  0
LWPOLYLINE
  5
45D
330
17
100
AcDbEntity
  8
GEOMETRY
100
AcDbPolyline
 90
17
 70
0
 10
12.67716535433071
 20
5.31496062992126
 10
13.716535433070865
 20
5.31496062992126
 10
13.716535433070865
 20
4.7637795275590555
 10
13.433070866141732
 20
4.7637795275590555
 10
13.433070866141732
 20
4.574803149606299
 10
13.354330708661417
 20
4.574803149606299
 10
13.354330708661417
 20
3.6299212598425203
 10
13.118110236220472
 20
3.6299212598425203
 10
13.118110236220472
 20
3.5669291338582685
 10
13.086614173228345
 20
3.5669291338582685
 10
13.086614173228345
 20
3.267716535433072
 10
13.023622047244094
 20
3.267716535433072
 10
13.023622047244094
 20
2.8740157480314963
 10
12.757480314960631
 20
2.8740157480314963
 10
12.757480314960631
 20
2.4724409448818907
 10
12.67716535433071
 20
2.4724409448818907
 10
12.67716535433071
 20
5.31496062992126
  0
LINE
  5
45E
330
17
100
AcDbEntity
  8
GEOMETRY
100
AcDbLine
 10
12.440944881889763
 20
5.31496062992126
 30
0.0
 11
12.67716535433071
 21
5.31496062992126
 31
0.0
  0
LINE
  5
45F
330
17
100
AcDbEntity
  8
GEOMETRY
100
AcDbLine
 10
12.67716535433071
 20
5.409448818897638
 30
0.0
 11
12.67716535433071
 21
2.3779527559055107
 31
0.0
  0
LINE
  5
460
330
17
100
AcDbEntity
  8
DIMENSIONS
100
AcDbLine
 10
12.618110236220472
 20
5.393700787401575
 30
0.0
 11
13.775590551181102
 21
5.393700787401575
 31
0.0
  0
LINE
  5
461
330
17
100
AcDbEntity
  8
DIMENSIONS
100
AcDbLine
 10
12.67716535433071
 20
5.330708661417323
 30
0.0
 11
12.67716535433071
 21
5.346456692913386
 31
0.0
  0
LINE
  5
462
330
17
100
AcDbEntity
  8
DIMENSIONS
100
AcDbLine
 10
12.637795275590552
 20
5.354330708661418
 30
0.0
 11
12.716535433070867
 21
5.433070866141732
 31
0.0
  0
LINE
  5
463
330
17
100
AcDbEntity
  8
DIMENSIONS
100
AcDbLine
 10
13.716535433070865
 20
5.330708661417323
 30
0.0
 11
13.716535433070865
 21
5.346456692913386
 31
0.0
  0
LINE
  5
464
330
17
100
AcDbEntity
  8
DIMENSIONS
100
AcDbLine
 10
13.677165354330707
 20
5.354330708661418
 30
0.0
 11
13.755905511811022
 21
5.433070866141732
 31
0.0
  0
TEXT
  5
465
330
17
100
AcDbEntity
  8
TEXT
100
AcDbText
 10
13.196850393700787
 20
5.425196850393701
 30
0.0
 40
0.03401574803149606
  1
5¼"
 72
1
 11
13.196850393700787
 21
5.425196850393701
 31
0.0
100
AcDbText
  0
TEXT
  5
466
330
17
100
AcDbEntity
  8
TEXT
100
AcDbText
 10
0.7086614173228346
 20
4.133858267716535
 30
0.0
 40
0.09070866141732283
  1
NOTES
 11
0.7086614173228346
 21
4.133858267716535
 31
0.0
100
AcDbText
  0
LINE
  5
467
330
17
100
AcDbEntity
  8
GEOMETRY
100
AcDbLine
 10
0.7086614173228346
 20
4.074803149606299
 30
0.0
 11
3.622047244094488
 21
4.074803149606299
 31
0.0
  0
TEXT
  5
468
330
17
100
AcDbEntity
  8
TEXT
100
AcDbText
 10
0.7086614173228346
 20
3.944881889763779
 30
0.0
 40
0.048188976377952754
  1
OPTION B · REVISION 1
 11
0.7086614173228346
 21
3.944881889763779
 31
0.0
100
AcDbText
  0
TEXT
  5
469
330
17
100
AcDbEntity
  8
TEXT
100
AcDbText
 10
0.7086614173228346
 20
3.661417322834646
 30
0.0
 40
0.048188976377952754
  1
This is the alternative to AST-DR-011. Below the corbels the two
 11
0.7086614173228346
 21
3.661417322834646
 31
0.0
100
AcDbText
  0
TEXT
  5
46A
330
17
100
AcDbEntity
  8
TEXT
100
AcDbText
 10
0.7086614173228346
 20
3.4803149606299213
 30
0.0
 40
0.048188976377952754
  1
are the same casing: a 2 in lining with a 4 in reeded moulding
 11
0.7086614173228346
 21
3.4803149606299213
 31
0.0
100
AcDbText
  0
TEXT
  5
46B
330
17
100
AcDbEntity
  8
TEXT
100
AcDbText
 10
0.7086614173228346
 20
3.299212598425197
 30
0.0
 40
0.048188976377952754
  1
outside it, a plinth block at the foot, the same leaf.
 11
0.7086614173228346
 21
3.299212598425197
 31
0.0
100
AcDbText
  0
TEXT
  5
46C
330
17
100
AcDbEntity
  8
TEXT
100
AcDbText
 10
0.7086614173228346
 20
3.118110236220472
 30
0.0
 40
0.048188976377952754
  1
What changes is the head. Option A closes the corner with a
 11
0.7086614173228346
 21
3.118110236220472
 31
0.0
100
AcDbText
  0
TEXT
  5
46D
330
17
100
AcDbEntity
  8
TEXT
100
AcDbText
 10
0.7086614173228346
 20
2.9370078740157477
 30
0.0
 40
0.048188976377952754
  1
moulded square block. Option B carries it on a carved corbel and
 11
0.7086614173228346
 21
2.9370078740157477
 31
0.0
100
AcDbText
  0
TEXT
  5
46E
330
17
100
AcDbEntity
  8
TEXT
100
AcDbText
 10
0.7086614173228346
 20
2.7559055118110236
 30
0.0
 40
0.048188976377952754
  1
lets the architrave, scallops and frieze die into it.
 11
0.7086614173228346
 21
2.7559055118110236
 31
0.0
100
AcDbText
  0
TEXT
  5
46F
330
17
100
AcDbEntity
  8
TEXT
100
AcDbText
 10
4.803149606299213
 20
3.661417322834646
 30
0.0
 40
0.048188976377952754
  1
Each corbel is one piece, standing 14 proud of the casing on the
 11
4.803149606299213
 21
3.661417322834646
 31
0.0
100
AcDbText
  0
TEXT
  5
470
330
17
100
AcDbEntity
  8
TEXT
100
AcDbText
 10
4.803149606299213
 20
3.4803149606299213
 30
0.0
 40
0.048188976377952754
  1
wall side with a serpentine edge: a palmette under a small cap,
 11
4.803149606299213
 21
3.4803149606299213
 31
0.0
100
AcDbText
  0
TEXT
  5
471
330
17
100
AcDbEntity
  8
TEXT
100
AcDbText
 10
4.803149606299213
 20
3.299212598425197
 30
0.0
 40
0.048188976377952754
  1
eleven chevrons on a spine, and a shield knot woven through a
 11
4.803149606299213
 21
3.299212598425197
 31
0.0
100
AcDbText
  0
TEXT
  5
472
330
17
100
AcDbEntity
  8
TEXT
100
AcDbText
 10
4.803149606299213
 20
3.118110236220472
 30
0.0
 40
0.048188976377952754
  1
lozenge at the foot. The same corbel serves all three doors.
 11
4.803149606299213
 21
3.118110236220472
 31
0.0
100
AcDbText
  0
TEXT
  5
473
330
17
100
AcDbEntity
  8
TEXT
100
AcDbText
 10
4.803149606299213
 20
2.9370078740157477
 30
0.0
 40
0.048188976377952754
  1
The crown lands at 2672 — 3 in higher than Option A — leaving
 11
4.803149606299213
 21
2.9370078740157477
 31
0.0
100
AcDbText
  0
TEXT
  5
474
330
17
100
AcDbEntity
  8
TEXT
100
AcDbText
 10
4.803149606299213
 20
2.7559055118110236
 30
0.0
 40
0.048188976377952754
  1
about 4 in of wall to the ceiling.
 11
4.803149606299213
 21
2.7559055118110236
 31
0.0
100
AcDbText
  0
LWPOLYLINE
  5
475
330
17
100
AcDbEntity
  8
GEOMETRY
100
AcDbPolyline
 90
5
 70
0
 10
11.811023622047244
 20
2.283464566929135
 10
16.22047244094488
 20
2.283464566929135
 10
16.22047244094488
 20
0.31496062992126106
 10
11.811023622047244
 20
0.31496062992126106
 10
11.811023622047244
 20
2.283464566929135
  0
LINE
  5
476
330
17
100
AcDbEntity
  8
GEOMETRY
100
AcDbLine
 10
11.811023622047244
 20
1.7322834645669292
 30
0.0
 11
16.22047244094488
 21
1.7322834645669292
 31
0.0
  0
LINE
  5
477
330
17
100
AcDbEntity
  8
GEOMETRY
100
AcDbLine
 10
11.811023622047244
 20
1.1023622047244095
 30
0.0
 11
16.22047244094488
 21
1.1023622047244095
 31
0.0
  0
LINE
  5
478
330
17
100
AcDbEntity
  8
GEOMETRY
100
AcDbLine
 10
11.811023622047244
 20
0.7086614173228346
 30
0.0
 11
16.22047244094488
 21
0.7086614173228346
 31
0.0
  0
LINE
  5
479
330
17
100
AcDbEntity
  8
GEOMETRY
100
AcDbLine
 10
14.015748031496063
 20
1.1023622047244095
 30
0.0
 11
14.015748031496063
 21
0.31496062992125984
 31
0.0
  0
TEXT
  5
47A
330
17
100
AcDbEntity
  8
TEXT
100
AcDbText
 10
11.929133858267717
 20
2.02755905511811
 30
0.0
 40
0.09637795275590551
  1
A STUDY IN TEAK
 11
11.929133858267717
 21
2.02755905511811
 31
0.0
100
AcDbText
  0
TEXT
  5
47B
330
17
100
AcDbEntity
  8
TEXT
100
AcDbText
 10
11.929133858267717
 20
1.8503937007874016
 30
0.0
 40
0.05385826771653543
  1
Particulars of the room
 11
11.929133858267717
 21
1.8503937007874016
 31
0.0
100
AcDbText
  0
TEXT
  5
47C
330
17
100
AcDbEntity
  8
TEXT
100
AcDbText
 10
11.929133858267717
 20
1.4763779527559056
 30
0.0
 40
0.09637795275590551
  1
DOOR CASINGS — OPTION B
 11
11.929133858267717
 21
1.4763779527559056
 31
0.0
100
AcDbText
  0
TEXT
  5
47D
330
17
100
AcDbEntity
  8
TEXT
100
AcDbText
 10
11.929133858267717
 20
1.2598425196850394
 30
0.0
 40
0.05669291338582677
  1
Carved corbels · Palmette · Chevrons · Knot
 11
11.929133858267717
 21
1.2598425196850394
 31
0.0
100
AcDbText
  0
TEXT
  5
47E
330
17
100
AcDbEntity
  8
TEXT
100
AcDbText
 10
11.929133858267717
 20
0.9448818897637795
 30
0.0
 40
0.04251968503937008
  1
SCALE
 11
11.929133858267717
 21
0.9448818897637795
 31
0.0
100
AcDbText
  0
TEXT
  5
47F
330
17
100
AcDbEntity
  8
TEXT
100
AcDbText
 10
11.929133858267717
 20
0.7874015748031495
 30
0.0
 40
0.05952755905511811
  1
AS NOTED @ A3
 11
11.929133858267717
 21
0.7874015748031495
 31
0.0
100
AcDbText
  0
TEXT
  5
480
330
17
100
AcDbEntity
  8
TEXT
100
AcDbText
 10
14.133858267716535
 20
0.9448818897637795
 30
0.0
 40
0.04251968503937008
  1
DATE
 11
14.133858267716535
 21
0.9448818897637795
 31
0.0
100
AcDbText
  0
TEXT
  5
481
330
17
100
AcDbEntity
  8
TEXT
100
AcDbText
 10
14.133858267716535
 20
0.7874015748031495
 30
0.0
 40
0.05952755905511811
  1
19.09.2026
 11
14.133858267716535
 21
0.7874015748031495
 31
0.0
100
AcDbText
  0
TEXT
  5
482
330
17
100
AcDbEntity
  8
TEXT
100
AcDbText
 10
11.929133858267717
 20
0.5511811023622047
 30
0.0
 40
0.04251968503937008
  1
REV
 11
11.929133858267717
 21
0.5511811023622047
 31
0.0
100
AcDbText
  0
TEXT
  5
483
330
17
100
AcDbEntity
  8
TEXT
100
AcDbText
 10
11.929133858267717
 20
0.39370078740157477
 30
0.0
 40
0.051023622047244095
  1
1 — the reference recreated: palmette, chevrons, interlaced knot
 11
11.929133858267717
 21
0.39370078740157477
 31
0.0
100
AcDbText
  0
TEXT
  5
484
330
17
100
AcDbEntity
  8
TEXT
100
AcDbText
 10
14.133858267716535
 20
0.5511811023622047
 30
0.0
 40
0.04251968503937008
  1
DWG
 11
14.133858267716535
 21
0.5511811023622047
 31
0.0
100
AcDbText
  0
TEXT
  5
485
330
17
100
AcDbEntity
  8
TEXT
100
AcDbText
 10
14.133858267716535
 20
0.39370078740157477
 30
0.0
 40
0.05952755905511811
  1
AST-DR-012
 11
14.133858267716535
 21
0.39370078740157477
 31
0.0
100
AcDbText
  0
ENDSEC
  0
SECTION
  2
OBJECTS
  0
DICTIONARY
  5
A
330
0
100
AcDbDictionary
281
1
  3
ACAD_COLOR
350
B
  3
ACAD_GROUP
350
C
  3
ACAD_LAYOUT
350
D
  3
ACAD_MATERIAL
350
E
  3
ACAD_MLEADERSTYLE
350
F
  3
ACAD_MLINESTYLE
350
10
  3
ACAD_PLOTSETTINGS
350
11
  3
ACAD_PLOTSTYLENAME
350
12
  3
ACAD_SCALELIST
350
14
  3
ACAD_TABLESTYLE
350
15
  3
ACAD_VISUALSTYLE
350
16
  3
EZDXF_META
350
2D
  0
DICTIONARY
  5
B
330
A
100
AcDbDictionary
281
1
  0
DICTIONARY
  5
C
330
A
100
AcDbDictionary
281
1
  0
DICTIONARY
  5
D
330
A
100
AcDbDictionary
281
1
  3
Model
350
1A
  3
Layout1
350
1E
  0
DICTIONARY
  5
E
330
A
100
AcDbDictionary
281
1
  3
ByBlock
350
1F
  3
ByLayer
350
20
  3
Global
350
21
  0
DICTIONARY
  5
F
330
A
100
AcDbDictionary
281
1
  3
Standard
350
2C
  0
DICTIONARY
  5
10
330
A
100
AcDbDictionary
281
1
  3
Standard
350
22
  0
DICTIONARY
  5
11
330
A
100
AcDbDictionary
281
1
  0
ACDBDICTIONARYWDFLT
  5
12
330
A
100
AcDbDictionary
281
1
  3
Normal
350
13
100
AcDbDictionaryWithDefault
340
13
  0
ACDBPLACEHOLDER
  5
13
330
12
  0
DICTIONARY
  5
14
330
A
100
AcDbDictionary
281
1
  0
DICTIONARY
  5
15
330
A
100
AcDbDictionary
281
1
  0
DICTIONARY
  5
16
330
A
100
AcDbDictionary
281
1
  3
2dWireframe
350
5A
  3
Basic
350
5B
  3
Brighten
350
5C
  3
ColorChange
350
5D
  3
Conceptual
350
5E
  3
Dim
350
5F
  3
EdgeColorOff
350
60
  3
Facepattern
350
61
  3
Flat
350
62
  3
FlatWithEdges
350
63
  3
Gouraud
350
64
  3
GouraudWithEdges
350
65
  3
Hidden
350
66
  3
JitterOff
350
67
  3
Linepattern
350
68
  3
Modeling
350
69
  3
OverhangOff
350
6A
  3
Realistic
350
6B
  3
Shaded
350
6C
  3
Shaded with edges
350
6D
  3
Shades of Gray
350
6E
  3
Sketchy
350
6F
  3
Thicken
350
70
  3
Wireframe
350
71
  3
X-Ray
350
72
  0
LAYOUT
  5
1A
330
D
100
AcDbPlotSettings
  1

  4
A3
  6

 40
7.5
 41
20.0
 42
7.5
 43
20.0
 44
420.0
 45
297.0
 46
0.0
 47
0.0
 48
0.0
 49
0.0
140
0.0
141
0.0
142
1.0
143
1.0
 70
1024
 72
1
 73
0
 74
5
  7

 75
16
 76
0
 77
2
 78
300
147
1.0
148
0.0
149
0.0
100
AcDbLayout
  1
Model
 70
1
 71
0
 10
0.0
 20
0.0
 11
420.0
 21
297.0
 12
0.0
 22
0.0
 32
0.0
 14
1e+20
 24
1e+20
 34
1e+20
 15
-1e+20
 25
-1e+20
 35
-1e+20
146
0.0
 13
0.0
 23
0.0
 33
0.0
 16
1.0
 26
0.0
 36
0.0
 17
0.0
 27
1.0
 37
0.0
 76
1
330
17
  0
LAYOUT
  5
1E
330
D
100
AcDbPlotSettings
  1

  4
A3
  6

 40
7.5
 41
20.0
 42
7.5
 43
20.0
 44
420.0
 45
297.0
 46
0.0
 47
0.0
 48
0.0
 49
0.0
140
0.0
141
0.0
142
1.0
143
1.0
 70
0
 72
1
 73
0
 74
5
  7

 75
16
 76
0
 77
2
 78
300
147
1.0
148
0.0
149
0.0
100
AcDbLayout
  1
Layout1
 70
1
 71
1
 10
0.0
 20
0.0
 11
420.0
 21
297.0
 12
0.0
 22
0.0
 32
0.0
 14
1e+20
 24
1e+20
 34
1e+20
 15
-1e+20
 25
-1e+20
 35
-1e+20
146
0.0
 13
0.0
 23
0.0
 33
0.0
 16
1.0
 26
0.0
 36
0.0
 17
0.0
 27
1.0
 37
0.0
 76
1
330
1B
  0
MATERIAL
  5
1F
102
{ACAD_REACTORS
330
E
102
}
330
E
100
AcDbMaterial
  1
ByBlock
  2

 70
0
 40
1.0
 71
1
 41
1.0
 91
-1023410177
 42
1.0
 72
1
  3

 73
1
 74
1
 75
1
 44
0.5
 73
0
 45
1.0
 46
1.0
 77
1
  4

 78
1
 79
1
170
1
 48
1.0
171
1
  6

172
1
173
1
174
1
140
1.0
141
1.0
175
1
  7

176
1
177
1
178
1
143
1.0
179
1
  8

270
1
271
1
272
1
145
1.0
146
1.0
273
1
  9

274
1
275
1
276
1
 42
1.0
 72
1
  3

 73
1
 74
1
 75
1
 94
63
  0
MATERIAL
  5
20
102
{ACAD_REACTORS
330
E
102
}
330
E
100
AcDbMaterial
  1
ByLayer
  2

 70
0
 40
1.0
 71
1
 41
1.0
 91
-1023410177
 42
1.0
 72
1
  3

 73
1
 74
1
 75
1
 44
0.5
 73
0
 45
1.0
 46
1.0
 77
1
  4

 78
1
 79
1
170
1
 48
1.0
171
1
  6

172
1
173
1
174
1
140
1.0
141
1.0
175
1
  7

176
1
177
1
178
1
143
1.0
179
1
  8

270
1
271
1
272
1
145
1.0
146
1.0
273
1
  9

274
1
275
1
276
1
 42
1.0
 72
1
  3

 73
1
 74
1
 75
1
 94
63
  0
MATERIAL
  5
21
102
{ACAD_REACTORS
330
E
102
}
330
E
100
AcDbMaterial
  1
Global
  2

 70
0
 40
1.0
 71
1
 41
1.0
 91
-1023410177
 42
1.0
 72
1
  3

 73
1
 74
1
 75
1
 44
0.5
 73
0
 45
1.0
 46
1.0
 77
1
  4

 78
1
 79
1
170
1
 48
1.0
171
1
  6

172
1
173
1
174
1
140
1.0
141
1.0
175
1
  7

176
1
177
1
178
1
143
1.0
179
1
  8

270
1
271
1
272
1
145
1.0
146
1.0
273
1
  9

274
1
275
1
276
1
 42
1.0
 72
1
  3

 73
1
 74
1
 75
1
 94
63
  0
MLINESTYLE
  5
22
102
{ACAD_REACTORS
330
10
102
}
330
10
100
AcDbMlineStyle
  2
Standard
 70
0
  3

 62
256
 51
90.0
 52
90.0
 71
2
 49
0.5
 62
256
  6
BYLAYER
 49
-0.5
 62
256
  6
BYLAYER
  0
MLEADERSTYLE
  5
2C
102
{ACAD_REACTORS
330
F
102
}
330
F
100
AcDbMLeaderStyle
179
2
170
2
171
1
172
0
 90
2
 40
0.0
 41
0.0
173
1
 91
-1056964608
 92
-2
290
1
 42
2.0
291
1
 43
8.0
  3
Standard
 44
4.0
300

342
29
174
1
175
1
176
0
178
1
 93
-1056964608
 45
4.0
292
0
297
0
 46
4.0
 94
-1056964608
 47
1.0
 49
1.0
140
1.0
294
1
141
0.0
177
0
142
1.0
295
0
296
0
143
3.75
271
0
272
9
273
9
  0
DICTIONARY
  5
2D
330
A
100
AcDbDictionary
280
1
281
1
  3
CREATED_BY_EZDXF
350
2E
  3
WRITTEN_BY_EZDXF
350
488
  0
DICTIONARYVAR
  5
2E
330
2D
100
DictionaryVariables
280
0
  1
1.4.2 @ 2026-09-18T20:42:44.038379+00:00
  0
VISUALSTYLE
  5
5A
102
{ACAD_REACTORS
330
16
102
}
330
16
100
AcDbVisualStyle
  2
2dWireframe
 70
4
 90
0
 40
0.6
 62
7
290
0
291
0
  0
VISUALSTYLE
  5
5B
102
{ACAD_REACTORS
330
16
102
}
330
16
100
AcDbVisualStyle
  2
Basic
 70
7
 90
1
 40
0.6
 62
7
290
0
291
1
  0
VISUALSTYLE
  5
5C
102
{ACAD_REACTORS
330
16
102
}
330
16
100
AcDbVisualStyle
  2
Brighten
 70
12
 90
2
 40
0.6
 62
7
290
0
291
1
  0
VISUALSTYLE
  5
5D
102
{ACAD_REACTORS
330
16
102
}
330
16
100
AcDbVisualStyle
  2
ColorChange
 70
16
 90
2
 40
0.6
 62
8
290
0
291
1
  0
VISUALSTYLE
  5
5E
102
{ACAD_REACTORS
330
16
102
}
330
16
100
AcDbVisualStyle
  2
Conceptual
 70
9
 90
3
 40
0.6
 62
7
290
0
291
0
  0
VISUALSTYLE
  5
5F
102
{ACAD_REACTORS
330
16
102
}
330
16
100
AcDbVisualStyle
  2
Dim
 70
11
 90
2
 40
0.6
 62
7
290
0
291
1
  0
VISUALSTYLE
  5
60
102
{ACAD_REACTORS
330
16
102
}
330
16
100
AcDbVisualStyle
  2
EdgeColorOff
 70
22
 90
2
 40
0.6
 62
7
290
0
291
1
  0
VISUALSTYLE
  5
61
102
{ACAD_REACTORS
330
16
102
}
330
16
100
AcDbVisualStyle
  2
Facepattern
 70
15
 90
2
 40
0.6
 62
7
290
0
291
1
  0
VISUALSTYLE
  5
62
102
{ACAD_REACTORS
330
16
102
}
330
16
100
AcDbVisualStyle
  2
Flat
 70
0
 90
2
 40
0.6
 62
7
290
0
291
1
  0
VISUALSTYLE
  5
63
102
{ACAD_REACTORS
330
16
102
}
330
16
100
AcDbVisualStyle
  2
FlatWithEdges
 70
1
 90
2
 40
0.6
 62
7
290
0
291
1
  0
VISUALSTYLE
  5
64
102
{ACAD_REACTORS
330
16
102
}
330
16
100
AcDbVisualStyle
  2
Gouraud
 70
2
 90
2
 40
0.6
 62
7
290
0
291
1
  0
VISUALSTYLE
  5
65
102
{ACAD_REACTORS
330
16
102
}
330
16
100
AcDbVisualStyle
  2
GouraudWithEdges
 70
3
 90
2
 40
0.6
 62
7
290
0
291
1
  0
VISUALSTYLE
  5
66
102
{ACAD_REACTORS
330
16
102
}
330
16
100
AcDbVisualStyle
  2
Hidden
 70
6
 90
1
 40
0.6
 62
7
290
0
291
0
  0
VISUALSTYLE
  5
67
102
{ACAD_REACTORS
330
16
102
}
330
16
100
AcDbVisualStyle
  2
JitterOff
 70
20
 90
2
 40
0.6
 62
7
290
0
291
1
  0
VISUALSTYLE
  5
68
102
{ACAD_REACTORS
330
16
102
}
330
16
100
AcDbVisualStyle
  2
Linepattern
 70
14
 90
2
 40
0.6
 62
7
290
0
291
1
  0
VISUALSTYLE
  5
69
102
{ACAD_REACTORS
330
16
102
}
330
16
100
AcDbVisualStyle
  2
Modeling
 70
10
 90
2
 40
0.6
 62
7
290
0
291
0
  0
VISUALSTYLE
  5
6A
102
{ACAD_REACTORS
330
16
102
}
330
16
100
AcDbVisualStyle
  2
OverhangOff
 70
21
 90
2
 40
0.6
 62
7
290
0
291
1
  0
VISUALSTYLE
  5
6B
102
{ACAD_REACTORS
330
16
102
}
330
16
100
AcDbVisualStyle
  2
Realistic
 70
8
 90
2
 40
0.6
 62
7
290
0
291
0
  0
VISUALSTYLE
  5
6C
102
{ACAD_REACTORS
330
16
102
}
330
16
100
AcDbVisualStyle
  2
Shaded
 70
27
 90
2
 40
0.6
 62
7
290
0
291
0
  0
VISUALSTYLE
  5
6D
102
{ACAD_REACTORS
330
16
102
}
330
16
100
AcDbVisualStyle
  2
Shaded with edges
 70
26
 90
2
 40
0.6
 62
7
290
0
291
0
  0
VISUALSTYLE
  5
6E
102
{ACAD_REACTORS
330
16
102
}
330
16
100
AcDbVisualStyle
  2
Shades of Gray
 70
23
 90
2
 40
0.6
 62
7
290
0
291
0
  0
VISUALSTYLE
  5
6F
102
{ACAD_REACTORS
330
16
102
}
330
16
100
AcDbVisualStyle
  2
Sketchy
 70
24
 90
1
 40
0.6
 62
7
290
0
291
0
  0
VISUALSTYLE
  5
70
102
{ACAD_REACTORS
330
16
102
}
330
16
100
AcDbVisualStyle
  2
Thicken
 70
13
 90
2
 40
0.6
 62
7
290
0
291
1
  0
VISUALSTYLE
  5
71
102
{ACAD_REACTORS
330
16
102
}
330
16
100
AcDbVisualStyle
  2
Wireframe
 70
5
 90
0
 40
0.6
 62
7
290
0
291
0
  0
VISUALSTYLE
  5
72
102
{ACAD_REACTORS
330
16
102
}
330
16
100
AcDbVisualStyle
  2
X-Ray
 70
25
 90
2
 40
0.5
 62
7
290
0
291
0
  0
DICTIONARYVAR
  5
488
330
2D
100
DictionaryVariables
280
0
  1
1.4.2 @ 2026-09-18T20:42:44.174785+00:00
  0
ENDSEC
  0
EOF
