  0
SECTION
  2
HEADER
  9
$ACADVER
  1
AC1024
  9
$ACADMAINTVER
 70
6
  9
$DWGCODEPAGE
  3
ANSI_1252
  9
$LASTSAVEDBY
  1
ezdxf
  9
$INSBASE
 10
0.0
 20
0.0
 30
0.0
  9
$EXTMIN
 10
1e+20
 20
1e+20
 30
1e+20
  9
$EXTMAX
 10
-1e+20
 20
-1e+20
 30
-1e+20
  9
$LIMMIN
 10
0.0
 20
0.0
  9
$LIMMAX
 10
420.0
 20
297.0
  9
$ORTHOMODE
 70
0
  9
$REGENMODE
 70
1
  9
$FILLMODE
 70
1
  9
$QTEXTMODE
 70
0
  9
$MIRRTEXT
 70
1
  9
$LTSCALE
 40
1.0
  9
$ATTMODE
 70
1
  9
$TEXTSIZE
 40
2.5
  9
$TRACEWID
 40
1.0
  9
$TEXTSTYLE
  7
OpenSans
  9
$CLAYER
  8
0
  9
$CELTYPE
  6
ByLayer
  9
$CECOLOR
 62
256
  9
$CELTSCALE
 40
1.0
  9
$DISPSILH
 70
0
  9
$DIMSCALE
 40
1.0
  9
$DIMASZ
 40
0.175
  9
$DIMEXO
 40
0.125
  9
$DIMDLI
 40
3.75
  9
$DIMRND
 40
0.0
  9
$DIMDLE
 40
0.0
  9
$DIMEXE
 40
0.375
  9
$DIMTP
 40
0.0
  9
$DIMTM
 40
0.0
  9
$DIMTXT
 40
0.25
  9
$DIMCEN
 40
2.5
  9
$DIMTSZ
 40
0.0
  9
$DIMTOL
 70
0
  9
$DIMLIM
 70
0
  9
$DIMTIH
 70
0
  9
$DIMTOH
 70
0
  9
$DIMSE1
 70
0
  9
$DIMSE2
 70
0
  9
$DIMTAD
 70
1
  9
$DIMZIN
 70
12
  9
$DIMBLK
  1
ARCHTICK
  9
$DIMASO
 70
1
  9
$DIMSHO
 70
1
  9
$DIMPOST
  1

  9
$DIMAPOST
  1

  9
$DIMALT
 70
0
  9
$DIMALTD
 70
3
  9
$DIMALTF
 40
0.03937007874
  9
$DIMLFAC
 40
100.0
  9
$DIMTOFL
 70
1
  9
$DIMTVP
 40
0.0
  9
$DIMTIX
 70
0
  9
$DIMSOXD
 70
0
  9
$DIMSAH
 70
0
  9
$DIMBLK1
  1

  9
$DIMBLK2
  1

  9
$DIMSTYLE
  2
EZDXF
  9
$DIMCLRD
 70
0
  9
$DIMCLRE
 70
0
  9
$DIMCLRT
 70
0
  9
$DIMTFAC
 40
0.5
  9
$DIMGAP
 40
0.1
  9
$DIMJUST
 70
0
  9
$DIMSD1
 70
0
  9
$DIMSD2
 70
0
  9
$DIMTOLJ
 70
0
  9
$DIMTZIN
 70
8
  9
$DIMALTZ
 70
0
  9
$DIMALTTZ
 70
0
  9
$DIMUPT
 70
1
  9
$DIMDEC
 70
2
  9
$DIMTDEC
 70
2
  9
$DIMALTU
 70
2
  9
$DIMALTTD
 70
3
  9
$DIMTXSTY
  7
OpenSansCondensed-Light
  9
$DIMAUNIT
 70
0
  9
$DIMADEC
 70
2
  9
$DIMALTRND
 40
0.0
  9
$DIMAZIN
 70
3
  9
$DIMDSEP
 70
46
  9
$DIMATFIT
 70
3
  9
$DIMFRAC
 70
0
  9
$DIMLDRBLK
  1

  9
$DIMLUNIT
 70
2
  9
$DIMLWD
 70
-2
  9
$DIMLWE
 70
-2
  9
$DIMTMOVE
 70
2
  9
$DIMFXL
 40
1.0
  9
$DIMFXLON
 70
0
  9
$DIMJOGANG
 40
0.785398163397
  9
$DIMTFILL
 70
0
  9
$DIMTFILLCLR
 70
0
  9
$DIMARCSYM
 70
0
  9
$DIMLTYPE
  6

  9
$DIMLTEX1
  6

  9
$DIMLTEX2
  6

  9
$DIMTXTDIRECTION
 70
0
  9
$LUNITS
 70
4
  9
$LUPREC
 70
4
  9
$SKETCHINC
 40
1.0
  9
$FILLETRAD
 40
10.0
  9
$AUNITS
 70
0
  9
$AUPREC
 70
3
  9
$MENU
  1
.
  9
$ELEVATION
 40
0.0
  9
$PELEVATION
 40
0.0
  9
$THICKNESS
 40
0.0
  9
$LIMCHECK
 70
0
  9
$CHAMFERA
 40
0.0
  9
$CHAMFERB
 40
0.0
  9
$CHAMFERC
 40
0.0
  9
$CHAMFERD
 40
0.0
  9
$SKPOLY
 70
0
  9
$TDCREATE
 40
2461316.862800926
  9
$TDUCREATE
 40
2458532.153996898
  9
$TDUPDATE
 40
2461316.8628125
  9
$TDUUPDATE
 40
2458532.1544311
  9
$TDINDWG
 40
0.0
  9
$TDUSRTIMER
 40
0.0
  9
$USRTIMER
 70
1
  9
$ANGBASE
 50
0.0
  9
$ANGDIR
 70
0
  9
$PDMODE
 70
0
  9
$PDSIZE
 40
0.0
  9
$PLINEWID
 40
0.0
  9
$SPLFRAME
 70
0
  9
$SPLINETYPE
 70
6
  9
$SPLINESEGS
 70
8
  9
$HANDSEED
  5
528
  9
$SURFTAB1
 70
6
  9
$SURFTAB2
 70
6
  9
$SURFTYPE
 70
6
  9
$SURFU
 70
6
  9
$SURFV
 70
6
  9
$UCSBASE
  2

  9
$UCSNAME
  2

  9
$UCSORG
 10
0.0
 20
0.0
 30
0.0
  9
$UCSXDIR
 10
1.0
 20
0.0
 30
0.0
  9
$UCSYDIR
 10
0.0
 20
1.0
 30
0.0
  9
$UCSORTHOREF
  2

  9
$UCSORTHOVIEW
 70
0
  9
$UCSORGTOP
 10
0.0
 20
0.0
 30
0.0
  9
$UCSORGBOTTOM
 10
0.0
 20
0.0
 30
0.0
  9
$UCSORGLEFT
 10
0.0
 20
0.0
 30
0.0
  9
$UCSORGRIGHT
 10
0.0
 20
0.0
 30
0.0
  9
$UCSORGFRONT
 10
0.0
 20
0.0
 30
0.0
  9
$UCSORGBACK
 10
0.0
 20
0.0
 30
0.0
  9
$PUCSBASE
  2

  9
$PUCSNAME
  2

  9
$PUCSORG
 10
0.0
 20
0.0
 30
0.0
  9
$PUCSXDIR
 10
1.0
 20
0.0
 30
0.0
  9
$PUCSYDIR
 10
0.0
 20
1.0
 30
0.0
  9
$PUCSORTHOREF
  2

  9
$PUCSORTHOVIEW
 70
0
  9
$PUCSORGTOP
 10
0.0
 20
0.0
 30
0.0
  9
$PUCSORGBOTTOM
 10
0.0
 20
0.0
 30
0.0
  9
$PUCSORGLEFT
 10
0.0
 20
0.0
 30
0.0
  9
$PUCSORGRIGHT
 10
0.0
 20
0.0
 30
0.0
  9
$PUCSORGFRONT
 10
0.0
 20
0.0
 30
0.0
  9
$PUCSORGBACK
 10
0.0
 20
0.0
 30
0.0
  9
$USERI1
 70
0
  9
$USERI2
 70
0
  9
$USERI3
 70
0
  9
$USERI4
 70
0
  9
$USERI5
 70
0
  9
$USERR1
 40
0.0
  9
$USERR2
 40
0.0
  9
$USERR3
 40
0.0
  9
$USERR4
 40
0.0
  9
$USERR5
 40
0.0
  9
$WORLDVIEW
 70
1
  9
$SHADEDGE
 70
3
  9
$SHADEDIF
 70
70
  9
$TILEMODE
 70
1
  9
$MAXACTVP
 70
64
  9
$PINSBASE
 10
0.0
 20
0.0
 30
0.0
  9
$PLIMCHECK
 70
0
  9
$PEXTMIN
 10
1e+20
 20
1e+20
 30
1e+20
  9
$PEXTMAX
 10
-1e+20
 20
-1e+20
 30
-1e+20
  9
$PLIMMIN
 10
0.0
 20
0.0
  9
$PLIMMAX
 10
420.0
 20
297.0
  9
$UNITMODE
 70
0
  9
$VISRETAIN
 70
1
  9
$PLINEGEN
 70
0
  9
$PSLTSCALE
 70
1
  9
$TREEDEPTH
 70
3020
  9
$CMLSTYLE
  2
Standard
  9
$CMLJUST
 70
0
  9
$CMLSCALE
 40
20.0
  9
$PROXYGRAPHICS
 70
1
  9
$MEASUREMENT
 70
0
  9
$CELWEIGHT
370
-1
  9
$ENDCAPS
280
0
  9
$JOINSTYLE
280
0
  9
$LWDISPLAY
290
0
  9
$INSUNITS
 70
1
  9
$HYPERLINKBASE
  1

  9
$STYLESHEET
  1

  9
$XEDIT
290
1
  9
$CEPSNTYPE
380
0
  9
$PSTYLEMODE
290
1
  9
$FINGERPRINTGUID
  2
{A9F88795-E90E-4A63-B87C-631039E1C368}
  9
$VERSIONGUID
  2
{0FA6AEDD-7A9E-4FC2-B0D6-226E91DDBB8B}
  9
$EXTNAMES
290
1
  9
$PSVPSCALE
 40
0.0
  9
$OLESTARTUP
290
0
  9
$SORTENTS
280
127
  9
$INDEXCTL
280
0
  9
$HIDETEXT
280
1
  9
$XCLIPFRAME
280
1
  9
$HALOGAP
280
0
  9
$OBSCOLOR
 70
257
  9
$OBSLTYPE
280
0
  9
$INTERSECTIONDISPLAY
280
0
  9
$INTERSECTIONCOLOR
 70
257
  9
$DIMASSOC
280
2
  9
$PROJECTNAME
  1

  9
$CAMERADISPLAY
290
0
  9
$LENSLENGTH
 40
50.0
  9
$CAMERAHEIGHT
 40
0.0
  9
$STEPSPERSEC
 40
24.0
  9
$STEPSIZE
 40
100.0
  9
$3DDWFPREC
 40
2.0
  9
$PSOLWIDTH
 40
0.005
  9
$PSOLHEIGHT
 40
0.08
  9
$LOFTANG1
 40
1.570796326795
  9
$LOFTANG2
 40
1.570796326795
  9
$LOFTMAG1
 40
0.0
  9
$LOFTMAG2
 40
0.0
  9
$LOFTPARAM
 70
7
  9
$LOFTNORMALS
280
1
  9
$LATITUDE
 40
37.795
  9
$LONGITUDE
 40
-122.394
  9
$NORTHDIRECTION
 40
0.0
  9
$TIMEZONE
 70
-8000
  9
$LIGHTGLYPHDISPLAY
280
1
  9
$TILEMODELIGHTSYNCH
280
1
  9
$CMATERIAL
347
20
  9
$SOLIDHIST
280
0
  9
$SHOWHIST
280
1
  9
$DWFFRAME
280
2
  9
$DGNFRAME
280
2
  9
$REALWORLDSCALE
290
1
  9
$INTERFERECOLOR
 62
256
  9
$CSHADOW
280
0
  9
$SHADOWPLANELOCATION
 40
0.0
  0
ENDSEC
  0
SECTION
  2
CLASSES
  0
CLASS
  1
ACDBDICTIONARYWDFLT
  2
AcDbDictionaryWithDefault
  3
ObjectDBX Classes
 90
0
 91
0
280
0
281
0
  0
CLASS
  1
SUN
  2
AcDbSun
  3
SCENEOE
 90
1153
 91
0
280
0
281
0
  0
CLASS
  1
VISUALSTYLE
  2
AcDbVisualStyle
  3
ObjectDBX Classes
 90
4095
 91
0
280
0
281
0
  0
CLASS
  1
MATERIAL
  2
AcDbMaterial
  3
ObjectDBX Classes
 90
1153
 91
0
280
0
281
0
  0
CLASS
  1
SCALE
  2
AcDbScale
  3
ObjectDBX Classes
 90
1153
 91
0
280
0
281
0
  0
CLASS
  1
TABLESTYLE
  2
AcDbTableStyle
  3
ObjectDBX Classes
 90
4095
 91
0
280
0
281
0
  0
CLASS
  1
MLEADERSTYLE
  2
AcDbMLeaderStyle
  3
ACDB_MLEADERSTYLE_CLASS
 90
4095
 91
0
280
0
281
0
  0
CLASS
  1
DICTIONARYVAR
  2
AcDbDictionaryVar
  3
ObjectDBX Classes
 90
0
 91
0
280
0
281
0
  0
CLASS
  1
CELLSTYLEMAP
  2
AcDbCellStyleMap
  3
ObjectDBX Classes
 90
1152
 91
0
280
0
281
0
  0
CLASS
  1
MENTALRAYRENDERSETTINGS
  2
AcDbMentalRayRenderSettings
  3
SCENEOE
 90
1024
 91
0
280
0
281
0
  0
CLASS
  1
ACDBDETAILVIEWSTYLE
  2
AcDbDetailViewStyle
  3
ObjectDBX Classes
 90
1025
 91
0
280
0
281
0
  0
CLASS
  1
ACDBSECTIONVIEWSTYLE
  2
AcDbSectionViewStyle
  3
ObjectDBX Classes
 90
1025
 91
0
280
0
281
0
  0
CLASS
  1
RASTERVARIABLES
  2
AcDbRasterVariables
  3
ISM
 90
0
 91
0
280
0
281
0
  0
CLASS
  1
LAYOUT
  2
AcDbLayout
  3
ObjectDBX Classes
 90
0
 91
0
280
0
281
0
  0
CLASS
  1
ACDBPLACEHOLDER
  2
AcDbPlaceHolder
  3
ObjectDBX Classes
 90
0
 91
0
280
0
281
0
  0
ENDSEC
  0
SECTION
  2
TABLES
  0
TABLE
  2
VPORT
  5
8
330
0
100
AcDbSymbolTable
 70
1
  0
VPORT
  5
23
330
8
100
AcDbSymbolTableRecord
100
AcDbViewportTableRecord
  2
*Active
 70
0
 10
0.0
 20
0.0
 11
1.0
 21
1.0
 12
0.0
 22
0.0
 13
0.0
 23
0.0
 14
0.5
 24
0.5
 15
0.5
 25
0.5
 16
0.0
 26
0.0
 36
1.0
 17
0.0
 27
0.0
 37
0.0
 40
1000.0
 41
1.34
 42
50.0
 43
0.0
 44
0.0
 50
0.0
 51
0.0
 71
0
 72
1000
 73
1
 74
3
 75
0
 76
0
 77
0
 78
0
281
0
 65
0
146
0.0
  0
ENDTAB
  0
TABLE
  2
LTYPE
  5
2
330
0
100
AcDbSymbolTable
 70
21
  0
LTYPE
  5
24
330
2
100
AcDbSymbolTableRecord
100
AcDbLinetypeTableRecord
  2
ByBlock
 70
0
  3

 72
65
 73
0
 40
0.0
  0
LTYPE
  5
25
330
2
100
AcDbSymbolTableRecord
100
AcDbLinetypeTableRecord
  2
ByLayer
 70
0
  3

 72
65
 73
0
 40
0.0
  0
LTYPE
  5
26
330
2
100
AcDbSymbolTableRecord
100
AcDbLinetypeTableRecord
  2
Continuous
 70
0
  3

 72
65
 73
0
 40
0.0
  0
LTYPE
  5
2F
330
2
100
AcDbSymbolTableRecord
100
AcDbLinetypeTableRecord
  2
CENTER
 70
0
  3
Center ____ _ ____ _ ____ _ ____ _ ____ _ ____
 72
65
 73
4
 40
2.0
 49
1.25
 74
0
 49
-0.25
 74
0
 49
0.25
 74
0
 49
-0.25
 74
0
  0
LTYPE
  5
30
330
2
100
AcDbSymbolTableRecord
100
AcDbLinetypeTableRecord
  2
CENTERX2
 70
0
  3
Center (2x) ________  __  ________  __  ________
 72
65
 73
4
 40
3.5
 49
2.5
 74
0
 49
-0.25
 74
0
 49
0.5
 74
0
 49
-0.25
 74
0
  0
LTYPE
  5
31
330
2
100
AcDbSymbolTableRecord
100
AcDbLinetypeTableRecord
  2
CENTER2
 70
0
  3
Center (.5x) ____ _ ____ _ ____ _ ____ _ ____
 72
65
 73
4
 40
1.0
 49
0.625
 74
0
 49
-0.125
 74
0
 49
0.125
 74
0
 49
-0.125
 74
0
  0
LTYPE
  5
32
330
2
100
AcDbSymbolTableRecord
100
AcDbLinetypeTableRecord
  2
DASHED
 70
0
  3
Dashed __ __ __ __ __ __ __ __ __ __ __ __ __ _
 72
65
 73
2
 40
0.6
 49
0.5
 74
0
 49
-0.1
 74
0
  0
LTYPE
  5
33
330
2
100
AcDbSymbolTableRecord
100
AcDbLinetypeTableRecord
  2
DASHEDX2
 70
0
  3
Dashed (2x) ____  ____  ____  ____  ____  ____
 72
65
 73
2
 40
1.2
 49
1.0
 74
0
 49
-0.2
 74
0
  0
LTYPE
  5
34
330
2
100
AcDbSymbolTableRecord
100
AcDbLinetypeTableRecord
  2
DASHED2
 70
0
  3
Dashed (.5x) _ _ _ _ _ _ _ _ _ _ _ _ _ _
 72
65
 73
2
 40
0.3
 49
0.25
 74
0
 49
-0.05
 74
0
  0
LTYPE
  5
35
330
2
100
AcDbSymbolTableRecord
100
AcDbLinetypeTableRecord
  2
PHANTOM
 70
0
  3
Phantom ______  __  __  ______  __  __  ______
 72
65
 73
6
 40
2.5
 49
1.25
 74
0
 49
-0.25
 74
0
 49
0.25
 74
0
 49
-0.25
 74
0
 49
0.25
 74
0
 49
-0.25
 74
0
  0
LTYPE
  5
36
330
2
100
AcDbSymbolTableRecord
100
AcDbLinetypeTableRecord
  2
PHANTOMX2
 70
0
  3
Phantom (2x)____________    ____    ____    ____________
 72
65
 73
6
 40
4.25
 49
2.5
 74
0
 49
-0.25
 74
0
 49
0.5
 74
0
 49
-0.25
 74
0
 49
0.5
 74
0
 49
-0.25
 74
0
  0
LTYPE
  5
37
330
2
100
AcDbSymbolTableRecord
100
AcDbLinetypeTableRecord
  2
PHANTOM2
 70
0
  3
Phantom (.5x) ___ _ _ ___ _ _ ___ _ _ ___ _ _ ___
 72
65
 73
6
 40
1.25
 49
0.625
 74
0
 49
-0.125
 74
0
 49
0.125
 74
0
 49
-0.125
 74
0
 49
0.125
 74
0
 49
-0.125
 74
0
  0
LTYPE
  5
38
330
2
100
AcDbSymbolTableRecord
100
AcDbLinetypeTableRecord
  2
DASHDOT
 70
0
  3
Dash dot __ . __ . __ . __ . __ . __ . __ . __
 72
65
 73
4
 40
1.4
 49
1.0
 74
0
 49
-0.2
 74
0
 49
0.0
 74
0
 49
-0.2
 74
0
  0
LTYPE
  5
39
330
2
100
AcDbSymbolTableRecord
100
AcDbLinetypeTableRecord
  2
DASHDOTX2
 70
0
  3
Dash dot (2x) ____  .  ____  .  ____  .  ____
 72
65
 73
4
 40
2.4
 49
2.0
 74
0
 49
-0.2
 74
0
 49
0.0
 74
0
 49
-0.2
 74
0
  0
LTYPE
  5
3A
330
2
100
AcDbSymbolTableRecord
100
AcDbLinetypeTableRecord
  2
DASHDOT2
 70
0
  3
Dash dot (.5x) _ . _ . _ . _ . _ . _ . _ . _
 72
65
 73
4
 40
0.7
 49
0.5
 74
0
 49
-0.1
 74
0
 49
0.0
 74
0
 49
-0.1
 74
0
  0
LTYPE
  5
3B
330
2
100
AcDbSymbolTableRecord
100
AcDbLinetypeTableRecord
  2
DOT
 70
0
  3
Dot .  .  .  .  .  .  .  .  .  .  .  .  .  .  .  .
 72
65
 73
2
 40
0.2
 49
0.0
 74
0
 49
-0.2
 74
0
  0
LTYPE
  5
3C
330
2
100
AcDbSymbolTableRecord
100
AcDbLinetypeTableRecord
  2
DOTX2
 70
0
  3
Dot (2x) .    .    .    .    .    .    .    . 
 72
65
 73
2
 40
0.4
 49
0.0
 74
0
 49
-0.4
 74
0
  0
LTYPE
  5
3D
330
2
100
AcDbSymbolTableRecord
100
AcDbLinetypeTableRecord
  2
DOT2
 70
0
  3
Dot (.5) . . . . . . . . . . . . . . . . . . . 
 72
65
 73
2
 40
0.1
 49
0.0
 74
0
 49
-0.1
 74
0
  0
LTYPE
  5
3E
330
2
100
AcDbSymbolTableRecord
100
AcDbLinetypeTableRecord
  2
DIVIDE
 70
0
  3
Divide __ . . __ . . __ . . __ . . __ . . __
 72
65
 73
6
 40
1.6
 49
1.0
 74
0
 49
-0.2
 74
0
 49
0.0
 74
0
 49
-0.2
 74
0
 49
0.0
 74
0
 49
-0.2
 74
0
  0
LTYPE
  5
3F
330
2
100
AcDbSymbolTableRecord
100
AcDbLinetypeTableRecord
  2
DIVIDEX2
 70
0
  3
Divide (2x) ____  . .  ____  . .  ____  . .  ____
 72
65
 73
6
 40
2.6
 49
2.0
 74
0
 49
-0.2
 74
0
 49
0.0
 74
0
 49
-0.2
 74
0
 49
0.0
 74
0
 49
-0.2
 74
0
  0
LTYPE
  5
40
330
2
100
AcDbSymbolTableRecord
100
AcDbLinetypeTableRecord
  2
DIVIDE2
 70
0
  3
Divide(.5x) _ . _ . _ . _ . _ . _ . _ . _
 72
65
 73
6
 40
0.8
 49
0.5
 74
0
 49
-0.1
 74
0
 49
0.0
 74
0
 49
-0.1
 74
0
 49
0.0
 74
0
 49
-0.1
 74
0
  0
ENDTAB
  0
TABLE
  2
LAYER
  5
1
330
0
100
AcDbSymbolTable
 70
12
  0
LAYER
  5
27
330
1
100
AcDbSymbolTableRecord
100
AcDbLayerTableRecord
  2
0
 70
0
 62
7
  6
Continuous
370
-3
390
13
347
21
  0
LAYER
  5
28
330
1
100
AcDbSymbolTableRecord
100
AcDbLayerTableRecord
  2
Defpoints
 70
0
 62
7
  6
Continuous
290
0
370
-3
390
13
347
21
  0
LAYER
  5
8A
330
1
100
AcDbSymbolTableRecord
100
AcDbLayerTableRecord
  2
Front elevation
 70
0
 62
7
  6
Continuous
370
-3
390
13
347
21
  0
LAYER
  5
8B
330
1
100
AcDbSymbolTableRecord
100
AcDbLayerTableRecord
  2
Front elevation hatch
 70
0
 62
8
  6
Continuous
370
-3
390
13
347
21
  0
LAYER
  5
2D0
330
1
100
AcDbSymbolTableRecord
100
AcDbLayerTableRecord
  2
Left end elevation
 70
0
 62
7
  6
Continuous
370
-3
390
13
347
21
  0
LAYER
  5
2D1
330
1
100
AcDbSymbolTableRecord
100
AcDbLayerTableRecord
  2
Left end elevation hatch
 70
0
 62
8
  6
Continuous
370
-3
390
13
347
21
  0
LAYER
  5
3D9
330
1
100
AcDbSymbolTableRecord
100
AcDbLayerTableRecord
  2
Section A-A
 70
0
 62
7
  6
Continuous
370
-3
390
13
347
21
  0
LAYER
  5
3DA
330
1
100
AcDbSymbolTableRecord
100
AcDbLayerTableRecord
  2
Section A-A hatch
 70
0
 62
8
  6
Continuous
370
-3
390
13
347
21
  0
LAYER
  5
404
330
1
100
AcDbSymbolTableRecord
100
AcDbLayerTableRecord
  2
Plan
 70
0
 62
7
  6
Continuous
370
-3
390
13
347
21
  0
LAYER
  5
405
330
1
100
AcDbSymbolTableRecord
100
AcDbLayerTableRecord
  2
Plan hatch
 70
0
 62
8
  6
Continuous
370
-3
390
13
347
21
  0
LAYER
  5
417
330
1
100
AcDbSymbolTableRecord
100
AcDbLayerTableRecord
  2
Back elevation
 70
0
 62
7
  6
Continuous
370
-3
390
13
347
21
  0
LAYER
  5
418
330
1
100
AcDbSymbolTableRecord
100
AcDbLayerTableRecord
  2
Back elevation hatch
 70
0
 62
8
  6
Continuous
370
-3
390
13
347
21
  0
ENDTAB
  0
TABLE
  2
STYLE
  5
5
330
0
100
AcDbSymbolTable
 70
26
  0
STYLE
  5
29
330
5
100
AcDbSymbolTableRecord
100
AcDbTextStyleTableRecord
  2
Standard
 70
0
 40
0.0
 41
1.0
 50
0.0
 71
0
 42
2.5
  3
txt
  4

  0
STYLE
  5
41
330
5
100
AcDbSymbolTableRecord
100
AcDbTextStyleTableRecord
  2
OpenSans-Light
 70
0
 40
0.0
 41
1.0
 50
0.0
 71
0
 42
2.5
  3
OpenSans-Light.ttf
  4

  0
STYLE
  5
42
330
5
100
AcDbSymbolTableRecord
100
AcDbTextStyleTableRecord
  2
OpenSans-Light-Italic
 70
0
 40
0.0
 41
1.0
 50
0.0
 71
0
 42
2.5
  3
OpenSans-LightItalic.ttf
  4

  0
STYLE
  5
43
330
5
100
AcDbSymbolTableRecord
100
AcDbTextStyleTableRecord
  2
OpenSans
 70
0
 40
0.0
 41
1.0
 50
0.0
 71
0
 42
2.5
  3
OpenSans-Regular.ttf
  4

  0
STYLE
  5
44
330
5
100
AcDbSymbolTableRecord
100
AcDbTextStyleTableRecord
  2
OpenSans-Italic
 70
0
 40
0.0
 41
1.0
 50
0.0
 71
0
 42
2.5
  3
OpenSans-Italic.ttf
  4

  0
STYLE
  5
45
330
5
100
AcDbSymbolTableRecord
100
AcDbTextStyleTableRecord
  2
OpenSans-SemiBold
 70
0
 40
0.0
 41
1.0
 50
0.0
 71
0
 42
2.5
  3
OpenSans-SemiBold.ttf
  4

  0
STYLE
  5
46
330
5
100
AcDbSymbolTableRecord
100
AcDbTextStyleTableRecord
  2
OpenSans-SemiBoldItalic
 70
0
 40
0.0
 41
1.0
 50
0.0
 71
0
 42
2.5
  3
OpenSans-SemiBoldItalic.ttf
  4

  0
STYLE
  5
47
330
5
100
AcDbSymbolTableRecord
100
AcDbTextStyleTableRecord
  2
OpenSans-Bold
 70
0
 40
0.0
 41
1.0
 50
0.0
 71
0
 42
2.5
  3
OpenSans-Bold.ttf
  4

  0
STYLE
  5
48
330
5
100
AcDbSymbolTableRecord
100
AcDbTextStyleTableRecord
  2
OpenSans-BoldItalic
 70
0
 40
0.0
 41
1.0
 50
0.0
 71
0
 42
2.5
  3
OpenSans-BoldItalic.ttf
  4

  0
STYLE
  5
49
330
5
100
AcDbSymbolTableRecord
100
AcDbTextStyleTableRecord
  2
OpenSans-ExtraBold
 70
0
 40
0.0
 41
1.0
 50
0.0
 71
0
 42
2.5
  3
OpenSans-ExtraBold.ttf
  4

  0
STYLE
  5
4A
330
5
100
AcDbSymbolTableRecord
100
AcDbTextStyleTableRecord
  2
OpenSans-ExtraBoldItalic
 70
0
 40
0.0
 41
1.0
 50
0.0
 71
0
 42
2.5
  3
OpenSans-ExtraBoldItalic.ttf
  4

  0
STYLE
  5
4B
330
5
100
AcDbSymbolTableRecord
100
AcDbTextStyleTableRecord
  2
OpenSansCondensed-Bold
 70
0
 40
0.0
 41
1.0
 50
0.0
 71
0
 42
2.5
  3
OpenSansCondensed-Bold.ttf
  4

  0
STYLE
  5
4C
330
5
100
AcDbSymbolTableRecord
100
AcDbTextStyleTableRecord
  2
OpenSansCondensed-Light
 70
0
 40
0.0
 41
1.0
 50
0.0
 71
0
 42
2.5
  3
OpenSansCondensed-Light.ttf
  4

  0
STYLE
  5
4D
330
5
100
AcDbSymbolTableRecord
100
AcDbTextStyleTableRecord
  2
OpenSansCondensed-Italic
 70
0
 40
0.0
 41
1.0
 50
0.0
 71
0
 42
2.5
  3
OpenSansCondensed-LightItalic.ttf
  4

  0
STYLE
  5
4E
330
5
100
AcDbSymbolTableRecord
100
AcDbTextStyleTableRecord
  2
LiberationSans
 70
0
 40
0.0
 41
1.0
 50
0.0
 71
0
 42
2.5
  3
LiberationSans-Regular.ttf
  4

  0
STYLE
  5
4F
330
5
100
AcDbSymbolTableRecord
100
AcDbTextStyleTableRecord
  2
LiberationSans-Bold
 70
0
 40
0.0
 41
1.0
 50
0.0
 71
0
 42
2.5
  3
LiberationSans-Bold.ttf
  4

  0
STYLE
  5
50
330
5
100
AcDbSymbolTableRecord
100
AcDbTextStyleTableRecord
  2
LiberationSans-BoldItalic
 70
0
 40
0.0
 41
1.0
 50
0.0
 71
0
 42
2.5
  3
LiberationSans-BoldItalic.ttf
  4

  0
STYLE
  5
51
330
5
100
AcDbSymbolTableRecord
100
AcDbTextStyleTableRecord
  2
LiberationSans-Italic
 70
0
 40
0.0
 41
1.0
 50
0.0
 71
0
 42
2.5
  3
LiberationSans-Italic.ttf
  4

  0
STYLE
  5
52
330
5
100
AcDbSymbolTableRecord
100
AcDbTextStyleTableRecord
  2
LiberationSerif
 70
0
 40
0.0
 41
1.0
 50
0.0
 71
0
 42
2.5
  3
LiberationSerif-Regular.ttf
  4

  0
STYLE
  5
53
330
5
100
AcDbSymbolTableRecord
100
AcDbTextStyleTableRecord
  2
LiberationSerif-Bold
 70
0
 40
0.0
 41
1.0
 50
0.0
 71
0
 42
2.5
  3
LiberationSerif-Bold.ttf
  4

  0
STYLE
  5
54
330
5
100
AcDbSymbolTableRecord
100
AcDbTextStyleTableRecord
  2
LiberationSerif-BoldItalic
 70
0
 40
0.0
 41
1.0
 50
0.0
 71
0
 42
2.5
  3
LiberationSerif-BoldItalic.ttf
  4

  0
STYLE
  5
55
330
5
100
AcDbSymbolTableRecord
100
AcDbTextStyleTableRecord
  2
LiberationSerif-Italic
 70
0
 40
0.0
 41
1.0
 50
0.0
 71
0
 42
2.5
  3
LiberationSerif-Italic.ttf
  4

  0
STYLE
  5
56
330
5
100
AcDbSymbolTableRecord
100
AcDbTextStyleTableRecord
  2
LiberationMono
 70
0
 40
0.0
 41
1.0
 50
0.0
 71
0
 42
2.5
  3
LiberationMono-Regular.ttf
  4

  0
STYLE
  5
57
330
5
100
AcDbSymbolTableRecord
100
AcDbTextStyleTableRecord
  2
LiberationMono-Bold
 70
0
 40
0.0
 41
1.0
 50
0.0
 71
0
 42
2.5
  3
LiberationMono-Bold.ttf
  4

  0
STYLE
  5
58
330
5
100
AcDbSymbolTableRecord
100
AcDbTextStyleTableRecord
  2
LiberationMono-BoldItalic
 70
0
 40
0.0
 41
1.0
 50
0.0
 71
0
 42
2.5
  3
LiberationMono-BoldItalic.ttf
  4

  0
STYLE
  5
59
330
5
100
AcDbSymbolTableRecord
100
AcDbTextStyleTableRecord
  2
LiberationMono-Italic
 70
0
 40
0.0
 41
1.0
 50
0.0
 71
0
 42
2.5
  3
LiberationMono-Italic.ttf
  4

  0
ENDTAB
  0
TABLE
  2
VIEW
  5
7
330
0
100
AcDbSymbolTable
 70
0
  0
ENDTAB
  0
TABLE
  2
UCS
  5
6
330
0
100
AcDbSymbolTable
 70
0
  0
ENDTAB
  0
TABLE
  2
APPID
  5
3
330
0
100
AcDbSymbolTable
 70
3
  0
APPID
  5
2A
330
3
100
AcDbSymbolTableRecord
100
AcDbRegAppTableRecord
  2
ACAD
 70
0
  0
APPID
  5
525
330
3
100
AcDbSymbolTableRecord
100
AcDbRegAppTableRecord
  2
HATCHBACKGROUNDCOLOR
 70
0
  0
APPID
  5
526
330
3
100
AcDbSymbolTableRecord
100
AcDbRegAppTableRecord
  2
EZDXF
 70
0
  0
ENDTAB
  0
TABLE
  2
DIMSTYLE
  5
4
330
0
100
AcDbSymbolTable
 70
12
100
AcDbDimStyleTable
  0
DIMSTYLE
105
2B
330
4
100
AcDbSymbolTableRecord
100
AcDbDimStyleTableRecord
  2
Standard
 70
0
 40
1.0
 41
2.5
 42
0.625
 43
3.75
 44
1.25
 45
0.0
 46
0.0
 47
0.0
 48
0.0
 49
2.5
140
2.5
141
2.5
142
0.0
143
0.03937007874
144
1.0
145
0.0
146
1.0
147
0.625
148
0.0
 69
0
 70
0
 71
0
 72
0
 73
0
 74
0
 75
0
 76
0
 77
1
 78
8
 79
3
170
0
171
3
172
1
173
0
174
0
175
0
176
0
177
0
178
0
179
2
271
2
272
2
273
2
274
3
275
0
276
0
277
2
278
44
279
0
280
0
281
0
282
0
283
0
284
8
285
0
286
0
288
0
289
3
290
0
371
-2
372
-2
  0
DIMSTYLE
105
73
330
4
100
AcDbSymbolTableRecord
100
AcDbDimStyleTableRecord
  2
EZDXF
 70
0
 40
1.0
 41
0.175
 42
0.125
 43
3.75
 44
0.375
 45
0.0
 46
0.0
 47
0.0
 48
0.0
 49
2.5
140
0.25
141
2.5
142
0.0
143
0.03937007874
144
100.0
145
0.0
146
0.5
147
0.1
148
0.0
 69
0
 70
0
 71
0
 72
0
 73
0
 74
0
 75
0
 76
0
 77
1
 78
12
 79
3
170
0
171
3
172
1
173
0
174
0
175
0
176
0
177
0
178
0
179
2
271
2
272
2
273
2
274
3
275
0
276
0
277
2
278
46
279
2
280
0
281
0
282
0
283
0
284
8
285
0
286
0
288
1
289
3
290
0
340
4C
342
74
371
-2
372
-2
  0
DIMSTYLE
105
7C
330
4
100
AcDbSymbolTableRecord
100
AcDbDimStyleTableRecord
  2
EZ_M_100_H25_CM
 70
0
 40
1.0
 41
0.25
 42
0.125
 43
3.75
 44
0.375
 45
0.0
 46
0.0
 47
0.0
 48
0.0
 49
2.5
140
0.25
141
2.5
142
0.125
143
0.03937007874
144
100.0
145
0.0
146
0.5
147
0.1
148
0.0
 69
0
 70
0
 71
0
 72
0
 73
0
 74
0
 75
0
 76
0
 77
1
 78
12
 79
3
170
0
171
3
172
1
173
0
174
0
175
0
176
0
177
0
178
0
179
2
271
2
272
2
273
2
274
3
275
0
276
0
277
2
278
46
279
2
280
0
281
0
282
0
283
0
284
8
285
0
286
0
288
1
289
3
290
0
340
4C
371
-2
372
-2
  0
DIMSTYLE
105
7D
330
4
100
AcDbSymbolTableRecord
100
AcDbDimStyleTableRecord
  2
EZ_M_50_H25_CM
 70
0
 40
1.0
 41
0.125
 42
0.0625
 43
3.75
 44
0.1875
 45
0.0
 46
0.0
 47
0.0
 48
0.0
 49
2.5
140
0.125
141
2.5
142
0.0625
143
0.03937007874
144
100.0
145
0.0
146
0.5
147
0.05
148
0.0
 69
0
 70
0
 71
0
 72
0
 73
0
 74
0
 75
0
 76
0
 77
1
 78
12
 79
3
170
0
171
3
172
1
173
0
174
0
175
0
176
0
177
0
178
0
179
2
271
2
272
2
273
2
274
3
275
0
276
0
277
2
278
46
279
2
280
0
281
0
282
0
283
0
284
8
285
0
286
0
288
1
289
3
290
0
340
4C
371
-2
372
-2
  0
DIMSTYLE
105
7E
330
4
100
AcDbSymbolTableRecord
100
AcDbDimStyleTableRecord
  2
EZ_M_25_H25_CM
 70
0
 40
1.0
 41
0.0625
 42
0.03125
 43
3.75
 44
0.09375
 45
0.0
 46
0.0
 47
0.0
 48
0.0
 49
2.5
140
0.0625
141
2.5
142
0.03125
143
0.03937007874
144
100.0
145
0.0
146
0.5
147
0.025
148
0.0
 69
0
 70
0
 71
0
 72
0
 73
0
 74
0
 75
0
 76
0
 77
1
 78
12
 79
3
170
0
171
3
172
1
173
0
174
0
175
0
176
0
177
0
178
0
179
2
271
2
272
2
273
2
274
3
275
0
276
0
277
2
278
46
279
2
280
0
281
0
282
0
283
0
284
8
285
0
286
0
288
1
289
3
290
0
340
4C
371
-2
372
-2
  0
DIMSTYLE
105
7F
330
4
100
AcDbSymbolTableRecord
100
AcDbDimStyleTableRecord
  2
EZ_M_20_H25_CM
 70
0
 40
1.0
 41
0.05
 42
0.025
 43
3.75
 44
0.07500000000000001
 45
0.0
 46
0.0
 47
0.0
 48
0.0
 49
2.5
140
0.05
141
2.5
142
0.025
143
0.03937007874
144
100.0
145
0.0
146
0.5
147
0.020000000000000004
148
0.0
 69
0
 70
0
 71
0
 72
0
 73
0
 74
0
 75
0
 76
0
 77
1
 78
12
 79
3
170
0
171
3
172
1
173
0
174
0
175
0
176
0
177
0
178
0
179
2
271
2
272
2
273
2
274
3
275
0
276
0
277
2
278
46
279
2
280
0
281
0
282
0
283
0
284
8
285
0
286
0
288
1
289
3
290
0
340
4C
371
-2
372
-2
  0
DIMSTYLE
105
80
330
4
100
AcDbSymbolTableRecord
100
AcDbDimStyleTableRecord
  2
EZ_M_10_H25_CM
 70
0
 40
1.0
 41
0.025
 42
0.0125
 43
3.75
 44
0.037500000000000006
 45
0.0
 46
0.0
 47
0.0
 48
0.0
 49
2.5
140
0.025
141
2.5
142
0.0125
143
0.03937007874
144
100.0
145
0.0
146
0.5
147
0.010000000000000002
148
0.0
 69
0
 70
0
 71
0
 72
0
 73
0
 74
0
 75
0
 76
0
 77
1
 78
12
 79
3
170
0
171
3
172
1
173
0
174
0
175
0
176
0
177
0
178
0
179
2
271
2
272
2
273
2
274
3
275
0
276
0
277
2
278
46
279
2
280
0
281
0
282
0
283
0
284
8
285
0
286
0
288
1
289
3
290
0
340
4C
371
-2
372
-2
  0
DIMSTYLE
105
81
330
4
100
AcDbSymbolTableRecord
100
AcDbDimStyleTableRecord
  2
EZ_M_5_H25_CM
 70
0
 40
1.0
 41
0.0125
 42
0.00625
 43
3.75
 44
0.018750000000000003
 45
0.0
 46
0.0
 47
0.0
 48
0.0
 49
2.5
140
0.0125
141
2.5
142
0.00625
143
0.03937007874
144
100.0
145
0.0
146
0.5
147
0.005000000000000001
148
0.0
 69
0
 70
0
 71
0
 72
0
 73
0
 74
0
 75
0
 76
0
 77
1
 78
12
 79
3
170
0
171
3
172
1
173
0
174
0
175
0
176
0
177
0
178
0
179
2
271
2
272
2
273
2
274
3
275
0
276
0
277
2
278
46
279
2
280
0
281
0
282
0
283
0
284
8
285
0
286
0
288
1
289
3
290
0
340
4C
371
-2
372
-2
  0
DIMSTYLE
105
82
330
4
100
AcDbSymbolTableRecord
100
AcDbDimStyleTableRecord
  2
EZ_M_1_H25_CM
 70
0
 40
1.0
 41
0.0025
 42
0.00125
 43
3.75
 44
0.00375
 45
0.0
 46
0.0
 47
0.0
 48
0.0
 49
2.5
140
0.0025
141
2.5
142
0.00125
143
0.03937007874
144
100.0
145
0.0
146
0.5
147
0.001
148
0.0
 69
0
 70
0
 71
0
 72
0
 73
0
 74
0
 75
0
 76
0
 77
1
 78
12
 79
3
170
0
171
3
172
1
173
0
174
0
175
0
176
0
177
0
178
0
179
2
271
2
272
2
273
2
274
3
275
0
276
0
277
2
278
46
279
2
280
0
281
0
282
0
283
0
284
8
285
0
286
0
288
1
289
3
290
0
340
4C
371
-2
372
-2
  0
DIMSTYLE
105
83
330
4
100
AcDbSymbolTableRecord
100
AcDbDimStyleTableRecord
  2
EZ_RADIUS
 70
0
 40
1.0
 41
0.25
 42
0.125
 43
3.75
 44
0.375
 45
0.0
 46
0.0
 47
0.0
 48
0.0
 49
2.5
140
0.25
141
0.0
142
0.0
143
0.03937007874
144
100.0
145
0.0
146
0.5
147
0.1
148
0.0
 69
0
 70
0
 71
0
 72
0
 73
0
 74
0
 75
0
 76
0
 77
1
 78
12
 79
3
170
0
171
3
172
0
173
0
174
0
175
0
176
0
177
0
178
0
179
2
271
2
272
2
273
2
274
3
275
0
276
0
277
2
278
46
279
1
280
0
281
0
282
0
283
0
284
8
285
0
286
0
288
1
289
3
290
0
340
4C
342
84
371
-2
372
-2
  0
DIMSTYLE
105
88
330
4
100
AcDbSymbolTableRecord
100
AcDbDimStyleTableRecord
  2
EZ_RADIUS_INSIDE
 70
0
 40
1.0
 41
0.25
 42
0.125
 43
3.75
 44
0.375
 45
0.0
 46
0.0
 47
0.0
 48
0.0
 49
2.5
140
0.25
141
0.0
142
0.0
143
0.03937007874
144
100.0
145
0.0
146
0.5
147
0.1
148
0.0
 69
0
 70
0
 71
0
 72
0
 73
0
 74
0
 75
0
 76
0
 77
0
 78
12
 79
3
170
0
171
3
172
0
173
0
174
1
175
0
176
0
177
0
178
0
179
2
271
2
272
2
273
2
274
3
275
0
276
0
277
2
278
46
279
0
280
0
281
0
282
0
283
0
284
8
285
0
286
0
288
1
289
0
290
0
340
4C
342
84
371
-2
372
-2
  0
DIMSTYLE
105
89
330
4
100
AcDbSymbolTableRecord
100
AcDbDimStyleTableRecord
  2
EZ_CURVED
 70
0
 40
1.0
 41
0.25
 42
0.125
 43
3.75
 44
0.375
 45
0.0
 46
0.0
 47
0.0
 48
0.0
 49
2.5
140
0.25
141
2.5
142
0.0
143
0.03937007874
144
100.0
145
0.0
146
0.5
147
0.1
148
0.0
 69
0
 70
0
 71
0
 72
0
 73
0
 74
0
 75
0
 76
0
 77
1
 78
12
 79
2
 90
2
170
0
171
3
172
1
173
0
174
0
175
0
176
0
177
0
178
0
179
2
271
2
272
2
273
2
274
3
275
0
276
0
277
2
278
46
279
2
280
0
281
0
282
0
283
0
284
8
285
0
286
0
288
1
289
3
290
0
340
4C
371
-2
372
-2
  0
ENDTAB
  0
TABLE
  2
BLOCK_RECORD
  5
9
330
0
100
AcDbSymbolTable
 70
5
  0
BLOCK_RECORD
  5
17
330
9
100
AcDbSymbolTableRecord
100
AcDbBlockTableRecord
  2
*Model_Space
340
1A
 70
0
280
1
281
0
  0
BLOCK_RECORD
  5
1B
330
9
100
AcDbSymbolTableRecord
100
AcDbBlockTableRecord
  2
*Paper_Space
340
1E
 70
0
280
1
281
0
  0
BLOCK_RECORD
  5
74
330
9
100
AcDbSymbolTableRecord
100
AcDbBlockTableRecord
  2
_ARCHTICK
340
0
 70
0
280
1
281
0
  0
BLOCK_RECORD
  5
78
330
9
100
AcDbSymbolTableRecord
100
AcDbBlockTableRecord
  2
_CLOSEDFILLED
340
0
 70
0
280
1
281
0
  0
BLOCK_RECORD
  5
84
330
9
100
AcDbSymbolTableRecord
100
AcDbBlockTableRecord
  2
_CLOSEDBLANK
340
0
 70
0
280
1
281
0
  0
ENDTAB
  0
ENDSEC
  0
SECTION
  2
BLOCKS
  0
BLOCK
  5
18
330
17
100
AcDbEntity
  8
0
100
AcDbBlockBegin
  2
*Model_Space
 70
0
 10
0.0
 20
0.0
 30
0.0
  3
*Model_Space
  1

  0
ENDBLK
  5
19
330
17
100
AcDbEntity
  8
0
100
AcDbBlockEnd
  0
BLOCK
  5
1C
330
1B
100
AcDbEntity
  8
0
100
AcDbBlockBegin
  2
*Paper_Space
 70
0
 10
0.0
 20
0.0
 30
0.0
  3
*Paper_Space
  1

  0
ENDBLK
  5
1D
330
1B
100
AcDbEntity
  8
0
100
AcDbBlockEnd
  0
BLOCK
  5
75
330
74
100
AcDbEntity
  8
0
100
AcDbBlockBegin
  2
_ARCHTICK
 70
0
 10
0.0
 20
0.0
 30
0.0
  3
_ARCHTICK
  1

  0
LWPOLYLINE
  5
77
330
74
100
AcDbEntity
  8
0
  6
BYBLOCK
 62
0
100
AcDbPolyline
 90
2
 70
0
 43
0.15
 10
-0.5
 20
-0.5
 10
0.5
 20
0.5
  0
ENDBLK
  5
76
330
74
100
AcDbEntity
  8
0
100
AcDbBlockEnd
  0
BLOCK
  5
79
330
78
100
AcDbEntity
  8
0
100
AcDbBlockBegin
  2
_CLOSEDFILLED
 70
0
 10
0.0
 20
0.0
 30
0.0
  3
_CLOSEDFILLED
  1

  0
SOLID
  5
7B
330
78
100
AcDbEntity
  8
0
  6
BYBLOCK
 62
0
100
AcDbTrace
 10
-1.0
 20
0.16439898372402537
 30
0.0
 11
0.0
 21
0.0
 31
0.0
 12
-1.0
 22
-0.16439898372402537
 32
0.0
 13
-1.0
 23
-0.16439898372402537
 33
0.0
  0
ENDBLK
  5
7A
330
78
100
AcDbEntity
  8
0
100
AcDbBlockEnd
  0
BLOCK
  5
85
330
84
100
AcDbEntity
  8
0
100
AcDbBlockBegin
  2
_CLOSEDBLANK
 70
0
 10
0.0
 20
0.0
 30
0.0
  3
_CLOSEDBLANK
  1

  0
LWPOLYLINE
  5
87
330
84
100
AcDbEntity
  8
0
  6
BYBLOCK
 62
0
100
AcDbPolyline
 90
3
 70
1
 10
-1.0
 20
0.16439898372402537
 10
0.0
 20
0.0
 10
-1.0
 20
-0.16439898372402537
  0
ENDBLK
  5
86
330
84
100
AcDbEntity
  8
0
100
AcDbBlockEnd
  0
ENDSEC
  0
SECTION
  2
ENTITIES
  0
LWPOLYLINE
  5
8C
330
17
100
AcDbEntity
  8
Front elevation
100
AcDbPolyline
 90
5
 70
0
 10
4.724409448818897
 20
29.52755905511811
 10
94.7244094488189
 20
29.52755905511811
 10
94.7244094488189
 20
27.95275590551181
 10
4.724409448818897
 20
27.95275590551181
 10
4.724409448818897
 20
29.52755905511811
  0
LINE
  5
8D
330
17
100
AcDbEntity
  8
Front elevation
100
AcDbLine
 10
4.724409448818897
 20
29.21259842519685
 30
0.0
 11
94.72440944881889
 21
29.21259842519685
 31
0.0
  0
LINE
  5
8E
330
17
100
AcDbEntity
  8
Front elevation
100
AcDbLine
 10
4.724409448818897
 20
28.89763779527559
 30
0.0
 11
94.72440944881889
 21
28.89763779527559
 31
0.0
  0
LINE
  5
8F
330
17
100
AcDbEntity
  8
Front elevation
100
AcDbLine
 10
4.724409448818897
 20
28.58267716535433
 30
0.0
 11
94.72440944881889
 21
28.58267716535433
 31
0.0
  0
LINE
  5
90
330
17
100
AcDbEntity
  8
Front elevation
100
AcDbLine
 10
4.724409448818897
 20
28.26771653543307
 30
0.0
 11
94.72440944881889
 21
28.26771653543307
 31
0.0
  0
LWPOLYLINE
  5
91
330
17
100
AcDbEntity
  8
Front elevation
100
AcDbPolyline
 90
5
 70
0
 10
5.905511811023621
 20
27.95275590551181
 10
93.54330708661418
 20
27.95275590551181
 10
93.54330708661418
 20
25.0
 10
5.905511811023621
 20
25.0
 10
5.905511811023621
 20
27.95275590551181
  0
LWPOLYLINE
  5
92
330
17
100
AcDbEntity
  8
Front elevation
100
AcDbPolyline
 90
5
 70
0
 10
7.834645669291338
 20
27.716535433070867
 10
25.393700787401574
 20
27.716535433070867
 10
25.393700787401574
 20
25.236220472440944
 10
7.834645669291338
 20
25.236220472440944
 10
7.834645669291338
 20
27.716535433070867
  0
LWPOLYLINE
  5
93
330
17
100
AcDbEntity
  8
Front elevation
100
AcDbPolyline
 90
5
 70
0
 10
7.952755905511811
 20
27.598425196850396
 10
25.2755905511811
 20
27.598425196850396
 10
25.2755905511811
 20
25.35433070866142
 10
7.952755905511811
 20
25.35433070866142
 10
7.952755905511811
 20
27.598425196850396
  0
LWPOLYLINE
  5
94
330
17
100
AcDbEntity
  8
Front elevation
100
AcDbPolyline
 90
5
 70
0
 10
28.149606299212596
 20
27.716535433070867
 10
71.2992125984252
 20
27.716535433070867
 10
71.2992125984252
 20
25.236220472440944
 10
28.149606299212596
 20
25.236220472440944
 10
28.149606299212596
 20
27.716535433070867
  0
LWPOLYLINE
  5
95
330
17
100
AcDbEntity
  8
Front elevation
100
AcDbPolyline
 90
5
 70
0
 10
28.26771653543307
 20
27.598425196850396
 10
71.18110236220473
 20
27.598425196850396
 10
71.18110236220473
 20
25.35433070866142
 10
28.26771653543307
 20
25.35433070866142
 10
28.26771653543307
 20
27.598425196850396
  0
LWPOLYLINE
  5
96
330
17
100
AcDbEntity
  8
Front elevation
100
AcDbPolyline
 90
5
 70
0
 10
74.05511811023622
 20
27.716535433070867
 10
91.61417322834646
 20
27.716535433070867
 10
91.61417322834646
 20
25.236220472440944
 10
74.05511811023622
 20
25.236220472440944
 10
74.05511811023622
 20
27.716535433070867
  0
LWPOLYLINE
  5
97
330
17
100
AcDbEntity
  8
Front elevation
100
AcDbPolyline
 90
5
 70
0
 10
74.1732283464567
 20
27.598425196850396
 10
91.49606299212599
 20
27.598425196850396
 10
91.49606299212599
 20
25.35433070866142
 10
74.1732283464567
 20
25.35433070866142
 10
74.1732283464567
 20
27.598425196850396
  0
LWPOLYLINE
  5
98
330
17
100
AcDbEntity
  8
Front elevation
100
AcDbPolyline
 90
5
 70
0
 10
5.905511811023621
 20
25.0
 10
93.54330708661418
 20
25.0
 10
93.54330708661418
 20
24.409448818897637
 10
5.905511811023621
 20
24.409448818897637
 10
5.905511811023621
 20
25.0
  0
LINE
  5
99
330
17
100
AcDbEntity
  8
Front elevation
100
AcDbLine
 10
5.905511811023622
 20
24.80314960629921
 30
0.0
 11
93.54330708661418
 21
24.80314960629921
 31
0.0
  0
LINE
  5
9A
330
17
100
AcDbEntity
  8
Front elevation
100
AcDbLine
 10
5.905511811023622
 20
24.606299212598426
 30
0.0
 11
93.54330708661418
 21
24.606299212598426
 31
0.0
  0
LWPOLYLINE
  5
9B
330
17
100
AcDbEntity
  8
Front elevation
100
AcDbPolyline
 90
5
 70
0
 10
28.74015748031496
 20
24.409448818897637
 10
70.70866141732284
 20
24.409448818897637
 10
70.70866141732284
 20
5.905511811023622
 10
28.74015748031496
 20
5.905511811023622
 10
28.74015748031496
 20
24.409448818897637
  0
LWPOLYLINE
  5
9C
330
17
100
AcDbEntity
  8
Front elevation
100
AcDbPolyline
 90
5
 70
0
 10
30.31496062992126
 20
22.83464566929134
 10
49.33070866141732
 20
22.83464566929134
 10
49.33070866141732
 20
7.480314960629922
 10
30.31496062992126
 20
7.480314960629922
 10
30.31496062992126
 20
22.83464566929134
  0
LWPOLYLINE
  5
9D
330
17
100
AcDbEntity
  8
Front elevation
100
AcDbPolyline
 90
5
 70
0
 10
50.118110236220474
 20
22.83464566929134
 10
69.13385826771653
 20
22.83464566929134
 10
69.13385826771653
 20
7.480314960629922
 10
50.118110236220474
 20
7.480314960629922
 10
50.118110236220474
 20
22.83464566929134
  0
LWPOLYLINE
  5
9E
330
17
100
AcDbEntity
  8
Front elevation
100
AcDbPolyline
 90
5
 70
0
 10
5.905511811023621
 20
24.409448818897637
 10
27.95275590551181
 20
24.409448818897637
 10
27.95275590551181
 20
3.1496062992126
 10
5.905511811023621
 20
3.1496062992126
 10
5.905511811023621
 20
24.409448818897637
  0
LINE
  5
9F
330
17
100
AcDbEntity
  8
Front elevation
100
AcDbLine
 10
7.637795275590551
 20
24.409448818897637
 30
0.0
 11
7.637795275590551
 21
3.149606299212598
 31
0.0
  0
LINE
  5
A0
330
17
100
AcDbEntity
  8
Front elevation
100
AcDbLine
 10
25.590551181102363
 20
24.409448818897637
 30
0.0
 11
25.590551181102363
 21
3.149606299212598
 31
0.0
  0
LWPOLYLINE
  5
A1
330
17
100
AcDbEntity
  8
Front elevation
100
AcDbPolyline
 90
5
 70
0
 10
8.031496062992126
 20
23.937007874015748
 10
25.196850393700785
 20
23.937007874015748
 10
25.196850393700785
 20
18.425196850393704
 10
8.031496062992126
 20
18.425196850393704
 10
8.031496062992126
 20
23.937007874015748
  0
LWPOLYLINE
  5
A2
330
17
100
AcDbEntity
  8
Front elevation
100
AcDbPolyline
 90
5
 70
0
 10
8.188976377952756
 20
23.77952755905512
 10
25.039370078740156
 20
23.77952755905512
 10
25.039370078740156
 20
18.582677165354333
 10
8.188976377952756
 20
18.582677165354333
 10
8.188976377952756
 20
23.77952755905512
  0
CIRCLE
  5
A3
330
17
100
AcDbEntity
  8
Front elevation
100
AcDbCircle
 10
14.84251968503937
 20
21.5748031496063
 30
0.0
 40
0.31496062992125984
  0
CIRCLE
  5
A4
330
17
100
AcDbEntity
  8
Front elevation
100
AcDbCircle
 10
18.385826771653544
 20
21.5748031496063
 30
0.0
 40
0.31496062992125984
  0
CIRCLE
  5
A5
330
17
100
AcDbEntity
  8
Front elevation
100
AcDbCircle
 10
14.84251968503937
 20
21.5748031496063
 30
0.0
 40
0.11811023622047244
  0
CIRCLE
  5
A6
330
17
100
AcDbEntity
  8
Front elevation
100
AcDbCircle
 10
18.385826771653544
 20
21.5748031496063
 30
0.0
 40
0.11811023622047244
  0
SPLINE
  5
A7
330
17
100
AcDbEntity
  8
Front elevation
100
AcDbSpline
 70
0
 71
3
 72
8
 73
4
 74
0
 40
0.0
 40
0.0
 40
0.0
 40
0.0
 40
1.0
 40
1.0
 40
1.0
 40
1.0
 10
14.84251968503937
 20
21.45669291338583
 30
0.0
 10
14.84251968503937
 20
21.023622047244096
 30
0.0
 10
15.196850393700785
 20
21.10236220472441
 30
0.0
 10
15.433070866141733
 20
20.787401574803148
 30
0.0
  0
SPLINE
  5
A8
330
17
100
AcDbEntity
  8
Front elevation
100
AcDbSpline
 70
0
 71
3
 72
11
 73
7
 74
0
 40
0.0
 40
0.0
 40
0.0
 40
0.0
 40
1.0
 40
1.0
 40
1.0
 40
2.0
 40
2.0
 40
2.0
 40
2.0
 10
15.433070866141733
 20
20.787401574803148
 30
0.0
 10
15.669291338582678
 20
20.511811023622048
 30
0.0
 10
16.141732283464567
 20
20.551181102362207
 30
0.0
 10
16.614173228346456
 20
20.551181102362207
 30
0.0
 10
17.086614173228345
 20
20.551181102362207
 30
0.0
 10
17.559055118110237
 20
20.511811023622048
 30
0.0
 10
17.79527559055118
 20
20.787401574803148
 30
0.0
  0
SPLINE
  5
A9
330
17
100
AcDbEntity
  8
Front elevation
100
AcDbSpline
 70
0
 71
3
 72
8
 73
4
 74
0
 40
0.0
 40
0.0
 40
0.0
 40
0.0
 40
1.0
 40
1.0
 40
1.0
 40
1.0
 10
17.79527559055118
 20
20.787401574803148
 30
0.0
 10
18.031496062992126
 20
21.10236220472441
 30
0.0
 10
18.385826771653544
 20
21.023622047244096
 30
0.0
 10
18.385826771653544
 20
21.45669291338583
 30
0.0
  0
SPLINE
  5
AA
330
17
100
AcDbEntity
  8
Front elevation
100
AcDbSpline
 70
0
 71
3
 72
23
 73
19
 74
0
 40
0.0
 40
0.0
 40
0.0
 40
0.0
 40
1.0
 40
1.0
 40
1.0
 40
2.0
 40
2.0
 40
2.0
 40
3.0
 40
3.0
 40
3.0
 40
4.0
 40
4.0
 40
4.0
 40
5.0
 40
5.0
 40
5.0
 40
6.0
 40
6.0
 40
6.0
 40
6.0
 10
16.41732283464567
 20
23.30708661417323
 30
0.0
 10
16.41732283464567
 20
23.34163850297442
 30
0.0
 10
16.42641984225601
 20
23.375588997573054
 30
0.0
 10
16.443695786656605
 20
23.405511811023622
 30
0.0
 10
16.4609717310572
 20
23.43543462447419
 30
0.0
 10
16.485825218045495
 20
23.460288111462482
 30
0.0
 10
16.515748031496063
 20
23.477564055863077
 30
0.0
 10
16.545670844946628
 20
23.494840000263675
 30
0.0
 10
16.579621339545266
 20
23.503937007874015
 30
0.0
 10
16.614173228346456
 20
23.503937007874015
 30
0.0
 10
16.64872511714765
 20
23.503937007874015
 30
0.0
 10
16.682675611746284
 20
23.494840000263675
 30
0.0
 10
16.71259842519685
 20
23.477564055863077
 30
0.0
 10
16.742521238647416
 20
23.460288111462482
 30
0.0
 10
16.76737472563571
 20
23.43543462447419
 30
0.0
 10
16.784650670036307
 20
23.405511811023622
 30
0.0
 10
16.8019266144369
 20
23.375588997573054
 30
0.0
 10
16.811023622047244
 20
23.34163850297442
 30
0.0
 10
16.811023622047244
 20
23.30708661417323
 30
0.0
  0
POLYLINE
  5
AB
330
17
100
AcDbEntity
  8
Front elevation
100
AcDb2dPolyline
 66
1
 10
0.0
 20
0.0
 30
0.0
 70
0
  0
VERTEX
  5
AC
330
AB
100
AcDbEntity
  8
Front elevation
100
AcDbVertex
100
AcDb2dVertex
 10
16.811023622047244
 20
23.30708661417323
 30
0.0
 70
0
  0
VERTEX
  5
AD
330
AB
100
AcDbEntity
  8
Front elevation
100
AcDbVertex
100
AcDb2dVertex
 10
16.88976377952756
 20
22.913385826771655
 30
0.0
 70
0
  0
VERTEX
  5
AE
330
AB
100
AcDbEntity
  8
Front elevation
100
AcDbVertex
100
AcDb2dVertex
 10
16.338582677165356
 20
22.913385826771655
 30
0.0
 70
0
  0
VERTEX
  5
AF
330
AB
100
AcDbEntity
  8
Front elevation
100
AcDbVertex
100
AcDb2dVertex
 10
16.41732283464567
 20
23.30708661417323
 30
0.0
 70
0
  0
SEQEND
  5
B0
330
AB
100
AcDbEntity
  8
Front elevation
  0
LWPOLYLINE
  5
B1
330
17
100
AcDbEntity
  8
Front elevation
100
AcDbPolyline
 90
5
 70
0
 10
8.031496062992126
 20
17.716535433070867
 10
25.196850393700785
 20
17.716535433070867
 10
25.196850393700785
 20
11.41732283464567
 10
8.031496062992126
 20
11.41732283464567
 10
8.031496062992126
 20
17.716535433070867
  0
LWPOLYLINE
  5
B2
330
17
100
AcDbEntity
  8
Front elevation
100
AcDbPolyline
 90
5
 70
0
 10
8.188976377952756
 20
17.559055118110237
 10
25.039370078740156
 20
17.559055118110237
 10
25.039370078740156
 20
11.5748031496063
 10
8.188976377952756
 20
11.5748031496063
 10
8.188976377952756
 20
17.559055118110237
  0
CIRCLE
  5
B3
330
17
100
AcDbEntity
  8
Front elevation
100
AcDbCircle
 10
14.84251968503937
 20
14.960629921259843
 30
0.0
 40
0.31496062992125984
  0
CIRCLE
  5
B4
330
17
100
AcDbEntity
  8
Front elevation
100
AcDbCircle
 10
18.385826771653544
 20
14.960629921259843
 30
0.0
 40
0.31496062992125984
  0
CIRCLE
  5
B5
330
17
100
AcDbEntity
  8
Front elevation
100
AcDbCircle
 10
14.84251968503937
 20
14.960629921259843
 30
0.0
 40
0.11811023622047244
  0
CIRCLE
  5
B6
330
17
100
AcDbEntity
  8
Front elevation
100
AcDbCircle
 10
18.385826771653544
 20
14.960629921259843
 30
0.0
 40
0.11811023622047244
  0
SPLINE
  5
B7
330
17
100
AcDbEntity
  8
Front elevation
100
AcDbSpline
 70
0
 71
3
 72
8
 73
4
 74
0
 40
0.0
 40
0.0
 40
0.0
 40
0.0
 40
1.0
 40
1.0
 40
1.0
 40
1.0
 10
14.84251968503937
 20
14.84251968503937
 30
0.0
 10
14.84251968503937
 20
14.409448818897639
 30
0.0
 10
15.196850393700785
 20
14.488188976377954
 30
0.0
 10
15.433070866141733
 20
14.173228346456694
 30
0.0
  0
SPLINE
  5
B8
330
17
100
AcDbEntity
  8
Front elevation
100
AcDbSpline
 70
0
 71
3
 72
11
 73
7
 74
0
 40
0.0
 40
0.0
 40
0.0
 40
0.0
 40
1.0
 40
1.0
 40
1.0
 40
2.0
 40
2.0
 40
2.0
 40
2.0
 10
15.433070866141733
 20
14.173228346456694
 30
0.0
 10
15.669291338582678
 20
13.89763779527559
 30
0.0
 10
16.141732283464567
 20
13.93700787401575
 30
0.0
 10
16.614173228346456
 20
13.93700787401575
 30
0.0
 10
17.086614173228345
 20
13.93700787401575
 30
0.0
 10
17.559055118110237
 20
13.89763779527559
 30
0.0
 10
17.79527559055118
 20
14.173228346456694
 30
0.0
  0
SPLINE
  5
B9
330
17
100
AcDbEntity
  8
Front elevation
100
AcDbSpline
 70
0
 71
3
 72
8
 73
4
 74
0
 40
0.0
 40
0.0
 40
0.0
 40
0.0
 40
1.0
 40
1.0
 40
1.0
 40
1.0
 10
17.79527559055118
 20
14.173228346456694
 30
0.0
 10
18.031496062992126
 20
14.488188976377954
 30
0.0
 10
18.385826771653544
 20
14.409448818897639
 30
0.0
 10
18.385826771653544
 20
14.84251968503937
 30
0.0
  0
SPLINE
  5
BA
330
17
100
AcDbEntity
  8
Front elevation
100
AcDbSpline
 70
0
 71
3
 72
23
 73
19
 74
0
 40
0.0
 40
0.0
 40
0.0
 40
0.0
 40
1.0
 40
1.0
 40
1.0
 40
2.0
 40
2.0
 40
2.0
 40
3.0
 40
3.0
 40
3.0
 40
4.0
 40
4.0
 40
4.0
 40
5.0
 40
5.0
 40
5.0
 40
6.0
 40
6.0
 40
6.0
 40
6.0
 10
16.41732283464567
 20
17.086614173228348
 30
0.0
 10
16.41732283464567
 20
17.121166062029538
 30
0.0
 10
16.42641984225601
 20
17.155116556628172
 30
0.0
 10
16.443695786656605
 20
17.18503937007874
 30
0.0
 10
16.4609717310572
 20
17.21496218352931
 30
0.0
 10
16.485825218045495
 20
17.2398156705176
 30
0.0
 10
16.515748031496063
 20
17.2570916149182
 30
0.0
 10
16.545670844946628
 20
17.274367559318794
 30
0.0
 10
16.579621339545266
 20
17.283464566929133
 30
0.0
 10
16.614173228346456
 20
17.283464566929133
 30
0.0
 10
16.64872511714765
 20
17.283464566929133
 30
0.0
 10
16.682675611746284
 20
17.274367559318794
 30
0.0
 10
16.71259842519685
 20
17.2570916149182
 30
0.0
 10
16.742521238647416
 20
17.2398156705176
 30
0.0
 10
16.76737472563571
 20
17.21496218352931
 30
0.0
 10
16.784650670036307
 20
17.18503937007874
 30
0.0
 10
16.8019266144369
 20
17.155116556628172
 30
0.0
 10
16.811023622047244
 20
17.121166062029538
 30
0.0
 10
16.811023622047244
 20
17.086614173228348
 30
0.0
  0
POLYLINE
  5
BB
330
17
100
AcDbEntity
  8
Front elevation
100
AcDb2dPolyline
 66
1
 10
0.0
 20
0.0
 30
0.0
 70
0
  0
VERTEX
  5
BC
330
BB
100
AcDbEntity
  8
Front elevation
100
AcDbVertex
100
AcDb2dVertex
 10
16.811023622047244
 20
17.086614173228348
 30
0.0
 70
0
  0
VERTEX
  5
BD
330
BB
100
AcDbEntity
  8
Front elevation
100
AcDbVertex
100
AcDb2dVertex
 10
16.88976377952756
 20
16.69291338582677
 30
0.0
 70
0
  0
VERTEX
  5
BE
330
BB
100
AcDbEntity
  8
Front elevation
100
AcDbVertex
100
AcDb2dVertex
 10
16.338582677165356
 20
16.69291338582677
 30
0.0
 70
0
  0
VERTEX
  5
BF
330
BB
100
AcDbEntity
  8
Front elevation
100
AcDbVertex
100
AcDb2dVertex
 10
16.41732283464567
 20
17.086614173228348
 30
0.0
 70
0
  0
SEQEND
  5
C0
330
BB
100
AcDbEntity
  8
Front elevation
  0
LWPOLYLINE
  5
C1
330
17
100
AcDbEntity
  8
Front elevation
100
AcDbPolyline
 90
5
 70
0
 10
8.031496062992126
 20
10.708661417322837
 10
25.196850393700785
 20
10.708661417322837
 10
25.196850393700785
 20
3.622047244094489
 10
8.031496062992126
 20
3.622047244094489
 10
8.031496062992126
 20
10.708661417322837
  0
LWPOLYLINE
  5
C2
330
17
100
AcDbEntity
  8
Front elevation
100
AcDbPolyline
 90
5
 70
0
 10
8.188976377952756
 20
10.551181102362207
 10
25.039370078740156
 20
10.551181102362207
 10
25.039370078740156
 20
3.7795275590551185
 10
8.188976377952756
 20
3.7795275590551185
 10
8.188976377952756
 20
10.551181102362207
  0
CIRCLE
  5
C3
330
17
100
AcDbEntity
  8
Front elevation
100
AcDbCircle
 10
14.84251968503937
 20
7.559055118110236
 30
0.0
 40
0.31496062992125984
  0
CIRCLE
  5
C4
330
17
100
AcDbEntity
  8
Front elevation
100
AcDbCircle
 10
18.385826771653544
 20
7.559055118110236
 30
0.0
 40
0.31496062992125984
  0
CIRCLE
  5
C5
330
17
100
AcDbEntity
  8
Front elevation
100
AcDbCircle
 10
14.84251968503937
 20
7.559055118110236
 30
0.0
 40
0.11811023622047244
  0
CIRCLE
  5
C6
330
17
100
AcDbEntity
  8
Front elevation
100
AcDbCircle
 10
18.385826771653544
 20
7.559055118110236
 30
0.0
 40
0.11811023622047244
  0
SPLINE
  5
C7
330
17
100
AcDbEntity
  8
Front elevation
100
AcDbSpline
 70
0
 71
3
 72
8
 73
4
 74
0
 40
0.0
 40
0.0
 40
0.0
 40
0.0
 40
1.0
 40
1.0
 40
1.0
 40
1.0
 10
14.84251968503937
 20
7.4409448818897665
 30
0.0
 10
14.84251968503937
 20
7.007874015748033
 30
0.0
 10
15.196850393700785
 20
7.086614173228348
 30
0.0
 10
15.433070866141733
 20
6.771653543307089
 30
0.0
  0
SPLINE
  5
C8
330
17
100
AcDbEntity
  8
Front elevation
100
AcDbSpline
 70
0
 71
3
 72
11
 73
7
 74
0
 40
0.0
 40
0.0
 40
0.0
 40
0.0
 40
1.0
 40
1.0
 40
1.0
 40
2.0
 40
2.0
 40
2.0
 40
2.0
 10
15.433070866141733
 20
6.771653543307089
 30
0.0
 10
15.669291338582678
 20
6.496062992125985
 30
0.0
 10
16.141732283464567
 20
6.535433070866144
 30
0.0
 10
16.614173228346456
 20
6.535433070866144
 30
0.0
 10
17.086614173228345
 20
6.535433070866144
 30
0.0
 10
17.559055118110237
 20
6.496062992125985
 30
0.0
 10
17.79527559055118
 20
6.771653543307089
 30
0.0
  0
SPLINE
  5
C9
330
17
100
AcDbEntity
  8
Front elevation
100
AcDbSpline
 70
0
 71
3
 72
8
 73
4
 74
0
 40
0.0
 40
0.0
 40
0.0
 40
0.0
 40
1.0
 40
1.0
 40
1.0
 40
1.0
 10
17.79527559055118
 20
6.771653543307089
 30
0.0
 10
18.031496062992126
 20
7.086614173228348
 30
0.0
 10
18.385826771653544
 20
7.007874015748033
 30
0.0
 10
18.385826771653544
 20
7.4409448818897665
 30
0.0
  0
SPLINE
  5
CA
330
17
100
AcDbEntity
  8
Front elevation
100
AcDbSpline
 70
0
 71
3
 72
23
 73
19
 74
0
 40
0.0
 40
0.0
 40
0.0
 40
0.0
 40
1.0
 40
1.0
 40
1.0
 40
2.0
 40
2.0
 40
2.0
 40
3.0
 40
3.0
 40
3.0
 40
4.0
 40
4.0
 40
4.0
 40
5.0
 40
5.0
 40
5.0
 40
6.0
 40
6.0
 40
6.0
 40
6.0
 10
16.41732283464567
 20
10.078740157480315
 30
0.0
 10
16.41732283464567
 20
10.113292046281508
 30
0.0
 10
16.42641984225601
 20
10.147242540880143
 30
0.0
 10
16.443695786656605
 20
10.177165354330711
 30
0.0
 10
16.4609717310572
 20
10.207088167781276
 30
0.0
 10
16.485825218045495
 20
10.231941654769571
 30
0.0
 10
16.515748031496063
 20
10.249217599170166
 30
0.0
 10
16.545670844946628
 20
10.266493543570764
 30
0.0
 10
16.579621339545266
 20
10.275590551181104
 30
0.0
 10
16.614173228346456
 20
10.275590551181104
 30
0.0
 10
16.64872511714765
 20
10.275590551181104
 30
0.0
 10
16.682675611746284
 20
10.266493543570764
 30
0.0
 10
16.71259842519685
 20
10.249217599170166
 30
0.0
 10
16.742521238647416
 20
10.231941654769571
 30
0.0
 10
16.76737472563571
 20
10.207088167781276
 30
0.0
 10
16.784650670036307
 20
10.177165354330711
 30
0.0
 10
16.8019266144369
 20
10.147242540880143
 30
0.0
 10
16.811023622047244
 20
10.113292046281508
 30
0.0
 10
16.811023622047244
 20
10.078740157480315
 30
0.0
  0
POLYLINE
  5
CB
330
17
100
AcDbEntity
  8
Front elevation
100
AcDb2dPolyline
 66
1
 10
0.0
 20
0.0
 30
0.0
 70
0
  0
VERTEX
  5
CC
330
CB
100
AcDbEntity
  8
Front elevation
100
AcDbVertex
100
AcDb2dVertex
 10
16.811023622047244
 20
10.078740157480315
 30
0.0
 70
0
  0
VERTEX
  5
CD
330
CB
100
AcDbEntity
  8
Front elevation
100
AcDbVertex
100
AcDb2dVertex
 10
16.88976377952756
 20
9.68503937007874
 30
0.0
 70
0
  0
VERTEX
  5
CE
330
CB
100
AcDbEntity
  8
Front elevation
100
AcDbVertex
100
AcDb2dVertex
 10
16.338582677165356
 20
9.68503937007874
 30
0.0
 70
0
  0
VERTEX
  5
CF
330
CB
100
AcDbEntity
  8
Front elevation
100
AcDbVertex
100
AcDb2dVertex
 10
16.41732283464567
 20
10.078740157480315
 30
0.0
 70
0
  0
SEQEND
  5
D0
330
CB
100
AcDbEntity
  8
Front elevation
  0
LWPOLYLINE
  5
D1
330
17
100
AcDbEntity
  8
Front elevation
100
AcDbPolyline
 90
5
 70
0
 10
5.314960629921259
 20
3.1496062992126
 10
28.54330708661417
 20
3.1496062992126
 10
28.54330708661417
 20
0.0
 10
5.314960629921259
 20
0.0
 10
5.314960629921259
 20
3.1496062992126
  0
LINE
  5
D2
330
17
100
AcDbEntity
  8
Front elevation
100
AcDbLine
 10
5.31496062992126
 20
2.7559055118110236
 30
0.0
 11
28.543307086614174
 21
2.7559055118110236
 31
0.0
  0
LINE
  5
D3
330
17
100
AcDbEntity
  8
Front elevation
100
AcDbLine
 10
5.31496062992126
 20
2.283464566929134
 30
0.0
 11
28.543307086614174
 21
2.283464566929134
 31
0.0
  0
LWPOLYLINE
  5
D4
330
17
100
AcDbEntity
  8
Front elevation
100
AcDbPolyline
 90
5
 70
0
 10
6.2204724409448815
 20
24.409448818897637
 10
7.244094488188976
 20
24.409448818897637
 10
7.244094488188976
 20
5.511811023622048
 10
6.2204724409448815
 20
5.511811023622048
 10
6.2204724409448815
 20
24.409448818897637
  0
LINE
  5
D5
330
17
100
AcDbEntity
  8
Front elevation
100
AcDbLine
 10
6.377952755905512
 20
24.409448818897637
 30
0.0
 11
6.377952755905512
 21
5.511811023622047
 31
0.0
  0
LINE
  5
D6
330
17
100
AcDbEntity
  8
Front elevation
100
AcDbLine
 10
7.086614173228346
 20
24.409448818897637
 30
0.0
 11
7.086614173228346
 21
5.511811023622047
 31
0.0
  0
LINE
  5
D7
330
17
100
AcDbEntity
  8
Front elevation
100
AcDbLine
 10
6.53740157480315
 20
24.409448818897637
 30
0.0
 11
6.53740157480315
 21
5.511811023622047
 31
0.0
  0
LINE
  5
D8
330
17
100
AcDbEntity
  8
Front elevation
100
AcDbLine
 10
6.927165354330708
 20
24.409448818897637
 30
0.0
 11
6.927165354330708
 21
5.511811023622047
 31
0.0
  0
LWPOLYLINE
  5
D9
330
17
100
AcDbEntity
  8
Front elevation
100
AcDbPolyline
 90
5
 70
0
 10
6.102362204724409
 20
20.31496062992126
 10
7.362204724409448
 20
20.31496062992126
 10
7.362204724409448
 20
19.84251968503937
 10
6.102362204724409
 20
19.84251968503937
 10
6.102362204724409
 20
20.31496062992126
  0
LINE
  5
DA
330
17
100
AcDbEntity
  8
Front elevation
100
AcDbLine
 10
6.102362204724409
 20
20.078740157480315
 30
0.0
 11
7.362204724409449
 21
20.078740157480315
 31
0.0
  0
LWPOLYLINE
  5
DB
330
17
100
AcDbEntity
  8
Front elevation
100
AcDbPolyline
 90
5
 70
0
 10
6.102362204724409
 20
7.244094488188978
 10
7.362204724409448
 20
7.244094488188978
 10
7.362204724409448
 20
6.771653543307089
 10
6.102362204724409
 20
6.771653543307089
 10
6.102362204724409
 20
7.244094488188978
  0
LINE
  5
DC
330
17
100
AcDbEntity
  8
Front elevation
100
AcDbLine
 10
6.102362204724409
 20
7.0078740157480315
 30
0.0
 11
7.362204724409449
 21
7.0078740157480315
 31
0.0
  0
SPLINE
  5
DD
330
17
100
AcDbEntity
  8
Front elevation
100
AcDbSpline
 70
0
 71
3
 72
41
 73
37
 74
0
 40
0.0
 40
0.0
 40
0.0
 40
0.0
 40
1.0
 40
1.0
 40
1.0
 40
2.0
 40
2.0
 40
2.0
 40
3.0
 40
3.0
 40
3.0
 40
4.0
 40
4.0
 40
4.0
 40
5.0
 40
5.0
 40
5.0
 40
6.0
 40
6.0
 40
6.0
 40
7.0
 40
7.0
 40
7.0
 40
8.0
 40
8.0
 40
8.0
 40
9.0
 40
9.0
 40
9.0
 40
10.0
 40
10.0
 40
10.0
 40
11.0
 40
11.0
 40
11.0
 40
12.0
 40
12.0
 40
12.0
 40
12.0
 10
6.732283464566929
 20
19.37007874015748
 30
0.0
 10
6.732283464566929
 20
19.33207166247617
 30
0.0
 10
6.715908850868313
 20
19.29472611841767
 30
0.0
 10
6.684812150947241
 20
19.261811023622048
 30
0.0
 10
6.653715451026169
 20
19.228895928826425
 30
0.0
 10
6.60897917444724
 20
19.2015570931393
 30
0.0
 10
6.55511811023622
 20
19.182553554298647
 30
0.0
 10
6.5012570460252
 20
19.163550015457993
 30
0.0
 10
6.440146155747655
 20
19.153543307086615
 30
0.0
 10
6.377952755905511
 20
19.153543307086615
 30
0.0
 10
6.315759356063367
 20
19.153543307086615
 30
0.0
 10
6.254648465785823
 20
19.163550015457993
 30
0.0
 10
6.200787401574803
 20
19.182553554298647
 30
0.0
 10
6.146926337363783
 20
19.2015570931393
 30
0.0
 10
6.102190060784853
 20
19.228895928826425
 30
0.0
 10
6.071093360863781
 20
19.261811023622048
 30
0.0
 10
6.039996660942709
 20
19.29472611841767
 30
0.0
 10
6.0236220472440944
 20
19.33207166247617
 30
0.0
 10
6.0236220472440944
 20
19.37007874015748
 30
0.0
 10
6.0236220472440944
 20
19.40808581783879
 30
0.0
 10
6.039996660942709
 20
19.445431361897292
 30
0.0
 10
6.071093360863781
 20
19.478346456692915
 30
0.0
 10
6.102190060784853
 20
19.511261551488538
 30
0.0
 10
6.146926337363783
 20
19.538600387175663
 30
0.0
 10
6.200787401574803
 20
19.557603926016316
 30
0.0
 10
6.254648465785823
 20
19.57660746485697
 30
0.0
 10
6.315759356063367
 20
19.586614173228348
 30
0.0
 10
6.377952755905511
 20
19.586614173228348
 30
0.0
 10
6.440146155747655
 20
19.586614173228348
 30
0.0
 10
6.5012570460252
 20
19.57660746485697
 30
0.0
 10
6.55511811023622
 20
19.557603926016316
 30
0.0
 10
6.60897917444724
 20
19.538600387175663
 30
0.0
 10
6.653715451026169
 20
19.511261551488538
 30
0.0
 10
6.684812150947241
 20
19.478346456692915
 30
0.0
 10
6.715908850868313
 20
19.445431361897292
 30
0.0
 10
6.732283464566929
 20
19.40808581783879
 30
0.0
 10
6.732283464566929
 20
19.37007874015748
 30
0.0
  0
SPLINE
  5
DE
330
17
100
AcDbEntity
  8
Front elevation
100
AcDbSpline
 70
0
 71
3
 72
41
 73
37
 74
0
 40
0.0
 40
0.0
 40
0.0
 40
0.0
 40
1.0
 40
1.0
 40
1.0
 40
2.0
 40
2.0
 40
2.0
 40
3.0
 40
3.0
 40
3.0
 40
4.0
 40
4.0
 40
4.0
 40
5.0
 40
5.0
 40
5.0
 40
6.0
 40
6.0
 40
6.0
 40
7.0
 40
7.0
 40
7.0
 40
8.0
 40
8.0
 40
8.0
 40
9.0
 40
9.0
 40
9.0
 40
10.0
 40
10.0
 40
10.0
 40
11.0
 40
11.0
 40
11.0
 40
12.0
 40
12.0
 40
12.0
 40
12.0
 10
7.440944881889763
 20
19.37007874015748
 30
0.0
 10
7.440944881889763
 20
19.33207166247617
 30
0.0
 10
7.4245702681911485
 20
19.29472611841767
 30
0.0
 10
7.3934735682700765
 20
19.261811023622048
 30
0.0
 10
7.3623768683490045
 20
19.228895928826425
 30
0.0
 10
7.317640591770075
 20
19.2015570931393
 30
0.0
 10
7.263779527559055
 20
19.182553554298647
 30
0.0
 10
7.209918463348035
 20
19.163550015457993
 30
0.0
 10
7.14880757307049
 20
19.153543307086615
 30
0.0
 10
7.086614173228346
 20
19.153543307086615
 30
0.0
 10
7.024420773386202
 20
19.153543307086615
 30
0.0
 10
6.963309883108657
 20
19.163550015457993
 30
0.0
 10
6.909448818897637
 20
19.182553554298647
 30
0.0
 10
6.855587754686617
 20
19.2015570931393
 30
0.0
 10
6.810851478107688
 20
19.228895928826425
 30
0.0
 10
6.779754778186616
 20
19.261811023622048
 30
0.0
 10
6.748658078265544
 20
19.29472611841767
 30
0.0
 10
6.732283464566929
 20
19.33207166247617
 30
0.0
 10
6.732283464566929
 20
19.37007874015748
 30
0.0
 10
6.732283464566929
 20
19.40808581783879
 30
0.0
 10
6.748658078265544
 20
19.445431361897292
 30
0.0
 10
6.779754778186616
 20
19.478346456692915
 30
0.0
 10
6.810851478107688
 20
19.511261551488538
 30
0.0
 10
6.855587754686617
 20
19.538600387175663
 30
0.0
 10
6.909448818897637
 20
19.557603926016316
 30
0.0
 10
6.963309883108657
 20
19.57660746485697
 30
0.0
 10
7.024420773386202
 20
19.586614173228348
 30
0.0
 10
7.086614173228346
 20
19.586614173228348
 30
0.0
 10
7.14880757307049
 20
19.586614173228348
 30
0.0
 10
7.209918463348035
 20
19.57660746485697
 30
0.0
 10
7.263779527559055
 20
19.557603926016316
 30
0.0
 10
7.317640591770075
 20
19.538600387175663
 30
0.0
 10
7.3623768683490045
 20
19.511261551488538
 30
0.0
 10
7.3934735682700765
 20
19.478346456692915
 30
0.0
 10
7.4245702681911485
 20
19.445431361897292
 30
0.0
 10
7.440944881889763
 20
19.40808581783879
 30
0.0
 10
7.440944881889763
 20
19.37007874015748
 30
0.0
  0
CIRCLE
  5
DF
330
17
100
AcDbEntity
  8
Front elevation
100
AcDbCircle
 10
6.732283464566929
 20
19.37007874015748
 30
0.0
 40
0.1377952755905512
  0
LWPOLYLINE
  5
E0
330
17
100
AcDbEntity
  8
Front elevation
100
AcDbPolyline
 90
2
 70
0
 10
6.653543307086614
 20
19.251968503937007
 10
6.4173228346456686
 20
18.661417322834644
  0
LWPOLYLINE
  5
E1
330
17
100
AcDbEntity
  8
Front elevation
100
AcDbPolyline
 90
2
 70
0
 10
6.8110236220472435
 20
19.251968503937007
 10
7.047244094488189
 20
18.661417322834644
  0
SPLINE
  5
E2
330
17
100
AcDbEntity
  8
Front elevation
100
AcDbSpline
 70
0
 71
3
 72
8
 73
4
 74
0
 40
0.0
 40
0.0
 40
0.0
 40
0.0
 40
1.0
 40
1.0
 40
1.0
 40
1.0
 10
6.732283464566929
 20
18.503937007874015
 30
0.0
 10
7.251968503937007
 20
18.503937007874015
 30
0.0
 10
7.2047244094488185
 20
17.79527559055118
 30
0.0
 10
6.732283464566929
 20
17.417322834645667
 30
0.0
  0
SPLINE
  5
E3
330
17
100
AcDbEntity
  8
Front elevation
100
AcDbSpline
 70
0
 71
3
 72
8
 73
4
 74
0
 40
0.0
 40
0.0
 40
0.0
 40
0.0
 40
1.0
 40
1.0
 40
1.0
 40
1.0
 10
6.732283464566929
 20
17.417322834645667
 30
0.0
 10
6.259842519685039
 20
17.79527559055118
 30
0.0
 10
6.21259842519685
 20
18.503937007874015
 30
0.0
 10
6.732283464566929
 20
18.503937007874015
 30
0.0
  0
LWPOLYLINE
  5
E4
330
17
100
AcDbEntity
  8
Front elevation
100
AcDbPolyline
 90
2
 70
0
 10
6.732283464566929
 20
18.362204724409448
 10
6.732283464566929
 20
17.653543307086615
  0
SPLINE
  5
E5
330
17
100
AcDbEntity
  8
Front elevation
100
AcDbSpline
 70
0
 71
3
 72
8
 73
4
 74
0
 40
0.0
 40
0.0
 40
0.0
 40
0.0
 40
1.0
 40
1.0
 40
1.0
 40
1.0
 10
6.524409448818897
 20
18.267716535433074
 30
0.0
 10
6.6
 20
18.04724409448819
 30
0.0
 10
6.669291338582677
 20
17.84251968503937
 30
0.0
 10
6.732283464566929
 20
17.653543307086615
 30
0.0
  0
SPLINE
  5
E6
330
17
100
AcDbEntity
  8
Front elevation
100
AcDbSpline
 70
0
 71
3
 72
8
 73
4
 74
0
 40
0.0
 40
0.0
 40
0.0
 40
0.0
 40
1.0
 40
1.0
 40
1.0
 40
1.0
 10
6.94015748031496
 20
18.267716535433074
 30
0.0
 10
6.864566929133858
 20
18.04724409448819
 30
0.0
 10
6.795275590551181
 20
17.84251968503937
 30
0.0
 10
6.732283464566929
 20
17.653543307086615
 30
0.0
  0
CIRCLE
  5
E7
330
17
100
AcDbEntity
  8
Front elevation
100
AcDbCircle
 10
6.732283464566929
 20
17.259842519685037
 30
0.0
 40
0.09842519685039369
  0
SPLINE
  5
E8
330
17
100
AcDbEntity
  8
Front elevation
100
AcDbSpline
 70
0
 71
3
 72
8
 73
4
 74
0
 40
0.0
 40
0.0
 40
0.0
 40
0.0
 40
1.0
 40
1.0
 40
1.0
 40
1.0
 10
6.732283464566929
 20
17.062992125984252
 30
0.0
 10
7.199999999999999
 20
17.062992125984252
 30
0.0
 10
7.15748031496063
 20
16.425196850393704
 30
0.0
 10
6.732283464566929
 20
16.08503937007874
 30
0.0
  0
SPLINE
  5
E9
330
17
100
AcDbEntity
  8
Front elevation
100
AcDbSpline
 70
0
 71
3
 72
8
 73
4
 74
0
 40
0.0
 40
0.0
 40
0.0
 40
0.0
 40
1.0
 40
1.0
 40
1.0
 40
1.0
 10
6.732283464566929
 20
16.08503937007874
 30
0.0
 10
6.307086614173228
 20
16.425196850393704
 30
0.0
 10
6.264566929133858
 20
17.062992125984252
 30
0.0
 10
6.732283464566929
 20
17.062992125984252
 30
0.0
  0
LWPOLYLINE
  5
EA
330
17
100
AcDbEntity
  8
Front elevation
100
AcDbPolyline
 90
2
 70
0
 10
6.732283464566929
 20
16.93543307086614
 10
6.732283464566929
 20
16.29763779527559
  0
SPLINE
  5
EB
330
17
100
AcDbEntity
  8
Front elevation
100
AcDbSpline
 70
0
 71
3
 72
8
 73
4
 74
0
 40
0.0
 40
0.0
 40
0.0
 40
0.0
 40
1.0
 40
1.0
 40
1.0
 40
1.0
 10
6.5451968503937
 20
16.8503937007874
 30
0.0
 10
6.613228346456692
 20
16.65196850393701
 30
0.0
 10
6.675590551181102
 20
16.467716535433073
 30
0.0
 10
6.732283464566929
 20
16.29763779527559
 30
0.0
  0
SPLINE
  5
EC
330
17
100
AcDbEntity
  8
Front elevation
100
AcDbSpline
 70
0
 71
3
 72
8
 73
4
 74
0
 40
0.0
 40
0.0
 40
0.0
 40
0.0
 40
1.0
 40
1.0
 40
1.0
 40
1.0
 10
6.919370078740157
 20
16.8503937007874
 30
0.0
 10
6.851338582677165
 20
16.65196850393701
 30
0.0
 10
6.788976377952755
 20
16.467716535433073
 30
0.0
 10
6.732283464566929
 20
16.29763779527559
 30
0.0
  0
CIRCLE
  5
ED
330
17
100
AcDbEntity
  8
Front elevation
100
AcDbCircle
 10
6.732283464566929
 20
15.92755905511811
 30
0.0
 40
0.09842519685039369
  0
SPLINE
  5
EE
330
17
100
AcDbEntity
  8
Front elevation
100
AcDbSpline
 70
0
 71
3
 72
8
 73
4
 74
0
 40
0.0
 40
0.0
 40
0.0
 40
0.0
 40
1.0
 40
1.0
 40
1.0
 40
1.0
 10
6.732283464566929
 20
15.730708661417324
 30
0.0
 10
7.153228346456693
 20
15.730708661417324
 30
0.0
 10
7.11496062992126
 20
15.156692913385829
 30
0.0
 10
6.732283464566929
 20
14.850551181102363
 30
0.0
  0
SPLINE
  5
EF
330
17
100
AcDbEntity
  8
Front elevation
100
AcDbSpline
 70
0
 71
3
 72
8
 73
4
 74
0
 40
0.0
 40
0.0
 40
0.0
 40
0.0
 40
1.0
 40
1.0
 40
1.0
 40
1.0
 10
6.732283464566929
 20
14.850551181102363
 30
0.0
 10
6.349606299212598
 20
15.156692913385829
 30
0.0
 10
6.311338582677164
 20
15.730708661417324
 30
0.0
 10
6.732283464566929
 20
15.730708661417324
 30
0.0
  0
LWPOLYLINE
  5
F0
330
17
100
AcDbEntity
  8
Front elevation
100
AcDbPolyline
 90
2
 70
0
 10
6.732283464566929
 20
15.615905511811025
 10
6.732283464566929
 20
15.04188976377953
  0
SPLINE
  5
F1
330
17
100
AcDbEntity
  8
Front elevation
100
AcDbSpline
 70
0
 71
3
 72
8
 73
4
 74
0
 40
0.0
 40
0.0
 40
0.0
 40
0.0
 40
1.0
 40
1.0
 40
1.0
 40
1.0
 10
6.563905511811023
 20
15.539370078740157
 30
0.0
 10
6.625133858267716
 20
15.360787401574804
 30
0.0
 10
6.681259842519685
 20
15.194960629921262
 30
0.0
 10
6.732283464566929
 20
15.04188976377953
 30
0.0
  0
SPLINE
  5
F2
330
17
100
AcDbEntity
  8
Front elevation
100
AcDbSpline
 70
0
 71
3
 72
8
 73
4
 74
0
 40
0.0
 40
0.0
 40
0.0
 40
0.0
 40
1.0
 40
1.0
 40
1.0
 40
1.0
 10
6.9006614173228344
 20
15.539370078740157
 30
0.0
 10
6.839433070866141
 20
15.360787401574804
 30
0.0
 10
6.7833070866141725
 20
15.194960629921262
 30
0.0
 10
6.732283464566929
 20
15.04188976377953
 30
0.0
  0
CIRCLE
  5
F3
330
17
100
AcDbEntity
  8
Front elevation
100
AcDbCircle
 10
6.732283464566929
 20
14.693070866141733
 30
0.0
 40
0.09842519685039369
  0
SPLINE
  5
F4
330
17
100
AcDbEntity
  8
Front elevation
100
AcDbSpline
 70
0
 71
3
 72
8
 73
4
 74
0
 40
0.0
 40
0.0
 40
0.0
 40
0.0
 40
1.0
 40
1.0
 40
1.0
 40
1.0
 10
6.732283464566929
 20
14.496220472440946
 30
0.0
 10
7.111133858267716
 20
14.496220472440946
 30
0.0
 10
7.076692913385827
 20
13.9796062992126
 30
0.0
 10
6.732283464566929
 20
13.704078740157481
 30
0.0
  0
SPLINE
  5
F5
330
17
100
AcDbEntity
  8
Front elevation
100
AcDbSpline
 70
0
 71
3
 72
8
 73
4
 74
0
 40
0.0
 40
0.0
 40
0.0
 40
0.0
 40
1.0
 40
1.0
 40
1.0
 40
1.0
 10
6.732283464566929
 20
13.704078740157481
 30
0.0
 10
6.3878740157480305
 20
13.9796062992126
 30
0.0
 10
6.353433070866141
 20
14.496220472440946
 30
0.0
 10
6.732283464566929
 20
14.496220472440946
 30
0.0
  0
LWPOLYLINE
  5
F6
330
17
100
AcDbEntity
  8
Front elevation
100
AcDbPolyline
 90
2
 70
0
 10
6.732283464566929
 20
14.392897637795278
 10
6.732283464566929
 20
13.876283464566932
  0
SPLINE
  5
F7
330
17
100
AcDbEntity
  8
Front elevation
100
AcDbSpline
 70
0
 71
3
 72
8
 73
4
 74
0
 40
0.0
 40
0.0
 40
0.0
 40
0.0
 40
1.0
 40
1.0
 40
1.0
 40
1.0
 10
6.580743307086614
 20
14.324015748031497
 30
0.0
 10
6.635848818897638
 20
14.16329133858268
 30
0.0
 10
6.686362204724409
 20
14.01404724409449
 30
0.0
 10
6.732283464566929
 20
13.876283464566932
 30
0.0
  0
SPLINE
  5
F8
330
17
100
AcDbEntity
  8
Front elevation
100
AcDbSpline
 70
0
 71
3
 72
8
 73
4
 74
0
 40
0.0
 40
0.0
 40
0.0
 40
0.0
 40
1.0
 40
1.0
 40
1.0
 40
1.0
 10
6.8838236220472435
 20
14.324015748031497
 30
0.0
 10
6.8287181102362196
 20
14.16329133858268
 30
0.0
 10
6.7782047244094485
 20
14.01404724409449
 30
0.0
 10
6.732283464566929
 20
13.876283464566932
 30
0.0
  0
CIRCLE
  5
F9
330
17
100
AcDbEntity
  8
Front elevation
100
AcDbCircle
 10
6.732283464566929
 20
13.54659842519685
 30
0.0
 40
0.09842519685039369
  0
SPLINE
  5
FA
330
17
100
AcDbEntity
  8
Front elevation
100
AcDbSpline
 70
0
 71
3
 72
8
 73
4
 74
0
 40
0.0
 40
0.0
 40
0.0
 40
0.0
 40
1.0
 40
1.0
 40
1.0
 40
1.0
 10
6.732283464566929
 20
13.349748031496063
 30
0.0
 10
7.073248818897637
 20
13.349748031496063
 30
0.0
 10
7.042251968503937
 20
12.884795275590552
 30
0.0
 10
6.732283464566929
 20
12.636820472440945
 30
0.0
  0
SPLINE
  5
FB
330
17
100
AcDbEntity
  8
Front elevation
100
AcDbSpline
 70
0
 71
3
 72
8
 73
4
 74
0
 40
0.0
 40
0.0
 40
0.0
 40
0.0
 40
1.0
 40
1.0
 40
1.0
 40
1.0
 10
6.732283464566929
 20
12.636820472440945
 30
0.0
 10
6.422314960629921
 20
12.884795275590552
 30
0.0
 10
6.39131811023622
 20
13.349748031496063
 30
0.0
 10
6.732283464566929
 20
13.349748031496063
 30
0.0
  0
LWPOLYLINE
  5
FC
330
17
100
AcDbEntity
  8
Front elevation
100
AcDbPolyline
 90
2
 70
0
 10
6.732283464566929
 20
13.25675748031496
 10
6.732283464566929
 20
12.791804724409449
  0
SPLINE
  5
FD
330
17
100
AcDbEntity
  8
Front elevation
100
AcDbSpline
 70
0
 71
3
 72
8
 73
4
 74
0
 40
0.0
 40
0.0
 40
0.0
 40
0.0
 40
1.0
 40
1.0
 40
1.0
 40
1.0
 10
6.595897322834645
 20
13.194763779527559
 30
0.0
 10
6.645492283464566
 20
13.050111811023623
 30
0.0
 10
6.690954330708661
 20
12.915792125984252
 30
0.0
 10
6.732283464566929
 20
12.791804724409449
 30
0.0
  0
SPLINE
  5
FE
330
17
100
AcDbEntity
  8
Front elevation
100
AcDbSpline
 70
0
 71
3
 72
8
 73
4
 74
0
 40
0.0
 40
0.0
 40
0.0
 40
0.0
 40
1.0
 40
1.0
 40
1.0
 40
1.0
 10
6.868669606299212
 20
13.194763779527559
 30
0.0
 10
6.819074645669291
 20
13.050111811023623
 30
0.0
 10
6.7736125984251965
 20
12.915792125984252
 30
0.0
 10
6.732283464566929
 20
12.791804724409449
 30
0.0
  0
CIRCLE
  5
FF
330
17
100
AcDbEntity
  8
Front elevation
100
AcDbCircle
 10
6.732283464566929
 20
12.479340157480314
 30
0.0
 40
0.09842519685039369
  0
SPLINE
  5
100
330
17
100
AcDbEntity
  8
Front elevation
100
AcDbSpline
 70
0
 71
3
 72
8
 73
4
 74
0
 40
0.0
 40
0.0
 40
0.0
 40
0.0
 40
1.0
 40
1.0
 40
1.0
 40
1.0
 10
6.732283464566929
 20
12.282489763779527
 30
0.0
 10
7.039152283464567
 20
12.282489763779527
 30
0.0
 10
7.0112551181102365
 20
11.864032283464567
 30
0.0
 10
6.732283464566929
 20
11.64085496062992
 30
0.0
  0
SPLINE
  5
101
330
17
100
AcDbEntity
  8
Front elevation
100
AcDbSpline
 70
0
 71
3
 72
8
 73
4
 74
0
 40
0.0
 40
0.0
 40
0.0
 40
0.0
 40
1.0
 40
1.0
 40
1.0
 40
1.0
 10
6.732283464566929
 20
11.64085496062992
 30
0.0
 10
6.453311811023622
 20
11.864032283464567
 30
0.0
 10
6.42541464566929
 20
12.282489763779527
 30
0.0
 10
6.732283464566929
 20
12.282489763779527
 30
0.0
  0
LWPOLYLINE
  5
102
330
17
100
AcDbEntity
  8
Front elevation
100
AcDbPolyline
 90
2
 70
0
 10
6.732283464566929
 20
12.198798267716537
 10
6.732283464566929
 20
11.780340787401574
  0
SPLINE
  5
103
330
17
100
AcDbEntity
  8
Front elevation
100
AcDbSpline
 70
0
 71
3
 72
8
 73
4
 74
0
 40
0.0
 40
0.0
 40
0.0
 40
0.0
 40
1.0
 40
1.0
 40
1.0
 40
1.0
 10
6.609535937007873
 20
12.143003937007876
 30
0.0
 10
6.654171401574803
 20
12.012817165354333
 30
0.0
 10
6.695087244094488
 20
11.891929448818898
 30
0.0
 10
6.732283464566929
 20
11.780340787401574
 30
0.0
  0
SPLINE
  5
104
330
17
100
AcDbEntity
  8
Front elevation
100
AcDbSpline
 70
0
 71
3
 72
8
 73
4
 74
0
 40
0.0
 40
0.0
 40
0.0
 40
0.0
 40
1.0
 40
1.0
 40
1.0
 40
1.0
 10
6.855030992125984
 20
12.143003937007876
 30
0.0
 10
6.810395527559055
 20
12.012817165354333
 30
0.0
 10
6.76947968503937
 20
11.891929448818898
 30
0.0
 10
6.732283464566929
 20
11.780340787401574
 30
0.0
  0
CIRCLE
  5
105
330
17
100
AcDbEntity
  8
Front elevation
100
AcDbCircle
 10
6.732283464566929
 20
11.48337464566929
 30
0.0
 40
0.09842519685039369
  0
SPLINE
  5
106
330
17
100
AcDbEntity
  8
Front elevation
100
AcDbSpline
 70
0
 71
3
 72
8
 73
4
 74
0
 40
0.0
 40
0.0
 40
0.0
 40
0.0
 40
1.0
 40
1.0
 40
1.0
 40
1.0
 10
6.732283464566929
 20
11.286524251968505
 30
0.0
 10
7.008465401574803
 20
11.286524251968505
 30
0.0
 10
6.983357952755905
 20
10.90991251968504
 30
0.0
 10
6.732283464566929
 20
10.709052929133858
 30
0.0
  0
SPLINE
  5
107
330
17
100
AcDbEntity
  8
Front elevation
100
AcDbSpline
 70
0
 71
3
 72
8
 73
4
 74
0
 40
0.0
 40
0.0
 40
0.0
 40
0.0
 40
1.0
 40
1.0
 40
1.0
 40
1.0
 10
6.732283464566929
 20
10.709052929133858
 30
0.0
 10
6.481208976377952
 20
10.90991251968504
 30
0.0
 10
6.4561015275590545
 20
11.286524251968505
 30
0.0
 10
6.732283464566929
 20
11.286524251968505
 30
0.0
  0
LWPOLYLINE
  5
108
330
17
100
AcDbEntity
  8
Front elevation
100
AcDbPolyline
 90
2
 70
0
 10
6.732283464566929
 20
11.21120190551181
 10
6.732283464566929
 20
10.834590173228346
  0
SPLINE
  5
109
330
17
100
AcDbEntity
  8
Front elevation
100
AcDbSpline
 70
0
 71
3
 72
8
 73
4
 74
0
 40
0.0
 40
0.0
 40
0.0
 40
0.0
 40
1.0
 40
1.0
 40
1.0
 40
1.0
 10
6.6218106897637785
 20
11.160987007874017
 30
0.0
 10
6.661982607874015
 20
11.043818913385826
 30
0.0
 10
6.698806866141732
 20
10.935019968503935
 30
0.0
 10
6.732283464566929
 20
10.834590173228346
 30
0.0
  0
SPLINE
  5
10A
330
17
100
AcDbEntity
  8
Front elevation
100
AcDbSpline
 70
0
 71
3
 72
8
 73
4
 74
0
 40
0.0
 40
0.0
 40
0.0
 40
0.0
 40
1.0
 40
1.0
 40
1.0
 40
1.0
 10
6.842756239370079
 20
11.160987007874017
 30
0.0
 10
6.802584321259842
 20
11.043818913385826
 30
0.0
 10
6.7657600629921255
 20
10.935019968503935
 30
0.0
 10
6.732283464566929
 20
10.834590173228346
 30
0.0
  0
CIRCLE
  5
10B
330
17
100
AcDbEntity
  8
Front elevation
100
AcDbCircle
 10
6.732283464566929
 20
10.551572614173228
 30
0.0
 40
0.09842519685039369
  0
SPLINE
  5
10C
330
17
100
AcDbEntity
  8
Front elevation
100
AcDbSpline
 70
0
 71
3
 72
8
 73
4
 74
0
 40
0.0
 40
0.0
 40
0.0
 40
0.0
 40
1.0
 40
1.0
 40
1.0
 40
1.0
 10
6.732283464566929
 20
10.354722220472443
 30
0.0
 10
6.980847207874016
 20
10.354722220472443
 30
0.0
 10
6.958250503937007
 20
10.015771661417322
 30
0.0
 10
6.732283464566929
 20
9.834998029921262
 30
0.0
  0
SPLINE
  5
10D
330
17
100
AcDbEntity
  8
Front elevation
100
AcDbSpline
 70
0
 71
3
 72
8
 73
4
 74
0
 40
0.0
 40
0.0
 40
0.0
 40
0.0
 40
1.0
 40
1.0
 40
1.0
 40
1.0
 10
6.732283464566929
 20
9.834998029921262
 30
0.0
 10
6.50631642519685
 20
10.015771661417322
 30
0.0
 10
6.483719721259842
 20
10.354722220472443
 30
0.0
 10
6.732283464566929
 20
10.354722220472443
 30
0.0
  0
LWPOLYLINE
  5
10E
330
17
100
AcDbEntity
  8
Front elevation
100
AcDbPolyline
 90
2
 70
0
 10
6.732283464566929
 20
10.286932108661418
 10
6.732283464566929
 20
9.9479815496063
  0
SPLINE
  5
10F
330
17
100
AcDbEntity
  8
Front elevation
100
AcDbSpline
 70
0
 71
3
 72
8
 73
4
 74
0
 40
0.0
 40
0.0
 40
0.0
 40
0.0
 40
1.0
 40
1.0
 40
1.0
 40
1.0
 10
6.632857967244094
 20
10.241738700787401
 30
0.0
 10
6.669012693543307
 20
10.136287415748031
 30
0.0
 10
6.702154525984252
 20
10.038368365354332
 30
0.0
 10
6.732283464566929
 20
9.9479815496063
 30
0.0
  0
SPLINE
  5
110
330
17
100
AcDbEntity
  8
Front elevation
100
AcDbSpline
 70
0
 71
3
 72
8
 73
4
 74
0
 40
0.0
 40
0.0
 40
0.0
 40
0.0
 40
1.0
 40
1.0
 40
1.0
 40
1.0
 10
6.831708961889763
 20
10.241738700787401
 30
0.0
 10
6.795554235590551
 20
10.136287415748031
 30
0.0
 10
6.762412403149606
 20
10.038368365354332
 30
0.0
 10
6.732283464566929
 20
9.9479815496063
 30
0.0
  0
CIRCLE
  5
111
330
17
100
AcDbEntity
  8
Front elevation
100
AcDbCircle
 10
6.732283464566929
 20
9.67751771496063
 30
0.0
 40
0.09842519685039369
  0
SPLINE
  5
112
330
17
100
AcDbEntity
  8
Front elevation
100
AcDbSpline
 70
0
 71
3
 72
8
 73
4
 74
0
 40
0.0
 40
0.0
 40
0.0
 40
0.0
 40
1.0
 40
1.0
 40
1.0
 40
1.0
 10
6.732283464566929
 20
9.480667321259844
 30
0.0
 10
6.955990833543307
 20
9.480667321259844
 30
0.0
 10
6.9356538
 20
9.175611818110237
 30
0.0
 10
6.732283464566929
 20
9.012915549763783
 30
0.0
  0
SPLINE
  5
113
330
17
100
AcDbEntity
  8
Front elevation
100
AcDbSpline
 70
0
 71
3
 72
8
 73
4
 74
0
 40
0.0
 40
0.0
 40
0.0
 40
0.0
 40
1.0
 40
1.0
 40
1.0
 40
1.0
 10
6.732283464566929
 20
9.012915549763783
 30
0.0
 10
6.528913129133858
 20
9.175611818110237
 30
0.0
 10
6.50857609559055
 20
9.480667321259844
 30
0.0
 10
6.732283464566929
 20
9.480667321259844
 30
0.0
  0
LWPOLYLINE
  5
114
330
17
100
AcDbEntity
  8
Front elevation
100
AcDbPolyline
 90
2
 70
0
 10
6.732283464566929
 20
9.419656220629925
 10
6.732283464566929
 20
9.114600717480315
  0
SPLINE
  5
115
330
17
100
AcDbEntity
  8
Front elevation
100
AcDbSpline
 70
0
 71
3
 72
8
 73
4
 74
0
 40
0.0
 40
0.0
 40
0.0
 40
0.0
 40
1.0
 40
1.0
 40
1.0
 40
1.0
 10
6.6428005169763775
 20
9.378982153543308
 30
0.0
 10
6.675339770645669
 20
9.284075997007877
 30
0.0
 10
6.705167419842519
 20
9.195948851653545
 30
0.0
 10
6.732283464566929
 20
9.114600717480315
 30
0.0
  0
SPLINE
  5
116
330
17
100
AcDbEntity
  8
Front elevation
100
AcDbSpline
 70
0
 71
3
 72
8
 73
4
 74
0
 40
0.0
 40
0.0
 40
0.0
 40
0.0
 40
1.0
 40
1.0
 40
1.0
 40
1.0
 10
6.82176641215748
 20
9.378982153543308
 30
0.0
 10
6.789227158488188
 20
9.284075997007877
 30
0.0
 10
6.759399509291338
 20
9.195948851653545
 30
0.0
 10
6.732283464566929
 20
9.114600717480315
 30
0.0
  0
CIRCLE
  5
117
330
17
100
AcDbEntity
  8
Front elevation
100
AcDbCircle
 10
6.732283464566929
 20
8.85543523480315
 30
0.0
 40
0.09842519685039369
  0
SPLINE
  5
118
330
17
100
AcDbEntity
  8
Front elevation
100
AcDbSpline
 70
0
 71
3
 72
8
 73
4
 74
0
 40
0.0
 40
0.0
 40
0.0
 40
0.0
 40
1.0
 40
1.0
 40
1.0
 40
1.0
 10
6.732283464566929
 20
8.658584841102364
 30
0.0
 10
6.933620096645669
 20
8.658584841102364
 30
0.0
 10
6.915316766456693
 20
8.384034888267717
 30
0.0
 10
6.732283464566929
 20
8.237608246755908
 30
0.0
  0
SPLINE
  5
119
330
17
100
AcDbEntity
  8
Front elevation
100
AcDbSpline
 70
0
 71
3
 72
8
 73
4
 74
0
 40
0.0
 40
0.0
 40
0.0
 40
0.0
 40
1.0
 40
1.0
 40
1.0
 40
1.0
 10
6.732283464566929
 20
8.237608246755908
 30
0.0
 10
6.549250162677165
 20
8.384034888267717
 30
0.0
 10
6.530946832488189
 20
8.658584841102364
 30
0.0
 10
6.732283464566929
 20
8.658584841102364
 30
0.0
  0
LWPOLYLINE
  5
11A
330
17
100
AcDbEntity
  8
Front elevation
100
AcDbPolyline
 90
2
 70
0
 10
6.732283464566929
 20
8.603674850535434
 10
6.732283464566929
 20
8.329124897700787
  0
SPLINE
  5
11B
330
17
100
AcDbEntity
  8
Front elevation
100
AcDbSpline
 70
0
 71
3
 72
8
 73
4
 74
0
 40
0.0
 40
0.0
 40
0.0
 40
0.0
 40
1.0
 40
1.0
 40
1.0
 40
1.0
 10
6.651748811735432
 20
8.567068190157482
 30
0.0
 10
6.681034140037794
 20
8.481652649275592
 30
0.0
 10
6.70787902431496
 20
8.402338218456693
 30
0.0
 10
6.732283464566929
 20
8.329124897700787
 30
0.0
  0
SPLINE
  5
11C
330
17
100
AcDbEntity
  8
Front elevation
100
AcDbSpline
 70
0
 71
3
 72
8
 73
4
 74
0
 40
0.0
 40
0.0
 40
0.0
 40
0.0
 40
1.0
 40
1.0
 40
1.0
 40
1.0
 10
6.812818117398425
 20
8.567068190157482
 30
0.0
 10
6.783532789096063
 20
8.481652649275592
 30
0.0
 10
6.7566879048188975
 20
8.402338218456693
 30
0.0
 10
6.732283464566929
 20
8.329124897700787
 30
0.0
  0
CIRCLE
  5
11D
330
17
100
AcDbEntity
  8
Front elevation
100
AcDbCircle
 10
6.732283464566929
 20
8.080127931795278
 30
0.0
 40
0.09842519685039369
  0
LWPOLYLINE
  5
11E
330
17
100
AcDbEntity
  8
Front elevation
100
AcDbPolyline
 90
5
 70
0
 10
6.062992125984252
 20
5.511811023622048
 10
7.401574803149606
 20
5.511811023622048
 10
7.401574803149606
 20
3.1496062992126
 10
6.062992125984252
 20
3.1496062992126
 10
6.062992125984252
 20
5.511811023622048
  0
LINE
  5
11F
330
17
100
AcDbEntity
  8
Front elevation
100
AcDbLine
 10
6.062992125984252
 20
5.196850393700787
 30
0.0
 11
7.4015748031496065
 21
5.196850393700787
 31
0.0
  0
LWPOLYLINE
  5
120
330
17
100
AcDbEntity
  8
Front elevation
100
AcDbPolyline
 90
5
 70
0
 10
5.94488188976378
 20
27.95275590551181
 10
7.519685039370078
 20
27.95275590551181
 10
7.519685039370078
 20
27.480314960629922
 10
5.94488188976378
 20
27.480314960629922
 10
5.94488188976378
 20
27.95275590551181
  0
LWPOLYLINE
  5
121
330
17
100
AcDbEntity
  8
Front elevation
100
AcDbPolyline
 90
5
 70
0
 10
6.141732283464567
 20
27.480314960629922
 10
7.322834645669291
 20
27.480314960629922
 10
7.125984251968504
 20
21.653543307086615
 10
6.338582677165354
 20
21.653543307086615
 10
6.141732283464567
 20
27.480314960629922
  0
LINE
  5
122
330
17
100
AcDbEntity
  8
Front elevation
100
AcDbLine
 10
6.377952755905512
 20
27.244094488188978
 30
0.0
 11
6.496062992125984
 21
21.88976377952756
 31
0.0
  0
LINE
  5
123
330
17
100
AcDbEntity
  8
Front elevation
100
AcDbLine
 10
6.6141732283464565
 20
27.244094488188978
 30
0.0
 11
6.653543307086614
 21
21.88976377952756
 31
0.0
  0
LINE
  5
124
330
17
100
AcDbEntity
  8
Front elevation
100
AcDbLine
 10
6.850393700787402
 20
27.244094488188978
 30
0.0
 11
6.811023622047244
 21
21.88976377952756
 31
0.0
  0
LINE
  5
125
330
17
100
AcDbEntity
  8
Front elevation
100
AcDbLine
 10
7.086614173228346
 20
27.244094488188978
 30
0.0
 11
6.968503937007874
 21
21.88976377952756
 31
0.0
  0
POLYLINE
  5
126
330
17
100
AcDbEntity
  8
Front elevation
100
AcDb2dPolyline
 66
1
 10
0.0
 20
0.0
 30
0.0
 70
0
  0
VERTEX
  5
127
330
126
100
AcDbEntity
  8
Front elevation
100
AcDbVertex
100
AcDb2dVertex
 10
6.574803149606299
 20
21.653543307086615
 30
0.0
 70
0
  0
VERTEX
  5
128
330
126
100
AcDbEntity
  8
Front elevation
100
AcDbVertex
100
AcDb2dVertex
 10
6.889763779527559
 20
21.653543307086615
 30
0.0
 70
0
  0
SEQEND
  5
129
330
126
100
AcDbEntity
  8
Front elevation
  0
SPLINE
  5
12A
330
17
100
AcDbEntity
  8
Front elevation
100
AcDbSpline
 70
0
 71
3
 72
14
 73
10
 74
0
 40
0.0
 40
0.0
 40
0.0
 40
0.0
 40
1.0
 40
1.0
 40
1.0
 40
2.0
 40
2.0
 40
2.0
 40
3.0
 40
3.0
 40
3.0
 40
3.0
 10
6.889763779527559
 20
21.653543307086615
 30
0.0
 10
6.958867557129941
 20
21.653543307086615
 30
0.0
 10
7.026768546327213
 20
21.635349291865932
 30
0.0
 10
7.086614173228346
 20
21.60079740306474
 30
0.0
 10
7.146459800129479
 20
21.56624551426355
 30
0.0
 10
7.196166774106068
 20
21.51653854028696
 30
0.0
 10
7.230718662907259
 20
21.45669291338583
 30
0.0
 10
7.26527055170845
 20
21.396847286484693
 30
0.0
 10
7.283464566929133
 20
21.328946297287423
 30
0.0
 10
7.283464566929133
 20
21.25984251968504
 30
0.0
  0
POLYLINE
  5
12B
330
17
100
AcDbEntity
  8
Front elevation
100
AcDb2dPolyline
 66
1
 10
0.0
 20
0.0
 30
0.0
 70
0
  0
VERTEX
  5
12C
330
12B
100
AcDbEntity
  8
Front elevation
100
AcDbVertex
100
AcDb2dVertex
 10
7.283464566929133
 20
21.25984251968504
 30
0.0
 70
0
  0
VERTEX
  5
12D
330
12B
100
AcDbEntity
  8
Front elevation
100
AcDbVertex
100
AcDb2dVertex
 10
7.283464566929133
 20
21.181102362204726
 30
0.0
 70
0
  0
SEQEND
  5
12E
330
12B
100
AcDbEntity
  8
Front elevation
  0
SPLINE
  5
12F
330
17
100
AcDbEntity
  8
Front elevation
100
AcDbSpline
 70
0
 71
3
 72
14
 73
10
 74
0
 40
0.0
 40
0.0
 40
0.0
 40
0.0
 40
1.0
 40
1.0
 40
1.0
 40
2.0
 40
2.0
 40
2.0
 40
3.0
 40
3.0
 40
3.0
 40
3.0
 10
7.283464566929133
 20
21.181102362204726
 30
0.0
 10
7.283464566929133
 20
21.111998584602343
 30
0.0
 10
7.265270551708451
 20
21.04409759540507
 30
0.0
 10
7.230718662907259
 20
20.98425196850394
 30
0.0
 10
7.196166774106068
 20
20.924406341602804
 30
0.0
 10
7.146459800129479
 20
20.874699367626217
 30
0.0
 10
7.086614173228346
 20
20.840147478825024
 30
0.0
 10
7.026768546327213
 20
20.805595590023835
 30
0.0
 10
6.958867557129941
 20
20.787401574803148
 30
0.0
 10
6.889763779527559
 20
20.787401574803148
 30
0.0
  0
POLYLINE
  5
130
330
17
100
AcDbEntity
  8
Front elevation
100
AcDb2dPolyline
 66
1
 10
0.0
 20
0.0
 30
0.0
 70
0
  0
VERTEX
  5
131
330
130
100
AcDbEntity
  8
Front elevation
100
AcDbVertex
100
AcDb2dVertex
 10
6.889763779527559
 20
20.787401574803148
 30
0.0
 70
0
  0
VERTEX
  5
132
330
130
100
AcDbEntity
  8
Front elevation
100
AcDbVertex
100
AcDb2dVertex
 10
6.574803149606299
 20
20.787401574803148
 30
0.0
 70
0
  0
SEQEND
  5
133
330
130
100
AcDbEntity
  8
Front elevation
  0
SPLINE
  5
134
330
17
100
AcDbEntity
  8
Front elevation
100
AcDbSpline
 70
0
 71
3
 72
14
 73
10
 74
0
 40
0.0
 40
0.0
 40
0.0
 40
0.0
 40
1.0
 40
1.0
 40
1.0
 40
2.0
 40
2.0
 40
2.0
 40
3.0
 40
3.0
 40
3.0
 40
3.0
 10
6.574803149606299
 20
20.787401574803148
 30
0.0
 10
6.5056993720039165
 20
20.787401574803148
 30
0.0
 10
6.437798382806645
 20
20.805595590023835
 30
0.0
 10
6.377952755905511
 20
20.840147478825024
 30
0.0
 10
6.318107129004378
 20
20.874699367626217
 30
0.0
 10
6.2684001550277895
 20
20.924406341602804
 30
0.0
 10
6.233848266226599
 20
20.98425196850394
 30
0.0
 10
6.199296377425408
 20
21.04409759540507
 30
0.0
 10
6.181102362204724
 20
21.111998584602343
 30
0.0
 10
6.181102362204724
 20
21.181102362204726
 30
0.0
  0
POLYLINE
  5
135
330
17
100
AcDbEntity
  8
Front elevation
100
AcDb2dPolyline
 66
1
 10
0.0
 20
0.0
 30
0.0
 70
0
  0
VERTEX
  5
136
330
135
100
AcDbEntity
  8
Front elevation
100
AcDbVertex
100
AcDb2dVertex
 10
6.181102362204724
 20
21.181102362204726
 30
0.0
 70
0
  0
VERTEX
  5
137
330
135
100
AcDbEntity
  8
Front elevation
100
AcDbVertex
100
AcDb2dVertex
 10
6.181102362204724
 20
21.25984251968504
 30
0.0
 70
0
  0
SEQEND
  5
138
330
135
100
AcDbEntity
  8
Front elevation
  0
SPLINE
  5
139
330
17
100
AcDbEntity
  8
Front elevation
100
AcDbSpline
 70
0
 71
3
 72
14
 73
10
 74
0
 40
0.0
 40
0.0
 40
0.0
 40
0.0
 40
1.0
 40
1.0
 40
1.0
 40
2.0
 40
2.0
 40
2.0
 40
3.0
 40
3.0
 40
3.0
 40
3.0
 10
6.181102362204724
 20
21.25984251968504
 30
0.0
 10
6.181102362204724
 20
21.328946297287423
 30
0.0
 10
6.199296377425407
 20
21.396847286484693
 30
0.0
 10
6.233848266226598
 20
21.45669291338583
 30
0.0
 10
6.2684001550277895
 20
21.51653854028696
 30
0.0
 10
6.318107129004378
 20
21.56624551426355
 30
0.0
 10
6.377952755905511
 20
21.60079740306474
 30
0.0
 10
6.437798382806644
 20
21.635349291865932
 30
0.0
 10
6.5056993720039165
 20
21.653543307086615
 30
0.0
 10
6.574803149606299
 20
21.653543307086615
 30
0.0
  0
CIRCLE
  5
13A
330
17
100
AcDbEntity
  8
Front elevation
100
AcDbCircle
 10
6.732283464566929
 20
21.22047244094488
 30
0.0
 40
0.19685039370078738
  0
CIRCLE
  5
13B
330
17
100
AcDbEntity
  8
Front elevation
100
AcDbCircle
 10
6.732283464566929
 20
20.590551181102363
 30
0.0
 40
0.19685039370078738
  0
LWPOLYLINE
  5
13C
330
17
100
AcDbEntity
  8
Front elevation
100
AcDbPolyline
 90
4
 70
0
 10
5.905511811023621
 20
24.409448818897637
 10
5.4330708661417315
 20
24.409448818897637
 10
5.4330708661417315
 20
5.511811023622048
 10
5.905511811023621
 20
5.511811023622048
  0
LINE
  5
13D
330
17
100
AcDbEntity
  8
Front elevation
100
AcDbLine
 10
5.692913385826771
 20
24.409448818897637
 30
0.0
 11
5.692913385826771
 21
5.511811023622047
 31
0.0
  0
LWPOLYLINE
  5
13E
330
17
100
AcDbEntity
  8
Front elevation
100
AcDbPolyline
 90
5
 70
0
 10
5.314960629921259
 20
20.31496062992126
 10
5.905511811023621
 20
20.31496062992126
 10
5.905511811023621
 20
19.84251968503937
 10
5.314960629921259
 20
19.84251968503937
 10
5.314960629921259
 20
20.31496062992126
  0
LWPOLYLINE
  5
13F
330
17
100
AcDbEntity
  8
Front elevation
100
AcDbPolyline
 90
5
 70
0
 10
5.314960629921259
 20
7.244094488188978
 10
5.905511811023621
 20
7.244094488188978
 10
5.905511811023621
 20
6.771653543307089
 10
5.314960629921259
 20
6.771653543307089
 10
5.314960629921259
 20
7.244094488188978
  0
LWPOLYLINE
  5
140
330
17
100
AcDbEntity
  8
Front elevation
100
AcDbPolyline
 90
5
 70
0
 10
5.275590551181102
 20
5.511811023622048
 10
5.905511811023621
 20
5.511811023622048
 10
5.905511811023621
 20
3.1496062992126
 10
5.275590551181102
 20
3.1496062992126
 10
5.275590551181102
 20
5.511811023622048
  0
POLYLINE
  5
141
330
17
100
AcDbEntity
  8
Front elevation
100
AcDb2dPolyline
 66
1
 10
0.0
 20
0.0
 30
0.0
 70
0
  0
VERTEX
  5
142
330
141
100
AcDbEntity
  8
Front elevation
100
AcDbVertex
100
AcDb2dVertex
 10
5.905511811023621
 20
27.480314960629922
 30
0.0
 70
0
  0
VERTEX
  5
143
330
141
100
AcDbEntity
  8
Front elevation
100
AcDbVertex
100
AcDb2dVertex
 10
5.039370078740157
 20
27.480314960629922
 30
0.0
 70
0
  0
VERTEX
  5
144
330
141
100
AcDbEntity
  8
Front elevation
100
AcDbVertex
100
AcDb2dVertex
 10
5.039370078740157
 20
27.165354330708663
 30
0.0
 70
0
  0
VERTEX
  5
145
330
141
100
AcDbEntity
  8
Front elevation
100
AcDbVertex
100
AcDb2dVertex
 10
5.2362204724409445
 20
27.165354330708663
 30
0.0
 70
0
  0
SEQEND
  5
146
330
141
100
AcDbEntity
  8
Front elevation
  0
SPLINE
  5
147
330
17
100
AcDbEntity
  8
Front elevation
100
AcDbSpline
 70
0
 71
3
 72
8
 73
4
 74
0
 40
0.0
 40
0.0
 40
0.0
 40
0.0
 40
1.0
 40
1.0
 40
1.0
 40
1.0
 10
5.2362204724409445
 20
27.165354330708663
 30
0.0
 10
5.2362204724409445
 20
25.590551181102363
 30
0.0
 10
5.551181102362205
 20
25.19685039370079
 30
0.0
 10
5.590551181102362
 20
21.653543307086615
 30
0.0
  0
SPLINE
  5
148
330
17
100
AcDbEntity
  8
Front elevation
100
AcDbSpline
 70
0
 71
3
 72
8
 73
4
 74
0
 40
0.0
 40
0.0
 40
0.0
 40
0.0
 40
1.0
 40
1.0
 40
1.0
 40
1.0
 10
5.590551181102362
 20
21.653543307086615
 30
0.0
 10
5.275590551181102
 20
21.5748031496063
 30
0.0
 10
5.196850393700787
 20
20.787401574803148
 30
0.0
 10
5.511811023622046
 20
20.62992125984252
 30
0.0
  0
POLYLINE
  5
149
330
17
100
AcDbEntity
  8
Front elevation
100
AcDb2dPolyline
 66
1
 10
0.0
 20
0.0
 30
0.0
 70
0
  0
VERTEX
  5
14A
330
149
100
AcDbEntity
  8
Front elevation
100
AcDbVertex
100
AcDb2dVertex
 10
5.511811023622046
 20
20.62992125984252
 30
0.0
 70
0
  0
VERTEX
  5
14B
330
149
100
AcDbEntity
  8
Front elevation
100
AcDbVertex
100
AcDb2dVertex
 10
5.905511811023621
 20
20.708661417322837
 30
0.0
 70
0
  0
SEQEND
  5
14C
330
149
100
AcDbEntity
  8
Front elevation
  0
SPLINE
  5
14D
330
17
100
AcDbEntity
  8
Front elevation
100
AcDbSpline
 70
0
 71
3
 72
41
 73
37
 74
0
 40
0.0
 40
0.0
 40
0.0
 40
0.0
 40
1.0
 40
1.0
 40
1.0
 40
2.0
 40
2.0
 40
2.0
 40
3.0
 40
3.0
 40
3.0
 40
4.0
 40
4.0
 40
4.0
 40
5.0
 40
5.0
 40
5.0
 40
6.0
 40
6.0
 40
6.0
 40
7.0
 40
7.0
 40
7.0
 40
8.0
 40
8.0
 40
8.0
 40
9.0
 40
9.0
 40
9.0
 40
10.0
 40
10.0
 40
10.0
 40
11.0
 40
11.0
 40
11.0
 40
12.0
 40
12.0
 40
12.0
 40
12.0
 10
26.771653543307085
 20
19.37007874015748
 30
0.0
 10
26.771653543307085
 20
19.33207166247617
 30
0.0
 10
26.75527892960847
 20
19.29472611841767
 30
0.0
 10
26.724182229687397
 20
19.261811023622048
 30
0.0
 10
26.69308552976632
 20
19.228895928826425
 30
0.0
 10
26.648349253187394
 20
19.2015570931393
 30
0.0
 10
26.594488188976378
 20
19.182553554298647
 30
0.0
 10
26.540627124765358
 20
19.163550015457993
 30
0.0
 10
26.47951623448781
 20
19.153543307086615
 30
0.0
 10
26.417322834645667
 20
19.153543307086615
 30
0.0
 10
26.355129434803526
 20
19.153543307086615
 30
0.0
 10
26.294018544525976
 20
19.163550015457993
 30
0.0
 10
26.24015748031496
 20
19.182553554298647
 30
0.0
 10
26.18629641610394
 20
19.2015570931393
 30
0.0
 10
26.141560139525012
 20
19.228895928826425
 30
0.0
 10
26.11046343960394
 20
19.261811023622048
 30
0.0
 10
26.079366739682868
 20
19.29472611841767
 30
0.0
 10
26.062992125984252
 20
19.33207166247617
 30
0.0
 10
26.062992125984252
 20
19.37007874015748
 30
0.0
 10
26.062992125984252
 20
19.40808581783879
 30
0.0
 10
26.07936673968286
 20
19.445431361897292
 30
0.0
 10
26.110463439603937
 20
19.478346456692915
 30
0.0
 10
26.14156013952501
 20
19.511261551488538
 30
0.0
 10
26.18629641610394
 20
19.538600387175663
 30
0.0
 10
26.24015748031496
 20
19.557603926016316
 30
0.0
 10
26.294018544525976
 20
19.57660746485697
 30
0.0
 10
26.355129434803526
 20
19.586614173228348
 30
0.0
 10
26.417322834645667
 20
19.586614173228348
 30
0.0
 10
26.47951623448781
 20
19.586614173228348
 30
0.0
 10
26.540627124765358
 20
19.57660746485697
 30
0.0
 10
26.594488188976378
 20
19.557603926016316
 30
0.0
 10
26.648349253187394
 20
19.538600387175663
 30
0.0
 10
26.69308552976632
 20
19.511261551488538
 30
0.0
 10
26.724182229687397
 20
19.478346456692915
 30
0.0
 10
26.75527892960847
 20
19.445431361897292
 30
0.0
 10
26.771653543307085
 20
19.40808581783879
 30
0.0
 10
26.771653543307085
 20
19.37007874015748
 30
0.0
  0
SPLINE
  5
14E
330
17
100
AcDbEntity
  8
Front elevation
100
AcDbSpline
 70
0
 71
3
 72
41
 73
37
 74
0
 40
0.0
 40
0.0
 40
0.0
 40
0.0
 40
1.0
 40
1.0
 40
1.0
 40
2.0
 40
2.0
 40
2.0
 40
3.0
 40
3.0
 40
3.0
 40
4.0
 40
4.0
 40
4.0
 40
5.0
 40
5.0
 40
5.0
 40
6.0
 40
6.0
 40
6.0
 40
7.0
 40
7.0
 40
7.0
 40
8.0
 40
8.0
 40
8.0
 40
9.0
 40
9.0
 40
9.0
 40
10.0
 40
10.0
 40
10.0
 40
11.0
 40
11.0
 40
11.0
 40
12.0
 40
12.0
 40
12.0
 40
12.0
 10
27.48031496062992
 20
19.37007874015748
 30
0.0
 10
27.48031496062992
 20
19.33207166247617
 30
0.0
 10
27.463940346931302
 20
19.29472611841767
 30
0.0
 10
27.43284364701023
 20
19.261811023622048
 30
0.0
 10
27.40174694708916
 20
19.228895928826425
 30
0.0
 10
27.35701067051023
 20
19.2015570931393
 30
0.0
 10
27.30314960629921
 20
19.182553554298647
 30
0.0
 10
27.24928854208819
 20
19.163550015457993
 30
0.0
 10
27.188177651810644
 20
19.153543307086615
 30
0.0
 10
27.125984251968504
 20
19.153543307086615
 30
0.0
 10
27.06379085212636
 20
19.153543307086615
 30
0.0
 10
27.002679961848813
 20
19.163550015457993
 30
0.0
 10
26.948818897637793
 20
19.182553554298647
 30
0.0
 10
26.894957833426776
 20
19.2015570931393
 30
0.0
 10
26.85022155684785
 20
19.228895928826425
 30
0.0
 10
26.819124856926774
 20
19.261811023622048
 30
0.0
 10
26.7880281570057
 20
19.29472611841767
 30
0.0
 10
26.771653543307085
 20
19.33207166247617
 30
0.0
 10
26.771653543307085
 20
19.37007874015748
 30
0.0
 10
26.771653543307085
 20
19.40808581783879
 30
0.0
 10
26.788028157005698
 20
19.445431361897292
 30
0.0
 10
26.81912485692677
 20
19.478346456692915
 30
0.0
 10
26.850221556847842
 20
19.511261551488538
 30
0.0
 10
26.894957833426776
 20
19.538600387175663
 30
0.0
 10
26.948818897637793
 20
19.557603926016316
 30
0.0
 10
27.002679961848813
 20
19.57660746485697
 30
0.0
 10
27.06379085212636
 20
19.586614173228348
 30
0.0
 10
27.125984251968504
 20
19.586614173228348
 30
0.0
 10
27.188177651810644
 20
19.586614173228348
 30
0.0
 10
27.24928854208819
 20
19.57660746485697
 30
0.0
 10
27.30314960629921
 20
19.557603926016316
 30
0.0
 10
27.35701067051023
 20
19.538600387175663
 30
0.0
 10
27.40174694708916
 20
19.511261551488538
 30
0.0
 10
27.43284364701023
 20
19.478346456692915
 30
0.0
 10
27.463940346931302
 20
19.445431361897292
 30
0.0
 10
27.48031496062992
 20
19.40808581783879
 30
0.0
 10
27.48031496062992
 20
19.37007874015748
 30
0.0
  0
CIRCLE
  5
14F
330
17
100
AcDbEntity
  8
Front elevation
100
AcDbCircle
 10
26.771653543307085
 20
19.37007874015748
 30
0.0
 40
0.1377952755905512
  0
LWPOLYLINE
  5
150
330
17
100
AcDbEntity
  8
Front elevation
100
AcDbPolyline
 90
2
 70
0
 10
26.69291338582677
 20
19.251968503937007
 10
26.456692913385826
 20
18.661417322834644
  0
LWPOLYLINE
  5
151
330
17
100
AcDbEntity
  8
Front elevation
100
AcDbPolyline
 90
2
 70
0
 10
26.8503937007874
 20
19.251968503937007
 10
27.086614173228345
 20
18.661417322834644
  0
SPLINE
  5
152
330
17
100
AcDbEntity
  8
Front elevation
100
AcDbSpline
 70
0
 71
3
 72
8
 73
4
 74
0
 40
0.0
 40
0.0
 40
0.0
 40
0.0
 40
1.0
 40
1.0
 40
1.0
 40
1.0
 10
26.771653543307085
 20
18.503937007874015
 30
0.0
 10
27.291338582677167
 20
18.503937007874015
 30
0.0
 10
27.244094488188974
 20
17.79527559055118
 30
0.0
 10
26.771653543307085
 20
17.417322834645667
 30
0.0
  0
SPLINE
  5
153
330
17
100
AcDbEntity
  8
Front elevation
100
AcDbSpline
 70
0
 71
3
 72
8
 73
4
 74
0
 40
0.0
 40
0.0
 40
0.0
 40
0.0
 40
1.0
 40
1.0
 40
1.0
 40
1.0
 10
26.771653543307085
 20
17.417322834645667
 30
0.0
 10
26.299212598425196
 20
17.79527559055118
 30
0.0
 10
26.251968503937004
 20
18.503937007874015
 30
0.0
 10
26.771653543307085
 20
18.503937007874015
 30
0.0
  0
LWPOLYLINE
  5
154
330
17
100
AcDbEntity
  8
Front elevation
100
AcDbPolyline
 90
2
 70
0
 10
26.771653543307085
 20
18.362204724409448
 10
26.771653543307085
 20
17.653543307086615
  0
SPLINE
  5
155
330
17
100
AcDbEntity
  8
Front elevation
100
AcDbSpline
 70
0
 71
3
 72
8
 73
4
 74
0
 40
0.0
 40
0.0
 40
0.0
 40
0.0
 40
1.0
 40
1.0
 40
1.0
 40
1.0
 10
26.563779527559056
 20
18.267716535433074
 30
0.0
 10
26.639370078740157
 20
18.04724409448819
 30
0.0
 10
26.708661417322833
 20
17.84251968503937
 30
0.0
 10
26.771653543307085
 20
17.653543307086615
 30
0.0
  0
SPLINE
  5
156
330
17
100
AcDbEntity
  8
Front elevation
100
AcDbSpline
 70
0
 71
3
 72
8
 73
4
 74
0
 40
0.0
 40
0.0
 40
0.0
 40
0.0
 40
1.0
 40
1.0
 40
1.0
 40
1.0
 10
26.979527559055114
 20
18.267716535433074
 30
0.0
 10
26.903937007874013
 20
18.04724409448819
 30
0.0
 10
26.834645669291337
 20
17.84251968503937
 30
0.0
 10
26.771653543307085
 20
17.653543307086615
 30
0.0
  0
CIRCLE
  5
157
330
17
100
AcDbEntity
  8
Front elevation
100
AcDbCircle
 10
26.771653543307085
 20
17.259842519685037
 30
0.0
 40
0.09842519685039369
  0
SPLINE
  5
158
330
17
100
AcDbEntity
  8
Front elevation
100
AcDbSpline
 70
0
 71
3
 72
8
 73
4
 74
0
 40
0.0
 40
0.0
 40
0.0
 40
0.0
 40
1.0
 40
1.0
 40
1.0
 40
1.0
 10
26.771653543307085
 20
17.062992125984252
 30
0.0
 10
27.239370078740155
 20
17.062992125984252
 30
0.0
 10
27.196850393700785
 20
16.425196850393704
 30
0.0
 10
26.771653543307085
 20
16.08503937007874
 30
0.0
  0
SPLINE
  5
159
330
17
100
AcDbEntity
  8
Front elevation
100
AcDbSpline
 70
0
 71
3
 72
8
 73
4
 74
0
 40
0.0
 40
0.0
 40
0.0
 40
0.0
 40
1.0
 40
1.0
 40
1.0
 40
1.0
 10
26.771653543307085
 20
16.08503937007874
 30
0.0
 10
26.346456692913385
 20
16.425196850393704
 30
0.0
 10
26.303937007874016
 20
17.062992125984252
 30
0.0
 10
26.771653543307085
 20
17.062992125984252
 30
0.0
  0
LWPOLYLINE
  5
15A
330
17
100
AcDbEntity
  8
Front elevation
100
AcDbPolyline
 90
2
 70
0
 10
26.771653543307085
 20
16.93543307086614
 10
26.771653543307085
 20
16.29763779527559
  0
SPLINE
  5
15B
330
17
100
AcDbEntity
  8
Front elevation
100
AcDbSpline
 70
0
 71
3
 72
8
 73
4
 74
0
 40
0.0
 40
0.0
 40
0.0
 40
0.0
 40
1.0
 40
1.0
 40
1.0
 40
1.0
 10
26.58456692913386
 20
16.8503937007874
 30
0.0
 10
26.65259842519685
 20
16.65196850393701
 30
0.0
 10
26.714960629921258
 20
16.467716535433073
 30
0.0
 10
26.771653543307085
 20
16.29763779527559
 30
0.0
  0
SPLINE
  5
15C
330
17
100
AcDbEntity
  8
Front elevation
100
AcDbSpline
 70
0
 71
3
 72
8
 73
4
 74
0
 40
0.0
 40
0.0
 40
0.0
 40
0.0
 40
1.0
 40
1.0
 40
1.0
 40
1.0
 10
26.95874015748031
 20
16.8503937007874
 30
0.0
 10
26.89070866141732
 20
16.65196850393701
 30
0.0
 10
26.828346456692913
 20
16.467716535433073
 30
0.0
 10
26.771653543307085
 20
16.29763779527559
 30
0.0
  0
CIRCLE
  5
15D
330
17
100
AcDbEntity
  8
Front elevation
100
AcDbCircle
 10
26.771653543307085
 20
15.92755905511811
 30
0.0
 40
0.09842519685039369
  0
SPLINE
  5
15E
330
17
100
AcDbEntity
  8
Front elevation
100
AcDbSpline
 70
0
 71
3
 72
8
 73
4
 74
0
 40
0.0
 40
0.0
 40
0.0
 40
0.0
 40
1.0
 40
1.0
 40
1.0
 40
1.0
 10
26.771653543307085
 20
15.730708661417324
 30
0.0
 10
27.19259842519685
 20
15.730708661417324
 30
0.0
 10
27.154330708661416
 20
15.156692913385829
 30
0.0
 10
26.771653543307085
 20
14.850551181102363
 30
0.0
  0
SPLINE
  5
15F
330
17
100
AcDbEntity
  8
Front elevation
100
AcDbSpline
 70
0
 71
3
 72
8
 73
4
 74
0
 40
0.0
 40
0.0
 40
0.0
 40
0.0
 40
1.0
 40
1.0
 40
1.0
 40
1.0
 10
26.771653543307085
 20
14.850551181102363
 30
0.0
 10
26.388976377952755
 20
15.156692913385829
 30
0.0
 10
26.350708661417322
 20
15.730708661417324
 30
0.0
 10
26.771653543307085
 20
15.730708661417324
 30
0.0
  0
LWPOLYLINE
  5
160
330
17
100
AcDbEntity
  8
Front elevation
100
AcDbPolyline
 90
2
 70
0
 10
26.771653543307085
 20
15.615905511811025
 10
26.771653543307085
 20
15.04188976377953
  0
SPLINE
  5
161
330
17
100
AcDbEntity
  8
Front elevation
100
AcDbSpline
 70
0
 71
3
 72
8
 73
4
 74
0
 40
0.0
 40
0.0
 40
0.0
 40
0.0
 40
1.0
 40
1.0
 40
1.0
 40
1.0
 10
26.60327559055118
 20
15.539370078740157
 30
0.0
 10
26.664503937007872
 20
15.360787401574804
 30
0.0
 10
26.720629921259842
 20
15.194960629921262
 30
0.0
 10
26.771653543307085
 20
15.04188976377953
 30
0.0
  0
SPLINE
  5
162
330
17
100
AcDbEntity
  8
Front elevation
100
AcDbSpline
 70
0
 71
3
 72
8
 73
4
 74
0
 40
0.0
 40
0.0
 40
0.0
 40
0.0
 40
1.0
 40
1.0
 40
1.0
 40
1.0
 10
26.94003149606299
 20
15.539370078740157
 30
0.0
 10
26.8788031496063
 20
15.360787401574804
 30
0.0
 10
26.822677165354328
 20
15.194960629921262
 30
0.0
 10
26.771653543307085
 20
15.04188976377953
 30
0.0
  0
CIRCLE
  5
163
330
17
100
AcDbEntity
  8
Front elevation
100
AcDbCircle
 10
26.771653543307085
 20
14.693070866141733
 30
0.0
 40
0.09842519685039369
  0
SPLINE
  5
164
330
17
100
AcDbEntity
  8
Front elevation
100
AcDbSpline
 70
0
 71
3
 72
8
 73
4
 74
0
 40
0.0
 40
0.0
 40
0.0
 40
0.0
 40
1.0
 40
1.0
 40
1.0
 40
1.0
 10
26.771653543307085
 20
14.496220472440946
 30
0.0
 10
27.150503937007873
 20
14.496220472440946
 30
0.0
 10
27.116062992125986
 20
13.9796062992126
 30
0.0
 10
26.771653543307085
 20
13.704078740157481
 30
0.0
  0
SPLINE
  5
165
330
17
100
AcDbEntity
  8
Front elevation
100
AcDbSpline
 70
0
 71
3
 72
8
 73
4
 74
0
 40
0.0
 40
0.0
 40
0.0
 40
0.0
 40
1.0
 40
1.0
 40
1.0
 40
1.0
 10
26.771653543307085
 20
13.704078740157481
 30
0.0
 10
26.427244094488184
 20
13.9796062992126
 30
0.0
 10
26.392803149606298
 20
14.496220472440946
 30
0.0
 10
26.771653543307085
 20
14.496220472440946
 30
0.0
  0
LWPOLYLINE
  5
166
330
17
100
AcDbEntity
  8
Front elevation
100
AcDbPolyline
 90
2
 70
0
 10
26.771653543307085
 20
14.392897637795278
 10
26.771653543307085
 20
13.876283464566932
  0
SPLINE
  5
167
330
17
100
AcDbEntity
  8
Front elevation
100
AcDbSpline
 70
0
 71
3
 72
8
 73
4
 74
0
 40
0.0
 40
0.0
 40
0.0
 40
0.0
 40
1.0
 40
1.0
 40
1.0
 40
1.0
 10
26.62011338582677
 20
14.324015748031497
 30
0.0
 10
26.675218897637794
 20
14.16329133858268
 30
0.0
 10
26.725732283464566
 20
14.01404724409449
 30
0.0
 10
26.771653543307085
 20
13.876283464566932
 30
0.0
  0
SPLINE
  5
168
330
17
100
AcDbEntity
  8
Front elevation
100
AcDbSpline
 70
0
 71
3
 72
8
 73
4
 74
0
 40
0.0
 40
0.0
 40
0.0
 40
0.0
 40
1.0
 40
1.0
 40
1.0
 40
1.0
 10
26.923193700787397
 20
14.324015748031497
 30
0.0
 10
26.868088188976376
 20
14.16329133858268
 30
0.0
 10
26.817574803149604
 20
14.01404724409449
 30
0.0
 10
26.771653543307085
 20
13.876283464566932
 30
0.0
  0
CIRCLE
  5
169
330
17
100
AcDbEntity
  8
Front elevation
100
AcDbCircle
 10
26.771653543307085
 20
13.54659842519685
 30
0.0
 40
0.09842519685039369
  0
SPLINE
  5
16A
330
17
100
AcDbEntity
  8
Front elevation
100
AcDbSpline
 70
0
 71
3
 72
8
 73
4
 74
0
 40
0.0
 40
0.0
 40
0.0
 40
0.0
 40
1.0
 40
1.0
 40
1.0
 40
1.0
 10
26.771653543307085
 20
13.349748031496063
 30
0.0
 10
27.112618897637795
 20
13.349748031496063
 30
0.0
 10
27.081622047244092
 20
12.884795275590552
 30
0.0
 10
26.771653543307085
 20
12.636820472440945
 30
0.0
  0
SPLINE
  5
16B
330
17
100
AcDbEntity
  8
Front elevation
100
AcDbSpline
 70
0
 71
3
 72
8
 73
4
 74
0
 40
0.0
 40
0.0
 40
0.0
 40
0.0
 40
1.0
 40
1.0
 40
1.0
 40
1.0
 10
26.771653543307085
 20
12.636820472440945
 30
0.0
 10
26.461685039370078
 20
12.884795275590552
 30
0.0
 10
26.430688188976376
 20
13.349748031496063
 30
0.0
 10
26.771653543307085
 20
13.349748031496063
 30
0.0
  0
LWPOLYLINE
  5
16C
330
17
100
AcDbEntity
  8
Front elevation
100
AcDbPolyline
 90
2
 70
0
 10
26.771653543307085
 20
13.25675748031496
 10
26.771653543307085
 20
12.791804724409449
  0
SPLINE
  5
16D
330
17
100
AcDbEntity
  8
Front elevation
100
AcDbSpline
 70
0
 71
3
 72
8
 73
4
 74
0
 40
0.0
 40
0.0
 40
0.0
 40
0.0
 40
1.0
 40
1.0
 40
1.0
 40
1.0
 10
26.6352674015748
 20
13.194763779527559
 30
0.0
 10
26.684862362204722
 20
13.050111811023623
 30
0.0
 10
26.730324409448816
 20
12.915792125984252
 30
0.0
 10
26.771653543307085
 20
12.791804724409449
 30
0.0
  0
SPLINE
  5
16E
330
17
100
AcDbEntity
  8
Front elevation
100
AcDbSpline
 70
0
 71
3
 72
8
 73
4
 74
0
 40
0.0
 40
0.0
 40
0.0
 40
0.0
 40
1.0
 40
1.0
 40
1.0
 40
1.0
 10
26.908039685039366
 20
13.194763779527559
 30
0.0
 10
26.85844472440945
 20
13.050111811023623
 30
0.0
 10
26.812982677165355
 20
12.915792125984252
 30
0.0
 10
26.771653543307085
 20
12.791804724409449
 30
0.0
  0
CIRCLE
  5
16F
330
17
100
AcDbEntity
  8
Front elevation
100
AcDbCircle
 10
26.771653543307085
 20
12.479340157480314
 30
0.0
 40
0.09842519685039369
  0
SPLINE
  5
170
330
17
100
AcDbEntity
  8
Front elevation
100
AcDbSpline
 70
0
 71
3
 72
8
 73
4
 74
0
 40
0.0
 40
0.0
 40
0.0
 40
0.0
 40
1.0
 40
1.0
 40
1.0
 40
1.0
 10
26.771653543307085
 20
12.282489763779527
 30
0.0
 10
27.078522362204726
 20
12.282489763779527
 30
0.0
 10
27.05062519685039
 20
11.864032283464567
 30
0.0
 10
26.771653543307085
 20
11.64085496062992
 30
0.0
  0
SPLINE
  5
171
330
17
100
AcDbEntity
  8
Front elevation
100
AcDbSpline
 70
0
 71
3
 72
8
 73
4
 74
0
 40
0.0
 40
0.0
 40
0.0
 40
0.0
 40
1.0
 40
1.0
 40
1.0
 40
1.0
 10
26.771653543307085
 20
11.64085496062992
 30
0.0
 10
26.49268188976378
 20
11.864032283464567
 30
0.0
 10
26.464784724409444
 20
12.282489763779527
 30
0.0
 10
26.771653543307085
 20
12.282489763779527
 30
0.0
  0
LWPOLYLINE
  5
172
330
17
100
AcDbEntity
  8
Front elevation
100
AcDbPolyline
 90
2
 70
0
 10
26.771653543307085
 20
12.198798267716537
 10
26.771653543307085
 20
11.780340787401574
  0
SPLINE
  5
173
330
17
100
AcDbEntity
  8
Front elevation
100
AcDbSpline
 70
0
 71
3
 72
8
 73
4
 74
0
 40
0.0
 40
0.0
 40
0.0
 40
0.0
 40
1.0
 40
1.0
 40
1.0
 40
1.0
 10
26.648906015748032
 20
12.143003937007876
 30
0.0
 10
26.69354148031496
 20
12.012817165354333
 30
0.0
 10
26.734457322834643
 20
11.891929448818898
 30
0.0
 10
26.771653543307085
 20
11.780340787401574
 30
0.0
  0
SPLINE
  5
174
330
17
100
AcDbEntity
  8
Front elevation
100
AcDbSpline
 70
0
 71
3
 72
8
 73
4
 74
0
 40
0.0
 40
0.0
 40
0.0
 40
0.0
 40
1.0
 40
1.0
 40
1.0
 40
1.0
 10
26.894401070866138
 20
12.143003937007876
 30
0.0
 10
26.84976560629921
 20
12.012817165354333
 30
0.0
 10
26.808849763779527
 20
11.891929448818898
 30
0.0
 10
26.771653543307085
 20
11.780340787401574
 30
0.0
  0
CIRCLE
  5
175
330
17
100
AcDbEntity
  8
Front elevation
100
AcDbCircle
 10
26.771653543307085
 20
11.48337464566929
 30
0.0
 40
0.09842519685039369
  0
SPLINE
  5
176
330
17
100
AcDbEntity
  8
Front elevation
100
AcDbSpline
 70
0
 71
3
 72
8
 73
4
 74
0
 40
0.0
 40
0.0
 40
0.0
 40
0.0
 40
1.0
 40
1.0
 40
1.0
 40
1.0
 10
26.771653543307085
 20
11.286524251968505
 30
0.0
 10
27.04783548031496
 20
11.286524251968505
 30
0.0
 10
27.02272803149606
 20
10.90991251968504
 30
0.0
 10
26.771653543307085
 20
10.709052929133858
 30
0.0
  0
SPLINE
  5
177
330
17
100
AcDbEntity
  8
Front elevation
100
AcDbSpline
 70
0
 71
3
 72
8
 73
4
 74
0
 40
0.0
 40
0.0
 40
0.0
 40
0.0
 40
1.0
 40
1.0
 40
1.0
 40
1.0
 10
26.771653543307085
 20
10.709052929133858
 30
0.0
 10
26.52057905511811
 20
10.90991251968504
 30
0.0
 10
26.495471606299212
 20
11.286524251968505
 30
0.0
 10
26.771653543307085
 20
11.286524251968505
 30
0.0
  0
LWPOLYLINE
  5
178
330
17
100
AcDbEntity
  8
Front elevation
100
AcDbPolyline
 90
2
 70
0
 10
26.771653543307085
 20
11.21120190551181
 10
26.771653543307085
 20
10.834590173228346
  0
SPLINE
  5
179
330
17
100
AcDbEntity
  8
Front elevation
100
AcDbSpline
 70
0
 71
3
 72
8
 73
4
 74
0
 40
0.0
 40
0.0
 40
0.0
 40
0.0
 40
1.0
 40
1.0
 40
1.0
 40
1.0
 10
26.661180768503936
 20
11.160987007874017
 30
0.0
 10
26.70135268661417
 20
11.043818913385826
 30
0.0
 10
26.738176944881886
 20
10.935019968503935
 30
0.0
 10
26.771653543307085
 20
10.834590173228346
 30
0.0
  0
SPLINE
  5
17A
330
17
100
AcDbEntity
  8
Front elevation
100
AcDbSpline
 70
0
 71
3
 72
8
 73
4
 74
0
 40
0.0
 40
0.0
 40
0.0
 40
0.0
 40
1.0
 40
1.0
 40
1.0
 40
1.0
 10
26.88212631811023
 20
11.160987007874017
 30
0.0
 10
26.8419544
 20
11.043818913385826
 30
0.0
 10
26.805130141732285
 20
10.935019968503935
 30
0.0
 10
26.771653543307085
 20
10.834590173228346
 30
0.0
  0
CIRCLE
  5
17B
330
17
100
AcDbEntity
  8
Front elevation
100
AcDbCircle
 10
26.771653543307085
 20
10.551572614173228
 30
0.0
 40
0.09842519685039369
  0
SPLINE
  5
17C
330
17
100
AcDbEntity
  8
Front elevation
100
AcDbSpline
 70
0
 71
3
 72
8
 73
4
 74
0
 40
0.0
 40
0.0
 40
0.0
 40
0.0
 40
1.0
 40
1.0
 40
1.0
 40
1.0
 10
26.771653543307085
 20
10.354722220472443
 30
0.0
 10
27.020217286614173
 20
10.354722220472443
 30
0.0
 10
26.997620582677165
 20
10.015771661417322
 30
0.0
 10
26.771653543307085
 20
9.834998029921262
 30
0.0
  0
SPLINE
  5
17D
330
17
100
AcDbEntity
  8
Front elevation
100
AcDbSpline
 70
0
 71
3
 72
8
 73
4
 74
0
 40
0.0
 40
0.0
 40
0.0
 40
0.0
 40
1.0
 40
1.0
 40
1.0
 40
1.0
 10
26.771653543307085
 20
9.834998029921262
 30
0.0
 10
26.545686503937006
 20
10.015771661417322
 30
0.0
 10
26.523089799999997
 20
10.354722220472443
 30
0.0
 10
26.771653543307085
 20
10.354722220472443
 30
0.0
  0
LWPOLYLINE
  5
17E
330
17
100
AcDbEntity
  8
Front elevation
100
AcDbPolyline
 90
2
 70
0
 10
26.771653543307085
 20
10.286932108661418
 10
26.771653543307085
 20
9.9479815496063
  0
SPLINE
  5
17F
330
17
100
AcDbEntity
  8
Front elevation
100
AcDbSpline
 70
0
 71
3
 72
8
 73
4
 74
0
 40
0.0
 40
0.0
 40
0.0
 40
0.0
 40
1.0
 40
1.0
 40
1.0
 40
1.0
 10
26.67222804598425
 20
10.241738700787401
 30
0.0
 10
26.708382772283464
 20
10.136287415748031
 30
0.0
 10
26.741524604724408
 20
10.038368365354332
 30
0.0
 10
26.771653543307085
 20
9.9479815496063
 30
0.0
  0
SPLINE
  5
180
330
17
100
AcDbEntity
  8
Front elevation
100
AcDbSpline
 70
0
 71
3
 72
8
 73
4
 74
0
 40
0.0
 40
0.0
 40
0.0
 40
0.0
 40
1.0
 40
1.0
 40
1.0
 40
1.0
 10
26.87107904062992
 20
10.241738700787401
 30
0.0
 10
26.834924314330706
 20
10.136287415748031
 30
0.0
 10
26.801782481889763
 20
10.038368365354332
 30
0.0
 10
26.771653543307085
 20
9.9479815496063
 30
0.0
  0
CIRCLE
  5
181
330
17
100
AcDbEntity
  8
Front elevation
100
AcDbCircle
 10
26.771653543307085
 20
9.67751771496063
 30
0.0
 40
0.09842519685039369
  0
SPLINE
  5
182
330
17
100
AcDbEntity
  8
Front elevation
100
AcDbSpline
 70
0
 71
3
 72
8
 73
4
 74
0
 40
0.0
 40
0.0
 40
0.0
 40
0.0
 40
1.0
 40
1.0
 40
1.0
 40
1.0
 10
26.771653543307085
 20
9.480667321259844
 30
0.0
 10
26.995360912283466
 20
9.480667321259844
 30
0.0
 10
26.975023878740156
 20
9.175611818110237
 30
0.0
 10
26.771653543307085
 20
9.012915549763783
 30
0.0
  0
SPLINE
  5
183
330
17
100
AcDbEntity
  8
Front elevation
100
AcDbSpline
 70
0
 71
3
 72
8
 73
4
 74
0
 40
0.0
 40
0.0
 40
0.0
 40
0.0
 40
1.0
 40
1.0
 40
1.0
 40
1.0
 10
26.771653543307085
 20
9.012915549763783
 30
0.0
 10
26.568283207874014
 20
9.175611818110237
 30
0.0
 10
26.547946174330704
 20
9.480667321259844
 30
0.0
 10
26.771653543307085
 20
9.480667321259844
 30
0.0
  0
LWPOLYLINE
  5
184
330
17
100
AcDbEntity
  8
Front elevation
100
AcDbPolyline
 90
2
 70
0
 10
26.771653543307085
 20
9.419656220629925
 10
26.771653543307085
 20
9.114600717480315
  0
SPLINE
  5
185
330
17
100
AcDbEntity
  8
Front elevation
100
AcDbSpline
 70
0
 71
3
 72
8
 73
4
 74
0
 40
0.0
 40
0.0
 40
0.0
 40
0.0
 40
1.0
 40
1.0
 40
1.0
 40
1.0
 10
26.682170595716535
 20
9.378982153543308
 30
0.0
 10
26.714709849385823
 20
9.284075997007877
 30
0.0
 10
26.744537498582673
 20
9.195948851653545
 30
0.0
 10
26.771653543307085
 20
9.114600717480315
 30
0.0
  0
SPLINE
  5
186
330
17
100
AcDbEntity
  8
Front elevation
100
AcDbSpline
 70
0
 71
3
 72
8
 73
4
 74
0
 40
0.0
 40
0.0
 40
0.0
 40
0.0
 40
1.0
 40
1.0
 40
1.0
 40
1.0
 10
26.861136490897636
 20
9.378982153543308
 30
0.0
 10
26.828597237228347
 20
9.284075997007877
 30
0.0
 10
26.798769588031497
 20
9.195948851653545
 30
0.0
 10
26.771653543307085
 20
9.114600717480315
 30
0.0
  0
CIRCLE
  5
187
330
17
100
AcDbEntity
  8
Front elevation
100
AcDbCircle
 10
26.771653543307085
 20
8.85543523480315
 30
0.0
 40
0.09842519685039369
  0
SPLINE
  5
188
330
17
100
AcDbEntity
  8
Front elevation
100
AcDbSpline
 70
0
 71
3
 72
8
 73
4
 74
0
 40
0.0
 40
0.0
 40
0.0
 40
0.0
 40
1.0
 40
1.0
 40
1.0
 40
1.0
 10
26.771653543307085
 20
8.658584841102364
 30
0.0
 10
26.972990175385828
 20
8.658584841102364
 30
0.0
 10
26.95468684519685
 20
8.384034888267717
 30
0.0
 10
26.771653543307085
 20
8.237608246755908
 30
0.0
  0
SPLINE
  5
189
330
17
100
AcDbEntity
  8
Front elevation
100
AcDbSpline
 70
0
 71
3
 72
8
 73
4
 74
0
 40
0.0
 40
0.0
 40
0.0
 40
0.0
 40
1.0
 40
1.0
 40
1.0
 40
1.0
 10
26.771653543307085
 20
8.237608246755908
 30
0.0
 10
26.58862024141732
 20
8.384034888267717
 30
0.0
 10
26.570316911228343
 20
8.658584841102364
 30
0.0
 10
26.771653543307085
 20
8.658584841102364
 30
0.0
  0
LWPOLYLINE
  5
18A
330
17
100
AcDbEntity
  8
Front elevation
100
AcDbPolyline
 90
2
 70
0
 10
26.771653543307085
 20
8.603674850535434
 10
26.771653543307085
 20
8.329124897700787
  0
SPLINE
  5
18B
330
17
100
AcDbEntity
  8
Front elevation
100
AcDbSpline
 70
0
 71
3
 72
8
 73
4
 74
0
 40
0.0
 40
0.0
 40
0.0
 40
0.0
 40
1.0
 40
1.0
 40
1.0
 40
1.0
 10
26.69111889047559
 20
8.567068190157482
 30
0.0
 10
26.72040421877795
 20
8.481652649275592
 30
0.0
 10
26.74724910305512
 20
8.402338218456693
 30
0.0
 10
26.771653543307085
 20
8.329124897700787
 30
0.0
  0
SPLINE
  5
18C
330
17
100
AcDbEntity
  8
Front elevation
100
AcDbSpline
 70
0
 71
3
 72
8
 73
4
 74
0
 40
0.0
 40
0.0
 40
0.0
 40
0.0
 40
1.0
 40
1.0
 40
1.0
 40
1.0
 10
26.852188196138577
 20
8.567068190157482
 30
0.0
 10
26.822902867836216
 20
8.481652649275592
 30
0.0
 10
26.796057983559052
 20
8.402338218456693
 30
0.0
 10
26.771653543307085
 20
8.329124897700787
 30
0.0
  0
CIRCLE
  5
18D
330
17
100
AcDbEntity
  8
Front elevation
100
AcDbCircle
 10
26.771653543307085
 20
8.080127931795278
 30
0.0
 40
0.09842519685039369
  0
SPLINE
  5
18E
330
17
100
AcDbEntity
  8
Front elevation
100
AcDbSpline
 70
0
 71
3
 72
8
 73
4
 74
0
 40
0.0
 40
0.0
 40
0.0
 40
0.0
 40
1.0
 40
1.0
 40
1.0
 40
1.0
 10
26.771653543307085
 20
7.883277538094493
 30
0.0
 10
26.95285651217795
 20
7.883277538094493
 30
0.0
 10
26.936383515007872
 20
7.636182580543309
 30
0.0
 10
26.771653543307085
 20
7.504398603182683
 30
0.0
  0
SPLINE
  5
18F
330
17
100
AcDbEntity
  8
Front elevation
100
AcDbSpline
 70
0
 71
3
 72
8
 73
4
 74
0
 40
0.0
 40
0.0
 40
0.0
 40
0.0
 40
1.0
 40
1.0
 40
1.0
 40
1.0
 10
26.771653543307085
 20
7.504398603182683
 30
0.0
 10
26.606923571606295
 20
7.636182580543309
 30
0.0
 10
26.590450574436222
 20
7.883277538094493
 30
0.0
 10
26.771653543307085
 20
7.883277538094493
 30
0.0
  0
LWPOLYLINE
  5
190
330
17
100
AcDbEntity
  8
Front elevation
100
AcDbPolyline
 90
2
 70
0
 10
26.771653543307085
 20
7.833858546584253
 10
26.771653543307085
 20
7.586763589033076
  0
SPLINE
  5
191
330
17
100
AcDbEntity
  8
Front elevation
100
AcDbSpline
 70
0
 71
3
 72
8
 73
4
 74
0
 40
0.0
 40
0.0
 40
0.0
 40
0.0
 40
1.0
 40
1.0
 40
1.0
 40
1.0
 10
26.69917235575874
 20
7.800912552244096
 30
0.0
 10
26.725529151230866
 20
7.724038565450396
 30
0.0
 10
26.749689547080315
 20
7.652655577713389
 30
0.0
 10
26.771653543307085
 20
7.586763589033076
 30
0.0
  0
SPLINE
  5
192
330
17
100
AcDbEntity
  8
Front elevation
100
AcDbSpline
 70
0
 71
3
 72
8
 73
4
 74
0
 40
0.0
 40
0.0
 40
0.0
 40
0.0
 40
1.0
 40
1.0
 40
1.0
 40
1.0
 10
26.84413473085543
 20
7.800912552244096
 30
0.0
 10
26.817777935383305
 20
7.724038565450396
 30
0.0
 10
26.793617539533855
 20
7.652655577713389
 30
0.0
 10
26.771653543307085
 20
7.586763589033076
 30
0.0
  0
CIRCLE
  5
193
330
17
100
AcDbEntity
  8
Front elevation
100
AcDbCircle
 10
26.771653543307085
 20
7.34691828822205
 30
0.0
 40
0.09842519685039369
  0
SPLINE
  5
194
330
17
100
AcDbEntity
  8
Front elevation
100
AcDbSpline
 70
0
 71
3
 72
8
 73
4
 74
0
 40
0.0
 40
0.0
 40
0.0
 40
0.0
 40
1.0
 40
1.0
 40
1.0
 40
1.0
 10
26.771653543307085
 20
7.150067894521264
 30
0.0
 10
26.934736215290865
 20
7.150067894521264
 30
0.0
 10
26.919910517837792
 20
6.927682432725202
 30
0.0
 10
26.771653543307085
 20
6.809076853100635
 30
0.0
  0
SPLINE
  5
195
330
17
100
AcDbEntity
  8
Front elevation
100
AcDbSpline
 70
0
 71
3
 72
8
 73
4
 74
0
 40
0.0
 40
0.0
 40
0.0
 40
0.0
 40
1.0
 40
1.0
 40
1.0
 40
1.0
 10
26.771653543307085
 20
6.809076853100635
 30
0.0
 10
26.62339656877638
 20
6.927682432725202
 30
0.0
 10
26.608570871323305
 20
7.150067894521264
 30
0.0
 10
26.771653543307085
 20
7.150067894521264
 30
0.0
  0
LWPOLYLINE
  5
196
330
17
100
AcDbEntity
  8
Front elevation
100
AcDbPolyline
 90
2
 70
0
 10
26.771653543307085
 20
7.105590802162052
 10
26.771653543307085
 20
6.88320534036599
  0
SPLINE
  5
197
330
17
100
AcDbEntity
  8
Front elevation
100
AcDbSpline
 70
0
 71
3
 72
8
 73
4
 74
0
 40
0.0
 40
0.0
 40
0.0
 40
0.0
 40
1.0
 40
1.0
 40
1.0
 40
1.0
 10
26.706420474513575
 20
7.075939407255909
 30
0.0
 10
26.73014159043849
 20
7.006752819141579
 30
0.0
 10
26.75188594670299
 20
6.942508130178273
 30
0.0
 10
26.771653543307085
 20
6.88320534036599
 30
0.0
  0
SPLINE
  5
198
330
17
100
AcDbEntity
  8
Front elevation
100
AcDbSpline
 70
0
 71
3
 72
8
 73
4
 74
0
 40
0.0
 40
0.0
 40
0.0
 40
0.0
 40
1.0
 40
1.0
 40
1.0
 40
1.0
 10
26.836886612100596
 20
7.075939407255909
 30
0.0
 10
26.81316549617568
 20
7.006752819141579
 30
0.0
 10
26.79142113991118
 20
6.942508130178273
 30
0.0
 10
26.771653543307085
 20
6.88320534036599
 30
0.0
  0
CIRCLE
  5
199
330
17
100
AcDbEntity
  8
Front elevation
100
AcDbCircle
 10
26.771653543307085
 20
6.651596538140004
 30
0.0
 40
0.09842519685039369
  0
LWPOLYLINE
  5
19A
330
17
100
AcDbEntity
  8
Front elevation
100
AcDbPolyline
 90
5
 70
0
 10
25.669291338582674
 20
27.95275590551181
 10
27.874015748031493
 20
27.95275590551181
 10
27.874015748031493
 20
27.480314960629922
 10
25.669291338582674
 20
27.480314960629922
 10
25.669291338582674
 20
27.95275590551181
  0
LWPOLYLINE
  5
19B
330
17
100
AcDbEntity
  8
Front elevation
100
AcDbPolyline
 90
5
 70
0
 10
25.866141732283463
 20
27.480314960629922
 10
27.677165354330707
 20
27.480314960629922
 10
27.48031496062992
 20
21.653543307086615
 10
26.062992125984252
 20
21.653543307086615
 10
25.866141732283463
 20
27.480314960629922
  0
LINE
  5
19C
330
17
100
AcDbEntity
  8
Front elevation
100
AcDbLine
 10
26.228346456692915
 20
27.244094488188978
 30
0.0
 11
26.34645669291339
 21
21.88976377952756
 31
0.0
  0
LINE
  5
19D
330
17
100
AcDbEntity
  8
Front elevation
100
AcDbLine
 10
26.59055118110236
 20
27.244094488188978
 30
0.0
 11
26.62992125984252
 21
21.88976377952756
 31
0.0
  0
LINE
  5
19E
330
17
100
AcDbEntity
  8
Front elevation
100
AcDbLine
 10
26.95275590551181
 20
27.244094488188978
 30
0.0
 11
26.913385826771655
 21
21.88976377952756
 31
0.0
  0
LINE
  5
19F
330
17
100
AcDbEntity
  8
Front elevation
100
AcDbLine
 10
27.31496062992126
 20
27.244094488188978
 30
0.0
 11
27.196850393700785
 21
21.88976377952756
 31
0.0
  0
POLYLINE
  5
1A0
330
17
100
AcDbEntity
  8
Front elevation
100
AcDb2dPolyline
 66
1
 10
0.0
 20
0.0
 30
0.0
 70
0
  0
VERTEX
  5
1A1
330
1A0
100
AcDbEntity
  8
Front elevation
100
AcDbVertex
100
AcDb2dVertex
 10
26.299212598425196
 20
21.653543307086615
 30
0.0
 70
0
  0
VERTEX
  5
1A2
330
1A0
100
AcDbEntity
  8
Front elevation
100
AcDbVertex
100
AcDb2dVertex
 10
27.244094488188974
 20
21.653543307086615
 30
0.0
 70
0
  0
SEQEND
  5
1A3
330
1A0
100
AcDbEntity
  8
Front elevation
  0
SPLINE
  5
1A4
330
17
100
AcDbEntity
  8
Front elevation
100
AcDbSpline
 70
0
 71
3
 72
14
 73
10
 74
0
 40
0.0
 40
0.0
 40
0.0
 40
0.0
 40
1.0
 40
1.0
 40
1.0
 40
2.0
 40
2.0
 40
2.0
 40
3.0
 40
3.0
 40
3.0
 40
3.0
 10
27.244094488188974
 20
21.653543307086615
 30
0.0
 10
27.313198265791357
 20
21.653543307086615
 30
0.0
 10
27.38109925498863
 20
21.635349291865932
 30
0.0
 10
27.440944881889763
 20
21.60079740306474
 30
0.0
 10
27.500790508790896
 20
21.56624551426355
 30
0.0
 10
27.550497482767486
 20
21.51653854028696
 30
0.0
 10
27.585049371568676
 20
21.45669291338583
 30
0.0
 10
27.61960126036987
 20
21.396847286484693
 30
0.0
 10
27.63779527559055
 20
21.328946297287423
 30
0.0
 10
27.63779527559055
 20
21.25984251968504
 30
0.0
  0
POLYLINE
  5
1A5
330
17
100
AcDbEntity
  8
Front elevation
100
AcDb2dPolyline
 66
1
 10
0.0
 20
0.0
 30
0.0
 70
0
  0
VERTEX
  5
1A6
330
1A5
100
AcDbEntity
  8
Front elevation
100
AcDbVertex
100
AcDb2dVertex
 10
27.63779527559055
 20
21.25984251968504
 30
0.0
 70
0
  0
VERTEX
  5
1A7
330
1A5
100
AcDbEntity
  8
Front elevation
100
AcDbVertex
100
AcDb2dVertex
 10
27.63779527559055
 20
21.181102362204726
 30
0.0
 70
0
  0
SEQEND
  5
1A8
330
1A5
100
AcDbEntity
  8
Front elevation
  0
SPLINE
  5
1A9
330
17
100
AcDbEntity
  8
Front elevation
100
AcDbSpline
 70
0
 71
3
 72
14
 73
10
 74
0
 40
0.0
 40
0.0
 40
0.0
 40
0.0
 40
1.0
 40
1.0
 40
1.0
 40
2.0
 40
2.0
 40
2.0
 40
3.0
 40
3.0
 40
3.0
 40
3.0
 10
27.63779527559055
 20
21.181102362204726
 30
0.0
 10
27.63779527559055
 20
21.111998584602343
 30
0.0
 10
27.61960126036987
 20
21.04409759540507
 30
0.0
 10
27.585049371568676
 20
20.98425196850394
 30
0.0
 10
27.550497482767486
 20
20.924406341602804
 30
0.0
 10
27.500790508790896
 20
20.874699367626217
 30
0.0
 10
27.440944881889763
 20
20.840147478825024
 30
0.0
 10
27.38109925498863
 20
20.805595590023835
 30
0.0
 10
27.313198265791357
 20
20.787401574803148
 30
0.0
 10
27.244094488188974
 20
20.787401574803148
 30
0.0
  0
POLYLINE
  5
1AA
330
17
100
AcDbEntity
  8
Front elevation
100
AcDb2dPolyline
 66
1
 10
0.0
 20
0.0
 30
0.0
 70
0
  0
VERTEX
  5
1AB
330
1AA
100
AcDbEntity
  8
Front elevation
100
AcDbVertex
100
AcDb2dVertex
 10
27.244094488188974
 20
20.787401574803148
 30
0.0
 70
0
  0
VERTEX
  5
1AC
330
1AA
100
AcDbEntity
  8
Front elevation
100
AcDbVertex
100
AcDb2dVertex
 10
26.299212598425196
 20
20.787401574803148
 30
0.0
 70
0
  0
SEQEND
  5
1AD
330
1AA
100
AcDbEntity
  8
Front elevation
  0
SPLINE
  5
1AE
330
17
100
AcDbEntity
  8
Front elevation
100
AcDbSpline
 70
0
 71
3
 72
14
 73
10
 74
0
 40
0.0
 40
0.0
 40
0.0
 40
0.0
 40
1.0
 40
1.0
 40
1.0
 40
2.0
 40
2.0
 40
2.0
 40
3.0
 40
3.0
 40
3.0
 40
3.0
 10
26.299212598425196
 20
20.787401574803148
 30
0.0
 10
26.230108820822814
 20
20.787401574803148
 30
0.0
 10
26.16220783162554
 20
20.805595590023835
 30
0.0
 10
26.102362204724407
 20
20.840147478825024
 30
0.0
 10
26.042516577823275
 20
20.874699367626217
 30
0.0
 10
25.992809603846684
 20
20.924406341602804
 30
0.0
 10
25.958257715045495
 20
20.98425196850394
 30
0.0
 10
25.9237058262443
 20
21.04409759540507
 30
0.0
 10
25.905511811023622
 20
21.111998584602343
 30
0.0
 10
25.905511811023622
 20
21.181102362204726
 30
0.0
  0
POLYLINE
  5
1AF
330
17
100
AcDbEntity
  8
Front elevation
100
AcDb2dPolyline
 66
1
 10
0.0
 20
0.0
 30
0.0
 70
0
  0
VERTEX
  5
1B0
330
1AF
100
AcDbEntity
  8
Front elevation
100
AcDbVertex
100
AcDb2dVertex
 10
25.905511811023622
 20
21.181102362204726
 30
0.0
 70
0
  0
VERTEX
  5
1B1
330
1AF
100
AcDbEntity
  8
Front elevation
100
AcDbVertex
100
AcDb2dVertex
 10
25.905511811023622
 20
21.25984251968504
 30
0.0
 70
0
  0
SEQEND
  5
1B2
330
1AF
100
AcDbEntity
  8
Front elevation
  0
SPLINE
  5
1B3
330
17
100
AcDbEntity
  8
Front elevation
100
AcDbSpline
 70
0
 71
3
 72
14
 73
10
 74
0
 40
0.0
 40
0.0
 40
0.0
 40
0.0
 40
1.0
 40
1.0
 40
1.0
 40
2.0
 40
2.0
 40
2.0
 40
3.0
 40
3.0
 40
3.0
 40
3.0
 10
25.905511811023622
 20
21.25984251968504
 30
0.0
 10
25.905511811023622
 20
21.328946297287423
 30
0.0
 10
25.9237058262443
 20
21.396847286484693
 30
0.0
 10
25.958257715045495
 20
21.45669291338583
 30
0.0
 10
25.992809603846684
 20
21.51653854028696
 30
0.0
 10
26.042516577823275
 20
21.56624551426355
 30
0.0
 10
26.102362204724407
 20
21.60079740306474
 30
0.0
 10
26.16220783162554
 20
21.635349291865932
 30
0.0
 10
26.230108820822814
 20
21.653543307086615
 30
0.0
 10
26.299212598425196
 20
21.653543307086615
 30
0.0
  0
CIRCLE
  5
1B4
330
17
100
AcDbEntity
  8
Front elevation
100
AcDbCircle
 10
26.771653543307085
 20
21.22047244094488
 30
0.0
 40
0.19685039370078738
  0
CIRCLE
  5
1B5
330
17
100
AcDbEntity
  8
Front elevation
100
AcDbCircle
 10
26.771653543307085
 20
20.590551181102363
 30
0.0
 40
0.19685039370078738
  0
LWPOLYLINE
  5
1B6
330
17
100
AcDbEntity
  8
Front elevation
100
AcDbPolyline
 90
5
 70
0
 10
71.49606299212599
 20
24.409448818897637
 10
93.54330708661418
 20
24.409448818897637
 10
93.54330708661418
 20
3.1496062992126
 10
71.49606299212599
 20
3.1496062992126
 10
71.49606299212599
 20
24.409448818897637
  0
LINE
  5
1B7
330
17
100
AcDbEntity
  8
Front elevation
100
AcDbLine
 10
73.85826771653544
 20
24.409448818897637
 30
0.0
 11
73.85826771653544
 21
3.149606299212598
 31
0.0
  0
LINE
  5
1B8
330
17
100
AcDbEntity
  8
Front elevation
100
AcDbLine
 10
91.81102362204724
 20
24.409448818897637
 30
0.0
 11
91.81102362204724
 21
3.149606299212598
 31
0.0
  0
LWPOLYLINE
  5
1B9
330
17
100
AcDbEntity
  8
Front elevation
100
AcDbPolyline
 90
5
 70
0
 10
74.25196850393701
 20
23.937007874015748
 10
91.41732283464567
 20
23.937007874015748
 10
91.41732283464567
 20
18.425196850393704
 10
74.25196850393701
 20
18.425196850393704
 10
74.25196850393701
 20
23.937007874015748
  0
LWPOLYLINE
  5
1BA
330
17
100
AcDbEntity
  8
Front elevation
100
AcDbPolyline
 90
5
 70
0
 10
74.40944881889764
 20
23.77952755905512
 10
91.25984251968504
 20
23.77952755905512
 10
91.25984251968504
 20
18.582677165354333
 10
74.40944881889764
 20
18.582677165354333
 10
74.40944881889764
 20
23.77952755905512
  0
CIRCLE
  5
1BB
330
17
100
AcDbEntity
  8
Front elevation
100
AcDbCircle
 10
81.06299212598425
 20
21.5748031496063
 30
0.0
 40
0.31496062992125984
  0
CIRCLE
  5
1BC
330
17
100
AcDbEntity
  8
Front elevation
100
AcDbCircle
 10
84.60629921259843
 20
21.5748031496063
 30
0.0
 40
0.31496062992125984
  0
CIRCLE
  5
1BD
330
17
100
AcDbEntity
  8
Front elevation
100
AcDbCircle
 10
81.06299212598425
 20
21.5748031496063
 30
0.0
 40
0.11811023622047244
  0
CIRCLE
  5
1BE
330
17
100
AcDbEntity
  8
Front elevation
100
AcDbCircle
 10
84.60629921259843
 20
21.5748031496063
 30
0.0
 40
0.11811023622047244
  0
SPLINE
  5
1BF
330
17
100
AcDbEntity
  8
Front elevation
100
AcDbSpline
 70
0
 71
3
 72
8
 73
4
 74
0
 40
0.0
 40
0.0
 40
0.0
 40
0.0
 40
1.0
 40
1.0
 40
1.0
 40
1.0
 10
81.06299212598425
 20
21.45669291338583
 30
0.0
 10
81.06299212598425
 20
21.023622047244096
 30
0.0
 10
81.41732283464567
 20
21.10236220472441
 30
0.0
 10
81.65354330708662
 20
20.787401574803148
 30
0.0
  0
SPLINE
  5
1C0
330
17
100
AcDbEntity
  8
Front elevation
100
AcDbSpline
 70
0
 71
3
 72
11
 73
7
 74
0
 40
0.0
 40
0.0
 40
0.0
 40
0.0
 40
1.0
 40
1.0
 40
1.0
 40
2.0
 40
2.0
 40
2.0
 40
2.0
 10
81.65354330708662
 20
20.787401574803148
 30
0.0
 10
81.88976377952757
 20
20.511811023622048
 30
0.0
 10
82.36220472440945
 20
20.551181102362207
 30
0.0
 10
82.83464566929135
 20
20.551181102362207
 30
0.0
 10
83.30708661417323
 20
20.551181102362207
 30
0.0
 10
83.77952755905513
 20
20.511811023622048
 30
0.0
 10
84.01574803149607
 20
20.787401574803148
 30
0.0
  0
SPLINE
  5
1C1
330
17
100
AcDbEntity
  8
Front elevation
100
AcDbSpline
 70
0
 71
3
 72
8
 73
4
 74
0
 40
0.0
 40
0.0
 40
0.0
 40
0.0
 40
1.0
 40
1.0
 40
1.0
 40
1.0
 10
84.01574803149607
 20
20.787401574803148
 30
0.0
 10
84.25196850393701
 20
21.10236220472441
 30
0.0
 10
84.60629921259843
 20
21.023622047244096
 30
0.0
 10
84.60629921259843
 20
21.45669291338583
 30
0.0
  0
SPLINE
  5
1C2
330
17
100
AcDbEntity
  8
Front elevation
100
AcDbSpline
 70
0
 71
3
 72
23
 73
19
 74
0
 40
0.0
 40
0.0
 40
0.0
 40
0.0
 40
1.0
 40
1.0
 40
1.0
 40
2.0
 40
2.0
 40
2.0
 40
3.0
 40
3.0
 40
3.0
 40
4.0
 40
4.0
 40
4.0
 40
5.0
 40
5.0
 40
5.0
 40
6.0
 40
6.0
 40
6.0
 40
6.0
 10
82.63779527559056
 20
23.30708661417323
 30
0.0
 10
82.63779527559056
 20
23.34163850297442
 30
0.0
 10
82.6468922832009
 20
23.375588997573054
 30
0.0
 10
82.6641682276015
 20
23.405511811023622
 30
0.0
 10
82.68144417200209
 20
23.43543462447419
 30
0.0
 10
82.7062976589904
 20
23.460288111462482
 30
0.0
 10
82.73622047244095
 20
23.477564055863077
 30
0.0
 10
82.76614328589152
 20
23.494840000263675
 30
0.0
 10
82.80009378049016
 20
23.503937007874015
 30
0.0
 10
82.83464566929135
 20
23.503937007874015
 30
0.0
 10
82.86919755809254
 20
23.503937007874015
 30
0.0
 10
82.90314805269118
 20
23.494840000263675
 30
0.0
 10
82.93307086614173
 20
23.477564055863077
 30
0.0
 10
82.9629936795923
 20
23.460288111462482
 30
0.0
 10
82.98784716658061
 20
23.43543462447419
 30
0.0
 10
83.00512311098119
 20
23.405511811023622
 30
0.0
 10
83.02239905538178
 20
23.375588997573054
 30
0.0
 10
83.03149606299213
 20
23.34163850297442
 30
0.0
 10
83.03149606299213
 20
23.30708661417323
 30
0.0
  0
POLYLINE
  5
1C3
330
17
100
AcDbEntity
  8
Front elevation
100
AcDb2dPolyline
 66
1
 10
0.0
 20
0.0
 30
0.0
 70
0
  0
VERTEX
  5
1C4
330
1C3
100
AcDbEntity
  8
Front elevation
100
AcDbVertex
100
AcDb2dVertex
 10
83.03149606299213
 20
23.30708661417323
 30
0.0
 70
0
  0
VERTEX
  5
1C5
330
1C3
100
AcDbEntity
  8
Front elevation
100
AcDbVertex
100
AcDb2dVertex
 10
83.11023622047244
 20
22.913385826771655
 30
0.0
 70
0
  0
VERTEX
  5
1C6
330
1C3
100
AcDbEntity
  8
Front elevation
100
AcDbVertex
100
AcDb2dVertex
 10
82.55905511811024
 20
22.913385826771655
 30
0.0
 70
0
  0
VERTEX
  5
1C7
330
1C3
100
AcDbEntity
  8
Front elevation
100
AcDbVertex
100
AcDb2dVertex
 10
82.63779527559056
 20
23.30708661417323
 30
0.0
 70
0
  0
SEQEND
  5
1C8
330
1C3
100
AcDbEntity
  8
Front elevation
  0
LWPOLYLINE
  5
1C9
330
17
100
AcDbEntity
  8
Front elevation
100
AcDbPolyline
 90
5
 70
0
 10
74.25196850393701
 20
17.716535433070867
 10
91.41732283464567
 20
17.716535433070867
 10
91.41732283464567
 20
11.41732283464567
 10
74.25196850393701
 20
11.41732283464567
 10
74.25196850393701
 20
17.716535433070867
  0
LWPOLYLINE
  5
1CA
330
17
100
AcDbEntity
  8
Front elevation
100
AcDbPolyline
 90
5
 70
0
 10
74.40944881889764
 20
17.559055118110237
 10
91.25984251968504
 20
17.559055118110237
 10
91.25984251968504
 20
11.5748031496063
 10
74.40944881889764
 20
11.5748031496063
 10
74.40944881889764
 20
17.559055118110237
  0
CIRCLE
  5
1CB
330
17
100
AcDbEntity
  8
Front elevation
100
AcDbCircle
 10
81.06299212598425
 20
14.960629921259843
 30
0.0
 40
0.31496062992125984
  0
CIRCLE
  5
1CC
330
17
100
AcDbEntity
  8
Front elevation
100
AcDbCircle
 10
84.60629921259843
 20
14.960629921259843
 30
0.0
 40
0.31496062992125984
  0
CIRCLE
  5
1CD
330
17
100
AcDbEntity
  8
Front elevation
100
AcDbCircle
 10
81.06299212598425
 20
14.960629921259843
 30
0.0
 40
0.11811023622047244
  0
CIRCLE
  5
1CE
330
17
100
AcDbEntity
  8
Front elevation
100
AcDbCircle
 10
84.60629921259843
 20
14.960629921259843
 30
0.0
 40
0.11811023622047244
  0
SPLINE
  5
1CF
330
17
100
AcDbEntity
  8
Front elevation
100
AcDbSpline
 70
0
 71
3
 72
8
 73
4
 74
0
 40
0.0
 40
0.0
 40
0.0
 40
0.0
 40
1.0
 40
1.0
 40
1.0
 40
1.0
 10
81.06299212598425
 20
14.84251968503937
 30
0.0
 10
81.06299212598425
 20
14.409448818897639
 30
0.0
 10
81.41732283464567
 20
14.488188976377954
 30
0.0
 10
81.65354330708662
 20
14.173228346456694
 30
0.0
  0
SPLINE
  5
1D0
330
17
100
AcDbEntity
  8
Front elevation
100
AcDbSpline
 70
0
 71
3
 72
11
 73
7
 74
0
 40
0.0
 40
0.0
 40
0.0
 40
0.0
 40
1.0
 40
1.0
 40
1.0
 40
2.0
 40
2.0
 40
2.0
 40
2.0
 10
81.65354330708662
 20
14.173228346456694
 30
0.0
 10
81.88976377952757
 20
13.89763779527559
 30
0.0
 10
82.36220472440945
 20
13.93700787401575
 30
0.0
 10
82.83464566929135
 20
13.93700787401575
 30
0.0
 10
83.30708661417323
 20
13.93700787401575
 30
0.0
 10
83.77952755905513
 20
13.89763779527559
 30
0.0
 10
84.01574803149607
 20
14.173228346456694
 30
0.0
  0
SPLINE
  5
1D1
330
17
100
AcDbEntity
  8
Front elevation
100
AcDbSpline
 70
0
 71
3
 72
8
 73
4
 74
0
 40
0.0
 40
0.0
 40
0.0
 40
0.0
 40
1.0
 40
1.0
 40
1.0
 40
1.0
 10
84.01574803149607
 20
14.173228346456694
 30
0.0
 10
84.25196850393701
 20
14.488188976377954
 30
0.0
 10
84.60629921259843
 20
14.409448818897639
 30
0.0
 10
84.60629921259843
 20
14.84251968503937
 30
0.0
  0
SPLINE
  5
1D2
330
17
100
AcDbEntity
  8
Front elevation
100
AcDbSpline
 70
0
 71
3
 72
23
 73
19
 74
0
 40
0.0
 40
0.0
 40
0.0
 40
0.0
 40
1.0
 40
1.0
 40
1.0
 40
2.0
 40
2.0
 40
2.0
 40
3.0
 40
3.0
 40
3.0
 40
4.0
 40
4.0
 40
4.0
 40
5.0
 40
5.0
 40
5.0
 40
6.0
 40
6.0
 40
6.0
 40
6.0
 10
82.63779527559056
 20
17.086614173228348
 30
0.0
 10
82.63779527559056
 20
17.121166062029538
 30
0.0
 10
82.6468922832009
 20
17.155116556628172
 30
0.0
 10
82.6641682276015
 20
17.18503937007874
 30
0.0
 10
82.68144417200209
 20
17.21496218352931
 30
0.0
 10
82.7062976589904
 20
17.2398156705176
 30
0.0
 10
82.73622047244095
 20
17.2570916149182
 30
0.0
 10
82.76614328589152
 20
17.274367559318794
 30
0.0
 10
82.80009378049016
 20
17.283464566929133
 30
0.0
 10
82.83464566929135
 20
17.283464566929133
 30
0.0
 10
82.86919755809254
 20
17.283464566929133
 30
0.0
 10
82.90314805269118
 20
17.274367559318794
 30
0.0
 10
82.93307086614173
 20
17.2570916149182
 30
0.0
 10
82.9629936795923
 20
17.2398156705176
 30
0.0
 10
82.98784716658061
 20
17.21496218352931
 30
0.0
 10
83.00512311098119
 20
17.18503937007874
 30
0.0
 10
83.02239905538178
 20
17.155116556628172
 30
0.0
 10
83.03149606299213
 20
17.121166062029538
 30
0.0
 10
83.03149606299213
 20
17.086614173228348
 30
0.0
  0
POLYLINE
  5
1D3
330
17
100
AcDbEntity
  8
Front elevation
100
AcDb2dPolyline
 66
1
 10
0.0
 20
0.0
 30
0.0
 70
0
  0
VERTEX
  5
1D4
330
1D3
100
AcDbEntity
  8
Front elevation
100
AcDbVertex
100
AcDb2dVertex
 10
83.03149606299213
 20
17.086614173228348
 30
0.0
 70
0
  0
VERTEX
  5
1D5
330
1D3
100
AcDbEntity
  8
Front elevation
100
AcDbVertex
100
AcDb2dVertex
 10
83.11023622047244
 20
16.69291338582677
 30
0.0
 70
0
  0
VERTEX
  5
1D6
330
1D3
100
AcDbEntity
  8
Front elevation
100
AcDbVertex
100
AcDb2dVertex
 10
82.55905511811024
 20
16.69291338582677
 30
0.0
 70
0
  0
VERTEX
  5
1D7
330
1D3
100
AcDbEntity
  8
Front elevation
100
AcDbVertex
100
AcDb2dVertex
 10
82.63779527559056
 20
17.086614173228348
 30
0.0
 70
0
  0
SEQEND
  5
1D8
330
1D3
100
AcDbEntity
  8
Front elevation
  0
LWPOLYLINE
  5
1D9
330
17
100
AcDbEntity
  8
Front elevation
100
AcDbPolyline
 90
5
 70
0
 10
74.25196850393701
 20
10.708661417322837
 10
91.41732283464567
 20
10.708661417322837
 10
91.41732283464567
 20
3.622047244094489
 10
74.25196850393701
 20
3.622047244094489
 10
74.25196850393701
 20
10.708661417322837
  0
LWPOLYLINE
  5
1DA
330
17
100
AcDbEntity
  8
Front elevation
100
AcDbPolyline
 90
5
 70
0
 10
74.40944881889764
 20
10.551181102362207
 10
91.25984251968504
 20
10.551181102362207
 10
91.25984251968504
 20
3.7795275590551185
 10
74.40944881889764
 20
3.7795275590551185
 10
74.40944881889764
 20
10.551181102362207
  0
CIRCLE
  5
1DB
330
17
100
AcDbEntity
  8
Front elevation
100
AcDbCircle
 10
81.06299212598425
 20
7.559055118110236
 30
0.0
 40
0.31496062992125984
  0
CIRCLE
  5
1DC
330
17
100
AcDbEntity
  8
Front elevation
100
AcDbCircle
 10
84.60629921259843
 20
7.559055118110236
 30
0.0
 40
0.31496062992125984
  0
CIRCLE
  5
1DD
330
17
100
AcDbEntity
  8
Front elevation
100
AcDbCircle
 10
81.06299212598425
 20
7.559055118110236
 30
0.0
 40
0.11811023622047244
  0
CIRCLE
  5
1DE
330
17
100
AcDbEntity
  8
Front elevation
100
AcDbCircle
 10
84.60629921259843
 20
7.559055118110236
 30
0.0
 40
0.11811023622047244
  0
SPLINE
  5
1DF
330
17
100
AcDbEntity
  8
Front elevation
100
AcDbSpline
 70
0
 71
3
 72
8
 73
4
 74
0
 40
0.0
 40
0.0
 40
0.0
 40
0.0
 40
1.0
 40
1.0
 40
1.0
 40
1.0
 10
81.06299212598425
 20
7.4409448818897665
 30
0.0
 10
81.06299212598425
 20
7.007874015748033
 30
0.0
 10
81.41732283464567
 20
7.086614173228348
 30
0.0
 10
81.65354330708662
 20
6.771653543307089
 30
0.0
  0
SPLINE
  5
1E0
330
17
100
AcDbEntity
  8
Front elevation
100
AcDbSpline
 70
0
 71
3
 72
11
 73
7
 74
0
 40
0.0
 40
0.0
 40
0.0
 40
0.0
 40
1.0
 40
1.0
 40
1.0
 40
2.0
 40
2.0
 40
2.0
 40
2.0
 10
81.65354330708662
 20
6.771653543307089
 30
0.0
 10
81.88976377952757
 20
6.496062992125985
 30
0.0
 10
82.36220472440945
 20
6.535433070866144
 30
0.0
 10
82.83464566929135
 20
6.535433070866144
 30
0.0
 10
83.30708661417323
 20
6.535433070866144
 30
0.0
 10
83.77952755905513
 20
6.496062992125985
 30
0.0
 10
84.01574803149607
 20
6.771653543307089
 30
0.0
  0
SPLINE
  5
1E1
330
17
100
AcDbEntity
  8
Front elevation
100
AcDbSpline
 70
0
 71
3
 72
8
 73
4
 74
0
 40
0.0
 40
0.0
 40
0.0
 40
0.0
 40
1.0
 40
1.0
 40
1.0
 40
1.0
 10
84.01574803149607
 20
6.771653543307089
 30
0.0
 10
84.25196850393701
 20
7.086614173228348
 30
0.0
 10
84.60629921259843
 20
7.007874015748033
 30
0.0
 10
84.60629921259843
 20
7.4409448818897665
 30
0.0
  0
SPLINE
  5
1E2
330
17
100
AcDbEntity
  8
Front elevation
100
AcDbSpline
 70
0
 71
3
 72
23
 73
19
 74
0
 40
0.0
 40
0.0
 40
0.0
 40
0.0
 40
1.0
 40
1.0
 40
1.0
 40
2.0
 40
2.0
 40
2.0
 40
3.0
 40
3.0
 40
3.0
 40
4.0
 40
4.0
 40
4.0
 40
5.0
 40
5.0
 40
5.0
 40
6.0
 40
6.0
 40
6.0
 40
6.0
 10
82.63779527559056
 20
10.078740157480315
 30
0.0
 10
82.63779527559056
 20
10.113292046281508
 30
0.0
 10
82.6468922832009
 20
10.147242540880143
 30
0.0
 10
82.6641682276015
 20
10.177165354330711
 30
0.0
 10
82.68144417200209
 20
10.207088167781276
 30
0.0
 10
82.7062976589904
 20
10.231941654769571
 30
0.0
 10
82.73622047244095
 20
10.249217599170166
 30
0.0
 10
82.76614328589152
 20
10.266493543570764
 30
0.0
 10
82.80009378049016
 20
10.275590551181104
 30
0.0
 10
82.83464566929135
 20
10.275590551181104
 30
0.0
 10
82.86919755809254
 20
10.275590551181104
 30
0.0
 10
82.90314805269118
 20
10.266493543570764
 30
0.0
 10
82.93307086614173
 20
10.249217599170166
 30
0.0
 10
82.9629936795923
 20
10.231941654769571
 30
0.0
 10
82.98784716658061
 20
10.207088167781276
 30
0.0
 10
83.00512311098119
 20
10.177165354330711
 30
0.0
 10
83.02239905538178
 20
10.147242540880143
 30
0.0
 10
83.03149606299213
 20
10.113292046281508
 30
0.0
 10
83.03149606299213
 20
10.078740157480315
 30
0.0
  0
POLYLINE
  5
1E3
330
17
100
AcDbEntity
  8
Front elevation
100
AcDb2dPolyline
 66
1
 10
0.0
 20
0.0
 30
0.0
 70
0
  0
VERTEX
  5
1E4
330
1E3
100
AcDbEntity
  8
Front elevation
100
AcDbVertex
100
AcDb2dVertex
 10
83.03149606299213
 20
10.078740157480315
 30
0.0
 70
0
  0
VERTEX
  5
1E5
330
1E3
100
AcDbEntity
  8
Front elevation
100
AcDbVertex
100
AcDb2dVertex
 10
83.11023622047244
 20
9.68503937007874
 30
0.0
 70
0
  0
VERTEX
  5
1E6
330
1E3
100
AcDbEntity
  8
Front elevation
100
AcDbVertex
100
AcDb2dVertex
 10
82.55905511811024
 20
9.68503937007874
 30
0.0
 70
0
  0
VERTEX
  5
1E7
330
1E3
100
AcDbEntity
  8
Front elevation
100
AcDbVertex
100
AcDb2dVertex
 10
82.63779527559056
 20
10.078740157480315
 30
0.0
 70
0
  0
SEQEND
  5
1E8
330
1E3
100
AcDbEntity
  8
Front elevation
  0
LWPOLYLINE
  5
1E9
330
17
100
AcDbEntity
  8
Front elevation
100
AcDbPolyline
 90
5
 70
0
 10
70.90551181102363
 20
3.1496062992126
 10
94.13385826771653
 20
3.1496062992126
 10
94.13385826771653
 20
0.0
 10
70.90551181102363
 20
0.0
 10
70.90551181102363
 20
3.1496062992126
  0
LINE
  5
1EA
330
17
100
AcDbEntity
  8
Front elevation
100
AcDbLine
 10
70.90551181102362
 20
2.7559055118110236
 30
0.0
 11
94.13385826771653
 21
2.7559055118110236
 31
0.0
  0
LINE
  5
1EB
330
17
100
AcDbEntity
  8
Front elevation
100
AcDbLine
 10
70.90551181102362
 20
2.283464566929134
 30
0.0
 11
94.13385826771653
 21
2.283464566929134
 31
0.0
  0
LWPOLYLINE
  5
1EC
330
17
100
AcDbEntity
  8
Front elevation
100
AcDbPolyline
 90
5
 70
0
 10
92.20472440944883
 20
24.409448818897637
 10
93.22834645669292
 20
24.409448818897637
 10
93.22834645669292
 20
5.511811023622048
 10
92.20472440944883
 20
5.511811023622048
 10
92.20472440944883
 20
24.409448818897637
  0
LINE
  5
1ED
330
17
100
AcDbEntity
  8
Front elevation
100
AcDbLine
 10
92.36220472440945
 20
24.409448818897637
 30
0.0
 11
92.36220472440945
 21
5.511811023622047
 31
0.0
  0
LINE
  5
1EE
330
17
100
AcDbEntity
  8
Front elevation
100
AcDbLine
 10
93.07086614173228
 20
24.409448818897637
 30
0.0
 11
93.07086614173228
 21
5.511811023622047
 31
0.0
  0
LINE
  5
1EF
330
17
100
AcDbEntity
  8
Front elevation
100
AcDbLine
 10
92.5216535433071
 20
24.409448818897637
 30
0.0
 11
92.5216535433071
 21
5.511811023622047
 31
0.0
  0
LINE
  5
1F0
330
17
100
AcDbEntity
  8
Front elevation
100
AcDbLine
 10
92.91141732283464
 20
24.409448818897637
 30
0.0
 11
92.91141732283464
 21
5.511811023622047
 31
0.0
  0
LWPOLYLINE
  5
1F1
330
17
100
AcDbEntity
  8
Front elevation
100
AcDbPolyline
 90
5
 70
0
 10
92.08661417322836
 20
20.31496062992126
 10
93.34645669291339
 20
20.31496062992126
 10
93.34645669291339
 20
19.84251968503937
 10
92.08661417322836
 20
19.84251968503937
 10
92.08661417322836
 20
20.31496062992126
  0
LINE
  5
1F2
330
17
100
AcDbEntity
  8
Front elevation
100
AcDbLine
 10
92.08661417322834
 20
20.078740157480315
 30
0.0
 11
93.34645669291338
 21
20.078740157480315
 31
0.0
  0
LWPOLYLINE
  5
1F3
330
17
100
AcDbEntity
  8
Front elevation
100
AcDbPolyline
 90
5
 70
0
 10
92.08661417322836
 20
7.244094488188978
 10
93.34645669291339
 20
7.244094488188978
 10
93.34645669291339
 20
6.771653543307089
 10
92.08661417322836
 20
6.771653543307089
 10
92.08661417322836
 20
7.244094488188978
  0
LINE
  5
1F4
330
17
100
AcDbEntity
  8
Front elevation
100
AcDbLine
 10
92.08661417322834
 20
7.0078740157480315
 30
0.0
 11
93.34645669291338
 21
7.0078740157480315
 31
0.0
  0
SPLINE
  5
1F5
330
17
100
AcDbEntity
  8
Front elevation
100
AcDbSpline
 70
0
 71
3
 72
41
 73
37
 74
0
 40
0.0
 40
0.0
 40
0.0
 40
0.0
 40
1.0
 40
1.0
 40
1.0
 40
2.0
 40
2.0
 40
2.0
 40
3.0
 40
3.0
 40
3.0
 40
4.0
 40
4.0
 40
4.0
 40
5.0
 40
5.0
 40
5.0
 40
6.0
 40
6.0
 40
6.0
 40
7.0
 40
7.0
 40
7.0
 40
8.0
 40
8.0
 40
8.0
 40
9.0
 40
9.0
 40
9.0
 40
10.0
 40
10.0
 40
10.0
 40
11.0
 40
11.0
 40
11.0
 40
12.0
 40
12.0
 40
12.0
 40
12.0
 10
92.71653543307087
 20
19.37007874015748
 30
0.0
 10
92.71653543307087
 20
19.33207166247617
 30
0.0
 10
92.70016081937226
 20
19.29472611841767
 30
0.0
 10
92.66906411945118
 20
19.261811023622048
 30
0.0
 10
92.63796741953011
 20
19.228895928826425
 30
0.0
 10
92.59323114295118
 20
19.2015570931393
 30
0.0
 10
92.53937007874016
 20
19.182553554298647
 30
0.0
 10
92.48550901452914
 20
19.163550015457993
 30
0.0
 10
92.4243981242516
 20
19.153543307086615
 30
0.0
 10
92.36220472440945
 20
19.153543307086615
 30
0.0
 10
92.30001132456731
 20
19.153543307086615
 30
0.0
 10
92.23890043428976
 20
19.163550015457993
 30
0.0
 10
92.18503937007874
 20
19.182553554298647
 30
0.0
 10
92.13117830586772
 20
19.2015570931393
 30
0.0
 10
92.0864420292888
 20
19.228895928826425
 30
0.0
 10
92.05534532936773
 20
19.261811023622048
 30
0.0
 10
92.02424862944665
 20
19.29472611841767
 30
0.0
 10
92.00787401574803
 20
19.33207166247617
 30
0.0
 10
92.00787401574803
 20
19.37007874015748
 30
0.0
 10
92.00787401574803
 20
19.40808581783879
 30
0.0
 10
92.02424862944665
 20
19.445431361897292
 30
0.0
 10
92.05534532936773
 20
19.478346456692915
 30
0.0
 10
92.0864420292888
 20
19.511261551488538
 30
0.0
 10
92.13117830586772
 20
19.538600387175663
 30
0.0
 10
92.18503937007874
 20
19.557603926016316
 30
0.0
 10
92.23890043428976
 20
19.57660746485697
 30
0.0
 10
92.30001132456731
 20
19.586614173228348
 30
0.0
 10
92.36220472440945
 20
19.586614173228348
 30
0.0
 10
92.4243981242516
 20
19.586614173228348
 30
0.0
 10
92.48550901452914
 20
19.57660746485697
 30
0.0
 10
92.53937007874016
 20
19.557603926016316
 30
0.0
 10
92.59323114295118
 20
19.538600387175663
 30
0.0
 10
92.63796741953011
 20
19.511261551488538
 30
0.0
 10
92.66906411945118
 20
19.478346456692915
 30
0.0
 10
92.70016081937226
 20
19.445431361897292
 30
0.0
 10
92.71653543307087
 20
19.40808581783879
 30
0.0
 10
92.71653543307087
 20
19.37007874015748
 30
0.0
  0
SPLINE
  5
1F6
330
17
100
AcDbEntity
  8
Front elevation
100
AcDbSpline
 70
0
 71
3
 72
41
 73
37
 74
0
 40
0.0
 40
0.0
 40
0.0
 40
0.0
 40
1.0
 40
1.0
 40
1.0
 40
2.0
 40
2.0
 40
2.0
 40
3.0
 40
3.0
 40
3.0
 40
4.0
 40
4.0
 40
4.0
 40
5.0
 40
5.0
 40
5.0
 40
6.0
 40
6.0
 40
6.0
 40
7.0
 40
7.0
 40
7.0
 40
8.0
 40
8.0
 40
8.0
 40
9.0
 40
9.0
 40
9.0
 40
10.0
 40
10.0
 40
10.0
 40
11.0
 40
11.0
 40
11.0
 40
12.0
 40
12.0
 40
12.0
 40
12.0
 10
93.4251968503937
 20
19.37007874015748
 30
0.0
 10
93.4251968503937
 20
19.33207166247617
 30
0.0
 10
93.40882223669509
 20
19.29472611841767
 30
0.0
 10
93.37772553677402
 20
19.261811023622048
 30
0.0
 10
93.34662883685294
 20
19.228895928826425
 30
0.0
 10
93.30189256027401
 20
19.2015570931393
 30
0.0
 10
93.24803149606299
 20
19.182553554298647
 30
0.0
 10
93.19417043185197
 20
19.163550015457993
 30
0.0
 10
93.13305954157444
 20
19.153543307086615
 30
0.0
 10
93.07086614173228
 20
19.153543307086615
 30
0.0
 10
93.00867274189014
 20
19.153543307086615
 30
0.0
 10
92.9475618516126
 20
19.163550015457993
 30
0.0
 10
92.89370078740158
 20
19.182553554298647
 30
0.0
 10
92.83983972319055
 20
19.2015570931393
 30
0.0
 10
92.79510344661163
 20
19.228895928826425
 30
0.0
 10
92.76400674669055
 20
19.261811023622048
 30
0.0
 10
92.73291004676949
 20
19.29472611841767
 30
0.0
 10
92.71653543307087
 20
19.33207166247617
 30
0.0
 10
92.71653543307087
 20
19.37007874015748
 30
0.0
 10
92.71653543307087
 20
19.40808581783879
 30
0.0
 10
92.73291004676949
 20
19.445431361897292
 30
0.0
 10
92.76400674669055
 20
19.478346456692915
 30
0.0
 10
92.79510344661163
 20
19.511261551488538
 30
0.0
 10
92.83983972319055
 20
19.538600387175663
 30
0.0
 10
92.89370078740158
 20
19.557603926016316
 30
0.0
 10
92.9475618516126
 20
19.57660746485697
 30
0.0
 10
93.00867274189014
 20
19.586614173228348
 30
0.0
 10
93.07086614173228
 20
19.586614173228348
 30
0.0
 10
93.13305954157444
 20
19.586614173228348
 30
0.0
 10
93.19417043185197
 20
19.57660746485697
 30
0.0
 10
93.24803149606299
 20
19.557603926016316
 30
0.0
 10
93.30189256027401
 20
19.538600387175663
 30
0.0
 10
93.34662883685294
 20
19.511261551488538
 30
0.0
 10
93.37772553677402
 20
19.478346456692915
 30
0.0
 10
93.40882223669509
 20
19.445431361897292
 30
0.0
 10
93.4251968503937
 20
19.40808581783879
 30
0.0
 10
93.4251968503937
 20
19.37007874015748
 30
0.0
  0
CIRCLE
  5
1F7
330
17
100
AcDbEntity
  8
Front elevation
100
AcDbCircle
 10
92.71653543307086
 20
19.37007874015748
 30
0.0
 40
0.1377952755905512
  0
LWPOLYLINE
  5
1F8
330
17
100
AcDbEntity
  8
Front elevation
100
AcDbPolyline
 90
2
 70
0
 10
92.63779527559056
 20
19.251968503937007
 10
92.40157480314961
 20
18.661417322834644
  0
LWPOLYLINE
  5
1F9
330
17
100
AcDbEntity
  8
Front elevation
100
AcDbPolyline
 90
2
 70
0
 10
92.79527559055119
 20
19.251968503937007
 10
93.03149606299213
 20
18.661417322834644
  0
SPLINE
  5
1FA
330
17
100
AcDbEntity
  8
Front elevation
100
AcDbSpline
 70
0
 71
3
 72
8
 73
4
 74
0
 40
0.0
 40
0.0
 40
0.0
 40
0.0
 40
1.0
 40
1.0
 40
1.0
 40
1.0
 10
92.71653543307087
 20
18.503937007874015
 30
0.0
 10
93.23622047244095
 20
18.503937007874015
 30
0.0
 10
93.18897637795276
 20
17.79527559055118
 30
0.0
 10
92.71653543307087
 20
17.417322834645667
 30
0.0
  0
SPLINE
  5
1FB
330
17
100
AcDbEntity
  8
Front elevation
100
AcDbSpline
 70
0
 71
3
 72
8
 73
4
 74
0
 40
0.0
 40
0.0
 40
0.0
 40
0.0
 40
1.0
 40
1.0
 40
1.0
 40
1.0
 10
92.71653543307087
 20
17.417322834645667
 30
0.0
 10
92.24409448818898
 20
17.79527559055118
 30
0.0
 10
92.1968503937008
 20
18.503937007874015
 30
0.0
 10
92.71653543307087
 20
18.503937007874015
 30
0.0
  0
LWPOLYLINE
  5
1FC
330
17
100
AcDbEntity
  8
Front elevation
100
AcDbPolyline
 90
2
 70
0
 10
92.71653543307087
 20
18.362204724409448
 10
92.71653543307087
 20
17.653543307086615
  0
SPLINE
  5
1FD
330
17
100
AcDbEntity
  8
Front elevation
100
AcDbSpline
 70
0
 71
3
 72
8
 73
4
 74
0
 40
0.0
 40
0.0
 40
0.0
 40
0.0
 40
1.0
 40
1.0
 40
1.0
 40
1.0
 10
92.50866141732283
 20
18.267716535433074
 30
0.0
 10
92.58425196850393
 20
18.04724409448819
 30
0.0
 10
92.65354330708662
 20
17.84251968503937
 30
0.0
 10
92.71653543307087
 20
17.653543307086615
 30
0.0
  0
SPLINE
  5
1FE
330
17
100
AcDbEntity
  8
Front elevation
100
AcDbSpline
 70
0
 71
3
 72
8
 73
4
 74
0
 40
0.0
 40
0.0
 40
0.0
 40
0.0
 40
1.0
 40
1.0
 40
1.0
 40
1.0
 10
92.9244094488189
 20
18.267716535433074
 30
0.0
 10
92.84881889763781
 20
18.04724409448819
 30
0.0
 10
92.77952755905513
 20
17.84251968503937
 30
0.0
 10
92.71653543307087
 20
17.653543307086615
 30
0.0
  0
CIRCLE
  5
1FF
330
17
100
AcDbEntity
  8
Front elevation
100
AcDbCircle
 10
92.71653543307086
 20
17.259842519685037
 30
0.0
 40
0.09842519685039369
  0
SPLINE
  5
200
330
17
100
AcDbEntity
  8
Front elevation
100
AcDbSpline
 70
0
 71
3
 72
8
 73
4
 74
0
 40
0.0
 40
0.0
 40
0.0
 40
0.0
 40
1.0
 40
1.0
 40
1.0
 40
1.0
 10
92.71653543307087
 20
17.062992125984252
 30
0.0
 10
93.18425196850394
 20
17.062992125984252
 30
0.0
 10
93.14173228346458
 20
16.425196850393704
 30
0.0
 10
92.71653543307087
 20
16.08503937007874
 30
0.0
  0
SPLINE
  5
201
330
17
100
AcDbEntity
  8
Front elevation
100
AcDbSpline
 70
0
 71
3
 72
8
 73
4
 74
0
 40
0.0
 40
0.0
 40
0.0
 40
0.0
 40
1.0
 40
1.0
 40
1.0
 40
1.0
 10
92.71653543307087
 20
16.08503937007874
 30
0.0
 10
92.29133858267716
 20
16.425196850393704
 30
0.0
 10
92.24881889763779
 20
17.062992125984252
 30
0.0
 10
92.71653543307087
 20
17.062992125984252
 30
0.0
  0
LWPOLYLINE
  5
202
330
17
100
AcDbEntity
  8
Front elevation
100
AcDbPolyline
 90
2
 70
0
 10
92.71653543307087
 20
16.93543307086614
 10
92.71653543307087
 20
16.29763779527559
  0
SPLINE
  5
203
330
17
100
AcDbEntity
  8
Front elevation
100
AcDbSpline
 70
0
 71
3
 72
8
 73
4
 74
0
 40
0.0
 40
0.0
 40
0.0
 40
0.0
 40
1.0
 40
1.0
 40
1.0
 40
1.0
 10
92.52944881889765
 20
16.8503937007874
 30
0.0
 10
92.59748031496065
 20
16.65196850393701
 30
0.0
 10
92.65984251968506
 20
16.467716535433073
 30
0.0
 10
92.71653543307087
 20
16.29763779527559
 30
0.0
  0
SPLINE
  5
204
330
17
100
AcDbEntity
  8
Front elevation
100
AcDbSpline
 70
0
 71
3
 72
8
 73
4
 74
0
 40
0.0
 40
0.0
 40
0.0
 40
0.0
 40
1.0
 40
1.0
 40
1.0
 40
1.0
 10
92.9036220472441
 20
16.8503937007874
 30
0.0
 10
92.8355905511811
 20
16.65196850393701
 30
0.0
 10
92.77322834645669
 20
16.467716535433073
 30
0.0
 10
92.71653543307087
 20
16.29763779527559
 30
0.0
  0
CIRCLE
  5
205
330
17
100
AcDbEntity
  8
Front elevation
100
AcDbCircle
 10
92.71653543307086
 20
15.92755905511811
 30
0.0
 40
0.09842519685039369
  0
SPLINE
  5
206
330
17
100
AcDbEntity
  8
Front elevation
100
AcDbSpline
 70
0
 71
3
 72
8
 73
4
 74
0
 40
0.0
 40
0.0
 40
0.0
 40
0.0
 40
1.0
 40
1.0
 40
1.0
 40
1.0
 10
92.71653543307087
 20
15.730708661417324
 30
0.0
 10
93.13748031496064
 20
15.730708661417324
 30
0.0
 10
93.0992125984252
 20
15.156692913385829
 30
0.0
 10
92.71653543307087
 20
14.850551181102363
 30
0.0
  0
SPLINE
  5
207
330
17
100
AcDbEntity
  8
Front elevation
100
AcDbSpline
 70
0
 71
3
 72
8
 73
4
 74
0
 40
0.0
 40
0.0
 40
0.0
 40
0.0
 40
1.0
 40
1.0
 40
1.0
 40
1.0
 10
92.71653543307087
 20
14.850551181102363
 30
0.0
 10
92.33385826771655
 20
15.156692913385829
 30
0.0
 10
92.2955905511811
 20
15.730708661417324
 30
0.0
 10
92.71653543307087
 20
15.730708661417324
 30
0.0
  0
LWPOLYLINE
  5
208
330
17
100
AcDbEntity
  8
Front elevation
100
AcDbPolyline
 90
2
 70
0
 10
92.71653543307087
 20
15.615905511811025
 10
92.71653543307087
 20
15.04188976377953
  0
SPLINE
  5
209
330
17
100
AcDbEntity
  8
Front elevation
100
AcDbSpline
 70
0
 71
3
 72
8
 73
4
 74
0
 40
0.0
 40
0.0
 40
0.0
 40
0.0
 40
1.0
 40
1.0
 40
1.0
 40
1.0
 10
92.54815748031496
 20
15.539370078740157
 30
0.0
 10
92.60938582677166
 20
15.360787401574804
 30
0.0
 10
92.66551181102362
 20
15.194960629921262
 30
0.0
 10
92.71653543307087
 20
15.04188976377953
 30
0.0
  0
SPLINE
  5
20A
330
17
100
AcDbEntity
  8
Front elevation
100
AcDbSpline
 70
0
 71
3
 72
8
 73
4
 74
0
 40
0.0
 40
0.0
 40
0.0
 40
0.0
 40
1.0
 40
1.0
 40
1.0
 40
1.0
 10
92.88491338582678
 20
15.539370078740157
 30
0.0
 10
92.82368503937008
 20
15.360787401574804
 30
0.0
 10
92.76755905511811
 20
15.194960629921262
 30
0.0
 10
92.71653543307087
 20
15.04188976377953
 30
0.0
  0
CIRCLE
  5
20B
330
17
100
AcDbEntity
  8
Front elevation
100
AcDbCircle
 10
92.71653543307086
 20
14.693070866141733
 30
0.0
 40
0.09842519685039369
  0
SPLINE
  5
20C
330
17
100
AcDbEntity
  8
Front elevation
100
AcDbSpline
 70
0
 71
3
 72
8
 73
4
 74
0
 40
0.0
 40
0.0
 40
0.0
 40
0.0
 40
1.0
 40
1.0
 40
1.0
 40
1.0
 10
92.71653543307087
 20
14.496220472440946
 30
0.0
 10
93.09538582677166
 20
14.496220472440946
 30
0.0
 10
93.06094488188977
 20
13.9796062992126
 30
0.0
 10
92.71653543307087
 20
13.704078740157481
 30
0.0
  0
SPLINE
  5
20D
330
17
100
AcDbEntity
  8
Front elevation
100
AcDbSpline
 70
0
 71
3
 72
8
 73
4
 74
0
 40
0.0
 40
0.0
 40
0.0
 40
0.0
 40
1.0
 40
1.0
 40
1.0
 40
1.0
 10
92.71653543307087
 20
13.704078740157481
 30
0.0
 10
92.37212598425197
 20
13.9796062992126
 30
0.0
 10
92.33768503937009
 20
14.496220472440946
 30
0.0
 10
92.71653543307087
 20
14.496220472440946
 30
0.0
  0
LWPOLYLINE
  5
20E
330
17
100
AcDbEntity
  8
Front elevation
100
AcDbPolyline
 90
2
 70
0
 10
92.71653543307087
 20
14.392897637795278
 10
92.71653543307087
 20
13.876283464566932
  0
SPLINE
  5
20F
330
17
100
AcDbEntity
  8
Front elevation
100
AcDbSpline
 70
0
 71
3
 72
8
 73
4
 74
0
 40
0.0
 40
0.0
 40
0.0
 40
0.0
 40
1.0
 40
1.0
 40
1.0
 40
1.0
 10
92.56499527559056
 20
14.324015748031497
 30
0.0
 10
92.62010078740158
 20
14.16329133858268
 30
0.0
 10
92.67061417322834
 20
14.01404724409449
 30
0.0
 10
92.71653543307087
 20
13.876283464566932
 30
0.0
  0
SPLINE
  5
210
330
17
100
AcDbEntity
  8
Front elevation
100
AcDbSpline
 70
0
 71
3
 72
8
 73
4
 74
0
 40
0.0
 40
0.0
 40
0.0
 40
0.0
 40
1.0
 40
1.0
 40
1.0
 40
1.0
 10
92.86807559055119
 20
14.324015748031497
 30
0.0
 10
92.81297007874016
 20
14.16329133858268
 30
0.0
 10
92.7624566929134
 20
14.01404724409449
 30
0.0
 10
92.71653543307087
 20
13.876283464566932
 30
0.0
  0
CIRCLE
  5
211
330
17
100
AcDbEntity
  8
Front elevation
100
AcDbCircle
 10
92.71653543307086
 20
13.54659842519685
 30
0.0
 40
0.09842519685039369
  0
SPLINE
  5
212
330
17
100
AcDbEntity
  8
Front elevation
100
AcDbSpline
 70
0
 71
3
 72
8
 73
4
 74
0
 40
0.0
 40
0.0
 40
0.0
 40
0.0
 40
1.0
 40
1.0
 40
1.0
 40
1.0
 10
92.71653543307087
 20
13.349748031496063
 30
0.0
 10
93.05750078740158
 20
13.349748031496063
 30
0.0
 10
93.02650393700787
 20
12.884795275590552
 30
0.0
 10
92.71653543307087
 20
12.636820472440945
 30
0.0
  0
SPLINE
  5
213
330
17
100
AcDbEntity
  8
Front elevation
100
AcDbSpline
 70
0
 71
3
 72
8
 73
4
 74
0
 40
0.0
 40
0.0
 40
0.0
 40
0.0
 40
1.0
 40
1.0
 40
1.0
 40
1.0
 10
92.71653543307087
 20
12.636820472440945
 30
0.0
 10
92.40656692913386
 20
12.884795275590552
 30
0.0
 10
92.37557007874017
 20
13.349748031496063
 30
0.0
 10
92.71653543307087
 20
13.349748031496063
 30
0.0
  0
LWPOLYLINE
  5
214
330
17
100
AcDbEntity
  8
Front elevation
100
AcDbPolyline
 90
2
 70
0
 10
92.71653543307087
 20
13.25675748031496
 10
92.71653543307087
 20
12.791804724409449
  0
SPLINE
  5
215
330
17
100
AcDbEntity
  8
Front elevation
100
AcDbSpline
 70
0
 71
3
 72
8
 73
4
 74
0
 40
0.0
 40
0.0
 40
0.0
 40
0.0
 40
1.0
 40
1.0
 40
1.0
 40
1.0
 10
92.58014929133859
 20
13.194763779527559
 30
0.0
 10
92.62974425196852
 20
13.050111811023623
 30
0.0
 10
92.6752062992126
 20
12.915792125984252
 30
0.0
 10
92.71653543307087
 20
12.791804724409449
 30
0.0
  0
SPLINE
  5
216
330
17
100
AcDbEntity
  8
Front elevation
100
AcDbSpline
 70
0
 71
3
 72
8
 73
4
 74
0
 40
0.0
 40
0.0
 40
0.0
 40
0.0
 40
1.0
 40
1.0
 40
1.0
 40
1.0
 10
92.85292157480315
 20
13.194763779527559
 30
0.0
 10
92.80332661417323
 20
13.050111811023623
 30
0.0
 10
92.75786456692914
 20
12.915792125984252
 30
0.0
 10
92.71653543307087
 20
12.791804724409449
 30
0.0
  0
CIRCLE
  5
217
330
17
100
AcDbEntity
  8
Front elevation
100
AcDbCircle
 10
92.71653543307086
 20
12.479340157480314
 30
0.0
 40
0.09842519685039369
  0
SPLINE
  5
218
330
17
100
AcDbEntity
  8
Front elevation
100
AcDbSpline
 70
0
 71
3
 72
8
 73
4
 74
0
 40
0.0
 40
0.0
 40
0.0
 40
0.0
 40
1.0
 40
1.0
 40
1.0
 40
1.0
 10
92.71653543307087
 20
12.282489763779527
 30
0.0
 10
93.02340425196851
 20
12.282489763779527
 30
0.0
 10
92.99550708661418
 20
11.864032283464567
 30
0.0
 10
92.71653543307087
 20
11.64085496062992
 30
0.0
  0
SPLINE
  5
219
330
17
100
AcDbEntity
  8
Front elevation
100
AcDbSpline
 70
0
 71
3
 72
8
 73
4
 74
0
 40
0.0
 40
0.0
 40
0.0
 40
0.0
 40
1.0
 40
1.0
 40
1.0
 40
1.0
 10
92.71653543307087
 20
11.64085496062992
 30
0.0
 10
92.43756377952757
 20
11.864032283464567
 30
0.0
 10
92.40966661417323
 20
12.282489763779527
 30
0.0
 10
92.71653543307087
 20
12.282489763779527
 30
0.0
  0
LWPOLYLINE
  5
21A
330
17
100
AcDbEntity
  8
Front elevation
100
AcDbPolyline
 90
2
 70
0
 10
92.71653543307087
 20
12.198798267716537
 10
92.71653543307087
 20
11.780340787401574
  0
SPLINE
  5
21B
330
17
100
AcDbEntity
  8
Front elevation
100
AcDbSpline
 70
0
 71
3
 72
8
 73
4
 74
0
 40
0.0
 40
0.0
 40
0.0
 40
0.0
 40
1.0
 40
1.0
 40
1.0
 40
1.0
 10
92.59378790551182
 20
12.143003937007876
 30
0.0
 10
92.63842337007874
 20
12.012817165354333
 30
0.0
 10
92.67933921259844
 20
11.891929448818898
 30
0.0
 10
92.71653543307087
 20
11.780340787401574
 30
0.0
  0
SPLINE
  5
21C
330
17
100
AcDbEntity
  8
Front elevation
100
AcDbSpline
 70
0
 71
3
 72
8
 73
4
 74
0
 40
0.0
 40
0.0
 40
0.0
 40
0.0
 40
1.0
 40
1.0
 40
1.0
 40
1.0
 10
92.83928296062992
 20
12.143003937007876
 30
0.0
 10
92.79464749606299
 20
12.012817165354333
 30
0.0
 10
92.75373165354331
 20
11.891929448818898
 30
0.0
 10
92.71653543307087
 20
11.780340787401574
 30
0.0
  0
CIRCLE
  5
21D
330
17
100
AcDbEntity
  8
Front elevation
100
AcDbCircle
 10
92.71653543307086
 20
11.48337464566929
 30
0.0
 40
0.09842519685039369
  0
SPLINE
  5
21E
330
17
100
AcDbEntity
  8
Front elevation
100
AcDbSpline
 70
0
 71
3
 72
8
 73
4
 74
0
 40
0.0
 40
0.0
 40
0.0
 40
0.0
 40
1.0
 40
1.0
 40
1.0
 40
1.0
 10
92.71653543307087
 20
11.286524251968505
 30
0.0
 10
92.99271737007874
 20
11.286524251968505
 30
0.0
 10
92.96760992125985
 20
10.90991251968504
 30
0.0
 10
92.71653543307087
 20
10.709052929133858
 30
0.0
  0
SPLINE
  5
21F
330
17
100
AcDbEntity
  8
Front elevation
100
AcDbSpline
 70
0
 71
3
 72
8
 73
4
 74
0
 40
0.0
 40
0.0
 40
0.0
 40
0.0
 40
1.0
 40
1.0
 40
1.0
 40
1.0
 10
92.71653543307087
 20
10.709052929133858
 30
0.0
 10
92.46546094488188
 20
10.90991251968504
 30
0.0
 10
92.440353496063
 20
11.286524251968505
 30
0.0
 10
92.71653543307087
 20
11.286524251968505
 30
0.0
  0
LWPOLYLINE
  5
220
330
17
100
AcDbEntity
  8
Front elevation
100
AcDbPolyline
 90
2
 70
0
 10
92.71653543307087
 20
11.21120190551181
 10
92.71653543307087
 20
10.834590173228346
  0
SPLINE
  5
221
330
17
100
AcDbEntity
  8
Front elevation
100
AcDbSpline
 70
0
 71
3
 72
8
 73
4
 74
0
 40
0.0
 40
0.0
 40
0.0
 40
0.0
 40
1.0
 40
1.0
 40
1.0
 40
1.0
 10
92.60606265826772
 20
11.160987007874017
 30
0.0
 10
92.64623457637795
 20
11.043818913385826
 30
0.0
 10
92.68305883464568
 20
10.935019968503935
 30
0.0
 10
92.71653543307087
 20
10.834590173228346
 30
0.0
  0
SPLINE
  5
222
330
17
100
AcDbEntity
  8
Front elevation
100
AcDbSpline
 70
0
 71
3
 72
8
 73
4
 74
0
 40
0.0
 40
0.0
 40
0.0
 40
0.0
 40
1.0
 40
1.0
 40
1.0
 40
1.0
 10
92.82700820787402
 20
11.160987007874017
 30
0.0
 10
92.78683628976378
 20
11.043818913385826
 30
0.0
 10
92.75001203149607
 20
10.935019968503935
 30
0.0
 10
92.71653543307087
 20
10.834590173228346
 30
0.0
  0
CIRCLE
  5
223
330
17
100
AcDbEntity
  8
Front elevation
100
AcDbCircle
 10
92.71653543307086
 20
10.551572614173228
 30
0.0
 40
0.09842519685039369
  0
SPLINE
  5
224
330
17
100
AcDbEntity
  8
Front elevation
100
AcDbSpline
 70
0
 71
3
 72
8
 73
4
 74
0
 40
0.0
 40
0.0
 40
0.0
 40
0.0
 40
1.0
 40
1.0
 40
1.0
 40
1.0
 10
92.71653543307087
 20
10.354722220472443
 30
0.0
 10
92.96509917637795
 20
10.354722220472443
 30
0.0
 10
92.94250247244095
 20
10.015771661417322
 30
0.0
 10
92.71653543307087
 20
9.834998029921262
 30
0.0
  0
SPLINE
  5
225
330
17
100
AcDbEntity
  8
Front elevation
100
AcDbSpline
 70
0
 71
3
 72
8
 73
4
 74
0
 40
0.0
 40
0.0
 40
0.0
 40
0.0
 40
1.0
 40
1.0
 40
1.0
 40
1.0
 10
92.71653543307087
 20
9.834998029921262
 30
0.0
 10
92.4905683937008
 20
10.015771661417322
 30
0.0
 10
92.46797168976379
 20
10.354722220472443
 30
0.0
 10
92.71653543307087
 20
10.354722220472443
 30
0.0
  0
LWPOLYLINE
  5
226
330
17
100
AcDbEntity
  8
Front elevation
100
AcDbPolyline
 90
2
 70
0
 10
92.71653543307087
 20
10.286932108661418
 10
92.71653543307087
 20
9.9479815496063
  0
SPLINE
  5
227
330
17
100
AcDbEntity
  8
Front elevation
100
AcDbSpline
 70
0
 71
3
 72
8
 73
4
 74
0
 40
0.0
 40
0.0
 40
0.0
 40
0.0
 40
1.0
 40
1.0
 40
1.0
 40
1.0
 10
92.61710993574803
 20
10.241738700787401
 30
0.0
 10
92.65326466204725
 20
10.136287415748031
 30
0.0
 10
92.6864064944882
 20
10.038368365354332
 30
0.0
 10
92.71653543307087
 20
9.9479815496063
 30
0.0
  0
SPLINE
  5
228
330
17
100
AcDbEntity
  8
Front elevation
100
AcDbSpline
 70
0
 71
3
 72
8
 73
4
 74
0
 40
0.0
 40
0.0
 40
0.0
 40
0.0
 40
1.0
 40
1.0
 40
1.0
 40
1.0
 10
92.81596093039371
 20
10.241738700787401
 30
0.0
 10
92.7798062040945
 20
10.136287415748031
 30
0.0
 10
92.74666437165355
 20
10.038368365354332
 30
0.0
 10
92.71653543307087
 20
9.9479815496063
 30
0.0
  0
CIRCLE
  5
229
330
17
100
AcDbEntity
  8
Front elevation
100
AcDbCircle
 10
92.71653543307086
 20
9.67751771496063
 30
0.0
 40
0.09842519685039369
  0
SPLINE
  5
22A
330
17
100
AcDbEntity
  8
Front elevation
100
AcDbSpline
 70
0
 71
3
 72
8
 73
4
 74
0
 40
0.0
 40
0.0
 40
0.0
 40
0.0
 40
1.0
 40
1.0
 40
1.0
 40
1.0
 10
92.71653543307087
 20
9.480667321259844
 30
0.0
 10
92.94024280204725
 20
9.480667321259844
 30
0.0
 10
92.91990576850394
 20
9.175611818110237
 30
0.0
 10
92.71653543307087
 20
9.012915549763783
 30
0.0
  0
SPLINE
  5
22B
330
17
100
AcDbEntity
  8
Front elevation
100
AcDbSpline
 70
0
 71
3
 72
8
 73
4
 74
0
 40
0.0
 40
0.0
 40
0.0
 40
0.0
 40
1.0
 40
1.0
 40
1.0
 40
1.0
 10
92.71653543307087
 20
9.012915549763783
 30
0.0
 10
92.5131650976378
 20
9.175611818110237
 30
0.0
 10
92.4928280640945
 20
9.480667321259844
 30
0.0
 10
92.71653543307087
 20
9.480667321259844
 30
0.0
  0
LWPOLYLINE
  5
22C
330
17
100
AcDbEntity
  8
Front elevation
100
AcDbPolyline
 90
2
 70
0
 10
92.71653543307087
 20
9.419656220629925
 10
92.71653543307087
 20
9.114600717480315
  0
SPLINE
  5
22D
330
17
100
AcDbEntity
  8
Front elevation
100
AcDbSpline
 70
0
 71
3
 72
8
 73
4
 74
0
 40
0.0
 40
0.0
 40
0.0
 40
0.0
 40
1.0
 40
1.0
 40
1.0
 40
1.0
 10
92.62705248548032
 20
9.378982153543308
 30
0.0
 10
92.65959173914962
 20
9.284075997007877
 30
0.0
 10
92.68941938834647
 20
9.195948851653545
 30
0.0
 10
92.71653543307087
 20
9.114600717480315
 30
0.0
  0
SPLINE
  5
22E
330
17
100
AcDbEntity
  8
Front elevation
100
AcDbSpline
 70
0
 71
3
 72
8
 73
4
 74
0
 40
0.0
 40
0.0
 40
0.0
 40
0.0
 40
1.0
 40
1.0
 40
1.0
 40
1.0
 10
92.80601838066143
 20
9.378982153543308
 30
0.0
 10
92.77347912699213
 20
9.284075997007877
 30
0.0
 10
92.74365147779528
 20
9.195948851653545
 30
0.0
 10
92.71653543307087
 20
9.114600717480315
 30
0.0
  0
CIRCLE
  5
22F
330
17
100
AcDbEntity
  8
Front elevation
100
AcDbCircle
 10
92.71653543307086
 20
8.85543523480315
 30
0.0
 40
0.09842519685039369
  0
SPLINE
  5
230
330
17
100
AcDbEntity
  8
Front elevation
100
AcDbSpline
 70
0
 71
3
 72
8
 73
4
 74
0
 40
0.0
 40
0.0
 40
0.0
 40
0.0
 40
1.0
 40
1.0
 40
1.0
 40
1.0
 10
92.71653543307087
 20
8.658584841102364
 30
0.0
 10
92.91787206514961
 20
8.658584841102364
 30
0.0
 10
92.89956873496064
 20
8.384034888267717
 30
0.0
 10
92.71653543307087
 20
8.237608246755908
 30
0.0
  0
SPLINE
  5
231
330
17
100
AcDbEntity
  8
Front elevation
100
AcDbSpline
 70
0
 71
3
 72
8
 73
4
 74
0
 40
0.0
 40
0.0
 40
0.0
 40
0.0
 40
1.0
 40
1.0
 40
1.0
 40
1.0
 10
92.71653543307087
 20
8.237608246755908
 30
0.0
 10
92.53350213118111
 20
8.384034888267717
 30
0.0
 10
92.51519880099212
 20
8.658584841102364
 30
0.0
 10
92.71653543307087
 20
8.658584841102364
 30
0.0
  0
LWPOLYLINE
  5
232
330
17
100
AcDbEntity
  8
Front elevation
100
AcDbPolyline
 90
2
 70
0
 10
92.71653543307087
 20
8.603674850535434
 10
92.71653543307087
 20
8.329124897700787
  0
SPLINE
  5
233
330
17
100
AcDbEntity
  8
Front elevation
100
AcDbSpline
 70
0
 71
3
 72
8
 73
4
 74
0
 40
0.0
 40
0.0
 40
0.0
 40
0.0
 40
1.0
 40
1.0
 40
1.0
 40
1.0
 10
92.63600078023939
 20
8.567068190157482
 30
0.0
 10
92.66528610854174
 20
8.481652649275592
 30
0.0
 10
92.6921309928189
 20
8.402338218456693
 30
0.0
 10
92.71653543307087
 20
8.329124897700787
 30
0.0
  0
SPLINE
  5
234
330
17
100
AcDbEntity
  8
Front elevation
100
AcDbSpline
 70
0
 71
3
 72
8
 73
4
 74
0
 40
0.0
 40
0.0
 40
0.0
 40
0.0
 40
1.0
 40
1.0
 40
1.0
 40
1.0
 10
92.79707008590236
 20
8.567068190157482
 30
0.0
 10
92.76778475760001
 20
8.481652649275592
 30
0.0
 10
92.74093987332284
 20
8.402338218456693
 30
0.0
 10
92.71653543307087
 20
8.329124897700787
 30
0.0
  0
CIRCLE
  5
235
330
17
100
AcDbEntity
  8
Front elevation
100
AcDbCircle
 10
92.71653543307086
 20
8.080127931795278
 30
0.0
 40
0.09842519685039369
  0
LWPOLYLINE
  5
236
330
17
100
AcDbEntity
  8
Front elevation
100
AcDbPolyline
 90
5
 70
0
 10
92.04724409448819
 20
5.511811023622048
 10
93.38582677165354
 20
5.511811023622048
 10
93.38582677165354
 20
3.1496062992126
 10
92.04724409448819
 20
3.1496062992126
 10
92.04724409448819
 20
5.511811023622048
  0
LINE
  5
237
330
17
100
AcDbEntity
  8
Front elevation
100
AcDbLine
 10
92.04724409448819
 20
5.196850393700787
 30
0.0
 11
93.38582677165354
 21
5.196850393700787
 31
0.0
  0
LWPOLYLINE
  5
238
330
17
100
AcDbEntity
  8
Front elevation
100
AcDbPolyline
 90
5
 70
0
 10
91.92913385826772
 20
27.95275590551181
 10
93.50393700787401
 20
27.95275590551181
 10
93.50393700787401
 20
27.480314960629922
 10
91.92913385826772
 20
27.480314960629922
 10
91.92913385826772
 20
27.95275590551181
  0
LWPOLYLINE
  5
239
330
17
100
AcDbEntity
  8
Front elevation
100
AcDbPolyline
 90
5
 70
0
 10
92.1259842519685
 20
27.480314960629922
 10
93.30708661417323
 20
27.480314960629922
 10
93.11023622047244
 20
21.653543307086615
 10
92.32283464566929
 20
21.653543307086615
 10
92.1259842519685
 20
27.480314960629922
  0
LINE
  5
23A
330
17
100
AcDbEntity
  8
Front elevation
100
AcDbLine
 10
92.36220472440945
 20
27.244094488188978
 30
0.0
 11
92.48031496062993
 21
21.88976377952756
 31
0.0
  0
LINE
  5
23B
330
17
100
AcDbEntity
  8
Front elevation
100
AcDbLine
 10
92.59842519685039
 20
27.244094488188978
 30
0.0
 11
92.63779527559055
 21
21.88976377952756
 31
0.0
  0
LINE
  5
23C
330
17
100
AcDbEntity
  8
Front elevation
100
AcDbLine
 10
92.83464566929133
 20
27.244094488188978
 30
0.0
 11
92.79527559055119
 21
21.88976377952756
 31
0.0
  0
LINE
  5
23D
330
17
100
AcDbEntity
  8
Front elevation
100
AcDbLine
 10
93.07086614173228
 20
27.244094488188978
 30
0.0
 11
92.95275590551181
 21
21.88976377952756
 31
0.0
  0
POLYLINE
  5
23E
330
17
100
AcDbEntity
  8
Front elevation
100
AcDb2dPolyline
 66
1
 10
0.0
 20
0.0
 30
0.0
 70
0
  0
VERTEX
  5
23F
330
23E
100
AcDbEntity
  8
Front elevation
100
AcDbVertex
100
AcDb2dVertex
 10
92.55905511811024
 20
21.653543307086615
 30
0.0
 70
0
  0
VERTEX
  5
240
330
23E
100
AcDbEntity
  8
Front elevation
100
AcDbVertex
100
AcDb2dVertex
 10
92.8740157480315
 20
21.653543307086615
 30
0.0
 70
0
  0
SEQEND
  5
241
330
23E
100
AcDbEntity
  8
Front elevation
  0
SPLINE
  5
242
330
17
100
AcDbEntity
  8
Front elevation
100
AcDbSpline
 70
0
 71
3
 72
14
 73
10
 74
0
 40
0.0
 40
0.0
 40
0.0
 40
0.0
 40
1.0
 40
1.0
 40
1.0
 40
2.0
 40
2.0
 40
2.0
 40
3.0
 40
3.0
 40
3.0
 40
3.0
 10
92.8740157480315
 20
21.653543307086615
 30
0.0
 10
92.94311952563389
 20
21.653543307086615
 30
0.0
 10
93.01102051483116
 20
21.635349291865932
 30
0.0
 10
93.07086614173228
 20
21.60079740306474
 30
0.0
 10
93.13071176863342
 20
21.56624551426355
 30
0.0
 10
93.18041874261002
 20
21.51653854028696
 30
0.0
 10
93.2149706314112
 20
21.45669291338583
 30
0.0
 10
93.24952252021238
 20
21.396847286484693
 30
0.0
 10
93.26771653543308
 20
21.328946297287423
 30
0.0
 10
93.26771653543308
 20
21.25984251968504
 30
0.0
  0
POLYLINE
  5
243
330
17
100
AcDbEntity
  8
Front elevation
100
AcDb2dPolyline
 66
1
 10
0.0
 20
0.0
 30
0.0
 70
0
  0
VERTEX
  5
244
330
243
100
AcDbEntity
  8
Front elevation
100
AcDbVertex
100
AcDb2dVertex
 10
93.26771653543308
 20
21.25984251968504
 30
0.0
 70
0
  0
VERTEX
  5
245
330
243
100
AcDbEntity
  8
Front elevation
100
AcDbVertex
100
AcDb2dVertex
 10
93.26771653543308
 20
21.181102362204726
 30
0.0
 70
0
  0
SEQEND
  5
246
330
243
100
AcDbEntity
  8
Front elevation
  0
SPLINE
  5
247
330
17
100
AcDbEntity
  8
Front elevation
100
AcDbSpline
 70
0
 71
3
 72
14
 73
10
 74
0
 40
0.0
 40
0.0
 40
0.0
 40
0.0
 40
1.0
 40
1.0
 40
1.0
 40
2.0
 40
2.0
 40
2.0
 40
3.0
 40
3.0
 40
3.0
 40
3.0
 10
93.26771653543308
 20
21.181102362204726
 30
0.0
 10
93.26771653543308
 20
21.111998584602343
 30
0.0
 10
93.24952252021238
 20
21.04409759540507
 30
0.0
 10
93.2149706314112
 20
20.98425196850394
 30
0.0
 10
93.18041874261002
 20
20.924406341602804
 30
0.0
 10
93.13071176863342
 20
20.874699367626217
 30
0.0
 10
93.07086614173228
 20
20.840147478825024
 30
0.0
 10
93.01102051483116
 20
20.805595590023835
 30
0.0
 10
92.94311952563389
 20
20.787401574803148
 30
0.0
 10
92.8740157480315
 20
20.787401574803148
 30
0.0
  0
POLYLINE
  5
248
330
17
100
AcDbEntity
  8
Front elevation
100
AcDb2dPolyline
 66
1
 10
0.0
 20
0.0
 30
0.0
 70
0
  0
VERTEX
  5
249
330
248
100
AcDbEntity
  8
Front elevation
100
AcDbVertex
100
AcDb2dVertex
 10
92.8740157480315
 20
20.787401574803148
 30
0.0
 70
0
  0
VERTEX
  5
24A
330
248
100
AcDbEntity
  8
Front elevation
100
AcDbVertex
100
AcDb2dVertex
 10
92.55905511811024
 20
20.787401574803148
 30
0.0
 70
0
  0
SEQEND
  5
24B
330
248
100
AcDbEntity
  8
Front elevation
  0
SPLINE
  5
24C
330
17
100
AcDbEntity
  8
Front elevation
100
AcDbSpline
 70
0
 71
3
 72
14
 73
10
 74
0
 40
0.0
 40
0.0
 40
0.0
 40
0.0
 40
1.0
 40
1.0
 40
1.0
 40
2.0
 40
2.0
 40
2.0
 40
3.0
 40
3.0
 40
3.0
 40
3.0
 10
92.55905511811024
 20
20.787401574803148
 30
0.0
 10
92.48995134050786
 20
20.787401574803148
 30
0.0
 10
92.42205035131057
 20
20.805595590023835
 30
0.0
 10
92.36220472440945
 20
20.840147478825024
 30
0.0
 10
92.30235909750833
 20
20.874699367626217
 30
0.0
 10
92.25265212353172
 20
20.924406341602804
 30
0.0
 10
92.21810023473054
 20
20.98425196850394
 30
0.0
 10
92.18354834592935
 20
21.04409759540507
 30
0.0
 10
92.16535433070867
 20
21.111998584602343
 30
0.0
 10
92.16535433070867
 20
21.181102362204726
 30
0.0
  0
POLYLINE
  5
24D
330
17
100
AcDbEntity
  8
Front elevation
100
AcDb2dPolyline
 66
1
 10
0.0
 20
0.0
 30
0.0
 70
0
  0
VERTEX
  5
24E
330
24D
100
AcDbEntity
  8
Front elevation
100
AcDbVertex
100
AcDb2dVertex
 10
92.16535433070867
 20
21.181102362204726
 30
0.0
 70
0
  0
VERTEX
  5
24F
330
24D
100
AcDbEntity
  8
Front elevation
100
AcDbVertex
100
AcDb2dVertex
 10
92.16535433070867
 20
21.25984251968504
 30
0.0
 70
0
  0
SEQEND
  5
250
330
24D
100
AcDbEntity
  8
Front elevation
  0
SPLINE
  5
251
330
17
100
AcDbEntity
  8
Front elevation
100
AcDbSpline
 70
0
 71
3
 72
14
 73
10
 74
0
 40
0.0
 40
0.0
 40
0.0
 40
0.0
 40
1.0
 40
1.0
 40
1.0
 40
2.0
 40
2.0
 40
2.0
 40
3.0
 40
3.0
 40
3.0
 40
3.0
 10
92.16535433070867
 20
21.25984251968504
 30
0.0
 10
92.16535433070867
 20
21.328946297287423
 30
0.0
 10
92.18354834592935
 20
21.396847286484693
 30
0.0
 10
92.21810023473054
 20
21.45669291338583
 30
0.0
 10
92.25265212353172
 20
21.51653854028696
 30
0.0
 10
92.30235909750833
 20
21.56624551426355
 30
0.0
 10
92.36220472440945
 20
21.60079740306474
 30
0.0
 10
92.42205035131057
 20
21.635349291865932
 30
0.0
 10
92.48995134050786
 20
21.653543307086615
 30
0.0
 10
92.55905511811024
 20
21.653543307086615
 30
0.0
  0
CIRCLE
  5
252
330
17
100
AcDbEntity
  8
Front elevation
100
AcDbCircle
 10
92.71653543307086
 20
21.22047244094488
 30
0.0
 40
0.19685039370078738
  0
CIRCLE
  5
253
330
17
100
AcDbEntity
  8
Front elevation
100
AcDbCircle
 10
92.71653543307086
 20
20.590551181102363
 30
0.0
 40
0.19685039370078738
  0
LWPOLYLINE
  5
254
330
17
100
AcDbEntity
  8
Front elevation
100
AcDbPolyline
 90
4
 70
0
 10
93.54330708661418
 20
24.409448818897637
 10
94.01574803149607
 20
24.409448818897637
 10
94.01574803149607
 20
5.511811023622048
 10
93.54330708661418
 20
5.511811023622048
  0
LINE
  5
255
330
17
100
AcDbEntity
  8
Front elevation
100
AcDbLine
 10
93.75590551181102
 20
24.409448818897637
 30
0.0
 11
93.75590551181102
 21
5.511811023622047
 31
0.0
  0
LWPOLYLINE
  5
256
330
17
100
AcDbEntity
  8
Front elevation
100
AcDbPolyline
 90
5
 70
0
 10
93.54330708661418
 20
20.31496062992126
 10
94.13385826771653
 20
20.31496062992126
 10
94.13385826771653
 20
19.84251968503937
 10
93.54330708661418
 20
19.84251968503937
 10
93.54330708661418
 20
20.31496062992126
  0
LWPOLYLINE
  5
257
330
17
100
AcDbEntity
  8
Front elevation
100
AcDbPolyline
 90
5
 70
0
 10
93.54330708661418
 20
7.244094488188978
 10
94.13385826771653
 20
7.244094488188978
 10
94.13385826771653
 20
6.771653543307089
 10
93.54330708661418
 20
6.771653543307089
 10
93.54330708661418
 20
7.244094488188978
  0
LWPOLYLINE
  5
258
330
17
100
AcDbEntity
  8
Front elevation
100
AcDbPolyline
 90
5
 70
0
 10
93.54330708661418
 20
5.511811023622048
 10
94.1732283464567
 20
5.511811023622048
 10
94.1732283464567
 20
3.1496062992126
 10
93.54330708661418
 20
3.1496062992126
 10
93.54330708661418
 20
5.511811023622048
  0
POLYLINE
  5
259
330
17
100
AcDbEntity
  8
Front elevation
100
AcDb2dPolyline
 66
1
 10
0.0
 20
0.0
 30
0.0
 70
0
  0
VERTEX
  5
25A
330
259
100
AcDbEntity
  8
Front elevation
100
AcDbVertex
100
AcDb2dVertex
 10
93.54330708661418
 20
27.480314960629922
 30
0.0
 70
0
  0
VERTEX
  5
25B
330
259
100
AcDbEntity
  8
Front elevation
100
AcDbVertex
100
AcDb2dVertex
 10
94.40944881889764
 20
27.480314960629922
 30
0.0
 70
0
  0
VERTEX
  5
25C
330
259
100
AcDbEntity
  8
Front elevation
100
AcDbVertex
100
AcDb2dVertex
 10
94.40944881889764
 20
27.165354330708663
 30
0.0
 70
0
  0
VERTEX
  5
25D
330
259
100
AcDbEntity
  8
Front elevation
100
AcDbVertex
100
AcDb2dVertex
 10
94.21259842519686
 20
27.165354330708663
 30
0.0
 70
0
  0
SEQEND
  5
25E
330
259
100
AcDbEntity
  8
Front elevation
  0
SPLINE
  5
25F
330
17
100
AcDbEntity
  8
Front elevation
100
AcDbSpline
 70
0
 71
3
 72
8
 73
4
 74
0
 40
0.0
 40
0.0
 40
0.0
 40
0.0
 40
1.0
 40
1.0
 40
1.0
 40
1.0
 10
94.21259842519686
 20
27.165354330708663
 30
0.0
 10
94.21259842519686
 20
25.590551181102363
 30
0.0
 10
93.8976377952756
 20
25.19685039370079
 30
0.0
 10
93.85826771653544
 20
21.653543307086615
 30
0.0
  0
SPLINE
  5
260
330
17
100
AcDbEntity
  8
Front elevation
100
AcDbSpline
 70
0
 71
3
 72
8
 73
4
 74
0
 40
0.0
 40
0.0
 40
0.0
 40
0.0
 40
1.0
 40
1.0
 40
1.0
 40
1.0
 10
93.85826771653544
 20
21.653543307086615
 30
0.0
 10
94.1732283464567
 20
21.5748031496063
 30
0.0
 10
94.25196850393701
 20
20.787401574803148
 30
0.0
 10
93.93700787401575
 20
20.62992125984252
 30
0.0
  0
POLYLINE
  5
261
330
17
100
AcDbEntity
  8
Front elevation
100
AcDb2dPolyline
 66
1
 10
0.0
 20
0.0
 30
0.0
 70
0
  0
VERTEX
  5
262
330
261
100
AcDbEntity
  8
Front elevation
100
AcDbVertex
100
AcDb2dVertex
 10
93.93700787401575
 20
20.62992125984252
 30
0.0
 70
0
  0
VERTEX
  5
263
330
261
100
AcDbEntity
  8
Front elevation
100
AcDbVertex
100
AcDb2dVertex
 10
93.54330708661418
 20
20.708661417322837
 30
0.0
 70
0
  0
SEQEND
  5
264
330
261
100
AcDbEntity
  8
Front elevation
  0
SPLINE
  5
265
330
17
100
AcDbEntity
  8
Front elevation
100
AcDbSpline
 70
0
 71
3
 72
41
 73
37
 74
0
 40
0.0
 40
0.0
 40
0.0
 40
0.0
 40
1.0
 40
1.0
 40
1.0
 40
2.0
 40
2.0
 40
2.0
 40
3.0
 40
3.0
 40
3.0
 40
4.0
 40
4.0
 40
4.0
 40
5.0
 40
5.0
 40
5.0
 40
6.0
 40
6.0
 40
6.0
 40
7.0
 40
7.0
 40
7.0
 40
8.0
 40
8.0
 40
8.0
 40
9.0
 40
9.0
 40
9.0
 40
10.0
 40
10.0
 40
10.0
 40
11.0
 40
11.0
 40
11.0
 40
12.0
 40
12.0
 40
12.0
 40
12.0
 10
72.67716535433071
 20
19.37007874015748
 30
0.0
 10
72.67716535433071
 20
19.33207166247617
 30
0.0
 10
72.6607907406321
 20
19.29472611841767
 30
0.0
 10
72.62969404071103
 20
19.261811023622048
 30
0.0
 10
72.59859734078995
 20
19.228895928826425
 30
0.0
 10
72.55386106421103
 20
19.2015570931393
 30
0.0
 10
72.5
 20
19.182553554298647
 30
0.0
 10
72.44613893578898
 20
19.163550015457993
 30
0.0
 10
72.38502804551145
 20
19.153543307086615
 30
0.0
 10
72.3228346456693
 20
19.153543307086615
 30
0.0
 10
72.26064124582714
 20
19.153543307086615
 30
0.0
 10
72.19953035554961
 20
19.163550015457993
 30
0.0
 10
72.14566929133859
 20
19.182553554298647
 30
0.0
 10
72.09180822712756
 20
19.2015570931393
 30
0.0
 10
72.04707195054864
 20
19.228895928826425
 30
0.0
 10
72.01597525062756
 20
19.261811023622048
 30
0.0
 10
71.9848785507065
 20
19.29472611841767
 30
0.0
 10
71.96850393700788
 20
19.33207166247617
 30
0.0
 10
71.96850393700788
 20
19.37007874015748
 30
0.0
 10
71.96850393700788
 20
19.40808581783879
 30
0.0
 10
71.9848785507065
 20
19.445431361897292
 30
0.0
 10
72.01597525062756
 20
19.478346456692915
 30
0.0
 10
72.04707195054864
 20
19.511261551488538
 30
0.0
 10
72.09180822712756
 20
19.538600387175663
 30
0.0
 10
72.14566929133859
 20
19.557603926016316
 30
0.0
 10
72.19953035554961
 20
19.57660746485697
 30
0.0
 10
72.26064124582714
 20
19.586614173228348
 30
0.0
 10
72.3228346456693
 20
19.586614173228348
 30
0.0
 10
72.38502804551145
 20
19.586614173228348
 30
0.0
 10
72.44613893578898
 20
19.57660746485697
 30
0.0
 10
72.5
 20
19.557603926016316
 30
0.0
 10
72.55386106421103
 20
19.538600387175663
 30
0.0
 10
72.59859734078995
 20
19.511261551488538
 30
0.0
 10
72.62969404071103
 20
19.478346456692915
 30
0.0
 10
72.6607907406321
 20
19.445431361897292
 30
0.0
 10
72.67716535433071
 20
19.40808581783879
 30
0.0
 10
72.67716535433071
 20
19.37007874015748
 30
0.0
  0
SPLINE
  5
266
330
17
100
AcDbEntity
  8
Front elevation
100
AcDbSpline
 70
0
 71
3
 72
41
 73
37
 74
0
 40
0.0
 40
0.0
 40
0.0
 40
0.0
 40
1.0
 40
1.0
 40
1.0
 40
2.0
 40
2.0
 40
2.0
 40
3.0
 40
3.0
 40
3.0
 40
4.0
 40
4.0
 40
4.0
 40
5.0
 40
5.0
 40
5.0
 40
6.0
 40
6.0
 40
6.0
 40
7.0
 40
7.0
 40
7.0
 40
8.0
 40
8.0
 40
8.0
 40
9.0
 40
9.0
 40
9.0
 40
10.0
 40
10.0
 40
10.0
 40
11.0
 40
11.0
 40
11.0
 40
12.0
 40
12.0
 40
12.0
 40
12.0
 10
73.38582677165356
 20
19.37007874015748
 30
0.0
 10
73.38582677165356
 20
19.33207166247617
 30
0.0
 10
73.36945215795494
 20
19.29472611841767
 30
0.0
 10
73.33835545803386
 20
19.261811023622048
 30
0.0
 10
73.30725875811278
 20
19.228895928826425
 30
0.0
 10
73.26252248153386
 20
19.2015570931393
 30
0.0
 10
73.20866141732284
 20
19.182553554298647
 30
0.0
 10
73.15480035311181
 20
19.163550015457993
 30
0.0
 10
73.09368946283428
 20
19.153543307086615
 30
0.0
 10
73.03149606299213
 20
19.153543307086615
 30
0.0
 10
72.96930266314999
 20
19.153543307086615
 30
0.0
 10
72.90819177287244
 20
19.163550015457993
 30
0.0
 10
72.85433070866142
 20
19.182553554298647
 30
0.0
 10
72.8004696444504
 20
19.2015570931393
 30
0.0
 10
72.75573336787147
 20
19.228895928826425
 30
0.0
 10
72.7246366679504
 20
19.261811023622048
 30
0.0
 10
72.69353996802933
 20
19.29472611841767
 30
0.0
 10
72.67716535433071
 20
19.33207166247617
 30
0.0
 10
72.67716535433071
 20
19.37007874015748
 30
0.0
 10
72.67716535433071
 20
19.40808581783879
 30
0.0
 10
72.69353996802933
 20
19.445431361897292
 30
0.0
 10
72.7246366679504
 20
19.478346456692915
 30
0.0
 10
72.75573336787147
 20
19.511261551488538
 30
0.0
 10
72.8004696444504
 20
19.538600387175663
 30
0.0
 10
72.85433070866142
 20
19.557603926016316
 30
0.0
 10
72.90819177287244
 20
19.57660746485697
 30
0.0
 10
72.96930266314999
 20
19.586614173228348
 30
0.0
 10
73.03149606299213
 20
19.586614173228348
 30
0.0
 10
73.09368946283428
 20
19.586614173228348
 30
0.0
 10
73.15480035311181
 20
19.57660746485697
 30
0.0
 10
73.20866141732284
 20
19.557603926016316
 30
0.0
 10
73.26252248153386
 20
19.538600387175663
 30
0.0
 10
73.30725875811278
 20
19.511261551488538
 30
0.0
 10
73.33835545803386
 20
19.478346456692915
 30
0.0
 10
73.36945215795494
 20
19.445431361897292
 30
0.0
 10
73.38582677165356
 20
19.40808581783879
 30
0.0
 10
73.38582677165356
 20
19.37007874015748
 30
0.0
  0
CIRCLE
  5
267
330
17
100
AcDbEntity
  8
Front elevation
100
AcDbCircle
 10
72.67716535433071
 20
19.37007874015748
 30
0.0
 40
0.1377952755905512
  0
LWPOLYLINE
  5
268
330
17
100
AcDbEntity
  8
Front elevation
100
AcDbPolyline
 90
2
 70
0
 10
72.5984251968504
 20
19.251968503937007
 10
72.36220472440945
 20
18.661417322834644
  0
LWPOLYLINE
  5
269
330
17
100
AcDbEntity
  8
Front elevation
100
AcDbPolyline
 90
2
 70
0
 10
72.75590551181102
 20
19.251968503937007
 10
72.99212598425197
 20
18.661417322834644
  0
SPLINE
  5
26A
330
17
100
AcDbEntity
  8
Front elevation
100
AcDbSpline
 70
0
 71
3
 72
8
 73
4
 74
0
 40
0.0
 40
0.0
 40
0.0
 40
0.0
 40
1.0
 40
1.0
 40
1.0
 40
1.0
 10
72.67716535433071
 20
18.503937007874015
 30
0.0
 10
73.1968503937008
 20
18.503937007874015
 30
0.0
 10
73.1496062992126
 20
17.79527559055118
 30
0.0
 10
72.67716535433071
 20
17.417322834645667
 30
0.0
  0
SPLINE
  5
26B
330
17
100
AcDbEntity
  8
Front elevation
100
AcDbSpline
 70
0
 71
3
 72
8
 73
4
 74
0
 40
0.0
 40
0.0
 40
0.0
 40
0.0
 40
1.0
 40
1.0
 40
1.0
 40
1.0
 10
72.67716535433071
 20
17.417322834645667
 30
0.0
 10
72.20472440944883
 20
17.79527559055118
 30
0.0
 10
72.15748031496064
 20
18.503937007874015
 30
0.0
 10
72.67716535433071
 20
18.503937007874015
 30
0.0
  0
LWPOLYLINE
  5
26C
330
17
100
AcDbEntity
  8
Front elevation
100
AcDbPolyline
 90
2
 70
0
 10
72.67716535433071
 20
18.362204724409448
 10
72.67716535433071
 20
17.653543307086615
  0
SPLINE
  5
26D
330
17
100
AcDbEntity
  8
Front elevation
100
AcDbSpline
 70
0
 71
3
 72
8
 73
4
 74
0
 40
0.0
 40
0.0
 40
0.0
 40
0.0
 40
1.0
 40
1.0
 40
1.0
 40
1.0
 10
72.46929133858268
 20
18.267716535433074
 30
0.0
 10
72.54488188976377
 20
18.04724409448819
 30
0.0
 10
72.61417322834646
 20
17.84251968503937
 30
0.0
 10
72.67716535433071
 20
17.653543307086615
 30
0.0
  0
SPLINE
  5
26E
330
17
100
AcDbEntity
  8
Front elevation
100
AcDbSpline
 70
0
 71
3
 72
8
 73
4
 74
0
 40
0.0
 40
0.0
 40
0.0
 40
0.0
 40
1.0
 40
1.0
 40
1.0
 40
1.0
 10
72.88503937007874
 20
18.267716535433074
 30
0.0
 10
72.80944881889765
 20
18.04724409448819
 30
0.0
 10
72.74015748031496
 20
17.84251968503937
 30
0.0
 10
72.67716535433071
 20
17.653543307086615
 30
0.0
  0
CIRCLE
  5
26F
330
17
100
AcDbEntity
  8
Front elevation
100
AcDbCircle
 10
72.67716535433071
 20
17.259842519685037
 30
0.0
 40
0.09842519685039369
  0
SPLINE
  5
270
330
17
100
AcDbEntity
  8
Front elevation
100
AcDbSpline
 70
0
 71
3
 72
8
 73
4
 74
0
 40
0.0
 40
0.0
 40
0.0
 40
0.0
 40
1.0
 40
1.0
 40
1.0
 40
1.0
 10
72.67716535433071
 20
17.062992125984252
 30
0.0
 10
73.1448818897638
 20
17.062992125984252
 30
0.0
 10
73.10236220472441
 20
16.425196850393704
 30
0.0
 10
72.67716535433071
 20
16.08503937007874
 30
0.0
  0
SPLINE
  5
271
330
17
100
AcDbEntity
  8
Front elevation
100
AcDbSpline
 70
0
 71
3
 72
8
 73
4
 74
0
 40
0.0
 40
0.0
 40
0.0
 40
0.0
 40
1.0
 40
1.0
 40
1.0
 40
1.0
 10
72.67716535433071
 20
16.08503937007874
 30
0.0
 10
72.25196850393702
 20
16.425196850393704
 30
0.0
 10
72.20944881889764
 20
17.062992125984252
 30
0.0
 10
72.67716535433071
 20
17.062992125984252
 30
0.0
  0
LWPOLYLINE
  5
272
330
17
100
AcDbEntity
  8
Front elevation
100
AcDbPolyline
 90
2
 70
0
 10
72.67716535433071
 20
16.93543307086614
 10
72.67716535433071
 20
16.29763779527559
  0
SPLINE
  5
273
330
17
100
AcDbEntity
  8
Front elevation
100
AcDbSpline
 70
0
 71
3
 72
8
 73
4
 74
0
 40
0.0
 40
0.0
 40
0.0
 40
0.0
 40
1.0
 40
1.0
 40
1.0
 40
1.0
 10
72.49007874015749
 20
16.8503937007874
 30
0.0
 10
72.55811023622047
 20
16.65196850393701
 30
0.0
 10
72.62047244094488
 20
16.467716535433073
 30
0.0
 10
72.67716535433071
 20
16.29763779527559
 30
0.0
  0
SPLINE
  5
274
330
17
100
AcDbEntity
  8
Front elevation
100
AcDbSpline
 70
0
 71
3
 72
8
 73
4
 74
0
 40
0.0
 40
0.0
 40
0.0
 40
0.0
 40
1.0
 40
1.0
 40
1.0
 40
1.0
 10
72.86425196850394
 20
16.8503937007874
 30
0.0
 10
72.79622047244095
 20
16.65196850393701
 30
0.0
 10
72.73385826771654
 20
16.467716535433073
 30
0.0
 10
72.67716535433071
 20
16.29763779527559
 30
0.0
  0
CIRCLE
  5
275
330
17
100
AcDbEntity
  8
Front elevation
100
AcDbCircle
 10
72.67716535433071
 20
15.92755905511811
 30
0.0
 40
0.09842519685039369
  0
SPLINE
  5
276
330
17
100
AcDbEntity
  8
Front elevation
100
AcDbSpline
 70
0
 71
3
 72
8
 73
4
 74
0
 40
0.0
 40
0.0
 40
0.0
 40
0.0
 40
1.0
 40
1.0
 40
1.0
 40
1.0
 10
72.67716535433071
 20
15.730708661417324
 30
0.0
 10
73.09811023622048
 20
15.730708661417324
 30
0.0
 10
73.05984251968505
 20
15.156692913385829
 30
0.0
 10
72.67716535433071
 20
14.850551181102363
 30
0.0
  0
SPLINE
  5
277
330
17
100
AcDbEntity
  8
Front elevation
100
AcDbSpline
 70
0
 71
3
 72
8
 73
4
 74
0
 40
0.0
 40
0.0
 40
0.0
 40
0.0
 40
1.0
 40
1.0
 40
1.0
 40
1.0
 10
72.67716535433071
 20
14.850551181102363
 30
0.0
 10
72.29448818897639
 20
15.156692913385829
 30
0.0
 10
72.25622047244094
 20
15.730708661417324
 30
0.0
 10
72.67716535433071
 20
15.730708661417324
 30
0.0
  0
LWPOLYLINE
  5
278
330
17
100
AcDbEntity
  8
Front elevation
100
AcDbPolyline
 90
2
 70
0
 10
72.67716535433071
 20
15.615905511811025
 10
72.67716535433071
 20
15.04188976377953
  0
SPLINE
  5
279
330
17
100
AcDbEntity
  8
Front elevation
100
AcDbSpline
 70
0
 71
3
 72
8
 73
4
 74
0
 40
0.0
 40
0.0
 40
0.0
 40
0.0
 40
1.0
 40
1.0
 40
1.0
 40
1.0
 10
72.5087874015748
 20
15.539370078740157
 30
0.0
 10
72.57001574803151
 20
15.360787401574804
 30
0.0
 10
72.62614173228347
 20
15.194960629921262
 30
0.0
 10
72.67716535433071
 20
15.04188976377953
 30
0.0
  0
SPLINE
  5
27A
330
17
100
AcDbEntity
  8
Front elevation
100
AcDbSpline
 70
0
 71
3
 72
8
 73
4
 74
0
 40
0.0
 40
0.0
 40
0.0
 40
0.0
 40
1.0
 40
1.0
 40
1.0
 40
1.0
 10
72.84554330708663
 20
15.539370078740157
 30
0.0
 10
72.78431496062993
 20
15.360787401574804
 30
0.0
 10
72.72818897637796
 20
15.194960629921262
 30
0.0
 10
72.67716535433071
 20
15.04188976377953
 30
0.0
  0
CIRCLE
  5
27B
330
17
100
AcDbEntity
  8
Front elevation
100
AcDbCircle
 10
72.67716535433071
 20
14.693070866141733
 30
0.0
 40
0.09842519685039369
  0
SPLINE
  5
27C
330
17
100
AcDbEntity
  8
Front elevation
100
AcDbSpline
 70
0
 71
3
 72
8
 73
4
 74
0
 40
0.0
 40
0.0
 40
0.0
 40
0.0
 40
1.0
 40
1.0
 40
1.0
 40
1.0
 10
72.67716535433071
 20
14.496220472440946
 30
0.0
 10
73.0560157480315
 20
14.496220472440946
 30
0.0
 10
73.02157480314962
 20
13.9796062992126
 30
0.0
 10
72.67716535433071
 20
13.704078740157481
 30
0.0
  0
SPLINE
  5
27D
330
17
100
AcDbEntity
  8
Front elevation
100
AcDbSpline
 70
0
 71
3
 72
8
 73
4
 74
0
 40
0.0
 40
0.0
 40
0.0
 40
0.0
 40
1.0
 40
1.0
 40
1.0
 40
1.0
 10
72.67716535433071
 20
13.704078740157481
 30
0.0
 10
72.33275590551182
 20
13.9796062992126
 30
0.0
 10
72.29831496062992
 20
14.496220472440946
 30
0.0
 10
72.67716535433071
 20
14.496220472440946
 30
0.0
  0
LWPOLYLINE
  5
27E
330
17
100
AcDbEntity
  8
Front elevation
100
AcDbPolyline
 90
2
 70
0
 10
72.67716535433071
 20
14.392897637795278
 10
72.67716535433071
 20
13.876283464566932
  0
SPLINE
  5
27F
330
17
100
AcDbEntity
  8
Front elevation
100
AcDbSpline
 70
0
 71
3
 72
8
 73
4
 74
0
 40
0.0
 40
0.0
 40
0.0
 40
0.0
 40
1.0
 40
1.0
 40
1.0
 40
1.0
 10
72.5256251968504
 20
14.324015748031497
 30
0.0
 10
72.58073070866142
 20
14.16329133858268
 30
0.0
 10
72.63124409448818
 20
14.01404724409449
 30
0.0
 10
72.67716535433071
 20
13.876283464566932
 30
0.0
  0
SPLINE
  5
280
330
17
100
AcDbEntity
  8
Front elevation
100
AcDbSpline
 70
0
 71
3
 72
8
 73
4
 74
0
 40
0.0
 40
0.0
 40
0.0
 40
0.0
 40
1.0
 40
1.0
 40
1.0
 40
1.0
 10
72.82870551181104
 20
14.324015748031497
 30
0.0
 10
72.77360000000002
 20
14.16329133858268
 30
0.0
 10
72.72308661417324
 20
14.01404724409449
 30
0.0
 10
72.67716535433071
 20
13.876283464566932
 30
0.0
  0
CIRCLE
  5
281
330
17
100
AcDbEntity
  8
Front elevation
100
AcDbCircle
 10
72.67716535433071
 20
13.54659842519685
 30
0.0
 40
0.09842519685039369
  0
SPLINE
  5
282
330
17
100
AcDbEntity
  8
Front elevation
100
AcDbSpline
 70
0
 71
3
 72
8
 73
4
 74
0
 40
0.0
 40
0.0
 40
0.0
 40
0.0
 40
1.0
 40
1.0
 40
1.0
 40
1.0
 10
72.67716535433071
 20
13.349748031496063
 30
0.0
 10
73.01813070866142
 20
13.349748031496063
 30
0.0
 10
72.98713385826773
 20
12.884795275590552
 30
0.0
 10
72.67716535433071
 20
12.636820472440945
 30
0.0
  0
SPLINE
  5
283
330
17
100
AcDbEntity
  8
Front elevation
100
AcDbSpline
 70
0
 71
3
 72
8
 73
4
 74
0
 40
0.0
 40
0.0
 40
0.0
 40
0.0
 40
1.0
 40
1.0
 40
1.0
 40
1.0
 10
72.67716535433071
 20
12.636820472440945
 30
0.0
 10
72.36719685039371
 20
12.884795275590552
 30
0.0
 10
72.3362
 20
13.349748031496063
 30
0.0
 10
72.67716535433071
 20
13.349748031496063
 30
0.0
  0
LWPOLYLINE
  5
284
330
17
100
AcDbEntity
  8
Front elevation
100
AcDbPolyline
 90
2
 70
0
 10
72.67716535433071
 20
13.25675748031496
 10
72.67716535433071
 20
12.791804724409449
  0
SPLINE
  5
285
330
17
100
AcDbEntity
  8
Front elevation
100
AcDbSpline
 70
0
 71
3
 72
8
 73
4
 74
0
 40
0.0
 40
0.0
 40
0.0
 40
0.0
 40
1.0
 40
1.0
 40
1.0
 40
1.0
 10
72.54077921259842
 20
13.194763779527559
 30
0.0
 10
72.59037417322835
 20
13.050111811023623
 30
0.0
 10
72.63583622047244
 20
12.915792125984252
 30
0.0
 10
72.67716535433071
 20
12.791804724409449
 30
0.0
  0
SPLINE
  5
286
330
17
100
AcDbEntity
  8
Front elevation
100
AcDbSpline
 70
0
 71
3
 72
8
 73
4
 74
0
 40
0.0
 40
0.0
 40
0.0
 40
0.0
 40
1.0
 40
1.0
 40
1.0
 40
1.0
 10
72.813551496063
 20
13.194763779527559
 30
0.0
 10
72.76395653543308
 20
13.050111811023623
 30
0.0
 10
72.71849448818898
 20
12.915792125984252
 30
0.0
 10
72.67716535433071
 20
12.791804724409449
 30
0.0
  0
CIRCLE
  5
287
330
17
100
AcDbEntity
  8
Front elevation
100
AcDbCircle
 10
72.67716535433071
 20
12.479340157480314
 30
0.0
 40
0.09842519685039369
  0
SPLINE
  5
288
330
17
100
AcDbEntity
  8
Front elevation
100
AcDbSpline
 70
0
 71
3
 72
8
 73
4
 74
0
 40
0.0
 40
0.0
 40
0.0
 40
0.0
 40
1.0
 40
1.0
 40
1.0
 40
1.0
 10
72.67716535433071
 20
12.282489763779527
 30
0.0
 10
72.98403417322835
 20
12.282489763779527
 30
0.0
 10
72.95613700787402
 20
11.864032283464567
 30
0.0
 10
72.67716535433071
 20
11.64085496062992
 30
0.0
  0
SPLINE
  5
289
330
17
100
AcDbEntity
  8
Front elevation
100
AcDbSpline
 70
0
 71
3
 72
8
 73
4
 74
0
 40
0.0
 40
0.0
 40
0.0
 40
0.0
 40
1.0
 40
1.0
 40
1.0
 40
1.0
 10
72.67716535433071
 20
11.64085496062992
 30
0.0
 10
72.3981937007874
 20
11.864032283464567
 30
0.0
 10
72.37029653543307
 20
12.282489763779527
 30
0.0
 10
72.67716535433071
 20
12.282489763779527
 30
0.0
  0
LWPOLYLINE
  5
28A
330
17
100
AcDbEntity
  8
Front elevation
100
AcDbPolyline
 90
2
 70
0
 10
72.67716535433071
 20
12.198798267716537
 10
72.67716535433071
 20
11.780340787401574
  0
SPLINE
  5
28B
330
17
100
AcDbEntity
  8
Front elevation
100
AcDbSpline
 70
0
 71
3
 72
8
 73
4
 74
0
 40
0.0
 40
0.0
 40
0.0
 40
0.0
 40
1.0
 40
1.0
 40
1.0
 40
1.0
 10
72.55441782677165
 20
12.143003937007876
 30
0.0
 10
72.59905329133859
 20
12.012817165354333
 30
0.0
 10
72.63996913385827
 20
11.891929448818898
 30
0.0
 10
72.67716535433071
 20
11.780340787401574
 30
0.0
  0
SPLINE
  5
28C
330
17
100
AcDbEntity
  8
Front elevation
100
AcDbSpline
 70
0
 71
3
 72
8
 73
4
 74
0
 40
0.0
 40
0.0
 40
0.0
 40
0.0
 40
1.0
 40
1.0
 40
1.0
 40
1.0
 10
72.79991288188977
 20
12.143003937007876
 30
0.0
 10
72.75527741732284
 20
12.012817165354333
 30
0.0
 10
72.71436157480315
 20
11.891929448818898
 30
0.0
 10
72.67716535433071
 20
11.780340787401574
 30
0.0
  0
CIRCLE
  5
28D
330
17
100
AcDbEntity
  8
Front elevation
100
AcDbCircle
 10
72.67716535433071
 20
11.48337464566929
 30
0.0
 40
0.09842519685039369
  0
SPLINE
  5
28E
330
17
100
AcDbEntity
  8
Front elevation
100
AcDbSpline
 70
0
 71
3
 72
8
 73
4
 74
0
 40
0.0
 40
0.0
 40
0.0
 40
0.0
 40
1.0
 40
1.0
 40
1.0
 40
1.0
 10
72.67716535433071
 20
11.286524251968505
 30
0.0
 10
72.95334729133859
 20
11.286524251968505
 30
0.0
 10
72.92823984251969
 20
10.90991251968504
 30
0.0
 10
72.67716535433071
 20
10.709052929133858
 30
0.0
  0
SPLINE
  5
28F
330
17
100
AcDbEntity
  8
Front elevation
100
AcDbSpline
 70
0
 71
3
 72
8
 73
4
 74
0
 40
0.0
 40
0.0
 40
0.0
 40
0.0
 40
1.0
 40
1.0
 40
1.0
 40
1.0
 10
72.67716535433071
 20
10.709052929133858
 30
0.0
 10
72.42609086614173
 20
10.90991251968504
 30
0.0
 10
72.40098341732283
 20
11.286524251968505
 30
0.0
 10
72.67716535433071
 20
11.286524251968505
 30
0.0
  0
LWPOLYLINE
  5
290
330
17
100
AcDbEntity
  8
Front elevation
100
AcDbPolyline
 90
2
 70
0
 10
72.67716535433071
 20
11.21120190551181
 10
72.67716535433071
 20
10.834590173228346
  0
SPLINE
  5
291
330
17
100
AcDbEntity
  8
Front elevation
100
AcDbSpline
 70
0
 71
3
 72
8
 73
4
 74
0
 40
0.0
 40
0.0
 40
0.0
 40
0.0
 40
1.0
 40
1.0
 40
1.0
 40
1.0
 10
72.56669257952757
 20
11.160987007874017
 30
0.0
 10
72.6068644976378
 20
11.043818913385826
 30
0.0
 10
72.64368875590552
 20
10.935019968503935
 30
0.0
 10
72.67716535433071
 20
10.834590173228346
 30
0.0
  0
SPLINE
  5
292
330
17
100
AcDbEntity
  8
Front elevation
100
AcDbSpline
 70
0
 71
3
 72
8
 73
4
 74
0
 40
0.0
 40
0.0
 40
0.0
 40
0.0
 40
1.0
 40
1.0
 40
1.0
 40
1.0
 10
72.78763812913387
 20
11.160987007874017
 30
0.0
 10
72.74746621102364
 20
11.043818913385826
 30
0.0
 10
72.7106419527559
 20
10.935019968503935
 30
0.0
 10
72.67716535433071
 20
10.834590173228346
 30
0.0
  0
CIRCLE
  5
293
330
17
100
AcDbEntity
  8
Front elevation
100
AcDbCircle
 10
72.67716535433071
 20
10.551572614173228
 30
0.0
 40
0.09842519685039369
  0
SPLINE
  5
294
330
17
100
AcDbEntity
  8
Front elevation
100
AcDbSpline
 70
0
 71
3
 72
8
 73
4
 74
0
 40
0.0
 40
0.0
 40
0.0
 40
0.0
 40
1.0
 40
1.0
 40
1.0
 40
1.0
 10
72.67716535433071
 20
10.354722220472443
 30
0.0
 10
72.9257290976378
 20
10.354722220472443
 30
0.0
 10
72.90313239370079
 20
10.015771661417322
 30
0.0
 10
72.67716535433071
 20
9.834998029921262
 30
0.0
  0
SPLINE
  5
295
330
17
100
AcDbEntity
  8
Front elevation
100
AcDbSpline
 70
0
 71
3
 72
8
 73
4
 74
0
 40
0.0
 40
0.0
 40
0.0
 40
0.0
 40
1.0
 40
1.0
 40
1.0
 40
1.0
 10
72.67716535433071
 20
9.834998029921262
 30
0.0
 10
72.45119831496064
 20
10.015771661417322
 30
0.0
 10
72.42860161102362
 20
10.354722220472443
 30
0.0
 10
72.67716535433071
 20
10.354722220472443
 30
0.0
  0
LWPOLYLINE
  5
296
330
17
100
AcDbEntity
  8
Front elevation
100
AcDbPolyline
 90
2
 70
0
 10
72.67716535433071
 20
10.286932108661418
 10
72.67716535433071
 20
9.9479815496063
  0
SPLINE
  5
297
330
17
100
AcDbEntity
  8
Front elevation
100
AcDbSpline
 70
0
 71
3
 72
8
 73
4
 74
0
 40
0.0
 40
0.0
 40
0.0
 40
0.0
 40
1.0
 40
1.0
 40
1.0
 40
1.0
 10
72.57773985700788
 20
10.241738700787401
 30
0.0
 10
72.6138945833071
 20
10.136287415748031
 30
0.0
 10
72.64703641574803
 20
10.038368365354332
 30
0.0
 10
72.67716535433071
 20
9.9479815496063
 30
0.0
  0
SPLINE
  5
298
330
17
100
AcDbEntity
  8
Front elevation
100
AcDbSpline
 70
0
 71
3
 72
8
 73
4
 74
0
 40
0.0
 40
0.0
 40
0.0
 40
0.0
 40
1.0
 40
1.0
 40
1.0
 40
1.0
 10
72.77659085165355
 20
10.241738700787401
 30
0.0
 10
72.74043612535434
 20
10.136287415748031
 30
0.0
 10
72.70729429291339
 20
10.038368365354332
 30
0.0
 10
72.67716535433071
 20
9.9479815496063
 30
0.0
  0
CIRCLE
  5
299
330
17
100
AcDbEntity
  8
Front elevation
100
AcDbCircle
 10
72.67716535433071
 20
9.67751771496063
 30
0.0
 40
0.09842519685039369
  0
SPLINE
  5
29A
330
17
100
AcDbEntity
  8
Front elevation
100
AcDbSpline
 70
0
 71
3
 72
8
 73
4
 74
0
 40
0.0
 40
0.0
 40
0.0
 40
0.0
 40
1.0
 40
1.0
 40
1.0
 40
1.0
 10
72.67716535433071
 20
9.480667321259844
 30
0.0
 10
72.90087272330709
 20
9.480667321259844
 30
0.0
 10
72.88053568976379
 20
9.175611818110237
 30
0.0
 10
72.67716535433071
 20
9.012915549763783
 30
0.0
  0
SPLINE
  5
29B
330
17
100
AcDbEntity
  8
Front elevation
100
AcDbSpline
 70
0
 71
3
 72
8
 73
4
 74
0
 40
0.0
 40
0.0
 40
0.0
 40
0.0
 40
1.0
 40
1.0
 40
1.0
 40
1.0
 10
72.67716535433071
 20
9.012915549763783
 30
0.0
 10
72.47379501889765
 20
9.175611818110237
 30
0.0
 10
72.45345798535433
 20
9.480667321259844
 30
0.0
 10
72.67716535433071
 20
9.480667321259844
 30
0.0
  0
LWPOLYLINE
  5
29C
330
17
100
AcDbEntity
  8
Front elevation
100
AcDbPolyline
 90
2
 70
0
 10
72.67716535433071
 20
9.419656220629925
 10
72.67716535433071
 20
9.114600717480315
  0
SPLINE
  5
29D
330
17
100
AcDbEntity
  8
Front elevation
100
AcDbSpline
 70
0
 71
3
 72
8
 73
4
 74
0
 40
0.0
 40
0.0
 40
0.0
 40
0.0
 40
1.0
 40
1.0
 40
1.0
 40
1.0
 10
72.58768240674016
 20
9.378982153543308
 30
0.0
 10
72.62022166040946
 20
9.284075997007877
 30
0.0
 10
72.6500493096063
 20
9.195948851653545
 30
0.0
 10
72.67716535433071
 20
9.114600717480315
 30
0.0
  0
SPLINE
  5
29E
330
17
100
AcDbEntity
  8
Front elevation
100
AcDbSpline
 70
0
 71
3
 72
8
 73
4
 74
0
 40
0.0
 40
0.0
 40
0.0
 40
0.0
 40
1.0
 40
1.0
 40
1.0
 40
1.0
 10
72.76664830192126
 20
9.378982153543308
 30
0.0
 10
72.73410904825197
 20
9.284075997007877
 30
0.0
 10
72.70428139905512
 20
9.195948851653545
 30
0.0
 10
72.67716535433071
 20
9.114600717480315
 30
0.0
  0
CIRCLE
  5
29F
330
17
100
AcDbEntity
  8
Front elevation
100
AcDbCircle
 10
72.67716535433071
 20
8.85543523480315
 30
0.0
 40
0.09842519685039369
  0
SPLINE
  5
2A0
330
17
100
AcDbEntity
  8
Front elevation
100
AcDbSpline
 70
0
 71
3
 72
8
 73
4
 74
0
 40
0.0
 40
0.0
 40
0.0
 40
0.0
 40
1.0
 40
1.0
 40
1.0
 40
1.0
 10
72.67716535433071
 20
8.658584841102364
 30
0.0
 10
72.87850198640946
 20
8.658584841102364
 30
0.0
 10
72.86019865622048
 20
8.384034888267717
 30
0.0
 10
72.67716535433071
 20
8.237608246755908
 30
0.0
  0
SPLINE
  5
2A1
330
17
100
AcDbEntity
  8
Front elevation
100
AcDbSpline
 70
0
 71
3
 72
8
 73
4
 74
0
 40
0.0
 40
0.0
 40
0.0
 40
0.0
 40
1.0
 40
1.0
 40
1.0
 40
1.0
 10
72.67716535433071
 20
8.237608246755908
 30
0.0
 10
72.49413205244095
 20
8.384034888267717
 30
0.0
 10
72.47582872225198
 20
8.658584841102364
 30
0.0
 10
72.67716535433071
 20
8.658584841102364
 30
0.0
  0
LWPOLYLINE
  5
2A2
330
17
100
AcDbEntity
  8
Front elevation
100
AcDbPolyline
 90
2
 70
0
 10
72.67716535433071
 20
8.603674850535434
 10
72.67716535433071
 20
8.329124897700787
  0
SPLINE
  5
2A3
330
17
100
AcDbEntity
  8
Front elevation
100
AcDbSpline
 70
0
 71
3
 72
8
 73
4
 74
0
 40
0.0
 40
0.0
 40
0.0
 40
0.0
 40
1.0
 40
1.0
 40
1.0
 40
1.0
 10
72.59663070149921
 20
8.567068190157482
 30
0.0
 10
72.62591602980157
 20
8.481652649275592
 30
0.0
 10
72.65276091407874
 20
8.402338218456693
 30
0.0
 10
72.67716535433071
 20
8.329124897700787
 30
0.0
  0
SPLINE
  5
2A4
330
17
100
AcDbEntity
  8
Front elevation
100
AcDbSpline
 70
0
 71
3
 72
8
 73
4
 74
0
 40
0.0
 40
0.0
 40
0.0
 40
0.0
 40
1.0
 40
1.0
 40
1.0
 40
1.0
 10
72.75770000716221
 20
8.567068190157482
 30
0.0
 10
72.72841467885985
 20
8.481652649275592
 30
0.0
 10
72.70156979458268
 20
8.402338218456693
 30
0.0
 10
72.67716535433071
 20
8.329124897700787
 30
0.0
  0
CIRCLE
  5
2A5
330
17
100
AcDbEntity
  8
Front elevation
100
AcDbCircle
 10
72.67716535433071
 20
8.080127931795278
 30
0.0
 40
0.09842519685039369
  0
SPLINE
  5
2A6
330
17
100
AcDbEntity
  8
Front elevation
100
AcDbSpline
 70
0
 71
3
 72
8
 73
4
 74
0
 40
0.0
 40
0.0
 40
0.0
 40
0.0
 40
1.0
 40
1.0
 40
1.0
 40
1.0
 10
72.67716535433071
 20
7.883277538094493
 30
0.0
 10
72.85836832320159
 20
7.883277538094493
 30
0.0
 10
72.8418953260315
 20
7.636182580543309
 30
0.0
 10
72.67716535433071
 20
7.504398603182683
 30
0.0
  0
SPLINE
  5
2A7
330
17
100
AcDbEntity
  8
Front elevation
100
AcDbSpline
 70
0
 71
3
 72
8
 73
4
 74
0
 40
0.0
 40
0.0
 40
0.0
 40
0.0
 40
1.0
 40
1.0
 40
1.0
 40
1.0
 10
72.67716535433071
 20
7.504398603182683
 30
0.0
 10
72.51243538262993
 20
7.636182580543309
 30
0.0
 10
72.49596238545985
 20
7.883277538094493
 30
0.0
 10
72.67716535433071
 20
7.883277538094493
 30
0.0
  0
LWPOLYLINE
  5
2A8
330
17
100
AcDbEntity
  8
Front elevation
100
AcDbPolyline
 90
2
 70
0
 10
72.67716535433071
 20
7.833858546584253
 10
72.67716535433071
 20
7.586763589033076
  0
SPLINE
  5
2A9
330
17
100
AcDbEntity
  8
Front elevation
100
AcDbSpline
 70
0
 71
3
 72
8
 73
4
 74
0
 40
0.0
 40
0.0
 40
0.0
 40
0.0
 40
1.0
 40
1.0
 40
1.0
 40
1.0
 10
72.60468416678236
 20
7.800912552244096
 30
0.0
 10
72.63104096225449
 20
7.724038565450396
 30
0.0
 10
72.65520135810394
 20
7.652655577713389
 30
0.0
 10
72.67716535433071
 20
7.586763589033076
 30
0.0
  0
SPLINE
  5
2AA
330
17
100
AcDbEntity
  8
Front elevation
100
AcDbSpline
 70
0
 71
3
 72
8
 73
4
 74
0
 40
0.0
 40
0.0
 40
0.0
 40
0.0
 40
1.0
 40
1.0
 40
1.0
 40
1.0
 10
72.74964654187906
 20
7.800912552244096
 30
0.0
 10
72.72328974640693
 20
7.724038565450396
 30
0.0
 10
72.69912935055748
 20
7.652655577713389
 30
0.0
 10
72.67716535433071
 20
7.586763589033076
 30
0.0
  0
CIRCLE
  5
2AB
330
17
100
AcDbEntity
  8
Front elevation
100
AcDbCircle
 10
72.67716535433071
 20
7.34691828822205
 30
0.0
 40
0.09842519685039369
  0
SPLINE
  5
2AC
330
17
100
AcDbEntity
  8
Front elevation
100
AcDbSpline
 70
0
 71
3
 72
8
 73
4
 74
0
 40
0.0
 40
0.0
 40
0.0
 40
0.0
 40
1.0
 40
1.0
 40
1.0
 40
1.0
 10
72.67716535433071
 20
7.150067894521264
 30
0.0
 10
72.84024802631448
 20
7.150067894521264
 30
0.0
 10
72.82542232886142
 20
6.927682432725202
 30
0.0
 10
72.67716535433071
 20
6.809076853100635
 30
0.0
  0
SPLINE
  5
2AD
330
17
100
AcDbEntity
  8
Front elevation
100
AcDbSpline
 70
0
 71
3
 72
8
 73
4
 74
0
 40
0.0
 40
0.0
 40
0.0
 40
0.0
 40
1.0
 40
1.0
 40
1.0
 40
1.0
 10
72.67716535433071
 20
6.809076853100635
 30
0.0
 10
72.5289083798
 20
6.927682432725202
 30
0.0
 10
72.51408268234694
 20
7.150067894521264
 30
0.0
 10
72.67716535433071
 20
7.150067894521264
 30
0.0
  0
LWPOLYLINE
  5
2AE
330
17
100
AcDbEntity
  8
Front elevation
100
AcDbPolyline
 90
2
 70
0
 10
72.67716535433071
 20
7.105590802162052
 10
72.67716535433071
 20
6.88320534036599
  0
SPLINE
  5
2AF
330
17
100
AcDbEntity
  8
Front elevation
100
AcDbSpline
 70
0
 71
3
 72
8
 73
4
 74
0
 40
0.0
 40
0.0
 40
0.0
 40
0.0
 40
1.0
 40
1.0
 40
1.0
 40
1.0
 10
72.61193228553721
 20
7.075939407255909
 30
0.0
 10
72.63565340146212
 20
7.006752819141579
 30
0.0
 10
72.65739775772661
 20
6.942508130178273
 30
0.0
 10
72.67716535433071
 20
6.88320534036599
 30
0.0
  0
SPLINE
  5
2B0
330
17
100
AcDbEntity
  8
Front elevation
100
AcDbSpline
 70
0
 71
3
 72
8
 73
4
 74
0
 40
0.0
 40
0.0
 40
0.0
 40
0.0
 40
1.0
 40
1.0
 40
1.0
 40
1.0
 10
72.74239842312423
 20
7.075939407255909
 30
0.0
 10
72.71867730719931
 20
7.006752819141579
 30
0.0
 10
72.69693295093481
 20
6.942508130178273
 30
0.0
 10
72.67716535433071
 20
6.88320534036599
 30
0.0
  0
CIRCLE
  5
2B1
330
17
100
AcDbEntity
  8
Front elevation
100
AcDbCircle
 10
72.67716535433071
 20
6.651596538140004
 30
0.0
 40
0.09842519685039369
  0
LWPOLYLINE
  5
2B2
330
17
100
AcDbEntity
  8
Front elevation
100
AcDbPolyline
 90
5
 70
0
 10
71.57480314960631
 20
27.95275590551181
 10
73.77952755905513
 20
27.95275590551181
 10
73.77952755905513
 20
27.480314960629922
 10
71.57480314960631
 20
27.480314960629922
 10
71.57480314960631
 20
27.95275590551181
  0
LWPOLYLINE
  5
2B3
330
17
100
AcDbEntity
  8
Front elevation
100
AcDbPolyline
 90
5
 70
0
 10
71.7716535433071
 20
27.480314960629922
 10
73.58267716535434
 20
27.480314960629922
 10
73.38582677165356
 20
21.653543307086615
 10
71.96850393700788
 20
21.653543307086615
 10
71.7716535433071
 20
27.480314960629922
  0
LINE
  5
2B4
330
17
100
AcDbEntity
  8
Front elevation
100
AcDbLine
 10
72.13385826771653
 20
27.244094488188978
 30
0.0
 11
72.25196850393701
 21
21.88976377952756
 31
0.0
  0
LINE
  5
2B5
330
17
100
AcDbEntity
  8
Front elevation
100
AcDbLine
 10
72.49606299212599
 20
27.244094488188978
 30
0.0
 11
72.53543307086615
 21
21.88976377952756
 31
0.0
  0
LINE
  5
2B6
330
17
100
AcDbEntity
  8
Front elevation
100
AcDbLine
 10
72.85826771653542
 20
27.244094488188978
 30
0.0
 11
72.81889763779527
 21
21.88976377952756
 31
0.0
  0
LINE
  5
2B7
330
17
100
AcDbEntity
  8
Front elevation
100
AcDbLine
 10
73.22047244094487
 20
27.244094488188978
 30
0.0
 11
73.1023622047244
 21
21.88976377952756
 31
0.0
  0
POLYLINE
  5
2B8
330
17
100
AcDbEntity
  8
Front elevation
100
AcDb2dPolyline
 66
1
 10
0.0
 20
0.0
 30
0.0
 70
0
  0
VERTEX
  5
2B9
330
2B8
100
AcDbEntity
  8
Front elevation
100
AcDbVertex
100
AcDb2dVertex
 10
72.20472440944883
 20
21.653543307086615
 30
0.0
 70
0
  0
VERTEX
  5
2BA
330
2B8
100
AcDbEntity
  8
Front elevation
100
AcDbVertex
100
AcDb2dVertex
 10
73.1496062992126
 20
21.653543307086615
 30
0.0
 70
0
  0
SEQEND
  5
2BB
330
2B8
100
AcDbEntity
  8
Front elevation
  0
SPLINE
  5
2BC
330
17
100
AcDbEntity
  8
Front elevation
100
AcDbSpline
 70
0
 71
3
 72
14
 73
10
 74
0
 40
0.0
 40
0.0
 40
0.0
 40
0.0
 40
1.0
 40
1.0
 40
1.0
 40
2.0
 40
2.0
 40
2.0
 40
3.0
 40
3.0
 40
3.0
 40
3.0
 10
73.1496062992126
 20
21.653543307086615
 30
0.0
 10
73.21871007681499
 20
21.653543307086615
 30
0.0
 10
73.28661106601226
 20
21.635349291865932
 30
0.0
 10
73.34645669291339
 20
21.60079740306474
 30
0.0
 10
73.40630231981453
 20
21.56624551426355
 30
0.0
 10
73.45600929379111
 20
21.51653854028696
 30
0.0
 10
73.4905611825923
 20
21.45669291338583
 30
0.0
 10
73.52511307139349
 20
21.396847286484693
 30
0.0
 10
73.54330708661418
 20
21.328946297287423
 30
0.0
 10
73.54330708661418
 20
21.25984251968504
 30
0.0
  0
POLYLINE
  5
2BD
330
17
100
AcDbEntity
  8
Front elevation
100
AcDb2dPolyline
 66
1
 10
0.0
 20
0.0
 30
0.0
 70
0
  0
VERTEX
  5
2BE
330
2BD
100
AcDbEntity
  8
Front elevation
100
AcDbVertex
100
AcDb2dVertex
 10
73.54330708661418
 20
21.25984251968504
 30
0.0
 70
0
  0
VERTEX
  5
2BF
330
2BD
100
AcDbEntity
  8
Front elevation
100
AcDbVertex
100
AcDb2dVertex
 10
73.54330708661418
 20
21.181102362204726
 30
0.0
 70
0
  0
SEQEND
  5
2C0
330
2BD
100
AcDbEntity
  8
Front elevation
  0
SPLINE
  5
2C1
330
17
100
AcDbEntity
  8
Front elevation
100
AcDbSpline
 70
0
 71
3
 72
14
 73
10
 74
0
 40
0.0
 40
0.0
 40
0.0
 40
0.0
 40
1.0
 40
1.0
 40
1.0
 40
2.0
 40
2.0
 40
2.0
 40
3.0
 40
3.0
 40
3.0
 40
3.0
 10
73.54330708661418
 20
21.181102362204726
 30
0.0
 10
73.54330708661418
 20
21.111998584602343
 30
0.0
 10
73.52511307139349
 20
21.04409759540507
 30
0.0
 10
73.4905611825923
 20
20.98425196850394
 30
0.0
 10
73.45600929379111
 20
20.924406341602804
 30
0.0
 10
73.40630231981453
 20
20.874699367626217
 30
0.0
 10
73.34645669291339
 20
20.840147478825024
 30
0.0
 10
73.28661106601226
 20
20.805595590023835
 30
0.0
 10
73.21871007681499
 20
20.787401574803148
 30
0.0
 10
73.1496062992126
 20
20.787401574803148
 30
0.0
  0
POLYLINE
  5
2C2
330
17
100
AcDbEntity
  8
Front elevation
100
AcDb2dPolyline
 66
1
 10
0.0
 20
0.0
 30
0.0
 70
0
  0
VERTEX
  5
2C3
330
2C2
100
AcDbEntity
  8
Front elevation
100
AcDbVertex
100
AcDb2dVertex
 10
73.1496062992126
 20
20.787401574803148
 30
0.0
 70
0
  0
VERTEX
  5
2C4
330
2C2
100
AcDbEntity
  8
Front elevation
100
AcDbVertex
100
AcDb2dVertex
 10
72.20472440944883
 20
20.787401574803148
 30
0.0
 70
0
  0
SEQEND
  5
2C5
330
2C2
100
AcDbEntity
  8
Front elevation
  0
SPLINE
  5
2C6
330
17
100
AcDbEntity
  8
Front elevation
100
AcDbSpline
 70
0
 71
3
 72
14
 73
10
 74
0
 40
0.0
 40
0.0
 40
0.0
 40
0.0
 40
1.0
 40
1.0
 40
1.0
 40
2.0
 40
2.0
 40
2.0
 40
3.0
 40
3.0
 40
3.0
 40
3.0
 10
72.20472440944883
 20
20.787401574803148
 30
0.0
 10
72.13562063184644
 20
20.787401574803148
 30
0.0
 10
72.06771964264917
 20
20.805595590023835
 30
0.0
 10
72.00787401574803
 20
20.840147478825024
 30
0.0
 10
71.94802838884691
 20
20.874699367626217
 30
0.0
 10
71.89832141487031
 20
20.924406341602804
 30
0.0
 10
71.86376952606912
 20
20.98425196850394
 30
0.0
 10
71.82921763726793
 20
21.04409759540507
 30
0.0
 10
71.81102362204724
 20
21.111998584602343
 30
0.0
 10
71.81102362204724
 20
21.181102362204726
 30
0.0
  0
POLYLINE
  5
2C7
330
17
100
AcDbEntity
  8
Front elevation
100
AcDb2dPolyline
 66
1
 10
0.0
 20
0.0
 30
0.0
 70
0
  0
VERTEX
  5
2C8
330
2C7
100
AcDbEntity
  8
Front elevation
100
AcDbVertex
100
AcDb2dVertex
 10
71.81102362204724
 20
21.181102362204726
 30
0.0
 70
0
  0
VERTEX
  5
2C9
330
2C7
100
AcDbEntity
  8
Front elevation
100
AcDbVertex
100
AcDb2dVertex
 10
71.81102362204724
 20
21.25984251968504
 30
0.0
 70
0
  0
SEQEND
  5
2CA
330
2C7
100
AcDbEntity
  8
Front elevation
  0
SPLINE
  5
2CB
330
17
100
AcDbEntity
  8
Front elevation
100
AcDbSpline
 70
0
 71
3
 72
14
 73
10
 74
0
 40
0.0
 40
0.0
 40
0.0
 40
0.0
 40
1.0
 40
1.0
 40
1.0
 40
2.0
 40
2.0
 40
2.0
 40
3.0
 40
3.0
 40
3.0
 40
3.0
 10
71.81102362204724
 20
21.25984251968504
 30
0.0
 10
71.81102362204724
 20
21.328946297287423
 30
0.0
 10
71.82921763726793
 20
21.396847286484693
 30
0.0
 10
71.86376952606912
 20
21.45669291338583
 30
0.0
 10
71.89832141487031
 20
21.51653854028696
 30
0.0
 10
71.94802838884691
 20
21.56624551426355
 30
0.0
 10
72.00787401574803
 20
21.60079740306474
 30
0.0
 10
72.06771964264917
 20
21.635349291865932
 30
0.0
 10
72.13562063184644
 20
21.653543307086615
 30
0.0
 10
72.20472440944883
 20
21.653543307086615
 30
0.0
  0
CIRCLE
  5
2CC
330
17
100
AcDbEntity
  8
Front elevation
100
AcDbCircle
 10
72.67716535433071
 20
21.22047244094488
 30
0.0
 40
0.19685039370078738
  0
CIRCLE
  5
2CD
330
17
100
AcDbEntity
  8
Front elevation
100
AcDbCircle
 10
72.67716535433071
 20
20.590551181102363
 30
0.0
 40
0.19685039370078738
  0
LINE
  5
2CE
330
17
100
AcDbEntity
  8
Front elevation
100
AcDbLine
 10
0.0
 20
0.0
 30
0.0
 11
99.44881889763779
 21
0.0
 31
0.0
  0
TEXT
  5
2CF
330
17
100
AcDbEntity
  8
LABELS
100
AcDbText
 10
0.0
 20
31.88976377952756
 30
0.0
 40
1.988976377952756
  1
FRONT ELEVATION  (1:1, inches)
 11
0.0
 21
31.88976377952756
 31
0.0
100
AcDbText
  0
LWPOLYLINE
  5
2D2
330
17
100
AcDbEntity
  8
Left end elevation
100
AcDbPolyline
 90
5
 70
0
 10
116.72834645669292
 20
29.52755905511811
 10
152.71259842519686
 20
29.52755905511811
 10
152.71259842519686
 20
27.95275590551181
 10
116.72834645669292
 20
27.95275590551181
 10
116.72834645669292
 20
29.52755905511811
  0
LINE
  5
2D3
330
17
100
AcDbEntity
  8
Left end elevation
100
AcDbLine
 10
116.72834645669292
 20
29.21259842519685
 30
0.0
 11
152.71259842519686
 21
29.21259842519685
 31
0.0
  0
LINE
  5
2D4
330
17
100
AcDbEntity
  8
Left end elevation
100
AcDbLine
 10
116.72834645669292
 20
28.89763779527559
 30
0.0
 11
152.71259842519686
 21
28.89763779527559
 31
0.0
  0
LINE
  5
2D5
330
17
100
AcDbEntity
  8
Left end elevation
100
AcDbLine
 10
116.72834645669292
 20
28.58267716535433
 30
0.0
 11
152.71259842519686
 21
28.58267716535433
 31
0.0
  0
LINE
  5
2D6
330
17
100
AcDbEntity
  8
Left end elevation
100
AcDbLine
 10
116.72834645669292
 20
28.26771653543307
 30
0.0
 11
152.71259842519686
 21
28.26771653543307
 31
0.0
  0
LWPOLYLINE
  5
2D7
330
17
100
AcDbEntity
  8
Left end elevation
100
AcDbPolyline
 90
5
 70
0
 10
117.90944881889764
 20
27.95275590551181
 10
151.53149606299212
 20
27.95275590551181
 10
151.53149606299212
 20
25.0
 10
117.90944881889764
 20
25.0
 10
117.90944881889764
 20
27.95275590551181
  0
LWPOLYLINE
  5
2D8
330
17
100
AcDbEntity
  8
Left end elevation
100
AcDbPolyline
 90
5
 70
0
 10
120.42913385826772
 20
27.165354330708663
 10
149.01181102362204
 20
27.165354330708663
 10
149.01181102362204
 20
25.78740157480315
 10
120.42913385826772
 20
25.78740157480315
 10
120.42913385826772
 20
27.165354330708663
  0
LWPOLYLINE
  5
2D9
330
17
100
AcDbEntity
  8
Left end elevation
100
AcDbPolyline
 90
5
 70
0
 10
117.90944881889764
 20
25.0
 10
151.53149606299212
 20
25.0
 10
151.53149606299212
 20
24.409448818897637
 10
117.90944881889764
 20
24.409448818897637
 10
117.90944881889764
 20
25.0
  0
LINE
  5
2DA
330
17
100
AcDbEntity
  8
Left end elevation
100
AcDbLine
 10
117.90944881889764
 20
24.80314960629921
 30
0.0
 11
151.53149606299212
 21
24.80314960629921
 31
0.0
  0
LINE
  5
2DB
330
17
100
AcDbEntity
  8
Left end elevation
100
AcDbLine
 10
117.90944881889764
 20
24.606299212598426
 30
0.0
 11
151.53149606299212
 21
24.606299212598426
 31
0.0
  0
LWPOLYLINE
  5
2DC
330
17
100
AcDbEntity
  8
Left end elevation
100
AcDbPolyline
 90
5
 70
0
 10
117.90944881889764
 20
24.409448818897637
 10
151.53149606299212
 20
24.409448818897637
 10
151.53149606299212
 20
3.1496062992126
 10
117.90944881889764
 20
3.1496062992126
 10
117.90944881889764
 20
24.409448818897637
  0
LINE
  5
2DD
330
17
100
AcDbEntity
  8
Left end elevation
100
AcDbLine
 10
119.64173228346456
 20
24.409448818897637
 30
0.0
 11
119.64173228346456
 21
3.149606299212598
 31
0.0
  0
LINE
  5
2DE
330
17
100
AcDbEntity
  8
Left end elevation
100
AcDbLine
 10
149.79921259842519
 20
24.409448818897637
 30
0.0
 11
149.79921259842519
 21
3.149606299212598
 31
0.0
  0
LWPOLYLINE
  5
2DF
330
17
100
AcDbEntity
  8
Left end elevation
100
AcDbPolyline
 90
5
 70
0
 10
121.21653543307087
 20
22.83464566929134
 10
148.2244094488189
 20
22.83464566929134
 10
148.2244094488189
 20
4.7244094488189
 10
121.21653543307087
 20
4.7244094488189
 10
121.21653543307087
 20
22.83464566929134
  0
LWPOLYLINE
  5
2E0
330
17
100
AcDbEntity
  8
Left end elevation
100
AcDbPolyline
 90
5
 70
0
 10
121.53149606299213
 20
22.51968503937008
 10
147.90944881889763
 20
22.51968503937008
 10
147.90944881889763
 20
5.039370078740159
 10
121.53149606299213
 20
5.039370078740159
 10
121.53149606299213
 20
22.51968503937008
  0
LWPOLYLINE
  5
2E1
330
17
100
AcDbEntity
  8
Left end elevation
100
AcDbPolyline
 90
5
 70
0
 10
120.8228346456693
 20
23.228346456692915
 10
148.61811023622047
 20
23.228346456692915
 10
148.61811023622047
 20
4.330708661417326
 10
120.8228346456693
 20
4.330708661417326
 10
120.8228346456693
 20
23.228346456692915
  0
LWPOLYLINE
  5
2E2
330
17
100
AcDbEntity
  8
Left end elevation
100
AcDbPolyline
 90
5
 70
0
 10
117.31889763779527
 20
3.1496062992126
 10
152.1220472440945
 20
3.1496062992126
 10
152.1220472440945
 20
0.0
 10
117.31889763779527
 20
0.0
 10
117.31889763779527
 20
3.1496062992126
  0
LINE
  5
2E3
330
17
100
AcDbEntity
  8
Left end elevation
100
AcDbLine
 10
117.31889763779527
 20
2.7559055118110236
 30
0.0
 11
152.1220472440945
 21
2.7559055118110236
 31
0.0
  0
LINE
  5
2E4
330
17
100
AcDbEntity
  8
Left end elevation
100
AcDbLine
 10
117.31889763779527
 20
2.283464566929134
 30
0.0
 11
152.1220472440945
 21
2.283464566929134
 31
0.0
  0
LWPOLYLINE
  5
2E5
330
17
100
AcDbEntity
  8
Left end elevation
100
AcDbPolyline
 90
5
 70
0
 10
118.2244094488189
 20
24.409448818897637
 10
119.24803149606299
 20
24.409448818897637
 10
119.24803149606299
 20
5.511811023622048
 10
118.2244094488189
 20
5.511811023622048
 10
118.2244094488189
 20
24.409448818897637
  0
LINE
  5
2E6
330
17
100
AcDbEntity
  8
Left end elevation
100
AcDbLine
 10
118.38188976377953
 20
24.409448818897637
 30
0.0
 11
118.38188976377953
 21
5.511811023622047
 31
0.0
  0
LINE
  5
2E7
330
17
100
AcDbEntity
  8
Left end elevation
100
AcDbLine
 10
119.09055118110237
 20
24.409448818897637
 30
0.0
 11
119.09055118110237
 21
5.511811023622047
 31
0.0
  0
LINE
  5
2E8
330
17
100
AcDbEntity
  8
Left end elevation
100
AcDbLine
 10
118.54133858267717
 20
24.409448818897637
 30
0.0
 11
118.54133858267717
 21
5.511811023622047
 31
0.0
  0
LINE
  5
2E9
330
17
100
AcDbEntity
  8
Left end elevation
100
AcDbLine
 10
118.93110236220473
 20
24.409448818897637
 30
0.0
 11
118.93110236220473
 21
5.511811023622047
 31
0.0
  0
LWPOLYLINE
  5
2EA
330
17
100
AcDbEntity
  8
Left end elevation
100
AcDbPolyline
 90
5
 70
0
 10
118.10629921259843
 20
20.31496062992126
 10
119.36614173228347
 20
20.31496062992126
 10
119.36614173228347
 20
19.84251968503937
 10
118.10629921259843
 20
19.84251968503937
 10
118.10629921259843
 20
20.31496062992126
  0
LINE
  5
2EB
330
17
100
AcDbEntity
  8
Left end elevation
100
AcDbLine
 10
118.10629921259843
 20
20.078740157480315
 30
0.0
 11
119.36614173228347
 21
20.078740157480315
 31
0.0
  0
LWPOLYLINE
  5
2EC
330
17
100
AcDbEntity
  8
Left end elevation
100
AcDbPolyline
 90
5
 70
0
 10
118.10629921259843
 20
7.244094488188978
 10
119.36614173228347
 20
7.244094488188978
 10
119.36614173228347
 20
6.771653543307089
 10
118.10629921259843
 20
6.771653543307089
 10
118.10629921259843
 20
7.244094488188978
  0
LINE
  5
2ED
330
17
100
AcDbEntity
  8
Left end elevation
100
AcDbLine
 10
118.10629921259843
 20
7.0078740157480315
 30
0.0
 11
119.36614173228347
 21
7.0078740157480315
 31
0.0
  0
SPLINE
  5
2EE
330
17
100
AcDbEntity
  8
Left end elevation
100
AcDbSpline
 70
0
 71
3
 72
41
 73
37
 74
0
 40
0.0
 40
0.0
 40
0.0
 40
0.0
 40
1.0
 40
1.0
 40
1.0
 40
2.0
 40
2.0
 40
2.0
 40
3.0
 40
3.0
 40
3.0
 40
4.0
 40
4.0
 40
4.0
 40
5.0
 40
5.0
 40
5.0
 40
6.0
 40
6.0
 40
6.0
 40
7.0
 40
7.0
 40
7.0
 40
8.0
 40
8.0
 40
8.0
 40
9.0
 40
9.0
 40
9.0
 40
10.0
 40
10.0
 40
10.0
 40
11.0
 40
11.0
 40
11.0
 40
12.0
 40
12.0
 40
12.0
 40
12.0
 10
118.73622047244095
 20
19.37007874015748
 30
0.0
 10
118.73622047244095
 20
19.33207166247617
 30
0.0
 10
118.71984585874233
 20
19.29472611841767
 30
0.0
 10
118.68874915882127
 20
19.261811023622048
 30
0.0
 10
118.65765245890019
 20
19.228895928826425
 30
0.0
 10
118.61291618232126
 20
19.2015570931393
 30
0.0
 10
118.55905511811024
 20
19.182553554298647
 30
0.0
 10
118.50519405389922
 20
19.163550015457993
 30
0.0
 10
118.44408316362167
 20
19.153543307086615
 30
0.0
 10
118.38188976377953
 20
19.153543307086615
 30
0.0
 10
118.31969636393738
 20
19.153543307086615
 30
0.0
 10
118.25858547365985
 20
19.163550015457993
 30
0.0
 10
118.20472440944883
 20
19.182553554298647
 30
0.0
 10
118.15086334523781
 20
19.2015570931393
 30
0.0
 10
118.10612706865888
 20
19.228895928826425
 30
0.0
 10
118.0750303687378
 20
19.261811023622048
 30
0.0
 10
118.04393366881673
 20
19.29472611841767
 30
0.0
 10
118.02755905511812
 20
19.33207166247617
 30
0.0
 10
118.02755905511812
 20
19.37007874015748
 30
0.0
 10
118.02755905511812
 20
19.40808581783879
 30
0.0
 10
118.04393366881673
 20
19.445431361897292
 30
0.0
 10
118.0750303687378
 20
19.478346456692915
 30
0.0
 10
118.10612706865888
 20
19.511261551488538
 30
0.0
 10
118.15086334523781
 20
19.538600387175663
 30
0.0
 10
118.20472440944883
 20
19.557603926016316
 30
0.0
 10
118.25858547365985
 20
19.57660746485697
 30
0.0
 10
118.31969636393738
 20
19.586614173228348
 30
0.0
 10
118.38188976377953
 20
19.586614173228348
 30
0.0
 10
118.44408316362167
 20
19.586614173228348
 30
0.0
 10
118.50519405389922
 20
19.57660746485697
 30
0.0
 10
118.55905511811024
 20
19.557603926016316
 30
0.0
 10
118.61291618232126
 20
19.538600387175663
 30
0.0
 10
118.65765245890019
 20
19.511261551488538
 30
0.0
 10
118.68874915882127
 20
19.478346456692915
 30
0.0
 10
118.71984585874233
 20
19.445431361897292
 30
0.0
 10
118.73622047244095
 20
19.40808581783879
 30
0.0
 10
118.73622047244095
 20
19.37007874015748
 30
0.0
  0
SPLINE
  5
2EF
330
17
100
AcDbEntity
  8
Left end elevation
100
AcDbSpline
 70
0
 71
3
 72
41
 73
37
 74
0
 40
0.0
 40
0.0
 40
0.0
 40
0.0
 40
1.0
 40
1.0
 40
1.0
 40
2.0
 40
2.0
 40
2.0
 40
3.0
 40
3.0
 40
3.0
 40
4.0
 40
4.0
 40
4.0
 40
5.0
 40
5.0
 40
5.0
 40
6.0
 40
6.0
 40
6.0
 40
7.0
 40
7.0
 40
7.0
 40
8.0
 40
8.0
 40
8.0
 40
9.0
 40
9.0
 40
9.0
 40
10.0
 40
10.0
 40
10.0
 40
11.0
 40
11.0
 40
11.0
 40
12.0
 40
12.0
 40
12.0
 40
12.0
 10
119.44488188976378
 20
19.37007874015748
 30
0.0
 10
119.44488188976378
 20
19.33207166247617
 30
0.0
 10
119.42850727606518
 20
19.29472611841767
 30
0.0
 10
119.3974105761441
 20
19.261811023622048
 30
0.0
 10
119.36631387622303
 20
19.228895928826425
 30
0.0
 10
119.3215775996441
 20
19.2015570931393
 30
0.0
 10
119.26771653543308
 20
19.182553554298647
 30
0.0
 10
119.21385547122206
 20
19.163550015457993
 30
0.0
 10
119.15274458094451
 20
19.153543307086615
 30
0.0
 10
119.09055118110237
 20
19.153543307086615
 30
0.0
 10
119.02835778126023
 20
19.153543307086615
 30
0.0
 10
118.96724689098268
 20
19.163550015457993
 30
0.0
 10
118.91338582677166
 20
19.182553554298647
 30
0.0
 10
118.85952476256064
 20
19.2015570931393
 30
0.0
 10
118.81478848598171
 20
19.228895928826425
 30
0.0
 10
118.78369178606064
 20
19.261811023622048
 30
0.0
 10
118.75259508613956
 20
19.29472611841767
 30
0.0
 10
118.73622047244095
 20
19.33207166247617
 30
0.0
 10
118.73622047244095
 20
19.37007874015748
 30
0.0
 10
118.73622047244095
 20
19.40808581783879
 30
0.0
 10
118.75259508613956
 20
19.445431361897292
 30
0.0
 10
118.78369178606064
 20
19.478346456692915
 30
0.0
 10
118.81478848598171
 20
19.511261551488538
 30
0.0
 10
118.85952476256064
 20
19.538600387175663
 30
0.0
 10
118.91338582677166
 20
19.557603926016316
 30
0.0
 10
118.96724689098268
 20
19.57660746485697
 30
0.0
 10
119.02835778126023
 20
19.586614173228348
 30
0.0
 10
119.09055118110237
 20
19.586614173228348
 30
0.0
 10
119.15274458094451
 20
19.586614173228348
 30
0.0
 10
119.21385547122206
 20
19.57660746485697
 30
0.0
 10
119.26771653543308
 20
19.557603926016316
 30
0.0
 10
119.3215775996441
 20
19.538600387175663
 30
0.0
 10
119.36631387622303
 20
19.511261551488538
 30
0.0
 10
119.3974105761441
 20
19.478346456692915
 30
0.0
 10
119.42850727606518
 20
19.445431361897292
 30
0.0
 10
119.44488188976378
 20
19.40808581783879
 30
0.0
 10
119.44488188976378
 20
19.37007874015748
 30
0.0
  0
CIRCLE
  5
2F0
330
17
100
AcDbEntity
  8
Left end elevation
100
AcDbCircle
 10
118.73622047244095
 20
19.37007874015748
 30
0.0
 40
0.1377952755905512
  0
LWPOLYLINE
  5
2F1
330
17
100
AcDbEntity
  8
Left end elevation
100
AcDbPolyline
 90
2
 70
0
 10
118.65748031496064
 20
19.251968503937007
 10
118.42125984251969
 20
18.661417322834644
  0
LWPOLYLINE
  5
2F2
330
17
100
AcDbEntity
  8
Left end elevation
100
AcDbPolyline
 90
2
 70
0
 10
118.81496062992126
 20
19.251968503937007
 10
119.05118110236221
 20
18.661417322834644
  0
SPLINE
  5
2F3
330
17
100
AcDbEntity
  8
Left end elevation
100
AcDbSpline
 70
0
 71
3
 72
8
 73
4
 74
0
 40
0.0
 40
0.0
 40
0.0
 40
0.0
 40
1.0
 40
1.0
 40
1.0
 40
1.0
 10
118.73622047244095
 20
18.503937007874015
 30
0.0
 10
119.25590551181102
 20
18.503937007874015
 30
0.0
 10
119.20866141732284
 20
17.79527559055118
 30
0.0
 10
118.73622047244095
 20
17.417322834645667
 30
0.0
  0
SPLINE
  5
2F4
330
17
100
AcDbEntity
  8
Left end elevation
100
AcDbSpline
 70
0
 71
3
 72
8
 73
4
 74
0
 40
0.0
 40
0.0
 40
0.0
 40
0.0
 40
1.0
 40
1.0
 40
1.0
 40
1.0
 10
118.73622047244095
 20
17.417322834645667
 30
0.0
 10
118.26377952755907
 20
17.79527559055118
 30
0.0
 10
118.21653543307087
 20
18.503937007874015
 30
0.0
 10
118.73622047244095
 20
18.503937007874015
 30
0.0
  0
LWPOLYLINE
  5
2F5
330
17
100
AcDbEntity
  8
Left end elevation
100
AcDbPolyline
 90
2
 70
0
 10
118.73622047244095
 20
18.362204724409448
 10
118.73622047244095
 20
17.653543307086615
  0
SPLINE
  5
2F6
330
17
100
AcDbEntity
  8
Left end elevation
100
AcDbSpline
 70
0
 71
3
 72
8
 73
4
 74
0
 40
0.0
 40
0.0
 40
0.0
 40
0.0
 40
1.0
 40
1.0
 40
1.0
 40
1.0
 10
118.52834645669292
 20
18.267716535433074
 30
0.0
 10
118.60393700787402
 20
18.04724409448819
 30
0.0
 10
118.6732283464567
 20
17.84251968503937
 30
0.0
 10
118.73622047244095
 20
17.653543307086615
 30
0.0
  0
SPLINE
  5
2F7
330
17
100
AcDbEntity
  8
Left end elevation
100
AcDbSpline
 70
0
 71
3
 72
8
 73
4
 74
0
 40
0.0
 40
0.0
 40
0.0
 40
0.0
 40
1.0
 40
1.0
 40
1.0
 40
1.0
 10
118.94409448818898
 20
18.267716535433074
 30
0.0
 10
118.86850393700789
 20
18.04724409448819
 30
0.0
 10
118.7992125984252
 20
17.84251968503937
 30
0.0
 10
118.73622047244095
 20
17.653543307086615
 30
0.0
  0
CIRCLE
  5
2F8
330
17
100
AcDbEntity
  8
Left end elevation
100
AcDbCircle
 10
118.73622047244095
 20
17.259842519685037
 30
0.0
 40
0.09842519685039369
  0
SPLINE
  5
2F9
330
17
100
AcDbEntity
  8
Left end elevation
100
AcDbSpline
 70
0
 71
3
 72
8
 73
4
 74
0
 40
0.0
 40
0.0
 40
0.0
 40
0.0
 40
1.0
 40
1.0
 40
1.0
 40
1.0
 10
118.73622047244095
 20
17.062992125984252
 30
0.0
 10
119.20393700787402
 20
17.062992125984252
 30
0.0
 10
119.16141732283465
 20
16.425196850393704
 30
0.0
 10
118.73622047244095
 20
16.08503937007874
 30
0.0
  0
SPLINE
  5
2FA
330
17
100
AcDbEntity
  8
Left end elevation
100
AcDbSpline
 70
0
 71
3
 72
8
 73
4
 74
0
 40
0.0
 40
0.0
 40
0.0
 40
0.0
 40
1.0
 40
1.0
 40
1.0
 40
1.0
 10
118.73622047244095
 20
16.08503937007874
 30
0.0
 10
118.31102362204724
 20
16.425196850393704
 30
0.0
 10
118.26850393700788
 20
17.062992125984252
 30
0.0
 10
118.73622047244095
 20
17.062992125984252
 30
0.0
  0
LWPOLYLINE
  5
2FB
330
17
100
AcDbEntity
  8
Left end elevation
100
AcDbPolyline
 90
2
 70
0
 10
118.73622047244095
 20
16.93543307086614
 10
118.73622047244095
 20
16.29763779527559
  0
SPLINE
  5
2FC
330
17
100
AcDbEntity
  8
Left end elevation
100
AcDbSpline
 70
0
 71
3
 72
8
 73
4
 74
0
 40
0.0
 40
0.0
 40
0.0
 40
0.0
 40
1.0
 40
1.0
 40
1.0
 40
1.0
 10
118.54913385826772
 20
16.8503937007874
 30
0.0
 10
118.61716535433072
 20
16.65196850393701
 30
0.0
 10
118.67952755905513
 20
16.467716535433073
 30
0.0
 10
118.73622047244095
 20
16.29763779527559
 30
0.0
  0
SPLINE
  5
2FD
330
17
100
AcDbEntity
  8
Left end elevation
100
AcDbSpline
 70
0
 71
3
 72
8
 73
4
 74
0
 40
0.0
 40
0.0
 40
0.0
 40
0.0
 40
1.0
 40
1.0
 40
1.0
 40
1.0
 10
118.92330708661417
 20
16.8503937007874
 30
0.0
 10
118.85527559055119
 20
16.65196850393701
 30
0.0
 10
118.79291338582678
 20
16.467716535433073
 30
0.0
 10
118.73622047244095
 20
16.29763779527559
 30
0.0
  0
CIRCLE
  5
2FE
330
17
100
AcDbEntity
  8
Left end elevation
100
AcDbCircle
 10
118.73622047244095
 20
15.92755905511811
 30
0.0
 40
0.09842519685039369
  0
SPLINE
  5
2FF
330
17
100
AcDbEntity
  8
Left end elevation
100
AcDbSpline
 70
0
 71
3
 72
8
 73
4
 74
0
 40
0.0
 40
0.0
 40
0.0
 40
0.0
 40
1.0
 40
1.0
 40
1.0
 40
1.0
 10
118.73622047244095
 20
15.730708661417324
 30
0.0
 10
119.15716535433071
 20
15.730708661417324
 30
0.0
 10
119.11889763779529
 20
15.156692913385829
 30
0.0
 10
118.73622047244095
 20
14.850551181102363
 30
0.0
  0
SPLINE
  5
300
330
17
100
AcDbEntity
  8
Left end elevation
100
AcDbSpline
 70
0
 71
3
 72
8
 73
4
 74
0
 40
0.0
 40
0.0
 40
0.0
 40
0.0
 40
1.0
 40
1.0
 40
1.0
 40
1.0
 10
118.73622047244095
 20
14.850551181102363
 30
0.0
 10
118.35354330708662
 20
15.156692913385829
 30
0.0
 10
118.31527559055118
 20
15.730708661417324
 30
0.0
 10
118.73622047244095
 20
15.730708661417324
 30
0.0
  0
LWPOLYLINE
  5
301
330
17
100
AcDbEntity
  8
Left end elevation
100
AcDbPolyline
 90
2
 70
0
 10
118.73622047244095
 20
15.615905511811025
 10
118.73622047244095
 20
15.04188976377953
  0
SPLINE
  5
302
330
17
100
AcDbEntity
  8
Left end elevation
100
AcDbSpline
 70
0
 71
3
 72
8
 73
4
 74
0
 40
0.0
 40
0.0
 40
0.0
 40
0.0
 40
1.0
 40
1.0
 40
1.0
 40
1.0
 10
118.56784251968504
 20
15.539370078740157
 30
0.0
 10
118.62907086614175
 20
15.360787401574804
 30
0.0
 10
118.68519685039371
 20
15.194960629921262
 30
0.0
 10
118.73622047244095
 20
15.04188976377953
 30
0.0
  0
SPLINE
  5
303
330
17
100
AcDbEntity
  8
Left end elevation
100
AcDbSpline
 70
0
 71
3
 72
8
 73
4
 74
0
 40
0.0
 40
0.0
 40
0.0
 40
0.0
 40
1.0
 40
1.0
 40
1.0
 40
1.0
 10
118.90459842519685
 20
15.539370078740157
 30
0.0
 10
118.84337007874016
 20
15.360787401574804
 30
0.0
 10
118.7872440944882
 20
15.194960629921262
 30
0.0
 10
118.73622047244095
 20
15.04188976377953
 30
0.0
  0
CIRCLE
  5
304
330
17
100
AcDbEntity
  8
Left end elevation
100
AcDbCircle
 10
118.73622047244095
 20
14.693070866141733
 30
0.0
 40
0.09842519685039369
  0
SPLINE
  5
305
330
17
100
AcDbEntity
  8
Left end elevation
100
AcDbSpline
 70
0
 71
3
 72
8
 73
4
 74
0
 40
0.0
 40
0.0
 40
0.0
 40
0.0
 40
1.0
 40
1.0
 40
1.0
 40
1.0
 10
118.73622047244095
 20
14.496220472440946
 30
0.0
 10
119.11507086614174
 20
14.496220472440946
 30
0.0
 10
119.08062992125984
 20
13.9796062992126
 30
0.0
 10
118.73622047244095
 20
13.704078740157481
 30
0.0
  0
SPLINE
  5
306
330
17
100
AcDbEntity
  8
Left end elevation
100
AcDbSpline
 70
0
 71
3
 72
8
 73
4
 74
0
 40
0.0
 40
0.0
 40
0.0
 40
0.0
 40
1.0
 40
1.0
 40
1.0
 40
1.0
 10
118.73622047244095
 20
13.704078740157481
 30
0.0
 10
118.39181102362205
 20
13.9796062992126
 30
0.0
 10
118.35737007874016
 20
14.496220472440946
 30
0.0
 10
118.73622047244095
 20
14.496220472440946
 30
0.0
  0
LWPOLYLINE
  5
307
330
17
100
AcDbEntity
  8
Left end elevation
100
AcDbPolyline
 90
2
 70
0
 10
118.73622047244095
 20
14.392897637795278
 10
118.73622047244095
 20
13.876283464566932
  0
SPLINE
  5
308
330
17
100
AcDbEntity
  8
Left end elevation
100
AcDbSpline
 70
0
 71
3
 72
8
 73
4
 74
0
 40
0.0
 40
0.0
 40
0.0
 40
0.0
 40
1.0
 40
1.0
 40
1.0
 40
1.0
 10
118.58468031496064
 20
14.324015748031497
 30
0.0
 10
118.63978582677166
 20
14.16329133858268
 30
0.0
 10
118.69029921259843
 20
14.01404724409449
 30
0.0
 10
118.73622047244095
 20
13.876283464566932
 30
0.0
  0
SPLINE
  5
309
330
17
100
AcDbEntity
  8
Left end elevation
100
AcDbSpline
 70
0
 71
3
 72
8
 73
4
 74
0
 40
0.0
 40
0.0
 40
0.0
 40
0.0
 40
1.0
 40
1.0
 40
1.0
 40
1.0
 10
118.88776062992126
 20
14.324015748031497
 30
0.0
 10
118.83265511811024
 20
14.16329133858268
 30
0.0
 10
118.78214173228348
 20
14.01404724409449
 30
0.0
 10
118.73622047244095
 20
13.876283464566932
 30
0.0
  0
CIRCLE
  5
30A
330
17
100
AcDbEntity
  8
Left end elevation
100
AcDbCircle
 10
118.73622047244095
 20
13.54659842519685
 30
0.0
 40
0.09842519685039369
  0
SPLINE
  5
30B
330
17
100
AcDbEntity
  8
Left end elevation
100
AcDbSpline
 70
0
 71
3
 72
8
 73
4
 74
0
 40
0.0
 40
0.0
 40
0.0
 40
0.0
 40
1.0
 40
1.0
 40
1.0
 40
1.0
 10
118.73622047244095
 20
13.349748031496063
 30
0.0
 10
119.07718582677165
 20
13.349748031496063
 30
0.0
 10
119.04618897637796
 20
12.884795275590552
 30
0.0
 10
118.73622047244095
 20
12.636820472440945
 30
0.0
  0
SPLINE
  5
30C
330
17
100
AcDbEntity
  8
Left end elevation
100
AcDbSpline
 70
0
 71
3
 72
8
 73
4
 74
0
 40
0.0
 40
0.0
 40
0.0
 40
0.0
 40
1.0
 40
1.0
 40
1.0
 40
1.0
 10
118.73622047244095
 20
12.636820472440945
 30
0.0
 10
118.42625196850395
 20
12.884795275590552
 30
0.0
 10
118.39525511811024
 20
13.349748031496063
 30
0.0
 10
118.73622047244095
 20
13.349748031496063
 30
0.0
  0
LWPOLYLINE
  5
30D
330
17
100
AcDbEntity
  8
Left end elevation
100
AcDbPolyline
 90
2
 70
0
 10
118.73622047244095
 20
13.25675748031496
 10
118.73622047244095
 20
12.791804724409449
  0
SPLINE
  5
30E
330
17
100
AcDbEntity
  8
Left end elevation
100
AcDbSpline
 70
0
 71
3
 72
8
 73
4
 74
0
 40
0.0
 40
0.0
 40
0.0
 40
0.0
 40
1.0
 40
1.0
 40
1.0
 40
1.0
 10
118.59983433070866
 20
13.194763779527559
 30
0.0
 10
118.64942929133859
 20
13.050111811023623
 30
0.0
 10
118.69489133858268
 20
12.915792125984252
 30
0.0
 10
118.73622047244095
 20
12.791804724409449
 30
0.0
  0
SPLINE
  5
30F
330
17
100
AcDbEntity
  8
Left end elevation
100
AcDbSpline
 70
0
 71
3
 72
8
 73
4
 74
0
 40
0.0
 40
0.0
 40
0.0
 40
0.0
 40
1.0
 40
1.0
 40
1.0
 40
1.0
 10
118.87260661417324
 20
13.194763779527559
 30
0.0
 10
118.8230116535433
 20
13.050111811023623
 30
0.0
 10
118.77754960629922
 20
12.915792125984252
 30
0.0
 10
118.73622047244095
 20
12.791804724409449
 30
0.0
  0
CIRCLE
  5
310
330
17
100
AcDbEntity
  8
Left end elevation
100
AcDbCircle
 10
118.73622047244095
 20
12.479340157480314
 30
0.0
 40
0.09842519685039369
  0
SPLINE
  5
311
330
17
100
AcDbEntity
  8
Left end elevation
100
AcDbSpline
 70
0
 71
3
 72
8
 73
4
 74
0
 40
0.0
 40
0.0
 40
0.0
 40
0.0
 40
1.0
 40
1.0
 40
1.0
 40
1.0
 10
118.73622047244095
 20
12.282489763779527
 30
0.0
 10
119.04308929133859
 20
12.282489763779527
 30
0.0
 10
119.01519212598426
 20
11.864032283464567
 30
0.0
 10
118.73622047244095
 20
11.64085496062992
 30
0.0
  0
SPLINE
  5
312
330
17
100
AcDbEntity
  8
Left end elevation
100
AcDbSpline
 70
0
 71
3
 72
8
 73
4
 74
0
 40
0.0
 40
0.0
 40
0.0
 40
0.0
 40
1.0
 40
1.0
 40
1.0
 40
1.0
 10
118.73622047244095
 20
11.64085496062992
 30
0.0
 10
118.45724881889764
 20
11.864032283464567
 30
0.0
 10
118.4293516535433
 20
12.282489763779527
 30
0.0
 10
118.73622047244095
 20
12.282489763779527
 30
0.0
  0
LWPOLYLINE
  5
313
330
17
100
AcDbEntity
  8
Left end elevation
100
AcDbPolyline
 90
2
 70
0
 10
118.73622047244095
 20
12.198798267716537
 10
118.73622047244095
 20
11.780340787401574
  0
SPLINE
  5
314
330
17
100
AcDbEntity
  8
Left end elevation
100
AcDbSpline
 70
0
 71
3
 72
8
 73
4
 74
0
 40
0.0
 40
0.0
 40
0.0
 40
0.0
 40
1.0
 40
1.0
 40
1.0
 40
1.0
 10
118.61347294488189
 20
12.143003937007876
 30
0.0
 10
118.65810840944881
 20
12.012817165354333
 30
0.0
 10
118.69902425196851
 20
11.891929448818898
 30
0.0
 10
118.73622047244095
 20
11.780340787401574
 30
0.0
  0
SPLINE
  5
315
330
17
100
AcDbEntity
  8
Left end elevation
100
AcDbSpline
 70
0
 71
3
 72
8
 73
4
 74
0
 40
0.0
 40
0.0
 40
0.0
 40
0.0
 40
1.0
 40
1.0
 40
1.0
 40
1.0
 10
118.858968
 20
12.143003937007876
 30
0.0
 10
118.81433253543308
 20
12.012817165354333
 30
0.0
 10
118.77341669291339
 20
11.891929448818898
 30
0.0
 10
118.73622047244095
 20
11.780340787401574
 30
0.0
  0
CIRCLE
  5
316
330
17
100
AcDbEntity
  8
Left end elevation
100
AcDbCircle
 10
118.73622047244095
 20
11.48337464566929
 30
0.0
 40
0.09842519685039369
  0
SPLINE
  5
317
330
17
100
AcDbEntity
  8
Left end elevation
100
AcDbSpline
 70
0
 71
3
 72
8
 73
4
 74
0
 40
0.0
 40
0.0
 40
0.0
 40
0.0
 40
1.0
 40
1.0
 40
1.0
 40
1.0
 10
118.73622047244095
 20
11.286524251968505
 30
0.0
 10
119.01240240944882
 20
11.286524251968505
 30
0.0
 10
118.98729496062992
 20
10.90991251968504
 30
0.0
 10
118.73622047244095
 20
10.709052929133858
 30
0.0
  0
SPLINE
  5
318
330
17
100
AcDbEntity
  8
Left end elevation
100
AcDbSpline
 70
0
 71
3
 72
8
 73
4
 74
0
 40
0.0
 40
0.0
 40
0.0
 40
0.0
 40
1.0
 40
1.0
 40
1.0
 40
1.0
 10
118.73622047244095
 20
10.709052929133858
 30
0.0
 10
118.48514598425197
 20
10.90991251968504
 30
0.0
 10
118.46003853543307
 20
11.286524251968505
 30
0.0
 10
118.73622047244095
 20
11.286524251968505
 30
0.0
  0
LWPOLYLINE
  5
319
330
17
100
AcDbEntity
  8
Left end elevation
100
AcDbPolyline
 90
2
 70
0
 10
118.73622047244095
 20
11.21120190551181
 10
118.73622047244095
 20
10.834590173228346
  0
SPLINE
  5
31A
330
17
100
AcDbEntity
  8
Left end elevation
100
AcDbSpline
 70
0
 71
3
 72
8
 73
4
 74
0
 40
0.0
 40
0.0
 40
0.0
 40
0.0
 40
1.0
 40
1.0
 40
1.0
 40
1.0
 10
118.6257476976378
 20
11.160987007874017
 30
0.0
 10
118.66591961574804
 20
11.043818913385826
 30
0.0
 10
118.70274387401575
 20
10.935019968503935
 30
0.0
 10
118.73622047244095
 20
10.834590173228346
 30
0.0
  0
SPLINE
  5
31B
330
17
100
AcDbEntity
  8
Left end elevation
100
AcDbSpline
 70
0
 71
3
 72
8
 73
4
 74
0
 40
0.0
 40
0.0
 40
0.0
 40
0.0
 40
1.0
 40
1.0
 40
1.0
 40
1.0
 10
118.8466932472441
 20
11.160987007874017
 30
0.0
 10
118.80652132913387
 20
11.043818913385826
 30
0.0
 10
118.76969707086614
 20
10.935019968503935
 30
0.0
 10
118.73622047244095
 20
10.834590173228346
 30
0.0
  0
CIRCLE
  5
31C
330
17
100
AcDbEntity
  8
Left end elevation
100
AcDbCircle
 10
118.73622047244095
 20
10.551572614173228
 30
0.0
 40
0.09842519685039369
  0
SPLINE
  5
31D
330
17
100
AcDbEntity
  8
Left end elevation
100
AcDbSpline
 70
0
 71
3
 72
8
 73
4
 74
0
 40
0.0
 40
0.0
 40
0.0
 40
0.0
 40
1.0
 40
1.0
 40
1.0
 40
1.0
 10
118.73622047244095
 20
10.354722220472443
 30
0.0
 10
118.98478421574804
 20
10.354722220472443
 30
0.0
 10
118.96218751181102
 20
10.015771661417322
 30
0.0
 10
118.73622047244095
 20
9.834998029921262
 30
0.0
  0
SPLINE
  5
31E
330
17
100
AcDbEntity
  8
Left end elevation
100
AcDbSpline
 70
0
 71
3
 72
8
 73
4
 74
0
 40
0.0
 40
0.0
 40
0.0
 40
0.0
 40
1.0
 40
1.0
 40
1.0
 40
1.0
 10
118.73622047244095
 20
9.834998029921262
 30
0.0
 10
118.51025343307087
 20
10.015771661417322
 30
0.0
 10
118.48765672913386
 20
10.354722220472443
 30
0.0
 10
118.73622047244095
 20
10.354722220472443
 30
0.0
  0
LWPOLYLINE
  5
31F
330
17
100
AcDbEntity
  8
Left end elevation
100
AcDbPolyline
 90
2
 70
0
 10
118.73622047244095
 20
10.286932108661418
 10
118.73622047244095
 20
9.9479815496063
  0
SPLINE
  5
320
330
17
100
AcDbEntity
  8
Left end elevation
100
AcDbSpline
 70
0
 71
3
 72
8
 73
4
 74
0
 40
0.0
 40
0.0
 40
0.0
 40
0.0
 40
1.0
 40
1.0
 40
1.0
 40
1.0
 10
118.63679497511812
 20
10.241738700787401
 30
0.0
 10
118.67294970141734
 20
10.136287415748031
 30
0.0
 10
118.70609153385827
 20
10.038368365354332
 30
0.0
 10
118.73622047244095
 20
9.9479815496063
 30
0.0
  0
SPLINE
  5
321
330
17
100
AcDbEntity
  8
Left end elevation
100
AcDbSpline
 70
0
 71
3
 72
8
 73
4
 74
0
 40
0.0
 40
0.0
 40
0.0
 40
0.0
 40
1.0
 40
1.0
 40
1.0
 40
1.0
 10
118.83564596976379
 20
10.241738700787401
 30
0.0
 10
118.79949124346457
 20
10.136287415748031
 30
0.0
 10
118.76634941102363
 20
10.038368365354332
 30
0.0
 10
118.73622047244095
 20
9.9479815496063
 30
0.0
  0
CIRCLE
  5
322
330
17
100
AcDbEntity
  8
Left end elevation
100
AcDbCircle
 10
118.73622047244095
 20
9.67751771496063
 30
0.0
 40
0.09842519685039369
  0
SPLINE
  5
323
330
17
100
AcDbEntity
  8
Left end elevation
100
AcDbSpline
 70
0
 71
3
 72
8
 73
4
 74
0
 40
0.0
 40
0.0
 40
0.0
 40
0.0
 40
1.0
 40
1.0
 40
1.0
 40
1.0
 10
118.73622047244095
 20
9.480667321259844
 30
0.0
 10
118.95992784141733
 20
9.480667321259844
 30
0.0
 10
118.93959080787403
 20
9.175611818110237
 30
0.0
 10
118.73622047244095
 20
9.012915549763783
 30
0.0
  0
SPLINE
  5
324
330
17
100
AcDbEntity
  8
Left end elevation
100
AcDbSpline
 70
0
 71
3
 72
8
 73
4
 74
0
 40
0.0
 40
0.0
 40
0.0
 40
0.0
 40
1.0
 40
1.0
 40
1.0
 40
1.0
 10
118.73622047244095
 20
9.012915549763783
 30
0.0
 10
118.53285013700788
 20
9.175611818110237
 30
0.0
 10
118.51251310346457
 20
9.480667321259844
 30
0.0
 10
118.73622047244095
 20
9.480667321259844
 30
0.0
  0
LWPOLYLINE
  5
325
330
17
100
AcDbEntity
  8
Left end elevation
100
AcDbPolyline
 90
2
 70
0
 10
118.73622047244095
 20
9.419656220629925
 10
118.73622047244095
 20
9.114600717480315
  0
SPLINE
  5
326
330
17
100
AcDbEntity
  8
Left end elevation
100
AcDbSpline
 70
0
 71
3
 72
8
 73
4
 74
0
 40
0.0
 40
0.0
 40
0.0
 40
0.0
 40
1.0
 40
1.0
 40
1.0
 40
1.0
 10
118.6467375248504
 20
9.378982153543308
 30
0.0
 10
118.6792767785197
 20
9.284075997007877
 30
0.0
 10
118.70910442771654
 20
9.195948851653545
 30
0.0
 10
118.73622047244095
 20
9.114600717480315
 30
0.0
  0
SPLINE
  5
327
330
17
100
AcDbEntity
  8
Left end elevation
100
AcDbSpline
 70
0
 71
3
 72
8
 73
4
 74
0
 40
0.0
 40
0.0
 40
0.0
 40
0.0
 40
1.0
 40
1.0
 40
1.0
 40
1.0
 10
118.8257034200315
 20
9.378982153543308
 30
0.0
 10
118.7931641663622
 20
9.284075997007877
 30
0.0
 10
118.76333651716536
 20
9.195948851653545
 30
0.0
 10
118.73622047244095
 20
9.114600717480315
 30
0.0
  0
CIRCLE
  5
328
330
17
100
AcDbEntity
  8
Left end elevation
100
AcDbCircle
 10
118.73622047244095
 20
8.85543523480315
 30
0.0
 40
0.09842519685039369
  0
SPLINE
  5
329
330
17
100
AcDbEntity
  8
Left end elevation
100
AcDbSpline
 70
0
 71
3
 72
8
 73
4
 74
0
 40
0.0
 40
0.0
 40
0.0
 40
0.0
 40
1.0
 40
1.0
 40
1.0
 40
1.0
 10
118.73622047244095
 20
8.658584841102364
 30
0.0
 10
118.93755710451968
 20
8.658584841102364
 30
0.0
 10
118.91925377433071
 20
8.384034888267717
 30
0.0
 10
118.73622047244095
 20
8.237608246755908
 30
0.0
  0
SPLINE
  5
32A
330
17
100
AcDbEntity
  8
Left end elevation
100
AcDbSpline
 70
0
 71
3
 72
8
 73
4
 74
0
 40
0.0
 40
0.0
 40
0.0
 40
0.0
 40
1.0
 40
1.0
 40
1.0
 40
1.0
 10
118.73622047244095
 20
8.237608246755908
 30
0.0
 10
118.55318717055118
 20
8.384034888267717
 30
0.0
 10
118.53488384036221
 20
8.658584841102364
 30
0.0
 10
118.73622047244095
 20
8.658584841102364
 30
0.0
  0
LWPOLYLINE
  5
32B
330
17
100
AcDbEntity
  8
Left end elevation
100
AcDbPolyline
 90
2
 70
0
 10
118.73622047244095
 20
8.603674850535434
 10
118.73622047244095
 20
8.329124897700787
  0
SPLINE
  5
32C
330
17
100
AcDbEntity
  8
Left end elevation
100
AcDbSpline
 70
0
 71
3
 72
8
 73
4
 74
0
 40
0.0
 40
0.0
 40
0.0
 40
0.0
 40
1.0
 40
1.0
 40
1.0
 40
1.0
 10
118.65568581960946
 20
8.567068190157482
 30
0.0
 10
118.68497114791181
 20
8.481652649275592
 30
0.0
 10
118.71181603218898
 20
8.402338218456693
 30
0.0
 10
118.73622047244095
 20
8.329124897700787
 30
0.0
  0
SPLINE
  5
32D
330
17
100
AcDbEntity
  8
Left end elevation
100
AcDbSpline
 70
0
 71
3
 72
8
 73
4
 74
0
 40
0.0
 40
0.0
 40
0.0
 40
0.0
 40
1.0
 40
1.0
 40
1.0
 40
1.0
 10
118.81675512527245
 20
8.567068190157482
 30
0.0
 10
118.78746979697009
 20
8.481652649275592
 30
0.0
 10
118.76062491269292
 20
8.402338218456693
 30
0.0
 10
118.73622047244095
 20
8.329124897700787
 30
0.0
  0
CIRCLE
  5
32E
330
17
100
AcDbEntity
  8
Left end elevation
100
AcDbCircle
 10
118.73622047244095
 20
8.080127931795278
 30
0.0
 40
0.09842519685039369
  0
LWPOLYLINE
  5
32F
330
17
100
AcDbEntity
  8
Left end elevation
100
AcDbPolyline
 90
5
 70
0
 10
118.06692913385827
 20
5.511811023622048
 10
119.40551181102363
 20
5.511811023622048
 10
119.40551181102363
 20
3.1496062992126
 10
118.06692913385827
 20
3.1496062992126
 10
118.06692913385827
 20
5.511811023622048
  0
LINE
  5
330
330
17
100
AcDbEntity
  8
Left end elevation
100
AcDbLine
 10
118.06692913385827
 20
5.196850393700787
 30
0.0
 11
119.40551181102363
 21
5.196850393700787
 31
0.0
  0
LWPOLYLINE
  5
331
330
17
100
AcDbEntity
  8
Left end elevation
100
AcDbPolyline
 90
5
 70
0
 10
117.9488188976378
 20
27.95275590551181
 10
119.5236220472441
 20
27.95275590551181
 10
119.5236220472441
 20
27.480314960629922
 10
117.9488188976378
 20
27.480314960629922
 10
117.9488188976378
 20
27.95275590551181
  0
LWPOLYLINE
  5
332
330
17
100
AcDbEntity
  8
Left end elevation
100
AcDbPolyline
 90
5
 70
0
 10
118.14566929133859
 20
27.480314960629922
 10
119.32677165354332
 20
27.480314960629922
 10
119.12992125984252
 20
21.653543307086615
 10
118.34251968503938
 20
21.653543307086615
 10
118.14566929133859
 20
27.480314960629922
  0
LINE
  5
333
330
17
100
AcDbEntity
  8
Left end elevation
100
AcDbLine
 10
118.38188976377953
 20
27.244094488188978
 30
0.0
 11
118.5
 21
21.88976377952756
 31
0.0
  0
LINE
  5
334
330
17
100
AcDbEntity
  8
Left end elevation
100
AcDbLine
 10
118.61811023622047
 20
27.244094488188978
 30
0.0
 11
118.65748031496064
 21
21.88976377952756
 31
0.0
  0
LINE
  5
335
330
17
100
AcDbEntity
  8
Left end elevation
100
AcDbLine
 10
118.85433070866142
 20
27.244094488188978
 30
0.0
 11
118.81496062992126
 21
21.88976377952756
 31
0.0
  0
LINE
  5
336
330
17
100
AcDbEntity
  8
Left end elevation
100
AcDbLine
 10
119.09055118110237
 20
27.244094488188978
 30
0.0
 11
118.9724409448819
 21
21.88976377952756
 31
0.0
  0
POLYLINE
  5
337
330
17
100
AcDbEntity
  8
Left end elevation
100
AcDb2dPolyline
 66
1
 10
0.0
 20
0.0
 30
0.0
 70
0
  0
VERTEX
  5
338
330
337
100
AcDbEntity
  8
Left end elevation
100
AcDbVertex
100
AcDb2dVertex
 10
118.57874015748033
 20
21.653543307086615
 30
0.0
 70
0
  0
VERTEX
  5
339
330
337
100
AcDbEntity
  8
Left end elevation
100
AcDbVertex
100
AcDb2dVertex
 10
118.89370078740158
 20
21.653543307086615
 30
0.0
 70
0
  0
SEQEND
  5
33A
330
337
100
AcDbEntity
  8
Left end elevation
  0
SPLINE
  5
33B
330
17
100
AcDbEntity
  8
Left end elevation
100
AcDbSpline
 70
0
 71
3
 72
14
 73
10
 74
0
 40
0.0
 40
0.0
 40
0.0
 40
0.0
 40
1.0
 40
1.0
 40
1.0
 40
2.0
 40
2.0
 40
2.0
 40
3.0
 40
3.0
 40
3.0
 40
3.0
 10
118.89370078740158
 20
21.653543307086615
 30
0.0
 10
118.96280456500396
 20
21.653543307086615
 30
0.0
 10
119.03070555420123
 20
21.635349291865932
 30
0.0
 10
119.09055118110237
 20
21.60079740306474
 30
0.0
 10
119.1503968080035
 20
21.56624551426355
 30
0.0
 10
119.20010378198009
 20
21.51653854028696
 30
0.0
 10
119.23465567078128
 20
21.45669291338583
 30
0.0
 10
119.26920755958247
 20
21.396847286484693
 30
0.0
 10
119.28740157480316
 20
21.328946297287423
 30
0.0
 10
119.28740157480316
 20
21.25984251968504
 30
0.0
  0
POLYLINE
  5
33C
330
17
100
AcDbEntity
  8
Left end elevation
100
AcDb2dPolyline
 66
1
 10
0.0
 20
0.0
 30
0.0
 70
0
  0
VERTEX
  5
33D
330
33C
100
AcDbEntity
  8
Left end elevation
100
AcDbVertex
100
AcDb2dVertex
 10
119.28740157480316
 20
21.25984251968504
 30
0.0
 70
0
  0
VERTEX
  5
33E
330
33C
100
AcDbEntity
  8
Left end elevation
100
AcDbVertex
100
AcDb2dVertex
 10
119.28740157480316
 20
21.181102362204726
 30
0.0
 70
0
  0
SEQEND
  5
33F
330
33C
100
AcDbEntity
  8
Left end elevation
  0
SPLINE
  5
340
330
17
100
AcDbEntity
  8
Left end elevation
100
AcDbSpline
 70
0
 71
3
 72
14
 73
10
 74
0
 40
0.0
 40
0.0
 40
0.0
 40
0.0
 40
1.0
 40
1.0
 40
1.0
 40
2.0
 40
2.0
 40
2.0
 40
3.0
 40
3.0
 40
3.0
 40
3.0
 10
119.28740157480316
 20
21.181102362204726
 30
0.0
 10
119.28740157480316
 20
21.111998584602343
 30
0.0
 10
119.26920755958247
 20
21.04409759540507
 30
0.0
 10
119.23465567078128
 20
20.98425196850394
 30
0.0
 10
119.20010378198009
 20
20.924406341602804
 30
0.0
 10
119.1503968080035
 20
20.874699367626217
 30
0.0
 10
119.09055118110237
 20
20.840147478825024
 30
0.0
 10
119.03070555420123
 20
20.805595590023835
 30
0.0
 10
118.96280456500396
 20
20.787401574803148
 30
0.0
 10
118.89370078740158
 20
20.787401574803148
 30
0.0
  0
POLYLINE
  5
341
330
17
100
AcDbEntity
  8
Left end elevation
100
AcDb2dPolyline
 66
1
 10
0.0
 20
0.0
 30
0.0
 70
0
  0
VERTEX
  5
342
330
341
100
AcDbEntity
  8
Left end elevation
100
AcDbVertex
100
AcDb2dVertex
 10
118.89370078740158
 20
20.787401574803148
 30
0.0
 70
0
  0
VERTEX
  5
343
330
341
100
AcDbEntity
  8
Left end elevation
100
AcDbVertex
100
AcDb2dVertex
 10
118.57874015748033
 20
20.787401574803148
 30
0.0
 70
0
  0
SEQEND
  5
344
330
341
100
AcDbEntity
  8
Left end elevation
  0
SPLINE
  5
345
330
17
100
AcDbEntity
  8
Left end elevation
100
AcDbSpline
 70
0
 71
3
 72
14
 73
10
 74
0
 40
0.0
 40
0.0
 40
0.0
 40
0.0
 40
1.0
 40
1.0
 40
1.0
 40
2.0
 40
2.0
 40
2.0
 40
3.0
 40
3.0
 40
3.0
 40
3.0
 10
118.57874015748033
 20
20.787401574803148
 30
0.0
 10
118.50963637987793
 20
20.787401574803148
 30
0.0
 10
118.44173539068066
 20
20.805595590023835
 30
0.0
 10
118.38188976377953
 20
20.840147478825024
 30
0.0
 10
118.3220441368784
 20
20.874699367626217
 30
0.0
 10
118.2723371629018
 20
20.924406341602804
 30
0.0
 10
118.23778527410062
 20
20.98425196850394
 30
0.0
 10
118.20323338529943
 20
21.04409759540507
 30
0.0
 10
118.18503937007874
 20
21.111998584602343
 30
0.0
 10
118.18503937007874
 20
21.181102362204726
 30
0.0
  0
POLYLINE
  5
346
330
17
100
AcDbEntity
  8
Left end elevation
100
AcDb2dPolyline
 66
1
 10
0.0
 20
0.0
 30
0.0
 70
0
  0
VERTEX
  5
347
330
346
100
AcDbEntity
  8
Left end elevation
100
AcDbVertex
100
AcDb2dVertex
 10
118.18503937007874
 20
21.181102362204726
 30
0.0
 70
0
  0
VERTEX
  5
348
330
346
100
AcDbEntity
  8
Left end elevation
100
AcDbVertex
100
AcDb2dVertex
 10
118.18503937007874
 20
21.25984251968504
 30
0.0
 70
0
  0
SEQEND
  5
349
330
346
100
AcDbEntity
  8
Left end elevation
  0
SPLINE
  5
34A
330
17
100
AcDbEntity
  8
Left end elevation
100
AcDbSpline
 70
0
 71
3
 72
14
 73
10
 74
0
 40
0.0
 40
0.0
 40
0.0
 40
0.0
 40
1.0
 40
1.0
 40
1.0
 40
2.0
 40
2.0
 40
2.0
 40
3.0
 40
3.0
 40
3.0
 40
3.0
 10
118.18503937007874
 20
21.25984251968504
 30
0.0
 10
118.18503937007874
 20
21.328946297287423
 30
0.0
 10
118.20323338529943
 20
21.396847286484693
 30
0.0
 10
118.23778527410062
 20
21.45669291338583
 30
0.0
 10
118.2723371629018
 20
21.51653854028696
 30
0.0
 10
118.3220441368784
 20
21.56624551426355
 30
0.0
 10
118.38188976377953
 20
21.60079740306474
 30
0.0
 10
118.44173539068066
 20
21.635349291865932
 30
0.0
 10
118.50963637987793
 20
21.653543307086615
 30
0.0
 10
118.57874015748033
 20
21.653543307086615
 30
0.0
  0
CIRCLE
  5
34B
330
17
100
AcDbEntity
  8
Left end elevation
100
AcDbCircle
 10
118.73622047244095
 20
21.22047244094488
 30
0.0
 40
0.19685039370078738
  0
CIRCLE
  5
34C
330
17
100
AcDbEntity
  8
Left end elevation
100
AcDbCircle
 10
118.73622047244095
 20
20.590551181102363
 30
0.0
 40
0.19685039370078738
  0
LWPOLYLINE
  5
34D
330
17
100
AcDbEntity
  8
Left end elevation
100
AcDbPolyline
 90
4
 70
0
 10
117.90944881889764
 20
24.409448818897637
 10
117.43700787401575
 20
24.409448818897637
 10
117.43700787401575
 20
5.511811023622048
 10
117.90944881889764
 20
5.511811023622048
  0
LINE
  5
34E
330
17
100
AcDbEntity
  8
Left end elevation
100
AcDbLine
 10
117.69685039370079
 20
24.409448818897637
 30
0.0
 11
117.69685039370079
 21
5.511811023622047
 31
0.0
  0
LWPOLYLINE
  5
34F
330
17
100
AcDbEntity
  8
Left end elevation
100
AcDbPolyline
 90
5
 70
0
 10
117.31889763779527
 20
20.31496062992126
 10
117.90944881889764
 20
20.31496062992126
 10
117.90944881889764
 20
19.84251968503937
 10
117.31889763779527
 20
19.84251968503937
 10
117.31889763779527
 20
20.31496062992126
  0
LWPOLYLINE
  5
350
330
17
100
AcDbEntity
  8
Left end elevation
100
AcDbPolyline
 90
5
 70
0
 10
117.31889763779527
 20
7.244094488188978
 10
117.90944881889764
 20
7.244094488188978
 10
117.90944881889764
 20
6.771653543307089
 10
117.31889763779527
 20
6.771653543307089
 10
117.31889763779527
 20
7.244094488188978
  0
LWPOLYLINE
  5
351
330
17
100
AcDbEntity
  8
Left end elevation
100
AcDbPolyline
 90
5
 70
0
 10
117.27952755905513
 20
5.511811023622048
 10
117.90944881889764
 20
5.511811023622048
 10
117.90944881889764
 20
3.1496062992126
 10
117.27952755905513
 20
3.1496062992126
 10
117.27952755905513
 20
5.511811023622048
  0
POLYLINE
  5
352
330
17
100
AcDbEntity
  8
Left end elevation
100
AcDb2dPolyline
 66
1
 10
0.0
 20
0.0
 30
0.0
 70
0
  0
VERTEX
  5
353
330
352
100
AcDbEntity
  8
Left end elevation
100
AcDbVertex
100
AcDb2dVertex
 10
117.90944881889764
 20
27.480314960629922
 30
0.0
 70
0
  0
VERTEX
  5
354
330
352
100
AcDbEntity
  8
Left end elevation
100
AcDbVertex
100
AcDb2dVertex
 10
117.04330708661418
 20
27.480314960629922
 30
0.0
 70
0
  0
VERTEX
  5
355
330
352
100
AcDbEntity
  8
Left end elevation
100
AcDbVertex
100
AcDb2dVertex
 10
117.04330708661418
 20
27.165354330708663
 30
0.0
 70
0
  0
VERTEX
  5
356
330
352
100
AcDbEntity
  8
Left end elevation
100
AcDbVertex
100
AcDb2dVertex
 10
117.24015748031496
 20
27.165354330708663
 30
0.0
 70
0
  0
SEQEND
  5
357
330
352
100
AcDbEntity
  8
Left end elevation
  0
SPLINE
  5
358
330
17
100
AcDbEntity
  8
Left end elevation
100
AcDbSpline
 70
0
 71
3
 72
8
 73
4
 74
0
 40
0.0
 40
0.0
 40
0.0
 40
0.0
 40
1.0
 40
1.0
 40
1.0
 40
1.0
 10
117.24015748031496
 20
27.165354330708663
 30
0.0
 10
117.24015748031496
 20
25.590551181102363
 30
0.0
 10
117.55511811023622
 20
25.19685039370079
 30
0.0
 10
117.59448818897638
 20
21.653543307086615
 30
0.0
  0
SPLINE
  5
359
330
17
100
AcDbEntity
  8
Left end elevation
100
AcDbSpline
 70
0
 71
3
 72
8
 73
4
 74
0
 40
0.0
 40
0.0
 40
0.0
 40
0.0
 40
1.0
 40
1.0
 40
1.0
 40
1.0
 10
117.59448818897638
 20
21.653543307086615
 30
0.0
 10
117.27952755905513
 20
21.5748031496063
 30
0.0
 10
117.20078740157481
 20
20.787401574803148
 30
0.0
 10
117.51574803149607
 20
20.62992125984252
 30
0.0
  0
POLYLINE
  5
35A
330
17
100
AcDbEntity
  8
Left end elevation
100
AcDb2dPolyline
 66
1
 10
0.0
 20
0.0
 30
0.0
 70
0
  0
VERTEX
  5
35B
330
35A
100
AcDbEntity
  8
Left end elevation
100
AcDbVertex
100
AcDb2dVertex
 10
117.51574803149607
 20
20.62992125984252
 30
0.0
 70
0
  0
VERTEX
  5
35C
330
35A
100
AcDbEntity
  8
Left end elevation
100
AcDbVertex
100
AcDb2dVertex
 10
117.90944881889764
 20
20.708661417322837
 30
0.0
 70
0
  0
SEQEND
  5
35D
330
35A
100
AcDbEntity
  8
Left end elevation
  0
LWPOLYLINE
  5
35E
330
17
100
AcDbEntity
  8
Left end elevation
100
AcDbPolyline
 90
5
 70
0
 10
150.19291338582678
 20
24.409448818897637
 10
151.21653543307087
 20
24.409448818897637
 10
151.21653543307087
 20
5.511811023622048
 10
150.19291338582678
 20
5.511811023622048
 10
150.19291338582678
 20
24.409448818897637
  0
LINE
  5
35F
330
17
100
AcDbEntity
  8
Left end elevation
100
AcDbLine
 10
150.3503937007874
 20
24.409448818897637
 30
0.0
 11
150.3503937007874
 21
5.511811023622047
 31
0.0
  0
LINE
  5
360
330
17
100
AcDbEntity
  8
Left end elevation
100
AcDbLine
 10
151.05905511811025
 20
24.409448818897637
 30
0.0
 11
151.05905511811025
 21
5.511811023622047
 31
0.0
  0
LINE
  5
361
330
17
100
AcDbEntity
  8
Left end elevation
100
AcDbLine
 10
150.50984251968504
 20
24.409448818897637
 30
0.0
 11
150.50984251968504
 21
5.511811023622047
 31
0.0
  0
LINE
  5
362
330
17
100
AcDbEntity
  8
Left end elevation
100
AcDbLine
 10
150.89960629921262
 20
24.409448818897637
 30
0.0
 11
150.89960629921262
 21
5.511811023622047
 31
0.0
  0
LWPOLYLINE
  5
363
330
17
100
AcDbEntity
  8
Left end elevation
100
AcDbPolyline
 90
5
 70
0
 10
150.0748031496063
 20
20.31496062992126
 10
151.33464566929135
 20
20.31496062992126
 10
151.33464566929135
 20
19.84251968503937
 10
150.0748031496063
 20
19.84251968503937
 10
150.0748031496063
 20
20.31496062992126
  0
LINE
  5
364
330
17
100
AcDbEntity
  8
Left end elevation
100
AcDbLine
 10
150.0748031496063
 20
20.078740157480315
 30
0.0
 11
151.33464566929135
 21
20.078740157480315
 31
0.0
  0
LWPOLYLINE
  5
365
330
17
100
AcDbEntity
  8
Left end elevation
100
AcDbPolyline
 90
5
 70
0
 10
150.0748031496063
 20
7.244094488188978
 10
151.33464566929135
 20
7.244094488188978
 10
151.33464566929135
 20
6.771653543307089
 10
150.0748031496063
 20
6.771653543307089
 10
150.0748031496063
 20
7.244094488188978
  0
LINE
  5
366
330
17
100
AcDbEntity
  8
Left end elevation
100
AcDbLine
 10
150.0748031496063
 20
7.0078740157480315
 30
0.0
 11
151.33464566929135
 21
7.0078740157480315
 31
0.0
  0
SPLINE
  5
367
330
17
100
AcDbEntity
  8
Left end elevation
100
AcDbSpline
 70
0
 71
3
 72
41
 73
37
 74
0
 40
0.0
 40
0.0
 40
0.0
 40
0.0
 40
1.0
 40
1.0
 40
1.0
 40
2.0
 40
2.0
 40
2.0
 40
3.0
 40
3.0
 40
3.0
 40
4.0
 40
4.0
 40
4.0
 40
5.0
 40
5.0
 40
5.0
 40
6.0
 40
6.0
 40
6.0
 40
7.0
 40
7.0
 40
7.0
 40
8.0
 40
8.0
 40
8.0
 40
9.0
 40
9.0
 40
9.0
 40
10.0
 40
10.0
 40
10.0
 40
11.0
 40
11.0
 40
11.0
 40
12.0
 40
12.0
 40
12.0
 40
12.0
 10
150.70472440944883
 20
19.37007874015748
 30
0.0
 10
150.70472440944883
 20
19.33207166247617
 30
0.0
 10
150.6883497957502
 20
19.29472611841767
 30
0.0
 10
150.65725309582913
 20
19.261811023622048
 30
0.0
 10
150.62615639590805
 20
19.228895928826425
 30
0.0
 10
150.58142011932912
 20
19.2015570931393
 30
0.0
 10
150.5275590551181
 20
19.182553554298647
 30
0.0
 10
150.4736979909071
 20
19.163550015457993
 30
0.0
 10
150.41258710062954
 20
19.153543307086615
 30
0.0
 10
150.3503937007874
 20
19.153543307086615
 30
0.0
 10
150.28820030094528
 20
19.153543307086615
 30
0.0
 10
150.2270894106677
 20
19.163550015457993
 30
0.0
 10
150.1732283464567
 20
19.182553554298647
 30
0.0
 10
150.11936728224566
 20
19.2015570931393
 30
0.0
 10
150.07463100566676
 20
19.228895928826425
 30
0.0
 10
150.04353430574568
 20
19.261811023622048
 30
0.0
 10
150.0124376058246
 20
19.29472611841767
 30
0.0
 10
149.99606299212599
 20
19.33207166247617
 30
0.0
 10
149.99606299212599
 20
19.37007874015748
 30
0.0
 10
149.99606299212599
 20
19.40808581783879
 30
0.0
 10
150.0124376058246
 20
19.445431361897292
 30
0.0
 10
150.04353430574568
 20
19.478346456692915
 30
0.0
 10
150.07463100566673
 20
19.511261551488538
 30
0.0
 10
150.11936728224566
 20
19.538600387175663
 30
0.0
 10
150.1732283464567
 20
19.557603926016316
 30
0.0
 10
150.2270894106677
 20
19.57660746485697
 30
0.0
 10
150.28820030094528
 20
19.586614173228348
 30
0.0
 10
150.3503937007874
 20
19.586614173228348
 30
0.0
 10
150.41258710062954
 20
19.586614173228348
 30
0.0
 10
150.4736979909071
 20
19.57660746485697
 30
0.0
 10
150.5275590551181
 20
19.557603926016316
 30
0.0
 10
150.58142011932912
 20
19.538600387175663
 30
0.0
 10
150.62615639590805
 20
19.511261551488538
 30
0.0
 10
150.65725309582913
 20
19.478346456692915
 30
0.0
 10
150.6883497957502
 20
19.445431361897292
 30
0.0
 10
150.70472440944883
 20
19.40808581783879
 30
0.0
 10
150.70472440944883
 20
19.37007874015748
 30
0.0
  0
SPLINE
  5
368
330
17
100
AcDbEntity
  8
Left end elevation
100
AcDbSpline
 70
0
 71
3
 72
41
 73
37
 74
0
 40
0.0
 40
0.0
 40
0.0
 40
0.0
 40
1.0
 40
1.0
 40
1.0
 40
2.0
 40
2.0
 40
2.0
 40
3.0
 40
3.0
 40
3.0
 40
4.0
 40
4.0
 40
4.0
 40
5.0
 40
5.0
 40
5.0
 40
6.0
 40
6.0
 40
6.0
 40
7.0
 40
7.0
 40
7.0
 40
8.0
 40
8.0
 40
8.0
 40
9.0
 40
9.0
 40
9.0
 40
10.0
 40
10.0
 40
10.0
 40
11.0
 40
11.0
 40
11.0
 40
12.0
 40
12.0
 40
12.0
 40
12.0
 10
151.41338582677167
 20
19.37007874015748
 30
0.0
 10
151.41338582677167
 20
19.33207166247617
 30
0.0
 10
151.39701121307303
 20
19.29472611841767
 30
0.0
 10
151.36591451315198
 20
19.261811023622048
 30
0.0
 10
151.3348178132309
 20
19.228895928826425
 30
0.0
 10
151.29008153665197
 20
19.2015570931393
 30
0.0
 10
151.23622047244095
 20
19.182553554298647
 30
0.0
 10
151.18235940822993
 20
19.163550015457993
 30
0.0
 10
151.12124851795238
 20
19.153543307086615
 30
0.0
 10
151.05905511811025
 20
19.153543307086615
 30
0.0
 10
150.9968617182681
 20
19.153543307086615
 30
0.0
 10
150.93575082799055
 20
19.163550015457993
 30
0.0
 10
150.88188976377953
 20
19.182553554298647
 30
0.0
 10
150.8280286995685
 20
19.2015570931393
 30
0.0
 10
150.78329242298958
 20
19.228895928826425
 30
0.0
 10
150.7521957230685
 20
19.261811023622048
 30
0.0
 10
150.72109902314745
 20
19.29472611841767
 30
0.0
 10
150.70472440944883
 20
19.33207166247617
 30
0.0
 10
150.70472440944883
 20
19.37007874015748
 30
0.0
 10
150.70472440944883
 20
19.40808581783879
 30
0.0
 10
150.72109902314745
 20
19.445431361897292
 30
0.0
 10
150.7521957230685
 20
19.478346456692915
 30
0.0
 10
150.78329242298958
 20
19.511261551488538
 30
0.0
 10
150.8280286995685
 20
19.538600387175663
 30
0.0
 10
150.88188976377953
 20
19.557603926016316
 30
0.0
 10
150.93575082799055
 20
19.57660746485697
 30
0.0
 10
150.9968617182681
 20
19.586614173228348
 30
0.0
 10
151.05905511811025
 20
19.586614173228348
 30
0.0
 10
151.12124851795238
 20
19.586614173228348
 30
0.0
 10
151.18235940822993
 20
19.57660746485697
 30
0.0
 10
151.23622047244095
 20
19.557603926016316
 30
0.0
 10
151.29008153665197
 20
19.538600387175663
 30
0.0
 10
151.3348178132309
 20
19.511261551488538
 30
0.0
 10
151.36591451315198
 20
19.478346456692915
 30
0.0
 10
151.39701121307303
 20
19.445431361897292
 30
0.0
 10
151.41338582677167
 20
19.40808581783879
 30
0.0
 10
151.41338582677167
 20
19.37007874015748
 30
0.0
  0
CIRCLE
  5
369
330
17
100
AcDbEntity
  8
Left end elevation
100
AcDbCircle
 10
150.70472440944883
 20
19.37007874015748
 30
0.0
 40
0.1377952755905512
  0
LWPOLYLINE
  5
36A
330
17
100
AcDbEntity
  8
Left end elevation
100
AcDbPolyline
 90
2
 70
0
 10
150.6259842519685
 20
19.251968503937007
 10
150.38976377952756
 20
18.661417322834644
  0
LWPOLYLINE
  5
36B
330
17
100
AcDbEntity
  8
Left end elevation
100
AcDbPolyline
 90
2
 70
0
 10
150.78346456692913
 20
19.251968503937007
 10
151.01968503937007
 20
18.661417322834644
  0
SPLINE
  5
36C
330
17
100
AcDbEntity
  8
Left end elevation
100
AcDbSpline
 70
0
 71
3
 72
8
 73
4
 74
0
 40
0.0
 40
0.0
 40
0.0
 40
0.0
 40
1.0
 40
1.0
 40
1.0
 40
1.0
 10
150.70472440944883
 20
18.503937007874015
 30
0.0
 10
151.2244094488189
 20
18.503937007874015
 30
0.0
 10
151.17716535433073
 20
17.79527559055118
 30
0.0
 10
150.70472440944883
 20
17.417322834645667
 30
0.0
  0
SPLINE
  5
36D
330
17
100
AcDbEntity
  8
Left end elevation
100
AcDbSpline
 70
0
 71
3
 72
8
 73
4
 74
0
 40
0.0
 40
0.0
 40
0.0
 40
0.0
 40
1.0
 40
1.0
 40
1.0
 40
1.0
 10
150.70472440944883
 20
17.417322834645667
 30
0.0
 10
150.23228346456693
 20
17.79527559055118
 30
0.0
 10
150.18503937007875
 20
18.503937007874015
 30
0.0
 10
150.70472440944883
 20
18.503937007874015
 30
0.0
  0
LWPOLYLINE
  5
36E
330
17
100
AcDbEntity
  8
Left end elevation
100
AcDbPolyline
 90
2
 70
0
 10
150.70472440944883
 20
18.362204724409448
 10
150.70472440944883
 20
17.653543307086615
  0
SPLINE
  5
36F
330
17
100
AcDbEntity
  8
Left end elevation
100
AcDbSpline
 70
0
 71
3
 72
8
 73
4
 74
0
 40
0.0
 40
0.0
 40
0.0
 40
0.0
 40
1.0
 40
1.0
 40
1.0
 40
1.0
 10
150.49685039370078
 20
18.267716535433074
 30
0.0
 10
150.5724409448819
 20
18.04724409448819
 30
0.0
 10
150.64173228346456
 20
17.84251968503937
 30
0.0
 10
150.70472440944883
 20
17.653543307086615
 30
0.0
  0
SPLINE
  5
370
330
17
100
AcDbEntity
  8
Left end elevation
100
AcDbSpline
 70
0
 71
3
 72
8
 73
4
 74
0
 40
0.0
 40
0.0
 40
0.0
 40
0.0
 40
1.0
 40
1.0
 40
1.0
 40
1.0
 10
150.91259842519685
 20
18.267716535433074
 30
0.0
 10
150.83700787401574
 20
18.04724409448819
 30
0.0
 10
150.76771653543307
 20
17.84251968503937
 30
0.0
 10
150.70472440944883
 20
17.653543307086615
 30
0.0
  0
CIRCLE
  5
371
330
17
100
AcDbEntity
  8
Left end elevation
100
AcDbCircle
 10
150.70472440944883
 20
17.259842519685037
 30
0.0
 40
0.09842519685039369
  0
SPLINE
  5
372
330
17
100
AcDbEntity
  8
Left end elevation
100
AcDbSpline
 70
0
 71
3
 72
8
 73
4
 74
0
 40
0.0
 40
0.0
 40
0.0
 40
0.0
 40
1.0
 40
1.0
 40
1.0
 40
1.0
 10
150.70472440944883
 20
17.062992125984252
 30
0.0
 10
151.17244094488188
 20
17.062992125984252
 30
0.0
 10
151.12992125984252
 20
16.425196850393704
 30
0.0
 10
150.70472440944883
 20
16.08503937007874
 30
0.0
  0
SPLINE
  5
373
330
17
100
AcDbEntity
  8
Left end elevation
100
AcDbSpline
 70
0
 71
3
 72
8
 73
4
 74
0
 40
0.0
 40
0.0
 40
0.0
 40
0.0
 40
1.0
 40
1.0
 40
1.0
 40
1.0
 10
150.70472440944883
 20
16.08503937007874
 30
0.0
 10
150.2795275590551
 20
16.425196850393704
 30
0.0
 10
150.23700787401575
 20
17.062992125984252
 30
0.0
 10
150.70472440944883
 20
17.062992125984252
 30
0.0
  0
LWPOLYLINE
  5
374
330
17
100
AcDbEntity
  8
Left end elevation
100
AcDbPolyline
 90
2
 70
0
 10
150.70472440944883
 20
16.93543307086614
 10
150.70472440944883
 20
16.29763779527559
  0
SPLINE
  5
375
330
17
100
AcDbEntity
  8
Left end elevation
100
AcDbSpline
 70
0
 71
3
 72
8
 73
4
 74
0
 40
0.0
 40
0.0
 40
0.0
 40
0.0
 40
1.0
 40
1.0
 40
1.0
 40
1.0
 10
150.5176377952756
 20
16.8503937007874
 30
0.0
 10
150.5856692913386
 20
16.65196850393701
 30
0.0
 10
150.648031496063
 20
16.467716535433073
 30
0.0
 10
150.70472440944883
 20
16.29763779527559
 30
0.0
  0
SPLINE
  5
376
330
17
100
AcDbEntity
  8
Left end elevation
100
AcDbSpline
 70
0
 71
3
 72
8
 73
4
 74
0
 40
0.0
 40
0.0
 40
0.0
 40
0.0
 40
1.0
 40
1.0
 40
1.0
 40
1.0
 10
150.89181102362204
 20
16.8503937007874
 30
0.0
 10
150.82377952755905
 20
16.65196850393701
 30
0.0
 10
150.76141732283466
 20
16.467716535433073
 30
0.0
 10
150.70472440944883
 20
16.29763779527559
 30
0.0
  0
CIRCLE
  5
377
330
17
100
AcDbEntity
  8
Left end elevation
100
AcDbCircle
 10
150.70472440944883
 20
15.92755905511811
 30
0.0
 40
0.09842519685039369
  0
SPLINE
  5
378
330
17
100
AcDbEntity
  8
Left end elevation
100
AcDbSpline
 70
0
 71
3
 72
8
 73
4
 74
0
 40
0.0
 40
0.0
 40
0.0
 40
0.0
 40
1.0
 40
1.0
 40
1.0
 40
1.0
 10
150.70472440944883
 20
15.730708661417324
 30
0.0
 10
151.1256692913386
 20
15.730708661417324
 30
0.0
 10
151.08740157480315
 20
15.156692913385829
 30
0.0
 10
150.70472440944883
 20
14.850551181102363
 30
0.0
  0
SPLINE
  5
379
330
17
100
AcDbEntity
  8
Left end elevation
100
AcDbSpline
 70
0
 71
3
 72
8
 73
4
 74
0
 40
0.0
 40
0.0
 40
0.0
 40
0.0
 40
1.0
 40
1.0
 40
1.0
 40
1.0
 10
150.70472440944883
 20
14.850551181102363
 30
0.0
 10
150.3220472440945
 20
15.156692913385829
 30
0.0
 10
150.28377952755906
 20
15.730708661417324
 30
0.0
 10
150.70472440944883
 20
15.730708661417324
 30
0.0
  0
LWPOLYLINE
  5
37A
330
17
100
AcDbEntity
  8
Left end elevation
100
AcDbPolyline
 90
2
 70
0
 10
150.70472440944883
 20
15.615905511811025
 10
150.70472440944883
 20
15.04188976377953
  0
SPLINE
  5
37B
330
17
100
AcDbEntity
  8
Left end elevation
100
AcDbSpline
 70
0
 71
3
 72
8
 73
4
 74
0
 40
0.0
 40
0.0
 40
0.0
 40
0.0
 40
1.0
 40
1.0
 40
1.0
 40
1.0
 10
150.5363464566929
 20
15.539370078740157
 30
0.0
 10
150.5975748031496
 20
15.360787401574804
 30
0.0
 10
150.65370078740156
 20
15.194960629921262
 30
0.0
 10
150.70472440944883
 20
15.04188976377953
 30
0.0
  0
SPLINE
  5
37C
330
17
100
AcDbEntity
  8
Left end elevation
100
AcDbSpline
 70
0
 71
3
 72
8
 73
4
 74
0
 40
0.0
 40
0.0
 40
0.0
 40
0.0
 40
1.0
 40
1.0
 40
1.0
 40
1.0
 10
150.87310236220472
 20
15.539370078740157
 30
0.0
 10
150.81187401574803
 20
15.360787401574804
 30
0.0
 10
150.75574803149607
 20
15.194960629921262
 30
0.0
 10
150.70472440944883
 20
15.04188976377953
 30
0.0
  0
CIRCLE
  5
37D
330
17
100
AcDbEntity
  8
Left end elevation
100
AcDbCircle
 10
150.70472440944883
 20
14.693070866141733
 30
0.0
 40
0.09842519685039369
  0
SPLINE
  5
37E
330
17
100
AcDbEntity
  8
Left end elevation
100
AcDbSpline
 70
0
 71
3
 72
8
 73
4
 74
0
 40
0.0
 40
0.0
 40
0.0
 40
0.0
 40
1.0
 40
1.0
 40
1.0
 40
1.0
 10
150.70472440944883
 20
14.496220472440946
 30
0.0
 10
151.08357480314962
 20
14.496220472440946
 30
0.0
 10
151.04913385826774
 20
13.9796062992126
 30
0.0
 10
150.70472440944883
 20
13.704078740157481
 30
0.0
  0
SPLINE
  5
37F
330
17
100
AcDbEntity
  8
Left end elevation
100
AcDbSpline
 70
0
 71
3
 72
8
 73
4
 74
0
 40
0.0
 40
0.0
 40
0.0
 40
0.0
 40
1.0
 40
1.0
 40
1.0
 40
1.0
 10
150.70472440944883
 20
13.704078740157481
 30
0.0
 10
150.36031496062992
 20
13.9796062992126
 30
0.0
 10
150.32587401574804
 20
14.496220472440946
 30
0.0
 10
150.70472440944883
 20
14.496220472440946
 30
0.0
  0
LWPOLYLINE
  5
380
330
17
100
AcDbEntity
  8
Left end elevation
100
AcDbPolyline
 90
2
 70
0
 10
150.70472440944883
 20
14.392897637795278
 10
150.70472440944883
 20
13.876283464566932
  0
SPLINE
  5
381
330
17
100
AcDbEntity
  8
Left end elevation
100
AcDbSpline
 70
0
 71
3
 72
8
 73
4
 74
0
 40
0.0
 40
0.0
 40
0.0
 40
0.0
 40
1.0
 40
1.0
 40
1.0
 40
1.0
 10
150.5531842519685
 20
14.324015748031497
 30
0.0
 10
150.60828976377954
 20
14.16329133858268
 30
0.0
 10
150.6588031496063
 20
14.01404724409449
 30
0.0
 10
150.70472440944883
 20
13.876283464566932
 30
0.0
  0
SPLINE
  5
382
330
17
100
AcDbEntity
  8
Left end elevation
100
AcDbSpline
 70
0
 71
3
 72
8
 73
4
 74
0
 40
0.0
 40
0.0
 40
0.0
 40
0.0
 40
1.0
 40
1.0
 40
1.0
 40
1.0
 10
150.85626456692913
 20
14.324015748031497
 30
0.0
 10
150.8011590551181
 20
14.16329133858268
 30
0.0
 10
150.75064566929134
 20
14.01404724409449
 30
0.0
 10
150.70472440944883
 20
13.876283464566932
 30
0.0
  0
CIRCLE
  5
383
330
17
100
AcDbEntity
  8
Left end elevation
100
AcDbCircle
 10
150.70472440944883
 20
13.54659842519685
 30
0.0
 40
0.09842519685039369
  0
SPLINE
  5
384
330
17
100
AcDbEntity
  8
Left end elevation
100
AcDbSpline
 70
0
 71
3
 72
8
 73
4
 74
0
 40
0.0
 40
0.0
 40
0.0
 40
0.0
 40
1.0
 40
1.0
 40
1.0
 40
1.0
 10
150.70472440944883
 20
13.349748031496063
 30
0.0
 10
151.04568976377954
 20
13.349748031496063
 30
0.0
 10
151.01469291338583
 20
12.884795275590552
 30
0.0
 10
150.70472440944883
 20
12.636820472440945
 30
0.0
  0
SPLINE
  5
385
330
17
100
AcDbEntity
  8
Left end elevation
100
AcDbSpline
 70
0
 71
3
 72
8
 73
4
 74
0
 40
0.0
 40
0.0
 40
0.0
 40
0.0
 40
1.0
 40
1.0
 40
1.0
 40
1.0
 10
150.70472440944883
 20
12.636820472440945
 30
0.0
 10
150.39475590551183
 20
12.884795275590552
 30
0.0
 10
150.36375905511812
 20
13.349748031496063
 30
0.0
 10
150.70472440944883
 20
13.349748031496063
 30
0.0
  0
LWPOLYLINE
  5
386
330
17
100
AcDbEntity
  8
Left end elevation
100
AcDbPolyline
 90
2
 70
0
 10
150.70472440944883
 20
13.25675748031496
 10
150.70472440944883
 20
12.791804724409449
  0
SPLINE
  5
387
330
17
100
AcDbEntity
  8
Left end elevation
100
AcDbSpline
 70
0
 71
3
 72
8
 73
4
 74
0
 40
0.0
 40
0.0
 40
0.0
 40
0.0
 40
1.0
 40
1.0
 40
1.0
 40
1.0
 10
150.56833826771654
 20
13.194763779527559
 30
0.0
 10
150.61793322834646
 20
13.050111811023623
 30
0.0
 10
150.66339527559055
 20
12.915792125984252
 30
0.0
 10
150.70472440944883
 20
12.791804724409449
 30
0.0
  0
SPLINE
  5
388
330
17
100
AcDbEntity
  8
Left end elevation
100
AcDbSpline
 70
0
 71
3
 72
8
 73
4
 74
0
 40
0.0
 40
0.0
 40
0.0
 40
0.0
 40
1.0
 40
1.0
 40
1.0
 40
1.0
 10
150.8411105511811
 20
13.194763779527559
 30
0.0
 10
150.7915155905512
 20
13.050111811023623
 30
0.0
 10
150.7460535433071
 20
12.915792125984252
 30
0.0
 10
150.70472440944883
 20
12.791804724409449
 30
0.0
  0
CIRCLE
  5
389
330
17
100
AcDbEntity
  8
Left end elevation
100
AcDbCircle
 10
150.70472440944883
 20
12.479340157480314
 30
0.0
 40
0.09842519685039369
  0
SPLINE
  5
38A
330
17
100
AcDbEntity
  8
Left end elevation
100
AcDbSpline
 70
0
 71
3
 72
8
 73
4
 74
0
 40
0.0
 40
0.0
 40
0.0
 40
0.0
 40
1.0
 40
1.0
 40
1.0
 40
1.0
 10
150.70472440944883
 20
12.282489763779527
 30
0.0
 10
151.01159322834647
 20
12.282489763779527
 30
0.0
 10
150.98369606299212
 20
11.864032283464567
 30
0.0
 10
150.70472440944883
 20
11.64085496062992
 30
0.0
  0
SPLINE
  5
38B
330
17
100
AcDbEntity
  8
Left end elevation
100
AcDbSpline
 70
0
 71
3
 72
8
 73
4
 74
0
 40
0.0
 40
0.0
 40
0.0
 40
0.0
 40
1.0
 40
1.0
 40
1.0
 40
1.0
 10
150.70472440944883
 20
11.64085496062992
 30
0.0
 10
150.42575275590553
 20
11.864032283464567
 30
0.0
 10
150.3978555905512
 20
12.282489763779527
 30
0.0
 10
150.70472440944883
 20
12.282489763779527
 30
0.0
  0
LWPOLYLINE
  5
38C
330
17
100
AcDbEntity
  8
Left end elevation
100
AcDbPolyline
 90
2
 70
0
 10
150.70472440944883
 20
12.198798267716537
 10
150.70472440944883
 20
11.780340787401574
  0
SPLINE
  5
38D
330
17
100
AcDbEntity
  8
Left end elevation
100
AcDbSpline
 70
0
 71
3
 72
8
 73
4
 74
0
 40
0.0
 40
0.0
 40
0.0
 40
0.0
 40
1.0
 40
1.0
 40
1.0
 40
1.0
 10
150.58197688188977
 20
12.143003937007876
 30
0.0
 10
150.6266123464567
 20
12.012817165354333
 30
0.0
 10
150.66752818897638
 20
11.891929448818898
 30
0.0
 10
150.70472440944883
 20
11.780340787401574
 30
0.0
  0
SPLINE
  5
38E
330
17
100
AcDbEntity
  8
Left end elevation
100
AcDbSpline
 70
0
 71
3
 72
8
 73
4
 74
0
 40
0.0
 40
0.0
 40
0.0
 40
0.0
 40
1.0
 40
1.0
 40
1.0
 40
1.0
 10
150.82747193700789
 20
12.143003937007876
 30
0.0
 10
150.78283647244095
 20
12.012817165354333
 30
0.0
 10
150.74192062992128
 20
11.891929448818898
 30
0.0
 10
150.70472440944883
 20
11.780340787401574
 30
0.0
  0
CIRCLE
  5
38F
330
17
100
AcDbEntity
  8
Left end elevation
100
AcDbCircle
 10
150.70472440944883
 20
11.48337464566929
 30
0.0
 40
0.09842519685039369
  0
SPLINE
  5
390
330
17
100
AcDbEntity
  8
Left end elevation
100
AcDbSpline
 70
0
 71
3
 72
8
 73
4
 74
0
 40
0.0
 40
0.0
 40
0.0
 40
0.0
 40
1.0
 40
1.0
 40
1.0
 40
1.0
 10
150.70472440944883
 20
11.286524251968505
 30
0.0
 10
150.9809063464567
 20
11.286524251968505
 30
0.0
 10
150.9557988976378
 20
10.90991251968504
 30
0.0
 10
150.70472440944883
 20
10.709052929133858
 30
0.0
  0
SPLINE
  5
391
330
17
100
AcDbEntity
  8
Left end elevation
100
AcDbSpline
 70
0
 71
3
 72
8
 73
4
 74
0
 40
0.0
 40
0.0
 40
0.0
 40
0.0
 40
1.0
 40
1.0
 40
1.0
 40
1.0
 10
150.70472440944883
 20
10.709052929133858
 30
0.0
 10
150.45364992125985
 20
10.90991251968504
 30
0.0
 10
150.42854247244094
 20
11.286524251968505
 30
0.0
 10
150.70472440944883
 20
11.286524251968505
 30
0.0
  0
LWPOLYLINE
  5
392
330
17
100
AcDbEntity
  8
Left end elevation
100
AcDbPolyline
 90
2
 70
0
 10
150.70472440944883
 20
11.21120190551181
 10
150.70472440944883
 20
10.834590173228346
  0
SPLINE
  5
393
330
17
100
AcDbEntity
  8
Left end elevation
100
AcDbSpline
 70
0
 71
3
 72
8
 73
4
 74
0
 40
0.0
 40
0.0
 40
0.0
 40
0.0
 40
1.0
 40
1.0
 40
1.0
 40
1.0
 10
150.59425163464567
 20
11.160987007874017
 30
0.0
 10
150.63442355275592
 20
11.043818913385826
 30
0.0
 10
150.67124781102362
 20
10.935019968503935
 30
0.0
 10
150.70472440944883
 20
10.834590173228346
 30
0.0
  0
SPLINE
  5
394
330
17
100
AcDbEntity
  8
Left end elevation
100
AcDbSpline
 70
0
 71
3
 72
8
 73
4
 74
0
 40
0.0
 40
0.0
 40
0.0
 40
0.0
 40
1.0
 40
1.0
 40
1.0
 40
1.0
 10
150.81519718425199
 20
11.160987007874017
 30
0.0
 10
150.77502526614174
 20
11.043818913385826
 30
0.0
 10
150.73820100787404
 20
10.935019968503935
 30
0.0
 10
150.70472440944883
 20
10.834590173228346
 30
0.0
  0
CIRCLE
  5
395
330
17
100
AcDbEntity
  8
Left end elevation
100
AcDbCircle
 10
150.70472440944883
 20
10.551572614173228
 30
0.0
 40
0.09842519685039369
  0
SPLINE
  5
396
330
17
100
AcDbEntity
  8
Left end elevation
100
AcDbSpline
 70
0
 71
3
 72
8
 73
4
 74
0
 40
0.0
 40
0.0
 40
0.0
 40
0.0
 40
1.0
 40
1.0
 40
1.0
 40
1.0
 10
150.70472440944883
 20
10.354722220472443
 30
0.0
 10
150.9532881527559
 20
10.354722220472443
 30
0.0
 10
150.9306914488189
 20
10.015771661417322
 30
0.0
 10
150.70472440944883
 20
9.834998029921262
 30
0.0
  0
SPLINE
  5
397
330
17
100
AcDbEntity
  8
Left end elevation
100
AcDbSpline
 70
0
 71
3
 72
8
 73
4
 74
0
 40
0.0
 40
0.0
 40
0.0
 40
0.0
 40
1.0
 40
1.0
 40
1.0
 40
1.0
 10
150.70472440944883
 20
9.834998029921262
 30
0.0
 10
150.47875737007874
 20
10.015771661417322
 30
0.0
 10
150.45616066614173
 20
10.354722220472443
 30
0.0
 10
150.70472440944883
 20
10.354722220472443
 30
0.0
  0
LWPOLYLINE
  5
398
330
17
100
AcDbEntity
  8
Left end elevation
100
AcDbPolyline
 90
2
 70
0
 10
150.70472440944883
 20
10.286932108661418
 10
150.70472440944883
 20
9.9479815496063
  0
SPLINE
  5
399
330
17
100
AcDbEntity
  8
Left end elevation
100
AcDbSpline
 70
0
 71
3
 72
8
 73
4
 74
0
 40
0.0
 40
0.0
 40
0.0
 40
0.0
 40
1.0
 40
1.0
 40
1.0
 40
1.0
 10
150.605298912126
 20
10.241738700787401
 30
0.0
 10
150.6414536384252
 20
10.136287415748031
 30
0.0
 10
150.67459547086614
 20
10.038368365354332
 30
0.0
 10
150.70472440944883
 20
9.9479815496063
 30
0.0
  0
SPLINE
  5
39A
330
17
100
AcDbEntity
  8
Left end elevation
100
AcDbSpline
 70
0
 71
3
 72
8
 73
4
 74
0
 40
0.0
 40
0.0
 40
0.0
 40
0.0
 40
1.0
 40
1.0
 40
1.0
 40
1.0
 10
150.80414990677167
 20
10.241738700787401
 30
0.0
 10
150.76799518047247
 20
10.136287415748031
 30
0.0
 10
150.73485334803152
 20
10.038368365354332
 30
0.0
 10
150.70472440944883
 20
9.9479815496063
 30
0.0
  0
CIRCLE
  5
39B
330
17
100
AcDbEntity
  8
Left end elevation
100
AcDbCircle
 10
150.70472440944883
 20
9.67751771496063
 30
0.0
 40
0.09842519685039369
  0
SPLINE
  5
39C
330
17
100
AcDbEntity
  8
Left end elevation
100
AcDbSpline
 70
0
 71
3
 72
8
 73
4
 74
0
 40
0.0
 40
0.0
 40
0.0
 40
0.0
 40
1.0
 40
1.0
 40
1.0
 40
1.0
 10
150.70472440944883
 20
9.480667321259844
 30
0.0
 10
150.9284317784252
 20
9.480667321259844
 30
0.0
 10
150.9080947448819
 20
9.175611818110237
 30
0.0
 10
150.70472440944883
 20
9.012915549763783
 30
0.0
  0
SPLINE
  5
39D
330
17
100
AcDbEntity
  8
Left end elevation
100
AcDbSpline
 70
0
 71
3
 72
8
 73
4
 74
0
 40
0.0
 40
0.0
 40
0.0
 40
0.0
 40
1.0
 40
1.0
 40
1.0
 40
1.0
 10
150.70472440944883
 20
9.012915549763783
 30
0.0
 10
150.50135407401575
 20
9.175611818110237
 30
0.0
 10
150.48101704047244
 20
9.480667321259844
 30
0.0
 10
150.70472440944883
 20
9.480667321259844
 30
0.0
  0
LWPOLYLINE
  5
39E
330
17
100
AcDbEntity
  8
Left end elevation
100
AcDbPolyline
 90
2
 70
0
 10
150.70472440944883
 20
9.419656220629925
 10
150.70472440944883
 20
9.114600717480315
  0
SPLINE
  5
39F
330
17
100
AcDbEntity
  8
Left end elevation
100
AcDbSpline
 70
0
 71
3
 72
8
 73
4
 74
0
 40
0.0
 40
0.0
 40
0.0
 40
0.0
 40
1.0
 40
1.0
 40
1.0
 40
1.0
 10
150.61524146185826
 20
9.378982153543308
 30
0.0
 10
150.64778071552755
 20
9.284075997007877
 30
0.0
 10
150.67760836472442
 20
9.195948851653545
 30
0.0
 10
150.70472440944883
 20
9.114600717480315
 30
0.0
  0
SPLINE
  5
3A0
330
17
100
AcDbEntity
  8
Left end elevation
100
AcDbSpline
 70
0
 71
3
 72
8
 73
4
 74
0
 40
0.0
 40
0.0
 40
0.0
 40
0.0
 40
1.0
 40
1.0
 40
1.0
 40
1.0
 10
150.79420735703937
 20
9.378982153543308
 30
0.0
 10
150.76166810337008
 20
9.284075997007877
 30
0.0
 10
150.73184045417324
 20
9.195948851653545
 30
0.0
 10
150.70472440944883
 20
9.114600717480315
 30
0.0
  0
CIRCLE
  5
3A1
330
17
100
AcDbEntity
  8
Left end elevation
100
AcDbCircle
 10
150.70472440944883
 20
8.85543523480315
 30
0.0
 40
0.09842519685039369
  0
SPLINE
  5
3A2
330
17
100
AcDbEntity
  8
Left end elevation
100
AcDbSpline
 70
0
 71
3
 72
8
 73
4
 74
0
 40
0.0
 40
0.0
 40
0.0
 40
0.0
 40
1.0
 40
1.0
 40
1.0
 40
1.0
 10
150.70472440944883
 20
8.658584841102364
 30
0.0
 10
150.90606104152755
 20
8.658584841102364
 30
0.0
 10
150.8877577113386
 20
8.384034888267717
 30
0.0
 10
150.70472440944883
 20
8.237608246755908
 30
0.0
  0
SPLINE
  5
3A3
330
17
100
AcDbEntity
  8
Left end elevation
100
AcDbSpline
 70
0
 71
3
 72
8
 73
4
 74
0
 40
0.0
 40
0.0
 40
0.0
 40
0.0
 40
1.0
 40
1.0
 40
1.0
 40
1.0
 10
150.70472440944883
 20
8.237608246755908
 30
0.0
 10
150.52169110755906
 20
8.384034888267717
 30
0.0
 10
150.50338777737008
 20
8.658584841102364
 30
0.0
 10
150.70472440944883
 20
8.658584841102364
 30
0.0
  0
LWPOLYLINE
  5
3A4
330
17
100
AcDbEntity
  8
Left end elevation
100
AcDbPolyline
 90
2
 70
0
 10
150.70472440944883
 20
8.603674850535434
 10
150.70472440944883
 20
8.329124897700787
  0
SPLINE
  5
3A5
330
17
100
AcDbEntity
  8
Left end elevation
100
AcDbSpline
 70
0
 71
3
 72
8
 73
4
 74
0
 40
0.0
 40
0.0
 40
0.0
 40
0.0
 40
1.0
 40
1.0
 40
1.0
 40
1.0
 10
150.62418975661734
 20
8.567068190157482
 30
0.0
 10
150.65347508491968
 20
8.481652649275592
 30
0.0
 10
150.68031996919686
 20
8.402338218456693
 30
0.0
 10
150.70472440944883
 20
8.329124897700787
 30
0.0
  0
SPLINE
  5
3A6
330
17
100
AcDbEntity
  8
Left end elevation
100
AcDbSpline
 70
0
 71
3
 72
8
 73
4
 74
0
 40
0.0
 40
0.0
 40
0.0
 40
0.0
 40
1.0
 40
1.0
 40
1.0
 40
1.0
 10
150.78525906228032
 20
8.567068190157482
 30
0.0
 10
150.75597373397795
 20
8.481652649275592
 30
0.0
 10
150.7291288497008
 20
8.402338218456693
 30
0.0
 10
150.70472440944883
 20
8.329124897700787
 30
0.0
  0
CIRCLE
  5
3A7
330
17
100
AcDbEntity
  8
Left end elevation
100
AcDbCircle
 10
150.70472440944883
 20
8.080127931795278
 30
0.0
 40
0.09842519685039369
  0
LWPOLYLINE
  5
3A8
330
17
100
AcDbEntity
  8
Left end elevation
100
AcDbPolyline
 90
5
 70
0
 10
150.03543307086613
 20
5.511811023622048
 10
151.3740157480315
 20
5.511811023622048
 10
151.3740157480315
 20
3.1496062992126
 10
150.03543307086613
 20
3.1496062992126
 10
150.03543307086613
 20
5.511811023622048
  0
LINE
  5
3A9
330
17
100
AcDbEntity
  8
Left end elevation
100
AcDbLine
 10
150.03543307086613
 20
5.196850393700787
 30
0.0
 11
151.3740157480315
 21
5.196850393700787
 31
0.0
  0
LWPOLYLINE
  5
3AA
330
17
100
AcDbEntity
  8
Left end elevation
100
AcDbPolyline
 90
5
 70
0
 10
149.9173228346457
 20
27.95275590551181
 10
151.49212598425197
 20
27.95275590551181
 10
151.49212598425197
 20
27.480314960629922
 10
149.9173228346457
 20
27.480314960629922
 10
149.9173228346457
 20
27.95275590551181
  0
LWPOLYLINE
  5
3AB
330
17
100
AcDbEntity
  8
Left end elevation
100
AcDbPolyline
 90
5
 70
0
 10
150.11417322834646
 20
27.480314960629922
 10
151.29527559055117
 20
27.480314960629922
 10
151.0984251968504
 20
21.653543307086615
 10
150.31102362204726
 20
21.653543307086615
 10
150.11417322834646
 20
27.480314960629922
  0
LINE
  5
3AC
330
17
100
AcDbEntity
  8
Left end elevation
100
AcDbLine
 10
150.3503937007874
 20
27.244094488188978
 30
0.0
 11
150.46850393700788
 21
21.88976377952756
 31
0.0
  0
LINE
  5
3AD
330
17
100
AcDbEntity
  8
Left end elevation
100
AcDbLine
 10
150.58661417322836
 20
27.244094488188978
 30
0.0
 11
150.6259842519685
 21
21.88976377952756
 31
0.0
  0
LINE
  5
3AE
330
17
100
AcDbEntity
  8
Left end elevation
100
AcDbLine
 10
150.8228346456693
 20
27.244094488188978
 30
0.0
 11
150.78346456692913
 21
21.88976377952756
 31
0.0
  0
LINE
  5
3AF
330
17
100
AcDbEntity
  8
Left end elevation
100
AcDbLine
 10
151.05905511811025
 20
27.244094488188978
 30
0.0
 11
150.94094488188978
 21
21.88976377952756
 31
0.0
  0
POLYLINE
  5
3B0
330
17
100
AcDbEntity
  8
Left end elevation
100
AcDb2dPolyline
 66
1
 10
0.0
 20
0.0
 30
0.0
 70
0
  0
VERTEX
  5
3B1
330
3B0
100
AcDbEntity
  8
Left end elevation
100
AcDbVertex
100
AcDb2dVertex
 10
150.54724409448818
 20
21.653543307086615
 30
0.0
 70
0
  0
VERTEX
  5
3B2
330
3B0
100
AcDbEntity
  8
Left end elevation
100
AcDbVertex
100
AcDb2dVertex
 10
150.86220472440945
 20
21.653543307086615
 30
0.0
 70
0
  0
SEQEND
  5
3B3
330
3B0
100
AcDbEntity
  8
Left end elevation
  0
SPLINE
  5
3B4
330
17
100
AcDbEntity
  8
Left end elevation
100
AcDbSpline
 70
0
 71
3
 72
14
 73
10
 74
0
 40
0.0
 40
0.0
 40
0.0
 40
0.0
 40
1.0
 40
1.0
 40
1.0
 40
2.0
 40
2.0
 40
2.0
 40
3.0
 40
3.0
 40
3.0
 40
3.0
 10
150.86220472440945
 20
21.653543307086615
 30
0.0
 10
150.93130850201183
 20
21.653543307086615
 30
0.0
 10
150.99920949120911
 20
21.635349291865932
 30
0.0
 10
151.05905511811025
 20
21.60079740306474
 30
0.0
 10
151.1189007450114
 20
21.56624551426355
 30
0.0
 10
151.16860771898797
 20
21.51653854028696
 30
0.0
 10
151.20315960778916
 20
21.45669291338583
 30
0.0
 10
151.23771149659035
 20
21.396847286484693
 30
0.0
 10
151.25590551181102
 20
21.328946297287423
 30
0.0
 10
151.25590551181102
 20
21.25984251968504
 30
0.0
  0
POLYLINE
  5
3B5
330
17
100
AcDbEntity
  8
Left end elevation
100
AcDb2dPolyline
 66
1
 10
0.0
 20
0.0
 30
0.0
 70
0
  0
VERTEX
  5
3B6
330
3B5
100
AcDbEntity
  8
Left end elevation
100
AcDbVertex
100
AcDb2dVertex
 10
151.25590551181102
 20
21.25984251968504
 30
0.0
 70
0
  0
VERTEX
  5
3B7
330
3B5
100
AcDbEntity
  8
Left end elevation
100
AcDbVertex
100
AcDb2dVertex
 10
151.25590551181102
 20
21.181102362204726
 30
0.0
 70
0
  0
SEQEND
  5
3B8
330
3B5
100
AcDbEntity
  8
Left end elevation
  0
SPLINE
  5
3B9
330
17
100
AcDbEntity
  8
Left end elevation
100
AcDbSpline
 70
0
 71
3
 72
14
 73
10
 74
0
 40
0.0
 40
0.0
 40
0.0
 40
0.0
 40
1.0
 40
1.0
 40
1.0
 40
2.0
 40
2.0
 40
2.0
 40
3.0
 40
3.0
 40
3.0
 40
3.0
 10
151.25590551181102
 20
21.181102362204726
 30
0.0
 10
151.25590551181102
 20
21.111998584602343
 30
0.0
 10
151.23771149659035
 20
21.04409759540507
 30
0.0
 10
151.20315960778916
 20
20.98425196850394
 30
0.0
 10
151.16860771898797
 20
20.924406341602804
 30
0.0
 10
151.1189007450114
 20
20.874699367626217
 30
0.0
 10
151.05905511811025
 20
20.840147478825024
 30
0.0
 10
150.99920949120911
 20
20.805595590023835
 30
0.0
 10
150.93130850201183
 20
20.787401574803148
 30
0.0
 10
150.86220472440945
 20
20.787401574803148
 30
0.0
  0
POLYLINE
  5
3BA
330
17
100
AcDbEntity
  8
Left end elevation
100
AcDb2dPolyline
 66
1
 10
0.0
 20
0.0
 30
0.0
 70
0
  0
VERTEX
  5
3BB
330
3BA
100
AcDbEntity
  8
Left end elevation
100
AcDbVertex
100
AcDb2dVertex
 10
150.86220472440945
 20
20.787401574803148
 30
0.0
 70
0
  0
VERTEX
  5
3BC
330
3BA
100
AcDbEntity
  8
Left end elevation
100
AcDbVertex
100
AcDb2dVertex
 10
150.54724409448818
 20
20.787401574803148
 30
0.0
 70
0
  0
SEQEND
  5
3BD
330
3BA
100
AcDbEntity
  8
Left end elevation
  0
SPLINE
  5
3BE
330
17
100
AcDbEntity
  8
Left end elevation
100
AcDbSpline
 70
0
 71
3
 72
14
 73
10
 74
0
 40
0.0
 40
0.0
 40
0.0
 40
0.0
 40
1.0
 40
1.0
 40
1.0
 40
2.0
 40
2.0
 40
2.0
 40
3.0
 40
3.0
 40
3.0
 40
3.0
 10
150.54724409448818
 20
20.787401574803148
 30
0.0
 10
150.4781403168858
 20
20.787401574803148
 30
0.0
 10
150.41023932768854
 20
20.805595590023835
 30
0.0
 10
150.3503937007874
 20
20.840147478825024
 30
0.0
 10
150.29054807388627
 20
20.874699367626217
 30
0.0
 10
150.2408410999097
 20
20.924406341602804
 30
0.0
 10
150.2062892111085
 20
20.98425196850394
 30
0.0
 10
150.1717373223073
 20
21.04409759540507
 30
0.0
 10
150.15354330708664
 20
21.111998584602343
 30
0.0
 10
150.15354330708664
 20
21.181102362204726
 30
0.0
  0
POLYLINE
  5
3BF
330
17
100
AcDbEntity
  8
Left end elevation
100
AcDb2dPolyline
 66
1
 10
0.0
 20
0.0
 30
0.0
 70
0
  0
VERTEX
  5
3C0
330
3BF
100
AcDbEntity
  8
Left end elevation
100
AcDbVertex
100
AcDb2dVertex
 10
150.15354330708664
 20
21.181102362204726
 30
0.0
 70
0
  0
VERTEX
  5
3C1
330
3BF
100
AcDbEntity
  8
Left end elevation
100
AcDbVertex
100
AcDb2dVertex
 10
150.15354330708664
 20
21.25984251968504
 30
0.0
 70
0
  0
SEQEND
  5
3C2
330
3BF
100
AcDbEntity
  8
Left end elevation
  0
SPLINE
  5
3C3
330
17
100
AcDbEntity
  8
Left end elevation
100
AcDbSpline
 70
0
 71
3
 72
14
 73
10
 74
0
 40
0.0
 40
0.0
 40
0.0
 40
0.0
 40
1.0
 40
1.0
 40
1.0
 40
2.0
 40
2.0
 40
2.0
 40
3.0
 40
3.0
 40
3.0
 40
3.0
 10
150.15354330708664
 20
21.25984251968504
 30
0.0
 10
150.15354330708664
 20
21.328946297287423
 30
0.0
 10
150.1717373223073
 20
21.396847286484693
 30
0.0
 10
150.2062892111085
 20
21.45669291338583
 30
0.0
 10
150.2408410999097
 20
21.51653854028696
 30
0.0
 10
150.29054807388627
 20
21.56624551426355
 30
0.0
 10
150.3503937007874
 20
21.60079740306474
 30
0.0
 10
150.41023932768854
 20
21.635349291865932
 30
0.0
 10
150.4781403168858
 20
21.653543307086615
 30
0.0
 10
150.54724409448818
 20
21.653543307086615
 30
0.0
  0
CIRCLE
  5
3C4
330
17
100
AcDbEntity
  8
Left end elevation
100
AcDbCircle
 10
150.70472440944883
 20
21.22047244094488
 30
0.0
 40
0.19685039370078738
  0
CIRCLE
  5
3C5
330
17
100
AcDbEntity
  8
Left end elevation
100
AcDbCircle
 10
150.70472440944883
 20
20.590551181102363
 30
0.0
 40
0.19685039370078738
  0
LWPOLYLINE
  5
3C6
330
17
100
AcDbEntity
  8
Left end elevation
100
AcDbPolyline
 90
4
 70
0
 10
151.53149606299212
 20
24.409448818897637
 10
152.00393700787401
 20
24.409448818897637
 10
152.00393700787401
 20
5.511811023622048
 10
151.53149606299212
 20
5.511811023622048
  0
LINE
  5
3C7
330
17
100
AcDbEntity
  8
Left end elevation
100
AcDbLine
 10
151.74409448818898
 20
24.409448818897637
 30
0.0
 11
151.74409448818898
 21
5.511811023622047
 31
0.0
  0
LWPOLYLINE
  5
3C8
330
17
100
AcDbEntity
  8
Left end elevation
100
AcDbPolyline
 90
5
 70
0
 10
151.53149606299212
 20
20.31496062992126
 10
152.1220472440945
 20
20.31496062992126
 10
152.1220472440945
 20
19.84251968503937
 10
151.53149606299212
 20
19.84251968503937
 10
151.53149606299212
 20
20.31496062992126
  0
LWPOLYLINE
  5
3C9
330
17
100
AcDbEntity
  8
Left end elevation
100
AcDbPolyline
 90
5
 70
0
 10
151.53149606299212
 20
7.244094488188978
 10
152.1220472440945
 20
7.244094488188978
 10
152.1220472440945
 20
6.771653543307089
 10
151.53149606299212
 20
6.771653543307089
 10
151.53149606299212
 20
7.244094488188978
  0
LWPOLYLINE
  5
3CA
330
17
100
AcDbEntity
  8
Left end elevation
100
AcDbPolyline
 90
5
 70
0
 10
151.53149606299212
 20
5.511811023622048
 10
152.16141732283467
 20
5.511811023622048
 10
152.16141732283467
 20
3.1496062992126
 10
151.53149606299212
 20
3.1496062992126
 10
151.53149606299212
 20
5.511811023622048
  0
POLYLINE
  5
3CB
330
17
100
AcDbEntity
  8
Left end elevation
100
AcDb2dPolyline
 66
1
 10
0.0
 20
0.0
 30
0.0
 70
0
  0
VERTEX
  5
3CC
330
3CB
100
AcDbEntity
  8
Left end elevation
100
AcDbVertex
100
AcDb2dVertex
 10
151.53149606299212
 20
27.480314960629922
 30
0.0
 70
0
  0
VERTEX
  5
3CD
330
3CB
100
AcDbEntity
  8
Left end elevation
100
AcDbVertex
100
AcDb2dVertex
 10
152.39763779527559
 20
27.480314960629922
 30
0.0
 70
0
  0
VERTEX
  5
3CE
330
3CB
100
AcDbEntity
  8
Left end elevation
100
AcDbVertex
100
AcDb2dVertex
 10
152.39763779527559
 20
27.165354330708663
 30
0.0
 70
0
  0
VERTEX
  5
3CF
330
3CB
100
AcDbEntity
  8
Left end elevation
100
AcDbVertex
100
AcDb2dVertex
 10
152.20078740157481
 20
27.165354330708663
 30
0.0
 70
0
  0
SEQEND
  5
3D0
330
3CB
100
AcDbEntity
  8
Left end elevation
  0
SPLINE
  5
3D1
330
17
100
AcDbEntity
  8
Left end elevation
100
AcDbSpline
 70
0
 71
3
 72
8
 73
4
 74
0
 40
0.0
 40
0.0
 40
0.0
 40
0.0
 40
1.0
 40
1.0
 40
1.0
 40
1.0
 10
152.20078740157481
 20
27.165354330708663
 30
0.0
 10
152.20078740157481
 20
25.590551181102363
 30
0.0
 10
151.88582677165354
 20
25.19685039370079
 30
0.0
 10
151.8464566929134
 20
21.653543307086615
 30
0.0
  0
SPLINE
  5
3D2
330
17
100
AcDbEntity
  8
Left end elevation
100
AcDbSpline
 70
0
 71
3
 72
8
 73
4
 74
0
 40
0.0
 40
0.0
 40
0.0
 40
0.0
 40
1.0
 40
1.0
 40
1.0
 40
1.0
 10
151.8464566929134
 20
21.653543307086615
 30
0.0
 10
152.16141732283467
 20
21.5748031496063
 30
0.0
 10
152.24015748031496
 20
20.787401574803148
 30
0.0
 10
151.92519685039372
 20
20.62992125984252
 30
0.0
  0
POLYLINE
  5
3D3
330
17
100
AcDbEntity
  8
Left end elevation
100
AcDb2dPolyline
 66
1
 10
0.0
 20
0.0
 30
0.0
 70
0
  0
VERTEX
  5
3D4
330
3D3
100
AcDbEntity
  8
Left end elevation
100
AcDbVertex
100
AcDb2dVertex
 10
151.92519685039372
 20
20.62992125984252
 30
0.0
 70
0
  0
VERTEX
  5
3D5
330
3D3
100
AcDbEntity
  8
Left end elevation
100
AcDbVertex
100
AcDb2dVertex
 10
151.53149606299212
 20
20.708661417322837
 30
0.0
 70
0
  0
SEQEND
  5
3D6
330
3D3
100
AcDbEntity
  8
Left end elevation
  0
LINE
  5
3D7
330
17
100
AcDbEntity
  8
Left end elevation
100
AcDbLine
 10
114.36614173228347
 20
0.0
 30
0.0
 11
155.0748031496063
 21
0.0
 31
0.0
  0
TEXT
  5
3D8
330
17
100
AcDbEntity
  8
LABELS
100
AcDbText
 10
114.36614173228347
 20
31.88976377952756
 30
0.0
 40
0.8141732283464567
  1
LEFT END ELEVATION  (1:1, inches)
 11
114.36614173228347
 21
31.88976377952756
 31
0.0
100
AcDbText
  0
HATCH
  5
3DB
330
17
100
AcDbEntity
  8
Section A-A hatch
 62
7
100
AcDbHatch
 10
0.0
 20
0.0
 30
0.0
210
0.0
220
0.0
230
1.0
  2
ANSI31
 70
0
 71
0
 91
1
 92
3
 72
0
 73
1
 93
199
 10
167.43700787401573
 20
29.52755905511811
 10
203.1062992125984
 20
29.52755905511811
 10
203.1062992125984
 20
29.37007874015748
 10
203.12689730816192
 20
29.368725664901177
 10
203.14705801394376
 20
29.364712342673286
 10
203.16652435842298
 20
29.358107628785298
 10
203.18503937007873
 20
29.34898037854873
 10
203.20220130647817
 20
29.337509533221787
 10
203.21765432872948
 20
29.32395354132794
 10
203.23121032062335
 20
29.3085005190766
 10
203.2426811659503
 20
29.291338582677167
 10
203.25180841618686
 20
29.272823571021437
 10
203.25841313007484
 20
29.253357226542196
 10
203.26242645230275
 20
29.23319652076036
 10
203.26377952755905
 20
29.21259842519685
 10
203.26242645230275
 20
29.19200032963334
 10
203.25841313007484
 20
29.171839623851504
 10
203.25180841618686
 20
29.152373279372263
 10
203.2426811659503
 20
29.133858267716533
 10
203.23121032062335
 20
29.1166963313171
 10
203.21765432872948
 20
29.10124330906576
 10
203.20220130647817
 20
29.087687317171913
 10
203.18503937007873
 20
29.07621647184497
 10
203.16652435842298
 20
29.067089221608402
 10
203.14705801394376
 20
29.060484507720414
 10
203.12689730816192
 20
29.056471185492523
 10
203.1062992125984
 20
29.05511811023622
 10
203.12689730816192
 20
29.053765034979918
 10
203.14705801394376
 20
29.049751712752027
 10
203.16652435842298
 20
29.043146998864035
 10
203.18503937007873
 20
29.034019748627472
 10
203.20220130647817
 20
29.022548903300525
 10
203.21765432872948
 20
29.00899291140668
 10
203.23121032062335
 20
28.99353988915534
 10
203.2426811659503
 20
28.976377952755904
 10
203.25180841618686
 20
28.957862941100174
 10
203.25841313007484
 20
28.938396596620937
 10
203.26242645230275
 20
28.9182358908391
 10
203.26377952755905
 20
28.89763779527559
 10
203.26242645230275
 20
28.87703969971208
 10
203.25841313007484
 20
28.856878993930245
 10
203.25180841618686
 20
28.837412649451004
 10
203.2426811659503
 20
28.818897637795274
 10
203.23121032062335
 20
28.80173570139584
 10
203.21765432872948
 20
28.786282679144502
 10
203.20220130647817
 20
28.772726687250653
 10
203.18503937007873
 20
28.76125584192371
 10
203.16652435842298
 20
28.752128591687143
 10
203.14705801394376
 20
28.745523877799155
 10
203.12689730816192
 20
28.74151055557126
 10
203.1062992125984
 20
28.74015748031496
 10
203.12689730816192
 20
28.73880440505866
 10
203.14705801394376
 20
28.734791082830764
 10
203.16652435842298
 20
28.728186368942776
 10
203.18503937007873
 20
28.719059118706213
 10
203.20220130647817
 20
28.707588273379265
 10
203.21765432872948
 20
28.69403228148542
 10
203.23121032062335
 20
28.678579259234077
 10
203.2426811659503
 20
28.661417322834644
 10
203.25180841618686
 20
28.642902311178915
 10
203.25841313007484
 20
28.623435966699677
 10
203.26242645230275
 20
28.60327526091784
 10
203.26377952755905
 20
28.58267716535433
 10
203.26242645230275
 20
28.56207906979082
 10
203.25841313007484
 20
28.541918364008986
 10
203.25180841618686
 20
28.522452019529744
 10
203.2426811659503
 20
28.503937007874015
 10
203.23121032062335
 20
28.486775071474582
 10
203.21765432872948
 20
28.47132204922324
 10
203.20220130647817
 20
28.457766057329394
 10
203.18503937007873
 20
28.44629521200245
 10
203.16652435842298
 20
28.437167961765883
 10
203.14705801394376
 20
28.430563247877895
 10
203.12689730816192
 20
28.42654992565
 10
203.1062992125984
 20
28.4251968503937
 10
203.12689730816192
 20
28.4238437751374
 10
203.14705801394376
 20
28.419830452909505
 10
203.16652435842298
 20
28.413225739021517
 10
203.18503937007873
 20
28.404098488784953
 10
203.20220130647817
 20
28.392627643458006
 10
203.21765432872948
 20
28.37907165156416
 10
203.23121032062335
 20
28.363618629312818
 10
203.2426811659503
 20
28.346456692913385
 10
203.25180841618686
 20
28.327941681257656
 10
203.25841313007484
 20
28.308475336778418
 10
203.26242645230275
 20
28.28831463099658
 10
203.26377952755905
 20
28.26771653543307
 10
203.26242645230275
 20
28.24711843986956
 10
203.25841313007484
 20
28.226957734087723
 10
203.25180841618686
 20
28.207491389608485
 10
203.2426811659503
 20
28.188976377952756
 10
203.23121032062335
 20
28.171814441553323
 10
203.21765432872948
 20
28.15636141930198
 10
203.20220130647817
 20
28.142805427408135
 10
203.18503937007873
 20
28.131334582081188
 10
203.16652435842298
 20
28.122207331844624
 10
203.14705801394376
 20
28.115602617956636
 10
203.12689730816192
 20
28.11158929572874
 10
203.1062992125984
 20
28.11023622047244
 10
203.1062992125984
 20
27.95275590551181
 10
167.43700787401573
 20
27.95275590551181
 10
167.43700787401573
 20
28.11023622047244
 10
167.41640977845222
 20
28.11158929572874
 10
167.39624907267037
 20
28.115602617956636
 10
167.37678272819116
 20
28.122207331844624
 10
167.3582677165354
 20
28.131334582081188
 10
167.34110578013596
 20
28.142805427408135
 10
167.32565275788465
 20
28.15636141930198
 10
167.3120967659908
 20
28.171814441553323
 10
167.30062592066383
 20
28.188976377952756
 10
167.29149867042727
 20
28.207491389608485
 10
167.2848939565393
 20
28.226957734087723
 10
167.28088063431142
 20
28.24711843986956
 10
167.2795275590551
 20
28.26771653543307
 10
167.28088063431142
 20
28.28831463099658
 10
167.2848939565393
 20
28.308475336778418
 10
167.29149867042727
 20
28.327941681257656
 10
167.30062592066383
 20
28.346456692913385
 10
167.3120967659908
 20
28.363618629312818
 10
167.32565275788465
 20
28.37907165156416
 10
167.34110578013596
 20
28.392627643458006
 10
167.3582677165354
 20
28.404098488784953
 10
167.37678272819116
 20
28.413225739021517
 10
167.39624907267037
 20
28.419830452909505
 10
167.41640977845222
 20
28.4238437751374
 10
167.43700787401573
 20
28.4251968503937
 10
167.41640977845222
 20
28.42654992565
 10
167.39624907267037
 20
28.430563247877895
 10
167.37678272819116
 20
28.437167961765883
 10
167.3582677165354
 20
28.44629521200245
 10
167.34110578013596
 20
28.457766057329394
 10
167.32565275788465
 20
28.47132204922324
 10
167.3120967659908
 20
28.486775071474582
 10
167.30062592066383
 20
28.503937007874015
 10
167.29149867042727
 20
28.522452019529744
 10
167.2848939565393
 20
28.541918364008986
 10
167.28088063431142
 20
28.56207906979082
 10
167.2795275590551
 20
28.58267716535433
 10
167.28088063431142
 20
28.60327526091784
 10
167.2848939565393
 20
28.623435966699677
 10
167.29149867042727
 20
28.642902311178915
 10
167.30062592066383
 20
28.661417322834644
 10
167.3120967659908
 20
28.678579259234077
 10
167.32565275788465
 20
28.69403228148542
 10
167.34110578013596
 20
28.707588273379265
 10
167.3582677165354
 20
28.719059118706213
 10
167.37678272819116
 20
28.728186368942776
 10
167.39624907267037
 20
28.734791082830764
 10
167.41640977845222
 20
28.73880440505866
 10
167.43700787401573
 20
28.74015748031496
 10
167.41640977845222
 20
28.74151055557126
 10
167.39624907267037
 20
28.745523877799155
 10
167.37678272819116
 20
28.752128591687143
 10
167.3582677165354
 20
28.76125584192371
 10
167.34110578013596
 20
28.772726687250653
 10
167.32565275788465
 20
28.786282679144502
 10
167.3120967659908
 20
28.80173570139584
 10
167.30062592066383
 20
28.818897637795274
 10
167.29149867042727
 20
28.837412649451004
 10
167.2848939565393
 20
28.856878993930245
 10
167.28088063431142
 20
28.87703969971208
 10
167.2795275590551
 20
28.89763779527559
 10
167.28088063431142
 20
28.9182358908391
 10
167.2848939565393
 20
28.938396596620937
 10
167.29149867042727
 20
28.957862941100174
 10
167.30062592066383
 20
28.976377952755904
 10
167.3120967659908
 20
28.99353988915534
 10
167.32565275788465
 20
29.00899291140668
 10
167.34110578013596
 20
29.022548903300525
 10
167.3582677165354
 20
29.034019748627472
 10
167.37678272819116
 20
29.043146998864035
 10
167.39624907267037
 20
29.049751712752027
 10
167.41640977845222
 20
29.053765034979918
 10
167.43700787401573
 20
29.05511811023622
 10
167.41640977845222
 20
29.056471185492523
 10
167.39624907267037
 20
29.060484507720414
 10
167.37678272819116
 20
29.067089221608402
 10
167.3582677165354
 20
29.07621647184497
 10
167.34110578013596
 20
29.087687317171913
 10
167.32565275788465
 20
29.10124330906576
 10
167.3120967659908
 20
29.1166963313171
 10
167.30062592066383
 20
29.133858267716533
 10
167.29149867042727
 20
29.152373279372263
 10
167.2848939565393
 20
29.171839623851504
 10
167.28088063431142
 20
29.19200032963334
 10
167.2795275590551
 20
29.21259842519685
 10
167.28088063431142
 20
29.23319652076036
 10
167.2848939565393
 20
29.253357226542196
 10
167.29149867042727
 20
29.272823571021437
 10
167.30062592066383
 20
29.291338582677167
 10
167.3120967659908
 20
29.3085005190766
 10
167.32565275788465
 20
29.32395354132794
 10
167.34110578013596
 20
29.337509533221787
 10
167.3582677165354
 20
29.34898037854873
 10
167.37678272819116
 20
29.358107628785298
 10
167.39624907267037
 20
29.364712342673286
 10
167.41640977845222
 20
29.368725664901177
 10
167.43700787401573
 20
29.37007874015748
 10
167.43700787401573
 20
29.52755905511811
 97
0
 75
1
 76
1
 52
0.0
 41
0.15748031496062992
 77
0
 78
1
 53
45.0
 43
0.0
 44
0.0
 45
-0.0139194248
 46
0.0139194248
 79
0
 98
0
  0
POLYLINE
  5
3DC
330
17
100
AcDbEntity
  8
Section A-A
100
AcDb2dPolyline
 66
1
 10
0.0
 20
0.0
 30
0.0
 70
0
  0
VERTEX
  5
3DD
330
3DC
100
AcDbEntity
  8
Section A-A
100
AcDbVertex
100
AcDb2dVertex
 10
167.43700787401573
 20
29.52755905511811
 30
0.0
 70
0
  0
VERTEX
  5
3DE
330
3DC
100
AcDbEntity
  8
Section A-A
100
AcDbVertex
100
AcDb2dVertex
 10
203.1062992125984
 20
29.52755905511811
 30
0.0
 70
0
  0
VERTEX
  5
3DF
330
3DC
100
AcDbEntity
  8
Section A-A
100
AcDbVertex
100
AcDb2dVertex
 10
203.1062992125984
 20
29.37007874015748
 30
0.0
 70
0
  0
SEQEND
  5
3E0
330
3DC
100
AcDbEntity
  8
Section A-A
  0
SPLINE
  5
3E1
330
17
100
AcDbEntity
  8
Section A-A
100
AcDbSpline
 70
0
 71
3
 72
23
 73
19
 74
0
 40
0.0
 40
0.0
 40
0.0
 40
0.0
 40
1.0
 40
1.0
 40
1.0
 40
2.0
 40
2.0
 40
2.0
 40
3.0
 40
3.0
 40
3.0
 40
4.0
 40
4.0
 40
4.0
 40
5.0
 40
5.0
 40
5.0
 40
6.0
 40
6.0
 40
6.0
 40
6.0
 10
203.1062992125984
 20
29.37007874015748
 30
0.0
 10
203.13394072363937
 20
29.37007874015748
 30
0.0
 10
203.1611011193183
 20
29.36280113406921
 30
0.0
 10
203.18503937007873
 20
29.34898037854873
 30
0.0
 10
203.2089776208392
 20
29.335159623028254
 30
0.0
 10
203.22886041042983
 20
29.31527683343762
 30
0.0
 10
203.2426811659503
 20
29.291338582677167
 30
0.0
 10
203.25650192147077
 20
29.26740033191671
 30
0.0
 10
203.26377952755905
 20
29.240239936237803
 30
0.0
 10
203.26377952755905
 20
29.212598425196852
 30
0.0
 10
203.26377952755905
 20
29.184956914155897
 30
0.0
 10
203.25650192147077
 20
29.15779651847699
 30
0.0
 10
203.2426811659503
 20
29.133858267716537
 30
0.0
 10
203.22886041042983
 20
29.10992001695608
 30
0.0
 10
203.2089776208392
 20
29.090037227365446
 30
0.0
 10
203.18503937007873
 20
29.076216471844972
 30
0.0
 10
203.1611011193183
 20
29.062395716324495
 30
0.0
 10
203.13394072363937
 20
29.055118110236222
 30
0.0
 10
203.1062992125984
 20
29.055118110236222
 30
0.0
  0
SPLINE
  5
3E2
330
17
100
AcDbEntity
  8
Section A-A
100
AcDbSpline
 70
0
 71
3
 72
23
 73
19
 74
0
 40
0.0
 40
0.0
 40
0.0
 40
0.0
 40
1.0
 40
1.0
 40
1.0
 40
2.0
 40
2.0
 40
2.0
 40
3.0
 40
3.0
 40
3.0
 40
4.0
 40
4.0
 40
4.0
 40
5.0
 40
5.0
 40
5.0
 40
6.0
 40
6.0
 40
6.0
 40
6.0
 10
203.1062992125984
 20
29.055118110236222
 30
0.0
 10
203.13394072363937
 20
29.055118110236222
 30
0.0
 10
203.1611011193183
 20
29.04784050414795
 30
0.0
 10
203.18503937007873
 20
29.034019748627472
 30
0.0
 10
203.2089776208392
 20
29.020198993106995
 30
0.0
 10
203.22886041042983
 20
29.00031620351636
 30
0.0
 10
203.2426811659503
 20
28.976377952755907
 30
0.0
 10
203.25650192147077
 20
28.952439701995452
 30
0.0
 10
203.26377952755905
 20
28.925279306316543
 30
0.0
 10
203.26377952755905
 20
28.897637795275593
 30
0.0
 10
203.26377952755905
 20
28.869996284234638
 30
0.0
 10
203.25650192147077
 20
28.84283588855573
 30
0.0
 10
203.2426811659503
 20
28.818897637795278
 30
0.0
 10
203.22886041042983
 20
28.794959387034822
 30
0.0
 10
203.2089776208392
 20
28.775076597444187
 30
0.0
 10
203.18503937007873
 20
28.76125584192371
 30
0.0
 10
203.1611011193183
 20
28.747435086403236
 30
0.0
 10
203.13394072363937
 20
28.740157480314963
 30
0.0
 10
203.1062992125984
 20
28.740157480314963
 30
0.0
  0
SPLINE
  5
3E3
330
17
100
AcDbEntity
  8
Section A-A
100
AcDbSpline
 70
0
 71
3
 72
23
 73
19
 74
0
 40
0.0
 40
0.0
 40
0.0
 40
0.0
 40
1.0
 40
1.0
 40
1.0
 40
2.0
 40
2.0
 40
2.0
 40
3.0
 40
3.0
 40
3.0
 40
4.0
 40
4.0
 40
4.0
 40
5.0
 40
5.0
 40
5.0
 40
6.0
 40
6.0
 40
6.0
 40
6.0
 10
203.1062992125984
 20
28.740157480314963
 30
0.0
 10
203.13394072363937
 20
28.740157480314963
 30
0.0
 10
203.1611011193183
 20
28.73287987422669
 30
0.0
 10
203.18503937007873
 20
28.719059118706213
 30
0.0
 10
203.2089776208392
 20
28.705238363185735
 30
0.0
 10
203.22886041042983
 20
28.6853555735951
 30
0.0
 10
203.2426811659503
 20
28.661417322834648
 30
0.0
 10
203.25650192147077
 20
28.637479072074193
 30
0.0
 10
203.26377952755905
 20
28.610318676395284
 30
0.0
 10
203.26377952755905
 20
28.582677165354333
 30
0.0
 10
203.26377952755905
 20
28.55503565431338
 30
0.0
 10
203.25650192147077
 20
28.52787525863447
 30
0.0
 10
203.2426811659503
 20
28.503937007874015
 30
0.0
 10
203.22886041042983
 20
28.479998757113563
 30
0.0
 10
203.2089776208392
 20
28.460115967522928
 30
0.0
 10
203.18503937007873
 20
28.44629521200245
 30
0.0
 10
203.1611011193183
 20
28.432474456481977
 30
0.0
 10
203.13394072363937
 20
28.4251968503937
 30
0.0
 10
203.1062992125984
 20
28.4251968503937
 30
0.0
  0
SPLINE
  5
3E4
330
17
100
AcDbEntity
  8
Section A-A
100
AcDbSpline
 70
0
 71
3
 72
23
 73
19
 74
0
 40
0.0
 40
0.0
 40
0.0
 40
0.0
 40
1.0
 40
1.0
 40
1.0
 40
2.0
 40
2.0
 40
2.0
 40
3.0
 40
3.0
 40
3.0
 40
4.0
 40
4.0
 40
4.0
 40
5.0
 40
5.0
 40
5.0
 40
6.0
 40
6.0
 40
6.0
 40
6.0
 10
203.1062992125984
 20
28.4251968503937
 30
0.0
 10
203.13394072363937
 20
28.4251968503937
 30
0.0
 10
203.1611011193183
 20
28.417919244305427
 30
0.0
 10
203.18503937007873
 20
28.404098488784953
 30
0.0
 10
203.2089776208392
 20
28.390277733264476
 30
0.0
 10
203.22886041042983
 20
28.37039494367384
 30
0.0
 10
203.2426811659503
 20
28.346456692913385
 30
0.0
 10
203.25650192147077
 20
28.322518442152933
 30
0.0
 10
203.26377952755905
 20
28.295358046474025
 30
0.0
 10
203.26377952755905
 20
28.26771653543307
 30
0.0
 10
203.26377952755905
 20
28.24007502439212
 30
0.0
 10
203.25650192147077
 20
28.21291462871321
 30
0.0
 10
203.2426811659503
 20
28.188976377952756
 30
0.0
 10
203.22886041042983
 20
28.165038127192304
 30
0.0
 10
203.2089776208392
 20
28.14515533760167
 30
0.0
 10
203.18503937007873
 20
28.13133458208119
 30
0.0
 10
203.1611011193183
 20
28.117513826560714
 30
0.0
 10
203.13394072363937
 20
28.11023622047244
 30
0.0
 10
203.1062992125984
 20
28.11023622047244
 30
0.0
  0
POLYLINE
  5
3E5
330
17
100
AcDbEntity
  8
Section A-A
100
AcDb2dPolyline
 66
1
 10
0.0
 20
0.0
 30
0.0
 70
0
  0
VERTEX
  5
3E6
330
3E5
100
AcDbEntity
  8
Section A-A
100
AcDbVertex
100
AcDb2dVertex
 10
203.1062992125984
 20
28.11023622047244
 30
0.0
 70
0
  0
VERTEX
  5
3E7
330
3E5
100
AcDbEntity
  8
Section A-A
100
AcDbVertex
100
AcDb2dVertex
 10
203.1062992125984
 20
27.95275590551181
 30
0.0
 70
0
  0
VERTEX
  5
3E8
330
3E5
100
AcDbEntity
  8
Section A-A
100
AcDbVertex
100
AcDb2dVertex
 10
167.43700787401573
 20
27.95275590551181
 30
0.0
 70
0
  0
VERTEX
  5
3E9
330
3E5
100
AcDbEntity
  8
Section A-A
100
AcDbVertex
100
AcDb2dVertex
 10
167.43700787401573
 20
28.11023622047244
 30
0.0
 70
0
  0
SEQEND
  5
3EA
330
3E5
100
AcDbEntity
  8
Section A-A
  0
SPLINE
  5
3EB
330
17
100
AcDbEntity
  8
Section A-A
100
AcDbSpline
 70
0
 71
3
 72
23
 73
19
 74
0
 40
0.0
 40
0.0
 40
0.0
 40
0.0
 40
1.0
 40
1.0
 40
1.0
 40
2.0
 40
2.0
 40
2.0
 40
3.0
 40
3.0
 40
3.0
 40
4.0
 40
4.0
 40
4.0
 40
5.0
 40
5.0
 40
5.0
 40
6.0
 40
6.0
 40
6.0
 40
6.0
 10
167.43700787401573
 20
28.11023622047244
 30
0.0
 10
167.4093663629748
 20
28.11023622047244
 30
0.0
 10
167.38220596729587
 20
28.117513826560714
 30
0.0
 10
167.35826771653544
 20
28.13133458208119
 30
0.0
 10
167.33432946577497
 20
28.14515533760167
 30
0.0
 10
167.31444667618433
 20
28.165038127192304
 30
0.0
 10
167.30062592066386
 20
28.188976377952756
 30
0.0
 10
167.2868051651434
 20
28.21291462871321
 30
0.0
 10
167.2795275590551
 20
28.24007502439212
 30
0.0
 10
167.2795275590551
 20
28.26771653543307
 30
0.0
 10
167.2795275590551
 20
28.295358046474025
 30
0.0
 10
167.2868051651434
 20
28.322518442152933
 30
0.0
 10
167.30062592066386
 20
28.346456692913385
 30
0.0
 10
167.31444667618433
 20
28.37039494367384
 30
0.0
 10
167.33432946577497
 20
28.390277733264476
 30
0.0
 10
167.35826771653544
 20
28.404098488784953
 30
0.0
 10
167.38220596729587
 20
28.417919244305427
 30
0.0
 10
167.4093663629748
 20
28.4251968503937
 30
0.0
 10
167.43700787401573
 20
28.4251968503937
 30
0.0
  0
SPLINE
  5
3EC
330
17
100
AcDbEntity
  8
Section A-A
100
AcDbSpline
 70
0
 71
3
 72
23
 73
19
 74
0
 40
0.0
 40
0.0
 40
0.0
 40
0.0
 40
1.0
 40
1.0
 40
1.0
 40
2.0
 40
2.0
 40
2.0
 40
3.0
 40
3.0
 40
3.0
 40
4.0
 40
4.0
 40
4.0
 40
5.0
 40
5.0
 40
5.0
 40
6.0
 40
6.0
 40
6.0
 40
6.0
 10
167.43700787401573
 20
28.4251968503937
 30
0.0
 10
167.4093663629748
 20
28.4251968503937
 30
0.0
 10
167.38220596729587
 20
28.432474456481977
 30
0.0
 10
167.35826771653544
 20
28.44629521200245
 30
0.0
 10
167.33432946577497
 20
28.460115967522928
 30
0.0
 10
167.31444667618433
 20
28.479998757113563
 30
0.0
 10
167.30062592066386
 20
28.503937007874015
 30
0.0
 10
167.2868051651434
 20
28.52787525863447
 30
0.0
 10
167.2795275590551
 20
28.55503565431338
 30
0.0
 10
167.2795275590551
 20
28.582677165354333
 30
0.0
 10
167.2795275590551
 20
28.610318676395284
 30
0.0
 10
167.2868051651434
 20
28.637479072074193
 30
0.0
 10
167.30062592066386
 20
28.661417322834648
 30
0.0
 10
167.31444667618433
 20
28.6853555735951
 30
0.0
 10
167.33432946577497
 20
28.705238363185735
 30
0.0
 10
167.35826771653544
 20
28.719059118706213
 30
0.0
 10
167.38220596729587
 20
28.73287987422669
 30
0.0
 10
167.4093663629748
 20
28.740157480314963
 30
0.0
 10
167.43700787401573
 20
28.740157480314963
 30
0.0
  0
SPLINE
  5
3ED
330
17
100
AcDbEntity
  8
Section A-A
100
AcDbSpline
 70
0
 71
3
 72
23
 73
19
 74
0
 40
0.0
 40
0.0
 40
0.0
 40
0.0
 40
1.0
 40
1.0
 40
1.0
 40
2.0
 40
2.0
 40
2.0
 40
3.0
 40
3.0
 40
3.0
 40
4.0
 40
4.0
 40
4.0
 40
5.0
 40
5.0
 40
5.0
 40
6.0
 40
6.0
 40
6.0
 40
6.0
 10
167.43700787401573
 20
28.740157480314963
 30
0.0
 10
167.4093663629748
 20
28.740157480314963
 30
0.0
 10
167.38220596729587
 20
28.747435086403236
 30
0.0
 10
167.35826771653544
 20
28.76125584192371
 30
0.0
 10
167.33432946577497
 20
28.775076597444187
 30
0.0
 10
167.31444667618433
 20
28.794959387034822
 30
0.0
 10
167.30062592066386
 20
28.818897637795278
 30
0.0
 10
167.2868051651434
 20
28.84283588855573
 30
0.0
 10
167.2795275590551
 20
28.869996284234638
 30
0.0
 10
167.2795275590551
 20
28.897637795275593
 30
0.0
 10
167.2795275590551
 20
28.925279306316543
 30
0.0
 10
167.2868051651434
 20
28.952439701995452
 30
0.0
 10
167.30062592066386
 20
28.976377952755907
 30
0.0
 10
167.31444667618433
 20
29.00031620351636
 30
0.0
 10
167.33432946577497
 20
29.020198993106995
 30
0.0
 10
167.35826771653544
 20
29.034019748627472
 30
0.0
 10
167.38220596729587
 20
29.04784050414795
 30
0.0
 10
167.4093663629748
 20
29.055118110236222
 30
0.0
 10
167.43700787401573
 20
29.055118110236222
 30
0.0
  0
SPLINE
  5
3EE
330
17
100
AcDbEntity
  8
Section A-A
100
AcDbSpline
 70
0
 71
3
 72
23
 73
19
 74
0
 40
0.0
 40
0.0
 40
0.0
 40
0.0
 40
1.0
 40
1.0
 40
1.0
 40
2.0
 40
2.0
 40
2.0
 40
3.0
 40
3.0
 40
3.0
 40
4.0
 40
4.0
 40
4.0
 40
5.0
 40
5.0
 40
5.0
 40
6.0
 40
6.0
 40
6.0
 40
6.0
 10
167.43700787401573
 20
29.055118110236222
 30
0.0
 10
167.4093663629748
 20
29.055118110236222
 30
0.0
 10
167.38220596729587
 20
29.062395716324495
 30
0.0
 10
167.35826771653544
 20
29.076216471844972
 30
0.0
 10
167.33432946577497
 20
29.090037227365446
 30
0.0
 10
167.31444667618433
 20
29.10992001695608
 30
0.0
 10
167.30062592066386
 20
29.133858267716537
 30
0.0
 10
167.2868051651434
 20
29.15779651847699
 30
0.0
 10
167.2795275590551
 20
29.184956914155897
 30
0.0
 10
167.2795275590551
 20
29.212598425196852
 30
0.0
 10
167.2795275590551
 20
29.240239936237803
 30
0.0
 10
167.2868051651434
 20
29.26740033191671
 30
0.0
 10
167.30062592066386
 20
29.291338582677167
 30
0.0
 10
167.31444667618433
 20
29.31527683343762
 30
0.0
 10
167.33432946577497
 20
29.335159623028254
 30
0.0
 10
167.35826771653544
 20
29.34898037854873
 30
0.0
 10
167.38220596729587
 20
29.36280113406921
 30
0.0
 10
167.4093663629748
 20
29.37007874015748
 30
0.0
 10
167.43700787401573
 20
29.37007874015748
 30
0.0
  0
POLYLINE
  5
3EF
330
17
100
AcDbEntity
  8
Section A-A
100
AcDb2dPolyline
 66
1
 10
0.0
 20
0.0
 30
0.0
 70
0
  0
VERTEX
  5
3F0
330
3EF
100
AcDbEntity
  8
Section A-A
100
AcDbVertex
100
AcDb2dVertex
 10
167.43700787401573
 20
29.37007874015748
 30
0.0
 70
0
  0
VERTEX
  5
3F1
330
3EF
100
AcDbEntity
  8
Section A-A
100
AcDbVertex
100
AcDb2dVertex
 10
167.43700787401573
 20
29.52755905511811
 30
0.0
 70
0
  0
SEQEND
  5
3F2
330
3EF
100
AcDbEntity
  8
Section A-A
  0
LWPOLYLINE
  5
3F3
330
17
100
AcDbEntity
  8
Section A-A
100
AcDbPolyline
 90
5
 70
0
 10
168.46062992125982
 20
24.409448818897637
 10
202.0826771653543
 20
24.409448818897637
 10
202.0826771653543
 20
3.1496062992126
 10
168.46062992125982
 20
3.1496062992126
 10
168.46062992125982
 20
24.409448818897637
  0
LWPOLYLINE
  5
3F4
330
17
100
AcDbEntity
  8
Section A-A
100
AcDbPolyline
 90
5
 70
0
 10
167.87007874015748
 20
3.1496062992126
 10
202.67322834645668
 20
3.1496062992126
 10
202.67322834645668
 20
0.0
 10
167.87007874015748
 20
0.0
 10
167.87007874015748
 20
3.1496062992126
  0
HATCH
  5
3F5
330
17
100
AcDbEntity
  8
Section A-A hatch
 62
7
100
AcDbHatch
 10
0.0
 20
0.0
 30
0.0
210
0.0
220
0.0
230
1.0
  2
ANSI31
 70
0
 71
0
 91
1
 92
3
 72
0
 73
1
 93
5
 10
168.46062992125982
 20
27.834645669291337
 10
169.3267716535433
 20
27.834645669291337
 10
169.3267716535433
 20
25.11811023622047
 10
168.46062992125982
 20
25.11811023622047
 10
168.46062992125982
 20
27.834645669291337
 97
0
 75
1
 76
1
 52
0.0
 41
0.15748031496062992
 77
0
 78
1
 53
45.0
 43
0.0
 44
0.0
 45
-0.0139194248
 46
0.0139194248
 79
0
 98
0
  0
LWPOLYLINE
  5
3F6
330
17
100
AcDbEntity
  8
Section A-A
100
AcDbPolyline
 90
5
 70
0
 10
168.46062992125982
 20
27.83464566929134
 10
169.3267716535433
 20
27.83464566929134
 10
169.3267716535433
 20
25.118110236220474
 10
168.46062992125982
 20
25.118110236220474
 10
168.46062992125982
 20
27.83464566929134
  0
HATCH
  5
3F7
330
17
100
AcDbEntity
  8
Section A-A hatch
 62
7
100
AcDbHatch
 10
0.0
 20
0.0
 30
0.0
210
0.0
220
0.0
230
1.0
  2
ANSI31
 70
0
 71
0
 91
1
 92
3
 72
0
 73
1
 93
5
 10
169.3267716535433
 20
25.590551181102363
 10
198.93307086614172
 20
25.590551181102363
 10
198.93307086614172
 20
25.236220472440944
 10
169.3267716535433
 20
25.236220472440944
 10
169.3267716535433
 20
25.590551181102363
 97
0
 75
1
 76
1
 52
0.0
 41
0.15748031496062992
 77
0
 78
1
 53
45.0
 43
0.0
 44
0.0
 45
-0.0139194248
 46
0.0139194248
 79
0
 98
0
  0
LWPOLYLINE
  5
3F8
330
17
100
AcDbEntity
  8
Section A-A
100
AcDbPolyline
 90
5
 70
0
 10
169.3267716535433
 20
25.590551181102363
 10
198.93307086614172
 20
25.590551181102363
 10
198.93307086614172
 20
25.236220472440944
 10
169.3267716535433
 20
25.236220472440944
 10
169.3267716535433
 20
25.590551181102363
  0
HATCH
  5
3F9
330
17
100
AcDbEntity
  8
Section A-A hatch
 62
7
100
AcDbHatch
 10
0.0
 20
0.0
 30
0.0
210
0.0
220
0.0
230
1.0
  2
ANSI31
 70
0
 71
0
 91
1
 92
3
 72
0
 73
1
 93
5
 10
198.34251968503935
 20
26.968503937007874
 10
198.93307086614172
 20
26.968503937007874
 10
198.93307086614172
 20
25.236220472440944
 10
198.34251968503935
 20
25.236220472440944
 10
198.34251968503935
 20
26.968503937007874
 97
0
 75
1
 76
1
 52
0.0
 41
0.15748031496062992
 77
0
 78
1
 53
45.0
 43
0.0
 44
0.0
 45
-0.0139194248
 46
0.0139194248
 79
0
 98
0
  0
LWPOLYLINE
  5
3FA
330
17
100
AcDbEntity
  8
Section A-A
100
AcDbPolyline
 90
5
 70
0
 10
198.34251968503935
 20
26.968503937007874
 10
198.93307086614172
 20
26.968503937007874
 10
198.93307086614172
 20
25.236220472440944
 10
198.34251968503935
 20
25.236220472440944
 10
198.34251968503935
 20
26.968503937007874
  0
LWPOLYLINE
  5
3FB
330
17
100
AcDbEntity
  8
Section A-A
100
AcDbPolyline
 90
5
 70
0
 10
169.3267716535433
 20
25.236220472440944
 10
200.58661417322833
 20
25.236220472440944
 10
200.58661417322833
 20
25.0
 10
169.3267716535433
 20
25.0
 10
169.3267716535433
 20
25.236220472440944
  0
HATCH
  5
3FC
330
17
100
AcDbEntity
  8
Section A-A hatch
 62
7
100
AcDbHatch
 10
0.0
 20
0.0
 30
0.0
210
0.0
220
0.0
230
1.0
  2
ANSI31
 70
0
 71
0
 91
1
 92
3
 72
0
 73
1
 93
5
 10
168.46062992125982
 20
25.0
 10
169.3267716535433
 20
25.0
 10
169.3267716535433
 20
24.409448818897637
 10
168.46062992125982
 20
24.409448818897637
 10
168.46062992125982
 20
25.0
 97
0
 75
1
 76
1
 52
0.0
 41
0.15748031496062992
 77
0
 78
1
 53
45.0
 43
0.0
 44
0.0
 45
-0.0139194248
 46
0.0139194248
 79
0
 98
0
  0
LWPOLYLINE
  5
3FD
330
17
100
AcDbEntity
  8
Section A-A
100
AcDbPolyline
 90
5
 70
0
 10
168.46062992125982
 20
25.0
 10
169.3267716535433
 20
25.0
 10
169.3267716535433
 20
24.409448818897637
 10
168.46062992125982
 20
24.409448818897637
 10
168.46062992125982
 20
25.0
  0
HATCH
  5
3FE
330
17
100
AcDbEntity
  8
Section A-A hatch
 62
7
100
AcDbHatch
 10
0.0
 20
0.0
 30
0.0
210
0.0
220
0.0
230
1.0
  2
ANSI31
 70
0
 71
0
 91
1
 92
3
 72
0
 73
1
 93
5
 10
201.21653543307085
 20
27.95275590551181
 10
202.0826771653543
 20
27.95275590551181
 10
202.0826771653543
 20
24.409448818897637
 10
201.21653543307085
 20
24.409448818897637
 10
201.21653543307085
 20
27.95275590551181
 97
0
 75
1
 76
1
 52
0.0
 41
0.15748031496062992
 77
0
 78
1
 53
45.0
 43
0.0
 44
0.0
 45
-0.0139194248
 46
0.0139194248
 79
0
 98
0
  0
LWPOLYLINE
  5
3FF
330
17
100
AcDbEntity
  8
Section A-A
100
AcDbPolyline
 90
5
 70
0
 10
201.21653543307087
 20
27.95275590551181
 10
202.0826771653543
 20
27.95275590551181
 10
202.0826771653543
 20
24.409448818897637
 10
201.21653543307087
 20
24.409448818897637
 10
201.21653543307087
 20
27.95275590551181
  0
HATCH
  5
400
330
17
100
AcDbEntity
  8
Section A-A hatch
 62
7
100
AcDbHatch
 10
0.0
 20
0.0
 30
0.0
210
0.0
220
0.0
230
1.0
  2
ANSI31
 70
0
 71
0
 91
1
 92
3
 72
0
 73
1
 93
5
 10
200.507874015748
 20
24.409448818897637
 10
201.21653543307085
 20
24.409448818897637
 10
201.21653543307085
 20
5.905511811023622
 10
200.507874015748
 20
5.905511811023622
 10
200.507874015748
 20
24.409448818897637
 97
0
 75
1
 76
1
 52
0.0
 41
0.15748031496062992
 77
0
 78
1
 53
45.0
 43
0.0
 44
0.0
 45
-0.0139194248
 46
0.0139194248
 79
0
 98
0
  0
LWPOLYLINE
  5
401
330
17
100
AcDbEntity
  8
Section A-A
100
AcDbPolyline
 90
5
 70
0
 10
200.50787401574803
 20
24.409448818897637
 10
201.21653543307087
 20
24.409448818897637
 10
201.21653543307087
 20
5.905511811023622
 10
200.50787401574803
 20
5.905511811023622
 10
200.50787401574803
 20
24.409448818897637
  0
LINE
  5
402
330
17
100
AcDbEntity
  8
Section A-A
100
AcDbLine
 10
164.91732283464566
 20
0.0
 30
0.0
 11
205.62598425196848
 21
0.0
 31
0.0
  0
TEXT
  5
403
330
17
100
AcDbEntity
  8
LABELS
100
AcDbText
 10
164.91732283464566
 20
31.88976377952756
 30
0.0
 40
0.8141732283464567
  1
SECTION A-A  (1:1, inches)
 11
164.91732283464566
 21
31.88976377952756
 31
0.0
100
AcDbText
  0
LWPOLYLINE
  5
406
330
17
100
AcDbEntity
  8
Plan
100
AcDbPolyline
 90
5
 70
0
 10
215.46850393700785
 20
35.98425196850393
 10
305.4685039370079
 20
35.98425196850393
 10
305.4685039370079
 20
0.0
 10
215.46850393700785
 20
0.0
 10
215.46850393700785
 20
35.98425196850393
  0
LWPOLYLINE
  5
407
330
17
100
AcDbEntity
  8
Plan
100
AcDbPolyline
 90
5
 70
0
 10
215.7047244094488
 20
35.748031496062985
 10
305.2322834645669
 20
35.748031496062985
 10
305.2322834645669
 20
0.2362204724409409
 10
215.7047244094488
 20
0.2362204724409409
 10
215.7047244094488
 20
35.748031496062985
  0
SPLINE
  5
408
330
17
100
AcDbEntity
  8
Plan
100
AcDbSpline
 70
0
 71
3
 72
8
 73
4
 74
0
 40
0.0
 40
0.0
 40
0.0
 40
0.0
 40
1.0
 40
1.0
 40
1.0
 40
1.0
 10
231.66850393700784
 20
25.188976377952756
 30
0.0
 10
246.96850393700785
 20
25.661417322834644
 30
0.0
 10
260.4685039370079
 20
24.63779527559055
 30
0.0
 10
289.26850393700784
 20
25.188976377952756
 30
0.0
  0
SPLINE
  5
409
330
17
100
AcDbEntity
  8
Plan
100
AcDbSpline
 70
0
 71
3
 72
8
 73
4
 74
0
 40
0.0
 40
0.0
 40
0.0
 40
0.0
 40
1.0
 40
1.0
 40
1.0
 40
1.0
 10
231.66850393700784
 20
17.992125984251967
 30
0.0
 10
246.96850393700785
 20
18.464566929133856
 30
0.0
 10
260.4685039370079
 20
17.44094488188976
 30
0.0
 10
289.26850393700784
 20
17.992125984251967
 30
0.0
  0
SPLINE
  5
40A
330
17
100
AcDbEntity
  8
Plan
100
AcDbSpline
 70
0
 71
3
 72
8
 73
4
 74
0
 40
0.0
 40
0.0
 40
0.0
 40
0.0
 40
1.0
 40
1.0
 40
1.0
 40
1.0
 10
231.66850393700784
 20
10.795275590551181
 30
0.0
 10
246.96850393700785
 20
11.26771653543307
 30
0.0
 10
260.4685039370079
 20
10.244094488188974
 30
0.0
 10
289.26850393700784
 20
10.795275590551181
 30
0.0
  0
LWPOLYLINE
  5
40B
330
17
100
AcDbEntity
  8
Plan
  6
DASHED
100
AcDbPolyline
 90
5
 70
0
 10
216.64960629921256
 20
34.80314960629921
 10
238.69685039370077
 20
34.80314960629921
 10
238.69685039370077
 20
1.1811023622047188
 10
216.64960629921256
 20
1.1811023622047188
 10
216.64960629921256
 20
34.80314960629921
  0
LWPOLYLINE
  5
40C
330
17
100
AcDbEntity
  8
Plan
  6
DASHED
100
AcDbPolyline
 90
5
 70
0
 10
282.2401574803149
 20
34.80314960629921
 10
304.28740157480314
 20
34.80314960629921
 10
304.28740157480314
 20
1.1811023622047188
 10
282.2401574803149
 20
1.1811023622047188
 10
282.2401574803149
 20
34.80314960629921
  0
LWPOLYLINE
  5
40D
330
17
100
AcDbEntity
  8
Plan
  6
DASHED
100
AcDbPolyline
 90
5
 70
0
 10
216.96456692913384
 20
35.2755905511811
 10
217.98818897637793
 20
35.2755905511811
 10
217.98818897637793
 20
34.80314960629921
 10
216.96456692913384
 20
34.80314960629921
 10
216.96456692913384
 20
35.2755905511811
  0
LWPOLYLINE
  5
40E
330
17
100
AcDbEntity
  8
Plan
  6
DASHED
100
AcDbPolyline
 90
5
 70
0
 10
216.1771653543307
 20
34.48818897637795
 10
216.64960629921256
 20
34.48818897637795
 10
216.64960629921256
 20
33.46456692913385
 10
216.1771653543307
 20
33.46456692913385
 10
216.1771653543307
 20
34.48818897637795
  0
LWPOLYLINE
  5
40F
330
17
100
AcDbEntity
  8
Plan
  6
DASHED
100
AcDbPolyline
 90
5
 70
0
 10
302.9488188976378
 20
35.2755905511811
 10
303.9724409448819
 20
35.2755905511811
 10
303.9724409448819
 20
34.80314960629921
 10
302.9488188976378
 20
34.80314960629921
 10
302.9488188976378
 20
35.2755905511811
  0
LWPOLYLINE
  5
410
330
17
100
AcDbEntity
  8
Plan
  6
DASHED
100
AcDbPolyline
 90
5
 70
0
 10
304.28740157480314
 20
34.48818897637795
 10
304.75984251968504
 20
34.48818897637795
 10
304.75984251968504
 20
33.46456692913385
 10
304.28740157480314
 20
33.46456692913385
 10
304.28740157480314
 20
34.48818897637795
  0
LWPOLYLINE
  5
411
330
17
100
AcDbEntity
  8
Plan
  6
DASHED
100
AcDbPolyline
 90
5
 70
0
 10
302.9488188976378
 20
1.1811023622047188
 10
303.9724409448819
 20
1.1811023622047188
 10
303.9724409448819
 20
0.7086614173228298
 10
302.9488188976378
 20
0.7086614173228298
 10
302.9488188976378
 20
1.1811023622047188
  0
LWPOLYLINE
  5
412
330
17
100
AcDbEntity
  8
Plan
  6
DASHED
100
AcDbPolyline
 90
5
 70
0
 10
304.28740157480314
 20
2.5196850393700743
 10
304.75984251968504
 20
2.5196850393700743
 10
304.75984251968504
 20
1.496062992125978
 10
304.28740157480314
 20
1.496062992125978
 10
304.28740157480314
 20
2.5196850393700743
  0
LWPOLYLINE
  5
413
330
17
100
AcDbEntity
  8
Plan
  6
DASHED
100
AcDbPolyline
 90
5
 70
0
 10
216.96456692913384
 20
1.1811023622047188
 10
217.98818897637793
 20
1.1811023622047188
 10
217.98818897637793
 20
0.7086614173228298
 10
216.96456692913384
 20
0.7086614173228298
 10
216.96456692913384
 20
1.1811023622047188
  0
LWPOLYLINE
  5
414
330
17
100
AcDbEntity
  8
Plan
  6
DASHED
100
AcDbPolyline
 90
5
 70
0
 10
216.1771653543307
 20
2.5196850393700743
 10
216.64960629921256
 20
2.5196850393700743
 10
216.64960629921256
 20
1.496062992125978
 10
216.1771653543307
 20
1.496062992125978
 10
216.1771653543307
 20
2.5196850393700743
  0
LINE
  5
415
330
17
100
AcDbEntity
  8
Plan
  6
DASHED
100
AcDbLine
 10
238.69685039370077
 20
2.7559055118110236
 30
0.0
 11
282.24015748031496
 21
2.7559055118110236
 31
0.0
  0
TEXT
  5
416
330
17
100
AcDbEntity
  8
LABELS
100
AcDbText
 10
215.46850393700785
 20
38.346456692913385
 30
0.0
 40
1.7999999999999998
  1
PLAN  (1:1, inches)
 11
215.46850393700785
 21
38.346456692913385
 31
0.0
100
AcDbText
  0
LWPOLYLINE
  5
419
330
17
100
AcDbEntity
  8
Back elevation
100
AcDbPolyline
 90
5
 70
0
 10
321.3307086614173
 20
29.52755905511811
 10
411.3307086614173
 20
29.52755905511811
 10
411.3307086614173
 20
27.95275590551181
 10
321.3307086614173
 20
27.95275590551181
 10
321.3307086614173
 20
29.52755905511811
  0
LINE
  5
41A
330
17
100
AcDbEntity
  8
Back elevation
100
AcDbLine
 10
321.3307086614173
 20
29.21259842519685
 30
0.0
 11
411.3307086614173
 21
29.21259842519685
 31
0.0
  0
LINE
  5
41B
330
17
100
AcDbEntity
  8
Back elevation
100
AcDbLine
 10
321.3307086614173
 20
28.89763779527559
 30
0.0
 11
411.3307086614173
 21
28.89763779527559
 31
0.0
  0
LINE
  5
41C
330
17
100
AcDbEntity
  8
Back elevation
100
AcDbLine
 10
321.3307086614173
 20
28.58267716535433
 30
0.0
 11
411.3307086614173
 21
28.58267716535433
 31
0.0
  0
LINE
  5
41D
330
17
100
AcDbEntity
  8
Back elevation
100
AcDbLine
 10
321.3307086614173
 20
28.26771653543307
 30
0.0
 11
411.3307086614173
 21
28.26771653543307
 31
0.0
  0
LWPOLYLINE
  5
41E
330
17
100
AcDbEntity
  8
Back elevation
100
AcDbPolyline
 90
5
 70
0
 10
322.51181102362204
 20
27.95275590551181
 10
410.14960629921256
 20
27.95275590551181
 10
410.14960629921256
 20
25.0
 10
322.51181102362204
 20
25.0
 10
322.51181102362204
 20
27.95275590551181
  0
LWPOLYLINE
  5
41F
330
17
100
AcDbEntity
  8
Back elevation
100
AcDbPolyline
 90
5
 70
0
 10
325.0314960629921
 20
27.165354330708663
 10
343.7716535433071
 20
27.165354330708663
 10
343.7716535433071
 20
25.78740157480315
 10
325.0314960629921
 20
25.78740157480315
 10
325.0314960629921
 20
27.165354330708663
  0
LWPOLYLINE
  5
420
330
17
100
AcDbEntity
  8
Back elevation
100
AcDbPolyline
 90
5
 70
0
 10
345.34645669291336
 20
27.165354330708663
 10
387.31496062992125
 20
27.165354330708663
 10
387.31496062992125
 20
25.78740157480315
 10
345.34645669291336
 20
25.78740157480315
 10
345.34645669291336
 20
27.165354330708663
  0
LWPOLYLINE
  5
421
330
17
100
AcDbEntity
  8
Back elevation
100
AcDbPolyline
 90
5
 70
0
 10
388.8897637795275
 20
27.165354330708663
 10
407.6299212598425
 20
27.165354330708663
 10
407.6299212598425
 20
25.78740157480315
 10
388.8897637795275
 20
25.78740157480315
 10
388.8897637795275
 20
27.165354330708663
  0
LWPOLYLINE
  5
422
330
17
100
AcDbEntity
  8
Back elevation
100
AcDbPolyline
 90
5
 70
0
 10
322.51181102362204
 20
25.0
 10
410.14960629921256
 20
25.0
 10
410.14960629921256
 20
24.409448818897637
 10
322.51181102362204
 20
24.409448818897637
 10
322.51181102362204
 20
25.0
  0
LWPOLYLINE
  5
423
330
17
100
AcDbEntity
  8
Back elevation
100
AcDbPolyline
 90
5
 70
0
 10
344.5590551181102
 20
24.409448818897637
 10
388.1023622047244
 20
24.409448818897637
 10
388.1023622047244
 20
5.905511811023622
 10
344.5590551181102
 20
5.905511811023622
 10
344.5590551181102
 20
24.409448818897637
  0
LWPOLYLINE
  5
424
330
17
100
AcDbEntity
  8
Back elevation
100
AcDbPolyline
 90
5
 70
0
 10
346.1338582677165
 20
22.83464566929134
 10
365.54330708661416
 20
22.83464566929134
 10
365.54330708661416
 20
7.480314960629922
 10
346.1338582677165
 20
7.480314960629922
 10
346.1338582677165
 20
22.83464566929134
  0
LWPOLYLINE
  5
425
330
17
100
AcDbEntity
  8
Back elevation
100
AcDbPolyline
 90
5
 70
0
 10
367.11811023622045
 20
22.83464566929134
 10
386.5275590551181
 20
22.83464566929134
 10
386.5275590551181
 20
7.480314960629922
 10
367.11811023622045
 20
7.480314960629922
 10
367.11811023622045
 20
22.83464566929134
  0
LWPOLYLINE
  5
426
330
17
100
AcDbEntity
  8
Back elevation
100
AcDbPolyline
 90
5
 70
0
 10
322.51181102362204
 20
24.409448818897637
 10
344.5590551181102
 20
24.409448818897637
 10
344.5590551181102
 20
3.1496062992126
 10
322.51181102362204
 20
3.1496062992126
 10
322.51181102362204
 20
24.409448818897637
  0
LWPOLYLINE
  5
427
330
17
100
AcDbEntity
  8
Back elevation
100
AcDbPolyline
 90
5
 70
0
 10
324.4803149606299
 20
22.440944881889763
 10
342.59055118110234
 20
22.440944881889763
 10
342.59055118110234
 20
5.118110236220474
 10
324.4803149606299
 20
5.118110236220474
 10
324.4803149606299
 20
22.440944881889763
  0
LWPOLYLINE
  5
428
330
17
100
AcDbEntity
  8
Back elevation
100
AcDbPolyline
 90
5
 70
0
 10
324.79527559055117
 20
22.125984251968504
 10
342.2755905511811
 20
22.125984251968504
 10
342.2755905511811
 20
5.433070866141733
 10
324.79527559055117
 20
5.433070866141733
 10
324.79527559055117
 20
22.125984251968504
  0
LWPOLYLINE
  5
429
330
17
100
AcDbEntity
  8
Back elevation
100
AcDbPolyline
 90
5
 70
0
 10
321.92125984251965
 20
3.1496062992126
 10
345.14960629921256
 20
3.1496062992126
 10
345.14960629921256
 20
0.0
 10
321.92125984251965
 20
0.0
 10
321.92125984251965
 20
3.1496062992126
  0
LINE
  5
42A
330
17
100
AcDbEntity
  8
Back elevation
100
AcDbLine
 10
321.92125984251965
 20
2.7559055118110236
 30
0.0
 11
345.14960629921256
 21
2.7559055118110236
 31
0.0
  0
LWPOLYLINE
  5
42B
330
17
100
AcDbEntity
  8
Back elevation
100
AcDbPolyline
 90
5
 70
0
 10
388.1023622047244
 20
24.409448818897637
 10
410.14960629921256
 20
24.409448818897637
 10
410.14960629921256
 20
3.1496062992126
 10
388.1023622047244
 20
3.1496062992126
 10
388.1023622047244
 20
24.409448818897637
  0
LWPOLYLINE
  5
42C
330
17
100
AcDbEntity
  8
Back elevation
100
AcDbPolyline
 90
5
 70
0
 10
390.07086614173227
 20
22.440944881889763
 10
408.1811023622047
 20
22.440944881889763
 10
408.1811023622047
 20
5.118110236220474
 10
390.07086614173227
 20
5.118110236220474
 10
390.07086614173227
 20
22.440944881889763
  0
LWPOLYLINE
  5
42D
330
17
100
AcDbEntity
  8
Back elevation
100
AcDbPolyline
 90
5
 70
0
 10
390.3858267716535
 20
22.125984251968504
 10
407.86614173228344
 20
22.125984251968504
 10
407.86614173228344
 20
5.433070866141733
 10
390.3858267716535
 20
5.433070866141733
 10
390.3858267716535
 20
22.125984251968504
  0
LWPOLYLINE
  5
42E
330
17
100
AcDbEntity
  8
Back elevation
100
AcDbPolyline
 90
5
 70
0
 10
387.51181102362204
 20
3.1496062992126
 10
410.7401574803149
 20
3.1496062992126
 10
410.7401574803149
 20
0.0
 10
387.51181102362204
 20
0.0
 10
387.51181102362204
 20
3.1496062992126
  0
LINE
  5
42F
330
17
100
AcDbEntity
  8
Back elevation
100
AcDbLine
 10
387.511811023622
 20
2.7559055118110236
 30
0.0
 11
410.7401574803149
 21
2.7559055118110236
 31
0.0
  0
LWPOLYLINE
  5
430
330
17
100
AcDbEntity
  8
Back elevation
100
AcDbPolyline
 90
5
 70
0
 10
322.8267716535433
 20
24.409448818897637
 10
323.8503937007874
 20
24.409448818897637
 10
323.8503937007874
 20
5.511811023622048
 10
322.8267716535433
 20
5.511811023622048
 10
322.8267716535433
 20
24.409448818897637
  0
LINE
  5
431
330
17
100
AcDbEntity
  8
Back elevation
100
AcDbLine
 10
322.9842519685039
 20
24.409448818897637
 30
0.0
 11
322.9842519685039
 21
5.511811023622047
 31
0.0
  0
LINE
  5
432
330
17
100
AcDbEntity
  8
Back elevation
100
AcDbLine
 10
323.6929133858267
 20
24.409448818897637
 30
0.0
 11
323.6929133858267
 21
5.511811023622047
 31
0.0
  0
LINE
  5
433
330
17
100
AcDbEntity
  8
Back elevation
100
AcDbLine
 10
323.1437007874015
 20
24.409448818897637
 30
0.0
 11
323.1437007874015
 21
5.511811023622047
 31
0.0
  0
LINE
  5
434
330
17
100
AcDbEntity
  8
Back elevation
100
AcDbLine
 10
323.5334645669291
 20
24.409448818897637
 30
0.0
 11
323.5334645669291
 21
5.511811023622047
 31
0.0
  0
LWPOLYLINE
  5
435
330
17
100
AcDbEntity
  8
Back elevation
100
AcDbPolyline
 90
5
 70
0
 10
322.70866141732284
 20
20.31496062992126
 10
323.9685039370079
 20
20.31496062992126
 10
323.9685039370079
 20
19.84251968503937
 10
322.70866141732284
 20
19.84251968503937
 10
322.70866141732284
 20
20.31496062992126
  0
LINE
  5
436
330
17
100
AcDbEntity
  8
Back elevation
100
AcDbLine
 10
322.7086614173228
 20
20.078740157480315
 30
0.0
 11
323.9685039370078
 21
20.078740157480315
 31
0.0
  0
LWPOLYLINE
  5
437
330
17
100
AcDbEntity
  8
Back elevation
100
AcDbPolyline
 90
5
 70
0
 10
322.70866141732284
 20
7.244094488188978
 10
323.9685039370079
 20
7.244094488188978
 10
323.9685039370079
 20
6.771653543307089
 10
322.70866141732284
 20
6.771653543307089
 10
322.70866141732284
 20
7.244094488188978
  0
LINE
  5
438
330
17
100
AcDbEntity
  8
Back elevation
100
AcDbLine
 10
322.7086614173228
 20
7.0078740157480315
 30
0.0
 11
323.9685039370078
 21
7.0078740157480315
 31
0.0
  0
SPLINE
  5
439
330
17
100
AcDbEntity
  8
Back elevation
100
AcDbSpline
 70
0
 71
3
 72
41
 73
37
 74
0
 40
0.0
 40
0.0
 40
0.0
 40
0.0
 40
1.0
 40
1.0
 40
1.0
 40
2.0
 40
2.0
 40
2.0
 40
3.0
 40
3.0
 40
3.0
 40
4.0
 40
4.0
 40
4.0
 40
5.0
 40
5.0
 40
5.0
 40
6.0
 40
6.0
 40
6.0
 40
7.0
 40
7.0
 40
7.0
 40
8.0
 40
8.0
 40
8.0
 40
9.0
 40
9.0
 40
9.0
 40
10.0
 40
10.0
 40
10.0
 40
11.0
 40
11.0
 40
11.0
 40
12.0
 40
12.0
 40
12.0
 40
12.0
 10
323.33858267716533
 20
19.37007874015748
 30
0.0
 10
323.33858267716533
 20
19.33207166247617
 30
0.0
 10
323.32220806346675
 20
19.29472611841767
 30
0.0
 10
323.29111136354567
 20
19.261811023622048
 30
0.0
 10
323.2600146636246
 20
19.228895928826425
 30
0.0
 10
323.21527838704566
 20
19.2015570931393
 30
0.0
 10
323.1614173228346
 20
19.182553554298647
 30
0.0
 10
323.1075562586236
 20
19.163550015457993
 30
0.0
 10
323.04644536834604
 20
19.153543307086615
 30
0.0
 10
322.98425196850394
 20
19.153543307086615
 30
0.0
 10
322.9220585686618
 20
19.153543307086615
 30
0.0
 10
322.8609476783842
 20
19.163550015457993
 30
0.0
 10
322.8070866141732
 20
19.182553554298647
 30
0.0
 10
322.75322554996217
 20
19.2015570931393
 30
0.0
 10
322.70848927338324
 20
19.228895928826425
 30
0.0
 10
322.6773925734622
 20
19.261811023622048
 30
0.0
 10
322.64629587354113
 20
19.29472611841767
 30
0.0
 10
322.6299212598425
 20
19.33207166247617
 30
0.0
 10
322.6299212598425
 20
19.37007874015748
 30
0.0
 10
322.6299212598425
 20
19.40808581783879
 30
0.0
 10
322.64629587354113
 20
19.445431361897292
 30
0.0
 10
322.6773925734622
 20
19.478346456692915
 30
0.0
 10
322.70848927338324
 20
19.511261551488538
 30
0.0
 10
322.75322554996217
 20
19.538600387175663
 30
0.0
 10
322.8070866141732
 20
19.557603926016316
 30
0.0
 10
322.8609476783842
 20
19.57660746485697
 30
0.0
 10
322.9220585686618
 20
19.586614173228348
 30
0.0
 10
322.98425196850394
 20
19.586614173228348
 30
0.0
 10
323.04644536834604
 20
19.586614173228348
 30
0.0
 10
323.1075562586236
 20
19.57660746485697
 30
0.0
 10
323.1614173228346
 20
19.557603926016316
 30
0.0
 10
323.21527838704566
 20
19.538600387175663
 30
0.0
 10
323.2600146636246
 20
19.511261551488538
 30
0.0
 10
323.29111136354567
 20
19.478346456692915
 30
0.0
 10
323.32220806346675
 20
19.445431361897292
 30
0.0
 10
323.33858267716533
 20
19.40808581783879
 30
0.0
 10
323.33858267716533
 20
19.37007874015748
 30
0.0
  0
SPLINE
  5
43A
330
17
100
AcDbEntity
  8
Back elevation
100
AcDbSpline
 70
0
 71
3
 72
41
 73
37
 74
0
 40
0.0
 40
0.0
 40
0.0
 40
0.0
 40
1.0
 40
1.0
 40
1.0
 40
2.0
 40
2.0
 40
2.0
 40
3.0
 40
3.0
 40
3.0
 40
4.0
 40
4.0
 40
4.0
 40
5.0
 40
5.0
 40
5.0
 40
6.0
 40
6.0
 40
6.0
 40
7.0
 40
7.0
 40
7.0
 40
8.0
 40
8.0
 40
8.0
 40
9.0
 40
9.0
 40
9.0
 40
10.0
 40
10.0
 40
10.0
 40
11.0
 40
11.0
 40
11.0
 40
12.0
 40
12.0
 40
12.0
 40
12.0
 10
324.0472440944882
 20
19.37007874015748
 30
0.0
 10
324.0472440944882
 20
19.33207166247617
 30
0.0
 10
324.03086948078953
 20
19.29472611841767
 30
0.0
 10
323.9997727808685
 20
19.261811023622048
 30
0.0
 10
323.96867608094743
 20
19.228895928826425
 30
0.0
 10
323.9239398043685
 20
19.2015570931393
 30
0.0
 10
323.87007874015745
 20
19.182553554298647
 30
0.0
 10
323.81621767594646
 20
19.163550015457993
 30
0.0
 10
323.7551067856689
 20
19.153543307086615
 30
0.0
 10
323.6929133858267
 20
19.153543307086615
 30
0.0
 10
323.6307199859846
 20
19.153543307086615
 30
0.0
 10
323.56960909570705
 20
19.163550015457993
 30
0.0
 10
323.51574803149606
 20
19.182553554298647
 30
0.0
 10
323.461886967285
 20
19.2015570931393
 30
0.0
 10
323.4171506907061
 20
19.228895928826425
 30
0.0
 10
323.386053990785
 20
19.261811023622048
 30
0.0
 10
323.354957290864
 20
19.29472611841767
 30
0.0
 10
323.33858267716533
 20
19.33207166247617
 30
0.0
 10
323.33858267716533
 20
19.37007874015748
 30
0.0
 10
323.33858267716533
 20
19.40808581783879
 30
0.0
 10
323.354957290864
 20
19.445431361897292
 30
0.0
 10
323.386053990785
 20
19.478346456692915
 30
0.0
 10
323.4171506907061
 20
19.511261551488538
 30
0.0
 10
323.461886967285
 20
19.538600387175663
 30
0.0
 10
323.51574803149606
 20
19.557603926016316
 30
0.0
 10
323.56960909570705
 20
19.57660746485697
 30
0.0
 10
323.6307199859846
 20
19.586614173228348
 30
0.0
 10
323.6929133858267
 20
19.586614173228348
 30
0.0
 10
323.7551067856689
 20
19.586614173228348
 30
0.0
 10
323.81621767594646
 20
19.57660746485697
 30
0.0
 10
323.87007874015745
 20
19.557603926016316
 30
0.0
 10
323.9239398043685
 20
19.538600387175663
 30
0.0
 10
323.96867608094743
 20
19.511261551488538
 30
0.0
 10
323.9997727808685
 20
19.478346456692915
 30
0.0
 10
324.03086948078953
 20
19.445431361897292
 30
0.0
 10
324.0472440944882
 20
19.40808581783879
 30
0.0
 10
324.0472440944882
 20
19.37007874015748
 30
0.0
  0
CIRCLE
  5
43B
330
17
100
AcDbEntity
  8
Back elevation
100
AcDbCircle
 10
323.33858267716533
 20
19.37007874015748
 30
0.0
 40
0.1377952755905512
  0
LWPOLYLINE
  5
43C
330
17
100
AcDbEntity
  8
Back elevation
100
AcDbPolyline
 90
2
 70
0
 10
323.25984251968504
 20
19.251968503937007
 10
323.0236220472441
 20
18.661417322834644
  0
LWPOLYLINE
  5
43D
330
17
100
AcDbEntity
  8
Back elevation
100
AcDbPolyline
 90
2
 70
0
 10
323.41732283464563
 20
19.251968503937007
 10
323.6535433070866
 20
18.661417322834644
  0
SPLINE
  5
43E
330
17
100
AcDbEntity
  8
Back elevation
100
AcDbSpline
 70
0
 71
3
 72
8
 73
4
 74
0
 40
0.0
 40
0.0
 40
0.0
 40
0.0
 40
1.0
 40
1.0
 40
1.0
 40
1.0
 10
323.33858267716533
 20
18.503937007874015
 30
0.0
 10
323.8582677165354
 20
18.503937007874015
 30
0.0
 10
323.81102362204723
 20
17.79527559055118
 30
0.0
 10
323.33858267716533
 20
17.417322834645667
 30
0.0
  0
SPLINE
  5
43F
330
17
100
AcDbEntity
  8
Back elevation
100
AcDbSpline
 70
0
 71
3
 72
8
 73
4
 74
0
 40
0.0
 40
0.0
 40
0.0
 40
0.0
 40
1.0
 40
1.0
 40
1.0
 40
1.0
 10
323.33858267716533
 20
17.417322834645667
 30
0.0
 10
322.86614173228344
 20
17.79527559055118
 30
0.0
 10
322.81889763779526
 20
18.503937007874015
 30
0.0
 10
323.33858267716533
 20
18.503937007874015
 30
0.0
  0
LWPOLYLINE
  5
440
330
17
100
AcDbEntity
  8
Back elevation
100
AcDbPolyline
 90
2
 70
0
 10
323.33858267716533
 20
18.362204724409448
 10
323.33858267716533
 20
17.653543307086615
  0
SPLINE
  5
441
330
17
100
AcDbEntity
  8
Back elevation
100
AcDbSpline
 70
0
 71
3
 72
8
 73
4
 74
0
 40
0.0
 40
0.0
 40
0.0
 40
0.0
 40
1.0
 40
1.0
 40
1.0
 40
1.0
 10
323.1307086614173
 20
18.267716535433074
 30
0.0
 10
323.2062992125984
 20
18.04724409448819
 30
0.0
 10
323.2755905511811
 20
17.84251968503937
 30
0.0
 10
323.33858267716533
 20
17.653543307086615
 30
0.0
  0
SPLINE
  5
442
330
17
100
AcDbEntity
  8
Back elevation
100
AcDbSpline
 70
0
 71
3
 72
8
 73
4
 74
0
 40
0.0
 40
0.0
 40
0.0
 40
0.0
 40
1.0
 40
1.0
 40
1.0
 40
1.0
 10
323.54645669291335
 20
18.267716535433074
 30
0.0
 10
323.47086614173224
 20
18.04724409448819
 30
0.0
 10
323.4015748031496
 20
17.84251968503937
 30
0.0
 10
323.33858267716533
 20
17.653543307086615
 30
0.0
  0
CIRCLE
  5
443
330
17
100
AcDbEntity
  8
Back elevation
100
AcDbCircle
 10
323.33858267716533
 20
17.259842519685037
 30
0.0
 40
0.09842519685039369
  0
SPLINE
  5
444
330
17
100
AcDbEntity
  8
Back elevation
100
AcDbSpline
 70
0
 71
3
 72
8
 73
4
 74
0
 40
0.0
 40
0.0
 40
0.0
 40
0.0
 40
1.0
 40
1.0
 40
1.0
 40
1.0
 10
323.33858267716533
 20
17.062992125984252
 30
0.0
 10
323.8062992125984
 20
17.062992125984252
 30
0.0
 10
323.76377952755905
 20
16.425196850393704
 30
0.0
 10
323.33858267716533
 20
16.08503937007874
 30
0.0
  0
SPLINE
  5
445
330
17
100
AcDbEntity
  8
Back elevation
100
AcDbSpline
 70
0
 71
3
 72
8
 73
4
 74
0
 40
0.0
 40
0.0
 40
0.0
 40
0.0
 40
1.0
 40
1.0
 40
1.0
 40
1.0
 10
323.33858267716533
 20
16.08503937007874
 30
0.0
 10
322.9133858267716
 20
16.425196850393704
 30
0.0
 10
322.8708661417323
 20
17.062992125984252
 30
0.0
 10
323.33858267716533
 20
17.062992125984252
 30
0.0
  0
LWPOLYLINE
  5
446
330
17
100
AcDbEntity
  8
Back elevation
100
AcDbPolyline
 90
2
 70
0
 10
323.33858267716533
 20
16.93543307086614
 10
323.33858267716533
 20
16.29763779527559
  0
SPLINE
  5
447
330
17
100
AcDbEntity
  8
Back elevation
100
AcDbSpline
 70
0
 71
3
 72
8
 73
4
 74
0
 40
0.0
 40
0.0
 40
0.0
 40
0.0
 40
1.0
 40
1.0
 40
1.0
 40
1.0
 10
323.1514960629921
 20
16.8503937007874
 30
0.0
 10
323.2195275590551
 20
16.65196850393701
 30
0.0
 10
323.28188976377953
 20
16.467716535433073
 30
0.0
 10
323.33858267716533
 20
16.29763779527559
 30
0.0
  0
SPLINE
  5
448
330
17
100
AcDbEntity
  8
Back elevation
100
AcDbSpline
 70
0
 71
3
 72
8
 73
4
 74
0
 40
0.0
 40
0.0
 40
0.0
 40
0.0
 40
1.0
 40
1.0
 40
1.0
 40
1.0
 10
323.52566929133855
 20
16.8503937007874
 30
0.0
 10
323.45763779527556
 20
16.65196850393701
 30
0.0
 10
323.39527559055114
 20
16.467716535433073
 30
0.0
 10
323.33858267716533
 20
16.29763779527559
 30
0.0
  0
CIRCLE
  5
449
330
17
100
AcDbEntity
  8
Back elevation
100
AcDbCircle
 10
323.33858267716533
 20
15.92755905511811
 30
0.0
 40
0.09842519685039369
  0
SPLINE
  5
44A
330
17
100
AcDbEntity
  8
Back elevation
100
AcDbSpline
 70
0
 71
3
 72
8
 73
4
 74
0
 40
0.0
 40
0.0
 40
0.0
 40
0.0
 40
1.0
 40
1.0
 40
1.0
 40
1.0
 10
323.33858267716533
 20
15.730708661417324
 30
0.0
 10
323.7595275590551
 20
15.730708661417324
 30
0.0
 10
323.72125984251966
 20
15.156692913385829
 30
0.0
 10
323.33858267716533
 20
14.850551181102363
 30
0.0
  0
SPLINE
  5
44B
330
17
100
AcDbEntity
  8
Back elevation
100
AcDbSpline
 70
0
 71
3
 72
8
 73
4
 74
0
 40
0.0
 40
0.0
 40
0.0
 40
0.0
 40
1.0
 40
1.0
 40
1.0
 40
1.0
 10
323.33858267716533
 20
14.850551181102363
 30
0.0
 10
322.955905511811
 20
15.156692913385829
 30
0.0
 10
322.9176377952756
 20
15.730708661417324
 30
0.0
 10
323.33858267716533
 20
15.730708661417324
 30
0.0
  0
LWPOLYLINE
  5
44C
330
17
100
AcDbEntity
  8
Back elevation
100
AcDbPolyline
 90
2
 70
0
 10
323.33858267716533
 20
15.615905511811025
 10
323.33858267716533
 20
15.04188976377953
  0
SPLINE
  5
44D
330
17
100
AcDbEntity
  8
Back elevation
100
AcDbSpline
 70
0
 71
3
 72
8
 73
4
 74
0
 40
0.0
 40
0.0
 40
0.0
 40
0.0
 40
1.0
 40
1.0
 40
1.0
 40
1.0
 10
323.1702047244094
 20
15.539370078740157
 30
0.0
 10
323.2314330708661
 20
15.360787401574804
 30
0.0
 10
323.2875590551181
 20
15.194960629921262
 30
0.0
 10
323.33858267716533
 20
15.04188976377953
 30
0.0
  0
SPLINE
  5
44E
330
17
100
AcDbEntity
  8
Back elevation
100
AcDbSpline
 70
0
 71
3
 72
8
 73
4
 74
0
 40
0.0
 40
0.0
 40
0.0
 40
0.0
 40
1.0
 40
1.0
 40
1.0
 40
1.0
 10
323.50696062992125
 20
15.539370078740157
 30
0.0
 10
323.44573228346457
 20
15.360787401574804
 30
0.0
 10
323.3896062992126
 20
15.194960629921262
 30
0.0
 10
323.33858267716533
 20
15.04188976377953
 30
0.0
  0
CIRCLE
  5
44F
330
17
100
AcDbEntity
  8
Back elevation
100
AcDbCircle
 10
323.33858267716533
 20
14.693070866141733
 30
0.0
 40
0.09842519685039369
  0
SPLINE
  5
450
330
17
100
AcDbEntity
  8
Back elevation
100
AcDbSpline
 70
0
 71
3
 72
8
 73
4
 74
0
 40
0.0
 40
0.0
 40
0.0
 40
0.0
 40
1.0
 40
1.0
 40
1.0
 40
1.0
 10
323.33858267716533
 20
14.496220472440946
 30
0.0
 10
323.71743307086615
 20
14.496220472440946
 30
0.0
 10
323.68299212598424
 20
13.9796062992126
 30
0.0
 10
323.33858267716533
 20
13.704078740157481
 30
0.0
  0
SPLINE
  5
451
330
17
100
AcDbEntity
  8
Back elevation
100
AcDbSpline
 70
0
 71
3
 72
8
 73
4
 74
0
 40
0.0
 40
0.0
 40
0.0
 40
0.0
 40
1.0
 40
1.0
 40
1.0
 40
1.0
 10
323.33858267716533
 20
13.704078740157481
 30
0.0
 10
322.9941732283464
 20
13.9796062992126
 30
0.0
 10
322.9597322834646
 20
14.496220472440946
 30
0.0
 10
323.33858267716533
 20
14.496220472440946
 30
0.0
  0
LWPOLYLINE
  5
452
330
17
100
AcDbEntity
  8
Back elevation
100
AcDbPolyline
 90
2
 70
0
 10
323.33858267716533
 20
14.392897637795278
 10
323.33858267716533
 20
13.876283464566932
  0
SPLINE
  5
453
330
17
100
AcDbEntity
  8
Back elevation
100
AcDbSpline
 70
0
 71
3
 72
8
 73
4
 74
0
 40
0.0
 40
0.0
 40
0.0
 40
0.0
 40
1.0
 40
1.0
 40
1.0
 40
1.0
 10
323.187042519685
 20
14.324015748031497
 30
0.0
 10
323.2421480314961
 20
14.16329133858268
 30
0.0
 10
323.29266141732285
 20
14.01404724409449
 30
0.0
 10
323.33858267716533
 20
13.876283464566932
 30
0.0
  0
SPLINE
  5
454
330
17
100
AcDbEntity
  8
Back elevation
100
AcDbSpline
 70
0
 71
3
 72
8
 73
4
 74
0
 40
0.0
 40
0.0
 40
0.0
 40
0.0
 40
1.0
 40
1.0
 40
1.0
 40
1.0
 10
323.49012283464566
 20
14.324015748031497
 30
0.0
 10
323.4350173228346
 20
14.16329133858268
 30
0.0
 10
323.3845039370078
 20
14.01404724409449
 30
0.0
 10
323.33858267716533
 20
13.876283464566932
 30
0.0
  0
CIRCLE
  5
455
330
17
100
AcDbEntity
  8
Back elevation
100
AcDbCircle
 10
323.33858267716533
 20
13.54659842519685
 30
0.0
 40
0.09842519685039369
  0
SPLINE
  5
456
330
17
100
AcDbEntity
  8
Back elevation
100
AcDbSpline
 70
0
 71
3
 72
8
 73
4
 74
0
 40
0.0
 40
0.0
 40
0.0
 40
0.0
 40
1.0
 40
1.0
 40
1.0
 40
1.0
 10
323.33858267716533
 20
13.349748031496063
 30
0.0
 10
323.67954803149604
 20
13.349748031496063
 30
0.0
 10
323.64855118110233
 20
12.884795275590552
 30
0.0
 10
323.33858267716533
 20
12.636820472440945
 30
0.0
  0
SPLINE
  5
457
330
17
100
AcDbEntity
  8
Back elevation
100
AcDbSpline
 70
0
 71
3
 72
8
 73
4
 74
0
 40
0.0
 40
0.0
 40
0.0
 40
0.0
 40
1.0
 40
1.0
 40
1.0
 40
1.0
 10
323.33858267716533
 20
12.636820472440945
 30
0.0
 10
323.02861417322833
 20
12.884795275590552
 30
0.0
 10
322.9976173228346
 20
13.349748031496063
 30
0.0
 10
323.33858267716533
 20
13.349748031496063
 30
0.0
  0
LWPOLYLINE
  5
458
330
17
100
AcDbEntity
  8
Back elevation
100
AcDbPolyline
 90
2
 70
0
 10
323.33858267716533
 20
13.25675748031496
 10
323.33858267716533
 20
12.791804724409449
  0
SPLINE
  5
459
330
17
100
AcDbEntity
  8
Back elevation
100
AcDbSpline
 70
0
 71
3
 72
8
 73
4
 74
0
 40
0.0
 40
0.0
 40
0.0
 40
0.0
 40
1.0
 40
1.0
 40
1.0
 40
1.0
 10
323.2021965354331
 20
13.194763779527559
 30
0.0
 10
323.251791496063
 20
13.050111811023623
 30
0.0
 10
323.2972535433071
 20
12.915792125984252
 30
0.0
 10
323.33858267716533
 20
12.791804724409449
 30
0.0
  0
SPLINE
  5
45A
330
17
100
AcDbEntity
  8
Back elevation
100
AcDbSpline
 70
0
 71
3
 72
8
 73
4
 74
0
 40
0.0
 40
0.0
 40
0.0
 40
0.0
 40
1.0
 40
1.0
 40
1.0
 40
1.0
 10
323.4749688188976
 20
13.194763779527559
 30
0.0
 10
323.4253738582677
 20
13.050111811023623
 30
0.0
 10
323.3799118110236
 20
12.915792125984252
 30
0.0
 10
323.33858267716533
 20
12.791804724409449
 30
0.0
  0
CIRCLE
  5
45B
330
17
100
AcDbEntity
  8
Back elevation
100
AcDbCircle
 10
323.33858267716533
 20
12.479340157480314
 30
0.0
 40
0.09842519685039369
  0
SPLINE
  5
45C
330
17
100
AcDbEntity
  8
Back elevation
100
AcDbSpline
 70
0
 71
3
 72
8
 73
4
 74
0
 40
0.0
 40
0.0
 40
0.0
 40
0.0
 40
1.0
 40
1.0
 40
1.0
 40
1.0
 10
323.33858267716533
 20
12.282489763779527
 30
0.0
 10
323.64545149606295
 20
12.282489763779527
 30
0.0
 10
323.61755433070863
 20
11.864032283464567
 30
0.0
 10
323.33858267716533
 20
11.64085496062992
 30
0.0
  0
SPLINE
  5
45D
330
17
100
AcDbEntity
  8
Back elevation
100
AcDbSpline
 70
0
 71
3
 72
8
 73
4
 74
0
 40
0.0
 40
0.0
 40
0.0
 40
0.0
 40
1.0
 40
1.0
 40
1.0
 40
1.0
 10
323.33858267716533
 20
11.64085496062992
 30
0.0
 10
323.05961102362204
 20
11.864032283464567
 30
0.0
 10
323.0317138582677
 20
12.282489763779527
 30
0.0
 10
323.33858267716533
 20
12.282489763779527
 30
0.0
  0
LWPOLYLINE
  5
45E
330
17
100
AcDbEntity
  8
Back elevation
100
AcDbPolyline
 90
2
 70
0
 10
323.33858267716533
 20
12.198798267716537
 10
323.33858267716533
 20
11.780340787401574
  0
SPLINE
  5
45F
330
17
100
AcDbEntity
  8
Back elevation
100
AcDbSpline
 70
0
 71
3
 72
8
 73
4
 74
0
 40
0.0
 40
0.0
 40
0.0
 40
0.0
 40
1.0
 40
1.0
 40
1.0
 40
1.0
 10
323.2158351496063
 20
12.143003937007876
 30
0.0
 10
323.26047061417324
 20
12.012817165354333
 30
0.0
 10
323.3013864566929
 20
11.891929448818898
 30
0.0
 10
323.33858267716533
 20
11.780340787401574
 30
0.0
  0
SPLINE
  5
460
330
17
100
AcDbEntity
  8
Back elevation
100
AcDbSpline
 70
0
 71
3
 72
8
 73
4
 74
0
 40
0.0
 40
0.0
 40
0.0
 40
0.0
 40
1.0
 40
1.0
 40
1.0
 40
1.0
 10
323.4613302047244
 20
12.143003937007876
 30
0.0
 10
323.4166947401574
 20
12.012817165354333
 30
0.0
 10
323.37577889763776
 20
11.891929448818898
 30
0.0
 10
323.33858267716533
 20
11.780340787401574
 30
0.0
  0
CIRCLE
  5
461
330
17
100
AcDbEntity
  8
Back elevation
100
AcDbCircle
 10
323.33858267716533
 20
11.48337464566929
 30
0.0
 40
0.09842519685039369
  0
SPLINE
  5
462
330
17
100
AcDbEntity
  8
Back elevation
100
AcDbSpline
 70
0
 71
3
 72
8
 73
4
 74
0
 40
0.0
 40
0.0
 40
0.0
 40
0.0
 40
1.0
 40
1.0
 40
1.0
 40
1.0
 10
323.33858267716533
 20
11.286524251968505
 30
0.0
 10
323.6147646141732
 20
11.286524251968505
 30
0.0
 10
323.5896571653543
 20
10.90991251968504
 30
0.0
 10
323.33858267716533
 20
10.709052929133858
 30
0.0
  0
SPLINE
  5
463
330
17
100
AcDbEntity
  8
Back elevation
100
AcDbSpline
 70
0
 71
3
 72
8
 73
4
 74
0
 40
0.0
 40
0.0
 40
0.0
 40
0.0
 40
1.0
 40
1.0
 40
1.0
 40
1.0
 10
323.33858267716533
 20
10.709052929133858
 30
0.0
 10
323.08750818897636
 20
10.90991251968504
 30
0.0
 10
323.06240074015744
 20
11.286524251968505
 30
0.0
 10
323.33858267716533
 20
11.286524251968505
 30
0.0
  0
LWPOLYLINE
  5
464
330
17
100
AcDbEntity
  8
Back elevation
100
AcDbPolyline
 90
2
 70
0
 10
323.33858267716533
 20
11.21120190551181
 10
323.33858267716533
 20
10.834590173228346
  0
SPLINE
  5
465
330
17
100
AcDbEntity
  8
Back elevation
100
AcDbSpline
 70
0
 71
3
 72
8
 73
4
 74
0
 40
0.0
 40
0.0
 40
0.0
 40
0.0
 40
1.0
 40
1.0
 40
1.0
 40
1.0
 10
323.2281099023622
 20
11.160987007874017
 30
0.0
 10
323.26828182047245
 20
11.043818913385826
 30
0.0
 10
323.30510607874015
 20
10.935019968503935
 30
0.0
 10
323.33858267716533
 20
10.834590173228346
 30
0.0
  0
SPLINE
  5
466
330
17
100
AcDbEntity
  8
Back elevation
100
AcDbSpline
 70
0
 71
3
 72
8
 73
4
 74
0
 40
0.0
 40
0.0
 40
0.0
 40
0.0
 40
1.0
 40
1.0
 40
1.0
 40
1.0
 10
323.4490554519685
 20
11.160987007874017
 30
0.0
 10
323.4088835338582
 20
11.043818913385826
 30
0.0
 10
323.3720592755905
 20
10.935019968503935
 30
0.0
 10
323.33858267716533
 20
10.834590173228346
 30
0.0
  0
CIRCLE
  5
467
330
17
100
AcDbEntity
  8
Back elevation
100
AcDbCircle
 10
323.33858267716533
 20
10.551572614173228
 30
0.0
 40
0.09842519685039369
  0
SPLINE
  5
468
330
17
100
AcDbEntity
  8
Back elevation
100
AcDbSpline
 70
0
 71
3
 72
8
 73
4
 74
0
 40
0.0
 40
0.0
 40
0.0
 40
0.0
 40
1.0
 40
1.0
 40
1.0
 40
1.0
 10
323.33858267716533
 20
10.354722220472443
 30
0.0
 10
323.58714642047244
 20
10.354722220472443
 30
0.0
 10
323.5645497165354
 20
10.015771661417322
 30
0.0
 10
323.33858267716533
 20
9.834998029921262
 30
0.0
  0
SPLINE
  5
469
330
17
100
AcDbEntity
  8
Back elevation
100
AcDbSpline
 70
0
 71
3
 72
8
 73
4
 74
0
 40
0.0
 40
0.0
 40
0.0
 40
0.0
 40
1.0
 40
1.0
 40
1.0
 40
1.0
 10
323.33858267716533
 20
9.834998029921262
 30
0.0
 10
323.1126156377953
 20
10.015771661417322
 30
0.0
 10
323.09001893385823
 20
10.354722220472443
 30
0.0
 10
323.33858267716533
 20
10.354722220472443
 30
0.0
  0
LWPOLYLINE
  5
46A
330
17
100
AcDbEntity
  8
Back elevation
100
AcDbPolyline
 90
2
 70
0
 10
323.33858267716533
 20
10.286932108661418
 10
323.33858267716533
 20
9.9479815496063
  0
SPLINE
  5
46B
330
17
100
AcDbEntity
  8
Back elevation
100
AcDbSpline
 70
0
 71
3
 72
8
 73
4
 74
0
 40
0.0
 40
0.0
 40
0.0
 40
0.0
 40
1.0
 40
1.0
 40
1.0
 40
1.0
 10
323.2391571798425
 20
10.241738700787401
 30
0.0
 10
323.2753119061417
 20
10.136287415748031
 30
0.0
 10
323.30845373858267
 20
10.038368365354332
 30
0.0
 10
323.33858267716533
 20
9.9479815496063
 30
0.0
  0
SPLINE
  5
46C
330
17
100
AcDbEntity
  8
Back elevation
100
AcDbSpline
 70
0
 71
3
 72
8
 73
4
 74
0
 40
0.0
 40
0.0
 40
0.0
 40
0.0
 40
1.0
 40
1.0
 40
1.0
 40
1.0
 10
323.4380081744882
 20
10.241738700787401
 30
0.0
 10
323.40185344818894
 20
10.136287415748031
 30
0.0
 10
323.368711615748
 20
10.038368365354332
 30
0.0
 10
323.33858267716533
 20
9.9479815496063
 30
0.0
  0
CIRCLE
  5
46D
330
17
100
AcDbEntity
  8
Back elevation
100
AcDbCircle
 10
323.33858267716533
 20
9.67751771496063
 30
0.0
 40
0.09842519685039369
  0
SPLINE
  5
46E
330
17
100
AcDbEntity
  8
Back elevation
100
AcDbSpline
 70
0
 71
3
 72
8
 73
4
 74
0
 40
0.0
 40
0.0
 40
0.0
 40
0.0
 40
1.0
 40
1.0
 40
1.0
 40
1.0
 10
323.33858267716533
 20
9.480667321259844
 30
0.0
 10
323.5622900461417
 20
9.480667321259844
 30
0.0
 10
323.5419530125984
 20
9.175611818110237
 30
0.0
 10
323.33858267716533
 20
9.012915549763783
 30
0.0
  0
SPLINE
  5
46F
330
17
100
AcDbEntity
  8
Back elevation
100
AcDbSpline
 70
0
 71
3
 72
8
 73
4
 74
0
 40
0.0
 40
0.0
 40
0.0
 40
0.0
 40
1.0
 40
1.0
 40
1.0
 40
1.0
 10
323.33858267716533
 20
9.012915549763783
 30
0.0
 10
323.13521234173226
 20
9.175611818110237
 30
0.0
 10
323.11487530818897
 20
9.480667321259844
 30
0.0
 10
323.33858267716533
 20
9.480667321259844
 30
0.0
  0
LWPOLYLINE
  5
470
330
17
100
AcDbEntity
  8
Back elevation
100
AcDbPolyline
 90
2
 70
0
 10
323.33858267716533
 20
9.419656220629925
 10
323.33858267716533
 20
9.114600717480315
  0
SPLINE
  5
471
330
17
100
AcDbEntity
  8
Back elevation
100
AcDbSpline
 70
0
 71
3
 72
8
 73
4
 74
0
 40
0.0
 40
0.0
 40
0.0
 40
0.0
 40
1.0
 40
1.0
 40
1.0
 40
1.0
 10
323.24909972957477
 20
9.378982153543308
 30
0.0
 10
323.2816389832441
 20
9.284075997007877
 30
0.0
 10
323.3114666324409
 20
9.195948851653545
 30
0.0
 10
323.33858267716533
 20
9.114600717480315
 30
0.0
  0
SPLINE
  5
472
330
17
100
AcDbEntity
  8
Back elevation
100
AcDbSpline
 70
0
 71
3
 72
8
 73
4
 74
0
 40
0.0
 40
0.0
 40
0.0
 40
0.0
 40
1.0
 40
1.0
 40
1.0
 40
1.0
 10
323.4280656247559
 20
9.378982153543308
 30
0.0
 10
323.3955263710866
 20
9.284075997007877
 30
0.0
 10
323.36569872188977
 20
9.195948851653545
 30
0.0
 10
323.33858267716533
 20
9.114600717480315
 30
0.0
  0
CIRCLE
  5
473
330
17
100
AcDbEntity
  8
Back elevation
100
AcDbCircle
 10
323.33858267716533
 20
8.85543523480315
 30
0.0
 40
0.09842519685039369
  0
SPLINE
  5
474
330
17
100
AcDbEntity
  8
Back elevation
100
AcDbSpline
 70
0
 71
3
 72
8
 73
4
 74
0
 40
0.0
 40
0.0
 40
0.0
 40
0.0
 40
1.0
 40
1.0
 40
1.0
 40
1.0
 10
323.33858267716533
 20
8.658584841102364
 30
0.0
 10
323.53991930924406
 20
8.658584841102364
 30
0.0
 10
323.5216159790551
 20
8.384034888267717
 30
0.0
 10
323.33858267716533
 20
8.237608246755908
 30
0.0
  0
SPLINE
  5
475
330
17
100
AcDbEntity
  8
Back elevation
100
AcDbSpline
 70
0
 71
3
 72
8
 73
4
 74
0
 40
0.0
 40
0.0
 40
0.0
 40
0.0
 40
1.0
 40
1.0
 40
1.0
 40
1.0
 10
323.33858267716533
 20
8.237608246755908
 30
0.0
 10
323.1555493752756
 20
8.384034888267717
 30
0.0
 10
323.1372460450866
 20
8.658584841102364
 30
0.0
 10
323.33858267716533
 20
8.658584841102364
 30
0.0
  0
LWPOLYLINE
  5
476
330
17
100
AcDbEntity
  8
Back elevation
100
AcDbPolyline
 90
2
 70
0
 10
323.33858267716533
 20
8.603674850535434
 10
323.33858267716533
 20
8.329124897700787
  0
SPLINE
  5
477
330
17
100
AcDbEntity
  8
Back elevation
100
AcDbSpline
 70
0
 71
3
 72
8
 73
4
 74
0
 40
0.0
 40
0.0
 40
0.0
 40
0.0
 40
1.0
 40
1.0
 40
1.0
 40
1.0
 10
323.25804802433385
 20
8.567068190157482
 30
0.0
 10
323.2873333526362
 20
8.481652649275592
 30
0.0
 10
323.31417823691334
 20
8.402338218456693
 30
0.0
 10
323.33858267716533
 20
8.329124897700787
 30
0.0
  0
SPLINE
  5
478
330
17
100
AcDbEntity
  8
Back elevation
100
AcDbSpline
 70
0
 71
3
 72
8
 73
4
 74
0
 40
0.0
 40
0.0
 40
0.0
 40
0.0
 40
1.0
 40
1.0
 40
1.0
 40
1.0
 10
323.4191173299968
 20
8.567068190157482
 30
0.0
 10
323.38983200169446
 20
8.481652649275592
 30
0.0
 10
323.36298711741733
 20
8.402338218456693
 30
0.0
 10
323.33858267716533
 20
8.329124897700787
 30
0.0
  0
CIRCLE
  5
479
330
17
100
AcDbEntity
  8
Back elevation
100
AcDbCircle
 10
323.33858267716533
 20
8.080127931795278
 30
0.0
 40
0.09842519685039369
  0
LWPOLYLINE
  5
47A
330
17
100
AcDbEntity
  8
Back elevation
100
AcDbPolyline
 90
5
 70
0
 10
322.66929133858264
 20
5.511811023622048
 10
324.00787401574803
 20
5.511811023622048
 10
324.00787401574803
 20
3.1496062992126
 10
322.66929133858264
 20
3.1496062992126
 10
322.66929133858264
 20
5.511811023622048
  0
LINE
  5
47B
330
17
100
AcDbEntity
  8
Back elevation
100
AcDbLine
 10
322.66929133858264
 20
5.196850393700787
 30
0.0
 11
324.007874015748
 21
5.196850393700787
 31
0.0
  0
LWPOLYLINE
  5
47C
330
17
100
AcDbEntity
  8
Back elevation
100
AcDbPolyline
 90
5
 70
0
 10
322.5511811023622
 20
27.95275590551181
 10
324.1259842519685
 20
27.95275590551181
 10
324.1259842519685
 20
27.480314960629922
 10
322.5511811023622
 20
27.480314960629922
 10
322.5511811023622
 20
27.95275590551181
  0
LWPOLYLINE
  5
47D
330
17
100
AcDbEntity
  8
Back elevation
100
AcDbPolyline
 90
5
 70
0
 10
322.748031496063
 20
27.480314960629922
 10
323.9291338582677
 20
27.480314960629922
 10
323.73228346456693
 20
21.653543307086615
 10
322.94488188976374
 20
21.653543307086615
 10
322.748031496063
 20
27.480314960629922
  0
LINE
  5
47E
330
17
100
AcDbEntity
  8
Back elevation
100
AcDbLine
 10
322.9842519685039
 20
27.244094488188978
 30
0.0
 11
323.1023622047244
 21
21.88976377952756
 31
0.0
  0
LINE
  5
47F
330
17
100
AcDbEntity
  8
Back elevation
100
AcDbLine
 10
323.22047244094483
 20
27.244094488188978
 30
0.0
 11
323.259842519685
 21
21.88976377952756
 31
0.0
  0
LINE
  5
480
330
17
100
AcDbEntity
  8
Back elevation
100
AcDbLine
 10
323.4566929133858
 20
27.244094488188978
 30
0.0
 11
323.41732283464563
 21
21.88976377952756
 31
0.0
  0
LINE
  5
481
330
17
100
AcDbEntity
  8
Back elevation
100
AcDbLine
 10
323.6929133858267
 20
27.244094488188978
 30
0.0
 11
323.5748031496063
 21
21.88976377952756
 31
0.0
  0
POLYLINE
  5
482
330
17
100
AcDbEntity
  8
Back elevation
100
AcDb2dPolyline
 66
1
 10
0.0
 20
0.0
 30
0.0
 70
0
  0
VERTEX
  5
483
330
482
100
AcDbEntity
  8
Back elevation
100
AcDbVertex
100
AcDb2dVertex
 10
323.1811023622047
 20
21.653543307086615
 30
0.0
 70
0
  0
VERTEX
  5
484
330
482
100
AcDbEntity
  8
Back elevation
100
AcDbVertex
100
AcDb2dVertex
 10
323.496062992126
 20
21.653543307086615
 30
0.0
 70
0
  0
SEQEND
  5
485
330
482
100
AcDbEntity
  8
Back elevation
  0
SPLINE
  5
486
330
17
100
AcDbEntity
  8
Back elevation
100
AcDbSpline
 70
0
 71
3
 72
14
 73
10
 74
0
 40
0.0
 40
0.0
 40
0.0
 40
0.0
 40
1.0
 40
1.0
 40
1.0
 40
2.0
 40
2.0
 40
2.0
 40
3.0
 40
3.0
 40
3.0
 40
3.0
 10
323.496062992126
 20
21.653543307086615
 30
0.0
 10
323.56516676972836
 20
21.653543307086615
 30
0.0
 10
323.6330677589256
 20
21.635349291865932
 30
0.0
 10
323.6929133858267
 20
21.60079740306474
 30
0.0
 10
323.7527590127279
 20
21.56624551426355
 30
0.0
 10
323.8024659867045
 20
21.51653854028696
 30
0.0
 10
323.8370178755057
 20
21.45669291338583
 30
0.0
 10
323.87156976430686
 20
21.396847286484693
 30
0.0
 10
323.8897637795275
 20
21.328946297287423
 30
0.0
 10
323.8897637795275
 20
21.25984251968504
 30
0.0
  0
POLYLINE
  5
487
330
17
100
AcDbEntity
  8
Back elevation
100
AcDb2dPolyline
 66
1
 10
0.0
 20
0.0
 30
0.0
 70
0
  0
VERTEX
  5
488
330
487
100
AcDbEntity
  8
Back elevation
100
AcDbVertex
100
AcDb2dVertex
 10
323.8897637795275
 20
21.25984251968504
 30
0.0
 70
0
  0
VERTEX
  5
489
330
487
100
AcDbEntity
  8
Back elevation
100
AcDbVertex
100
AcDb2dVertex
 10
323.8897637795275
 20
21.181102362204726
 30
0.0
 70
0
  0
SEQEND
  5
48A
330
487
100
AcDbEntity
  8
Back elevation
  0
SPLINE
  5
48B
330
17
100
AcDbEntity
  8
Back elevation
100
AcDbSpline
 70
0
 71
3
 72
14
 73
10
 74
0
 40
0.0
 40
0.0
 40
0.0
 40
0.0
 40
1.0
 40
1.0
 40
1.0
 40
2.0
 40
2.0
 40
2.0
 40
3.0
 40
3.0
 40
3.0
 40
3.0
 10
323.8897637795275
 20
21.181102362204726
 30
0.0
 10
323.8897637795275
 20
21.111998584602343
 30
0.0
 10
323.87156976430686
 20
21.04409759540507
 30
0.0
 10
323.8370178755057
 20
20.98425196850394
 30
0.0
 10
323.8024659867045
 20
20.924406341602804
 30
0.0
 10
323.7527590127279
 20
20.874699367626217
 30
0.0
 10
323.6929133858267
 20
20.840147478825024
 30
0.0
 10
323.6330677589256
 20
20.805595590023835
 30
0.0
 10
323.56516676972836
 20
20.787401574803148
 30
0.0
 10
323.496062992126
 20
20.787401574803148
 30
0.0
  0
POLYLINE
  5
48C
330
17
100
AcDbEntity
  8
Back elevation
100
AcDb2dPolyline
 66
1
 10
0.0
 20
0.0
 30
0.0
 70
0
  0
VERTEX
  5
48D
330
48C
100
AcDbEntity
  8
Back elevation
100
AcDbVertex
100
AcDb2dVertex
 10
323.496062992126
 20
20.787401574803148
 30
0.0
 70
0
  0
VERTEX
  5
48E
330
48C
100
AcDbEntity
  8
Back elevation
100
AcDbVertex
100
AcDb2dVertex
 10
323.1811023622047
 20
20.787401574803148
 30
0.0
 70
0
  0
SEQEND
  5
48F
330
48C
100
AcDbEntity
  8
Back elevation
  0
SPLINE
  5
490
330
17
100
AcDbEntity
  8
Back elevation
100
AcDbSpline
 70
0
 71
3
 72
14
 73
10
 74
0
 40
0.0
 40
0.0
 40
0.0
 40
0.0
 40
1.0
 40
1.0
 40
1.0
 40
2.0
 40
2.0
 40
2.0
 40
3.0
 40
3.0
 40
3.0
 40
3.0
 10
323.1811023622047
 20
20.787401574803148
 30
0.0
 10
323.1119985846023
 20
20.787401574803148
 30
0.0
 10
323.04409759540505
 20
20.805595590023835
 30
0.0
 10
322.98425196850394
 20
20.840147478825024
 30
0.0
 10
322.9244063416028
 20
20.874699367626217
 30
0.0
 10
322.8746993676262
 20
20.924406341602804
 30
0.0
 10
322.84014747882503
 20
20.98425196850394
 30
0.0
 10
322.8055955900238
 20
21.04409759540507
 30
0.0
 10
322.78740157480314
 20
21.111998584602343
 30
0.0
 10
322.78740157480314
 20
21.181102362204726
 30
0.0
  0
POLYLINE
  5
491
330
17
100
AcDbEntity
  8
Back elevation
100
AcDb2dPolyline
 66
1
 10
0.0
 20
0.0
 30
0.0
 70
0
  0
VERTEX
  5
492
330
491
100
AcDbEntity
  8
Back elevation
100
AcDbVertex
100
AcDb2dVertex
 10
322.78740157480314
 20
21.181102362204726
 30
0.0
 70
0
  0
VERTEX
  5
493
330
491
100
AcDbEntity
  8
Back elevation
100
AcDbVertex
100
AcDb2dVertex
 10
322.78740157480314
 20
21.25984251968504
 30
0.0
 70
0
  0
SEQEND
  5
494
330
491
100
AcDbEntity
  8
Back elevation
  0
SPLINE
  5
495
330
17
100
AcDbEntity
  8
Back elevation
100
AcDbSpline
 70
0
 71
3
 72
14
 73
10
 74
0
 40
0.0
 40
0.0
 40
0.0
 40
0.0
 40
1.0
 40
1.0
 40
1.0
 40
2.0
 40
2.0
 40
2.0
 40
3.0
 40
3.0
 40
3.0
 40
3.0
 10
322.78740157480314
 20
21.25984251968504
 30
0.0
 10
322.78740157480314
 20
21.328946297287423
 30
0.0
 10
322.8055955900238
 20
21.396847286484693
 30
0.0
 10
322.84014747882503
 20
21.45669291338583
 30
0.0
 10
322.8746993676262
 20
21.51653854028696
 30
0.0
 10
322.9244063416028
 20
21.56624551426355
 30
0.0
 10
322.98425196850394
 20
21.60079740306474
 30
0.0
 10
323.04409759540505
 20
21.635349291865932
 30
0.0
 10
323.1119985846023
 20
21.653543307086615
 30
0.0
 10
323.1811023622047
 20
21.653543307086615
 30
0.0
  0
CIRCLE
  5
496
330
17
100
AcDbEntity
  8
Back elevation
100
AcDbCircle
 10
323.33858267716533
 20
21.22047244094488
 30
0.0
 40
0.19685039370078738
  0
CIRCLE
  5
497
330
17
100
AcDbEntity
  8
Back elevation
100
AcDbCircle
 10
323.33858267716533
 20
20.590551181102363
 30
0.0
 40
0.19685039370078738
  0
LWPOLYLINE
  5
498
330
17
100
AcDbEntity
  8
Back elevation
100
AcDbPolyline
 90
4
 70
0
 10
322.51181102362204
 20
24.409448818897637
 10
322.03937007874015
 20
24.409448818897637
 10
322.03937007874015
 20
5.511811023622048
 10
322.51181102362204
 20
5.511811023622048
  0
LINE
  5
499
330
17
100
AcDbEntity
  8
Back elevation
100
AcDbLine
 10
322.2992125984252
 20
24.409448818897637
 30
0.0
 11
322.2992125984252
 21
5.511811023622047
 31
0.0
  0
LWPOLYLINE
  5
49A
330
17
100
AcDbEntity
  8
Back elevation
100
AcDbPolyline
 90
5
 70
0
 10
321.92125984251965
 20
20.31496062992126
 10
322.51181102362204
 20
20.31496062992126
 10
322.51181102362204
 20
19.84251968503937
 10
321.92125984251965
 20
19.84251968503937
 10
321.92125984251965
 20
20.31496062992126
  0
LWPOLYLINE
  5
49B
330
17
100
AcDbEntity
  8
Back elevation
100
AcDbPolyline
 90
5
 70
0
 10
321.92125984251965
 20
7.244094488188978
 10
322.51181102362204
 20
7.244094488188978
 10
322.51181102362204
 20
6.771653543307089
 10
321.92125984251965
 20
6.771653543307089
 10
321.92125984251965
 20
7.244094488188978
  0
LWPOLYLINE
  5
49C
330
17
100
AcDbEntity
  8
Back elevation
100
AcDbPolyline
 90
5
 70
0
 10
321.8818897637795
 20
5.511811023622048
 10
322.51181102362204
 20
5.511811023622048
 10
322.51181102362204
 20
3.1496062992126
 10
321.8818897637795
 20
3.1496062992126
 10
321.8818897637795
 20
5.511811023622048
  0
POLYLINE
  5
49D
330
17
100
AcDbEntity
  8
Back elevation
100
AcDb2dPolyline
 66
1
 10
0.0
 20
0.0
 30
0.0
 70
0
  0
VERTEX
  5
49E
330
49D
100
AcDbEntity
  8
Back elevation
100
AcDbVertex
100
AcDb2dVertex
 10
322.51181102362204
 20
27.480314960629922
 30
0.0
 70
0
  0
VERTEX
  5
49F
330
49D
100
AcDbEntity
  8
Back elevation
100
AcDbVertex
100
AcDb2dVertex
 10
321.64566929133855
 20
27.480314960629922
 30
0.0
 70
0
  0
VERTEX
  5
4A0
330
49D
100
AcDbEntity
  8
Back elevation
100
AcDbVertex
100
AcDb2dVertex
 10
321.64566929133855
 20
27.165354330708663
 30
0.0
 70
0
  0
VERTEX
  5
4A1
330
49D
100
AcDbEntity
  8
Back elevation
100
AcDbVertex
100
AcDb2dVertex
 10
321.84251968503935
 20
27.165354330708663
 30
0.0
 70
0
  0
SEQEND
  5
4A2
330
49D
100
AcDbEntity
  8
Back elevation
  0
SPLINE
  5
4A3
330
17
100
AcDbEntity
  8
Back elevation
100
AcDbSpline
 70
0
 71
3
 72
8
 73
4
 74
0
 40
0.0
 40
0.0
 40
0.0
 40
0.0
 40
1.0
 40
1.0
 40
1.0
 40
1.0
 10
321.84251968503935
 20
27.165354330708663
 30
0.0
 10
321.84251968503935
 20
25.590551181102363
 30
0.0
 10
322.1574803149606
 20
25.19685039370079
 30
0.0
 10
322.19685039370074
 20
21.653543307086615
 30
0.0
  0
SPLINE
  5
4A4
330
17
100
AcDbEntity
  8
Back elevation
100
AcDbSpline
 70
0
 71
3
 72
8
 73
4
 74
0
 40
0.0
 40
0.0
 40
0.0
 40
0.0
 40
1.0
 40
1.0
 40
1.0
 40
1.0
 10
322.19685039370074
 20
21.653543307086615
 30
0.0
 10
321.8818897637795
 20
21.5748031496063
 30
0.0
 10
321.8031496062992
 20
20.787401574803148
 30
0.0
 10
322.11811023622045
 20
20.62992125984252
 30
0.0
  0
POLYLINE
  5
4A5
330
17
100
AcDbEntity
  8
Back elevation
100
AcDb2dPolyline
 66
1
 10
0.0
 20
0.0
 30
0.0
 70
0
  0
VERTEX
  5
4A6
330
4A5
100
AcDbEntity
  8
Back elevation
100
AcDbVertex
100
AcDb2dVertex
 10
322.11811023622045
 20
20.62992125984252
 30
0.0
 70
0
  0
VERTEX
  5
4A7
330
4A5
100
AcDbEntity
  8
Back elevation
100
AcDbVertex
100
AcDb2dVertex
 10
322.51181102362204
 20
20.708661417322837
 30
0.0
 70
0
  0
SEQEND
  5
4A8
330
4A5
100
AcDbEntity
  8
Back elevation
  0
LWPOLYLINE
  5
4A9
330
17
100
AcDbEntity
  8
Back elevation
100
AcDbPolyline
 90
5
 70
0
 10
408.81102362204723
 20
24.409448818897637
 10
409.8346456692913
 20
24.409448818897637
 10
409.8346456692913
 20
5.511811023622048
 10
408.81102362204723
 20
5.511811023622048
 10
408.81102362204723
 20
24.409448818897637
  0
LINE
  5
4AA
330
17
100
AcDbEntity
  8
Back elevation
100
AcDbLine
 10
408.9685039370078
 20
24.409448818897637
 30
0.0
 11
408.9685039370078
 21
5.511811023622047
 31
0.0
  0
LINE
  5
4AB
330
17
100
AcDbEntity
  8
Back elevation
100
AcDbLine
 10
409.67716535433067
 20
24.409448818897637
 30
0.0
 11
409.67716535433067
 21
5.511811023622047
 31
0.0
  0
LINE
  5
4AC
330
17
100
AcDbEntity
  8
Back elevation
100
AcDbLine
 10
409.1279527559054
 20
24.409448818897637
 30
0.0
 11
409.1279527559054
 21
5.511811023622047
 31
0.0
  0
LINE
  5
4AD
330
17
100
AcDbEntity
  8
Back elevation
100
AcDbLine
 10
409.51771653543307
 20
24.409448818897637
 30
0.0
 11
409.51771653543307
 21
5.511811023622047
 31
0.0
  0
LWPOLYLINE
  5
4AE
330
17
100
AcDbEntity
  8
Back elevation
100
AcDbPolyline
 90
5
 70
0
 10
408.6929133858267
 20
20.31496062992126
 10
409.9527559055118
 20
20.31496062992126
 10
409.9527559055118
 20
19.84251968503937
 10
408.6929133858267
 20
19.84251968503937
 10
408.6929133858267
 20
20.31496062992126
  0
LINE
  5
4AF
330
17
100
AcDbEntity
  8
Back elevation
100
AcDbLine
 10
408.6929133858267
 20
20.078740157480315
 30
0.0
 11
409.95275590551176
 21
20.078740157480315
 31
0.0
  0
LWPOLYLINE
  5
4B0
330
17
100
AcDbEntity
  8
Back elevation
100
AcDbPolyline
 90
5
 70
0
 10
408.6929133858267
 20
7.244094488188978
 10
409.9527559055118
 20
7.244094488188978
 10
409.9527559055118
 20
6.771653543307089
 10
408.6929133858267
 20
6.771653543307089
 10
408.6929133858267
 20
7.244094488188978
  0
LINE
  5
4B1
330
17
100
AcDbEntity
  8
Back elevation
100
AcDbLine
 10
408.6929133858267
 20
7.0078740157480315
 30
0.0
 11
409.95275590551176
 21
7.0078740157480315
 31
0.0
  0
SPLINE
  5
4B2
330
17
100
AcDbEntity
  8
Back elevation
100
AcDbSpline
 70
0
 71
3
 72
41
 73
37
 74
0
 40
0.0
 40
0.0
 40
0.0
 40
0.0
 40
1.0
 40
1.0
 40
1.0
 40
2.0
 40
2.0
 40
2.0
 40
3.0
 40
3.0
 40
3.0
 40
4.0
 40
4.0
 40
4.0
 40
5.0
 40
5.0
 40
5.0
 40
6.0
 40
6.0
 40
6.0
 40
7.0
 40
7.0
 40
7.0
 40
8.0
 40
8.0
 40
8.0
 40
9.0
 40
9.0
 40
9.0
 40
10.0
 40
10.0
 40
10.0
 40
11.0
 40
11.0
 40
11.0
 40
12.0
 40
12.0
 40
12.0
 40
12.0
 10
409.3228346456693
 20
19.37007874015748
 30
0.0
 10
409.3228346456693
 20
19.33207166247617
 30
0.0
 10
409.3064600319707
 20
19.29472611841767
 30
0.0
 10
409.27536333204955
 20
19.261811023622048
 30
0.0
 10
409.24426663212853
 20
19.228895928826425
 30
0.0
 10
409.1995303555496
 20
19.2015570931393
 30
0.0
 10
409.14566929133855
 20
19.182553554298647
 30
0.0
 10
409.09180822712756
 20
19.163550015457993
 30
0.0
 10
409.03069733685
 20
19.153543307086615
 30
0.0
 10
408.9685039370079
 20
19.153543307086615
 30
0.0
 10
408.9063105371657
 20
19.153543307086615
 30
0.0
 10
408.84519964688815
 20
19.163550015457993
 30
0.0
 10
408.79133858267716
 20
19.182553554298647
 30
0.0
 10
408.7374775184661
 20
19.2015570931393
 30
0.0
 10
408.69274124188723
 20
19.228895928826425
 30
0.0
 10
408.6616445419661
 20
19.261811023622048
 30
0.0
 10
408.6305478420451
 20
19.29472611841767
 30
0.0
 10
408.61417322834643
 20
19.33207166247617
 30
0.0
 10
408.61417322834643
 20
19.37007874015748
 30
0.0
 10
408.61417322834643
 20
19.40808581783879
 30
0.0
 10
408.6305478420451
 20
19.445431361897292
 30
0.0
 10
408.6616445419661
 20
19.478346456692915
 30
0.0
 10
408.69274124188723
 20
19.511261551488538
 30
0.0
 10
408.7374775184661
 20
19.538600387175663
 30
0.0
 10
408.79133858267716
 20
19.557603926016316
 30
0.0
 10
408.84519964688815
 20
19.57660746485697
 30
0.0
 10
408.9063105371657
 20
19.586614173228348
 30
0.0
 10
408.9685039370079
 20
19.586614173228348
 30
0.0
 10
409.03069733685
 20
19.586614173228348
 30
0.0
 10
409.09180822712756
 20
19.57660746485697
 30
0.0
 10
409.14566929133855
 20
19.557603926016316
 30
0.0
 10
409.1995303555496
 20
19.538600387175663
 30
0.0
 10
409.24426663212853
 20
19.511261551488538
 30
0.0
 10
409.27536333204955
 20
19.478346456692915
 30
0.0
 10
409.3064600319707
 20
19.445431361897292
 30
0.0
 10
409.3228346456693
 20
19.40808581783879
 30
0.0
 10
409.3228346456693
 20
19.37007874015748
 30
0.0
  0
SPLINE
  5
4B3
330
17
100
AcDbEntity
  8
Back elevation
100
AcDbSpline
 70
0
 71
3
 72
41
 73
37
 74
0
 40
0.0
 40
0.0
 40
0.0
 40
0.0
 40
1.0
 40
1.0
 40
1.0
 40
2.0
 40
2.0
 40
2.0
 40
3.0
 40
3.0
 40
3.0
 40
4.0
 40
4.0
 40
4.0
 40
5.0
 40
5.0
 40
5.0
 40
6.0
 40
6.0
 40
6.0
 40
7.0
 40
7.0
 40
7.0
 40
8.0
 40
8.0
 40
8.0
 40
9.0
 40
9.0
 40
9.0
 40
10.0
 40
10.0
 40
10.0
 40
11.0
 40
11.0
 40
11.0
 40
12.0
 40
12.0
 40
12.0
 40
12.0
 10
410.0314960629921
 20
19.37007874015748
 30
0.0
 10
410.0314960629921
 20
19.33207166247617
 30
0.0
 10
410.0151214492935
 20
19.29472611841767
 30
0.0
 10
409.98402474937245
 20
19.261811023622048
 30
0.0
 10
409.9529280494513
 20
19.228895928826425
 30
0.0
 10
409.90819177287244
 20
19.2015570931393
 30
0.0
 10
409.8543307086614
 20
19.182553554298647
 30
0.0
 10
409.80046964445035
 20
19.163550015457993
 30
0.0
 10
409.7393587541728
 20
19.153543307086615
 30
0.0
 10
409.67716535433067
 20
19.153543307086615
 30
0.0
 10
409.6149719544885
 20
19.153543307086615
 30
0.0
 10
409.553861064211
 20
19.163550015457993
 30
0.0
 10
409.5
 20
19.182553554298647
 30
0.0
 10
409.44613893578895
 20
19.2015570931393
 30
0.0
 10
409.40140265921
 20
19.228895928826425
 30
0.0
 10
409.37030595928894
 20
19.261811023622048
 30
0.0
 10
409.33920925936786
 20
19.29472611841767
 30
0.0
 10
409.3228346456693
 20
19.33207166247617
 30
0.0
 10
409.3228346456693
 20
19.37007874015748
 30
0.0
 10
409.3228346456693
 20
19.40808581783879
 30
0.0
 10
409.33920925936786
 20
19.445431361897292
 30
0.0
 10
409.37030595928894
 20
19.478346456692915
 30
0.0
 10
409.40140265921
 20
19.511261551488538
 30
0.0
 10
409.44613893578895
 20
19.538600387175663
 30
0.0
 10
409.5
 20
19.557603926016316
 30
0.0
 10
409.553861064211
 20
19.57660746485697
 30
0.0
 10
409.6149719544885
 20
19.586614173228348
 30
0.0
 10
409.67716535433067
 20
19.586614173228348
 30
0.0
 10
409.7393587541728
 20
19.586614173228348
 30
0.0
 10
409.80046964445035
 20
19.57660746485697
 30
0.0
 10
409.8543307086614
 20
19.557603926016316
 30
0.0
 10
409.90819177287244
 20
19.538600387175663
 30
0.0
 10
409.9529280494513
 20
19.511261551488538
 30
0.0
 10
409.98402474937245
 20
19.478346456692915
 30
0.0
 10
410.0151214492935
 20
19.445431361897292
 30
0.0
 10
410.0314960629921
 20
19.40808581783879
 30
0.0
 10
410.0314960629921
 20
19.37007874015748
 30
0.0
  0
CIRCLE
  5
4B4
330
17
100
AcDbEntity
  8
Back elevation
100
AcDbCircle
 10
409.3228346456693
 20
19.37007874015748
 30
0.0
 40
0.1377952755905512
  0
LWPOLYLINE
  5
4B5
330
17
100
AcDbEntity
  8
Back elevation
100
AcDbPolyline
 90
2
 70
0
 10
409.244094488189
 20
19.251968503937007
 10
409.00787401574803
 20
18.661417322834644
  0
LWPOLYLINE
  5
4B6
330
17
100
AcDbEntity
  8
Back elevation
100
AcDbPolyline
 90
2
 70
0
 10
409.4015748031496
 20
19.251968503937007
 10
409.6377952755905
 20
18.661417322834644
  0
SPLINE
  5
4B7
330
17
100
AcDbEntity
  8
Back elevation
100
AcDbSpline
 70
0
 71
3
 72
8
 73
4
 74
0
 40
0.0
 40
0.0
 40
0.0
 40
0.0
 40
1.0
 40
1.0
 40
1.0
 40
1.0
 10
409.3228346456693
 20
18.503937007874015
 30
0.0
 10
409.84251968503935
 20
18.503937007874015
 30
0.0
 10
409.79527559055117
 20
17.79527559055118
 30
0.0
 10
409.3228346456693
 20
17.417322834645667
 30
0.0
  0
SPLINE
  5
4B8
330
17
100
AcDbEntity
  8
Back elevation
100
AcDbSpline
 70
0
 71
3
 72
8
 73
4
 74
0
 40
0.0
 40
0.0
 40
0.0
 40
0.0
 40
1.0
 40
1.0
 40
1.0
 40
1.0
 10
409.3228346456693
 20
17.417322834645667
 30
0.0
 10
408.8503937007874
 20
17.79527559055118
 30
0.0
 10
408.8031496062992
 20
18.503937007874015
 30
0.0
 10
409.3228346456693
 20
18.503937007874015
 30
0.0
  0
LWPOLYLINE
  5
4B9
330
17
100
AcDbEntity
  8
Back elevation
100
AcDbPolyline
 90
2
 70
0
 10
409.3228346456693
 20
18.362204724409448
 10
409.3228346456693
 20
17.653543307086615
  0
SPLINE
  5
4BA
330
17
100
AcDbEntity
  8
Back elevation
100
AcDbSpline
 70
0
 71
3
 72
8
 73
4
 74
0
 40
0.0
 40
0.0
 40
0.0
 40
0.0
 40
1.0
 40
1.0
 40
1.0
 40
1.0
 10
409.11496062992126
 20
18.267716535433074
 30
0.0
 10
409.1905511811023
 20
18.04724409448819
 30
0.0
 10
409.259842519685
 20
17.84251968503937
 30
0.0
 10
409.3228346456693
 20
17.653543307086615
 30
0.0
  0
SPLINE
  5
4BB
330
17
100
AcDbEntity
  8
Back elevation
100
AcDbSpline
 70
0
 71
3
 72
8
 73
4
 74
0
 40
0.0
 40
0.0
 40
0.0
 40
0.0
 40
1.0
 40
1.0
 40
1.0
 40
1.0
 10
409.5307086614173
 20
18.267716535433074
 30
0.0
 10
409.45511811023624
 20
18.04724409448819
 30
0.0
 10
409.38582677165357
 20
17.84251968503937
 30
0.0
 10
409.3228346456693
 20
17.653543307086615
 30
0.0
  0
CIRCLE
  5
4BC
330
17
100
AcDbEntity
  8
Back elevation
100
AcDbCircle
 10
409.3228346456693
 20
17.259842519685037
 30
0.0
 40
0.09842519685039369
  0
SPLINE
  5
4BD
330
17
100
AcDbEntity
  8
Back elevation
100
AcDbSpline
 70
0
 71
3
 72
8
 73
4
 74
0
 40
0.0
 40
0.0
 40
0.0
 40
0.0
 40
1.0
 40
1.0
 40
1.0
 40
1.0
 10
409.3228346456693
 20
17.062992125984252
 30
0.0
 10
409.79055118110233
 20
17.062992125984252
 30
0.0
 10
409.748031496063
 20
16.425196850393704
 30
0.0
 10
409.3228346456693
 20
16.08503937007874
 30
0.0
  0
SPLINE
  5
4BE
330
17
100
AcDbEntity
  8
Back elevation
100
AcDbSpline
 70
0
 71
3
 72
8
 73
4
 74
0
 40
0.0
 40
0.0
 40
0.0
 40
0.0
 40
1.0
 40
1.0
 40
1.0
 40
1.0
 10
409.3228346456693
 20
16.08503937007874
 30
0.0
 10
408.89763779527556
 20
16.425196850393704
 30
0.0
 10
408.85511811023616
 20
17.062992125984252
 30
0.0
 10
409.3228346456693
 20
17.062992125984252
 30
0.0
  0
LWPOLYLINE
  5
4BF
330
17
100
AcDbEntity
  8
Back elevation
100
AcDbPolyline
 90
2
 70
0
 10
409.3228346456693
 20
16.93543307086614
 10
409.3228346456693
 20
16.29763779527559
  0
SPLINE
  5
4C0
330
17
100
AcDbEntity
  8
Back elevation
100
AcDbSpline
 70
0
 71
3
 72
8
 73
4
 74
0
 40
0.0
 40
0.0
 40
0.0
 40
0.0
 40
1.0
 40
1.0
 40
1.0
 40
1.0
 10
409.13574803149606
 20
16.8503937007874
 30
0.0
 10
409.20377952755905
 20
16.65196850393701
 30
0.0
 10
409.2661417322835
 20
16.467716535433073
 30
0.0
 10
409.3228346456693
 20
16.29763779527559
 30
0.0
  0
SPLINE
  5
4C1
330
17
100
AcDbEntity
  8
Back elevation
100
AcDbSpline
 70
0
 71
3
 72
8
 73
4
 74
0
 40
0.0
 40
0.0
 40
0.0
 40
0.0
 40
1.0
 40
1.0
 40
1.0
 40
1.0
 10
409.5099212598425
 20
16.8503937007874
 30
0.0
 10
409.4418897637795
 20
16.65196850393701
 30
0.0
 10
409.3795275590551
 20
16.467716535433073
 30
0.0
 10
409.3228346456693
 20
16.29763779527559
 30
0.0
  0
CIRCLE
  5
4C2
330
17
100
AcDbEntity
  8
Back elevation
100
AcDbCircle
 10
409.3228346456693
 20
15.92755905511811
 30
0.0
 40
0.09842519685039369
  0
SPLINE
  5
4C3
330
17
100
AcDbEntity
  8
Back elevation
100
AcDbSpline
 70
0
 71
3
 72
8
 73
4
 74
0
 40
0.0
 40
0.0
 40
0.0
 40
0.0
 40
1.0
 40
1.0
 40
1.0
 40
1.0
 10
409.3228346456693
 20
15.730708661417324
 30
0.0
 10
409.743779527559
 20
15.730708661417324
 30
0.0
 10
409.7055118110236
 20
15.156692913385829
 30
0.0
 10
409.3228346456693
 20
14.850551181102363
 30
0.0
  0
SPLINE
  5
4C4
330
17
100
AcDbEntity
  8
Back elevation
100
AcDbSpline
 70
0
 71
3
 72
8
 73
4
 74
0
 40
0.0
 40
0.0
 40
0.0
 40
0.0
 40
1.0
 40
1.0
 40
1.0
 40
1.0
 10
409.3228346456693
 20
14.850551181102363
 30
0.0
 10
408.94015748031495
 20
15.156692913385829
 30
0.0
 10
408.90188976377954
 20
15.730708661417324
 30
0.0
 10
409.3228346456693
 20
15.730708661417324
 30
0.0
  0
LWPOLYLINE
  5
4C5
330
17
100
AcDbEntity
  8
Back elevation
100
AcDbPolyline
 90
2
 70
0
 10
409.3228346456693
 20
15.615905511811025
 10
409.3228346456693
 20
15.04188976377953
  0
SPLINE
  5
4C6
330
17
100
AcDbEntity
  8
Back elevation
100
AcDbSpline
 70
0
 71
3
 72
8
 73
4
 74
0
 40
0.0
 40
0.0
 40
0.0
 40
0.0
 40
1.0
 40
1.0
 40
1.0
 40
1.0
 10
409.15445669291336
 20
15.539370078740157
 30
0.0
 10
409.21568503937004
 20
15.360787401574804
 30
0.0
 10
409.27181102362204
 20
15.194960629921262
 30
0.0
 10
409.3228346456693
 20
15.04188976377953
 30
0.0
  0
SPLINE
  5
4C7
330
17
100
AcDbEntity
  8
Back elevation
100
AcDbSpline
 70
0
 71
3
 72
8
 73
4
 74
0
 40
0.0
 40
0.0
 40
0.0
 40
0.0
 40
1.0
 40
1.0
 40
1.0
 40
1.0
 10
409.4912125984252
 20
15.539370078740157
 30
0.0
 10
409.4299842519685
 20
15.360787401574804
 30
0.0
 10
409.3738582677165
 20
15.194960629921262
 30
0.0
 10
409.3228346456693
 20
15.04188976377953
 30
0.0
  0
CIRCLE
  5
4C8
330
17
100
AcDbEntity
  8
Back elevation
100
AcDbCircle
 10
409.3228346456693
 20
14.693070866141733
 30
0.0
 40
0.09842519685039369
  0
SPLINE
  5
4C9
330
17
100
AcDbEntity
  8
Back elevation
100
AcDbSpline
 70
0
 71
3
 72
8
 73
4
 74
0
 40
0.0
 40
0.0
 40
0.0
 40
0.0
 40
1.0
 40
1.0
 40
1.0
 40
1.0
 10
409.3228346456693
 20
14.496220472440946
 30
0.0
 10
409.7016850393701
 20
14.496220472440946
 30
0.0
 10
409.6672440944882
 20
13.9796062992126
 30
0.0
 10
409.3228346456693
 20
13.704078740157481
 30
0.0
  0
SPLINE
  5
4CA
330
17
100
AcDbEntity
  8
Back elevation
100
AcDbSpline
 70
0
 71
3
 72
8
 73
4
 74
0
 40
0.0
 40
0.0
 40
0.0
 40
0.0
 40
1.0
 40
1.0
 40
1.0
 40
1.0
 10
409.3228346456693
 20
13.704078740157481
 30
0.0
 10
408.97842519685037
 20
13.9796062992126
 30
0.0
 10
408.94398425196846
 20
14.496220472440946
 30
0.0
 10
409.3228346456693
 20
14.496220472440946
 30
0.0
  0
LWPOLYLINE
  5
4CB
330
17
100
AcDbEntity
  8
Back elevation
100
AcDbPolyline
 90
2
 70
0
 10
409.3228346456693
 20
14.392897637795278
 10
409.3228346456693
 20
13.876283464566932
  0
SPLINE
  5
4CC
330
17
100
AcDbEntity
  8
Back elevation
100
AcDbSpline
 70
0
 71
3
 72
8
 73
4
 74
0
 40
0.0
 40
0.0
 40
0.0
 40
0.0
 40
1.0
 40
1.0
 40
1.0
 40
1.0
 10
409.17129448818895
 20
14.324015748031497
 30
0.0
 10
409.2264
 20
14.16329133858268
 30
0.0
 10
409.2769133858268
 20
14.01404724409449
 30
0.0
 10
409.3228346456693
 20
13.876283464566932
 30
0.0
  0
SPLINE
  5
4CD
330
17
100
AcDbEntity
  8
Back elevation
100
AcDbSpline
 70
0
 71
3
 72
8
 73
4
 74
0
 40
0.0
 40
0.0
 40
0.0
 40
0.0
 40
1.0
 40
1.0
 40
1.0
 40
1.0
 10
409.4743748031496
 20
14.324015748031497
 30
0.0
 10
409.41926929133854
 20
14.16329133858268
 30
0.0
 10
409.36875590551176
 20
14.01404724409449
 30
0.0
 10
409.3228346456693
 20
13.876283464566932
 30
0.0
  0
CIRCLE
  5
4CE
330
17
100
AcDbEntity
  8
Back elevation
100
AcDbCircle
 10
409.3228346456693
 20
13.54659842519685
 30
0.0
 40
0.09842519685039369
  0
SPLINE
  5
4CF
330
17
100
AcDbEntity
  8
Back elevation
100
AcDbSpline
 70
0
 71
3
 72
8
 73
4
 74
0
 40
0.0
 40
0.0
 40
0.0
 40
0.0
 40
1.0
 40
1.0
 40
1.0
 40
1.0
 10
409.3228346456693
 20
13.349748031496063
 30
0.0
 10
409.6638
 20
13.349748031496063
 30
0.0
 10
409.6328031496063
 20
12.884795275590552
 30
0.0
 10
409.3228346456693
 20
12.636820472440945
 30
0.0
  0
SPLINE
  5
4D0
330
17
100
AcDbEntity
  8
Back elevation
100
AcDbSpline
 70
0
 71
3
 72
8
 73
4
 74
0
 40
0.0
 40
0.0
 40
0.0
 40
0.0
 40
1.0
 40
1.0
 40
1.0
 40
1.0
 10
409.3228346456693
 20
12.636820472440945
 30
0.0
 10
409.0128661417323
 20
12.884795275590552
 30
0.0
 10
408.98186929133857
 20
13.349748031496063
 30
0.0
 10
409.3228346456693
 20
13.349748031496063
 30
0.0
  0
LWPOLYLINE
  5
4D1
330
17
100
AcDbEntity
  8
Back elevation
100
AcDbPolyline
 90
2
 70
0
 10
409.3228346456693
 20
13.25675748031496
 10
409.3228346456693
 20
12.791804724409449
  0
SPLINE
  5
4D2
330
17
100
AcDbEntity
  8
Back elevation
100
AcDbSpline
 70
0
 71
3
 72
8
 73
4
 74
0
 40
0.0
 40
0.0
 40
0.0
 40
0.0
 40
1.0
 40
1.0
 40
1.0
 40
1.0
 10
409.18644850393696
 20
13.194763779527559
 30
0.0
 10
409.2360434645669
 20
13.050111811023623
 30
0.0
 10
409.281505511811
 20
12.915792125984252
 30
0.0
 10
409.3228346456693
 20
12.791804724409449
 30
0.0
  0
SPLINE
  5
4D3
330
17
100
AcDbEntity
  8
Back elevation
100
AcDbSpline
 70
0
 71
3
 72
8
 73
4
 74
0
 40
0.0
 40
0.0
 40
0.0
 40
0.0
 40
1.0
 40
1.0
 40
1.0
 40
1.0
 10
409.45922078740153
 20
13.194763779527559
 30
0.0
 10
409.4096258267716
 20
13.050111811023623
 30
0.0
 10
409.36416377952753
 20
12.915792125984252
 30
0.0
 10
409.3228346456693
 20
12.791804724409449
 30
0.0
  0
CIRCLE
  5
4D4
330
17
100
AcDbEntity
  8
Back elevation
100
AcDbCircle
 10
409.3228346456693
 20
12.479340157480314
 30
0.0
 40
0.09842519685039369
  0
SPLINE
  5
4D5
330
17
100
AcDbEntity
  8
Back elevation
100
AcDbSpline
 70
0
 71
3
 72
8
 73
4
 74
0
 40
0.0
 40
0.0
 40
0.0
 40
0.0
 40
1.0
 40
1.0
 40
1.0
 40
1.0
 10
409.3228346456693
 20
12.282489763779527
 30
0.0
 10
409.6297034645669
 20
12.282489763779527
 30
0.0
 10
409.60180629921257
 20
11.864032283464567
 30
0.0
 10
409.3228346456693
 20
11.64085496062992
 30
0.0
  0
SPLINE
  5
4D6
330
17
100
AcDbEntity
  8
Back elevation
100
AcDbSpline
 70
0
 71
3
 72
8
 73
4
 74
0
 40
0.0
 40
0.0
 40
0.0
 40
0.0
 40
1.0
 40
1.0
 40
1.0
 40
1.0
 10
409.3228346456693
 20
11.64085496062992
 30
0.0
 10
409.043862992126
 20
11.864032283464567
 30
0.0
 10
409.01596582677166
 20
12.282489763779527
 30
0.0
 10
409.3228346456693
 20
12.282489763779527
 30
0.0
  0
LWPOLYLINE
  5
4D7
330
17
100
AcDbEntity
  8
Back elevation
100
AcDbPolyline
 90
2
 70
0
 10
409.3228346456693
 20
12.198798267716537
 10
409.3228346456693
 20
11.780340787401574
  0
SPLINE
  5
4D8
330
17
100
AcDbEntity
  8
Back elevation
100
AcDbSpline
 70
0
 71
3
 72
8
 73
4
 74
0
 40
0.0
 40
0.0
 40
0.0
 40
0.0
 40
1.0
 40
1.0
 40
1.0
 40
1.0
 10
409.2000871181102
 20
12.143003937007876
 30
0.0
 10
409.2447225826771
 20
12.012817165354333
 30
0.0
 10
409.2856384251968
 20
11.891929448818898
 30
0.0
 10
409.3228346456693
 20
11.780340787401574
 30
0.0
  0
SPLINE
  5
4D9
330
17
100
AcDbEntity
  8
Back elevation
100
AcDbSpline
 70
0
 71
3
 72
8
 73
4
 74
0
 40
0.0
 40
0.0
 40
0.0
 40
0.0
 40
1.0
 40
1.0
 40
1.0
 40
1.0
 10
409.44558217322833
 20
12.143003937007876
 30
0.0
 10
409.40094670866137
 20
12.012817165354333
 30
0.0
 10
409.3600308661417
 20
11.891929448818898
 30
0.0
 10
409.3228346456693
 20
11.780340787401574
 30
0.0
  0
CIRCLE
  5
4DA
330
17
100
AcDbEntity
  8
Back elevation
100
AcDbCircle
 10
409.3228346456693
 20
11.48337464566929
 30
0.0
 40
0.09842519685039369
  0
SPLINE
  5
4DB
330
17
100
AcDbEntity
  8
Back elevation
100
AcDbSpline
 70
0
 71
3
 72
8
 73
4
 74
0
 40
0.0
 40
0.0
 40
0.0
 40
0.0
 40
1.0
 40
1.0
 40
1.0
 40
1.0
 10
409.3228346456693
 20
11.286524251968505
 30
0.0
 10
409.5990165826771
 20
11.286524251968505
 30
0.0
 10
409.57390913385825
 20
10.90991251968504
 30
0.0
 10
409.3228346456693
 20
10.709052929133858
 30
0.0
  0
SPLINE
  5
4DC
330
17
100
AcDbEntity
  8
Back elevation
100
AcDbSpline
 70
0
 71
3
 72
8
 73
4
 74
0
 40
0.0
 40
0.0
 40
0.0
 40
0.0
 40
1.0
 40
1.0
 40
1.0
 40
1.0
 10
409.3228346456693
 20
10.709052929133858
 30
0.0
 10
409.0717601574803
 20
10.90991251968504
 30
0.0
 10
409.0466527086614
 20
11.286524251968505
 30
0.0
 10
409.3228346456693
 20
11.286524251968505
 30
0.0
  0
LWPOLYLINE
  5
4DD
330
17
100
AcDbEntity
  8
Back elevation
100
AcDbPolyline
 90
2
 70
0
 10
409.3228346456693
 20
11.21120190551181
 10
409.3228346456693
 20
10.834590173228346
  0
SPLINE
  5
4DE
330
17
100
AcDbEntity
  8
Back elevation
100
AcDbSpline
 70
0
 71
3
 72
8
 73
4
 74
0
 40
0.0
 40
0.0
 40
0.0
 40
0.0
 40
1.0
 40
1.0
 40
1.0
 40
1.0
 10
409.2123618708661
 20
11.160987007874017
 30
0.0
 10
409.2525337889764
 20
11.043818913385826
 30
0.0
 10
409.2893580472441
 20
10.935019968503935
 30
0.0
 10
409.3228346456693
 20
10.834590173228346
 30
0.0
  0
SPLINE
  5
4DF
330
17
100
AcDbEntity
  8
Back elevation
100
AcDbSpline
 70
0
 71
3
 72
8
 73
4
 74
0
 40
0.0
 40
0.0
 40
0.0
 40
0.0
 40
1.0
 40
1.0
 40
1.0
 40
1.0
 10
409.43330742047243
 20
11.160987007874017
 30
0.0
 10
409.39313550236216
 20
11.043818913385826
 30
0.0
 10
409.35631124409446
 20
10.935019968503935
 30
0.0
 10
409.3228346456693
 20
10.834590173228346
 30
0.0
  0
CIRCLE
  5
4E0
330
17
100
AcDbEntity
  8
Back elevation
100
AcDbCircle
 10
409.3228346456693
 20
10.551572614173228
 30
0.0
 40
0.09842519685039369
  0
SPLINE
  5
4E1
330
17
100
AcDbEntity
  8
Back elevation
100
AcDbSpline
 70
0
 71
3
 72
8
 73
4
 74
0
 40
0.0
 40
0.0
 40
0.0
 40
0.0
 40
1.0
 40
1.0
 40
1.0
 40
1.0
 10
409.3228346456693
 20
10.354722220472443
 30
0.0
 10
409.5713983889764
 20
10.354722220472443
 30
0.0
 10
409.54880168503934
 20
10.015771661417322
 30
0.0
 10
409.3228346456693
 20
9.834998029921262
 30
0.0
  0
SPLINE
  5
4E2
330
17
100
AcDbEntity
  8
Back elevation
100
AcDbSpline
 70
0
 71
3
 72
8
 73
4
 74
0
 40
0.0
 40
0.0
 40
0.0
 40
0.0
 40
1.0
 40
1.0
 40
1.0
 40
1.0
 10
409.3228346456693
 20
9.834998029921262
 30
0.0
 10
409.0968676062992
 20
10.015771661417322
 30
0.0
 10
409.0742709023622
 20
10.354722220472443
 30
0.0
 10
409.3228346456693
 20
10.354722220472443
 30
0.0
  0
LWPOLYLINE
  5
4E3
330
17
100
AcDbEntity
  8
Back elevation
100
AcDbPolyline
 90
2
 70
0
 10
409.3228346456693
 20
10.286932108661418
 10
409.3228346456693
 20
9.9479815496063
  0
SPLINE
  5
4E4
330
17
100
AcDbEntity
  8
Back elevation
100
AcDbSpline
 70
0
 71
3
 72
8
 73
4
 74
0
 40
0.0
 40
0.0
 40
0.0
 40
0.0
 40
1.0
 40
1.0
 40
1.0
 40
1.0
 10
409.22340914834643
 20
10.241738700787401
 30
0.0
 10
409.25956387464566
 20
10.136287415748031
 30
0.0
 10
409.2927057070866
 20
10.038368365354332
 30
0.0
 10
409.3228346456693
 20
9.9479815496063
 30
0.0
  0
SPLINE
  5
4E5
330
17
100
AcDbEntity
  8
Back elevation
100
AcDbSpline
 70
0
 71
3
 72
8
 73
4
 74
0
 40
0.0
 40
0.0
 40
0.0
 40
0.0
 40
1.0
 40
1.0
 40
1.0
 40
1.0
 10
409.4222601429921
 20
10.241738700787401
 30
0.0
 10
409.3861054166929
 20
10.136287415748031
 30
0.0
 10
409.35296358425194
 20
10.038368365354332
 30
0.0
 10
409.3228346456693
 20
9.9479815496063
 30
0.0
  0
CIRCLE
  5
4E6
330
17
100
AcDbEntity
  8
Back elevation
100
AcDbCircle
 10
409.3228346456693
 20
9.67751771496063
 30
0.0
 40
0.09842519685039369
  0
SPLINE
  5
4E7
330
17
100
AcDbEntity
  8
Back elevation
100
AcDbSpline
 70
0
 71
3
 72
8
 73
4
 74
0
 40
0.0
 40
0.0
 40
0.0
 40
0.0
 40
1.0
 40
1.0
 40
1.0
 40
1.0
 10
409.3228346456693
 20
9.480667321259844
 30
0.0
 10
409.54654201464564
 20
9.480667321259844
 30
0.0
 10
409.52620498110235
 20
9.175611818110237
 30
0.0
 10
409.3228346456693
 20
9.012915549763783
 30
0.0
  0
SPLINE
  5
4E8
330
17
100
AcDbEntity
  8
Back elevation
100
AcDbSpline
 70
0
 71
3
 72
8
 73
4
 74
0
 40
0.0
 40
0.0
 40
0.0
 40
0.0
 40
1.0
 40
1.0
 40
1.0
 40
1.0
 10
409.3228346456693
 20
9.012915549763783
 30
0.0
 10
409.1194643102362
 20
9.175611818110237
 30
0.0
 10
409.0991272766929
 20
9.480667321259844
 30
0.0
 10
409.3228346456693
 20
9.480667321259844
 30
0.0
  0
LWPOLYLINE
  5
4E9
330
17
100
AcDbEntity
  8
Back elevation
100
AcDbPolyline
 90
2
 70
0
 10
409.3228346456693
 20
9.419656220629925
 10
409.3228346456693
 20
9.114600717480315
  0
SPLINE
  5
4EA
330
17
100
AcDbEntity
  8
Back elevation
100
AcDbSpline
 70
0
 71
3
 72
8
 73
4
 74
0
 40
0.0
 40
0.0
 40
0.0
 40
0.0
 40
1.0
 40
1.0
 40
1.0
 40
1.0
 10
409.2333516980787
 20
9.378982153543308
 30
0.0
 10
409.265890951748
 20
9.284075997007877
 30
0.0
 10
409.29571860094484
 20
9.195948851653545
 30
0.0
 10
409.3228346456693
 20
9.114600717480315
 30
0.0
  0
SPLINE
  5
4EB
330
17
100
AcDbEntity
  8
Back elevation
100
AcDbSpline
 70
0
 71
3
 72
8
 73
4
 74
0
 40
0.0
 40
0.0
 40
0.0
 40
0.0
 40
1.0
 40
1.0
 40
1.0
 40
1.0
 10
409.41231759325984
 20
9.378982153543308
 30
0.0
 10
409.37977833959053
 20
9.284075997007877
 30
0.0
 10
409.3499506903937
 20
9.195948851653545
 30
0.0
 10
409.3228346456693
 20
9.114600717480315
 30
0.0
  0
CIRCLE
  5
4EC
330
17
100
AcDbEntity
  8
Back elevation
100
AcDbCircle
 10
409.3228346456693
 20
8.85543523480315
 30
0.0
 40
0.09842519685039369
  0
SPLINE
  5
4ED
330
17
100
AcDbEntity
  8
Back elevation
100
AcDbSpline
 70
0
 71
3
 72
8
 73
4
 74
0
 40
0.0
 40
0.0
 40
0.0
 40
0.0
 40
1.0
 40
1.0
 40
1.0
 40
1.0
 10
409.3228346456693
 20
8.658584841102364
 30
0.0
 10
409.524171277748
 20
8.658584841102364
 30
0.0
 10
409.50586794755907
 20
8.384034888267717
 30
0.0
 10
409.3228346456693
 20
8.237608246755908
 30
0.0
  0
SPLINE
  5
4EE
330
17
100
AcDbEntity
  8
Back elevation
100
AcDbSpline
 70
0
 71
3
 72
8
 73
4
 74
0
 40
0.0
 40
0.0
 40
0.0
 40
0.0
 40
1.0
 40
1.0
 40
1.0
 40
1.0
 10
409.3228346456693
 20
8.237608246755908
 30
0.0
 10
409.1398013437795
 20
8.384034888267717
 30
0.0
 10
409.12149801359055
 20
8.658584841102364
 30
0.0
 10
409.3228346456693
 20
8.658584841102364
 30
0.0
  0
LWPOLYLINE
  5
4EF
330
17
100
AcDbEntity
  8
Back elevation
100
AcDbPolyline
 90
2
 70
0
 10
409.3228346456693
 20
8.603674850535434
 10
409.3228346456693
 20
8.329124897700787
  0
SPLINE
  5
4F0
330
17
100
AcDbEntity
  8
Back elevation
100
AcDbSpline
 70
0
 71
3
 72
8
 73
4
 74
0
 40
0.0
 40
0.0
 40
0.0
 40
0.0
 40
1.0
 40
1.0
 40
1.0
 40
1.0
 10
409.2422999928378
 20
8.567068190157482
 30
0.0
 10
409.27158532114015
 20
8.481652649275592
 30
0.0
 10
409.2984302054173
 20
8.402338218456693
 30
0.0
 10
409.3228346456693
 20
8.329124897700787
 30
0.0
  0
SPLINE
  5
4F1
330
17
100
AcDbEntity
  8
Back elevation
100
AcDbSpline
 70
0
 71
3
 72
8
 73
4
 74
0
 40
0.0
 40
0.0
 40
0.0
 40
0.0
 40
1.0
 40
1.0
 40
1.0
 40
1.0
 10
409.40336929850076
 20
8.567068190157482
 30
0.0
 10
409.3740839701984
 20
8.481652649275592
 30
0.0
 10
409.3472390859213
 20
8.402338218456693
 30
0.0
 10
409.3228346456693
 20
8.329124897700787
 30
0.0
  0
CIRCLE
  5
4F2
330
17
100
AcDbEntity
  8
Back elevation
100
AcDbCircle
 10
409.3228346456693
 20
8.080127931795278
 30
0.0
 40
0.09842519685039369
  0
LWPOLYLINE
  5
4F3
330
17
100
AcDbEntity
  8
Back elevation
100
AcDbPolyline
 90
5
 70
0
 10
408.6535433070866
 20
5.511811023622048
 10
409.99212598425197
 20
5.511811023622048
 10
409.99212598425197
 20
3.1496062992126
 10
408.6535433070866
 20
3.1496062992126
 10
408.6535433070866
 20
5.511811023622048
  0
LINE
  5
4F4
330
17
100
AcDbEntity
  8
Back elevation
100
AcDbLine
 10
408.6535433070866
 20
5.196850393700787
 30
0.0
 11
409.9921259842519
 21
5.196850393700787
 31
0.0
  0
LWPOLYLINE
  5
4F5
330
17
100
AcDbEntity
  8
Back elevation
100
AcDbPolyline
 90
5
 70
0
 10
408.53543307086613
 20
27.95275590551181
 10
410.1102362204724
 20
27.95275590551181
 10
410.1102362204724
 20
27.480314960629922
 10
408.53543307086613
 20
27.480314960629922
 10
408.53543307086613
 20
27.95275590551181
  0
LWPOLYLINE
  5
4F6
330
17
100
AcDbEntity
  8
Back elevation
100
AcDbPolyline
 90
5
 70
0
 10
408.7322834645669
 20
27.480314960629922
 10
409.9133858267716
 20
27.480314960629922
 10
409.7165354330708
 20
21.653543307086615
 10
408.9291338582677
 20
21.653543307086615
 10
408.7322834645669
 20
27.480314960629922
  0
LINE
  5
4F7
330
17
100
AcDbEntity
  8
Back elevation
100
AcDbLine
 10
408.9685039370078
 20
27.244094488188978
 30
0.0
 11
409.0866141732283
 21
21.88976377952756
 31
0.0
  0
LINE
  5
4F8
330
17
100
AcDbEntity
  8
Back elevation
100
AcDbLine
 10
409.2047244094488
 20
27.244094488188978
 30
0.0
 11
409.2440944881889
 21
21.88976377952756
 31
0.0
  0
LINE
  5
4F9
330
17
100
AcDbEntity
  8
Back elevation
100
AcDbLine
 10
409.4409448818897
 20
27.244094488188978
 30
0.0
 11
409.4015748031496
 21
21.88976377952756
 31
0.0
  0
LINE
  5
4FA
330
17
100
AcDbEntity
  8
Back elevation
100
AcDbLine
 10
409.67716535433067
 20
27.244094488188978
 30
0.0
 11
409.5590551181102
 21
21.88976377952756
 31
0.0
  0
POLYLINE
  5
4FB
330
17
100
AcDbEntity
  8
Back elevation
100
AcDb2dPolyline
 66
1
 10
0.0
 20
0.0
 30
0.0
 70
0
  0
VERTEX
  5
4FC
330
4FB
100
AcDbEntity
  8
Back elevation
100
AcDbVertex
100
AcDb2dVertex
 10
409.1653543307086
 20
21.653543307086615
 30
0.0
 70
0
  0
VERTEX
  5
4FD
330
4FB
100
AcDbEntity
  8
Back elevation
100
AcDbVertex
100
AcDb2dVertex
 10
409.4803149606299
 20
21.653543307086615
 30
0.0
 70
0
  0
SEQEND
  5
4FE
330
4FB
100
AcDbEntity
  8
Back elevation
  0
SPLINE
  5
4FF
330
17
100
AcDbEntity
  8
Back elevation
100
AcDbSpline
 70
0
 71
3
 72
14
 73
10
 74
0
 40
0.0
 40
0.0
 40
0.0
 40
0.0
 40
1.0
 40
1.0
 40
1.0
 40
2.0
 40
2.0
 40
2.0
 40
3.0
 40
3.0
 40
3.0
 40
3.0
 10
409.4803149606299
 20
21.653543307086615
 30
0.0
 10
409.5494187382323
 20
21.653543307086615
 30
0.0
 10
409.61731972742956
 20
21.635349291865932
 30
0.0
 10
409.67716535433067
 20
21.60079740306474
 30
0.0
 10
409.73701098123183
 20
21.56624551426355
 30
0.0
 10
409.7867179552084
 20
21.51653854028696
 30
0.0
 10
409.82126984400963
 20
21.45669291338583
 30
0.0
 10
409.8558217328108
 20
21.396847286484693
 30
0.0
 10
409.87401574803147
 20
21.328946297287423
 30
0.0
 10
409.87401574803147
 20
21.25984251968504
 30
0.0
  0
POLYLINE
  5
500
330
17
100
AcDbEntity
  8
Back elevation
100
AcDb2dPolyline
 66
1
 10
0.0
 20
0.0
 30
0.0
 70
0
  0
VERTEX
  5
501
330
500
100
AcDbEntity
  8
Back elevation
100
AcDbVertex
100
AcDb2dVertex
 10
409.87401574803147
 20
21.25984251968504
 30
0.0
 70
0
  0
VERTEX
  5
502
330
500
100
AcDbEntity
  8
Back elevation
100
AcDbVertex
100
AcDb2dVertex
 10
409.87401574803147
 20
21.181102362204726
 30
0.0
 70
0
  0
SEQEND
  5
503
330
500
100
AcDbEntity
  8
Back elevation
  0
SPLINE
  5
504
330
17
100
AcDbEntity
  8
Back elevation
100
AcDbSpline
 70
0
 71
3
 72
14
 73
10
 74
0
 40
0.0
 40
0.0
 40
0.0
 40
0.0
 40
1.0
 40
1.0
 40
1.0
 40
2.0
 40
2.0
 40
2.0
 40
3.0
 40
3.0
 40
3.0
 40
3.0
 10
409.87401574803147
 20
21.181102362204726
 30
0.0
 10
409.87401574803147
 20
21.111998584602343
 30
0.0
 10
409.8558217328108
 20
21.04409759540507
 30
0.0
 10
409.82126984400963
 20
20.98425196850394
 30
0.0
 10
409.7867179552084
 20
20.924406341602804
 30
0.0
 10
409.73701098123183
 20
20.874699367626217
 30
0.0
 10
409.67716535433067
 20
20.840147478825024
 30
0.0
 10
409.61731972742956
 20
20.805595590023835
 30
0.0
 10
409.5494187382323
 20
20.787401574803148
 30
0.0
 10
409.4803149606299
 20
20.787401574803148
 30
0.0
  0
POLYLINE
  5
505
330
17
100
AcDbEntity
  8
Back elevation
100
AcDb2dPolyline
 66
1
 10
0.0
 20
0.0
 30
0.0
 70
0
  0
VERTEX
  5
506
330
505
100
AcDbEntity
  8
Back elevation
100
AcDbVertex
100
AcDb2dVertex
 10
409.4803149606299
 20
20.787401574803148
 30
0.0
 70
0
  0
VERTEX
  5
507
330
505
100
AcDbEntity
  8
Back elevation
100
AcDbVertex
100
AcDb2dVertex
 10
409.1653543307086
 20
20.787401574803148
 30
0.0
 70
0
  0
SEQEND
  5
508
330
505
100
AcDbEntity
  8
Back elevation
  0
SPLINE
  5
509
330
17
100
AcDbEntity
  8
Back elevation
100
AcDbSpline
 70
0
 71
3
 72
14
 73
10
 74
0
 40
0.0
 40
0.0
 40
0.0
 40
0.0
 40
1.0
 40
1.0
 40
1.0
 40
2.0
 40
2.0
 40
2.0
 40
3.0
 40
3.0
 40
3.0
 40
3.0
 10
409.1653543307086
 20
20.787401574803148
 30
0.0
 10
409.09625055310624
 20
20.787401574803148
 30
0.0
 10
409.028349563909
 20
20.805595590023835
 30
0.0
 10
408.9685039370079
 20
20.840147478825024
 30
0.0
 10
408.9086583101067
 20
20.874699367626217
 30
0.0
 10
408.85895133613013
 20
20.924406341602804
 30
0.0
 10
408.8243994473289
 20
20.98425196850394
 30
0.0
 10
408.78984755852775
 20
21.04409759540507
 30
0.0
 10
408.7716535433071
 20
21.111998584602343
 30
0.0
 10
408.7716535433071
 20
21.181102362204726
 30
0.0
  0
POLYLINE
  5
50A
330
17
100
AcDbEntity
  8
Back elevation
100
AcDb2dPolyline
 66
1
 10
0.0
 20
0.0
 30
0.0
 70
0
  0
VERTEX
  5
50B
330
50A
100
AcDbEntity
  8
Back elevation
100
AcDbVertex
100
AcDb2dVertex
 10
408.7716535433071
 20
21.181102362204726
 30
0.0
 70
0
  0
VERTEX
  5
50C
330
50A
100
AcDbEntity
  8
Back elevation
100
AcDbVertex
100
AcDb2dVertex
 10
408.7716535433071
 20
21.25984251968504
 30
0.0
 70
0
  0
SEQEND
  5
50D
330
50A
100
AcDbEntity
  8
Back elevation
  0
SPLINE
  5
50E
330
17
100
AcDbEntity
  8
Back elevation
100
AcDbSpline
 70
0
 71
3
 72
14
 73
10
 74
0
 40
0.0
 40
0.0
 40
0.0
 40
0.0
 40
1.0
 40
1.0
 40
1.0
 40
2.0
 40
2.0
 40
2.0
 40
3.0
 40
3.0
 40
3.0
 40
3.0
 10
408.7716535433071
 20
21.25984251968504
 30
0.0
 10
408.7716535433071
 20
21.328946297287423
 30
0.0
 10
408.78984755852775
 20
21.396847286484693
 30
0.0
 10
408.8243994473289
 20
21.45669291338583
 30
0.0
 10
408.85895133613013
 20
21.51653854028696
 30
0.0
 10
408.9086583101067
 20
21.56624551426355
 30
0.0
 10
408.9685039370079
 20
21.60079740306474
 30
0.0
 10
409.028349563909
 20
21.635349291865932
 30
0.0
 10
409.09625055310624
 20
21.653543307086615
 30
0.0
 10
409.1653543307086
 20
21.653543307086615
 30
0.0
  0
CIRCLE
  5
50F
330
17
100
AcDbEntity
  8
Back elevation
100
AcDbCircle
 10
409.3228346456693
 20
21.22047244094488
 30
0.0
 40
0.19685039370078738
  0
CIRCLE
  5
510
330
17
100
AcDbEntity
  8
Back elevation
100
AcDbCircle
 10
409.3228346456693
 20
20.590551181102363
 30
0.0
 40
0.19685039370078738
  0
LWPOLYLINE
  5
511
330
17
100
AcDbEntity
  8
Back elevation
100
AcDbPolyline
 90
4
 70
0
 10
410.14960629921256
 20
24.409448818897637
 10
410.62204724409446
 20
24.409448818897637
 10
410.62204724409446
 20
5.511811023622048
 10
410.14960629921256
 20
5.511811023622048
  0
LINE
  5
512
330
17
100
AcDbEntity
  8
Back elevation
100
AcDbLine
 10
410.3622047244094
 20
24.409448818897637
 30
0.0
 11
410.3622047244094
 21
5.511811023622047
 31
0.0
  0
LWPOLYLINE
  5
513
330
17
100
AcDbEntity
  8
Back elevation
100
AcDbPolyline
 90
5
 70
0
 10
410.14960629921256
 20
20.31496062992126
 10
410.7401574803149
 20
20.31496062992126
 10
410.7401574803149
 20
19.84251968503937
 10
410.14960629921256
 20
19.84251968503937
 10
410.14960629921256
 20
20.31496062992126
  0
LWPOLYLINE
  5
514
330
17
100
AcDbEntity
  8
Back elevation
100
AcDbPolyline
 90
5
 70
0
 10
410.14960629921256
 20
7.244094488188978
 10
410.7401574803149
 20
7.244094488188978
 10
410.7401574803149
 20
6.771653543307089
 10
410.14960629921256
 20
6.771653543307089
 10
410.14960629921256
 20
7.244094488188978
  0
LWPOLYLINE
  5
515
330
17
100
AcDbEntity
  8
Back elevation
100
AcDbPolyline
 90
5
 70
0
 10
410.14960629921256
 20
5.511811023622048
 10
410.7795275590551
 20
5.511811023622048
 10
410.7795275590551
 20
3.1496062992126
 10
410.14960629921256
 20
3.1496062992126
 10
410.14960629921256
 20
5.511811023622048
  0
POLYLINE
  5
516
330
17
100
AcDbEntity
  8
Back elevation
100
AcDb2dPolyline
 66
1
 10
0.0
 20
0.0
 30
0.0
 70
0
  0
VERTEX
  5
517
330
516
100
AcDbEntity
  8
Back elevation
100
AcDbVertex
100
AcDb2dVertex
 10
410.14960629921256
 20
27.480314960629922
 30
0.0
 70
0
  0
VERTEX
  5
518
330
516
100
AcDbEntity
  8
Back elevation
100
AcDbVertex
100
AcDb2dVertex
 10
411.01574803149606
 20
27.480314960629922
 30
0.0
 70
0
  0
VERTEX
  5
519
330
516
100
AcDbEntity
  8
Back elevation
100
AcDbVertex
100
AcDb2dVertex
 10
411.01574803149606
 20
27.165354330708663
 30
0.0
 70
0
  0
VERTEX
  5
51A
330
516
100
AcDbEntity
  8
Back elevation
100
AcDbVertex
100
AcDb2dVertex
 10
410.81889763779526
 20
27.165354330708663
 30
0.0
 70
0
  0
SEQEND
  5
51B
330
516
100
AcDbEntity
  8
Back elevation
  0
SPLINE
  5
51C
330
17
100
AcDbEntity
  8
Back elevation
100
AcDbSpline
 70
0
 71
3
 72
8
 73
4
 74
0
 40
0.0
 40
0.0
 40
0.0
 40
0.0
 40
1.0
 40
1.0
 40
1.0
 40
1.0
 10
410.81889763779526
 20
27.165354330708663
 30
0.0
 10
410.81889763779526
 20
25.590551181102363
 30
0.0
 10
410.503937007874
 20
25.19685039370079
 30
0.0
 10
410.46456692913387
 20
21.653543307086615
 30
0.0
  0
SPLINE
  5
51D
330
17
100
AcDbEntity
  8
Back elevation
100
AcDbSpline
 70
0
 71
3
 72
8
 73
4
 74
0
 40
0.0
 40
0.0
 40
0.0
 40
0.0
 40
1.0
 40
1.0
 40
1.0
 40
1.0
 10
410.46456692913387
 20
21.653543307086615
 30
0.0
 10
410.7795275590551
 20
21.5748031496063
 30
0.0
 10
410.8582677165354
 20
20.787401574803148
 30
0.0
 10
410.54330708661416
 20
20.62992125984252
 30
0.0
  0
POLYLINE
  5
51E
330
17
100
AcDbEntity
  8
Back elevation
100
AcDb2dPolyline
 66
1
 10
0.0
 20
0.0
 30
0.0
 70
0
  0
VERTEX
  5
51F
330
51E
100
AcDbEntity
  8
Back elevation
100
AcDbVertex
100
AcDb2dVertex
 10
410.54330708661416
 20
20.62992125984252
 30
0.0
 70
0
  0
VERTEX
  5
520
330
51E
100
AcDbEntity
  8
Back elevation
100
AcDbVertex
100
AcDb2dVertex
 10
410.14960629921256
 20
20.708661417322837
 30
0.0
 70
0
  0
SEQEND
  5
521
330
51E
100
AcDbEntity
  8
Back elevation
  0
LINE
  5
522
330
17
100
AcDbEntity
  8
Back elevation
100
AcDbLine
 10
318.9685039370078
 20
0.0
 30
0.0
 11
413.6929133858267
 21
0.0
 31
0.0
  0
TEXT
  5
523
330
17
100
AcDbEntity
  8
LABELS
100
AcDbText
 10
318.9685039370078
 20
31.88976377952756
 30
0.0
 40
1.894488188976378
  1
BACK ELEVATION  (1:1, inches)
 11
318.9685039370078
 21
31.88976377952756
 31
0.0
100
AcDbText
  0
TEXT
  5
524
330
17
100
AcDbEntity
  8
LABELS
100
AcDbText
 10
0.0
 20
-8.661417322834646
 30
0.0
 40
1.574803149606299
  1
Desk (square corners) — General arrangement · AST-DR-028
 11
0.0
 21
-8.661417322834646
 31
0.0
100
AcDbText
  0
ENDSEC
  0
SECTION
  2
OBJECTS
  0
DICTIONARY
  5
A
330
0
100
AcDbDictionary
281
1
  3
ACAD_COLOR
350
B
  3
ACAD_GROUP
350
C
  3
ACAD_LAYOUT
350
D
  3
ACAD_MATERIAL
350
E
  3
ACAD_MLEADERSTYLE
350
F
  3
ACAD_MLINESTYLE
350
10
  3
ACAD_PLOTSETTINGS
350
11
  3
ACAD_PLOTSTYLENAME
350
12
  3
ACAD_SCALELIST
350
14
  3
ACAD_TABLESTYLE
350
15
  3
ACAD_VISUALSTYLE
350
16
  3
EZDXF_META
350
2D
  0
DICTIONARY
  5
B
330
A
100
AcDbDictionary
281
1
  0
DICTIONARY
  5
C
330
A
100
AcDbDictionary
281
1
  0
DICTIONARY
  5
D
330
A
100
AcDbDictionary
281
1
  3
Model
350
1A
  3
Layout1
350
1E
  0
DICTIONARY
  5
E
330
A
100
AcDbDictionary
281
1
  3
ByBlock
350
1F
  3
ByLayer
350
20
  3
Global
350
21
  0
DICTIONARY
  5
F
330
A
100
AcDbDictionary
281
1
  3
Standard
350
2C
  0
DICTIONARY
  5
10
330
A
100
AcDbDictionary
281
1
  3
Standard
350
22
  0
DICTIONARY
  5
11
330
A
100
AcDbDictionary
281
1
  0
ACDBDICTIONARYWDFLT
  5
12
330
A
100
AcDbDictionary
281
1
  3
Normal
350
13
100
AcDbDictionaryWithDefault
340
13
  0
ACDBPLACEHOLDER
  5
13
330
12
  0
DICTIONARY
  5
14
330
A
100
AcDbDictionary
281
1
  0
DICTIONARY
  5
15
330
A
100
AcDbDictionary
281
1
  0
DICTIONARY
  5
16
330
A
100
AcDbDictionary
281
1
  3
2dWireframe
350
5A
  3
Basic
350
5B
  3
Brighten
350
5C
  3
ColorChange
350
5D
  3
Conceptual
350
5E
  3
Dim
350
5F
  3
EdgeColorOff
350
60
  3
Facepattern
350
61
  3
Flat
350
62
  3
FlatWithEdges
350
63
  3
Gouraud
350
64
  3
GouraudWithEdges
350
65
  3
Hidden
350
66
  3
JitterOff
350
67
  3
Linepattern
350
68
  3
Modeling
350
69
  3
OverhangOff
350
6A
  3
Realistic
350
6B
  3
Shaded
350
6C
  3
Shaded with edges
350
6D
  3
Shades of Gray
350
6E
  3
Sketchy
350
6F
  3
Thicken
350
70
  3
Wireframe
350
71
  3
X-Ray
350
72
  0
LAYOUT
  5
1A
330
D
100
AcDbPlotSettings
  1

  4
A3
  6

 40
7.5
 41
20.0
 42
7.5
 43
20.0
 44
420.0
 45
297.0
 46
0.0
 47
0.0
 48
0.0
 49
0.0
140
0.0
141
0.0
142
1.0
143
1.0
 70
1024
 72
1
 73
0
 74
5
  7

 75
16
 76
0
 77
2
 78
300
147
1.0
148
0.0
149
0.0
100
AcDbLayout
  1
Model
 70
1
 71
0
 10
0.0
 20
0.0
 11
420.0
 21
297.0
 12
0.0
 22
0.0
 32
0.0
 14
1e+20
 24
1e+20
 34
1e+20
 15
-1e+20
 25
-1e+20
 35
-1e+20
146
0.0
 13
0.0
 23
0.0
 33
0.0
 16
1.0
 26
0.0
 36
0.0
 17
0.0
 27
1.0
 37
0.0
 76
1
330
17
  0
LAYOUT
  5
1E
330
D
100
AcDbPlotSettings
  1

  4
A3
  6

 40
7.5
 41
20.0
 42
7.5
 43
20.0
 44
420.0
 45
297.0
 46
0.0
 47
0.0
 48
0.0
 49
0.0
140
0.0
141
0.0
142
1.0
143
1.0
 70
0
 72
1
 73
0
 74
5
  7

 75
16
 76
0
 77
2
 78
300
147
1.0
148
0.0
149
0.0
100
AcDbLayout
  1
Layout1
 70
1
 71
1
 10
0.0
 20
0.0
 11
420.0
 21
297.0
 12
0.0
 22
0.0
 32
0.0
 14
1e+20
 24
1e+20
 34
1e+20
 15
-1e+20
 25
-1e+20
 35
-1e+20
146
0.0
 13
0.0
 23
0.0
 33
0.0
 16
1.0
 26
0.0
 36
0.0
 17
0.0
 27
1.0
 37
0.0
 76
1
330
1B
  0
MATERIAL
  5
1F
102
{ACAD_REACTORS
330
E
102
}
330
E
100
AcDbMaterial
  1
ByBlock
  2

 70
0
 40
1.0
 71
1
 41
1.0
 91
-1023410177
 42
1.0
 72
1
  3

 73
1
 74
1
 75
1
 44
0.5
 73
0
 45
1.0
 46
1.0
 77
1
  4

 78
1
 79
1
170
1
 48
1.0
171
1
  6

172
1
173
1
174
1
140
1.0
141
1.0
175
1
  7

176
1
177
1
178
1
143
1.0
179
1
  8

270
1
271
1
272
1
145
1.0
146
1.0
273
1
  9

274
1
275
1
276
1
 42
1.0
 72
1
  3

 73
1
 74
1
 75
1
 94
63
  0
MATERIAL
  5
20
102
{ACAD_REACTORS
330
E
102
}
330
E
100
AcDbMaterial
  1
ByLayer
  2

 70
0
 40
1.0
 71
1
 41
1.0
 91
-1023410177
 42
1.0
 72
1
  3

 73
1
 74
1
 75
1
 44
0.5
 73
0
 45
1.0
 46
1.0
 77
1
  4

 78
1
 79
1
170
1
 48
1.0
171
1
  6

172
1
173
1
174
1
140
1.0
141
1.0
175
1
  7

176
1
177
1
178
1
143
1.0
179
1
  8

270
1
271
1
272
1
145
1.0
146
1.0
273
1
  9

274
1
275
1
276
1
 42
1.0
 72
1
  3

 73
1
 74
1
 75
1
 94
63
  0
MATERIAL
  5
21
102
{ACAD_REACTORS
330
E
102
}
330
E
100
AcDbMaterial
  1
Global
  2

 70
0
 40
1.0
 71
1
 41
1.0
 91
-1023410177
 42
1.0
 72
1
  3

 73
1
 74
1
 75
1
 44
0.5
 73
0
 45
1.0
 46
1.0
 77
1
  4

 78
1
 79
1
170
1
 48
1.0
171
1
  6

172
1
173
1
174
1
140
1.0
141
1.0
175
1
  7

176
1
177
1
178
1
143
1.0
179
1
  8

270
1
271
1
272
1
145
1.0
146
1.0
273
1
  9

274
1
275
1
276
1
 42
1.0
 72
1
  3

 73
1
 74
1
 75
1
 94
63
  0
MLINESTYLE
  5
22
102
{ACAD_REACTORS
330
10
102
}
330
10
100
AcDbMlineStyle
  2
Standard
 70
0
  3

 62
256
 51
90.0
 52
90.0
 71
2
 49
0.5
 62
256
  6
BYLAYER
 49
-0.5
 62
256
  6
BYLAYER
  0
MLEADERSTYLE
  5
2C
102
{ACAD_REACTORS
330
F
102
}
330
F
100
AcDbMLeaderStyle
179
2
170
2
171
1
172
0
 90
2
 40
0.0
 41
0.0
173
1
 91
-1056964608
 92
-2
290
1
 42
2.0
291
1
 43
8.0
  3
Standard
 44
4.0
300

342
29
174
1
175
1
176
0
178
1
 93
-1056964608
 45
4.0
292
0
297
0
 46
4.0
 94
-1056964608
 47
1.0
 49
1.0
140
1.0
294
1
141
0.0
177
0
142
1.0
295
0
296
0
143
3.75
271
0
272
9
273
9
  0
DICTIONARY
  5
2D
330
A
100
AcDbDictionary
280
1
281
1
  3
CREATED_BY_EZDXF
350
2E
  3
WRITTEN_BY_EZDXF
350
527
  0
DICTIONARYVAR
  5
2E
330
2D
100
DictionaryVariables
280
0
  1
1.4.2 @ 2026-10-02T15:12:26.863508+00:00
  0
VISUALSTYLE
  5
5A
102
{ACAD_REACTORS
330
16
102
}
330
16
100
AcDbVisualStyle
  2
2dWireframe
 70
4
 90
0
 40
0.6
 62
7
290
0
291
0
  0
VISUALSTYLE
  5
5B
102
{ACAD_REACTORS
330
16
102
}
330
16
100
AcDbVisualStyle
  2
Basic
 70
7
 90
1
 40
0.6
 62
7
290
0
291
1
  0
VISUALSTYLE
  5
5C
102
{ACAD_REACTORS
330
16
102
}
330
16
100
AcDbVisualStyle
  2
Brighten
 70
12
 90
2
 40
0.6
 62
7
290
0
291
1
  0
VISUALSTYLE
  5
5D
102
{ACAD_REACTORS
330
16
102
}
330
16
100
AcDbVisualStyle
  2
ColorChange
 70
16
 90
2
 40
0.6
 62
8
290
0
291
1
  0
VISUALSTYLE
  5
5E
102
{ACAD_REACTORS
330
16
102
}
330
16
100
AcDbVisualStyle
  2
Conceptual
 70
9
 90
3
 40
0.6
 62
7
290
0
291
0
  0
VISUALSTYLE
  5
5F
102
{ACAD_REACTORS
330
16
102
}
330
16
100
AcDbVisualStyle
  2
Dim
 70
11
 90
2
 40
0.6
 62
7
290
0
291
1
  0
VISUALSTYLE
  5
60
102
{ACAD_REACTORS
330
16
102
}
330
16
100
AcDbVisualStyle
  2
EdgeColorOff
 70
22
 90
2
 40
0.6
 62
7
290
0
291
1
  0
VISUALSTYLE
  5
61
102
{ACAD_REACTORS
330
16
102
}
330
16
100
AcDbVisualStyle
  2
Facepattern
 70
15
 90
2
 40
0.6
 62
7
290
0
291
1
  0
VISUALSTYLE
  5
62
102
{ACAD_REACTORS
330
16
102
}
330
16
100
AcDbVisualStyle
  2
Flat
 70
0
 90
2
 40
0.6
 62
7
290
0
291
1
  0
VISUALSTYLE
  5
63
102
{ACAD_REACTORS
330
16
102
}
330
16
100
AcDbVisualStyle
  2
FlatWithEdges
 70
1
 90
2
 40
0.6
 62
7
290
0
291
1
  0
VISUALSTYLE
  5
64
102
{ACAD_REACTORS
330
16
102
}
330
16
100
AcDbVisualStyle
  2
Gouraud
 70
2
 90
2
 40
0.6
 62
7
290
0
291
1
  0
VISUALSTYLE
  5
65
102
{ACAD_REACTORS
330
16
102
}
330
16
100
AcDbVisualStyle
  2
GouraudWithEdges
 70
3
 90
2
 40
0.6
 62
7
290
0
291
1
  0
VISUALSTYLE
  5
66
102
{ACAD_REACTORS
330
16
102
}
330
16
100
AcDbVisualStyle
  2
Hidden
 70
6
 90
1
 40
0.6
 62
7
290
0
291
0
  0
VISUALSTYLE
  5
67
102
{ACAD_REACTORS
330
16
102
}
330
16
100
AcDbVisualStyle
  2
JitterOff
 70
20
 90
2
 40
0.6
 62
7
290
0
291
1
  0
VISUALSTYLE
  5
68
102
{ACAD_REACTORS
330
16
102
}
330
16
100
AcDbVisualStyle
  2
Linepattern
 70
14
 90
2
 40
0.6
 62
7
290
0
291
1
  0
VISUALSTYLE
  5
69
102
{ACAD_REACTORS
330
16
102
}
330
16
100
AcDbVisualStyle
  2
Modeling
 70
10
 90
2
 40
0.6
 62
7
290
0
291
0
  0
VISUALSTYLE
  5
6A
102
{ACAD_REACTORS
330
16
102
}
330
16
100
AcDbVisualStyle
  2
OverhangOff
 70
21
 90
2
 40
0.6
 62
7
290
0
291
1
  0
VISUALSTYLE
  5
6B
102
{ACAD_REACTORS
330
16
102
}
330
16
100
AcDbVisualStyle
  2
Realistic
 70
8
 90
2
 40
0.6
 62
7
290
0
291
0
  0
VISUALSTYLE
  5
6C
102
{ACAD_REACTORS
330
16
102
}
330
16
100
AcDbVisualStyle
  2
Shaded
 70
27
 90
2
 40
0.6
 62
7
290
0
291
0
  0
VISUALSTYLE
  5
6D
102
{ACAD_REACTORS
330
16
102
}
330
16
100
AcDbVisualStyle
  2
Shaded with edges
 70
26
 90
2
 40
0.6
 62
7
290
0
291
0
  0
VISUALSTYLE
  5
6E
102
{ACAD_REACTORS
330
16
102
}
330
16
100
AcDbVisualStyle
  2
Shades of Gray
 70
23
 90
2
 40
0.6
 62
7
290
0
291
0
  0
VISUALSTYLE
  5
6F
102
{ACAD_REACTORS
330
16
102
}
330
16
100
AcDbVisualStyle
  2
Sketchy
 70
24
 90
1
 40
0.6
 62
7
290
0
291
0
  0
VISUALSTYLE
  5
70
102
{ACAD_REACTORS
330
16
102
}
330
16
100
AcDbVisualStyle
  2
Thicken
 70
13
 90
2
 40
0.6
 62
7
290
0
291
1
  0
VISUALSTYLE
  5
71
102
{ACAD_REACTORS
330
16
102
}
330
16
100
AcDbVisualStyle
  2
Wireframe
 70
5
 90
0
 40
0.6
 62
7
290
0
291
0
  0
VISUALSTYLE
  5
72
102
{ACAD_REACTORS
330
16
102
}
330
16
100
AcDbVisualStyle
  2
X-Ray
 70
25
 90
2
 40
0.5
 62
7
290
0
291
0
  0
DICTIONARYVAR
  5
527
330
2D
100
DictionaryVariables
280
0
  1
1.4.2 @ 2026-10-02T15:12:27.126032+00:00
  0
ENDSEC
  0
EOF
