  0
SECTION
  2
HEADER
  9
$ACADVER
  1
AC1024
  9
$ACADMAINTVER
 70
6
  9
$DWGCODEPAGE
  3
ANSI_1252
  9
$LASTSAVEDBY
  1
ezdxf
  9
$INSBASE
 10
0.0
 20
0.0
 30
0.0
  9
$EXTMIN
 10
1e+20
 20
1e+20
 30
1e+20
  9
$EXTMAX
 10
-1e+20
 20
-1e+20
 30
-1e+20
  9
$LIMMIN
 10
0.0
 20
0.0
  9
$LIMMAX
 10
420.0
 20
297.0
  9
$ORTHOMODE
 70
0
  9
$REGENMODE
 70
1
  9
$FILLMODE
 70
1
  9
$QTEXTMODE
 70
0
  9
$MIRRTEXT
 70
1
  9
$LTSCALE
 40
0.00984251968503937
  9
$ATTMODE
 70
1
  9
$TEXTSIZE
 40
2.5
  9
$TRACEWID
 40
1.0
  9
$TEXTSTYLE
  7
OpenSans
  9
$CLAYER
  8
0
  9
$CELTYPE
  6
ByLayer
  9
$CECOLOR
 62
256
  9
$CELTSCALE
 40
1.0
  9
$DISPSILH
 70
0
  9
$DIMSCALE
 40
1.0
  9
$DIMASZ
 40
0.175
  9
$DIMEXO
 40
0.125
  9
$DIMDLI
 40
3.75
  9
$DIMRND
 40
0.0
  9
$DIMDLE
 40
0.0
  9
$DIMEXE
 40
0.375
  9
$DIMTP
 40
0.0
  9
$DIMTM
 40
0.0
  9
$DIMTXT
 40
0.25
  9
$DIMCEN
 40
2.5
  9
$DIMTSZ
 40
0.0
  9
$DIMTOL
 70
0
  9
$DIMLIM
 70
0
  9
$DIMTIH
 70
0
  9
$DIMTOH
 70
0
  9
$DIMSE1
 70
0
  9
$DIMSE2
 70
0
  9
$DIMTAD
 70
1
  9
$DIMZIN
 70
12
  9
$DIMBLK
  1
ARCHTICK
  9
$DIMASO
 70
1
  9
$DIMSHO
 70
1
  9
$DIMPOST
  1

  9
$DIMAPOST
  1

  9
$DIMALT
 70
0
  9
$DIMALTD
 70
3
  9
$DIMALTF
 40
0.03937007874
  9
$DIMLFAC
 40
100.0
  9
$DIMTOFL
 70
1
  9
$DIMTVP
 40
0.0
  9
$DIMTIX
 70
0
  9
$DIMSOXD
 70
0
  9
$DIMSAH
 70
0
  9
$DIMBLK1
  1

  9
$DIMBLK2
  1

  9
$DIMSTYLE
  2
EZDXF
  9
$DIMCLRD
 70
0
  9
$DIMCLRE
 70
0
  9
$DIMCLRT
 70
0
  9
$DIMTFAC
 40
0.5
  9
$DIMGAP
 40
0.1
  9
$DIMJUST
 70
0
  9
$DIMSD1
 70
0
  9
$DIMSD2
 70
0
  9
$DIMTOLJ
 70
0
  9
$DIMTZIN
 70
8
  9
$DIMALTZ
 70
0
  9
$DIMALTTZ
 70
0
  9
$DIMUPT
 70
1
  9
$DIMDEC
 70
2
  9
$DIMTDEC
 70
2
  9
$DIMALTU
 70
2
  9
$DIMALTTD
 70
3
  9
$DIMTXSTY
  7
OpenSansCondensed-Light
  9
$DIMAUNIT
 70
0
  9
$DIMADEC
 70
2
  9
$DIMALTRND
 40
0.0
  9
$DIMAZIN
 70
3
  9
$DIMDSEP
 70
46
  9
$DIMATFIT
 70
3
  9
$DIMFRAC
 70
0
  9
$DIMLDRBLK
  1

  9
$DIMLUNIT
 70
2
  9
$DIMLWD
 70
-2
  9
$DIMLWE
 70
-2
  9
$DIMTMOVE
 70
2
  9
$DIMFXL
 40
1.0
  9
$DIMFXLON
 70
0
  9
$DIMJOGANG
 40
0.785398163397
  9
$DIMTFILL
 70
0
  9
$DIMTFILLCLR
 70
0
  9
$DIMARCSYM
 70
0
  9
$DIMLTYPE
  6

  9
$DIMLTEX1
  6

  9
$DIMLTEX2
  6

  9
$DIMTXTDIRECTION
 70
0
  9
$LUNITS
 70
4
  9
$LUPREC
 70
4
  9
$SKETCHINC
 40
1.0
  9
$FILLETRAD
 40
10.0
  9
$AUNITS
 70
0
  9
$AUPREC
 70
3
  9
$MENU
  1
.
  9
$ELEVATION
 40
0.0
  9
$PELEVATION
 40
0.0
  9
$THICKNESS
 40
0.0
  9
$LIMCHECK
 70
0
  9
$CHAMFERA
 40
0.0
  9
$CHAMFERB
 40
0.0
  9
$CHAMFERC
 40
0.0
  9
$CHAMFERD
 40
0.0
  9
$SKPOLY
 70
0
  9
$TDCREATE
 40
2461316.9077430554
  9
$TDUCREATE
 40
2458532.153996898
  9
$TDUPDATE
 40
2461316.9077430554
  9
$TDUUPDATE
 40
2458532.1544311
  9
$TDINDWG
 40
0.0
  9
$TDUSRTIMER
 40
0.0
  9
$USRTIMER
 70
1
  9
$ANGBASE
 50
0.0
  9
$ANGDIR
 70
0
  9
$PDMODE
 70
0
  9
$PDSIZE
 40
0.0
  9
$PLINEWID
 40
0.0
  9
$SPLFRAME
 70
0
  9
$SPLINETYPE
 70
6
  9
$SPLINESEGS
 70
8
  9
$HANDSEED
  5
226
  9
$SURFTAB1
 70
6
  9
$SURFTAB2
 70
6
  9
$SURFTYPE
 70
6
  9
$SURFU
 70
6
  9
$SURFV
 70
6
  9
$UCSBASE
  2

  9
$UCSNAME
  2

  9
$UCSORG
 10
0.0
 20
0.0
 30
0.0
  9
$UCSXDIR
 10
1.0
 20
0.0
 30
0.0
  9
$UCSYDIR
 10
0.0
 20
1.0
 30
0.0
  9
$UCSORTHOREF
  2

  9
$UCSORTHOVIEW
 70
0
  9
$UCSORGTOP
 10
0.0
 20
0.0
 30
0.0
  9
$UCSORGBOTTOM
 10
0.0
 20
0.0
 30
0.0
  9
$UCSORGLEFT
 10
0.0
 20
0.0
 30
0.0
  9
$UCSORGRIGHT
 10
0.0
 20
0.0
 30
0.0
  9
$UCSORGFRONT
 10
0.0
 20
0.0
 30
0.0
  9
$UCSORGBACK
 10
0.0
 20
0.0
 30
0.0
  9
$PUCSBASE
  2

  9
$PUCSNAME
  2

  9
$PUCSORG
 10
0.0
 20
0.0
 30
0.0
  9
$PUCSXDIR
 10
1.0
 20
0.0
 30
0.0
  9
$PUCSYDIR
 10
0.0
 20
1.0
 30
0.0
  9
$PUCSORTHOREF
  2

  9
$PUCSORTHOVIEW
 70
0
  9
$PUCSORGTOP
 10
0.0
 20
0.0
 30
0.0
  9
$PUCSORGBOTTOM
 10
0.0
 20
0.0
 30
0.0
  9
$PUCSORGLEFT
 10
0.0
 20
0.0
 30
0.0
  9
$PUCSORGRIGHT
 10
0.0
 20
0.0
 30
0.0
  9
$PUCSORGFRONT
 10
0.0
 20
0.0
 30
0.0
  9
$PUCSORGBACK
 10
0.0
 20
0.0
 30
0.0
  9
$USERI1
 70
0
  9
$USERI2
 70
0
  9
$USERI3
 70
0
  9
$USERI4
 70
0
  9
$USERI5
 70
0
  9
$USERR1
 40
0.0
  9
$USERR2
 40
0.0
  9
$USERR3
 40
0.0
  9
$USERR4
 40
0.0
  9
$USERR5
 40
0.0
  9
$WORLDVIEW
 70
1
  9
$SHADEDGE
 70
3
  9
$SHADEDIF
 70
70
  9
$TILEMODE
 70
1
  9
$MAXACTVP
 70
64
  9
$PINSBASE
 10
0.0
 20
0.0
 30
0.0
  9
$PLIMCHECK
 70
0
  9
$PEXTMIN
 10
1e+20
 20
1e+20
 30
1e+20
  9
$PEXTMAX
 10
-1e+20
 20
-1e+20
 30
-1e+20
  9
$PLIMMIN
 10
0.0
 20
0.0
  9
$PLIMMAX
 10
420.0
 20
297.0
  9
$UNITMODE
 70
0
  9
$VISRETAIN
 70
1
  9
$PLINEGEN
 70
0
  9
$PSLTSCALE
 70
1
  9
$TREEDEPTH
 70
3020
  9
$CMLSTYLE
  2
Standard
  9
$CMLJUST
 70
0
  9
$CMLSCALE
 40
20.0
  9
$PROXYGRAPHICS
 70
1
  9
$MEASUREMENT
 70
0
  9
$CELWEIGHT
370
-1
  9
$ENDCAPS
280
0
  9
$JOINSTYLE
280
0
  9
$LWDISPLAY
290
0
  9
$INSUNITS
 70
1
  9
$HYPERLINKBASE
  1

  9
$STYLESHEET
  1

  9
$XEDIT
290
1
  9
$CEPSNTYPE
380
0
  9
$PSTYLEMODE
290
1
  9
$FINGERPRINTGUID
  2
{3AEC5DD6-4F41-4F61-B206-203DF76D6940}
  9
$VERSIONGUID
  2
{80945295-C8B9-41C4-BBF0-3747374E15F4}
  9
$EXTNAMES
290
1
  9
$PSVPSCALE
 40
0.0
  9
$OLESTARTUP
290
0
  9
$SORTENTS
280
127
  9
$INDEXCTL
280
0
  9
$HIDETEXT
280
1
  9
$XCLIPFRAME
280
1
  9
$HALOGAP
280
0
  9
$OBSCOLOR
 70
257
  9
$OBSLTYPE
280
0
  9
$INTERSECTIONDISPLAY
280
0
  9
$INTERSECTIONCOLOR
 70
257
  9
$DIMASSOC
280
2
  9
$PROJECTNAME
  1

  9
$CAMERADISPLAY
290
0
  9
$LENSLENGTH
 40
50.0
  9
$CAMERAHEIGHT
 40
0.0
  9
$STEPSPERSEC
 40
24.0
  9
$STEPSIZE
 40
100.0
  9
$3DDWFPREC
 40
2.0
  9
$PSOLWIDTH
 40
0.005
  9
$PSOLHEIGHT
 40
0.08
  9
$LOFTANG1
 40
1.570796326795
  9
$LOFTANG2
 40
1.570796326795
  9
$LOFTMAG1
 40
0.0
  9
$LOFTMAG2
 40
0.0
  9
$LOFTPARAM
 70
7
  9
$LOFTNORMALS
280
1
  9
$LATITUDE
 40
37.795
  9
$LONGITUDE
 40
-122.394
  9
$NORTHDIRECTION
 40
0.0
  9
$TIMEZONE
 70
-8000
  9
$LIGHTGLYPHDISPLAY
280
1
  9
$TILEMODELIGHTSYNCH
280
1
  9
$CMATERIAL
347
20
  9
$SOLIDHIST
280
0
  9
$SHOWHIST
280
1
  9
$DWFFRAME
280
2
  9
$DGNFRAME
280
2
  9
$REALWORLDSCALE
290
1
  9
$INTERFERECOLOR
 62
256
  9
$CSHADOW
280
0
  9
$SHADOWPLANELOCATION
 40
0.0
  0
ENDSEC
  0
SECTION
  2
CLASSES
  0
CLASS
  1
ACDBDICTIONARYWDFLT
  2
AcDbDictionaryWithDefault
  3
ObjectDBX Classes
 90
0
 91
0
280
0
281
0
  0
CLASS
  1
SUN
  2
AcDbSun
  3
SCENEOE
 90
1153
 91
0
280
0
281
0
  0
CLASS
  1
VISUALSTYLE
  2
AcDbVisualStyle
  3
ObjectDBX Classes
 90
4095
 91
0
280
0
281
0
  0
CLASS
  1
MATERIAL
  2
AcDbMaterial
  3
ObjectDBX Classes
 90
1153
 91
0
280
0
281
0
  0
CLASS
  1
SCALE
  2
AcDbScale
  3
ObjectDBX Classes
 90
1153
 91
0
280
0
281
0
  0
CLASS
  1
TABLESTYLE
  2
AcDbTableStyle
  3
ObjectDBX Classes
 90
4095
 91
0
280
0
281
0
  0
CLASS
  1
MLEADERSTYLE
  2
AcDbMLeaderStyle
  3
ACDB_MLEADERSTYLE_CLASS
 90
4095
 91
0
280
0
281
0
  0
CLASS
  1
DICTIONARYVAR
  2
AcDbDictionaryVar
  3
ObjectDBX Classes
 90
0
 91
0
280
0
281
0
  0
CLASS
  1
CELLSTYLEMAP
  2
AcDbCellStyleMap
  3
ObjectDBX Classes
 90
1152
 91
0
280
0
281
0
  0
CLASS
  1
MENTALRAYRENDERSETTINGS
  2
AcDbMentalRayRenderSettings
  3
SCENEOE
 90
1024
 91
0
280
0
281
0
  0
CLASS
  1
ACDBDETAILVIEWSTYLE
  2
AcDbDetailViewStyle
  3
ObjectDBX Classes
 90
1025
 91
0
280
0
281
0
  0
CLASS
  1
ACDBSECTIONVIEWSTYLE
  2
AcDbSectionViewStyle
  3
ObjectDBX Classes
 90
1025
 91
0
280
0
281
0
  0
CLASS
  1
RASTERVARIABLES
  2
AcDbRasterVariables
  3
ISM
 90
0
 91
0
280
0
281
0
  0
CLASS
  1
LAYOUT
  2
AcDbLayout
  3
ObjectDBX Classes
 90
0
 91
0
280
0
281
0
  0
CLASS
  1
ACDBPLACEHOLDER
  2
AcDbPlaceHolder
  3
ObjectDBX Classes
 90
0
 91
0
280
0
281
0
  0
ENDSEC
  0
SECTION
  2
TABLES
  0
TABLE
  2
VPORT
  5
8
330
0
100
AcDbSymbolTable
 70
1
  0
VPORT
  5
23
330
8
100
AcDbSymbolTableRecord
100
AcDbViewportTableRecord
  2
*Active
 70
0
 10
0.0
 20
0.0
 11
1.0
 21
1.0
 12
0.0
 22
0.0
 13
0.0
 23
0.0
 14
0.5
 24
0.5
 15
0.5
 25
0.5
 16
0.0
 26
0.0
 36
1.0
 17
0.0
 27
0.0
 37
0.0
 40
1000.0
 41
1.34
 42
50.0
 43
0.0
 44
0.0
 50
0.0
 51
0.0
 71
0
 72
1000
 73
1
 74
3
 75
0
 76
0
 77
0
 78
0
281
0
 65
0
146
0.0
  0
ENDTAB
  0
TABLE
  2
LTYPE
  5
2
330
0
100
AcDbSymbolTable
 70
21
  0
LTYPE
  5
24
330
2
100
AcDbSymbolTableRecord
100
AcDbLinetypeTableRecord
  2
ByBlock
 70
0
  3

 72
65
 73
0
 40
0.0
  0
LTYPE
  5
25
330
2
100
AcDbSymbolTableRecord
100
AcDbLinetypeTableRecord
  2
ByLayer
 70
0
  3

 72
65
 73
0
 40
0.0
  0
LTYPE
  5
26
330
2
100
AcDbSymbolTableRecord
100
AcDbLinetypeTableRecord
  2
Continuous
 70
0
  3

 72
65
 73
0
 40
0.0
  0
LTYPE
  5
2F
330
2
100
AcDbSymbolTableRecord
100
AcDbLinetypeTableRecord
  2
CENTER
 70
0
  3
Center ____ _ ____ _ ____ _ ____ _ ____ _ ____
 72
65
 73
4
 40
2.0
 49
1.25
 74
0
 49
-0.25
 74
0
 49
0.25
 74
0
 49
-0.25
 74
0
  0
LTYPE
  5
30
330
2
100
AcDbSymbolTableRecord
100
AcDbLinetypeTableRecord
  2
CENTERX2
 70
0
  3
Center (2x) ________  __  ________  __  ________
 72
65
 73
4
 40
3.5
 49
2.5
 74
0
 49
-0.25
 74
0
 49
0.5
 74
0
 49
-0.25
 74
0
  0
LTYPE
  5
31
330
2
100
AcDbSymbolTableRecord
100
AcDbLinetypeTableRecord
  2
CENTER2
 70
0
  3
Center (.5x) ____ _ ____ _ ____ _ ____ _ ____
 72
65
 73
4
 40
1.0
 49
0.625
 74
0
 49
-0.125
 74
0
 49
0.125
 74
0
 49
-0.125
 74
0
  0
LTYPE
  5
32
330
2
100
AcDbSymbolTableRecord
100
AcDbLinetypeTableRecord
  2
DASHED
 70
0
  3
Dashed __ __ __ __ __ __ __ __ __ __ __ __ __ _
 72
65
 73
2
 40
0.6
 49
0.5
 74
0
 49
-0.1
 74
0
  0
LTYPE
  5
33
330
2
100
AcDbSymbolTableRecord
100
AcDbLinetypeTableRecord
  2
DASHEDX2
 70
0
  3
Dashed (2x) ____  ____  ____  ____  ____  ____
 72
65
 73
2
 40
1.2
 49
1.0
 74
0
 49
-0.2
 74
0
  0
LTYPE
  5
34
330
2
100
AcDbSymbolTableRecord
100
AcDbLinetypeTableRecord
  2
DASHED2
 70
0
  3
Dashed (.5x) _ _ _ _ _ _ _ _ _ _ _ _ _ _
 72
65
 73
2
 40
0.3
 49
0.25
 74
0
 49
-0.05
 74
0
  0
LTYPE
  5
35
330
2
100
AcDbSymbolTableRecord
100
AcDbLinetypeTableRecord
  2
PHANTOM
 70
0
  3
Phantom ______  __  __  ______  __  __  ______
 72
65
 73
6
 40
2.5
 49
1.25
 74
0
 49
-0.25
 74
0
 49
0.25
 74
0
 49
-0.25
 74
0
 49
0.25
 74
0
 49
-0.25
 74
0
  0
LTYPE
  5
36
330
2
100
AcDbSymbolTableRecord
100
AcDbLinetypeTableRecord
  2
PHANTOMX2
 70
0
  3
Phantom (2x)____________    ____    ____    ____________
 72
65
 73
6
 40
4.25
 49
2.5
 74
0
 49
-0.25
 74
0
 49
0.5
 74
0
 49
-0.25
 74
0
 49
0.5
 74
0
 49
-0.25
 74
0
  0
LTYPE
  5
37
330
2
100
AcDbSymbolTableRecord
100
AcDbLinetypeTableRecord
  2
PHANTOM2
 70
0
  3
Phantom (.5x) ___ _ _ ___ _ _ ___ _ _ ___ _ _ ___
 72
65
 73
6
 40
1.25
 49
0.625
 74
0
 49
-0.125
 74
0
 49
0.125
 74
0
 49
-0.125
 74
0
 49
0.125
 74
0
 49
-0.125
 74
0
  0
LTYPE
  5
38
330
2
100
AcDbSymbolTableRecord
100
AcDbLinetypeTableRecord
  2
DASHDOT
 70
0
  3
Dash dot __ . __ . __ . __ . __ . __ . __ . __
 72
65
 73
4
 40
1.4
 49
1.0
 74
0
 49
-0.2
 74
0
 49
0.0
 74
0
 49
-0.2
 74
0
  0
LTYPE
  5
39
330
2
100
AcDbSymbolTableRecord
100
AcDbLinetypeTableRecord
  2
DASHDOTX2
 70
0
  3
Dash dot (2x) ____  .  ____  .  ____  .  ____
 72
65
 73
4
 40
2.4
 49
2.0
 74
0
 49
-0.2
 74
0
 49
0.0
 74
0
 49
-0.2
 74
0
  0
LTYPE
  5
3A
330
2
100
AcDbSymbolTableRecord
100
AcDbLinetypeTableRecord
  2
DASHDOT2
 70
0
  3
Dash dot (.5x) _ . _ . _ . _ . _ . _ . _ . _
 72
65
 73
4
 40
0.7
 49
0.5
 74
0
 49
-0.1
 74
0
 49
0.0
 74
0
 49
-0.1
 74
0
  0
LTYPE
  5
3B
330
2
100
AcDbSymbolTableRecord
100
AcDbLinetypeTableRecord
  2
DOT
 70
0
  3
Dot .  .  .  .  .  .  .  .  .  .  .  .  .  .  .  .
 72
65
 73
2
 40
0.2
 49
0.0
 74
0
 49
-0.2
 74
0
  0
LTYPE
  5
3C
330
2
100
AcDbSymbolTableRecord
100
AcDbLinetypeTableRecord
  2
DOTX2
 70
0
  3
Dot (2x) .    .    .    .    .    .    .    . 
 72
65
 73
2
 40
0.4
 49
0.0
 74
0
 49
-0.4
 74
0
  0
LTYPE
  5
3D
330
2
100
AcDbSymbolTableRecord
100
AcDbLinetypeTableRecord
  2
DOT2
 70
0
  3
Dot (.5) . . . . . . . . . . . . . . . . . . . 
 72
65
 73
2
 40
0.1
 49
0.0
 74
0
 49
-0.1
 74
0
  0
LTYPE
  5
3E
330
2
100
AcDbSymbolTableRecord
100
AcDbLinetypeTableRecord
  2
DIVIDE
 70
0
  3
Divide __ . . __ . . __ . . __ . . __ . . __
 72
65
 73
6
 40
1.6
 49
1.0
 74
0
 49
-0.2
 74
0
 49
0.0
 74
0
 49
-0.2
 74
0
 49
0.0
 74
0
 49
-0.2
 74
0
  0
LTYPE
  5
3F
330
2
100
AcDbSymbolTableRecord
100
AcDbLinetypeTableRecord
  2
DIVIDEX2
 70
0
  3
Divide (2x) ____  . .  ____  . .  ____  . .  ____
 72
65
 73
6
 40
2.6
 49
2.0
 74
0
 49
-0.2
 74
0
 49
0.0
 74
0
 49
-0.2
 74
0
 49
0.0
 74
0
 49
-0.2
 74
0
  0
LTYPE
  5
40
330
2
100
AcDbSymbolTableRecord
100
AcDbLinetypeTableRecord
  2
DIVIDE2
 70
0
  3
Divide(.5x) _ . _ . _ . _ . _ . _ . _ . _
 72
65
 73
6
 40
0.8
 49
0.5
 74
0
 49
-0.1
 74
0
 49
0.0
 74
0
 49
-0.1
 74
0
 49
0.0
 74
0
 49
-0.1
 74
0
  0
ENDTAB
  0
TABLE
  2
LAYER
  5
1
330
0
100
AcDbSymbolTable
 70
6
  0
LAYER
  5
27
330
1
100
AcDbSymbolTableRecord
100
AcDbLayerTableRecord
  2
0
 70
0
 62
7
  6
Continuous
370
-3
390
13
347
21
  0
LAYER
  5
28
330
1
100
AcDbSymbolTableRecord
100
AcDbLayerTableRecord
  2
Defpoints
 70
0
 62
7
  6
Continuous
290
0
370
-3
390
13
347
21
  0
LAYER
  5
8A
330
1
100
AcDbSymbolTableRecord
100
AcDbLayerTableRecord
  2
GEOMETRY
 70
0
 62
7
  6
Continuous
370
-3
390
13
347
21
  0
LAYER
  5
8B
330
1
100
AcDbSymbolTableRecord
100
AcDbLayerTableRecord
  2
DIMENSIONS
 70
0
 62
1
  6
Continuous
370
-3
390
13
347
21
  0
LAYER
  5
8C
330
1
100
AcDbSymbolTableRecord
100
AcDbLayerTableRecord
  2
TEXT
 70
0
 62
7
  6
Continuous
370
-3
390
13
347
21
  0
LAYER
  5
8D
330
1
100
AcDbSymbolTableRecord
100
AcDbLayerTableRecord
  2
HATCH
 70
0
 62
8
  6
Continuous
370
-3
390
13
347
21
  0
ENDTAB
  0
TABLE
  2
STYLE
  5
5
330
0
100
AcDbSymbolTable
 70
26
  0
STYLE
  5
29
330
5
100
AcDbSymbolTableRecord
100
AcDbTextStyleTableRecord
  2
Standard
 70
0
 40
0.0
 41
1.0
 50
0.0
 71
0
 42
2.5
  3
txt
  4

  0
STYLE
  5
41
330
5
100
AcDbSymbolTableRecord
100
AcDbTextStyleTableRecord
  2
OpenSans-Light
 70
0
 40
0.0
 41
1.0
 50
0.0
 71
0
 42
2.5
  3
OpenSans-Light.ttf
  4

  0
STYLE
  5
42
330
5
100
AcDbSymbolTableRecord
100
AcDbTextStyleTableRecord
  2
OpenSans-Light-Italic
 70
0
 40
0.0
 41
1.0
 50
0.0
 71
0
 42
2.5
  3
OpenSans-LightItalic.ttf
  4

  0
STYLE
  5
43
330
5
100
AcDbSymbolTableRecord
100
AcDbTextStyleTableRecord
  2
OpenSans
 70
0
 40
0.0
 41
1.0
 50
0.0
 71
0
 42
2.5
  3
OpenSans-Regular.ttf
  4

  0
STYLE
  5
44
330
5
100
AcDbSymbolTableRecord
100
AcDbTextStyleTableRecord
  2
OpenSans-Italic
 70
0
 40
0.0
 41
1.0
 50
0.0
 71
0
 42
2.5
  3
OpenSans-Italic.ttf
  4

  0
STYLE
  5
45
330
5
100
AcDbSymbolTableRecord
100
AcDbTextStyleTableRecord
  2
OpenSans-SemiBold
 70
0
 40
0.0
 41
1.0
 50
0.0
 71
0
 42
2.5
  3
OpenSans-SemiBold.ttf
  4

  0
STYLE
  5
46
330
5
100
AcDbSymbolTableRecord
100
AcDbTextStyleTableRecord
  2
OpenSans-SemiBoldItalic
 70
0
 40
0.0
 41
1.0
 50
0.0
 71
0
 42
2.5
  3
OpenSans-SemiBoldItalic.ttf
  4

  0
STYLE
  5
47
330
5
100
AcDbSymbolTableRecord
100
AcDbTextStyleTableRecord
  2
OpenSans-Bold
 70
0
 40
0.0
 41
1.0
 50
0.0
 71
0
 42
2.5
  3
OpenSans-Bold.ttf
  4

  0
STYLE
  5
48
330
5
100
AcDbSymbolTableRecord
100
AcDbTextStyleTableRecord
  2
OpenSans-BoldItalic
 70
0
 40
0.0
 41
1.0
 50
0.0
 71
0
 42
2.5
  3
OpenSans-BoldItalic.ttf
  4

  0
STYLE
  5
49
330
5
100
AcDbSymbolTableRecord
100
AcDbTextStyleTableRecord
  2
OpenSans-ExtraBold
 70
0
 40
0.0
 41
1.0
 50
0.0
 71
0
 42
2.5
  3
OpenSans-ExtraBold.ttf
  4

  0
STYLE
  5
4A
330
5
100
AcDbSymbolTableRecord
100
AcDbTextStyleTableRecord
  2
OpenSans-ExtraBoldItalic
 70
0
 40
0.0
 41
1.0
 50
0.0
 71
0
 42
2.5
  3
OpenSans-ExtraBoldItalic.ttf
  4

  0
STYLE
  5
4B
330
5
100
AcDbSymbolTableRecord
100
AcDbTextStyleTableRecord
  2
OpenSansCondensed-Bold
 70
0
 40
0.0
 41
1.0
 50
0.0
 71
0
 42
2.5
  3
OpenSansCondensed-Bold.ttf
  4

  0
STYLE
  5
4C
330
5
100
AcDbSymbolTableRecord
100
AcDbTextStyleTableRecord
  2
OpenSansCondensed-Light
 70
0
 40
0.0
 41
1.0
 50
0.0
 71
0
 42
2.5
  3
OpenSansCondensed-Light.ttf
  4

  0
STYLE
  5
4D
330
5
100
AcDbSymbolTableRecord
100
AcDbTextStyleTableRecord
  2
OpenSansCondensed-Italic
 70
0
 40
0.0
 41
1.0
 50
0.0
 71
0
 42
2.5
  3
OpenSansCondensed-LightItalic.ttf
  4

  0
STYLE
  5
4E
330
5
100
AcDbSymbolTableRecord
100
AcDbTextStyleTableRecord
  2
LiberationSans
 70
0
 40
0.0
 41
1.0
 50
0.0
 71
0
 42
2.5
  3
LiberationSans-Regular.ttf
  4

  0
STYLE
  5
4F
330
5
100
AcDbSymbolTableRecord
100
AcDbTextStyleTableRecord
  2
LiberationSans-Bold
 70
0
 40
0.0
 41
1.0
 50
0.0
 71
0
 42
2.5
  3
LiberationSans-Bold.ttf
  4

  0
STYLE
  5
50
330
5
100
AcDbSymbolTableRecord
100
AcDbTextStyleTableRecord
  2
LiberationSans-BoldItalic
 70
0
 40
0.0
 41
1.0
 50
0.0
 71
0
 42
2.5
  3
LiberationSans-BoldItalic.ttf
  4

  0
STYLE
  5
51
330
5
100
AcDbSymbolTableRecord
100
AcDbTextStyleTableRecord
  2
LiberationSans-Italic
 70
0
 40
0.0
 41
1.0
 50
0.0
 71
0
 42
2.5
  3
LiberationSans-Italic.ttf
  4

  0
STYLE
  5
52
330
5
100
AcDbSymbolTableRecord
100
AcDbTextStyleTableRecord
  2
LiberationSerif
 70
0
 40
0.0
 41
1.0
 50
0.0
 71
0
 42
2.5
  3
LiberationSerif-Regular.ttf
  4

  0
STYLE
  5
53
330
5
100
AcDbSymbolTableRecord
100
AcDbTextStyleTableRecord
  2
LiberationSerif-Bold
 70
0
 40
0.0
 41
1.0
 50
0.0
 71
0
 42
2.5
  3
LiberationSerif-Bold.ttf
  4

  0
STYLE
  5
54
330
5
100
AcDbSymbolTableRecord
100
AcDbTextStyleTableRecord
  2
LiberationSerif-BoldItalic
 70
0
 40
0.0
 41
1.0
 50
0.0
 71
0
 42
2.5
  3
LiberationSerif-BoldItalic.ttf
  4

  0
STYLE
  5
55
330
5
100
AcDbSymbolTableRecord
100
AcDbTextStyleTableRecord
  2
LiberationSerif-Italic
 70
0
 40
0.0
 41
1.0
 50
0.0
 71
0
 42
2.5
  3
LiberationSerif-Italic.ttf
  4

  0
STYLE
  5
56
330
5
100
AcDbSymbolTableRecord
100
AcDbTextStyleTableRecord
  2
LiberationMono
 70
0
 40
0.0
 41
1.0
 50
0.0
 71
0
 42
2.5
  3
LiberationMono-Regular.ttf
  4

  0
STYLE
  5
57
330
5
100
AcDbSymbolTableRecord
100
AcDbTextStyleTableRecord
  2
LiberationMono-Bold
 70
0
 40
0.0
 41
1.0
 50
0.0
 71
0
 42
2.5
  3
LiberationMono-Bold.ttf
  4

  0
STYLE
  5
58
330
5
100
AcDbSymbolTableRecord
100
AcDbTextStyleTableRecord
  2
LiberationMono-BoldItalic
 70
0
 40
0.0
 41
1.0
 50
0.0
 71
0
 42
2.5
  3
LiberationMono-BoldItalic.ttf
  4

  0
STYLE
  5
59
330
5
100
AcDbSymbolTableRecord
100
AcDbTextStyleTableRecord
  2
LiberationMono-Italic
 70
0
 40
0.0
 41
1.0
 50
0.0
 71
0
 42
2.5
  3
LiberationMono-Italic.ttf
  4

  0
ENDTAB
  0
TABLE
  2
VIEW
  5
7
330
0
100
AcDbSymbolTable
 70
0
  0
ENDTAB
  0
TABLE
  2
UCS
  5
6
330
0
100
AcDbSymbolTable
 70
0
  0
ENDTAB
  0
TABLE
  2
APPID
  5
3
330
0
100
AcDbSymbolTable
 70
3
  0
APPID
  5
2A
330
3
100
AcDbSymbolTableRecord
100
AcDbRegAppTableRecord
  2
ACAD
 70
0
  0
APPID
  5
223
330
3
100
AcDbSymbolTableRecord
100
AcDbRegAppTableRecord
  2
HATCHBACKGROUNDCOLOR
 70
0
  0
APPID
  5
224
330
3
100
AcDbSymbolTableRecord
100
AcDbRegAppTableRecord
  2
EZDXF
 70
0
  0
ENDTAB
  0
TABLE
  2
DIMSTYLE
  5
4
330
0
100
AcDbSymbolTable
 70
12
100
AcDbDimStyleTable
  0
DIMSTYLE
105
2B
330
4
100
AcDbSymbolTableRecord
100
AcDbDimStyleTableRecord
  2
Standard
 70
0
 40
1.0
 41
2.5
 42
0.625
 43
3.75
 44
1.25
 45
0.0
 46
0.0
 47
0.0
 48
0.0
 49
2.5
140
2.5
141
2.5
142
0.0
143
0.03937007874
144
1.0
145
0.0
146
1.0
147
0.625
148
0.0
 69
0
 70
0
 71
0
 72
0
 73
0
 74
0
 75
0
 76
0
 77
1
 78
8
 79
3
170
0
171
3
172
1
173
0
174
0
175
0
176
0
177
0
178
0
179
2
271
2
272
2
273
2
274
3
275
0
276
0
277
2
278
44
279
0
280
0
281
0
282
0
283
0
284
8
285
0
286
0
288
0
289
3
290
0
371
-2
372
-2
  0
DIMSTYLE
105
73
330
4
100
AcDbSymbolTableRecord
100
AcDbDimStyleTableRecord
  2
EZDXF
 70
0
 40
1.0
 41
0.175
 42
0.125
 43
3.75
 44
0.375
 45
0.0
 46
0.0
 47
0.0
 48
0.0
 49
2.5
140
0.25
141
2.5
142
0.0
143
0.03937007874
144
100.0
145
0.0
146
0.5
147
0.1
148
0.0
 69
0
 70
0
 71
0
 72
0
 73
0
 74
0
 75
0
 76
0
 77
1
 78
12
 79
3
170
0
171
3
172
1
173
0
174
0
175
0
176
0
177
0
178
0
179
2
271
2
272
2
273
2
274
3
275
0
276
0
277
2
278
46
279
2
280
0
281
0
282
0
283
0
284
8
285
0
286
0
288
1
289
3
290
0
340
4C
342
74
371
-2
372
-2
  0
DIMSTYLE
105
7C
330
4
100
AcDbSymbolTableRecord
100
AcDbDimStyleTableRecord
  2
EZ_M_100_H25_CM
 70
0
 40
1.0
 41
0.25
 42
0.125
 43
3.75
 44
0.375
 45
0.0
 46
0.0
 47
0.0
 48
0.0
 49
2.5
140
0.25
141
2.5
142
0.125
143
0.03937007874
144
100.0
145
0.0
146
0.5
147
0.1
148
0.0
 69
0
 70
0
 71
0
 72
0
 73
0
 74
0
 75
0
 76
0
 77
1
 78
12
 79
3
170
0
171
3
172
1
173
0
174
0
175
0
176
0
177
0
178
0
179
2
271
2
272
2
273
2
274
3
275
0
276
0
277
2
278
46
279
2
280
0
281
0
282
0
283
0
284
8
285
0
286
0
288
1
289
3
290
0
340
4C
371
-2
372
-2
  0
DIMSTYLE
105
7D
330
4
100
AcDbSymbolTableRecord
100
AcDbDimStyleTableRecord
  2
EZ_M_50_H25_CM
 70
0
 40
1.0
 41
0.125
 42
0.0625
 43
3.75
 44
0.1875
 45
0.0
 46
0.0
 47
0.0
 48
0.0
 49
2.5
140
0.125
141
2.5
142
0.0625
143
0.03937007874
144
100.0
145
0.0
146
0.5
147
0.05
148
0.0
 69
0
 70
0
 71
0
 72
0
 73
0
 74
0
 75
0
 76
0
 77
1
 78
12
 79
3
170
0
171
3
172
1
173
0
174
0
175
0
176
0
177
0
178
0
179
2
271
2
272
2
273
2
274
3
275
0
276
0
277
2
278
46
279
2
280
0
281
0
282
0
283
0
284
8
285
0
286
0
288
1
289
3
290
0
340
4C
371
-2
372
-2
  0
DIMSTYLE
105
7E
330
4
100
AcDbSymbolTableRecord
100
AcDbDimStyleTableRecord
  2
EZ_M_25_H25_CM
 70
0
 40
1.0
 41
0.0625
 42
0.03125
 43
3.75
 44
0.09375
 45
0.0
 46
0.0
 47
0.0
 48
0.0
 49
2.5
140
0.0625
141
2.5
142
0.03125
143
0.03937007874
144
100.0
145
0.0
146
0.5
147
0.025
148
0.0
 69
0
 70
0
 71
0
 72
0
 73
0
 74
0
 75
0
 76
0
 77
1
 78
12
 79
3
170
0
171
3
172
1
173
0
174
0
175
0
176
0
177
0
178
0
179
2
271
2
272
2
273
2
274
3
275
0
276
0
277
2
278
46
279
2
280
0
281
0
282
0
283
0
284
8
285
0
286
0
288
1
289
3
290
0
340
4C
371
-2
372
-2
  0
DIMSTYLE
105
7F
330
4
100
AcDbSymbolTableRecord
100
AcDbDimStyleTableRecord
  2
EZ_M_20_H25_CM
 70
0
 40
1.0
 41
0.05
 42
0.025
 43
3.75
 44
0.07500000000000001
 45
0.0
 46
0.0
 47
0.0
 48
0.0
 49
2.5
140
0.05
141
2.5
142
0.025
143
0.03937007874
144
100.0
145
0.0
146
0.5
147
0.020000000000000004
148
0.0
 69
0
 70
0
 71
0
 72
0
 73
0
 74
0
 75
0
 76
0
 77
1
 78
12
 79
3
170
0
171
3
172
1
173
0
174
0
175
0
176
0
177
0
178
0
179
2
271
2
272
2
273
2
274
3
275
0
276
0
277
2
278
46
279
2
280
0
281
0
282
0
283
0
284
8
285
0
286
0
288
1
289
3
290
0
340
4C
371
-2
372
-2
  0
DIMSTYLE
105
80
330
4
100
AcDbSymbolTableRecord
100
AcDbDimStyleTableRecord
  2
EZ_M_10_H25_CM
 70
0
 40
1.0
 41
0.025
 42
0.0125
 43
3.75
 44
0.037500000000000006
 45
0.0
 46
0.0
 47
0.0
 48
0.0
 49
2.5
140
0.025
141
2.5
142
0.0125
143
0.03937007874
144
100.0
145
0.0
146
0.5
147
0.010000000000000002
148
0.0
 69
0
 70
0
 71
0
 72
0
 73
0
 74
0
 75
0
 76
0
 77
1
 78
12
 79
3
170
0
171
3
172
1
173
0
174
0
175
0
176
0
177
0
178
0
179
2
271
2
272
2
273
2
274
3
275
0
276
0
277
2
278
46
279
2
280
0
281
0
282
0
283
0
284
8
285
0
286
0
288
1
289
3
290
0
340
4C
371
-2
372
-2
  0
DIMSTYLE
105
81
330
4
100
AcDbSymbolTableRecord
100
AcDbDimStyleTableRecord
  2
EZ_M_5_H25_CM
 70
0
 40
1.0
 41
0.0125
 42
0.00625
 43
3.75
 44
0.018750000000000003
 45
0.0
 46
0.0
 47
0.0
 48
0.0
 49
2.5
140
0.0125
141
2.5
142
0.00625
143
0.03937007874
144
100.0
145
0.0
146
0.5
147
0.005000000000000001
148
0.0
 69
0
 70
0
 71
0
 72
0
 73
0
 74
0
 75
0
 76
0
 77
1
 78
12
 79
3
170
0
171
3
172
1
173
0
174
0
175
0
176
0
177
0
178
0
179
2
271
2
272
2
273
2
274
3
275
0
276
0
277
2
278
46
279
2
280
0
281
0
282
0
283
0
284
8
285
0
286
0
288
1
289
3
290
0
340
4C
371
-2
372
-2
  0
DIMSTYLE
105
82
330
4
100
AcDbSymbolTableRecord
100
AcDbDimStyleTableRecord
  2
EZ_M_1_H25_CM
 70
0
 40
1.0
 41
0.0025
 42
0.00125
 43
3.75
 44
0.00375
 45
0.0
 46
0.0
 47
0.0
 48
0.0
 49
2.5
140
0.0025
141
2.5
142
0.00125
143
0.03937007874
144
100.0
145
0.0
146
0.5
147
0.001
148
0.0
 69
0
 70
0
 71
0
 72
0
 73
0
 74
0
 75
0
 76
0
 77
1
 78
12
 79
3
170
0
171
3
172
1
173
0
174
0
175
0
176
0
177
0
178
0
179
2
271
2
272
2
273
2
274
3
275
0
276
0
277
2
278
46
279
2
280
0
281
0
282
0
283
0
284
8
285
0
286
0
288
1
289
3
290
0
340
4C
371
-2
372
-2
  0
DIMSTYLE
105
83
330
4
100
AcDbSymbolTableRecord
100
AcDbDimStyleTableRecord
  2
EZ_RADIUS
 70
0
 40
1.0
 41
0.25
 42
0.125
 43
3.75
 44
0.375
 45
0.0
 46
0.0
 47
0.0
 48
0.0
 49
2.5
140
0.25
141
0.0
142
0.0
143
0.03937007874
144
100.0
145
0.0
146
0.5
147
0.1
148
0.0
 69
0
 70
0
 71
0
 72
0
 73
0
 74
0
 75
0
 76
0
 77
1
 78
12
 79
3
170
0
171
3
172
0
173
0
174
0
175
0
176
0
177
0
178
0
179
2
271
2
272
2
273
2
274
3
275
0
276
0
277
2
278
46
279
1
280
0
281
0
282
0
283
0
284
8
285
0
286
0
288
1
289
3
290
0
340
4C
342
84
371
-2
372
-2
  0
DIMSTYLE
105
88
330
4
100
AcDbSymbolTableRecord
100
AcDbDimStyleTableRecord
  2
EZ_RADIUS_INSIDE
 70
0
 40
1.0
 41
0.25
 42
0.125
 43
3.75
 44
0.375
 45
0.0
 46
0.0
 47
0.0
 48
0.0
 49
2.5
140
0.25
141
0.0
142
0.0
143
0.03937007874
144
100.0
145
0.0
146
0.5
147
0.1
148
0.0
 69
0
 70
0
 71
0
 72
0
 73
0
 74
0
 75
0
 76
0
 77
0
 78
12
 79
3
170
0
171
3
172
0
173
0
174
1
175
0
176
0
177
0
178
0
179
2
271
2
272
2
273
2
274
3
275
0
276
0
277
2
278
46
279
0
280
0
281
0
282
0
283
0
284
8
285
0
286
0
288
1
289
0
290
0
340
4C
342
84
371
-2
372
-2
  0
DIMSTYLE
105
89
330
4
100
AcDbSymbolTableRecord
100
AcDbDimStyleTableRecord
  2
EZ_CURVED
 70
0
 40
1.0
 41
0.25
 42
0.125
 43
3.75
 44
0.375
 45
0.0
 46
0.0
 47
0.0
 48
0.0
 49
2.5
140
0.25
141
2.5
142
0.0
143
0.03937007874
144
100.0
145
0.0
146
0.5
147
0.1
148
0.0
 69
0
 70
0
 71
0
 72
0
 73
0
 74
0
 75
0
 76
0
 77
1
 78
12
 79
2
 90
2
170
0
171
3
172
1
173
0
174
0
175
0
176
0
177
0
178
0
179
2
271
2
272
2
273
2
274
3
275
0
276
0
277
2
278
46
279
2
280
0
281
0
282
0
283
0
284
8
285
0
286
0
288
1
289
3
290
0
340
4C
371
-2
372
-2
  0
ENDTAB
  0
TABLE
  2
BLOCK_RECORD
  5
9
330
0
100
AcDbSymbolTable
 70
5
  0
BLOCK_RECORD
  5
17
330
9
100
AcDbSymbolTableRecord
100
AcDbBlockTableRecord
  2
*Model_Space
340
1A
 70
0
280
1
281
0
  0
BLOCK_RECORD
  5
1B
330
9
100
AcDbSymbolTableRecord
100
AcDbBlockTableRecord
  2
*Paper_Space
340
1E
 70
0
280
1
281
0
  0
BLOCK_RECORD
  5
74
330
9
100
AcDbSymbolTableRecord
100
AcDbBlockTableRecord
  2
_ARCHTICK
340
0
 70
0
280
1
281
0
  0
BLOCK_RECORD
  5
78
330
9
100
AcDbSymbolTableRecord
100
AcDbBlockTableRecord
  2
_CLOSEDFILLED
340
0
 70
0
280
1
281
0
  0
BLOCK_RECORD
  5
84
330
9
100
AcDbSymbolTableRecord
100
AcDbBlockTableRecord
  2
_CLOSEDBLANK
340
0
 70
0
280
1
281
0
  0
ENDTAB
  0
ENDSEC
  0
SECTION
  2
BLOCKS
  0
BLOCK
  5
18
330
17
100
AcDbEntity
  8
0
100
AcDbBlockBegin
  2
*Model_Space
 70
0
 10
0.0
 20
0.0
 30
0.0
  3
*Model_Space
  1

  0
ENDBLK
  5
19
330
17
100
AcDbEntity
  8
0
100
AcDbBlockEnd
  0
BLOCK
  5
1C
330
1B
100
AcDbEntity
  8
0
100
AcDbBlockBegin
  2
*Paper_Space
 70
0
 10
0.0
 20
0.0
 30
0.0
  3
*Paper_Space
  1

  0
ENDBLK
  5
1D
330
1B
100
AcDbEntity
  8
0
100
AcDbBlockEnd
  0
BLOCK
  5
75
330
74
100
AcDbEntity
  8
0
100
AcDbBlockBegin
  2
_ARCHTICK
 70
0
 10
0.0
 20
0.0
 30
0.0
  3
_ARCHTICK
  1

  0
LWPOLYLINE
  5
77
330
74
100
AcDbEntity
  8
0
  6
BYBLOCK
 62
0
100
AcDbPolyline
 90
2
 70
0
 43
0.15
 10
-0.5
 20
-0.5
 10
0.5
 20
0.5
  0
ENDBLK
  5
76
330
74
100
AcDbEntity
  8
0
100
AcDbBlockEnd
  0
BLOCK
  5
79
330
78
100
AcDbEntity
  8
0
100
AcDbBlockBegin
  2
_CLOSEDFILLED
 70
0
 10
0.0
 20
0.0
 30
0.0
  3
_CLOSEDFILLED
  1

  0
SOLID
  5
7B
330
78
100
AcDbEntity
  8
0
  6
BYBLOCK
 62
0
100
AcDbTrace
 10
-1.0
 20
0.16439898372402537
 30
0.0
 11
0.0
 21
0.0
 31
0.0
 12
-1.0
 22
-0.16439898372402537
 32
0.0
 13
-1.0
 23
-0.16439898372402537
 33
0.0
  0
ENDBLK
  5
7A
330
78
100
AcDbEntity
  8
0
100
AcDbBlockEnd
  0
BLOCK
  5
85
330
84
100
AcDbEntity
  8
0
100
AcDbBlockBegin
  2
_CLOSEDBLANK
 70
0
 10
0.0
 20
0.0
 30
0.0
  3
_CLOSEDBLANK
  1

  0
LWPOLYLINE
  5
87
330
84
100
AcDbEntity
  8
0
  6
BYBLOCK
 62
0
100
AcDbPolyline
 90
3
 70
1
 10
-1.0
 20
0.16439898372402537
 10
0.0
 20
0.0
 10
-1.0
 20
-0.16439898372402537
  0
ENDBLK
  5
86
330
84
100
AcDbEntity
  8
0
100
AcDbBlockEnd
  0
ENDSEC
  0
SECTION
  2
ENTITIES
  0
LWPOLYLINE
  5
8E
330
17
100
AcDbEntity
  8
GEOMETRY
100
AcDbPolyline
 90
5
 70
0
 10
0.31496062992125984
 20
11.377952755905513
 10
16.22047244094488
 20
11.377952755905513
 10
16.22047244094488
 20
0.31496062992126106
 10
0.31496062992125984
 20
0.31496062992126106
 10
0.31496062992125984
 20
11.377952755905513
  0
TEXT
  5
8F
330
17
100
AcDbEntity
  8
TEXT
100
AcDbText
 10
0.7086614173228346
 20
11.023622047244094
 30
0.0
 40
0.09070866141732283
  1
1 · TOP EDGE
 11
0.7086614173228346
 21
11.023622047244094
 31
0.0
100
AcDbText
  0
LINE
  5
90
330
17
100
AcDbEntity
  8
GEOMETRY
100
AcDbLine
 10
0.7086614173228346
 20
10.964566929133857
 30
0.0
 11
2.677165354330709
 21
10.964566929133857
 31
0.0
  0
TEXT
  5
91
330
17
100
AcDbEntity
  8
TEXT
100
AcDbText
 10
0.7086614173228346
 20
10.834645669291337
 30
0.0
 40
0.048188976377952754
  1
SECTION · SCALE 1:1
 11
0.7086614173228346
 21
10.834645669291337
 31
0.0
100
AcDbText
  0
HATCH
  5
92
330
17
100
AcDbEntity
  8
HATCH
 62
7
100
AcDbHatch
 10
0.0
 20
0.0
 30
0.0
210
0.0
220
0.0
230
1.0
  2
ANSI31
 70
0
 71
0
 91
1
 92
3
 72
0
 73
1
 93
109
 10
5.511811023622047
 20
10.354330708661417
 10
1.811023622047244
 20
10.354330708661417
 10
1.7765748031496063
 20
10.349409448818898
 10
1.7519685039370079
 20
10.334645669291339
 10
1.7372047244094488
 20
10.31003937007874
 10
1.7322834645669292
 20
10.275590551181102
 10
1.7322834645669292
 20
10.196850393700787
 10
1.7116853690034166
 20
10.195497318444486
 10
1.6915246632215843
 20
10.19148399621659
 10
1.6720583187423455
 20
10.184879282328605
 10
1.6535433070866141
 20
10.175752032092037
 10
1.6363813706871828
 20
10.164281186765093
 10
1.6209283484358403
 20
10.150725194871246
 10
1.607372356541993
 20
10.135272172619903
 10
1.595901511215049
 20
10.118110236220472
 10
1.586774260978481
 20
10.099595224564741
 10
1.5801695470904955
 20
10.080128880085502
 10
1.5761562248625995
 20
10.05996817430367
 10
1.574803149606299
 20
10.039370078740157
 10
1.5761562248625995
 20
10.018771983176645
 10
1.5801695470904955
 20
9.998611277394811
 10
1.586774260978481
 20
9.979144932915574
 10
1.595901511215049
 20
9.960629921259843
 10
1.607372356541993
 20
9.943467984860412
 10
1.6209283484358403
 20
9.928014962609069
 10
1.6363813706871828
 20
9.914458970715222
 10
1.6535433070866141
 20
9.902988125388278
 10
1.6720583187423457
 20
9.89386087515171
 10
1.6915246632215843
 20
9.887256161263725
 10
1.7116853690034166
 20
9.883242839035827
 10
1.7322834645669292
 20
9.881889763779528
 10
1.7116853690034166
 20
9.880536688523227
 10
1.6915246632215843
 20
9.87652336629533
 10
1.6720583187423455
 20
9.869918652407346
 10
1.6535433070866141
 20
9.860791402170777
 10
1.6363813706871828
 20
9.849320556843834
 10
1.6209283484358403
 20
9.835764564949987
 10
1.607372356541993
 20
9.820311542698644
 10
1.595901511215049
 20
9.803149606299213
 10
1.586774260978481
 20
9.78463459464348
 10
1.5801695470904955
 20
9.765168250164242
 10
1.5761562248625995
 20
9.74500754438241
 10
1.574803149606299
 20
9.724409448818898
 10
1.5761562248625995
 20
9.703811353255384
 10
1.5801695470904955
 20
9.683650647473552
 10
1.586774260978481
 20
9.664184302994315
 10
1.595901511215049
 20
9.645669291338583
 10
1.607372356541993
 20
9.628507354939153
 10
1.6209283484358403
 20
9.613054332687808
 10
1.6363813706871828
 20
9.59949834079396
 10
1.6535433070866141
 20
9.588027495467019
 10
1.6720583187423457
 20
9.578900245230448
 10
1.6915246632215843
 20
9.572295531342464
 10
1.7116853690034166
 20
9.568282209114567
 10
1.7322834645669292
 20
9.566929133858267
 10
1.7116853690034166
 20
9.565576058601968
 10
1.6915246632215843
 20
9.561562736374071
 10
1.6720583187423455
 20
9.554958022486087
 10
1.6535433070866141
 20
9.545830772249518
 10
1.6363813706871828
 20
9.534359926922575
 10
1.6209283484358403
 20
9.520803935028727
 10
1.607372356541993
 20
9.505350912777383
 10
1.595901511215049
 20
9.488188976377952
 10
1.586774260978481
 20
9.46967396472222
 10
1.5801695470904955
 20
9.450207620242983
 10
1.5761562248625995
 20
9.430046914461151
 10
1.574803149606299
 20
9.409448818897637
 10
1.5761562248625995
 20
9.388850723334125
 10
1.5801695470904955
 20
9.368690017552293
 10
1.586774260978481
 20
9.349223673073055
 10
1.595901511215049
 20
9.330708661417322
 10
1.607372356541993
 20
9.313546725017892
 10
1.6209283484358403
 20
9.298093702766549
 10
1.6363813706871828
 20
9.284537710872701
 10
1.6535433070866141
 20
9.273066865545758
 10
1.6720583187423457
 20
9.263939615309189
 10
1.6915246632215843
 20
9.257334901421205
 10
1.7116853690034166
 20
9.253321579193308
 10
1.7322834645669292
 20
9.251968503937007
 10
1.7116853690034166
 20
9.250615428680709
 10
1.6915246632215843
 20
9.24660210645281
 10
1.6720583187423455
 20
9.239997392564826
 10
1.6535433070866141
 20
9.230870142328259
 10
1.6363813706871828
 20
9.219399297001313
 10
1.6209283484358403
 20
9.205843305107466
 10
1.607372356541993
 20
9.190390282856123
 10
1.595901511215049
 20
9.173228346456693
 10
1.586774260978481
 20
9.154713334800961
 10
1.5801695470904955
 20
9.135246990321722
 10
1.5761562248625995
 20
9.11508628453989
 10
1.574803149606299
 20
9.094488188976378
 10
1.5761562248625995
 20
9.073890093412865
 10
1.5801695470904955
 20
9.053729387631034
 10
1.586774260978481
 20
9.034263043151794
 10
1.595901511215049
 20
9.015748031496063
 10
1.607372356541993
 20
8.998586095096632
 10
1.6209283484358403
 20
8.98313307284529
 10
1.6363813706871828
 20
8.969577080951442
 10
1.6535433070866141
 20
8.958106235624498
 10
1.6720583187423457
 20
8.94897898538793
 10
1.6915246632215843
 20
8.942374271499945
 10
1.7116853690034166
 20
8.938360949272047
 10
1.7322834645669292
 20
8.937007874015748
 10
1.7322834645669292
 20
8.858267716535433
 10
1.7372047244094488
 20
8.823818897637794
 10
1.7519685039370079
 20
8.799212598425196
 10
1.7765748031496063
 20
8.784448818897637
 10
1.811023622047244
 20
8.779527559055119
 10
5.511811023622047
 20
8.779527559055119
 97
0
 75
1
 76
1
 52
0.0
 41
0.015748031496062992
 77
0
 78
1
 53
45.0
 43
0.0
 44
0.0
 45
-0.0013919425
 46
0.0013919425
 79
0
 98
0
  0
POLYLINE
  5
93
330
17
100
AcDbEntity
  8
GEOMETRY
100
AcDb2dPolyline
 66
1
 10
0.0
 20
0.0
 30
0.0
 70
0
  0
VERTEX
  5
94
330
93
100
AcDbEntity
  8
GEOMETRY
100
AcDbVertex
100
AcDb2dVertex
 10
5.511811023622047
 20
10.354330708661418
 30
0.0
 70
0
  0
VERTEX
  5
95
330
93
100
AcDbEntity
  8
GEOMETRY
100
AcDbVertex
100
AcDb2dVertex
 10
1.811023622047244
 20
10.354330708661418
 30
0.0
 70
0
  0
SEQEND
  5
96
330
93
100
AcDbEntity
  8
GEOMETRY
  0
SPLINE
  5
97
330
17
100
AcDbEntity
  8
GEOMETRY
100
AcDbSpline
 70
0
 71
3
 72
8
 73
4
 74
0
 40
0.0
 40
0.0
 40
0.0
 40
0.0
 40
1.0
 40
1.0
 40
1.0
 40
1.0
 10
1.811023622047244
 20
10.354330708661418
 30
0.0
 10
1.7585301837270342
 20
10.354330708661418
 30
0.0
 10
1.7322834645669292
 20
10.328083989501314
 30
0.0
 10
1.7322834645669292
 20
10.275590551181104
 30
0.0
  0
POLYLINE
  5
98
330
17
100
AcDbEntity
  8
GEOMETRY
100
AcDb2dPolyline
 66
1
 10
0.0
 20
0.0
 30
0.0
 70
0
  0
VERTEX
  5
99
330
98
100
AcDbEntity
  8
GEOMETRY
100
AcDbVertex
100
AcDb2dVertex
 10
1.7322834645669292
 20
10.275590551181104
 30
0.0
 70
0
  0
VERTEX
  5
9A
330
98
100
AcDbEntity
  8
GEOMETRY
100
AcDbVertex
100
AcDb2dVertex
 10
1.7322834645669292
 20
10.196850393700789
 30
0.0
 70
0
  0
SEQEND
  5
9B
330
98
100
AcDbEntity
  8
GEOMETRY
  0
SPLINE
  5
9C
330
17
100
AcDbEntity
  8
GEOMETRY
100
AcDbSpline
 70
0
 71
3
 72
23
 73
19
 74
0
 40
0.0
 40
0.0
 40
0.0
 40
0.0
 40
1.0
 40
1.0
 40
1.0
 40
2.0
 40
2.0
 40
2.0
 40
3.0
 40
3.0
 40
3.0
 40
4.0
 40
4.0
 40
4.0
 40
5.0
 40
5.0
 40
5.0
 40
6.0
 40
6.0
 40
6.0
 40
6.0
 10
1.7322834645669292
 20
10.196850393700789
 30
0.0
 10
1.704641953525976
 20
10.196850393700789
 30
0.0
 10
1.6774815578470674
 20
10.189572787612514
 30
0.0
 10
1.6535433070866141
 20
10.175752032092038
 30
0.0
 10
1.6296050563261608
 20
10.161931276571561
 30
0.0
 10
1.6097222667355253
 20
10.142048486980926
 30
0.0
 10
1.595901511215049
 20
10.118110236220474
 30
0.0
 10
1.5820807556945726
 20
10.094171985460019
 30
0.0
 10
1.574803149606299
 20
10.067011589781112
 30
0.0
 10
1.574803149606299
 20
10.039370078740157
 30
0.0
 10
1.574803149606299
 20
10.011728567699205
 30
0.0
 10
1.5820807556945726
 20
9.984568172020296
 30
0.0
 10
1.595901511215049
 20
9.960629921259843
 30
0.0
 10
1.6097222667355253
 20
9.936691670499389
 30
0.0
 10
1.6296050563261608
 20
9.916808880908754
 30
0.0
 10
1.6535433070866141
 20
9.902988125388278
 30
0.0
 10
1.6774815578470674
 20
9.889167369867803
 30
0.0
 10
1.704641953525976
 20
9.881889763779528
 30
0.0
 10
1.7322834645669292
 20
9.881889763779528
 30
0.0
  0
SPLINE
  5
9D
330
17
100
AcDbEntity
  8
GEOMETRY
100
AcDbSpline
 70
0
 71
3
 72
23
 73
19
 74
0
 40
0.0
 40
0.0
 40
0.0
 40
0.0
 40
1.0
 40
1.0
 40
1.0
 40
2.0
 40
2.0
 40
2.0
 40
3.0
 40
3.0
 40
3.0
 40
4.0
 40
4.0
 40
4.0
 40
5.0
 40
5.0
 40
5.0
 40
6.0
 40
6.0
 40
6.0
 40
6.0
 10
1.7322834645669292
 20
9.881889763779528
 30
0.0
 10
1.704641953525976
 20
9.881889763779528
 30
0.0
 10
1.6774815578470674
 20
9.874612157691255
 30
0.0
 10
1.6535433070866141
 20
9.86079140217078
 30
0.0
 10
1.6296050563261608
 20
9.846970646650302
 30
0.0
 10
1.6097222667355253
 20
9.827087857059666
 30
0.0
 10
1.595901511215049
 20
9.803149606299213
 30
0.0
 10
1.5820807556945726
 20
9.77921135553876
 30
0.0
 10
1.574803149606299
 20
9.75205095985985
 30
0.0
 10
1.574803149606299
 20
9.724409448818898
 30
0.0
 10
1.574803149606299
 20
9.696767937777945
 30
0.0
 10
1.5820807556945726
 20
9.669607542099037
 30
0.0
 10
1.595901511215049
 20
9.645669291338583
 30
0.0
 10
1.6097222667355253
 20
9.62173104057813
 30
0.0
 10
1.6296050563261608
 20
9.601848250987494
 30
0.0
 10
1.6535433070866141
 20
9.588027495467019
 30
0.0
 10
1.6774815578470674
 20
9.574206739946542
 30
0.0
 10
1.704641953525976
 20
9.566929133858268
 30
0.0
 10
1.7322834645669292
 20
9.566929133858268
 30
0.0
  0
SPLINE
  5
9E
330
17
100
AcDbEntity
  8
GEOMETRY
100
AcDbSpline
 70
0
 71
3
 72
23
 73
19
 74
0
 40
0.0
 40
0.0
 40
0.0
 40
0.0
 40
1.0
 40
1.0
 40
1.0
 40
2.0
 40
2.0
 40
2.0
 40
3.0
 40
3.0
 40
3.0
 40
4.0
 40
4.0
 40
4.0
 40
5.0
 40
5.0
 40
5.0
 40
6.0
 40
6.0
 40
6.0
 40
6.0
 10
1.7322834645669292
 20
9.566929133858268
 30
0.0
 10
1.704641953525976
 20
9.566929133858268
 30
0.0
 10
1.6774815578470674
 20
9.559651527769995
 30
0.0
 10
1.6535433070866141
 20
9.545830772249518
 30
0.0
 10
1.6296050563261608
 20
9.532010016729043
 30
0.0
 10
1.6097222667355253
 20
9.512127227138407
 30
0.0
 10
1.595901511215049
 20
9.488188976377954
 30
0.0
 10
1.5820807556945726
 20
9.4642507256175
 30
0.0
 10
1.574803149606299
 20
9.437090329938592
 30
0.0
 10
1.574803149606299
 20
9.409448818897639
 30
0.0
 10
1.574803149606299
 20
9.381807307856686
 30
0.0
 10
1.5820807556945726
 20
9.354646912177778
 30
0.0
 10
1.595901511215049
 20
9.330708661417324
 30
0.0
 10
1.6097222667355253
 20
9.30677041065687
 30
0.0
 10
1.6296050563261608
 20
9.286887621066235
 30
0.0
 10
1.6535433070866141
 20
9.273066865545758
 30
0.0
 10
1.6774815578470674
 20
9.259246110025282
 30
0.0
 10
1.704641953525976
 20
9.251968503937007
 30
0.0
 10
1.7322834645669292
 20
9.251968503937007
 30
0.0
  0
SPLINE
  5
9F
330
17
100
AcDbEntity
  8
GEOMETRY
100
AcDbSpline
 70
0
 71
3
 72
23
 73
19
 74
0
 40
0.0
 40
0.0
 40
0.0
 40
0.0
 40
1.0
 40
1.0
 40
1.0
 40
2.0
 40
2.0
 40
2.0
 40
3.0
 40
3.0
 40
3.0
 40
4.0
 40
4.0
 40
4.0
 40
5.0
 40
5.0
 40
5.0
 40
6.0
 40
6.0
 40
6.0
 40
6.0
 10
1.7322834645669292
 20
9.251968503937007
 30
0.0
 10
1.704641953525976
 20
9.251968503937007
 30
0.0
 10
1.6774815578470674
 20
9.244690897848734
 30
0.0
 10
1.6535433070866141
 20
9.230870142328259
 30
0.0
 10
1.6296050563261608
 20
9.217049386807783
 30
0.0
 10
1.6097222667355253
 20
9.197166597217148
 30
0.0
 10
1.595901511215049
 20
9.173228346456693
 30
0.0
 10
1.5820807556945726
 20
9.14929009569624
 30
0.0
 10
1.574803149606299
 20
9.122129700017332
 30
0.0
 10
1.574803149606299
 20
9.094488188976378
 30
0.0
 10
1.574803149606299
 20
9.066846677935425
 30
0.0
 10
1.5820807556945726
 20
9.039686282256516
 30
0.0
 10
1.595901511215049
 20
9.015748031496063
 30
0.0
 10
1.6097222667355253
 20
8.991809780735611
 30
0.0
 10
1.6296050563261608
 20
8.971926991144976
 30
0.0
 10
1.6535433070866141
 20
8.958106235624498
 30
0.0
 10
1.6774815578470674
 20
8.944285480104021
 30
0.0
 10
1.704641953525976
 20
8.937007874015748
 30
0.0
 10
1.7322834645669292
 20
8.937007874015748
 30
0.0
  0
POLYLINE
  5
A0
330
17
100
AcDbEntity
  8
GEOMETRY
100
AcDb2dPolyline
 66
1
 10
0.0
 20
0.0
 30
0.0
 70
0
  0
VERTEX
  5
A1
330
A0
100
AcDbEntity
  8
GEOMETRY
100
AcDbVertex
100
AcDb2dVertex
 10
1.7322834645669292
 20
8.937007874015748
 30
0.0
 70
0
  0
VERTEX
  5
A2
330
A0
100
AcDbEntity
  8
GEOMETRY
100
AcDbVertex
100
AcDb2dVertex
 10
1.7322834645669292
 20
8.858267716535433
 30
0.0
 70
0
  0
SEQEND
  5
A3
330
A0
100
AcDbEntity
  8
GEOMETRY
  0
SPLINE
  5
A4
330
17
100
AcDbEntity
  8
GEOMETRY
100
AcDbSpline
 70
0
 71
3
 72
8
 73
4
 74
0
 40
0.0
 40
0.0
 40
0.0
 40
0.0
 40
1.0
 40
1.0
 40
1.0
 40
1.0
 10
1.7322834645669292
 20
8.858267716535433
 30
0.0
 10
1.7322834645669292
 20
8.805774278215223
 30
0.0
 10
1.7585301837270342
 20
8.779527559055119
 30
0.0
 10
1.811023622047244
 20
8.779527559055119
 30
0.0
  0
POLYLINE
  5
A5
330
17
100
AcDbEntity
  8
GEOMETRY
100
AcDb2dPolyline
 66
1
 10
0.0
 20
0.0
 30
0.0
 70
0
  0
VERTEX
  5
A6
330
A5
100
AcDbEntity
  8
GEOMETRY
100
AcDbVertex
100
AcDb2dVertex
 10
1.811023622047244
 20
8.779527559055119
 30
0.0
 70
0
  0
VERTEX
  5
A7
330
A5
100
AcDbEntity
  8
GEOMETRY
100
AcDbVertex
100
AcDb2dVertex
 10
5.511811023622047
 20
8.779527559055119
 30
0.0
 70
0
  0
SEQEND
  5
A8
330
A5
100
AcDbEntity
  8
GEOMETRY
  0
HATCH
  5
A9
330
17
100
AcDbEntity
  8
HATCH
 62
7
100
AcDbHatch
 10
0.0
 20
0.0
 30
0.0
210
0.0
220
0.0
230
1.0
  2
ANSI31
 70
0
 71
0
 91
1
 92
3
 72
0
 73
1
 93
7
 10
2.283464566929134
 20
8.779527559055119
 10
2.7559055118110236
 20
8.779527559055119
 10
2.7559055118110236
 20
8.307086614173228
 10
2.593503937007874
 20
8.366141732283465
 10
2.4606299212598426
 20
8.464566929133857
 10
2.357283464566929
 20
8.60236220472441
 10
2.283464566929134
 20
8.779527559055119
 97
0
 75
1
 76
1
 52
0.0
 41
0.015748031496062992
 77
0
 78
1
 53
45.0
 43
0.0
 44
0.0
 45
-0.0013919425
 46
0.0013919425
 79
0
 98
0
  0
POLYLINE
  5
AA
330
17
100
AcDbEntity
  8
GEOMETRY
100
AcDb2dPolyline
 66
1
 10
0.0
 20
0.0
 30
0.0
 70
0
  0
VERTEX
  5
AB
330
AA
100
AcDbEntity
  8
GEOMETRY
100
AcDbVertex
100
AcDb2dVertex
 10
2.283464566929134
 20
8.779527559055119
 30
0.0
 70
0
  0
VERTEX
  5
AC
330
AA
100
AcDbEntity
  8
GEOMETRY
100
AcDbVertex
100
AcDb2dVertex
 10
2.7559055118110236
 20
8.779527559055119
 30
0.0
 70
0
  0
VERTEX
  5
AD
330
AA
100
AcDbEntity
  8
GEOMETRY
100
AcDbVertex
100
AcDb2dVertex
 10
2.7559055118110236
 20
8.30708661417323
 30
0.0
 70
0
  0
SEQEND
  5
AE
330
AA
100
AcDbEntity
  8
GEOMETRY
  0
SPLINE
  5
AF
330
17
100
AcDbEntity
  8
GEOMETRY
100
AcDbSpline
 70
0
 71
3
 72
8
 73
4
 74
0
 40
0.0
 40
0.0
 40
0.0
 40
0.0
 40
1.0
 40
1.0
 40
1.0
 40
1.0
 10
2.7559055118110236
 20
8.30708661417323
 30
0.0
 10
2.5196850393700787
 20
8.35958005249344
 30
0.0
 10
2.362204724409449
 20
8.51706036745407
 30
0.0
 10
2.283464566929134
 20
8.779527559055119
 30
0.0
  0
HATCH
  5
B0
330
17
100
AcDbEntity
  8
HATCH
 62
7
100
AcDbHatch
 10
0.0
 20
0.0
 30
0.0
210
0.0
220
0.0
230
1.0
  2
ANSI31
 70
0
 71
0
 91
1
 92
3
 72
0
 73
1
 93
5
 10
2.7559055118110236
 20
8.779527559055119
 10
3.622047244094488
 20
8.779527559055119
 10
3.622047244094488
 20
7.5984251968503935
 10
2.7559055118110236
 20
7.5984251968503935
 10
2.7559055118110236
 20
8.779527559055119
 97
0
 75
1
 76
1
 52
0.0
 41
0.015748031496062992
 77
0
 78
1
 53
45.0
 43
0.0
 44
0.0
 45
-0.0013919425
 46
0.0013919425
 79
0
 98
0
  0
LWPOLYLINE
  5
B1
330
17
100
AcDbEntity
  8
GEOMETRY
100
AcDbPolyline
 90
5
 70
0
 10
2.7559055118110236
 20
8.779527559055119
 10
3.622047244094488
 20
8.779527559055119
 10
3.622047244094488
 20
7.598425196850394
 10
2.7559055118110236
 20
7.598425196850394
 10
2.7559055118110236
 20
8.779527559055119
  0
LWPOLYLINE
  5
B2
330
17
100
AcDbEntity
  8
GEOMETRY
100
AcDbPolyline
 90
6
 70
0
 10
5.511811023622047
 20
10.47244094488189
 10
5.511811023622047
 20
9.763779527559056
 10
5.354330708661418
 20
9.645669291338583
 10
5.669291338582677
 20
9.488188976377954
 10
5.511811023622047
 20
9.370078740157481
 10
5.511811023622047
 20
8.661417322834646
  0
LINE
  5
B3
330
17
100
AcDbEntity
  8
DIMENSIONS
100
AcDbLine
 10
1.2598425196850394
 20
10.413385826771654
 30
0.0
 11
1.2598425196850394
 21
8.720472440944881
 31
0.0
  0
LINE
  5
B4
330
17
100
AcDbEntity
  8
DIMENSIONS
100
AcDbLine
 10
1.5354330708661417
 20
10.354330708661417
 30
0.0
 11
1.3070866141732285
 21
10.354330708661417
 31
0.0
  0
LINE
  5
B5
330
17
100
AcDbEntity
  8
DIMENSIONS
100
AcDbLine
 10
1.220472440944882
 20
10.31496062992126
 30
0.0
 11
1.2992125984251968
 21
10.393700787401574
 31
0.0
  0
LINE
  5
B6
330
17
100
AcDbEntity
  8
DIMENSIONS
100
AcDbLine
 10
1.5354330708661417
 20
10.196850393700787
 30
0.0
 11
1.3070866141732285
 21
10.196850393700787
 31
0.0
  0
LINE
  5
B7
330
17
100
AcDbEntity
  8
DIMENSIONS
100
AcDbLine
 10
1.220472440944882
 20
10.15748031496063
 30
0.0
 11
1.2992125984251968
 21
10.236220472440944
 31
0.0
  0
LINE
  5
B8
330
17
100
AcDbEntity
  8
DIMENSIONS
100
AcDbLine
 10
1.5354330708661417
 20
8.937007874015748
 30
0.0
 11
1.3070866141732285
 21
8.937007874015748
 31
0.0
  0
LINE
  5
B9
330
17
100
AcDbEntity
  8
DIMENSIONS
100
AcDbLine
 10
1.220472440944882
 20
8.89763779527559
 30
0.0
 11
1.2992125984251968
 21
8.976377952755906
 31
0.0
  0
LINE
  5
BA
330
17
100
AcDbEntity
  8
DIMENSIONS
100
AcDbLine
 10
1.5354330708661417
 20
8.779527559055119
 30
0.0
 11
1.3070866141732285
 21
8.779527559055119
 31
0.0
  0
LINE
  5
BB
330
17
100
AcDbEntity
  8
DIMENSIONS
100
AcDbLine
 10
1.220472440944882
 20
8.740157480314961
 30
0.0
 11
1.2992125984251968
 21
8.818897637795276
 31
0.0
  0
TEXT
  5
BC
330
17
100
AcDbEntity
  8
TEXT
100
AcDbText
 10
1.2283464566929134
 20
9.566929133858267
 30
0.0
 40
0.042519685039370377
  1
⅛" REEDS × 8
 50
90.0
 72
1
 11
1.2283464566929134
 21
9.566929133858267
 31
0.0
100
AcDbText
  0
LINE
  5
BD
330
17
100
AcDbEntity
  8
DIMENSIONS
100
AcDbLine
 10
1.0236220472440944
 20
10.413385826771654
 30
0.0
 11
1.0236220472440944
 21
8.720472440944881
 31
0.0
  0
LINE
  5
BE
330
17
100
AcDbEntity
  8
DIMENSIONS
100
AcDbLine
 10
1.5354330708661417
 20
10.354330708661417
 30
0.0
 11
1.0708661417322833
 21
10.354330708661417
 31
0.0
  0
LINE
  5
BF
330
17
100
AcDbEntity
  8
DIMENSIONS
100
AcDbLine
 10
0.984251968503937
 20
10.31496062992126
 30
0.0
 11
1.0629921259842519
 21
10.393700787401574
 31
0.0
  0
LINE
  5
C0
330
17
100
AcDbEntity
  8
DIMENSIONS
100
AcDbLine
 10
1.5354330708661417
 20
8.779527559055119
 30
0.0
 11
1.0708661417322833
 21
8.779527559055119
 31
0.0
  0
LINE
  5
C1
330
17
100
AcDbEntity
  8
DIMENSIONS
100
AcDbLine
 10
0.984251968503937
 20
8.740157480314961
 30
0.0
 11
1.0629921259842519
 21
8.818897637795276
 31
0.0
  0
TEXT
  5
C2
330
17
100
AcDbEntity
  8
TEXT
100
AcDbText
 10
0.9921259842519684
 20
9.566929133858267
 30
0.0
 40
0.048188976377952754
  1
1⅝"
 50
90.0
 72
1
 11
0.9921259842519684
 21
9.566929133858267
 31
0.0
100
AcDbText
  0
LINE
  5
C3
330
17
100
AcDbEntity
  8
DIMENSIONS
100
AcDbLine
 10
1.515748031496063
 20
10.551181102362204
 30
0.0
 11
2.8149606299212597
 21
10.551181102362204
 31
0.0
  0
LINE
  5
C4
330
17
100
AcDbEntity
  8
DIMENSIONS
100
AcDbLine
 10
1.574803149606299
 20
10.393700787401574
 30
0.0
 11
1.574803149606299
 21
10.503937007874017
 31
0.0
  0
LINE
  5
C5
330
17
100
AcDbEntity
  8
DIMENSIONS
100
AcDbLine
 10
1.5354330708661417
 20
10.511811023622046
 30
0.0
 11
1.6141732283464567
 21
10.590551181102363
 31
0.0
  0
LINE
  5
C6
330
17
100
AcDbEntity
  8
DIMENSIONS
100
AcDbLine
 10
2.7559055118110236
 20
10.393700787401574
 30
0.0
 11
2.7559055118110236
 21
10.503937007874017
 31
0.0
  0
LINE
  5
C7
330
17
100
AcDbEntity
  8
DIMENSIONS
100
AcDbLine
 10
2.716535433070866
 20
10.511811023622046
 30
0.0
 11
2.795275590551181
 21
10.590551181102363
 31
0.0
  0
TEXT
  5
C8
330
17
100
AcDbEntity
  8
TEXT
100
AcDbText
 10
2.1653543307086616
 20
10.582677165354331
 30
0.0
 40
0.04251968503937008
  1
1⅛"
 72
1
 11
2.1653543307086616
 21
10.582677165354331
 31
0.0
100
AcDbText
  0
LINE
  5
C9
330
17
100
AcDbEntity
  8
GEOMETRY
100
AcDbLine
 10
5.039370078740157
 20
10.31496062992126
 30
0.0
 11
5.118110236220472
 21
10.748031496062993
 31
0.0
  0
TEXT
  5
CA
330
17
100
AcDbEntity
  8
TEXT
100
AcDbText
 10
5.15748031496063
 20
10.740157480314961
 30
0.0
 40
0.048188976377952754
  1
PLAIN TEAK TOP
 11
5.15748031496063
 21
10.740157480314961
 31
0.0
100
AcDbText
  0
TEXT
  5
CB
330
17
100
AcDbEntity
  8
TEXT
100
AcDbText
 10
5.15748031496063
 20
10.649606299212598
 30
0.0
 40
0.04110236220472441
  1
NO LEATHER INSET
 11
5.15748031496063
 21
10.649606299212598
 31
0.0
100
AcDbText
  0
LINE
  5
CC
330
17
100
AcDbEntity
  8
GEOMETRY
100
AcDbLine
 10
2.440944881889764
 20
8.582677165354331
 30
0.0
 11
1.7716535433070866
 21
7.913385826771654
 31
0.0
  0
TEXT
  5
CD
330
17
100
AcDbEntity
  8
TEXT
100
AcDbText
 10
1.7322834645669292
 20
7.905511811023622
 30
0.0
 40
0.048188976377952754
  1
COVE 12 × 12
 72
2
 11
1.7322834645669292
 21
7.905511811023622
 31
0.0
100
AcDbText
  0
LINE
  5
CE
330
17
100
AcDbEntity
  8
GEOMETRY
100
AcDbLine
 10
3.3464566929133857
 20
7.9921259842519685
 30
0.0
 11
4.015748031496063
 21
7.913385826771654
 31
0.0
  0
TEXT
  5
CF
330
17
100
AcDbEntity
  8
TEXT
100
AcDbText
 10
4.05511811023622
 20
7.905511811023622
 30
0.0
 40
0.048188976377952754
  1
FRIEZE 22
 11
4.05511811023622
 21
7.905511811023622
 31
0.0
100
AcDbText
  0
TEXT
  5
D0
330
17
100
AcDbEntity
  8
TEXT
100
AcDbText
 10
0.7086614173228346
 20
7.047244094488189
 30
0.0
 40
0.09070866141732283
  1
2 · DRAWER RAIL
 11
0.7086614173228346
 21
7.047244094488189
 31
0.0
100
AcDbText
  0
LINE
  5
D1
330
17
100
AcDbEntity
  8
GEOMETRY
100
AcDbLine
 10
0.7086614173228346
 20
6.988188976377953
 30
0.0
 11
2.677165354330709
 21
6.988188976377953
 31
0.0
  0
TEXT
  5
D2
330
17
100
AcDbEntity
  8
TEXT
100
AcDbText
 10
0.7086614173228346
 20
6.858267716535432
 30
0.0
 40
0.048188976377952754
  1
SECTION · SCALE 1:1
 11
0.7086614173228346
 21
6.858267716535432
 31
0.0
100
AcDbText
  0
HATCH
  5
D3
330
17
100
AcDbEntity
  8
HATCH
 62
7
100
AcDbHatch
 10
0.0
 20
0.0
 30
0.0
210
0.0
220
0.0
230
1.0
  2
ANSI31
 70
0
 71
0
 91
1
 92
3
 72
0
 73
1
 93
5
 10
1.889763779527559
 20
6.496062992125984
 10
2.7559055118110236
 20
6.496062992125984
 10
2.7559055118110236
 20
5.393700787401575
 10
1.889763779527559
 20
5.393700787401575
 10
1.889763779527559
 20
6.496062992125984
 97
0
 75
1
 76
1
 52
0.0
 41
0.015748031496062992
 77
0
 78
1
 53
45.0
 43
0.0
 44
0.0
 45
-0.0013919425
 46
0.0013919425
 79
0
 98
0
  0
LWPOLYLINE
  5
D4
330
17
100
AcDbEntity
  8
GEOMETRY
100
AcDbPolyline
 90
5
 70
0
 10
1.889763779527559
 20
6.496062992125985
 10
2.7559055118110236
 20
6.496062992125985
 10
2.7559055118110236
 20
5.393700787401576
 10
1.889763779527559
 20
5.393700787401576
 10
1.889763779527559
 20
6.496062992125985
  0
CIRCLE
  5
D5
330
17
100
AcDbEntity
  8
GEOMETRY
100
AcDbCircle
 10
1.830708661417323
 20
6.437007874015748
 30
0.0
 40
0.05905511811023622
  0
CIRCLE
  5
D6
330
17
100
AcDbEntity
  8
GEOMETRY
100
AcDbCircle
 10
1.830708661417323
 20
5.452755905511811
 30
0.0
 40
0.05905511811023622
  0
HATCH
  5
D7
330
17
100
AcDbEntity
  8
HATCH
 62
7
100
AcDbHatch
 10
0.0
 20
0.0
 30
0.0
210
0.0
220
0.0
230
1.0
  2
ANSI31
 70
0
 71
0
 91
1
 92
3
 72
0
 73
1
 93
76
 10
1.7716535433070866
 20
5.31496062992126
 10
1.7587797335798914
 20
5.314114957886073
 10
1.746179292466246
 20
5.311606631493637
 10
1.734012827166722
 20
5.307478685313646
 10
1.7224409448818898
 20
5.301774153915791
 10
1.7117147346322452
 20
5.294604875586451
 10
1.7020565957251559
 20
5.286132380652798
 10
1.6935841007915016
 20
5.276474241745707
 10
1.6864148224621613
 20
5.265748031496063
 10
1.6807102910643064
 20
5.25417614921123
 10
1.6765823448843156
 20
5.242009683911707
 10
1.6740740184918805
 20
5.229409242798062
 10
1.6732283464566928
 20
5.216535433070866
 10
1.6740740184918805
 20
5.20366162334367
 10
1.6765823448843156
 20
5.191061182230025
 10
1.6807102910643064
 20
5.178894716930502
 10
1.6864148224621613
 20
5.167322834645669
 10
1.6935841007915016
 20
5.156596624396025
 10
1.7020565957251559
 20
5.146938485488935
 10
1.7117147346322452
 20
5.138465990555281
 10
1.7224409448818898
 20
5.13129671222594
 10
1.734012827166722
 20
5.125592180828085
 10
1.746179292466246
 20
5.121464234648095
 10
1.7587797335798914
 20
5.11895590825566
 10
1.7716535433070866
 20
5.118110236220472
 10
1.7587797335798914
 20
5.117264564185286
 10
1.746179292466246
 20
5.114756237792849
 10
1.734012827166722
 20
5.110628291612859
 10
1.7224409448818898
 20
5.104923760215004
 10
1.7117147346322452
 20
5.097754481885664
 10
1.7020565957251559
 20
5.08928198695201
 10
1.6935841007915016
 20
5.07962384804492
 10
1.6864148224621613
 20
5.068897637795276
 10
1.6807102910643064
 20
5.057325755510443
 10
1.6765823448843156
 20
5.045159290210919
 10
1.6740740184918805
 20
5.032558849097274
 10
1.6732283464566928
 20
5.019685039370079
 10
1.6740740184918805
 20
5.006811229642883
 10
1.6765823448843156
 20
4.994210788529238
 10
1.6807102910643064
 20
4.982044323229714
 10
1.6864148224621613
 20
4.9704724409448815
 10
1.6935841007915016
 20
4.959746230695237
 10
1.7020565957251559
 20
4.950088091788148
 10
1.7117147346322452
 20
4.9416155968544935
 10
1.7224409448818898
 20
4.934446318525153
 10
1.734012827166722
 20
4.928741787127298
 10
1.746179292466246
 20
4.924613840947307
 10
1.7587797335798914
 20
4.922105514554872
 10
1.7716535433070866
 20
4.921259842519685
 10
1.7587797335798914
 20
4.920414170484498
 10
1.746179292466246
 20
4.917905844092062
 10
1.734012827166722
 20
4.913777897912072
 10
1.7224409448818898
 20
4.908073366514217
 10
1.7117147346322452
 20
4.900904088184876
 10
1.7020565957251559
 20
4.892431593251223
 10
1.6935841007915016
 20
4.882773454344132
 10
1.6864148224621613
 20
4.872047244094488
 10
1.6807102910643064
 20
4.860475361809655
 10
1.6765823448843156
 20
4.848308896510132
 10
1.6740740184918805
 20
4.835708455396487
 10
1.6732283464566928
 20
4.822834645669292
 10
1.6740740184918805
 20
4.809960835942095
 10
1.6765823448843156
 20
4.79736039482845
 10
1.6807102910643064
 20
4.785193929528927
 10
1.6864148224621613
 20
4.7736220472440944
 10
1.6935841007915016
 20
4.76289583699445
 10
1.7020565957251559
 20
4.75323769808736
 10
1.7117147346322452
 20
4.744765203153706
 10
1.7224409448818898
 20
4.737595924824366
 10
1.734012827166722
 20
4.73189139342651
 10
1.746179292466246
 20
4.72776344724652
 10
1.7587797335798914
 20
4.725255120854085
 10
1.7716535433070866
 20
4.724409448818897
 10
2.637795275590551
 20
4.724409448818897
 10
2.637795275590551
 20
5.31496062992126
 10
1.7716535433070866
 20
5.31496062992126
 97
0
 75
1
 76
1
 52
0.0
 41
0.015748031496062992
 77
0
 78
1
 53
45.0
 43
0.0
 44
0.0
 45
-0.0013919425
 46
0.0013919425
 79
0
 98
0
  0
SPLINE
  5
D8
330
17
100
AcDbEntity
  8
GEOMETRY
100
AcDbSpline
 70
0
 71
3
 72
23
 73
19
 74
0
 40
0.0
 40
0.0
 40
0.0
 40
0.0
 40
1.0
 40
1.0
 40
1.0
 40
2.0
 40
2.0
 40
2.0
 40
3.0
 40
3.0
 40
3.0
 40
4.0
 40
4.0
 40
4.0
 40
5.0
 40
5.0
 40
5.0
 40
6.0
 40
6.0
 40
6.0
 40
6.0
 10
1.7716535433070866
 20
5.31496062992126
 30
0.0
 10
1.7543775989064911
 20
5.31496062992126
 30
0.0
 10
1.737402351607173
 20
5.31041212611609
 30
0.0
 10
1.7224409448818898
 20
5.301774153915792
 30
0.0
 10
1.7074795381566064
 20
5.293136181715495
 30
0.0
 10
1.6950527946624594
 20
5.280709438221347
 30
0.0
 10
1.6864148224621613
 20
5.265748031496064
 30
0.0
 10
1.6777768502618635
 20
5.250786624770781
 30
0.0
 10
1.6732283464566928
 20
5.233811377471462
 30
0.0
 10
1.6732283464566928
 20
5.216535433070867
 30
0.0
 10
1.6732283464566928
 20
5.199259488670271
 30
0.0
 10
1.6777768502618635
 20
5.182284241370954
 30
0.0
 10
1.6864148224621613
 20
5.16732283464567
 30
0.0
 10
1.6950527946624594
 20
5.152361427920386
 30
0.0
 10
1.7074795381566064
 20
5.1399346844262395
 30
0.0
 10
1.7224409448818898
 20
5.131296712225941
 30
0.0
 10
1.737402351607173
 20
5.122658740025644
 30
0.0
 10
1.7543775989064911
 20
5.118110236220473
 30
0.0
 10
1.7716535433070866
 20
5.118110236220473
 30
0.0
  0
SPLINE
  5
D9
330
17
100
AcDbEntity
  8
GEOMETRY
100
AcDbSpline
 70
0
 71
3
 72
23
 73
19
 74
0
 40
0.0
 40
0.0
 40
0.0
 40
0.0
 40
1.0
 40
1.0
 40
1.0
 40
2.0
 40
2.0
 40
2.0
 40
3.0
 40
3.0
 40
3.0
 40
4.0
 40
4.0
 40
4.0
 40
5.0
 40
5.0
 40
5.0
 40
6.0
 40
6.0
 40
6.0
 40
6.0
 10
1.7716535433070866
 20
5.118110236220473
 30
0.0
 10
1.7543775989064911
 20
5.118110236220473
 30
0.0
 10
1.737402351607173
 20
5.113561732415302
 30
0.0
 10
1.7224409448818898
 20
5.104923760215005
 30
0.0
 10
1.7074795381566064
 20
5.096285788014707
 30
0.0
 10
1.6950527946624594
 20
5.08385904452056
 30
0.0
 10
1.6864148224621613
 20
5.068897637795276
 30
0.0
 10
1.6777768502618635
 20
5.053936231069993
 30
0.0
 10
1.6732283464566928
 20
5.036960983770675
 30
0.0
 10
1.6732283464566928
 20
5.01968503937008
 30
0.0
 10
1.6732283464566928
 20
5.002409094969484
 30
0.0
 10
1.6777768502618635
 20
4.985433847670166
 30
0.0
 10
1.6864148224621613
 20
4.970472440944882
 30
0.0
 10
1.6950527946624594
 20
4.955511034219599
 30
0.0
 10
1.7074795381566064
 20
4.9430842907254515
 30
0.0
 10
1.7224409448818898
 20
4.934446318525154
 30
0.0
 10
1.737402351607173
 20
4.925808346324856
 30
0.0
 10
1.7543775989064911
 20
4.921259842519686
 30
0.0
 10
1.7716535433070866
 20
4.921259842519686
 30
0.0
  0
SPLINE
  5
DA
330
17
100
AcDbEntity
  8
GEOMETRY
100
AcDbSpline
 70
0
 71
3
 72
23
 73
19
 74
0
 40
0.0
 40
0.0
 40
0.0
 40
0.0
 40
1.0
 40
1.0
 40
1.0
 40
2.0
 40
2.0
 40
2.0
 40
3.0
 40
3.0
 40
3.0
 40
4.0
 40
4.0
 40
4.0
 40
5.0
 40
5.0
 40
5.0
 40
6.0
 40
6.0
 40
6.0
 40
6.0
 10
1.7716535433070866
 20
4.921259842519686
 30
0.0
 10
1.7543775989064911
 20
4.921259842519686
 30
0.0
 10
1.737402351607173
 20
4.916711338714515
 30
0.0
 10
1.7224409448818898
 20
4.908073366514217
 30
0.0
 10
1.7074795381566064
 20
4.89943539431392
 30
0.0
 10
1.6950527946624594
 20
4.887008650819772
 30
0.0
 10
1.6864148224621613
 20
4.872047244094489
 30
0.0
 10
1.6777768502618635
 20
4.857085837369206
 30
0.0
 10
1.6732283464566928
 20
4.840110590069888
 30
0.0
 10
1.6732283464566928
 20
4.822834645669292
 30
0.0
 10
1.6732283464566928
 20
4.805558701268696
 30
0.0
 10
1.6777768502618635
 20
4.788583453969379
 30
0.0
 10
1.6864148224621613
 20
4.773622047244095
 30
0.0
 10
1.6950527946624594
 20
4.758660640518812
 30
0.0
 10
1.7074795381566064
 20
4.7462338970246645
 30
0.0
 10
1.7224409448818898
 20
4.737595924824366
 30
0.0
 10
1.737402351607173
 20
4.728957952624069
 30
0.0
 10
1.7543775989064911
 20
4.724409448818898
 30
0.0
 10
1.7716535433070866
 20
4.724409448818898
 30
0.0
  0
POLYLINE
  5
DB
330
17
100
AcDbEntity
  8
GEOMETRY
100
AcDb2dPolyline
 66
1
 10
0.0
 20
0.0
 30
0.0
 70
0
  0
VERTEX
  5
DC
330
DB
100
AcDbEntity
  8
GEOMETRY
100
AcDbVertex
100
AcDb2dVertex
 10
1.7716535433070866
 20
4.724409448818898
 30
0.0
 70
0
  0
VERTEX
  5
DD
330
DB
100
AcDbEntity
  8
GEOMETRY
100
AcDbVertex
100
AcDb2dVertex
 10
2.637795275590551
 20
4.724409448818898
 30
0.0
 70
0
  0
VERTEX
  5
DE
330
DB
100
AcDbEntity
  8
GEOMETRY
100
AcDbVertex
100
AcDb2dVertex
 10
2.637795275590551
 20
5.31496062992126
 30
0.0
 70
0
  0
VERTEX
  5
DF
330
DB
100
AcDbEntity
  8
GEOMETRY
100
AcDbVertex
100
AcDb2dVertex
 10
1.7716535433070866
 20
5.31496062992126
 30
0.0
 70
0
  0
SEQEND
  5
E0
330
DB
100
AcDbEntity
  8
GEOMETRY
  0
LWPOLYLINE
  5
E1
330
17
100
AcDbEntity
  8
GEOMETRY
  6
DASHED
100
AcDbPolyline
 90
2
 70
0
 10
2.7559055118110236
 20
5.472440944881891
 10
4.921259842519685
 20
5.472440944881891
  0
LINE
  5
E2
330
17
100
AcDbEntity
  8
GEOMETRY
100
AcDbLine
 10
1.830708661417323
 20
6.437007874015748
 30
0.0
 11
2.952755905511811
 21
6.653543307086614
 31
0.0
  0
TEXT
  5
E3
330
17
100
AcDbEntity
  8
TEXT
100
AcDbText
 10
2.9921259842519685
 20
6.645669291338583
 30
0.0
 40
0.048188976377952754
  1
COCKBEAD Ø3 ROUND DRAWER FRONT
 11
2.9921259842519685
 21
6.645669291338583
 31
0.0
100
AcDbText
  0
LINE
  5
E4
330
17
100
AcDbEntity
  8
GEOMETRY
100
AcDbLine
 10
1.7716535433070866
 20
5.0
 30
0.0
 11
1.574803149606299
 21
4.330708661417323
 31
0.0
  0
TEXT
  5
E5
330
17
100
AcDbEntity
  8
TEXT
100
AcDbText
 10
1.6141732283464567
 20
4.322834645669292
 30
0.0
 40
0.048188976377952754
  1
RAIL 15 HIGH — 3 REEDS
 11
1.6141732283464567
 21
4.322834645669292
 31
0.0
100
AcDbText
  0
TEXT
  5
E6
330
17
100
AcDbEntity
  8
TEXT
100
AcDbText
 10
1.6141732283464567
 20
4.232283464566929
 30
0.0
 40
0.04110236220472441
  1
RUNS FULL WIDTH, ALSO ACROSS KNEEHOLE
 11
1.6141732283464567
 21
4.232283464566929
 31
0.0
100
AcDbText
  0
LINE
  5
E7
330
17
100
AcDbEntity
  8
GEOMETRY
100
AcDbLine
 10
4.133858267716535
 20
5.47244094488189
 30
0.0
 11
4.21259842519685
 21
5.787401574803149
 31
0.0
  0
TEXT
  5
E8
330
17
100
AcDbEntity
  8
TEXT
100
AcDbText
 10
4.251968503937007
 20
5.7795275590551185
 30
0.0
 40
0.048188976377952754
  1
DRAWER BOTTOM
 11
4.251968503937007
 21
5.7795275590551185
 31
0.0
100
AcDbText
  0
TEXT
  5
E9
330
17
100
AcDbEntity
  8
TEXT
100
AcDbText
 10
5.905511811023622
 20
11.023622047244094
 30
0.0
 40
0.09070866141732283
  1
3 · MONITOR CLAMP BAY
 11
5.905511811023622
 21
11.023622047244094
 31
0.0
100
AcDbText
  0
LINE
  5
EA
330
17
100
AcDbEntity
  8
GEOMETRY
100
AcDbLine
 10
5.905511811023622
 20
10.964566929133857
 30
0.0
 11
11.417322834645669
 21
10.964566929133857
 31
0.0
  0
TEXT
  5
EB
330
17
100
AcDbEntity
  8
TEXT
100
AcDbText
 10
5.905511811023622
 20
10.834645669291337
 30
0.0
 40
0.048188976377952754
  1
SECTION AT THE BACK CENTRE · SCALE 1:4 · NO CARVING ON THIS DESK
 11
5.905511811023622
 21
10.834645669291337
 31
0.0
100
AcDbText
  0
HATCH
  5
EC
330
17
100
AcDbEntity
  8
HATCH
 62
7
100
AcDbHatch
 10
0.0
 20
0.0
 30
0.0
210
0.0
220
0.0
230
1.0
  2
ANSI31
 70
0
 71
0
 91
1
 92
3
 72
0
 73
1
 93
102
 10
6.299212598425196
 20
10.118110236220472
 10
7.933070866141732
 20
10.118110236220472
 10
7.933070866141732
 20
10.078740157480315
 10
7.938220390032611
 20
10.078401888666239
 10
7.943260566478068
 20
10.077398558109266
 10
7.948127152597879
 20
10.07574737963727
 10
7.952755905511811
 20
10.073465567078127
 10
7.957046389611668
 20
10.070597855746392
 10
7.960909645174504
 20
10.067208857772929
 10
7.964298643147966
 20
10.063345602210095
 10
7.967166354479702
 20
10.059055118110235
 10
7.969448167038845
 20
10.054426365196303
 10
7.971099345510841
 20
10.049559779076494
 10
7.972102676067815
 20
10.044519602631036
 10
7.97244094488189
 20
10.039370078740157
 10
7.972102676067815
 20
10.034220554849279
 10
7.971099345510841
 20
10.02918037840382
 10
7.969448167038845
 20
10.02431379228401
 10
7.967166354479702
 20
10.019685039370078
 10
7.964298643147966
 20
10.01539455527022
 10
7.960909645174504
 20
10.011531299707386
 10
7.957046389611668
 20
10.008142301733923
 10
7.952755905511811
 20
10.005274590402188
 10
7.948127152597879
 20
10.002992777843044
 10
7.943260566478068
 20
10.001341599371049
 10
7.938220390032611
 20
10.000338268814074
 10
7.933070866141732
 20
10.0
 10
7.938220390032611
 20
9.999661731185924
 10
7.943260566478068
 20
9.998658400628951
 10
7.948127152597879
 20
9.997007222156956
 10
7.952755905511811
 20
9.994725409597812
 10
7.957046389611668
 20
9.991857698266076
 10
7.960909645174504
 20
9.988468700292614
 10
7.964298643147966
 20
9.984605444729779
 10
7.967166354479702
 20
9.98031496062992
 10
7.969448167038845
 20
9.975686207715988
 10
7.971099345510841
 20
9.97081962159618
 10
7.972102676067815
 20
9.965779445150721
 10
7.97244094488189
 20
9.960629921259843
 10
7.972102676067815
 20
9.955480397368964
 10
7.971099345510841
 20
9.950440220923506
 10
7.969448167038845
 20
9.945573634803695
 10
7.967166354479702
 20
9.940944881889763
 10
7.964298643147966
 20
9.936654397789905
 10
7.960909645174504
 20
9.932791142227071
 10
7.957046389611668
 20
9.929402144253608
 10
7.952755905511811
 20
9.926534432921873
 10
7.948127152597879
 20
9.92425262036273
 10
7.943260566478068
 20
9.922601441890734
 10
7.938220390032611
 20
9.92159811133376
 10
7.933070866141732
 20
9.921259842519685
 10
7.938220390032611
 20
9.92092157370561
 10
7.943260566478068
 20
9.919918243148636
 10
7.948127152597879
 20
9.91826706467664
 10
7.952755905511811
 20
9.915985252117498
 10
7.957046389611668
 20
9.91311754078576
 10
7.960909645174504
 20
9.9097285428123
 10
7.964298643147966
 20
9.905865287249464
 10
7.967166354479702
 20
9.901574803149606
 10
7.969448167038845
 20
9.896946050235673
 10
7.971099345510841
 20
9.892079464115865
 10
7.972102676067815
 20
9.887039287670406
 10
7.97244094488189
 20
9.881889763779528
 10
7.972102676067815
 20
9.87674023988865
 10
7.971099345510841
 20
9.87170006344319
 10
7.969448167038845
 20
9.86683347732338
 10
7.967166354479702
 20
9.862204724409448
 10
7.964298643147966
 20
9.85791424030959
 10
7.960909645174504
 20
9.854050984746754
 10
7.957046389611668
 20
9.850661986773293
 10
7.952755905511811
 20
9.847794275441556
 10
7.948127152597879
 20
9.845512462882414
 10
7.943260566478068
 20
9.84386128441042
 10
7.938220390032611
 20
9.842857953853445
 10
7.933070866141732
 20
9.84251968503937
 10
7.938220390032611
 20
9.842181416225294
 10
7.943260566478068
 20
9.841178085668322
 10
7.948127152597879
 20
9.839526907196325
 10
7.952755905511811
 20
9.837245094637183
 10
7.957046389611668
 20
9.834377383305446
 10
7.960909645174504
 20
9.830988385331985
 10
7.964298643147966
 20
9.827125129769149
 10
7.967166354479702
 20
9.82283464566929
 10
7.969448167038845
 20
9.818205892755358
 10
7.971099345510841
 20
9.81333930663555
 10
7.972102676067815
 20
9.808299130190091
 10
7.97244094488189
 20
9.803149606299213
 10
7.972102676067815
 20
9.798000082408334
 10
7.971099345510841
 20
9.792959905962876
 10
7.969448167038845
 20
9.788093319843066
 10
7.967166354479702
 20
9.783464566929133
 10
7.964298643147966
 20
9.779174082829275
 10
7.960909645174504
 20
9.77531082726644
 10
7.957046389611668
 20
9.771921829292978
 10
7.952755905511811
 20
9.769054117961241
 10
7.948127152597879
 20
9.7667723054021
 10
7.943260566478068
 20
9.765121126930104
 10
7.938220390032611
 20
9.76411779637313
 10
7.933070866141732
 20
9.763779527559056
 10
7.933070866141732
 20
9.724409448818898
 10
6.299212598425196
 20
9.724409448818898
 10
6.299212598425196
 20
10.118110236220472
 97
0
 75
1
 76
1
 52
0.0
 41
0.015748031496062992
 77
0
 78
1
 53
45.0
 43
0.0
 44
0.0
 45
-0.0013919425
 46
0.0013919425
 79
0
 98
0
  0
POLYLINE
  5
ED
330
17
100
AcDbEntity
  8
GEOMETRY
100
AcDb2dPolyline
 66
1
 10
0.0
 20
0.0
 30
0.0
 70
0
  0
VERTEX
  5
EE
330
ED
100
AcDbEntity
  8
GEOMETRY
100
AcDbVertex
100
AcDb2dVertex
 10
6.299212598425196
 20
10.118110236220474
 30
0.0
 70
0
  0
VERTEX
  5
EF
330
ED
100
AcDbEntity
  8
GEOMETRY
100
AcDbVertex
100
AcDb2dVertex
 10
7.933070866141732
 20
10.118110236220474
 30
0.0
 70
0
  0
VERTEX
  5
F0
330
ED
100
AcDbEntity
  8
GEOMETRY
100
AcDbVertex
100
AcDb2dVertex
 10
7.933070866141732
 20
10.078740157480315
 30
0.0
 70
0
  0
SEQEND
  5
F1
330
ED
100
AcDbEntity
  8
GEOMETRY
  0
SPLINE
  5
F2
330
17
100
AcDbEntity
  8
GEOMETRY
100
AcDbSpline
 70
0
 71
3
 72
23
 73
19
 74
0
 40
0.0
 40
0.0
 40
0.0
 40
0.0
 40
1.0
 40
1.0
 40
1.0
 40
2.0
 40
2.0
 40
2.0
 40
3.0
 40
3.0
 40
3.0
 40
4.0
 40
4.0
 40
4.0
 40
5.0
 40
5.0
 40
5.0
 40
6.0
 40
6.0
 40
6.0
 40
6.0
 10
7.933070866141732
 20
10.078740157480315
 30
0.0
 10
7.939981243901971
 20
10.078740157480315
 30
0.0
 10
7.946771342821698
 20
10.076920755958247
 30
0.0
 10
7.952755905511811
 20
10.073465567078127
 30
0.0
 10
7.958740468201924
 20
10.07001037819801
 30
0.0
 10
7.963711165599583
 20
10.06503968080035
 30
0.0
 10
7.967166354479702
 20
10.059055118110237
 30
0.0
 10
7.9706215433598215
 20
10.053070555420124
 30
0.0
 10
7.97244094488189
 20
10.046280456500396
 30
0.0
 10
7.97244094488189
 20
10.039370078740157
 30
0.0
 10
7.97244094488189
 20
10.03245970097992
 30
0.0
 10
7.9706215433598215
 20
10.025669602060193
 30
0.0
 10
7.967166354479702
 20
10.01968503937008
 30
0.0
 10
7.963711165599583
 20
10.013700476679967
 30
0.0
 10
7.958740468201924
 20
10.008729779282307
 30
0.0
 10
7.952755905511811
 20
10.005274590402188
 30
0.0
 10
7.946771342821698
 20
10.001819401522068
 30
0.0
 10
7.939981243901971
 20
10.0
 30
0.0
 10
7.933070866141732
 20
10.0
 30
0.0
  0
SPLINE
  5
F3
330
17
100
AcDbEntity
  8
GEOMETRY
100
AcDbSpline
 70
0
 71
3
 72
23
 73
19
 74
0
 40
0.0
 40
0.0
 40
0.0
 40
0.0
 40
1.0
 40
1.0
 40
1.0
 40
2.0
 40
2.0
 40
2.0
 40
3.0
 40
3.0
 40
3.0
 40
4.0
 40
4.0
 40
4.0
 40
5.0
 40
5.0
 40
5.0
 40
6.0
 40
6.0
 40
6.0
 40
6.0
 10
7.933070866141732
 20
10.0
 30
0.0
 10
7.939981243901971
 20
10.0
 30
0.0
 10
7.946771342821698
 20
9.998180598477932
 30
0.0
 10
7.952755905511811
 20
9.994725409597812
 30
0.0
 10
7.958740468201924
 20
9.991270220717695
 30
0.0
 10
7.963711165599583
 20
9.986299523320035
 30
0.0
 10
7.967166354479702
 20
9.980314960629922
 30
0.0
 10
7.9706215433598215
 20
9.97433039793981
 30
0.0
 10
7.97244094488189
 20
9.967540299020081
 30
0.0
 10
7.97244094488189
 20
9.960629921259843
 30
0.0
 10
7.97244094488189
 20
9.953719543499606
 30
0.0
 10
7.9706215433598215
 20
9.946929444579878
 30
0.0
 10
7.967166354479702
 20
9.940944881889765
 30
0.0
 10
7.963711165599583
 20
9.934960319199652
 30
0.0
 10
7.958740468201924
 20
9.929989621801992
 30
0.0
 10
7.952755905511811
 20
9.926534432921873
 30
0.0
 10
7.946771342821698
 20
9.923079244041753
 30
0.0
 10
7.939981243901971
 20
9.921259842519685
 30
0.0
 10
7.933070866141732
 20
9.921259842519685
 30
0.0
  0
SPLINE
  5
F4
330
17
100
AcDbEntity
  8
GEOMETRY
100
AcDbSpline
 70
0
 71
3
 72
23
 73
19
 74
0
 40
0.0
 40
0.0
 40
0.0
 40
0.0
 40
1.0
 40
1.0
 40
1.0
 40
2.0
 40
2.0
 40
2.0
 40
3.0
 40
3.0
 40
3.0
 40
4.0
 40
4.0
 40
4.0
 40
5.0
 40
5.0
 40
5.0
 40
6.0
 40
6.0
 40
6.0
 40
6.0
 10
7.933070866141732
 20
9.921259842519685
 30
0.0
 10
7.939981243901971
 20
9.921259842519685
 30
0.0
 10
7.946771342821698
 20
9.919440440997617
 30
0.0
 10
7.952755905511811
 20
9.915985252117498
 30
0.0
 10
7.958740468201924
 20
9.91253006323738
 30
0.0
 10
7.963711165599583
 20
9.90755936583972
 30
0.0
 10
7.967166354479702
 20
9.901574803149607
 30
0.0
 10
7.9706215433598215
 20
9.895590240459494
 30
0.0
 10
7.97244094488189
 20
9.888800141539766
 30
0.0
 10
7.97244094488189
 20
9.881889763779528
 30
0.0
 10
7.97244094488189
 20
9.874979386019291
 30
0.0
 10
7.9706215433598215
 20
9.868189287099563
 30
0.0
 10
7.967166354479702
 20
9.86220472440945
 30
0.0
 10
7.963711165599583
 20
9.856220161719335
 30
0.0
 10
7.958740468201924
 20
9.851249464321677
 30
0.0
 10
7.952755905511811
 20
9.847794275441558
 30
0.0
 10
7.946771342821698
 20
9.844339086561439
 30
0.0
 10
7.939981243901971
 20
9.84251968503937
 30
0.0
 10
7.933070866141732
 20
9.84251968503937
 30
0.0
  0
SPLINE
  5
F5
330
17
100
AcDbEntity
  8
GEOMETRY
100
AcDbSpline
 70
0
 71
3
 72
23
 73
19
 74
0
 40
0.0
 40
0.0
 40
0.0
 40
0.0
 40
1.0
 40
1.0
 40
1.0
 40
2.0
 40
2.0
 40
2.0
 40
3.0
 40
3.0
 40
3.0
 40
4.0
 40
4.0
 40
4.0
 40
5.0
 40
5.0
 40
5.0
 40
6.0
 40
6.0
 40
6.0
 40
6.0
 10
7.933070866141732
 20
9.84251968503937
 30
0.0
 10
7.939981243901971
 20
9.84251968503937
 30
0.0
 10
7.946771342821698
 20
9.840700283517302
 30
0.0
 10
7.952755905511811
 20
9.837245094637183
 30
0.0
 10
7.958740468201924
 20
9.833789905757063
 30
0.0
 10
7.963711165599583
 20
9.828819208359405
 30
0.0
 10
7.967166354479702
 20
9.822834645669293
 30
0.0
 10
7.9706215433598215
 20
9.81685008297918
 30
0.0
 10
7.97244094488189
 20
9.810059984059452
 30
0.0
 10
7.97244094488189
 20
9.803149606299213
 30
0.0
 10
7.97244094488189
 20
9.796239228538974
 30
0.0
 10
7.9706215433598215
 20
9.789449129619248
 30
0.0
 10
7.967166354479702
 20
9.783464566929135
 30
0.0
 10
7.963711165599583
 20
9.77748000423902
 30
0.0
 10
7.958740468201924
 20
9.772509306841362
 30
0.0
 10
7.952755905511811
 20
9.769054117961243
 30
0.0
 10
7.946771342821698
 20
9.765598929081124
 30
0.0
 10
7.939981243901971
 20
9.763779527559056
 30
0.0
 10
7.933070866141732
 20
9.763779527559056
 30
0.0
  0
POLYLINE
  5
F6
330
17
100
AcDbEntity
  8
GEOMETRY
100
AcDb2dPolyline
 66
1
 10
0.0
 20
0.0
 30
0.0
 70
0
  0
VERTEX
  5
F7
330
F6
100
AcDbEntity
  8
GEOMETRY
100
AcDbVertex
100
AcDb2dVertex
 10
7.933070866141732
 20
9.763779527559056
 30
0.0
 70
0
  0
VERTEX
  5
F8
330
F6
100
AcDbEntity
  8
GEOMETRY
100
AcDbVertex
100
AcDb2dVertex
 10
7.933070866141732
 20
9.724409448818898
 30
0.0
 70
0
  0
VERTEX
  5
F9
330
F6
100
AcDbEntity
  8
GEOMETRY
100
AcDbVertex
100
AcDb2dVertex
 10
6.299212598425196
 20
9.724409448818898
 30
0.0
 70
0
  0
VERTEX
  5
FA
330
F6
100
AcDbEntity
  8
GEOMETRY
100
AcDbVertex
100
AcDb2dVertex
 10
6.299212598425196
 20
10.118110236220474
 30
0.0
 70
0
  0
SEQEND
  5
FB
330
F6
100
AcDbEntity
  8
GEOMETRY
  0
HATCH
  5
FC
330
17
100
AcDbEntity
  8
HATCH
 62
7
100
AcDbHatch
 10
0.0
 20
0.0
 30
0.0
210
0.0
220
0.0
230
1.0
  2
ANSI31
 70
0
 71
0
 91
1
 92
3
 72
0
 73
1
 93
5
 10
6.751968503937007
 20
9.724409448818898
 10
6.968503937007874
 20
9.724409448818898
 10
6.968503937007874
 20
8.838582677165354
 10
6.751968503937007
 20
8.838582677165354
 10
6.751968503937007
 20
9.724409448818898
 97
0
 75
1
 76
1
 52
0.0
 41
0.015748031496062992
 77
0
 78
1
 53
45.0
 43
0.0
 44
0.0
 45
-0.0013919425
 46
0.0013919425
 79
0
 98
0
  0
LWPOLYLINE
  5
FD
330
17
100
AcDbEntity
  8
GEOMETRY
100
AcDbPolyline
 90
5
 70
0
 10
6.751968503937007
 20
9.724409448818898
 10
6.968503937007874
 20
9.724409448818898
 10
6.968503937007874
 20
8.838582677165356
 10
6.751968503937007
 20
8.838582677165356
 10
6.751968503937007
 20
9.724409448818898
  0
HATCH
  5
FE
330
17
100
AcDbEntity
  8
HATCH
 62
7
100
AcDbHatch
 10
0.0
 20
0.0
 30
0.0
210
0.0
220
0.0
230
1.0
  2
ANSI31
 70
0
 71
0
 91
1
 92
3
 72
0
 73
1
 93
5
 10
6.791338582677165
 20
8.838582677165354
 10
6.968503937007874
 20
8.838582677165354
 10
6.968503937007874
 20
8.149606299212598
 10
6.791338582677165
 20
8.149606299212598
 10
6.791338582677165
 20
8.838582677165354
 97
0
 75
1
 76
1
 52
0.0
 41
0.015748031496062992
 77
0
 78
1
 53
45.0
 43
0.0
 44
0.0
 45
-0.0013919425
 46
0.0013919425
 79
0
 98
0
  0
LWPOLYLINE
  5
FF
330
17
100
AcDbEntity
  8
GEOMETRY
100
AcDbPolyline
 90
5
 70
0
 10
6.791338582677165
 20
8.838582677165356
 10
6.968503937007874
 20
8.838582677165356
 10
6.968503937007874
 20
8.1496062992126
 10
6.791338582677165
 20
8.1496062992126
 10
6.791338582677165
 20
8.838582677165356
  0
HATCH
  5
100
330
17
100
AcDbEntity
  8
HATCH
 62
7
100
AcDbHatch
 10
0.0
 20
0.0
 30
0.0
210
0.0
220
0.0
230
1.0
  2
ANSI31
 70
0
 71
0
 91
1
 92
3
 72
0
 73
1
 93
5
 10
6.299212598425196
 20
9.478346456692913
 10
6.446850393700787
 20
9.478346456692913
 10
6.446850393700787
 20
9.045275590551181
 10
6.299212598425196
 20
9.045275590551181
 10
6.299212598425196
 20
9.478346456692913
 97
0
 75
1
 76
1
 52
0.0
 41
0.015748031496062992
 77
0
 78
1
 53
45.0
 43
0.0
 44
0.0
 45
-0.0013919425
 46
0.0013919425
 79
0
 98
0
  0
LWPOLYLINE
  5
101
330
17
100
AcDbEntity
  8
GEOMETRY
100
AcDbPolyline
 90
5
 70
0
 10
6.299212598425196
 20
9.478346456692915
 10
6.446850393700787
 20
9.478346456692915
 10
6.446850393700787
 20
9.045275590551181
 10
6.299212598425196
 20
9.045275590551181
 10
6.299212598425196
 20
9.478346456692915
  0
LWPOLYLINE
  5
102
330
17
100
AcDbEntity
  8
DIMENSIONS
  6
DASHED
100
AcDbPolyline
 90
5
 70
0
 10
7.224409448818897
 20
10.255905511811024
 10
8.26771653543307
 20
10.255905511811024
 10
8.26771653543307
 20
10.118110236220474
 10
7.224409448818897
 20
10.118110236220474
 10
7.224409448818897
 20
10.255905511811024
  0
LWPOLYLINE
  5
103
330
17
100
AcDbEntity
  8
DIMENSIONS
  6
DASHED
100
AcDbPolyline
 90
5
 70
0
 10
8.090551181102363
 20
10.255905511811024
 10
8.26771653543307
 20
10.255905511811024
 10
8.26771653543307
 20
9.133858267716537
 10
8.090551181102363
 20
9.133858267716537
 10
8.090551181102363
 20
10.255905511811024
  0
LWPOLYLINE
  5
104
330
17
100
AcDbEntity
  8
DIMENSIONS
  6
DASHED
100
AcDbPolyline
 90
5
 70
0
 10
7.381889763779528
 20
9.251968503937007
 10
8.26771653543307
 20
9.251968503937007
 10
8.26771653543307
 20
9.133858267716537
 10
7.381889763779528
 20
9.133858267716537
 10
7.381889763779528
 20
9.251968503937007
  0
LINE
  5
105
330
17
100
AcDbEntity
  8
DIMENSIONS
  6
DASHED
100
AcDbLine
 10
7.578740157480315
 20
9.606299212598426
 30
0.0
 11
7.578740157480315
 21
9.251968503937007
 31
0.0
  0
LWPOLYLINE
  5
106
330
17
100
AcDbEntity
  8
DIMENSIONS
  6
DASHED
100
AcDbPolyline
 90
5
 70
0
 10
7.440944881889764
 20
9.724409448818898
 10
7.716535433070866
 20
9.724409448818898
 10
7.716535433070866
 20
9.606299212598426
 10
7.440944881889764
 20
9.606299212598426
 10
7.440944881889764
 20
9.724409448818898
  0
LINE
  5
107
330
17
100
AcDbEntity
  8
DIMENSIONS
  6
DASHED
100
AcDbLine
 10
8.179133858267717
 20
10.255905511811024
 30
0.0
 11
8.179133858267717
 21
10.708661417322835
 31
0.0
  0
LINE
  5
108
330
17
100
AcDbEntity
  8
GEOMETRY
  6
DASHED
100
AcDbLine
 10
8.474409448818898
 20
10.807086614173228
 30
0.0
 11
8.474409448818898
 21
8.051181102362204
 31
0.0
  0
LINE
  5
109
330
17
100
AcDbEntity
  8
DIMENSIONS
100
AcDbLine
 10
6.909448818897638
 20
10.413385826771654
 30
0.0
 11
8.533464566929133
 21
10.413385826771654
 31
0.0
  0
LINE
  5
10A
330
17
100
AcDbEntity
  8
DIMENSIONS
100
AcDbLine
 10
6.968503937007874
 20
10.275590551181102
 30
0.0
 11
6.968503937007874
 21
10.366141732283465
 31
0.0
  0
LINE
  5
10B
330
17
100
AcDbEntity
  8
DIMENSIONS
100
AcDbLine
 10
6.929133858267717
 20
10.374015748031496
 30
0.0
 11
7.0078740157480315
 21
10.452755905511811
 31
0.0
  0
LINE
  5
10C
330
17
100
AcDbEntity
  8
DIMENSIONS
100
AcDbLine
 10
7.97244094488189
 20
10.275590551181102
 30
0.0
 11
7.97244094488189
 21
10.366141732283465
 31
0.0
  0
LINE
  5
10D
330
17
100
AcDbEntity
  8
DIMENSIONS
100
AcDbLine
 10
7.933070866141732
 20
10.374015748031496
 30
0.0
 11
8.011811023622046
 21
10.452755905511811
 31
0.0
  0
LINE
  5
10E
330
17
100
AcDbEntity
  8
DIMENSIONS
100
AcDbLine
 10
8.474409448818898
 20
10.275590551181102
 30
0.0
 11
8.474409448818898
 21
10.366141732283465
 31
0.0
  0
LINE
  5
10F
330
17
100
AcDbEntity
  8
DIMENSIONS
100
AcDbLine
 10
8.43503937007874
 20
10.374015748031496
 30
0.0
 11
8.513779527559056
 21
10.452755905511811
 31
0.0
  0
TEXT
  5
110
330
17
100
AcDbEntity
  8
TEXT
100
AcDbText
 10
7.4704724409448815
 20
10.44488188976378
 30
0.0
 40
0.036850393700787396
  1
4" CLEAR
 72
1
 11
7.4704724409448815
 21
10.44488188976378
 31
0.0
100
AcDbText
  0
TEXT
  5
111
330
17
100
AcDbEntity
  8
TEXT
100
AcDbText
 10
8.223622047244094
 20
10.44488188976378
 30
0.0
 40
0.036850393700787396
  1
2"
 72
1
 11
8.223622047244094
 21
10.44488188976378
 31
0.0
100
AcDbText
  0
LINE
  5
112
330
17
100
AcDbEntity
  8
DIMENSIONS
100
AcDbLine
 10
8.60236220472441
 20
9.783464566929133
 30
0.0
 11
8.60236220472441
 21
8.789370078740157
 31
0.0
  0
LINE
  5
113
330
17
100
AcDbEntity
  8
DIMENSIONS
100
AcDbLine
 10
8.011811023622046
 20
9.724409448818898
 30
0.0
 11
8.649606299212598
 21
9.724409448818898
 31
0.0
  0
LINE
  5
114
330
17
100
AcDbEntity
  8
DIMENSIONS
100
AcDbLine
 10
8.562992125984252
 20
9.68503937007874
 30
0.0
 11
8.641732283464567
 21
9.763779527559056
 31
0.0
  0
LINE
  5
115
330
17
100
AcDbEntity
  8
DIMENSIONS
100
AcDbLine
 10
8.011811023622046
 20
8.848425196850394
 30
0.0
 11
8.649606299212598
 21
8.848425196850394
 31
0.0
  0
LINE
  5
116
330
17
100
AcDbEntity
  8
DIMENSIONS
100
AcDbLine
 10
8.562992125984252
 20
8.809055118110235
 30
0.0
 11
8.641732283464567
 21
8.887795275590552
 31
0.0
  0
TEXT
  5
117
330
17
100
AcDbEntity
  8
TEXT
100
AcDbText
 10
8.570866141732283
 20
9.286220472440945
 30
0.0
 40
0.036850393700787396
  1
3½"
 50
90.0
 72
1
 11
8.570866141732283
 21
9.286220472440945
 31
0.0
100
AcDbText
  0
LINE
  5
118
330
17
100
AcDbEntity
  8
DIMENSIONS
100
AcDbLine
 10
6.141732283464567
 20
10.17716535433071
 30
0.0
 11
6.141732283464567
 21
9.665354330708661
 31
0.0
  0
LINE
  5
119
330
17
100
AcDbEntity
  8
DIMENSIONS
100
AcDbLine
 10
6.259842519685039
 20
10.118110236220472
 30
0.0
 11
6.188976377952756
 21
10.118110236220472
 31
0.0
  0
LINE
  5
11A
330
17
100
AcDbEntity
  8
DIMENSIONS
100
AcDbLine
 10
6.102362204724409
 20
10.078740157480315
 30
0.0
 11
6.181102362204724
 21
10.15748031496063
 31
0.0
  0
LINE
  5
11B
330
17
100
AcDbEntity
  8
DIMENSIONS
100
AcDbLine
 10
6.259842519685039
 20
9.724409448818898
 30
0.0
 11
6.188976377952756
 21
9.724409448818898
 31
0.0
  0
LINE
  5
11C
330
17
100
AcDbEntity
  8
DIMENSIONS
100
AcDbLine
 10
6.102362204724409
 20
9.68503937007874
 30
0.0
 11
6.181102362204724
 21
9.763779527559056
 31
0.0
  0
TEXT
  5
11D
330
17
100
AcDbEntity
  8
TEXT
100
AcDbText
 10
6.110236220472441
 20
9.921259842519685
 30
0.0
 40
0.036850393700787396
  1
1⅝"
 50
90.0
 72
1
 11
6.110236220472441
 21
9.921259842519685
 31
0.0
100
AcDbText
  0
LINE
  5
11E
330
17
100
AcDbEntity
  8
GEOMETRY
100
AcDbLine
 10
7.578740157480315
 20
9.0748031496063
 30
0.0
 11
6.2204724409448815
 21
8.543307086614172
 31
0.0
  0
TEXT
  5
11F
330
17
100
AcDbEntity
  8
TEXT
100
AcDbText
 10
6.181102362204724
 20
8.535433070866143
 30
0.0
 40
0.048188976377952754
  1
CLAMP (DASHED)
 72
2
 11
6.181102362204724
 21
8.535433070866143
 31
0.0
100
AcDbText
  0
TEXT
  5
120
330
17
100
AcDbEntity
  8
TEXT
100
AcDbText
 10
6.181102362204724
 20
8.44488188976378
 30
0.0
 40
0.04110236220472441
  1
BITES 2–3 IN IN; BODY IN THE GAP
 72
2
 11
6.181102362204724
 21
8.44488188976378
 31
0.0
100
AcDbText
  0
LINE
  5
121
330
17
100
AcDbEntity
  8
GEOMETRY
100
AcDbLine
 10
6.860236220472441
 20
9.330708661417322
 30
0.0
 11
6.2204724409448815
 21
9.429133858267717
 31
0.0
  0
TEXT
  5
122
330
17
100
AcDbEntity
  8
TEXT
100
AcDbText
 10
6.181102362204724
 20
9.421259842519685
 30
0.0
 40
0.048188976377952754
  1
BACK RAIL, SET IN 4 IN
 72
2
 11
6.181102362204724
 21
9.421259842519685
 31
0.0
100
AcDbText
  0
TEXT
  5
123
330
17
100
AcDbEntity
  8
TEXT
100
AcDbText
 10
6.181102362204724
 20
9.330708661417322
 30
0.0
 40
0.04110236220472441
  1
AT THE BAY ONLY · 10 IN WIDE
 72
2
 11
6.181102362204724
 21
9.330708661417322
 31
0.0
100
AcDbText
  0
LINE
  5
124
330
17
100
AcDbEntity
  8
GEOMETRY
100
AcDbLine
 10
8.474409448818898
 20
8.248031496062993
 30
0.0
 11
8.631889763779528
 21
7.952755905511811
 31
0.0
  0
TEXT
  5
125
330
17
100
AcDbEntity
  8
TEXT
100
AcDbText
 10
8.671259842519685
 20
7.94488188976378
 30
0.0
 40
0.048188976377952754
  1
GLASS PARTITION
 11
8.671259842519685
 21
7.94488188976378
 31
0.0
100
AcDbText
  0
TEXT
  5
126
330
17
100
AcDbEntity
  8
TEXT
100
AcDbText
 10
8.740157480314961
 20
10.354330708661417
 30
0.0
 40
0.04535433070866141
  1
MONITOR CLAMP BAY — back centre, 10 in wide:
 11
8.740157480314961
 21
10.354330708661417
 31
0.0
100
AcDbText
  0
TEXT
  5
127
330
17
100
AcDbEntity
  8
TEXT
100
AcDbText
 10
8.740157480314961
 20
10.181102362204726
 30
0.0
 40
0.04535433070866141
  1
underside of the top clear 4 in in from the
 11
8.740157480314961
 21
10.181102362204726
 31
0.0
100
AcDbText
  0
TEXT
  5
128
330
17
100
AcDbEntity
  8
TEXT
100
AcDbText
 10
8.740157480314961
 20
10.007874015748031
 30
0.0
 40
0.04535433070866141
  1
back edge and 3½ in down — the cove stops,
 11
8.740157480314961
 21
10.007874015748031
 31
0.0
100
AcDbText
  0
TEXT
  5
129
330
17
100
AcDbEntity
  8
TEXT
100
AcDbText
 10
8.740157480314961
 20
9.834645669291339
 30
0.0
 40
0.04535433070866141
  1
the back rail and modesty panel set in to 4 in,
 11
8.740157480314961
 21
9.834645669291339
 31
0.0
100
AcDbText
  0
TEXT
  5
12A
330
17
100
AcDbEntity
  8
TEXT
100
AcDbText
 10
8.740157480314961
 20
9.661417322834646
 30
0.0
 40
0.04535433070866141
  1
the centre frieze drawer is 1½ in shorter.
 11
8.740157480314961
 21
9.661417322834646
 31
0.0
100
AcDbText
  0
TEXT
  5
12B
330
17
100
AcDbEntity
  8
TEXT
100
AcDbText
 10
8.740157480314961
 20
9.488188976377952
 30
0.0
 40
0.04535433070866141
  1
Clamp body sits in the 2 in gap to the glass.
 11
8.740157480314961
 21
9.488188976377952
 31
0.0
100
AcDbText
  0
TEXT
  5
12C
330
17
100
AcDbEntity
  8
TEXT
100
AcDbText
 10
8.740157480314961
 20
9.31496062992126
 30
0.0
 40
0.04535433070866141
  1
Top 1⅝ in solid teak: inside the grip of common
 11
8.740157480314961
 21
9.31496062992126
 31
0.0
100
AcDbText
  0
TEXT
  5
12D
330
17
100
AcDbEntity
  8
TEXT
100
AcDbText
 10
8.740157480314961
 20
9.141732283464567
 30
0.0
 40
0.04535433070866141
  1
monitor-arm clamps (about ½–3½ in).
 11
8.740157480314961
 21
9.141732283464567
 31
0.0
100
AcDbText
  0
TEXT
  5
12E
330
17
100
AcDbEntity
  8
TEXT
100
AcDbText
 10
8.740157480314961
 20
8.795275590551181
 30
0.0
 40
0.04535433070866141
  1
NO CARVING, NO CORNER MOULDINGS (owner, 2 Oct):
 11
8.740157480314961
 21
8.795275590551181
 31
0.0
100
AcDbText
  0
TEXT
  5
12F
330
17
100
AcDbEntity
  8
TEXT
100
AcDbText
 10
8.740157480314961
 20
8.622047244094489
 30
0.0
 40
0.04535433070866141
  1
consoles, drops, collars and corner beads all
 11
8.740157480314961
 21
8.622047244094489
 31
0.0
100
AcDbText
  0
TEXT
  5
130
330
17
100
AcDbEntity
  8
TEXT
100
AcDbText
 10
8.740157480314961
 20
8.448818897637794
 30
0.0
 40
0.04535433070866141
  1
left out; just the square panel mouldings.
 11
8.740157480314961
 21
8.448818897637794
 31
0.0
100
AcDbText
  0
TEXT
  5
131
330
17
100
AcDbEntity
  8
TEXT
100
AcDbText
 10
11.811023622047244
 20
11.023622047244094
 30
0.0
 40
0.09070866141732283
  1
5 · PEDESTAL DRAWERS
 11
11.811023622047244
 21
11.023622047244094
 31
0.0
100
AcDbText
  0
LINE
  5
132
330
17
100
AcDbEntity
  8
GEOMETRY
100
AcDbLine
 10
11.811023622047244
 20
10.964566929133857
 30
0.0
 11
14.566929133858267
 21
10.964566929133857
 31
0.0
  0
TEXT
  5
133
330
17
100
AcDbEntity
  8
TEXT
100
AcDbText
 10
11.811023622047244
 20
10.834645669291337
 30
0.0
 40
0.048188976377952754
  1
RIGHT PEDESTAL FRONT · SCALE 1:10 · THREE EACH SIDE
 11
11.811023622047244
 21
10.834645669291337
 31
0.0
100
AcDbText
  0
LWPOLYLINE
  5
134
330
17
100
AcDbEntity
  8
GEOMETRY
100
AcDbPolyline
 90
5
 70
0
 10
12.007874015748031
 20
10.511811023622048
 10
14.21259842519685
 20
10.511811023622048
 10
14.21259842519685
 20
8.385826771653544
 10
12.007874015748031
 20
8.385826771653544
 10
12.007874015748031
 20
10.511811023622048
  0
LINE
  5
135
330
17
100
AcDbEntity
  8
GEOMETRY
100
AcDbLine
 10
12.15748031496063
 20
10.511811023622046
 30
0.0
 11
12.15748031496063
 21
8.385826771653543
 31
0.0
  0
LINE
  5
136
330
17
100
AcDbEntity
  8
GEOMETRY
100
AcDbLine
 10
14.062992125984254
 20
10.511811023622046
 30
0.0
 11
14.062992125984254
 21
8.385826771653543
 31
0.0
  0
LWPOLYLINE
  5
137
330
17
100
AcDbEntity
  8
GEOMETRY
100
AcDbPolyline
 90
5
 70
0
 10
12.196850393700787
 20
10.46456692913386
 10
14.023622047244096
 20
10.46456692913386
 10
14.023622047244096
 20
9.913385826771654
 10
12.196850393700787
 20
9.913385826771654
 10
12.196850393700787
 20
10.46456692913386
  0
LWPOLYLINE
  5
138
330
17
100
AcDbEntity
  8
GEOMETRY
100
AcDbPolyline
 90
5
 70
0
 10
12.212598425196852
 20
10.448818897637796
 10
14.007874015748033
 20
10.448818897637796
 10
14.007874015748033
 20
9.929133858267717
 10
12.212598425196852
 20
9.929133858267717
 10
12.212598425196852
 20
10.448818897637796
  0
CIRCLE
  5
139
330
17
100
AcDbEntity
  8
GEOMETRY
100
AcDbCircle
 10
12.933070866141732
 20
10.228346456692913
 30
0.0
 40
0.031496062992125984
  0
CIRCLE
  5
13A
330
17
100
AcDbEntity
  8
GEOMETRY
100
AcDbCircle
 10
13.28740157480315
 20
10.228346456692913
 30
0.0
 40
0.031496062992125984
  0
CIRCLE
  5
13B
330
17
100
AcDbEntity
  8
GEOMETRY
100
AcDbCircle
 10
12.933070866141732
 20
10.228346456692913
 30
0.0
 40
0.011811023622047246
  0
CIRCLE
  5
13C
330
17
100
AcDbEntity
  8
GEOMETRY
100
AcDbCircle
 10
13.28740157480315
 20
10.228346456692913
 30
0.0
 40
0.011811023622047246
  0
SPLINE
  5
13D
330
17
100
AcDbEntity
  8
GEOMETRY
100
AcDbSpline
 70
0
 71
3
 72
8
 73
4
 74
0
 40
0.0
 40
0.0
 40
0.0
 40
0.0
 40
1.0
 40
1.0
 40
1.0
 40
1.0
 10
12.933070866141732
 20
10.216535433070867
 30
0.0
 10
12.933070866141732
 20
10.173228346456693
 30
0.0
 10
12.968503937007872
 20
10.181102362204724
 30
0.0
 10
12.992125984251969
 20
10.149606299212598
 30
0.0
  0
SPLINE
  5
13E
330
17
100
AcDbEntity
  8
GEOMETRY
100
AcDbSpline
 70
0
 71
3
 72
11
 73
7
 74
0
 40
0.0
 40
0.0
 40
0.0
 40
0.0
 40
1.0
 40
1.0
 40
1.0
 40
2.0
 40
2.0
 40
2.0
 40
2.0
 10
12.992125984251969
 20
10.149606299212598
 30
0.0
 10
13.015748031496063
 20
10.122047244094489
 30
0.0
 10
13.062992125984252
 20
10.125984251968504
 30
0.0
 10
13.11023622047244
 20
10.125984251968504
 30
0.0
 10
13.157480314960631
 20
10.125984251968504
 30
0.0
 10
13.204724409448819
 20
10.122047244094489
 30
0.0
 10
13.228346456692913
 20
10.149606299212598
 30
0.0
  0
SPLINE
  5
13F
330
17
100
AcDbEntity
  8
GEOMETRY
100
AcDbSpline
 70
0
 71
3
 72
8
 73
4
 74
0
 40
0.0
 40
0.0
 40
0.0
 40
0.0
 40
1.0
 40
1.0
 40
1.0
 40
1.0
 10
13.228346456692913
 20
10.149606299212598
 30
0.0
 10
13.25196850393701
 20
10.181102362204724
 30
0.0
 10
13.28740157480315
 20
10.173228346456693
 30
0.0
 10
13.28740157480315
 20
10.216535433070867
 30
0.0
  0
SPLINE
  5
140
330
17
100
AcDbEntity
  8
GEOMETRY
100
AcDbSpline
 70
0
 71
3
 72
23
 73
19
 74
0
 40
0.0
 40
0.0
 40
0.0
 40
0.0
 40
1.0
 40
1.0
 40
1.0
 40
2.0
 40
2.0
 40
2.0
 40
3.0
 40
3.0
 40
3.0
 40
4.0
 40
4.0
 40
4.0
 40
5.0
 40
5.0
 40
5.0
 40
6.0
 40
6.0
 40
6.0
 40
6.0
 10
13.090551181102361
 20
10.401574803149607
 30
0.0
 10
13.090551181102361
 20
10.405029992029727
 30
0.0
 10
13.091460881863396
 20
10.40842504148959
 30
0.0
 10
13.093188476303457
 20
10.411417322834646
 30
0.0
 10
13.094916070743515
 20
10.414409604179703
 30
0.0
 10
13.097401419442344
 20
10.416894952878533
 30
0.0
 10
13.100393700787402
 20
10.418622547318591
 30
0.0
 10
13.103385982132458
 20
10.420350141758652
 30
0.0
 10
13.106781031592323
 20
10.421259842519685
 30
0.0
 10
13.11023622047244
 20
10.421259842519685
 30
0.0
 10
13.113691409352558
 20
10.421259842519685
 30
0.0
 10
13.117086458812423
 20
10.420350141758652
 30
0.0
 10
13.12007874015748
 20
10.418622547318591
 30
0.0
 10
13.123071021502538
 20
10.416894952878533
 30
0.0
 10
13.125556370201366
 20
10.414409604179703
 30
0.0
 10
13.127283964641425
 20
10.411417322834646
 30
0.0
 10
13.129011559081485
 20
10.40842504148959
 30
0.0
 10
13.12992125984252
 20
10.405029992029727
 30
0.0
 10
13.12992125984252
 20
10.401574803149607
 30
0.0
  0
POLYLINE
  5
141
330
17
100
AcDbEntity
  8
GEOMETRY
100
AcDb2dPolyline
 66
1
 10
0.0
 20
0.0
 30
0.0
 70
0
  0
VERTEX
  5
142
330
141
100
AcDbEntity
  8
GEOMETRY
100
AcDbVertex
100
AcDb2dVertex
 10
13.12992125984252
 20
10.401574803149607
 30
0.0
 70
0
  0
VERTEX
  5
143
330
141
100
AcDbEntity
  8
GEOMETRY
100
AcDbVertex
100
AcDb2dVertex
 10
13.137795275590554
 20
10.36220472440945
 30
0.0
 70
0
  0
VERTEX
  5
144
330
141
100
AcDbEntity
  8
GEOMETRY
100
AcDbVertex
100
AcDb2dVertex
 10
13.082677165354331
 20
10.36220472440945
 30
0.0
 70
0
  0
VERTEX
  5
145
330
141
100
AcDbEntity
  8
GEOMETRY
100
AcDbVertex
100
AcDb2dVertex
 10
13.090551181102361
 20
10.401574803149607
 30
0.0
 70
0
  0
SEQEND
  5
146
330
141
100
AcDbEntity
  8
GEOMETRY
  0
LWPOLYLINE
  5
147
330
17
100
AcDbEntity
  8
GEOMETRY
100
AcDbPolyline
 90
5
 70
0
 10
12.196850393700787
 20
9.84251968503937
 10
14.023622047244096
 20
9.84251968503937
 10
14.023622047244096
 20
9.212598425196852
 10
12.196850393700787
 20
9.212598425196852
 10
12.196850393700787
 20
9.84251968503937
  0
LWPOLYLINE
  5
148
330
17
100
AcDbEntity
  8
GEOMETRY
100
AcDbPolyline
 90
5
 70
0
 10
12.212598425196852
 20
9.826771653543307
 10
14.007874015748033
 20
9.826771653543307
 10
14.007874015748033
 20
9.228346456692913
 10
12.212598425196852
 20
9.228346456692913
 10
12.212598425196852
 20
9.826771653543307
  0
CIRCLE
  5
149
330
17
100
AcDbEntity
  8
GEOMETRY
100
AcDbCircle
 10
12.933070866141732
 20
9.566929133858267
 30
0.0
 40
0.031496062992125984
  0
CIRCLE
  5
14A
330
17
100
AcDbEntity
  8
GEOMETRY
100
AcDbCircle
 10
13.28740157480315
 20
9.566929133858267
 30
0.0
 40
0.031496062992125984
  0
CIRCLE
  5
14B
330
17
100
AcDbEntity
  8
GEOMETRY
100
AcDbCircle
 10
12.933070866141732
 20
9.566929133858267
 30
0.0
 40
0.011811023622047246
  0
CIRCLE
  5
14C
330
17
100
AcDbEntity
  8
GEOMETRY
100
AcDbCircle
 10
13.28740157480315
 20
9.566929133858267
 30
0.0
 40
0.011811023622047246
  0
SPLINE
  5
14D
330
17
100
AcDbEntity
  8
GEOMETRY
100
AcDbSpline
 70
0
 71
3
 72
8
 73
4
 74
0
 40
0.0
 40
0.0
 40
0.0
 40
0.0
 40
1.0
 40
1.0
 40
1.0
 40
1.0
 10
12.933070866141732
 20
9.55511811023622
 30
0.0
 10
12.933070866141732
 20
9.511811023622048
 30
0.0
 10
12.968503937007872
 20
9.51968503937008
 30
0.0
 10
12.992125984251969
 20
9.488188976377954
 30
0.0
  0
SPLINE
  5
14E
330
17
100
AcDbEntity
  8
GEOMETRY
100
AcDbSpline
 70
0
 71
3
 72
11
 73
7
 74
0
 40
0.0
 40
0.0
 40
0.0
 40
0.0
 40
1.0
 40
1.0
 40
1.0
 40
2.0
 40
2.0
 40
2.0
 40
2.0
 10
12.992125984251969
 20
9.488188976377954
 30
0.0
 10
13.015748031496063
 20
9.460629921259843
 30
0.0
 10
13.062992125984252
 20
9.46456692913386
 30
0.0
 10
13.11023622047244
 20
9.46456692913386
 30
0.0
 10
13.157480314960631
 20
9.46456692913386
 30
0.0
 10
13.204724409448819
 20
9.460629921259843
 30
0.0
 10
13.228346456692913
 20
9.488188976377954
 30
0.0
  0
SPLINE
  5
14F
330
17
100
AcDbEntity
  8
GEOMETRY
100
AcDbSpline
 70
0
 71
3
 72
8
 73
4
 74
0
 40
0.0
 40
0.0
 40
0.0
 40
0.0
 40
1.0
 40
1.0
 40
1.0
 40
1.0
 10
13.228346456692913
 20
9.488188976377954
 30
0.0
 10
13.25196850393701
 20
9.51968503937008
 30
0.0
 10
13.28740157480315
 20
9.511811023622048
 30
0.0
 10
13.28740157480315
 20
9.55511811023622
 30
0.0
  0
SPLINE
  5
150
330
17
100
AcDbEntity
  8
GEOMETRY
100
AcDbSpline
 70
0
 71
3
 72
23
 73
19
 74
0
 40
0.0
 40
0.0
 40
0.0
 40
0.0
 40
1.0
 40
1.0
 40
1.0
 40
2.0
 40
2.0
 40
2.0
 40
3.0
 40
3.0
 40
3.0
 40
4.0
 40
4.0
 40
4.0
 40
5.0
 40
5.0
 40
5.0
 40
6.0
 40
6.0
 40
6.0
 40
6.0
 10
13.090551181102361
 20
9.779527559055119
 30
0.0
 10
13.090551181102361
 20
9.782982747935238
 30
0.0
 10
13.091460881863396
 20
9.786377797395101
 30
0.0
 10
13.093188476303457
 20
9.789370078740157
 30
0.0
 10
13.094916070743515
 20
9.792362360085214
 30
0.0
 10
13.097401419442344
 20
9.794847708784044
 30
0.0
 10
13.100393700787402
 20
9.796575303224104
 30
0.0
 10
13.103385982132458
 20
9.798302897664163
 30
0.0
 10
13.106781031592323
 20
9.799212598425198
 30
0.0
 10
13.11023622047244
 20
9.799212598425198
 30
0.0
 10
13.113691409352558
 20
9.799212598425198
 30
0.0
 10
13.117086458812423
 20
9.798302897664163
 30
0.0
 10
13.12007874015748
 20
9.796575303224104
 30
0.0
 10
13.123071021502538
 20
9.794847708784044
 30
0.0
 10
13.125556370201366
 20
9.792362360085214
 30
0.0
 10
13.127283964641425
 20
9.789370078740157
 30
0.0
 10
13.129011559081485
 20
9.786377797395101
 30
0.0
 10
13.12992125984252
 20
9.782982747935238
 30
0.0
 10
13.12992125984252
 20
9.779527559055119
 30
0.0
  0
POLYLINE
  5
151
330
17
100
AcDbEntity
  8
GEOMETRY
100
AcDb2dPolyline
 66
1
 10
0.0
 20
0.0
 30
0.0
 70
0
  0
VERTEX
  5
152
330
151
100
AcDbEntity
  8
GEOMETRY
100
AcDbVertex
100
AcDb2dVertex
 10
13.12992125984252
 20
9.779527559055119
 30
0.0
 70
0
  0
VERTEX
  5
153
330
151
100
AcDbEntity
  8
GEOMETRY
100
AcDbVertex
100
AcDb2dVertex
 10
13.137795275590554
 20
9.740157480314961
 30
0.0
 70
0
  0
VERTEX
  5
154
330
151
100
AcDbEntity
  8
GEOMETRY
100
AcDbVertex
100
AcDb2dVertex
 10
13.082677165354331
 20
9.740157480314961
 30
0.0
 70
0
  0
VERTEX
  5
155
330
151
100
AcDbEntity
  8
GEOMETRY
100
AcDbVertex
100
AcDb2dVertex
 10
13.090551181102361
 20
9.779527559055119
 30
0.0
 70
0
  0
SEQEND
  5
156
330
151
100
AcDbEntity
  8
GEOMETRY
  0
LWPOLYLINE
  5
157
330
17
100
AcDbEntity
  8
GEOMETRY
100
AcDbPolyline
 90
5
 70
0
 10
12.196850393700787
 20
9.141732283464567
 10
14.023622047244096
 20
9.141732283464567
 10
14.023622047244096
 20
8.433070866141733
 10
12.196850393700787
 20
8.433070866141733
 10
12.196850393700787
 20
9.141732283464567
  0
LWPOLYLINE
  5
158
330
17
100
AcDbEntity
  8
GEOMETRY
100
AcDbPolyline
 90
5
 70
0
 10
12.212598425196852
 20
9.125984251968504
 10
14.007874015748033
 20
9.125984251968504
 10
14.007874015748033
 20
8.448818897637796
 10
12.212598425196852
 20
8.448818897637796
 10
12.212598425196852
 20
9.125984251968504
  0
CIRCLE
  5
159
330
17
100
AcDbEntity
  8
GEOMETRY
100
AcDbCircle
 10
12.933070866141732
 20
8.826771653543307
 30
0.0
 40
0.031496062992125984
  0
CIRCLE
  5
15A
330
17
100
AcDbEntity
  8
GEOMETRY
100
AcDbCircle
 10
13.28740157480315
 20
8.826771653543307
 30
0.0
 40
0.031496062992125984
  0
CIRCLE
  5
15B
330
17
100
AcDbEntity
  8
GEOMETRY
100
AcDbCircle
 10
12.933070866141732
 20
8.826771653543307
 30
0.0
 40
0.011811023622047246
  0
CIRCLE
  5
15C
330
17
100
AcDbEntity
  8
GEOMETRY
100
AcDbCircle
 10
13.28740157480315
 20
8.826771653543307
 30
0.0
 40
0.011811023622047246
  0
SPLINE
  5
15D
330
17
100
AcDbEntity
  8
GEOMETRY
100
AcDbSpline
 70
0
 71
3
 72
8
 73
4
 74
0
 40
0.0
 40
0.0
 40
0.0
 40
0.0
 40
1.0
 40
1.0
 40
1.0
 40
1.0
 10
12.933070866141732
 20
8.814960629921261
 30
0.0
 10
12.933070866141732
 20
8.771653543307087
 30
0.0
 10
12.968503937007872
 20
8.779527559055119
 30
0.0
 10
12.992125984251969
 20
8.748031496062993
 30
0.0
  0
SPLINE
  5
15E
330
17
100
AcDbEntity
  8
GEOMETRY
100
AcDbSpline
 70
0
 71
3
 72
11
 73
7
 74
0
 40
0.0
 40
0.0
 40
0.0
 40
0.0
 40
1.0
 40
1.0
 40
1.0
 40
2.0
 40
2.0
 40
2.0
 40
2.0
 10
12.992125984251969
 20
8.748031496062993
 30
0.0
 10
13.015748031496063
 20
8.720472440944881
 30
0.0
 10
13.062992125984252
 20
8.724409448818898
 30
0.0
 10
13.11023622047244
 20
8.724409448818898
 30
0.0
 10
13.157480314960631
 20
8.724409448818898
 30
0.0
 10
13.204724409448819
 20
8.720472440944881
 30
0.0
 10
13.228346456692913
 20
8.748031496062993
 30
0.0
  0
SPLINE
  5
15F
330
17
100
AcDbEntity
  8
GEOMETRY
100
AcDbSpline
 70
0
 71
3
 72
8
 73
4
 74
0
 40
0.0
 40
0.0
 40
0.0
 40
0.0
 40
1.0
 40
1.0
 40
1.0
 40
1.0
 10
13.228346456692913
 20
8.748031496062993
 30
0.0
 10
13.25196850393701
 20
8.779527559055119
 30
0.0
 10
13.28740157480315
 20
8.771653543307087
 30
0.0
 10
13.28740157480315
 20
8.814960629921261
 30
0.0
  0
SPLINE
  5
160
330
17
100
AcDbEntity
  8
GEOMETRY
100
AcDbSpline
 70
0
 71
3
 72
23
 73
19
 74
0
 40
0.0
 40
0.0
 40
0.0
 40
0.0
 40
1.0
 40
1.0
 40
1.0
 40
2.0
 40
2.0
 40
2.0
 40
3.0
 40
3.0
 40
3.0
 40
4.0
 40
4.0
 40
4.0
 40
5.0
 40
5.0
 40
5.0
 40
6.0
 40
6.0
 40
6.0
 40
6.0
 10
13.090551181102361
 20
9.078740157480315
 30
0.0
 10
13.090551181102361
 20
9.082195346360434
 30
0.0
 10
13.091460881863396
 20
9.085590395820297
 30
0.0
 10
13.093188476303457
 20
9.088582677165356
 30
0.0
 10
13.094916070743515
 20
9.09157495851041
 30
0.0
 10
13.097401419442344
 20
9.09406030720924
 30
0.0
 10
13.100393700787402
 20
9.0957879016493
 30
0.0
 10
13.103385982132458
 20
9.097515496089361
 30
0.0
 10
13.106781031592323
 20
9.098425196850394
 30
0.0
 10
13.11023622047244
 20
9.098425196850394
 30
0.0
 10
13.113691409352558
 20
9.098425196850394
 30
0.0
 10
13.117086458812423
 20
9.097515496089361
 30
0.0
 10
13.12007874015748
 20
9.0957879016493
 30
0.0
 10
13.123071021502538
 20
9.09406030720924
 30
0.0
 10
13.125556370201366
 20
9.09157495851041
 30
0.0
 10
13.127283964641425
 20
9.088582677165356
 30
0.0
 10
13.129011559081485
 20
9.085590395820297
 30
0.0
 10
13.12992125984252
 20
9.082195346360434
 30
0.0
 10
13.12992125984252
 20
9.078740157480315
 30
0.0
  0
POLYLINE
  5
161
330
17
100
AcDbEntity
  8
GEOMETRY
100
AcDb2dPolyline
 66
1
 10
0.0
 20
0.0
 30
0.0
 70
0
  0
VERTEX
  5
162
330
161
100
AcDbEntity
  8
GEOMETRY
100
AcDbVertex
100
AcDb2dVertex
 10
13.12992125984252
 20
9.078740157480315
 30
0.0
 70
0
  0
VERTEX
  5
163
330
161
100
AcDbEntity
  8
GEOMETRY
100
AcDbVertex
100
AcDb2dVertex
 10
13.137795275590554
 20
9.039370078740157
 30
0.0
 70
0
  0
VERTEX
  5
164
330
161
100
AcDbEntity
  8
GEOMETRY
100
AcDbVertex
100
AcDb2dVertex
 10
13.082677165354331
 20
9.039370078740157
 30
0.0
 70
0
  0
VERTEX
  5
165
330
161
100
AcDbEntity
  8
GEOMETRY
100
AcDbVertex
100
AcDb2dVertex
 10
13.090551181102361
 20
9.078740157480315
 30
0.0
 70
0
  0
SEQEND
  5
166
330
161
100
AcDbEntity
  8
GEOMETRY
  0
LWPOLYLINE
  5
167
330
17
100
AcDbEntity
  8
GEOMETRY
100
AcDbPolyline
 90
5
 70
0
 10
11.948818897637794
 20
8.385826771653544
 10
14.271653543307087
 20
8.385826771653544
 10
14.271653543307087
 20
8.070866141732285
 10
11.948818897637794
 20
8.070866141732285
 10
11.948818897637794
 20
8.385826771653544
  0
LINE
  5
168
330
17
100
AcDbEntity
  8
DIMENSIONS
100
AcDbLine
 10
14.448818897637794
 20
10.523622047244094
 30
0.0
 11
14.448818897637794
 21
8.374015748031496
 31
0.0
  0
LINE
  5
169
330
17
100
AcDbEntity
  8
DIMENSIONS
100
AcDbLine
 10
14.251968503937007
 20
10.46456692913386
 30
0.0
 11
14.496062992125983
 21
10.46456692913386
 31
0.0
  0
LINE
  5
16A
330
17
100
AcDbEntity
  8
DIMENSIONS
100
AcDbLine
 10
14.409448818897637
 20
10.425196850393702
 30
0.0
 11
14.488188976377952
 21
10.503937007874017
 31
0.0
  0
LINE
  5
16B
330
17
100
AcDbEntity
  8
DIMENSIONS
100
AcDbLine
 10
14.251968503937007
 20
9.913385826771654
 30
0.0
 11
14.496062992125983
 21
9.913385826771654
 31
0.0
  0
LINE
  5
16C
330
17
100
AcDbEntity
  8
DIMENSIONS
100
AcDbLine
 10
14.409448818897637
 20
9.874015748031496
 30
0.0
 11
14.488188976377952
 21
9.952755905511811
 31
0.0
  0
LINE
  5
16D
330
17
100
AcDbEntity
  8
DIMENSIONS
100
AcDbLine
 10
14.251968503937007
 20
9.84251968503937
 30
0.0
 11
14.496062992125983
 21
9.84251968503937
 31
0.0
  0
LINE
  5
16E
330
17
100
AcDbEntity
  8
DIMENSIONS
100
AcDbLine
 10
14.409448818897637
 20
9.803149606299213
 30
0.0
 11
14.488188976377952
 21
9.881889763779528
 31
0.0
  0
LINE
  5
16F
330
17
100
AcDbEntity
  8
DIMENSIONS
100
AcDbLine
 10
14.251968503937007
 20
9.21259842519685
 30
0.0
 11
14.496062992125983
 21
9.21259842519685
 31
0.0
  0
LINE
  5
170
330
17
100
AcDbEntity
  8
DIMENSIONS
100
AcDbLine
 10
14.409448818897637
 20
9.173228346456693
 30
0.0
 11
14.488188976377952
 21
9.251968503937007
 31
0.0
  0
LINE
  5
171
330
17
100
AcDbEntity
  8
DIMENSIONS
100
AcDbLine
 10
14.251968503937007
 20
9.141732283464567
 30
0.0
 11
14.496062992125983
 21
9.141732283464567
 31
0.0
  0
LINE
  5
172
330
17
100
AcDbEntity
  8
DIMENSIONS
100
AcDbLine
 10
14.409448818897637
 20
9.10236220472441
 30
0.0
 11
14.488188976377952
 21
9.181102362204724
 31
0.0
  0
LINE
  5
173
330
17
100
AcDbEntity
  8
DIMENSIONS
100
AcDbLine
 10
14.251968503937007
 20
8.433070866141732
 30
0.0
 11
14.496062992125983
 21
8.433070866141732
 31
0.0
  0
LINE
  5
174
330
17
100
AcDbEntity
  8
DIMENSIONS
100
AcDbLine
 10
14.409448818897637
 20
8.393700787401574
 30
0.0
 11
14.488188976377952
 21
8.472440944881889
 31
0.0
  0
TEXT
  5
175
330
17
100
AcDbEntity
  8
TEXT
100
AcDbText
 10
14.417322834645669
 20
10.188976377952756
 30
0.0
 40
0.03401574803149606
  1
5½"
 50
90.0
 72
1
 11
14.417322834645669
 21
10.188976377952756
 31
0.0
100
AcDbText
  0
TEXT
  5
176
330
17
100
AcDbEntity
  8
TEXT
100
AcDbText
 10
14.417322834645669
 20
9.877952755905511
 30
0.0
 40
0.03401574803149606
  1
¾"
 50
90.0
 72
1
 11
14.417322834645669
 21
9.877952755905511
 31
0.0
100
AcDbText
  0
TEXT
  5
177
330
17
100
AcDbEntity
  8
TEXT
100
AcDbText
 10
14.417322834645669
 20
9.52755905511811
 30
0.0
 40
0.03401574803149606
  1
6¼"
 50
90.0
 72
1
 11
14.417322834645669
 21
9.52755905511811
 31
0.0
100
AcDbText
  0
TEXT
  5
178
330
17
100
AcDbEntity
  8
TEXT
100
AcDbText
 10
14.417322834645669
 20
9.17716535433071
 30
0.0
 40
0.03401574803149606
  1
¾"
 50
90.0
 72
1
 11
14.417322834645669
 21
9.17716535433071
 31
0.0
100
AcDbText
  0
TEXT
  5
179
330
17
100
AcDbEntity
  8
TEXT
100
AcDbText
 10
14.417322834645669
 20
8.787401574803148
 30
0.0
 40
0.03401574803149606
  1
7⅛"
 50
90.0
 72
1
 11
14.417322834645669
 21
8.787401574803148
 31
0.0
100
AcDbText
  0
LINE
  5
17A
330
17
100
AcDbEntity
  8
DIMENSIONS
100
AcDbLine
 10
12.137795275590552
 20
10.62992125984252
 30
0.0
 11
14.08267716535433
 21
10.62992125984252
 31
0.0
  0
LINE
  5
17B
330
17
100
AcDbEntity
  8
DIMENSIONS
100
AcDbLine
 10
12.196850393700787
 20
10.531496062992126
 30
0.0
 11
12.196850393700787
 21
10.582677165354331
 31
0.0
  0
LINE
  5
17C
330
17
100
AcDbEntity
  8
DIMENSIONS
100
AcDbLine
 10
12.15748031496063
 20
10.590551181102363
 30
0.0
 11
12.236220472440944
 21
10.669291338582678
 31
0.0
  0
LINE
  5
17D
330
17
100
AcDbEntity
  8
DIMENSIONS
100
AcDbLine
 10
14.023622047244094
 20
10.531496062992126
 30
0.0
 11
14.023622047244094
 21
10.582677165354331
 31
0.0
  0
LINE
  5
17E
330
17
100
AcDbEntity
  8
DIMENSIONS
100
AcDbLine
 10
13.984251968503937
 20
10.590551181102363
 30
0.0
 11
14.062992125984252
 21
10.669291338582678
 31
0.0
  0
TEXT
  5
17F
330
17
100
AcDbEntity
  8
TEXT
100
AcDbText
 10
13.11023622047244
 20
10.661417322834646
 30
0.0
 40
0.036850393700787396
  1
1'-6¼" WIDE
 72
1
 11
13.11023622047244
 21
10.661417322834646
 31
0.0
100
AcDbText
  0
TEXT
  5
180
330
17
100
AcDbEntity
  8
TEXT
100
AcDbText
 10
14.724409448818898
 20
10.346456692913387
 30
0.0
 40
0.04110236220472441
  1
GRADUATED —
 11
14.724409448818898
 21
10.346456692913387
 31
0.0
100
AcDbText
  0
TEXT
  5
181
330
17
100
AcDbEntity
  8
TEXT
100
AcDbText
 10
14.724409448818898
 20
10.228346456692913
 30
0.0
 40
0.04110236220472441
  1
SHALLOWEST AT THE TOP
 11
14.724409448818898
 21
10.228346456692913
 31
0.0
100
AcDbText
  0
TEXT
  5
182
330
17
100
AcDbEntity
  8
TEXT
100
AcDbText
 10
14.724409448818898
 20
10.031496062992126
 30
0.0
 40
0.04110236220472441
  1
COCKBEADED FRONTS,
 11
14.724409448818898
 21
10.031496062992126
 31
0.0
100
AcDbText
  0
TEXT
  5
183
330
17
100
AcDbEntity
  8
TEXT
100
AcDbText
 10
14.724409448818898
 20
9.913385826771654
 30
0.0
 40
0.04110236220472441
  1
SWAN-NECK HANDLE (6),
 11
14.724409448818898
 21
9.913385826771654
 31
0.0
100
AcDbText
  0
TEXT
  5
184
330
17
100
AcDbEntity
  8
TEXT
100
AcDbText
 10
14.724409448818898
 20
9.795275590551181
 30
0.0
 40
0.04110236220472441
  1
KEYHOLE ON EACH
 11
14.724409448818898
 21
9.795275590551181
 31
0.0
100
AcDbText
  0
TEXT
  5
185
330
17
100
AcDbEntity
  8
TEXT
100
AcDbText
 10
14.724409448818898
 20
9.598425196850394
 30
0.0
 40
0.04110236220472441
  1
SAME ON THE LEFT
 11
14.724409448818898
 21
9.598425196850394
 31
0.0
100
AcDbText
  0
TEXT
  5
186
330
17
100
AcDbEntity
  8
TEXT
100
AcDbText
 10
14.724409448818898
 20
9.480314960629922
 30
0.0
 40
0.04110236220472441
  1
PEDESTAL, MIRRORED
 11
14.724409448818898
 21
9.480314960629922
 31
0.0
100
AcDbText
  0
TEXT
  5
187
330
17
100
AcDbEntity
  8
TEXT
100
AcDbText
 10
11.811023622047244
 20
7.755905511811023
 30
0.0
 40
0.09070866141732283
  1
6 · DRAWER HANDLE
 11
11.811023622047244
 21
7.755905511811023
 31
0.0
100
AcDbText
  0
LINE
  5
188
330
17
100
AcDbEntity
  8
GEOMETRY
100
AcDbLine
 10
11.811023622047244
 20
7.696850393700787
 30
0.0
 11
13.976377952755906
 21
7.696850393700787
 31
0.0
  0
TEXT
  5
189
330
17
100
AcDbEntity
  8
TEXT
100
AcDbText
 10
11.811023622047244
 20
7.566929133858268
 30
0.0
 40
0.048188976377952754
  1
ELEVATION · SCALE 1:1
 11
11.811023622047244
 21
7.566929133858268
 31
0.0
100
AcDbText
  0
CIRCLE
  5
18A
330
17
100
AcDbEntity
  8
GEOMETRY
100
AcDbCircle
 10
12.007874015748031
 20
6.968503937007874
 30
0.0
 40
0.31496062992125984
  0
CIRCLE
  5
18B
330
17
100
AcDbEntity
  8
GEOMETRY
100
AcDbCircle
 10
15.551181102362204
 20
6.968503937007874
 30
0.0
 40
0.31496062992125984
  0
CIRCLE
  5
18C
330
17
100
AcDbEntity
  8
GEOMETRY
100
AcDbCircle
 10
12.007874015748031
 20
6.968503937007874
 30
0.0
 40
0.11811023622047244
  0
CIRCLE
  5
18D
330
17
100
AcDbEntity
  8
GEOMETRY
100
AcDbCircle
 10
15.551181102362204
 20
6.968503937007874
 30
0.0
 40
0.11811023622047244
  0
SPLINE
  5
18E
330
17
100
AcDbEntity
  8
GEOMETRY
100
AcDbSpline
 70
0
 71
3
 72
8
 73
4
 74
0
 40
0.0
 40
0.0
 40
0.0
 40
0.0
 40
1.0
 40
1.0
 40
1.0
 40
1.0
 10
12.007874015748031
 20
6.850393700787402
 30
0.0
 10
12.007874015748031
 20
6.41732283464567
 30
0.0
 10
12.362204724409448
 20
6.496062992125985
 30
0.0
 10
12.598425196850393
 20
6.181102362204725
 30
0.0
  0
SPLINE
  5
18F
330
17
100
AcDbEntity
  8
GEOMETRY
100
AcDbSpline
 70
0
 71
3
 72
11
 73
7
 74
0
 40
0.0
 40
0.0
 40
0.0
 40
0.0
 40
1.0
 40
1.0
 40
1.0
 40
2.0
 40
2.0
 40
2.0
 40
2.0
 10
12.598425196850393
 20
6.181102362204725
 30
0.0
 10
12.834645669291339
 20
5.905511811023623
 30
0.0
 10
13.307086614173228
 20
5.9448818897637805
 30
0.0
 10
13.779527559055119
 20
5.9448818897637805
 30
0.0
 10
14.251968503937007
 20
5.9448818897637805
 30
0.0
 10
14.724409448818898
 20
5.905511811023623
 30
0.0
 10
14.960629921259843
 20
6.181102362204725
 30
0.0
  0
SPLINE
  5
190
330
17
100
AcDbEntity
  8
GEOMETRY
100
AcDbSpline
 70
0
 71
3
 72
8
 73
4
 74
0
 40
0.0
 40
0.0
 40
0.0
 40
0.0
 40
1.0
 40
1.0
 40
1.0
 40
1.0
 10
14.960629921259843
 20
6.181102362204725
 30
0.0
 10
15.196850393700787
 20
6.496062992125985
 30
0.0
 10
15.551181102362204
 20
6.41732283464567
 30
0.0
 10
15.551181102362204
 20
6.850393700787402
 30
0.0
  0
LINE
  5
191
330
17
100
AcDbEntity
  8
DIMENSIONS
100
AcDbLine
 10
11.948818897637794
 20
7.440944881889764
 30
0.0
 11
15.61023622047244
 21
7.440944881889764
 31
0.0
  0
LINE
  5
192
330
17
100
AcDbEntity
  8
DIMENSIONS
100
AcDbLine
 10
12.007874015748031
 20
7.283464566929133
 30
0.0
 11
12.007874015748031
 21
7.393700787401575
 31
0.0
  0
LINE
  5
193
330
17
100
AcDbEntity
  8
DIMENSIONS
100
AcDbLine
 10
11.968503937007874
 20
7.4015748031496065
 30
0.0
 11
12.047244094488189
 21
7.480314960629921
 31
0.0
  0
LINE
  5
194
330
17
100
AcDbEntity
  8
DIMENSIONS
100
AcDbLine
 10
15.551181102362204
 20
7.283464566929133
 30
0.0
 11
15.551181102362204
 21
7.393700787401575
 31
0.0
  0
LINE
  5
195
330
17
100
AcDbEntity
  8
DIMENSIONS
100
AcDbLine
 10
15.511811023622046
 20
7.4015748031496065
 30
0.0
 11
15.590551181102361
 21
7.480314960629921
 31
0.0
  0
TEXT
  5
196
330
17
100
AcDbEntity
  8
TEXT
100
AcDbText
 10
13.779527559055119
 20
7.47244094488189
 30
0.0
 40
0.048188976377952754
  1
3½" CENTRES
 72
1
 11
13.779527559055119
 21
7.47244094488189
 31
0.0
100
AcDbText
  0
LINE
  5
197
330
17
100
AcDbEntity
  8
GEOMETRY
100
AcDbLine
 10
12.007874015748031
 20
7.283464566929133
 30
0.0
 11
11.496062992125983
 21
7.519685039370079
 31
0.0
  0
TEXT
  5
198
330
17
100
AcDbEntity
  8
TEXT
100
AcDbText
 10
11.456692913385826
 20
7.511811023622047
 30
0.0
 40
0.048188976377952754
  1
ROSETTE POST Ø16
 72
2
 11
11.456692913385826
 21
7.511811023622047
 31
0.0
100
AcDbText
  0
LINE
  5
199
330
17
100
AcDbEntity
  8
GEOMETRY
100
AcDbLine
 10
14.566929133858267
 20
5.94488188976378
 30
0.0
 11
15.354330708661417
 21
5.47244094488189
 31
0.0
  0
TEXT
  5
19A
330
17
100
AcDbEntity
  8
TEXT
100
AcDbText
 10
15.393700787401574
 20
5.464566929133858
 30
0.0
 40
0.048188976377952754
  1
SWAN-NECK BAIL
 11
15.393700787401574
 21
5.464566929133858
 31
0.0
100
AcDbText
  0
TEXT
  5
19B
330
17
100
AcDbEntity
  8
TEXT
100
AcDbText
 10
15.393700787401574
 20
5.374015748031496
 30
0.0
 40
0.04110236220472441
  1
POLISHED BRASS
 11
15.393700787401574
 21
5.374015748031496
 31
0.0
100
AcDbText
  0
TEXT
  5
19C
330
17
100
AcDbEntity
  8
TEXT
100
AcDbText
 10
5.905511811023622
 20
6.574803149606299
 30
0.0
 40
0.09070866141732283
  1
7 · PLINTH
 11
5.905511811023622
 21
6.574803149606299
 31
0.0
100
AcDbText
  0
LINE
  5
19D
330
17
100
AcDbEntity
  8
GEOMETRY
100
AcDbLine
 10
5.905511811023622
 20
6.515748031496063
 30
0.0
 11
7.480314960629921
 21
6.515748031496063
 31
0.0
  0
TEXT
  5
19E
330
17
100
AcDbEntity
  8
TEXT
100
AcDbText
 10
5.905511811023622
 20
6.385826771653543
 30
0.0
 40
0.048188976377952754
  1
SECTION · SCALE 1:2
 11
5.905511811023622
 21
6.385826771653543
 31
0.0
100
AcDbText
  0
HATCH
  5
19F
330
17
100
AcDbEntity
  8
HATCH
 62
7
100
AcDbHatch
 10
0.0
 20
0.0
 30
0.0
210
0.0
220
0.0
230
1.0
  2
ANSI31
 70
0
 71
0
 91
1
 92
3
 72
0
 73
1
 93
13
 10
7.18503937007874
 20
5.708661417322834
 10
8.070866141732283
 20
5.708661417322834
 10
8.070866141732283
 20
4.133858267716535
 10
6.889763779527559
 20
4.133858267716535
 10
6.889763779527559
 20
5.275590551181102
 10
6.908833661417323
 20
5.345103346456693
 10
6.953740157480315
 20
5.388779527559055
 10
7.006028543307086
 20
5.425073818897638
 10
7.047244094488189
 20
5.47244094488189
 10
7.085383858267717
 20
5.5204232283464565
 10
7.130905511811023
 20
5.561023622047244
 10
7.169045275590551
 20
5.616387795275591
 10
7.18503937007874
 20
5.708661417322834
 97
0
 75
1
 76
1
 52
0.0
 41
0.015748031496062992
 77
0
 78
1
 53
45.0
 43
0.0
 44
0.0
 45
-0.0013919425
 46
0.0013919425
 79
0
 98
0
  0
POLYLINE
  5
1A0
330
17
100
AcDbEntity
  8
GEOMETRY
100
AcDb2dPolyline
 66
1
 10
0.0
 20
0.0
 30
0.0
 70
0
  0
VERTEX
  5
1A1
330
1A0
100
AcDbEntity
  8
GEOMETRY
100
AcDbVertex
100
AcDb2dVertex
 10
7.18503937007874
 20
5.708661417322835
 30
0.0
 70
0
  0
VERTEX
  5
1A2
330
1A0
100
AcDbEntity
  8
GEOMETRY
100
AcDbVertex
100
AcDb2dVertex
 10
8.070866141732283
 20
5.708661417322835
 30
0.0
 70
0
  0
VERTEX
  5
1A3
330
1A0
100
AcDbEntity
  8
GEOMETRY
100
AcDbVertex
100
AcDb2dVertex
 10
8.070866141732283
 20
4.133858267716536
 30
0.0
 70
0
  0
VERTEX
  5
1A4
330
1A0
100
AcDbEntity
  8
GEOMETRY
100
AcDbVertex
100
AcDb2dVertex
 10
6.889763779527559
 20
4.133858267716536
 30
0.0
 70
0
  0
VERTEX
  5
1A5
330
1A0
100
AcDbEntity
  8
GEOMETRY
100
AcDbVertex
100
AcDb2dVertex
 10
6.889763779527559
 20
5.275590551181103
 30
0.0
 70
0
  0
SEQEND
  5
1A6
330
1A0
100
AcDbEntity
  8
GEOMETRY
  0
SPLINE
  5
1A7
330
17
100
AcDbEntity
  8
GEOMETRY
100
AcDbSpline
 70
0
 71
3
 72
11
 73
7
 74
0
 40
0.0
 40
0.0
 40
0.0
 40
0.0
 40
1.0
 40
1.0
 40
1.0
 40
2.0
 40
2.0
 40
2.0
 40
2.0
 10
6.889763779527559
 20
5.275590551181103
 30
0.0
 10
6.889763779527559
 20
5.393700787401576
 30
0.0
 10
7.0078740157480315
 20
5.393700787401576
 30
0.0
 10
7.047244094488189
 20
5.472440944881891
 30
0.0
 10
7.086614173228346
 20
5.5511811023622055
 30
0.0
 10
7.18503937007874
 20
5.5511811023622055
 30
0.0
 10
7.18503937007874
 20
5.708661417322835
 30
0.0
  0
LWPOLYLINE
  5
1A8
330
17
100
AcDbEntity
  8
GEOMETRY
100
AcDbPolyline
 90
2
 70
0
 10
7.18503937007874
 20
6.496062992125985
 10
7.18503937007874
 20
5.708661417322835
  0
LWPOLYLINE
  5
1A9
330
17
100
AcDbEntity
  8
GEOMETRY
100
AcDbPolyline
 90
2
 70
0
 10
8.070866141732283
 20
6.496062992125985
 10
8.070866141732283
 20
5.807086614173229
  0
LINE
  5
1AA
330
17
100
AcDbEntity
  8
GEOMETRY
100
AcDbLine
 10
7.0078740157480315
 20
5.47244094488189
 30
0.0
 11
6.496062992125984
 21
5.787401574803149
 31
0.0
  0
TEXT
  5
1AB
330
17
100
AcDbEntity
  8
TEXT
100
AcDbText
 10
6.456692913385827
 20
5.7795275590551185
 30
0.0
 40
0.048188976377952754
  1
OGEE TOP MOULD
 72
2
 11
6.456692913385827
 21
5.7795275590551185
 31
0.0
100
AcDbText
  0
LINE
  5
1AC
330
17
100
AcDbEntity
  8
DIMENSIONS
100
AcDbLine
 10
6.830708661417323
 20
3.937007874015748
 30
0.0
 11
7.244094488188976
 21
3.937007874015748
 31
0.0
  0
LINE
  5
1AD
330
17
100
AcDbEntity
  8
DIMENSIONS
100
AcDbLine
 10
6.889763779527559
 20
4.094488188976378
 30
0.0
 11
6.889763779527559
 21
3.8897637795275593
 31
0.0
  0
LINE
  5
1AE
330
17
100
AcDbEntity
  8
DIMENSIONS
100
AcDbLine
 10
6.850393700787402
 20
3.8976377952755903
 30
0.0
 11
6.929133858267717
 21
3.9763779527559056
 31
0.0
  0
LINE
  5
1AF
330
17
100
AcDbEntity
  8
DIMENSIONS
100
AcDbLine
 10
7.18503937007874
 20
4.094488188976378
 30
0.0
 11
7.18503937007874
 21
3.8897637795275593
 31
0.0
  0
LINE
  5
1B0
330
17
100
AcDbEntity
  8
DIMENSIONS
100
AcDbLine
 10
7.145669291338582
 20
3.8976377952755903
 30
0.0
 11
7.224409448818897
 21
3.9763779527559056
 31
0.0
  0
TEXT
  5
1B1
330
17
100
AcDbEntity
  8
TEXT
100
AcDbText
 10
7.037401574803149
 20
3.9685039370078745
 30
0.0
 40
0.04251968503937008
  1
⅝"
 72
1
 11
7.037401574803149
 21
3.9685039370078745
 31
0.0
100
AcDbText
  0
LINE
  5
1B2
330
17
100
AcDbEntity
  8
DIMENSIONS
100
AcDbLine
 10
8.307086614173228
 20
5.76771653543307
 30
0.0
 11
8.307086614173228
 21
4.074803149606299
 31
0.0
  0
LINE
  5
1B3
330
17
100
AcDbEntity
  8
DIMENSIONS
100
AcDbLine
 10
8.11023622047244
 20
5.708661417322834
 30
0.0
 11
8.354330708661417
 21
5.708661417322834
 31
0.0
  0
LINE
  5
1B4
330
17
100
AcDbEntity
  8
DIMENSIONS
100
AcDbLine
 10
8.26771653543307
 20
5.669291338582677
 30
0.0
 11
8.346456692913385
 21
5.748031496062992
 31
0.0
  0
LINE
  5
1B5
330
17
100
AcDbEntity
  8
DIMENSIONS
100
AcDbLine
 10
8.11023622047244
 20
4.133858267716535
 30
0.0
 11
8.354330708661417
 21
4.133858267716535
 31
0.0
  0
LINE
  5
1B6
330
17
100
AcDbEntity
  8
DIMENSIONS
100
AcDbLine
 10
8.26771653543307
 20
4.094488188976378
 30
0.0
 11
8.346456692913385
 21
4.173228346456693
 31
0.0
  0
TEXT
  5
1B7
330
17
100
AcDbEntity
  8
TEXT
100
AcDbText
 10
8.275590551181102
 20
4.921259842519685
 30
0.0
 40
0.04251968503937008
  1
3⅛"
 50
90.0
 72
1
 11
8.275590551181102
 21
4.921259842519685
 31
0.0
100
AcDbText
  0
LINE
  5
1B8
330
17
100
AcDbEntity
  8
GEOMETRY
100
AcDbLine
 10
7.18503937007874
 20
6.102362204724409
 30
0.0
 11
7.677165354330708
 21
6.338582677165355
 31
0.0
  0
TEXT
  5
1B9
330
17
100
AcDbEntity
  8
TEXT
100
AcDbText
 10
7.716535433070866
 20
6.330708661417323
 30
0.0
 40
0.048188976377952754
  1
PEDESTAL CARCASE ABOVE
 11
7.716535433070866
 21
6.330708661417323
 31
0.0
100
AcDbText
  0
TEXT
  5
1BA
330
17
100
AcDbEntity
  8
TEXT
100
AcDbText
 10
0.7086614173228346
 20
3.622047244094488
 30
0.0
 40
0.09070866141732283
  1
8 · CORNER — SQUARE, PLAIN
 11
0.7086614173228346
 21
3.622047244094488
 31
0.0
100
AcDbText
  0
LINE
  5
1BB
330
17
100
AcDbEntity
  8
GEOMETRY
100
AcDbLine
 10
0.7086614173228346
 20
3.562992125984252
 30
0.0
 11
4.251968503937007
 21
3.562992125984252
 31
0.0
  0
TEXT
  5
1BC
330
17
100
AcDbEntity
  8
TEXT
100
AcDbText
 10
0.7086614173228346
 20
3.433070866141732
 30
0.0
 40
0.048188976377952754
  1
PLAN · SCALE 1:4 · ALL FOUR CORNERS · EVERY LAYER TURNS 90°
 11
0.7086614173228346
 21
3.433070866141732
 31
0.0
100
AcDbText
  0
LWPOLYLINE
  5
1BD
330
17
100
AcDbEntity
  8
GEOMETRY
100
AcDbPolyline
 90
2
 70
0
 10
2.440944881889764
 20
3.1102362204724407
 10
4.9015748031496065
 20
3.1102362204724407
  0
LWPOLYLINE
  5
1BE
330
17
100
AcDbEntity
  8
GEOMETRY
100
AcDbPolyline
 90
2
 70
0
 10
2.440944881889764
 20
0.6496062992125984
 10
2.440944881889764
 20
3.1102362204724407
  0
LWPOLYLINE
  5
1BF
330
17
100
AcDbEntity
  8
GEOMETRY
100
AcDbPolyline
 90
2
 70
0
 10
2.5
 20
3.0511811023622046
 10
4.9015748031496065
 20
3.0511811023622046
  0
LWPOLYLINE
  5
1C0
330
17
100
AcDbEntity
  8
GEOMETRY
100
AcDbPolyline
 90
2
 70
0
 10
2.5
 20
0.6496062992125984
 10
2.5
 20
3.0511811023622046
  0
LWPOLYLINE
  5
1C1
330
17
100
AcDbEntity
  8
GEOMETRY
  6
DASHED
100
AcDbPolyline
 90
2
 70
0
 10
2.736220472440945
 20
2.8149606299212597
 10
4.9015748031496065
 20
2.8149606299212597
  0
LWPOLYLINE
  5
1C2
330
17
100
AcDbEntity
  8
GEOMETRY
  6
DASHED
100
AcDbPolyline
 90
2
 70
0
 10
2.736220472440945
 20
0.6496062992125984
 10
2.736220472440945
 20
2.8149606299212597
  0
LWPOLYLINE
  5
1C3
330
17
100
AcDbEntity
  8
GEOMETRY
  6
DASHED
100
AcDbPolyline
 90
2
 70
0
 10
2.588582677165354
 20
2.9625984251968505
 10
4.9015748031496065
 20
2.9625984251968505
  0
LWPOLYLINE
  5
1C4
330
17
100
AcDbEntity
  8
GEOMETRY
  6
DASHED
100
AcDbPolyline
 90
2
 70
0
 10
2.588582677165354
 20
0.6496062992125984
 10
2.588582677165354
 20
2.9625984251968505
  0
LINE
  5
1C5
330
17
100
AcDbEntity
  8
GEOMETRY
100
AcDbLine
 10
2.440944881889764
 20
3.1102362204724407
 30
0.0
 11
2.2440944881889764
 21
3.2283464566929134
 31
0.0
  0
TEXT
  5
1C6
330
17
100
AcDbEntity
  8
TEXT
100
AcDbText
 10
2.204724409448819
 20
3.2204724409448824
 30
0.0
 40
0.048188976377952754
  1
SQUARE CORNER
 72
2
 11
2.204724409448819
 21
3.2204724409448824
 31
0.0
100
AcDbText
  0
TEXT
  5
1C7
330
17
100
AcDbEntity
  8
TEXT
100
AcDbText
 10
2.204724409448819
 20
3.1299212598425195
 30
0.0
 40
0.04110236220472441
  1
TOP, FRIEZE, PEDESTAL, PLINTH — ALL 90°
 72
2
 11
2.204724409448819
 21
3.1299212598425195
 31
0.0
100
AcDbText
  0
LINE
  5
1C8
330
17
100
AcDbEntity
  8
GEOMETRY
100
AcDbLine
 10
2.470472440944882
 20
2.97244094488189
 30
0.0
 11
2.2440944881889764
 21
2.97244094488189
 31
0.0
  0
TEXT
  5
1C9
330
17
100
AcDbEntity
  8
TEXT
100
AcDbText
 10
2.204724409448819
 20
2.9645669291338588
 30
0.0
 40
0.048188976377952754
  1
REEDED EDGE
 72
2
 11
2.204724409448819
 21
2.9645669291338588
 31
0.0
100
AcDbText
  0
TEXT
  5
1CA
330
17
100
AcDbEntity
  8
TEXT
100
AcDbText
 10
2.204724409448819
 20
2.874015748031496
 30
0.0
 40
0.04110236220472441
  1
MITRED ROUND THE CORNER
 72
2
 11
2.204724409448819
 21
2.874015748031496
 31
0.0
100
AcDbText
  0
LINE
  5
1CB
330
17
100
AcDbEntity
  8
GEOMETRY
100
AcDbLine
 10
2.736220472440945
 20
2.6181102362204722
 30
0.0
 11
2.2440944881889764
 21
2.5098425196850394
 31
0.0
  0
TEXT
  5
1CC
330
17
100
AcDbEntity
  8
TEXT
100
AcDbText
 10
2.204724409448819
 20
2.5019685039370083
 30
0.0
 40
0.048188976377952754
  1
PLAIN CORNER
 72
2
 11
2.204724409448819
 21
2.5019685039370083
 31
0.0
100
AcDbText
  0
TEXT
  5
1CD
330
17
100
AcDbEntity
  8
TEXT
100
AcDbText
 10
2.204724409448819
 20
2.411417322834646
 30
0.0
 40
0.04110236220472441
  1
NO MOULDING — 1½ IN STILES
 72
2
 11
2.204724409448819
 21
2.411417322834646
 31
0.0
100
AcDbText
  0
LINE
  5
1CE
330
17
100
AcDbEntity
  8
GEOMETRY
100
AcDbLine
 10
3.326771653543307
 20
2.8149606299212597
 30
0.0
 11
5.059055118110236
 21
2.5196850393700787
 31
0.0
  0
TEXT
  5
1CF
330
17
100
AcDbEntity
  8
TEXT
100
AcDbText
 10
5.0984251968503935
 20
2.5118110236220477
 30
0.0
 40
0.048188976377952754
  1
FRIEZE + PEDESTAL FACE
 11
5.0984251968503935
 21
2.5118110236220477
 31
0.0
100
AcDbText
  0
TEXT
  5
1D0
330
17
100
AcDbEntity
  8
TEXT
100
AcDbText
 10
5.0984251968503935
 20
2.421259842519685
 30
0.0
 40
0.04110236220472441
  1
DASHED — 30 IN FROM THE TOP
 11
5.0984251968503935
 21
2.421259842519685
 31
0.0
100
AcDbText
  0
LINE
  5
1D1
330
17
100
AcDbEntity
  8
GEOMETRY
100
AcDbLine
 10
3.4744094488188977
 20
2.9625984251968505
 30
0.0
 11
5.059055118110236
 21
2.1259842519685037
 31
0.0
  0
TEXT
  5
1D2
330
17
100
AcDbEntity
  8
TEXT
100
AcDbText
 10
5.0984251968503935
 20
2.1181102362204727
 30
0.0
 40
0.048188976377952754
  1
PLINTH
 11
5.0984251968503935
 21
2.1181102362204727
 31
0.0
100
AcDbText
  0
TEXT
  5
1D3
330
17
100
AcDbEntity
  8
TEXT
100
AcDbText
 10
5.0984251968503935
 20
2.02755905511811
 30
0.0
 40
0.04110236220472441
  1
PROJECTS 15, MITRED
 11
5.0984251968503935
 21
2.02755905511811
 31
0.0
100
AcDbText
  0
LINE
  5
1D4
330
17
100
AcDbEntity
  8
DIMENSIONS
100
AcDbLine
 10
2.3818897637795273
 20
0.4921259842519685
 30
0.0
 11
3.1692913385826773
 21
0.4921259842519685
 31
0.0
  0
LINE
  5
1D5
330
17
100
AcDbEntity
  8
DIMENSIONS
100
AcDbLine
 10
2.440944881889764
 20
0.610236220472441
 30
0.0
 11
2.440944881889764
 21
0.44488188976377996
 31
0.0
  0
LINE
  5
1D6
330
17
100
AcDbEntity
  8
DIMENSIONS
100
AcDbLine
 10
2.4015748031496065
 20
0.452755905511811
 30
0.0
 11
2.4803149606299213
 21
0.5314960629921259
 31
0.0
  0
LINE
  5
1D7
330
17
100
AcDbEntity
  8
DIMENSIONS
100
AcDbLine
 10
2.736220472440945
 20
0.610236220472441
 30
0.0
 11
2.736220472440945
 21
0.44488188976377996
 31
0.0
  0
LINE
  5
1D8
330
17
100
AcDbEntity
  8
DIMENSIONS
100
AcDbLine
 10
2.6968503937007875
 20
0.452755905511811
 30
0.0
 11
2.7755905511811023
 21
0.5314960629921259
 31
0.0
  0
LINE
  5
1D9
330
17
100
AcDbEntity
  8
DIMENSIONS
100
AcDbLine
 10
3.1102362204724407
 20
0.610236220472441
 30
0.0
 11
3.1102362204724407
 21
0.44488188976377996
 31
0.0
  0
LINE
  5
1DA
330
17
100
AcDbEntity
  8
DIMENSIONS
100
AcDbLine
 10
3.0708661417322833
 20
0.452755905511811
 30
0.0
 11
3.149606299212598
 21
0.5314960629921259
 31
0.0
  0
TEXT
  5
1DB
330
17
100
AcDbEntity
  8
TEXT
100
AcDbText
 10
2.588582677165354
 20
0.5236220472440949
 30
0.0
 40
0.03968503937007874
  1
1⅛"
 72
1
 11
2.588582677165354
 21
0.5236220472440949
 31
0.0
100
AcDbText
  0
TEXT
  5
1DC
330
17
100
AcDbEntity
  8
TEXT
100
AcDbText
 10
2.923228346456693
 20
0.5236220472440949
 30
0.0
 40
0.03968503937007874
  1
1½" STILE
 72
1
 11
2.923228346456693
 21
0.5236220472440949
 31
0.0
100
AcDbText
  0
TEXT
  5
1DD
330
17
100
AcDbEntity
  8
TEXT
100
AcDbText
 10
8.346456692913385
 20
4.606299212598425
 30
0.0
 40
0.09070866141732283
  1
8B · CORNER ELEVATION
 11
8.346456692913385
 21
4.606299212598425
 31
0.0
100
AcDbText
  0
LINE
  5
1DE
330
17
100
AcDbEntity
  8
GEOMETRY
100
AcDbLine
 10
8.346456692913385
 20
4.547244094488189
 30
0.0
 11
10.708661417322835
 21
4.547244094488189
 31
0.0
  0
TEXT
  5
1DF
330
17
100
AcDbEntity
  8
TEXT
100
AcDbText
 10
8.346456692913385
 20
4.4173228346456686
 30
0.0
 40
0.048188976377952754
  1
FRONT LEFT CORNER · SCALE 1:10 · SQUARE
 11
8.346456692913385
 21
4.4173228346456686
 31
0.0
100
AcDbText
  0
LWPOLYLINE
  5
1E0
330
17
100
AcDbEntity
  8
GEOMETRY
100
AcDbPolyline
 90
2
 70
0
 10
8.740157480314961
 20
3.9763779527559056
 10
9.413385826771654
 20
3.9763779527559056
  0
LWPOLYLINE
  5
1E1
330
17
100
AcDbEntity
  8
GEOMETRY
100
AcDbPolyline
 90
3
 70
0
 10
9.413385826771654
 20
3.8188976377952755
 10
8.740157480314961
 20
3.8188976377952755
 10
8.740157480314961
 20
3.9763779527559056
  0
LWPOLYLINE
  5
1E2
330
17
100
AcDbEntity
  8
GEOMETRY
100
AcDbPolyline
 90
2
 70
0
 10
8.740157480314961
 20
3.944881889763779
 10
9.413385826771654
 20
3.944881889763779
  0
LWPOLYLINE
  5
1E3
330
17
100
AcDbEntity
  8
GEOMETRY
100
AcDbPolyline
 90
2
 70
0
 10
8.740157480314961
 20
3.9133858267716537
 10
9.413385826771654
 20
3.9133858267716537
  0
LWPOLYLINE
  5
1E4
330
17
100
AcDbEntity
  8
GEOMETRY
100
AcDbPolyline
 90
2
 70
0
 10
8.740157480314961
 20
3.8818897637795273
 10
9.413385826771654
 20
3.8818897637795273
  0
LWPOLYLINE
  5
1E5
330
17
100
AcDbEntity
  8
GEOMETRY
100
AcDbPolyline
 90
2
 70
0
 10
8.740157480314961
 20
3.850393700787402
 10
9.413385826771654
 20
3.850393700787402
  0
LWPOLYLINE
  5
1E6
330
17
100
AcDbEntity
  8
GEOMETRY
100
AcDbPolyline
 90
2
 70
0
 10
8.858267716535433
 20
3.8188976377952755
 10
9.413385826771654
 20
3.8188976377952755
  0
LWPOLYLINE
  5
1E7
330
17
100
AcDbEntity
  8
GEOMETRY
100
AcDbPolyline
 90
3
 70
0
 10
9.413385826771654
 20
3.5236220472440944
 10
8.858267716535433
 20
3.5236220472440944
 10
8.858267716535433
 20
3.8188976377952755
  0
LWPOLYLINE
  5
1E8
330
17
100
AcDbEntity
  8
GEOMETRY
100
AcDbPolyline
 90
2
 70
0
 10
9.027559055118111
 20
3.7952755905511815
 10
9.413385826771654
 20
3.7952755905511815
  0
LWPOLYLINE
  5
1E9
330
17
100
AcDbEntity
  8
GEOMETRY
100
AcDbPolyline
 90
3
 70
0
 10
9.413385826771654
 20
3.547244094488189
 10
9.027559055118111
 20
3.547244094488189
 10
9.027559055118111
 20
3.7952755905511815
  0
LWPOLYLINE
  5
1EA
330
17
100
AcDbEntity
  8
GEOMETRY
100
AcDbPolyline
 90
2
 70
0
 10
9.039370078740157
 20
3.783464566929134
 10
9.413385826771654
 20
3.783464566929134
  0
LWPOLYLINE
  5
1EB
330
17
100
AcDbEntity
  8
GEOMETRY
100
AcDbPolyline
 90
3
 70
0
 10
9.413385826771654
 20
3.5590551181102366
 10
9.039370078740157
 20
3.5590551181102366
 10
9.039370078740157
 20
3.783464566929134
  0
LWPOLYLINE
  5
1EC
330
17
100
AcDbEntity
  8
GEOMETRY
100
AcDbPolyline
 90
2
 70
0
 10
8.858267716535433
 20
3.5236220472440944
 10
9.413385826771654
 20
3.5236220472440944
  0
LWPOLYLINE
  5
1ED
330
17
100
AcDbEntity
  8
GEOMETRY
100
AcDbPolyline
 90
3
 70
0
 10
9.413385826771654
 20
3.4645669291338583
 10
8.858267716535433
 20
3.4645669291338583
 10
8.858267716535433
 20
3.5236220472440944
  0
LWPOLYLINE
  5
1EE
330
17
100
AcDbEntity
  8
GEOMETRY
100
AcDbPolyline
 90
2
 70
0
 10
8.858267716535433
 20
3.5039370078740157
 10
9.413385826771654
 20
3.5039370078740157
  0
LWPOLYLINE
  5
1EF
330
17
100
AcDbEntity
  8
GEOMETRY
100
AcDbPolyline
 90
2
 70
0
 10
8.858267716535433
 20
3.484251968503937
 10
9.413385826771654
 20
3.484251968503937
  0
LWPOLYLINE
  5
1F0
330
17
100
AcDbEntity
  8
GEOMETRY
100
AcDbPolyline
 90
2
 70
0
 10
8.858267716535433
 20
3.4645669291338583
 10
9.413385826771654
 20
3.4645669291338583
  0
LWPOLYLINE
  5
1F1
330
17
100
AcDbEntity
  8
GEOMETRY
100
AcDbPolyline
 90
3
 70
0
 10
9.413385826771654
 20
1.3385826771653544
 10
8.858267716535433
 20
1.3385826771653544
 10
8.858267716535433
 20
3.4645669291338583
  0
LWPOLYLINE
  5
1F2
330
17
100
AcDbEntity
  8
GEOMETRY
100
AcDbPolyline
 90
2
 70
0
 10
9.007874015748031
 20
3.4645669291338583
 10
9.007874015748031
 20
1.3385826771653544
  0
LWPOLYLINE
  5
1F3
330
17
100
AcDbEntity
  8
GEOMETRY
100
AcDbPolyline
 90
2
 70
0
 10
9.047244094488189
 20
3.41732283464567
 10
9.413385826771654
 20
3.41732283464567
  0
LWPOLYLINE
  5
1F4
330
17
100
AcDbEntity
  8
GEOMETRY
100
AcDbPolyline
 90
3
 70
0
 10
9.413385826771654
 20
2.866141732283465
 10
9.047244094488189
 20
2.866141732283465
 10
9.047244094488189
 20
3.41732283464567
  0
LWPOLYLINE
  5
1F5
330
17
100
AcDbEntity
  8
GEOMETRY
100
AcDbPolyline
 90
2
 70
0
 10
9.062992125984252
 20
3.4015748031496065
 10
9.413385826771654
 20
3.4015748031496065
  0
LWPOLYLINE
  5
1F6
330
17
100
AcDbEntity
  8
GEOMETRY
100
AcDbPolyline
 90
3
 70
0
 10
9.413385826771654
 20
2.881889763779528
 10
9.062992125984252
 20
2.881889763779528
 10
9.062992125984252
 20
3.4015748031496065
  0
LWPOLYLINE
  5
1F7
330
17
100
AcDbEntity
  8
GEOMETRY
100
AcDbPolyline
 90
2
 70
0
 10
9.047244094488189
 20
2.795275590551181
 10
9.413385826771654
 20
2.795275590551181
  0
LWPOLYLINE
  5
1F8
330
17
100
AcDbEntity
  8
GEOMETRY
100
AcDbPolyline
 90
3
 70
0
 10
9.413385826771654
 20
2.1653543307086616
 10
9.047244094488189
 20
2.1653543307086616
 10
9.047244094488189
 20
2.795275590551181
  0
LWPOLYLINE
  5
1F9
330
17
100
AcDbEntity
  8
GEOMETRY
100
AcDbPolyline
 90
2
 70
0
 10
9.062992125984252
 20
2.779527559055118
 10
9.413385826771654
 20
2.779527559055118
  0
LWPOLYLINE
  5
1FA
330
17
100
AcDbEntity
  8
GEOMETRY
100
AcDbPolyline
 90
3
 70
0
 10
9.413385826771654
 20
2.1811023622047245
 10
9.062992125984252
 20
2.1811023622047245
 10
9.062992125984252
 20
2.779527559055118
  0
LWPOLYLINE
  5
1FB
330
17
100
AcDbEntity
  8
GEOMETRY
100
AcDbPolyline
 90
2
 70
0
 10
9.047244094488189
 20
2.0944881889763773
 10
9.413385826771654
 20
2.0944881889763773
  0
LWPOLYLINE
  5
1FC
330
17
100
AcDbEntity
  8
GEOMETRY
100
AcDbPolyline
 90
3
 70
0
 10
9.413385826771654
 20
1.3858267716535428
 10
9.047244094488189
 20
1.3858267716535428
 10
9.047244094488189
 20
2.0944881889763773
  0
LWPOLYLINE
  5
1FD
330
17
100
AcDbEntity
  8
GEOMETRY
100
AcDbPolyline
 90
2
 70
0
 10
9.062992125984252
 20
2.0787401574803153
 10
9.413385826771654
 20
2.0787401574803153
  0
LWPOLYLINE
  5
1FE
330
17
100
AcDbEntity
  8
GEOMETRY
100
AcDbPolyline
 90
3
 70
0
 10
9.413385826771654
 20
1.4015748031496071
 10
9.062992125984252
 20
1.4015748031496071
 10
9.062992125984252
 20
2.0787401574803153
  0
LWPOLYLINE
  5
1FF
330
17
100
AcDbEntity
  8
GEOMETRY
100
AcDbPolyline
 90
2
 70
0
 10
8.799212598425196
 20
1.3385826771653544
 10
9.413385826771654
 20
1.3385826771653544
  0
LWPOLYLINE
  5
200
330
17
100
AcDbEntity
  8
GEOMETRY
100
AcDbPolyline
 90
3
 70
0
 10
9.413385826771654
 20
1.0236220472440944
 10
8.799212598425196
 20
1.0236220472440944
 10
8.799212598425196
 20
1.3385826771653544
  0
LWPOLYLINE
  5
201
330
17
100
AcDbEntity
  8
GEOMETRY
100
AcDbPolyline
 90
2
 70
0
 10
8.799212598425196
 20
1.2992125984251968
 10
9.413385826771654
 20
1.2992125984251968
  0
LWPOLYLINE
  5
202
330
17
100
AcDbEntity
  8
GEOMETRY
100
AcDbPolyline
 90
2
 70
0
 10
8.799212598425196
 20
1.2519685039370083
 10
9.413385826771654
 20
1.2519685039370083
  0
LINE
  5
203
330
17
100
AcDbEntity
  8
GEOMETRY
100
AcDbLine
 10
8.700787401574804
 20
1.0236220472440944
 30
0.0
 11
9.413385826771654
 21
1.0236220472440944
 31
0.0
  0
LINE
  5
204
330
17
100
AcDbEntity
  8
GEOMETRY
100
AcDbLine
 10
8.933070866141732
 20
2.283464566929134
 30
0.0
 11
9.570866141732283
 21
2.3622047244094486
 31
0.0
  0
TEXT
  5
205
330
17
100
AcDbEntity
  8
TEXT
100
AcDbText
 10
9.61023622047244
 20
2.3543307086614176
 30
0.0
 40
0.048188976377952754
  1
PLAIN STILE, 1½ IN
 11
9.61023622047244
 21
2.3543307086614176
 31
0.0
100
AcDbText
  0
TEXT
  5
206
330
17
100
AcDbEntity
  8
TEXT
100
AcDbText
 10
9.61023622047244
 20
2.263779527559055
 30
0.0
 40
0.04110236220472441
  1
NO CORNER MOULDING
 11
9.61023622047244
 21
2.263779527559055
 31
0.0
100
AcDbText
  0
TEXT
  5
207
330
17
100
AcDbEntity
  8
TEXT
100
AcDbText
 10
11.811023622047244
 20
5.393700787401575
 30
0.0
 40
0.09070866141732283
  1
NOTES
 11
11.811023622047244
 21
5.393700787401575
 31
0.0
100
AcDbText
  0
LINE
  5
208
330
17
100
AcDbEntity
  8
GEOMETRY
100
AcDbLine
 10
11.811023622047244
 20
5.334645669291339
 30
0.0
 11
13.385826771653543
 21
5.334645669291339
 31
0.0
  0
TEXT
  5
209
330
17
100
AcDbEntity
  8
TEXT
100
AcDbText
 10
11.811023622047244
 20
5.2047244094488185
 30
0.0
 40
0.048188976377952754
  1
DETAILS
 11
11.811023622047244
 21
5.2047244094488185
 31
0.0
100
AcDbText
  0
TEXT
  5
20A
330
17
100
AcDbEntity
  8
TEXT
100
AcDbText
 10
11.811023622047244
 20
4.960629921259843
 30
0.0
 40
0.04535433070866141
  1
Profiles are drawn from film stills and are indicative;
 11
11.811023622047244
 21
4.960629921259843
 31
0.0
100
AcDbText
  0
TEXT
  5
20B
330
17
100
AcDbEntity
  8
TEXT
100
AcDbText
 10
11.811023622047244
 20
4.791338582677165
 30
0.0
 40
0.04535433070866141
  1
the joiner to prepare a full-size mock-up of 1, 2 and 7.
 11
11.811023622047244
 21
4.791338582677165
 31
0.0
100
AcDbText
  0
TEXT
  5
20C
330
17
100
AcDbEntity
  8
TEXT
100
AcDbText
 10
11.811023622047244
 20
4.622047244094488
 30
0.0
 40
0.04535433070866141
  1
No carving: every profile is a run moulding — a spindle
 11
11.811023622047244
 21
4.622047244094488
 31
0.0
100
AcDbText
  0
TEXT
  5
20D
330
17
100
AcDbEntity
  8
TEXT
100
AcDbText
 10
11.811023622047244
 20
4.452755905511811
 30
0.0
 40
0.04535433070866141
  1
moulder or router, no carver.
 11
11.811023622047244
 21
4.452755905511811
 31
0.0
100
AcDbText
  0
TEXT
  5
20E
330
17
100
AcDbEntity
  8
TEXT
100
AcDbText
 10
11.811023622047244
 20
4.283464566929134
 30
0.0
 40
0.04535433070866141
  1
Hardware (6): standard 90 mm swan-neck, solid brass.
 11
11.811023622047244
 21
4.283464566929134
 31
0.0
100
AcDbText
  0
TEXT
  5
20F
330
17
100
AcDbEntity
  8
TEXT
100
AcDbText
 10
11.811023622047244
 20
4.1141732283464565
 30
0.0
 40
0.04535433070866141
  1
Gold/brass on handles and ring pulls only; rest plain teak.
 11
11.811023622047244
 21
4.1141732283464565
 31
0.0
100
AcDbText
  0
TEXT
  5
210
330
17
100
AcDbEntity
  8
TEXT
100
AcDbText
 10
11.811023622047244
 20
3.944881889763779
 30
0.0
 40
0.04535433070866141
  1
Corners: square, every layer mitred; plain — no corner
 11
11.811023622047244
 21
3.944881889763779
 31
0.0
100
AcDbText
  0
TEXT
  5
211
330
17
100
AcDbEntity
  8
TEXT
100
AcDbText
 10
11.811023622047244
 20
3.7755905511811023
 30
0.0
 40
0.04535433070866141
  1
moulding (8, 8B). Clamp bay: detail 3.
 11
11.811023622047244
 21
3.7755905511811023
 31
0.0
100
AcDbText
  0
LWPOLYLINE
  5
212
330
17
100
AcDbEntity
  8
GEOMETRY
100
AcDbPolyline
 90
5
 70
0
 10
11.811023622047244
 20
2.283464566929135
 10
16.22047244094488
 20
2.283464566929135
 10
16.22047244094488
 20
0.31496062992126106
 10
11.811023622047244
 20
0.31496062992126106
 10
11.811023622047244
 20
2.283464566929135
  0
LINE
  5
213
330
17
100
AcDbEntity
  8
GEOMETRY
100
AcDbLine
 10
11.811023622047244
 20
1.7322834645669292
 30
0.0
 11
16.22047244094488
 21
1.7322834645669292
 31
0.0
  0
LINE
  5
214
330
17
100
AcDbEntity
  8
GEOMETRY
100
AcDbLine
 10
11.811023622047244
 20
1.1023622047244095
 30
0.0
 11
16.22047244094488
 21
1.1023622047244095
 31
0.0
  0
LINE
  5
215
330
17
100
AcDbEntity
  8
GEOMETRY
100
AcDbLine
 10
11.811023622047244
 20
0.7086614173228346
 30
0.0
 11
16.22047244094488
 21
0.7086614173228346
 31
0.0
  0
LINE
  5
216
330
17
100
AcDbEntity
  8
GEOMETRY
100
AcDbLine
 10
14.015748031496063
 20
1.1023622047244095
 30
0.0
 11
14.015748031496063
 21
0.31496062992125984
 31
0.0
  0
TEXT
  5
217
330
17
100
AcDbEntity
  8
TEXT
100
AcDbText
 10
11.929133858267717
 20
2.02755905511811
 30
0.0
 40
0.09637795275590551
  1
A STUDY IN TEAK
 11
11.929133858267717
 21
2.02755905511811
 31
0.0
100
AcDbText
  0
TEXT
  5
218
330
17
100
AcDbEntity
  8
TEXT
100
AcDbText
 10
11.929133858267717
 20
1.8503937007874016
 30
0.0
 40
0.05385826771653543
  1
Particulars of the room
 11
11.929133858267717
 21
1.8503937007874016
 31
0.0
100
AcDbText
  0
TEXT
  5
219
330
17
100
AcDbEntity
  8
TEXT
100
AcDbText
 10
11.929133858267717
 20
1.4763779527559056
 30
0.0
 40
0.09637795275590551
  1
DESK (PLAIN, SQUARE) — DETAILS
 11
11.929133858267717
 21
1.4763779527559056
 31
0.0
100
AcDbText
  0
TEXT
  5
21A
330
17
100
AcDbEntity
  8
TEXT
100
AcDbText
 10
11.929133858267717
 20
1.2598425196850394
 30
0.0
 40
0.05669291338582677
  1
Edge · Rail · Clamp bay · Drawers · Handle · Plinth · Corner
 11
11.929133858267717
 21
1.2598425196850394
 31
0.0
100
AcDbText
  0
TEXT
  5
21B
330
17
100
AcDbEntity
  8
TEXT
100
AcDbText
 10
11.929133858267717
 20
0.9448818897637795
 30
0.0
 40
0.04251968503937008
  1
SCALE
 11
11.929133858267717
 21
0.9448818897637795
 31
0.0
100
AcDbText
  0
TEXT
  5
21C
330
17
100
AcDbEntity
  8
TEXT
100
AcDbText
 10
11.929133858267717
 20
0.7874015748031495
 30
0.0
 40
0.05952755905511811
  1
AS NOTED @ A3
 11
11.929133858267717
 21
0.7874015748031495
 31
0.0
100
AcDbText
  0
TEXT
  5
21D
330
17
100
AcDbEntity
  8
TEXT
100
AcDbText
 10
14.133858267716535
 20
0.9448818897637795
 30
0.0
 40
0.04251968503937008
  1
DATE
 11
14.133858267716535
 21
0.9448818897637795
 31
0.0
100
AcDbText
  0
TEXT
  5
21E
330
17
100
AcDbEntity
  8
TEXT
100
AcDbText
 10
14.133858267716535
 20
0.7874015748031495
 30
0.0
 40
0.05952755905511811
  1
02.10.2026
 11
14.133858267716535
 21
0.7874015748031495
 31
0.0
100
AcDbText
  0
TEXT
  5
21F
330
17
100
AcDbEntity
  8
TEXT
100
AcDbText
 10
11.929133858267717
 20
0.5511811023622047
 30
0.0
 40
0.04251968503937008
  1
REV
 11
11.929133858267717
 21
0.5511811023622047
 31
0.0
100
AcDbText
  0
TEXT
  5
220
330
17
100
AcDbEntity
  8
TEXT
100
AcDbText
 10
11.929133858267717
 20
0.39370078740157477
 30
0.0
 40
0.05012847078325735
  1
2 — no corner mouldings, wider drawers, monitor clamp bay
 11
11.929133858267717
 21
0.39370078740157477
 31
0.0
100
AcDbText
  0
TEXT
  5
221
330
17
100
AcDbEntity
  8
TEXT
100
AcDbText
 10
14.133858267716535
 20
0.5511811023622047
 30
0.0
 40
0.04251968503937008
  1
DWG
 11
14.133858267716535
 21
0.5511811023622047
 31
0.0
100
AcDbText
  0
TEXT
  5
222
330
17
100
AcDbEntity
  8
TEXT
100
AcDbText
 10
14.133858267716535
 20
0.39370078740157477
 30
0.0
 40
0.05952755905511811
  1
AST-DR-032
 11
14.133858267716535
 21
0.39370078740157477
 31
0.0
100
AcDbText
  0
ENDSEC
  0
SECTION
  2
OBJECTS
  0
DICTIONARY
  5
A
330
0
100
AcDbDictionary
281
1
  3
ACAD_COLOR
350
B
  3
ACAD_GROUP
350
C
  3
ACAD_LAYOUT
350
D
  3
ACAD_MATERIAL
350
E
  3
ACAD_MLEADERSTYLE
350
F
  3
ACAD_MLINESTYLE
350
10
  3
ACAD_PLOTSETTINGS
350
11
  3
ACAD_PLOTSTYLENAME
350
12
  3
ACAD_SCALELIST
350
14
  3
ACAD_TABLESTYLE
350
15
  3
ACAD_VISUALSTYLE
350
16
  3
EZDXF_META
350
2D
  0
DICTIONARY
  5
B
330
A
100
AcDbDictionary
281
1
  0
DICTIONARY
  5
C
330
A
100
AcDbDictionary
281
1
  0
DICTIONARY
  5
D
330
A
100
AcDbDictionary
281
1
  3
Model
350
1A
  3
Layout1
350
1E
  0
DICTIONARY
  5
E
330
A
100
AcDbDictionary
281
1
  3
ByBlock
350
1F
  3
ByLayer
350
20
  3
Global
350
21
  0
DICTIONARY
  5
F
330
A
100
AcDbDictionary
281
1
  3
Standard
350
2C
  0
DICTIONARY
  5
10
330
A
100
AcDbDictionary
281
1
  3
Standard
350
22
  0
DICTIONARY
  5
11
330
A
100
AcDbDictionary
281
1
  0
ACDBDICTIONARYWDFLT
  5
12
330
A
100
AcDbDictionary
281
1
  3
Normal
350
13
100
AcDbDictionaryWithDefault
340
13
  0
ACDBPLACEHOLDER
  5
13
330
12
  0
DICTIONARY
  5
14
330
A
100
AcDbDictionary
281
1
  0
DICTIONARY
  5
15
330
A
100
AcDbDictionary
281
1
  0
DICTIONARY
  5
16
330
A
100
AcDbDictionary
281
1
  3
2dWireframe
350
5A
  3
Basic
350
5B
  3
Brighten
350
5C
  3
ColorChange
350
5D
  3
Conceptual
350
5E
  3
Dim
350
5F
  3
EdgeColorOff
350
60
  3
Facepattern
350
61
  3
Flat
350
62
  3
FlatWithEdges
350
63
  3
Gouraud
350
64
  3
GouraudWithEdges
350
65
  3
Hidden
350
66
  3
JitterOff
350
67
  3
Linepattern
350
68
  3
Modeling
350
69
  3
OverhangOff
350
6A
  3
Realistic
350
6B
  3
Shaded
350
6C
  3
Shaded with edges
350
6D
  3
Shades of Gray
350
6E
  3
Sketchy
350
6F
  3
Thicken
350
70
  3
Wireframe
350
71
  3
X-Ray
350
72
  0
LAYOUT
  5
1A
330
D
100
AcDbPlotSettings
  1

  4
A3
  6

 40
7.5
 41
20.0
 42
7.5
 43
20.0
 44
420.0
 45
297.0
 46
0.0
 47
0.0
 48
0.0
 49
0.0
140
0.0
141
0.0
142
1.0
143
1.0
 70
1024
 72
1
 73
0
 74
5
  7

 75
16
 76
0
 77
2
 78
300
147
1.0
148
0.0
149
0.0
100
AcDbLayout
  1
Model
 70
1
 71
0
 10
0.0
 20
0.0
 11
420.0
 21
297.0
 12
0.0
 22
0.0
 32
0.0
 14
1e+20
 24
1e+20
 34
1e+20
 15
-1e+20
 25
-1e+20
 35
-1e+20
146
0.0
 13
0.0
 23
0.0
 33
0.0
 16
1.0
 26
0.0
 36
0.0
 17
0.0
 27
1.0
 37
0.0
 76
1
330
17
  0
LAYOUT
  5
1E
330
D
100
AcDbPlotSettings
  1

  4
A3
  6

 40
7.5
 41
20.0
 42
7.5
 43
20.0
 44
420.0
 45
297.0
 46
0.0
 47
0.0
 48
0.0
 49
0.0
140
0.0
141
0.0
142
1.0
143
1.0
 70
0
 72
1
 73
0
 74
5
  7

 75
16
 76
0
 77
2
 78
300
147
1.0
148
0.0
149
0.0
100
AcDbLayout
  1
Layout1
 70
1
 71
1
 10
0.0
 20
0.0
 11
420.0
 21
297.0
 12
0.0
 22
0.0
 32
0.0
 14
1e+20
 24
1e+20
 34
1e+20
 15
-1e+20
 25
-1e+20
 35
-1e+20
146
0.0
 13
0.0
 23
0.0
 33
0.0
 16
1.0
 26
0.0
 36
0.0
 17
0.0
 27
1.0
 37
0.0
 76
1
330
1B
  0
MATERIAL
  5
1F
102
{ACAD_REACTORS
330
E
102
}
330
E
100
AcDbMaterial
  1
ByBlock
  2

 70
0
 40
1.0
 71
1
 41
1.0
 91
-1023410177
 42
1.0
 72
1
  3

 73
1
 74
1
 75
1
 44
0.5
 73
0
 45
1.0
 46
1.0
 77
1
  4

 78
1
 79
1
170
1
 48
1.0
171
1
  6

172
1
173
1
174
1
140
1.0
141
1.0
175
1
  7

176
1
177
1
178
1
143
1.0
179
1
  8

270
1
271
1
272
1
145
1.0
146
1.0
273
1
  9

274
1
275
1
276
1
 42
1.0
 72
1
  3

 73
1
 74
1
 75
1
 94
63
  0
MATERIAL
  5
20
102
{ACAD_REACTORS
330
E
102
}
330
E
100
AcDbMaterial
  1
ByLayer
  2

 70
0
 40
1.0
 71
1
 41
1.0
 91
-1023410177
 42
1.0
 72
1
  3

 73
1
 74
1
 75
1
 44
0.5
 73
0
 45
1.0
 46
1.0
 77
1
  4

 78
1
 79
1
170
1
 48
1.0
171
1
  6

172
1
173
1
174
1
140
1.0
141
1.0
175
1
  7

176
1
177
1
178
1
143
1.0
179
1
  8

270
1
271
1
272
1
145
1.0
146
1.0
273
1
  9

274
1
275
1
276
1
 42
1.0
 72
1
  3

 73
1
 74
1
 75
1
 94
63
  0
MATERIAL
  5
21
102
{ACAD_REACTORS
330
E
102
}
330
E
100
AcDbMaterial
  1
Global
  2

 70
0
 40
1.0
 71
1
 41
1.0
 91
-1023410177
 42
1.0
 72
1
  3

 73
1
 74
1
 75
1
 44
0.5
 73
0
 45
1.0
 46
1.0
 77
1
  4

 78
1
 79
1
170
1
 48
1.0
171
1
  6

172
1
173
1
174
1
140
1.0
141
1.0
175
1
  7

176
1
177
1
178
1
143
1.0
179
1
  8

270
1
271
1
272
1
145
1.0
146
1.0
273
1
  9

274
1
275
1
276
1
 42
1.0
 72
1
  3

 73
1
 74
1
 75
1
 94
63
  0
MLINESTYLE
  5
22
102
{ACAD_REACTORS
330
10
102
}
330
10
100
AcDbMlineStyle
  2
Standard
 70
0
  3

 62
256
 51
90.0
 52
90.0
 71
2
 49
0.5
 62
256
  6
BYLAYER
 49
-0.5
 62
256
  6
BYLAYER
  0
MLEADERSTYLE
  5
2C
102
{ACAD_REACTORS
330
F
102
}
330
F
100
AcDbMLeaderStyle
179
2
170
2
171
1
172
0
 90
2
 40
0.0
 41
0.0
173
1
 91
-1056964608
 92
-2
290
1
 42
2.0
291
1
 43
8.0
  3
Standard
 44
4.0
300

342
29
174
1
175
1
176
0
178
1
 93
-1056964608
 45
4.0
292
0
297
0
 46
4.0
 94
-1056964608
 47
1.0
 49
1.0
140
1.0
294
1
141
0.0
177
0
142
1.0
295
0
296
0
143
3.75
271
0
272
9
273
9
  0
DICTIONARY
  5
2D
330
A
100
AcDbDictionary
280
1
281
1
  3
CREATED_BY_EZDXF
350
2E
  3
WRITTEN_BY_EZDXF
350
225
  0
DICTIONARYVAR
  5
2E
330
2D
100
DictionaryVariables
280
0
  1
1.4.2 @ 2026-10-02T16:17:09.372590+00:00
  0
VISUALSTYLE
  5
5A
102
{ACAD_REACTORS
330
16
102
}
330
16
100
AcDbVisualStyle
  2
2dWireframe
 70
4
 90
0
 40
0.6
 62
7
290
0
291
0
  0
VISUALSTYLE
  5
5B
102
{ACAD_REACTORS
330
16
102
}
330
16
100
AcDbVisualStyle
  2
Basic
 70
7
 90
1
 40
0.6
 62
7
290
0
291
1
  0
VISUALSTYLE
  5
5C
102
{ACAD_REACTORS
330
16
102
}
330
16
100
AcDbVisualStyle
  2
Brighten
 70
12
 90
2
 40
0.6
 62
7
290
0
291
1
  0
VISUALSTYLE
  5
5D
102
{ACAD_REACTORS
330
16
102
}
330
16
100
AcDbVisualStyle
  2
ColorChange
 70
16
 90
2
 40
0.6
 62
8
290
0
291
1
  0
VISUALSTYLE
  5
5E
102
{ACAD_REACTORS
330
16
102
}
330
16
100
AcDbVisualStyle
  2
Conceptual
 70
9
 90
3
 40
0.6
 62
7
290
0
291
0
  0
VISUALSTYLE
  5
5F
102
{ACAD_REACTORS
330
16
102
}
330
16
100
AcDbVisualStyle
  2
Dim
 70
11
 90
2
 40
0.6
 62
7
290
0
291
1
  0
VISUALSTYLE
  5
60
102
{ACAD_REACTORS
330
16
102
}
330
16
100
AcDbVisualStyle
  2
EdgeColorOff
 70
22
 90
2
 40
0.6
 62
7
290
0
291
1
  0
VISUALSTYLE
  5
61
102
{ACAD_REACTORS
330
16
102
}
330
16
100
AcDbVisualStyle
  2
Facepattern
 70
15
 90
2
 40
0.6
 62
7
290
0
291
1
  0
VISUALSTYLE
  5
62
102
{ACAD_REACTORS
330
16
102
}
330
16
100
AcDbVisualStyle
  2
Flat
 70
0
 90
2
 40
0.6
 62
7
290
0
291
1
  0
VISUALSTYLE
  5
63
102
{ACAD_REACTORS
330
16
102
}
330
16
100
AcDbVisualStyle
  2
FlatWithEdges
 70
1
 90
2
 40
0.6
 62
7
290
0
291
1
  0
VISUALSTYLE
  5
64
102
{ACAD_REACTORS
330
16
102
}
330
16
100
AcDbVisualStyle
  2
Gouraud
 70
2
 90
2
 40
0.6
 62
7
290
0
291
1
  0
VISUALSTYLE
  5
65
102
{ACAD_REACTORS
330
16
102
}
330
16
100
AcDbVisualStyle
  2
GouraudWithEdges
 70
3
 90
2
 40
0.6
 62
7
290
0
291
1
  0
VISUALSTYLE
  5
66
102
{ACAD_REACTORS
330
16
102
}
330
16
100
AcDbVisualStyle
  2
Hidden
 70
6
 90
1
 40
0.6
 62
7
290
0
291
0
  0
VISUALSTYLE
  5
67
102
{ACAD_REACTORS
330
16
102
}
330
16
100
AcDbVisualStyle
  2
JitterOff
 70
20
 90
2
 40
0.6
 62
7
290
0
291
1
  0
VISUALSTYLE
  5
68
102
{ACAD_REACTORS
330
16
102
}
330
16
100
AcDbVisualStyle
  2
Linepattern
 70
14
 90
2
 40
0.6
 62
7
290
0
291
1
  0
VISUALSTYLE
  5
69
102
{ACAD_REACTORS
330
16
102
}
330
16
100
AcDbVisualStyle
  2
Modeling
 70
10
 90
2
 40
0.6
 62
7
290
0
291
0
  0
VISUALSTYLE
  5
6A
102
{ACAD_REACTORS
330
16
102
}
330
16
100
AcDbVisualStyle
  2
OverhangOff
 70
21
 90
2
 40
0.6
 62
7
290
0
291
1
  0
VISUALSTYLE
  5
6B
102
{ACAD_REACTORS
330
16
102
}
330
16
100
AcDbVisualStyle
  2
Realistic
 70
8
 90
2
 40
0.6
 62
7
290
0
291
0
  0
VISUALSTYLE
  5
6C
102
{ACAD_REACTORS
330
16
102
}
330
16
100
AcDbVisualStyle
  2
Shaded
 70
27
 90
2
 40
0.6
 62
7
290
0
291
0
  0
VISUALSTYLE
  5
6D
102
{ACAD_REACTORS
330
16
102
}
330
16
100
AcDbVisualStyle
  2
Shaded with edges
 70
26
 90
2
 40
0.6
 62
7
290
0
291
0
  0
VISUALSTYLE
  5
6E
102
{ACAD_REACTORS
330
16
102
}
330
16
100
AcDbVisualStyle
  2
Shades of Gray
 70
23
 90
2
 40
0.6
 62
7
290
0
291
0
  0
VISUALSTYLE
  5
6F
102
{ACAD_REACTORS
330
16
102
}
330
16
100
AcDbVisualStyle
  2
Sketchy
 70
24
 90
1
 40
0.6
 62
7
290
0
291
0
  0
VISUALSTYLE
  5
70
102
{ACAD_REACTORS
330
16
102
}
330
16
100
AcDbVisualStyle
  2
Thicken
 70
13
 90
2
 40
0.6
 62
7
290
0
291
1
  0
VISUALSTYLE
  5
71
102
{ACAD_REACTORS
330
16
102
}
330
16
100
AcDbVisualStyle
  2
Wireframe
 70
5
 90
0
 40
0.6
 62
7
290
0
291
0
  0
VISUALSTYLE
  5
72
102
{ACAD_REACTORS
330
16
102
}
330
16
100
AcDbVisualStyle
  2
X-Ray
 70
25
 90
2
 40
0.5
 62
7
290
0
291
0
  0
DICTIONARYVAR
  5
225
330
2D
100
DictionaryVariables
280
0
  1
1.4.2 @ 2026-10-02T16:17:09.409969+00:00
  0
ENDSEC
  0
EOF
