  0
SECTION
  2
HEADER
  9
$ACADVER
  1
AC1024
  9
$ACADMAINTVER
 70
6
  9
$DWGCODEPAGE
  3
ANSI_1252
  9
$LASTSAVEDBY
  1
ezdxf
  9
$INSBASE
 10
0.0
 20
0.0
 30
0.0
  9
$EXTMIN
 10
1e+20
 20
1e+20
 30
1e+20
  9
$EXTMAX
 10
-1e+20
 20
-1e+20
 30
-1e+20
  9
$LIMMIN
 10
0.0
 20
0.0
  9
$LIMMAX
 10
420.0
 20
297.0
  9
$ORTHOMODE
 70
0
  9
$REGENMODE
 70
1
  9
$FILLMODE
 70
1
  9
$QTEXTMODE
 70
0
  9
$MIRRTEXT
 70
1
  9
$LTSCALE
 40
0.00984251968503937
  9
$ATTMODE
 70
1
  9
$TEXTSIZE
 40
2.5
  9
$TRACEWID
 40
1.0
  9
$TEXTSTYLE
  7
OpenSans
  9
$CLAYER
  8
0
  9
$CELTYPE
  6
ByLayer
  9
$CECOLOR
 62
256
  9
$CELTSCALE
 40
1.0
  9
$DISPSILH
 70
0
  9
$DIMSCALE
 40
1.0
  9
$DIMASZ
 40
0.175
  9
$DIMEXO
 40
0.125
  9
$DIMDLI
 40
3.75
  9
$DIMRND
 40
0.0
  9
$DIMDLE
 40
0.0
  9
$DIMEXE
 40
0.375
  9
$DIMTP
 40
0.0
  9
$DIMTM
 40
0.0
  9
$DIMTXT
 40
0.25
  9
$DIMCEN
 40
2.5
  9
$DIMTSZ
 40
0.0
  9
$DIMTOL
 70
0
  9
$DIMLIM
 70
0
  9
$DIMTIH
 70
0
  9
$DIMTOH
 70
0
  9
$DIMSE1
 70
0
  9
$DIMSE2
 70
0
  9
$DIMTAD
 70
1
  9
$DIMZIN
 70
12
  9
$DIMBLK
  1
ARCHTICK
  9
$DIMASO
 70
1
  9
$DIMSHO
 70
1
  9
$DIMPOST
  1

  9
$DIMAPOST
  1

  9
$DIMALT
 70
0
  9
$DIMALTD
 70
3
  9
$DIMALTF
 40
0.03937007874
  9
$DIMLFAC
 40
100.0
  9
$DIMTOFL
 70
1
  9
$DIMTVP
 40
0.0
  9
$DIMTIX
 70
0
  9
$DIMSOXD
 70
0
  9
$DIMSAH
 70
0
  9
$DIMBLK1
  1

  9
$DIMBLK2
  1

  9
$DIMSTYLE
  2
EZDXF
  9
$DIMCLRD
 70
0
  9
$DIMCLRE
 70
0
  9
$DIMCLRT
 70
0
  9
$DIMTFAC
 40
0.5
  9
$DIMGAP
 40
0.1
  9
$DIMJUST
 70
0
  9
$DIMSD1
 70
0
  9
$DIMSD2
 70
0
  9
$DIMTOLJ
 70
0
  9
$DIMTZIN
 70
8
  9
$DIMALTZ
 70
0
  9
$DIMALTTZ
 70
0
  9
$DIMUPT
 70
1
  9
$DIMDEC
 70
2
  9
$DIMTDEC
 70
2
  9
$DIMALTU
 70
2
  9
$DIMALTTD
 70
3
  9
$DIMTXSTY
  7
OpenSansCondensed-Light
  9
$DIMAUNIT
 70
0
  9
$DIMADEC
 70
2
  9
$DIMALTRND
 40
0.0
  9
$DIMAZIN
 70
3
  9
$DIMDSEP
 70
46
  9
$DIMATFIT
 70
3
  9
$DIMFRAC
 70
0
  9
$DIMLDRBLK
  1

  9
$DIMLUNIT
 70
2
  9
$DIMLWD
 70
-2
  9
$DIMLWE
 70
-2
  9
$DIMTMOVE
 70
2
  9
$DIMFXL
 40
1.0
  9
$DIMFXLON
 70
0
  9
$DIMJOGANG
 40
0.785398163397
  9
$DIMTFILL
 70
0
  9
$DIMTFILLCLR
 70
0
  9
$DIMARCSYM
 70
0
  9
$DIMLTYPE
  6

  9
$DIMLTEX1
  6

  9
$DIMLTEX2
  6

  9
$DIMTXTDIRECTION
 70
0
  9
$LUNITS
 70
4
  9
$LUPREC
 70
4
  9
$SKETCHINC
 40
1.0
  9
$FILLETRAD
 40
10.0
  9
$AUNITS
 70
0
  9
$AUPREC
 70
3
  9
$MENU
  1
.
  9
$ELEVATION
 40
0.0
  9
$PELEVATION
 40
0.0
  9
$THICKNESS
 40
0.0
  9
$LIMCHECK
 70
0
  9
$CHAMFERA
 40
0.0
  9
$CHAMFERB
 40
0.0
  9
$CHAMFERC
 40
0.0
  9
$CHAMFERD
 40
0.0
  9
$SKPOLY
 70
0
  9
$TDCREATE
 40
2461323.727025463
  9
$TDUCREATE
 40
2458532.153996898
  9
$TDUPDATE
 40
2461323.727025463
  9
$TDUUPDATE
 40
2458532.1544311
  9
$TDINDWG
 40
0.0
  9
$TDUSRTIMER
 40
0.0
  9
$USRTIMER
 70
1
  9
$ANGBASE
 50
0.0
  9
$ANGDIR
 70
0
  9
$PDMODE
 70
0
  9
$PDSIZE
 40
0.0
  9
$PLINEWID
 40
0.0
  9
$SPLFRAME
 70
0
  9
$SPLINETYPE
 70
6
  9
$SPLINESEGS
 70
8
  9
$HANDSEED
  5
11C1
  9
$SURFTAB1
 70
6
  9
$SURFTAB2
 70
6
  9
$SURFTYPE
 70
6
  9
$SURFU
 70
6
  9
$SURFV
 70
6
  9
$UCSBASE
  2

  9
$UCSNAME
  2

  9
$UCSORG
 10
0.0
 20
0.0
 30
0.0
  9
$UCSXDIR
 10
1.0
 20
0.0
 30
0.0
  9
$UCSYDIR
 10
0.0
 20
1.0
 30
0.0
  9
$UCSORTHOREF
  2

  9
$UCSORTHOVIEW
 70
0
  9
$UCSORGTOP
 10
0.0
 20
0.0
 30
0.0
  9
$UCSORGBOTTOM
 10
0.0
 20
0.0
 30
0.0
  9
$UCSORGLEFT
 10
0.0
 20
0.0
 30
0.0
  9
$UCSORGRIGHT
 10
0.0
 20
0.0
 30
0.0
  9
$UCSORGFRONT
 10
0.0
 20
0.0
 30
0.0
  9
$UCSORGBACK
 10
0.0
 20
0.0
 30
0.0
  9
$PUCSBASE
  2

  9
$PUCSNAME
  2

  9
$PUCSORG
 10
0.0
 20
0.0
 30
0.0
  9
$PUCSXDIR
 10
1.0
 20
0.0
 30
0.0
  9
$PUCSYDIR
 10
0.0
 20
1.0
 30
0.0
  9
$PUCSORTHOREF
  2

  9
$PUCSORTHOVIEW
 70
0
  9
$PUCSORGTOP
 10
0.0
 20
0.0
 30
0.0
  9
$PUCSORGBOTTOM
 10
0.0
 20
0.0
 30
0.0
  9
$PUCSORGLEFT
 10
0.0
 20
0.0
 30
0.0
  9
$PUCSORGRIGHT
 10
0.0
 20
0.0
 30
0.0
  9
$PUCSORGFRONT
 10
0.0
 20
0.0
 30
0.0
  9
$PUCSORGBACK
 10
0.0
 20
0.0
 30
0.0
  9
$USERI1
 70
0
  9
$USERI2
 70
0
  9
$USERI3
 70
0
  9
$USERI4
 70
0
  9
$USERI5
 70
0
  9
$USERR1
 40
0.0
  9
$USERR2
 40
0.0
  9
$USERR3
 40
0.0
  9
$USERR4
 40
0.0
  9
$USERR5
 40
0.0
  9
$WORLDVIEW
 70
1
  9
$SHADEDGE
 70
3
  9
$SHADEDIF
 70
70
  9
$TILEMODE
 70
1
  9
$MAXACTVP
 70
64
  9
$PINSBASE
 10
0.0
 20
0.0
 30
0.0
  9
$PLIMCHECK
 70
0
  9
$PEXTMIN
 10
1e+20
 20
1e+20
 30
1e+20
  9
$PEXTMAX
 10
-1e+20
 20
-1e+20
 30
-1e+20
  9
$PLIMMIN
 10
0.0
 20
0.0
  9
$PLIMMAX
 10
420.0
 20
297.0
  9
$UNITMODE
 70
0
  9
$VISRETAIN
 70
1
  9
$PLINEGEN
 70
0
  9
$PSLTSCALE
 70
1
  9
$TREEDEPTH
 70
3020
  9
$CMLSTYLE
  2
Standard
  9
$CMLJUST
 70
0
  9
$CMLSCALE
 40
20.0
  9
$PROXYGRAPHICS
 70
1
  9
$MEASUREMENT
 70
0
  9
$CELWEIGHT
370
-1
  9
$ENDCAPS
280
0
  9
$JOINSTYLE
280
0
  9
$LWDISPLAY
290
0
  9
$INSUNITS
 70
1
  9
$HYPERLINKBASE
  1

  9
$STYLESHEET
  1

  9
$XEDIT
290
1
  9
$CEPSNTYPE
380
0
  9
$PSTYLEMODE
290
1
  9
$FINGERPRINTGUID
  2
{888307BD-98DB-488C-AFB7-DA4D5D7FC89B}
  9
$VERSIONGUID
  2
{ECE96141-5BFB-421B-BA19-B498A5CC3546}
  9
$EXTNAMES
290
1
  9
$PSVPSCALE
 40
0.0
  9
$OLESTARTUP
290
0
  9
$SORTENTS
280
127
  9
$INDEXCTL
280
0
  9
$HIDETEXT
280
1
  9
$XCLIPFRAME
280
1
  9
$HALOGAP
280
0
  9
$OBSCOLOR
 70
257
  9
$OBSLTYPE
280
0
  9
$INTERSECTIONDISPLAY
280
0
  9
$INTERSECTIONCOLOR
 70
257
  9
$DIMASSOC
280
2
  9
$PROJECTNAME
  1

  9
$CAMERADISPLAY
290
0
  9
$LENSLENGTH
 40
50.0
  9
$CAMERAHEIGHT
 40
0.0
  9
$STEPSPERSEC
 40
24.0
  9
$STEPSIZE
 40
100.0
  9
$3DDWFPREC
 40
2.0
  9
$PSOLWIDTH
 40
0.005
  9
$PSOLHEIGHT
 40
0.08
  9
$LOFTANG1
 40
1.570796326795
  9
$LOFTANG2
 40
1.570796326795
  9
$LOFTMAG1
 40
0.0
  9
$LOFTMAG2
 40
0.0
  9
$LOFTPARAM
 70
7
  9
$LOFTNORMALS
280
1
  9
$LATITUDE
 40
37.795
  9
$LONGITUDE
 40
-122.394
  9
$NORTHDIRECTION
 40
0.0
  9
$TIMEZONE
 70
-8000
  9
$LIGHTGLYPHDISPLAY
280
1
  9
$TILEMODELIGHTSYNCH
280
1
  9
$CMATERIAL
347
20
  9
$SOLIDHIST
280
0
  9
$SHOWHIST
280
1
  9
$DWFFRAME
280
2
  9
$DGNFRAME
280
2
  9
$REALWORLDSCALE
290
1
  9
$INTERFERECOLOR
 62
256
  9
$CSHADOW
280
0
  9
$SHADOWPLANELOCATION
 40
0.0
  0
ENDSEC
  0
SECTION
  2
CLASSES
  0
CLASS
  1
ACDBDICTIONARYWDFLT
  2
AcDbDictionaryWithDefault
  3
ObjectDBX Classes
 90
0
 91
0
280
0
281
0
  0
CLASS
  1
SUN
  2
AcDbSun
  3
SCENEOE
 90
1153
 91
0
280
0
281
0
  0
CLASS
  1
VISUALSTYLE
  2
AcDbVisualStyle
  3
ObjectDBX Classes
 90
4095
 91
0
280
0
281
0
  0
CLASS
  1
MATERIAL
  2
AcDbMaterial
  3
ObjectDBX Classes
 90
1153
 91
0
280
0
281
0
  0
CLASS
  1
SCALE
  2
AcDbScale
  3
ObjectDBX Classes
 90
1153
 91
0
280
0
281
0
  0
CLASS
  1
TABLESTYLE
  2
AcDbTableStyle
  3
ObjectDBX Classes
 90
4095
 91
0
280
0
281
0
  0
CLASS
  1
MLEADERSTYLE
  2
AcDbMLeaderStyle
  3
ACDB_MLEADERSTYLE_CLASS
 90
4095
 91
0
280
0
281
0
  0
CLASS
  1
DICTIONARYVAR
  2
AcDbDictionaryVar
  3
ObjectDBX Classes
 90
0
 91
0
280
0
281
0
  0
CLASS
  1
CELLSTYLEMAP
  2
AcDbCellStyleMap
  3
ObjectDBX Classes
 90
1152
 91
0
280
0
281
0
  0
CLASS
  1
MENTALRAYRENDERSETTINGS
  2
AcDbMentalRayRenderSettings
  3
SCENEOE
 90
1024
 91
0
280
0
281
0
  0
CLASS
  1
ACDBDETAILVIEWSTYLE
  2
AcDbDetailViewStyle
  3
ObjectDBX Classes
 90
1025
 91
0
280
0
281
0
  0
CLASS
  1
ACDBSECTIONVIEWSTYLE
  2
AcDbSectionViewStyle
  3
ObjectDBX Classes
 90
1025
 91
0
280
0
281
0
  0
CLASS
  1
RASTERVARIABLES
  2
AcDbRasterVariables
  3
ISM
 90
0
 91
0
280
0
281
0
  0
CLASS
  1
ACDBPLACEHOLDER
  2
AcDbPlaceHolder
  3
ObjectDBX Classes
 90
0
 91
0
280
0
281
0
  0
CLASS
  1
LAYOUT
  2
AcDbLayout
  3
ObjectDBX Classes
 90
0
 91
0
280
0
281
0
  0
ENDSEC
  0
SECTION
  2
TABLES
  0
TABLE
  2
VPORT
  5
8
330
0
100
AcDbSymbolTable
 70
1
  0
VPORT
  5
23
330
8
100
AcDbSymbolTableRecord
100
AcDbViewportTableRecord
  2
*Active
 70
0
 10
0.0
 20
0.0
 11
1.0
 21
1.0
 12
0.0
 22
0.0
 13
0.0
 23
0.0
 14
0.5
 24
0.5
 15
0.5
 25
0.5
 16
0.0
 26
0.0
 36
1.0
 17
0.0
 27
0.0
 37
0.0
 40
1000.0
 41
1.34
 42
50.0
 43
0.0
 44
0.0
 50
0.0
 51
0.0
 71
0
 72
1000
 73
1
 74
3
 75
0
 76
0
 77
0
 78
0
281
0
 65
0
146
0.0
  0
ENDTAB
  0
TABLE
  2
LTYPE
  5
2
330
0
100
AcDbSymbolTable
 70
21
  0
LTYPE
  5
24
330
2
100
AcDbSymbolTableRecord
100
AcDbLinetypeTableRecord
  2
ByBlock
 70
0
  3

 72
65
 73
0
 40
0.0
  0
LTYPE
  5
25
330
2
100
AcDbSymbolTableRecord
100
AcDbLinetypeTableRecord
  2
ByLayer
 70
0
  3

 72
65
 73
0
 40
0.0
  0
LTYPE
  5
26
330
2
100
AcDbSymbolTableRecord
100
AcDbLinetypeTableRecord
  2
Continuous
 70
0
  3

 72
65
 73
0
 40
0.0
  0
LTYPE
  5
2F
330
2
100
AcDbSymbolTableRecord
100
AcDbLinetypeTableRecord
  2
CENTER
 70
0
  3
Center ____ _ ____ _ ____ _ ____ _ ____ _ ____
 72
65
 73
4
 40
2.0
 49
1.25
 74
0
 49
-0.25
 74
0
 49
0.25
 74
0
 49
-0.25
 74
0
  0
LTYPE
  5
30
330
2
100
AcDbSymbolTableRecord
100
AcDbLinetypeTableRecord
  2
CENTERX2
 70
0
  3
Center (2x) ________  __  ________  __  ________
 72
65
 73
4
 40
3.5
 49
2.5
 74
0
 49
-0.25
 74
0
 49
0.5
 74
0
 49
-0.25
 74
0
  0
LTYPE
  5
31
330
2
100
AcDbSymbolTableRecord
100
AcDbLinetypeTableRecord
  2
CENTER2
 70
0
  3
Center (.5x) ____ _ ____ _ ____ _ ____ _ ____
 72
65
 73
4
 40
1.0
 49
0.625
 74
0
 49
-0.125
 74
0
 49
0.125
 74
0
 49
-0.125
 74
0
  0
LTYPE
  5
32
330
2
100
AcDbSymbolTableRecord
100
AcDbLinetypeTableRecord
  2
DASHED
 70
0
  3
Dashed __ __ __ __ __ __ __ __ __ __ __ __ __ _
 72
65
 73
2
 40
0.6
 49
0.5
 74
0
 49
-0.1
 74
0
  0
LTYPE
  5
33
330
2
100
AcDbSymbolTableRecord
100
AcDbLinetypeTableRecord
  2
DASHEDX2
 70
0
  3
Dashed (2x) ____  ____  ____  ____  ____  ____
 72
65
 73
2
 40
1.2
 49
1.0
 74
0
 49
-0.2
 74
0
  0
LTYPE
  5
34
330
2
100
AcDbSymbolTableRecord
100
AcDbLinetypeTableRecord
  2
DASHED2
 70
0
  3
Dashed (.5x) _ _ _ _ _ _ _ _ _ _ _ _ _ _
 72
65
 73
2
 40
0.3
 49
0.25
 74
0
 49
-0.05
 74
0
  0
LTYPE
  5
35
330
2
100
AcDbSymbolTableRecord
100
AcDbLinetypeTableRecord
  2
PHANTOM
 70
0
  3
Phantom ______  __  __  ______  __  __  ______
 72
65
 73
6
 40
2.5
 49
1.25
 74
0
 49
-0.25
 74
0
 49
0.25
 74
0
 49
-0.25
 74
0
 49
0.25
 74
0
 49
-0.25
 74
0
  0
LTYPE
  5
36
330
2
100
AcDbSymbolTableRecord
100
AcDbLinetypeTableRecord
  2
PHANTOMX2
 70
0
  3
Phantom (2x)____________    ____    ____    ____________
 72
65
 73
6
 40
4.25
 49
2.5
 74
0
 49
-0.25
 74
0
 49
0.5
 74
0
 49
-0.25
 74
0
 49
0.5
 74
0
 49
-0.25
 74
0
  0
LTYPE
  5
37
330
2
100
AcDbSymbolTableRecord
100
AcDbLinetypeTableRecord
  2
PHANTOM2
 70
0
  3
Phantom (.5x) ___ _ _ ___ _ _ ___ _ _ ___ _ _ ___
 72
65
 73
6
 40
1.25
 49
0.625
 74
0
 49
-0.125
 74
0
 49
0.125
 74
0
 49
-0.125
 74
0
 49
0.125
 74
0
 49
-0.125
 74
0
  0
LTYPE
  5
38
330
2
100
AcDbSymbolTableRecord
100
AcDbLinetypeTableRecord
  2
DASHDOT
 70
0
  3
Dash dot __ . __ . __ . __ . __ . __ . __ . __
 72
65
 73
4
 40
1.4
 49
1.0
 74
0
 49
-0.2
 74
0
 49
0.0
 74
0
 49
-0.2
 74
0
  0
LTYPE
  5
39
330
2
100
AcDbSymbolTableRecord
100
AcDbLinetypeTableRecord
  2
DASHDOTX2
 70
0
  3
Dash dot (2x) ____  .  ____  .  ____  .  ____
 72
65
 73
4
 40
2.4
 49
2.0
 74
0
 49
-0.2
 74
0
 49
0.0
 74
0
 49
-0.2
 74
0
  0
LTYPE
  5
3A
330
2
100
AcDbSymbolTableRecord
100
AcDbLinetypeTableRecord
  2
DASHDOT2
 70
0
  3
Dash dot (.5x) _ . _ . _ . _ . _ . _ . _ . _
 72
65
 73
4
 40
0.7
 49
0.5
 74
0
 49
-0.1
 74
0
 49
0.0
 74
0
 49
-0.1
 74
0
  0
LTYPE
  5
3B
330
2
100
AcDbSymbolTableRecord
100
AcDbLinetypeTableRecord
  2
DOT
 70
0
  3
Dot .  .  .  .  .  .  .  .  .  .  .  .  .  .  .  .
 72
65
 73
2
 40
0.2
 49
0.0
 74
0
 49
-0.2
 74
0
  0
LTYPE
  5
3C
330
2
100
AcDbSymbolTableRecord
100
AcDbLinetypeTableRecord
  2
DOTX2
 70
0
  3
Dot (2x) .    .    .    .    .    .    .    . 
 72
65
 73
2
 40
0.4
 49
0.0
 74
0
 49
-0.4
 74
0
  0
LTYPE
  5
3D
330
2
100
AcDbSymbolTableRecord
100
AcDbLinetypeTableRecord
  2
DOT2
 70
0
  3
Dot (.5) . . . . . . . . . . . . . . . . . . . 
 72
65
 73
2
 40
0.1
 49
0.0
 74
0
 49
-0.1
 74
0
  0
LTYPE
  5
3E
330
2
100
AcDbSymbolTableRecord
100
AcDbLinetypeTableRecord
  2
DIVIDE
 70
0
  3
Divide __ . . __ . . __ . . __ . . __ . . __
 72
65
 73
6
 40
1.6
 49
1.0
 74
0
 49
-0.2
 74
0
 49
0.0
 74
0
 49
-0.2
 74
0
 49
0.0
 74
0
 49
-0.2
 74
0
  0
LTYPE
  5
3F
330
2
100
AcDbSymbolTableRecord
100
AcDbLinetypeTableRecord
  2
DIVIDEX2
 70
0
  3
Divide (2x) ____  . .  ____  . .  ____  . .  ____
 72
65
 73
6
 40
2.6
 49
2.0
 74
0
 49
-0.2
 74
0
 49
0.0
 74
0
 49
-0.2
 74
0
 49
0.0
 74
0
 49
-0.2
 74
0
  0
LTYPE
  5
40
330
2
100
AcDbSymbolTableRecord
100
AcDbLinetypeTableRecord
  2
DIVIDE2
 70
0
  3
Divide(.5x) _ . _ . _ . _ . _ . _ . _ . _
 72
65
 73
6
 40
0.8
 49
0.5
 74
0
 49
-0.1
 74
0
 49
0.0
 74
0
 49
-0.1
 74
0
 49
0.0
 74
0
 49
-0.1
 74
0
  0
ENDTAB
  0
TABLE
  2
LAYER
  5
1
330
0
100
AcDbSymbolTable
 70
6
  0
LAYER
  5
27
330
1
100
AcDbSymbolTableRecord
100
AcDbLayerTableRecord
  2
0
 70
0
 62
7
  6
Continuous
370
-3
390
13
347
21
  0
LAYER
  5
28
330
1
100
AcDbSymbolTableRecord
100
AcDbLayerTableRecord
  2
Defpoints
 70
0
 62
7
  6
Continuous
290
0
370
-3
390
13
347
21
  0
LAYER
  5
8A
330
1
100
AcDbSymbolTableRecord
100
AcDbLayerTableRecord
  2
GEOMETRY
 70
0
 62
7
  6
Continuous
370
-3
390
13
347
21
  0
LAYER
  5
8B
330
1
100
AcDbSymbolTableRecord
100
AcDbLayerTableRecord
  2
DIMENSIONS
 70
0
 62
1
  6
Continuous
370
-3
390
13
347
21
  0
LAYER
  5
8C
330
1
100
AcDbSymbolTableRecord
100
AcDbLayerTableRecord
  2
TEXT
 70
0
 62
7
  6
Continuous
370
-3
390
13
347
21
  0
LAYER
  5
8D
330
1
100
AcDbSymbolTableRecord
100
AcDbLayerTableRecord
  2
HATCH
 70
0
 62
8
  6
Continuous
370
-3
390
13
347
21
  0
ENDTAB
  0
TABLE
  2
STYLE
  5
5
330
0
100
AcDbSymbolTable
 70
26
  0
STYLE
  5
29
330
5
100
AcDbSymbolTableRecord
100
AcDbTextStyleTableRecord
  2
Standard
 70
0
 40
0.0
 41
1.0
 50
0.0
 71
0
 42
2.5
  3
txt
  4

  0
STYLE
  5
41
330
5
100
AcDbSymbolTableRecord
100
AcDbTextStyleTableRecord
  2
OpenSans-Light
 70
0
 40
0.0
 41
1.0
 50
0.0
 71
0
 42
2.5
  3
OpenSans-Light.ttf
  4

  0
STYLE
  5
42
330
5
100
AcDbSymbolTableRecord
100
AcDbTextStyleTableRecord
  2
OpenSans-Light-Italic
 70
0
 40
0.0
 41
1.0
 50
0.0
 71
0
 42
2.5
  3
OpenSans-LightItalic.ttf
  4

  0
STYLE
  5
43
330
5
100
AcDbSymbolTableRecord
100
AcDbTextStyleTableRecord
  2
OpenSans
 70
0
 40
0.0
 41
1.0
 50
0.0
 71
0
 42
2.5
  3
OpenSans-Regular.ttf
  4

  0
STYLE
  5
44
330
5
100
AcDbSymbolTableRecord
100
AcDbTextStyleTableRecord
  2
OpenSans-Italic
 70
0
 40
0.0
 41
1.0
 50
0.0
 71
0
 42
2.5
  3
OpenSans-Italic.ttf
  4

  0
STYLE
  5
45
330
5
100
AcDbSymbolTableRecord
100
AcDbTextStyleTableRecord
  2
OpenSans-SemiBold
 70
0
 40
0.0
 41
1.0
 50
0.0
 71
0
 42
2.5
  3
OpenSans-SemiBold.ttf
  4

  0
STYLE
  5
46
330
5
100
AcDbSymbolTableRecord
100
AcDbTextStyleTableRecord
  2
OpenSans-SemiBoldItalic
 70
0
 40
0.0
 41
1.0
 50
0.0
 71
0
 42
2.5
  3
OpenSans-SemiBoldItalic.ttf
  4

  0
STYLE
  5
47
330
5
100
AcDbSymbolTableRecord
100
AcDbTextStyleTableRecord
  2
OpenSans-Bold
 70
0
 40
0.0
 41
1.0
 50
0.0
 71
0
 42
2.5
  3
OpenSans-Bold.ttf
  4

  0
STYLE
  5
48
330
5
100
AcDbSymbolTableRecord
100
AcDbTextStyleTableRecord
  2
OpenSans-BoldItalic
 70
0
 40
0.0
 41
1.0
 50
0.0
 71
0
 42
2.5
  3
OpenSans-BoldItalic.ttf
  4

  0
STYLE
  5
49
330
5
100
AcDbSymbolTableRecord
100
AcDbTextStyleTableRecord
  2
OpenSans-ExtraBold
 70
0
 40
0.0
 41
1.0
 50
0.0
 71
0
 42
2.5
  3
OpenSans-ExtraBold.ttf
  4

  0
STYLE
  5
4A
330
5
100
AcDbSymbolTableRecord
100
AcDbTextStyleTableRecord
  2
OpenSans-ExtraBoldItalic
 70
0
 40
0.0
 41
1.0
 50
0.0
 71
0
 42
2.5
  3
OpenSans-ExtraBoldItalic.ttf
  4

  0
STYLE
  5
4B
330
5
100
AcDbSymbolTableRecord
100
AcDbTextStyleTableRecord
  2
OpenSansCondensed-Bold
 70
0
 40
0.0
 41
1.0
 50
0.0
 71
0
 42
2.5
  3
OpenSansCondensed-Bold.ttf
  4

  0
STYLE
  5
4C
330
5
100
AcDbSymbolTableRecord
100
AcDbTextStyleTableRecord
  2
OpenSansCondensed-Light
 70
0
 40
0.0
 41
1.0
 50
0.0
 71
0
 42
2.5
  3
OpenSansCondensed-Light.ttf
  4

  0
STYLE
  5
4D
330
5
100
AcDbSymbolTableRecord
100
AcDbTextStyleTableRecord
  2
OpenSansCondensed-Italic
 70
0
 40
0.0
 41
1.0
 50
0.0
 71
0
 42
2.5
  3
OpenSansCondensed-LightItalic.ttf
  4

  0
STYLE
  5
4E
330
5
100
AcDbSymbolTableRecord
100
AcDbTextStyleTableRecord
  2
LiberationSans
 70
0
 40
0.0
 41
1.0
 50
0.0
 71
0
 42
2.5
  3
LiberationSans-Regular.ttf
  4

  0
STYLE
  5
4F
330
5
100
AcDbSymbolTableRecord
100
AcDbTextStyleTableRecord
  2
LiberationSans-Bold
 70
0
 40
0.0
 41
1.0
 50
0.0
 71
0
 42
2.5
  3
LiberationSans-Bold.ttf
  4

  0
STYLE
  5
50
330
5
100
AcDbSymbolTableRecord
100
AcDbTextStyleTableRecord
  2
LiberationSans-BoldItalic
 70
0
 40
0.0
 41
1.0
 50
0.0
 71
0
 42
2.5
  3
LiberationSans-BoldItalic.ttf
  4

  0
STYLE
  5
51
330
5
100
AcDbSymbolTableRecord
100
AcDbTextStyleTableRecord
  2
LiberationSans-Italic
 70
0
 40
0.0
 41
1.0
 50
0.0
 71
0
 42
2.5
  3
LiberationSans-Italic.ttf
  4

  0
STYLE
  5
52
330
5
100
AcDbSymbolTableRecord
100
AcDbTextStyleTableRecord
  2
LiberationSerif
 70
0
 40
0.0
 41
1.0
 50
0.0
 71
0
 42
2.5
  3
LiberationSerif-Regular.ttf
  4

  0
STYLE
  5
53
330
5
100
AcDbSymbolTableRecord
100
AcDbTextStyleTableRecord
  2
LiberationSerif-Bold
 70
0
 40
0.0
 41
1.0
 50
0.0
 71
0
 42
2.5
  3
LiberationSerif-Bold.ttf
  4

  0
STYLE
  5
54
330
5
100
AcDbSymbolTableRecord
100
AcDbTextStyleTableRecord
  2
LiberationSerif-BoldItalic
 70
0
 40
0.0
 41
1.0
 50
0.0
 71
0
 42
2.5
  3
LiberationSerif-BoldItalic.ttf
  4

  0
STYLE
  5
55
330
5
100
AcDbSymbolTableRecord
100
AcDbTextStyleTableRecord
  2
LiberationSerif-Italic
 70
0
 40
0.0
 41
1.0
 50
0.0
 71
0
 42
2.5
  3
LiberationSerif-Italic.ttf
  4

  0
STYLE
  5
56
330
5
100
AcDbSymbolTableRecord
100
AcDbTextStyleTableRecord
  2
LiberationMono
 70
0
 40
0.0
 41
1.0
 50
0.0
 71
0
 42
2.5
  3
LiberationMono-Regular.ttf
  4

  0
STYLE
  5
57
330
5
100
AcDbSymbolTableRecord
100
AcDbTextStyleTableRecord
  2
LiberationMono-Bold
 70
0
 40
0.0
 41
1.0
 50
0.0
 71
0
 42
2.5
  3
LiberationMono-Bold.ttf
  4

  0
STYLE
  5
58
330
5
100
AcDbSymbolTableRecord
100
AcDbTextStyleTableRecord
  2
LiberationMono-BoldItalic
 70
0
 40
0.0
 41
1.0
 50
0.0
 71
0
 42
2.5
  3
LiberationMono-BoldItalic.ttf
  4

  0
STYLE
  5
59
330
5
100
AcDbSymbolTableRecord
100
AcDbTextStyleTableRecord
  2
LiberationMono-Italic
 70
0
 40
0.0
 41
1.0
 50
0.0
 71
0
 42
2.5
  3
LiberationMono-Italic.ttf
  4

  0
ENDTAB
  0
TABLE
  2
VIEW
  5
7
330
0
100
AcDbSymbolTable
 70
0
  0
ENDTAB
  0
TABLE
  2
UCS
  5
6
330
0
100
AcDbSymbolTable
 70
0
  0
ENDTAB
  0
TABLE
  2
APPID
  5
3
330
0
100
AcDbSymbolTable
 70
3
  0
APPID
  5
2A
330
3
100
AcDbSymbolTableRecord
100
AcDbRegAppTableRecord
  2
ACAD
 70
0
  0
APPID
  5
11BE
330
3
100
AcDbSymbolTableRecord
100
AcDbRegAppTableRecord
  2
HATCHBACKGROUNDCOLOR
 70
0
  0
APPID
  5
11BF
330
3
100
AcDbSymbolTableRecord
100
AcDbRegAppTableRecord
  2
EZDXF
 70
0
  0
ENDTAB
  0
TABLE
  2
DIMSTYLE
  5
4
330
0
100
AcDbSymbolTable
 70
12
100
AcDbDimStyleTable
  0
DIMSTYLE
105
2B
330
4
100
AcDbSymbolTableRecord
100
AcDbDimStyleTableRecord
  2
Standard
 70
0
 40
1.0
 41
2.5
 42
0.625
 43
3.75
 44
1.25
 45
0.0
 46
0.0
 47
0.0
 48
0.0
 49
2.5
140
2.5
141
2.5
142
0.0
143
0.03937007874
144
1.0
145
0.0
146
1.0
147
0.625
148
0.0
 69
0
 70
0
 71
0
 72
0
 73
0
 74
0
 75
0
 76
0
 77
1
 78
8
 79
3
170
0
171
3
172
1
173
0
174
0
175
0
176
0
177
0
178
0
179
2
271
2
272
2
273
2
274
3
275
0
276
0
277
2
278
44
279
0
280
0
281
0
282
0
283
0
284
8
285
0
286
0
288
0
289
3
290
0
371
-2
372
-2
  0
DIMSTYLE
105
73
330
4
100
AcDbSymbolTableRecord
100
AcDbDimStyleTableRecord
  2
EZDXF
 70
0
 40
1.0
 41
0.175
 42
0.125
 43
3.75
 44
0.375
 45
0.0
 46
0.0
 47
0.0
 48
0.0
 49
2.5
140
0.25
141
2.5
142
0.0
143
0.03937007874
144
100.0
145
0.0
146
0.5
147
0.1
148
0.0
 69
0
 70
0
 71
0
 72
0
 73
0
 74
0
 75
0
 76
0
 77
1
 78
12
 79
3
170
0
171
3
172
1
173
0
174
0
175
0
176
0
177
0
178
0
179
2
271
2
272
2
273
2
274
3
275
0
276
0
277
2
278
46
279
2
280
0
281
0
282
0
283
0
284
8
285
0
286
0
288
1
289
3
290
0
340
4C
342
74
371
-2
372
-2
  0
DIMSTYLE
105
7C
330
4
100
AcDbSymbolTableRecord
100
AcDbDimStyleTableRecord
  2
EZ_M_100_H25_CM
 70
0
 40
1.0
 41
0.25
 42
0.125
 43
3.75
 44
0.375
 45
0.0
 46
0.0
 47
0.0
 48
0.0
 49
2.5
140
0.25
141
2.5
142
0.125
143
0.03937007874
144
100.0
145
0.0
146
0.5
147
0.1
148
0.0
 69
0
 70
0
 71
0
 72
0
 73
0
 74
0
 75
0
 76
0
 77
1
 78
12
 79
3
170
0
171
3
172
1
173
0
174
0
175
0
176
0
177
0
178
0
179
2
271
2
272
2
273
2
274
3
275
0
276
0
277
2
278
46
279
2
280
0
281
0
282
0
283
0
284
8
285
0
286
0
288
1
289
3
290
0
340
4C
371
-2
372
-2
  0
DIMSTYLE
105
7D
330
4
100
AcDbSymbolTableRecord
100
AcDbDimStyleTableRecord
  2
EZ_M_50_H25_CM
 70
0
 40
1.0
 41
0.125
 42
0.0625
 43
3.75
 44
0.1875
 45
0.0
 46
0.0
 47
0.0
 48
0.0
 49
2.5
140
0.125
141
2.5
142
0.0625
143
0.03937007874
144
100.0
145
0.0
146
0.5
147
0.05
148
0.0
 69
0
 70
0
 71
0
 72
0
 73
0
 74
0
 75
0
 76
0
 77
1
 78
12
 79
3
170
0
171
3
172
1
173
0
174
0
175
0
176
0
177
0
178
0
179
2
271
2
272
2
273
2
274
3
275
0
276
0
277
2
278
46
279
2
280
0
281
0
282
0
283
0
284
8
285
0
286
0
288
1
289
3
290
0
340
4C
371
-2
372
-2
  0
DIMSTYLE
105
7E
330
4
100
AcDbSymbolTableRecord
100
AcDbDimStyleTableRecord
  2
EZ_M_25_H25_CM
 70
0
 40
1.0
 41
0.0625
 42
0.03125
 43
3.75
 44
0.09375
 45
0.0
 46
0.0
 47
0.0
 48
0.0
 49
2.5
140
0.0625
141
2.5
142
0.03125
143
0.03937007874
144
100.0
145
0.0
146
0.5
147
0.025
148
0.0
 69
0
 70
0
 71
0
 72
0
 73
0
 74
0
 75
0
 76
0
 77
1
 78
12
 79
3
170
0
171
3
172
1
173
0
174
0
175
0
176
0
177
0
178
0
179
2
271
2
272
2
273
2
274
3
275
0
276
0
277
2
278
46
279
2
280
0
281
0
282
0
283
0
284
8
285
0
286
0
288
1
289
3
290
0
340
4C
371
-2
372
-2
  0
DIMSTYLE
105
7F
330
4
100
AcDbSymbolTableRecord
100
AcDbDimStyleTableRecord
  2
EZ_M_20_H25_CM
 70
0
 40
1.0
 41
0.05
 42
0.025
 43
3.75
 44
0.07500000000000001
 45
0.0
 46
0.0
 47
0.0
 48
0.0
 49
2.5
140
0.05
141
2.5
142
0.025
143
0.03937007874
144
100.0
145
0.0
146
0.5
147
0.020000000000000004
148
0.0
 69
0
 70
0
 71
0
 72
0
 73
0
 74
0
 75
0
 76
0
 77
1
 78
12
 79
3
170
0
171
3
172
1
173
0
174
0
175
0
176
0
177
0
178
0
179
2
271
2
272
2
273
2
274
3
275
0
276
0
277
2
278
46
279
2
280
0
281
0
282
0
283
0
284
8
285
0
286
0
288
1
289
3
290
0
340
4C
371
-2
372
-2
  0
DIMSTYLE
105
80
330
4
100
AcDbSymbolTableRecord
100
AcDbDimStyleTableRecord
  2
EZ_M_10_H25_CM
 70
0
 40
1.0
 41
0.025
 42
0.0125
 43
3.75
 44
0.037500000000000006
 45
0.0
 46
0.0
 47
0.0
 48
0.0
 49
2.5
140
0.025
141
2.5
142
0.0125
143
0.03937007874
144
100.0
145
0.0
146
0.5
147
0.010000000000000002
148
0.0
 69
0
 70
0
 71
0
 72
0
 73
0
 74
0
 75
0
 76
0
 77
1
 78
12
 79
3
170
0
171
3
172
1
173
0
174
0
175
0
176
0
177
0
178
0
179
2
271
2
272
2
273
2
274
3
275
0
276
0
277
2
278
46
279
2
280
0
281
0
282
0
283
0
284
8
285
0
286
0
288
1
289
3
290
0
340
4C
371
-2
372
-2
  0
DIMSTYLE
105
81
330
4
100
AcDbSymbolTableRecord
100
AcDbDimStyleTableRecord
  2
EZ_M_5_H25_CM
 70
0
 40
1.0
 41
0.0125
 42
0.00625
 43
3.75
 44
0.018750000000000003
 45
0.0
 46
0.0
 47
0.0
 48
0.0
 49
2.5
140
0.0125
141
2.5
142
0.00625
143
0.03937007874
144
100.0
145
0.0
146
0.5
147
0.005000000000000001
148
0.0
 69
0
 70
0
 71
0
 72
0
 73
0
 74
0
 75
0
 76
0
 77
1
 78
12
 79
3
170
0
171
3
172
1
173
0
174
0
175
0
176
0
177
0
178
0
179
2
271
2
272
2
273
2
274
3
275
0
276
0
277
2
278
46
279
2
280
0
281
0
282
0
283
0
284
8
285
0
286
0
288
1
289
3
290
0
340
4C
371
-2
372
-2
  0
DIMSTYLE
105
82
330
4
100
AcDbSymbolTableRecord
100
AcDbDimStyleTableRecord
  2
EZ_M_1_H25_CM
 70
0
 40
1.0
 41
0.0025
 42
0.00125
 43
3.75
 44
0.00375
 45
0.0
 46
0.0
 47
0.0
 48
0.0
 49
2.5
140
0.0025
141
2.5
142
0.00125
143
0.03937007874
144
100.0
145
0.0
146
0.5
147
0.001
148
0.0
 69
0
 70
0
 71
0
 72
0
 73
0
 74
0
 75
0
 76
0
 77
1
 78
12
 79
3
170
0
171
3
172
1
173
0
174
0
175
0
176
0
177
0
178
0
179
2
271
2
272
2
273
2
274
3
275
0
276
0
277
2
278
46
279
2
280
0
281
0
282
0
283
0
284
8
285
0
286
0
288
1
289
3
290
0
340
4C
371
-2
372
-2
  0
DIMSTYLE
105
83
330
4
100
AcDbSymbolTableRecord
100
AcDbDimStyleTableRecord
  2
EZ_RADIUS
 70
0
 40
1.0
 41
0.25
 42
0.125
 43
3.75
 44
0.375
 45
0.0
 46
0.0
 47
0.0
 48
0.0
 49
2.5
140
0.25
141
0.0
142
0.0
143
0.03937007874
144
100.0
145
0.0
146
0.5
147
0.1
148
0.0
 69
0
 70
0
 71
0
 72
0
 73
0
 74
0
 75
0
 76
0
 77
1
 78
12
 79
3
170
0
171
3
172
0
173
0
174
0
175
0
176
0
177
0
178
0
179
2
271
2
272
2
273
2
274
3
275
0
276
0
277
2
278
46
279
1
280
0
281
0
282
0
283
0
284
8
285
0
286
0
288
1
289
3
290
0
340
4C
342
84
371
-2
372
-2
  0
DIMSTYLE
105
88
330
4
100
AcDbSymbolTableRecord
100
AcDbDimStyleTableRecord
  2
EZ_RADIUS_INSIDE
 70
0
 40
1.0
 41
0.25
 42
0.125
 43
3.75
 44
0.375
 45
0.0
 46
0.0
 47
0.0
 48
0.0
 49
2.5
140
0.25
141
0.0
142
0.0
143
0.03937007874
144
100.0
145
0.0
146
0.5
147
0.1
148
0.0
 69
0
 70
0
 71
0
 72
0
 73
0
 74
0
 75
0
 76
0
 77
0
 78
12
 79
3
170
0
171
3
172
0
173
0
174
1
175
0
176
0
177
0
178
0
179
2
271
2
272
2
273
2
274
3
275
0
276
0
277
2
278
46
279
0
280
0
281
0
282
0
283
0
284
8
285
0
286
0
288
1
289
0
290
0
340
4C
342
84
371
-2
372
-2
  0
DIMSTYLE
105
89
330
4
100
AcDbSymbolTableRecord
100
AcDbDimStyleTableRecord
  2
EZ_CURVED
 70
0
 40
1.0
 41
0.25
 42
0.125
 43
3.75
 44
0.375
 45
0.0
 46
0.0
 47
0.0
 48
0.0
 49
2.5
140
0.25
141
2.5
142
0.0
143
0.03937007874
144
100.0
145
0.0
146
0.5
147
0.1
148
0.0
 69
0
 70
0
 71
0
 72
0
 73
0
 74
0
 75
0
 76
0
 77
1
 78
12
 79
2
 90
2
170
0
171
3
172
1
173
0
174
0
175
0
176
0
177
0
178
0
179
2
271
2
272
2
273
2
274
3
275
0
276
0
277
2
278
46
279
2
280
0
281
0
282
0
283
0
284
8
285
0
286
0
288
1
289
3
290
0
340
4C
371
-2
372
-2
  0
ENDTAB
  0
TABLE
  2
BLOCK_RECORD
  5
9
330
0
100
AcDbSymbolTable
 70
5
  0
BLOCK_RECORD
  5
17
330
9
100
AcDbSymbolTableRecord
100
AcDbBlockTableRecord
  2
*Model_Space
340
1A
 70
0
280
1
281
0
  0
BLOCK_RECORD
  5
1B
330
9
100
AcDbSymbolTableRecord
100
AcDbBlockTableRecord
  2
*Paper_Space
340
1E
 70
0
280
1
281
0
  0
BLOCK_RECORD
  5
74
330
9
100
AcDbSymbolTableRecord
100
AcDbBlockTableRecord
  2
_ARCHTICK
340
0
 70
0
280
1
281
0
  0
BLOCK_RECORD
  5
78
330
9
100
AcDbSymbolTableRecord
100
AcDbBlockTableRecord
  2
_CLOSEDFILLED
340
0
 70
0
280
1
281
0
  0
BLOCK_RECORD
  5
84
330
9
100
AcDbSymbolTableRecord
100
AcDbBlockTableRecord
  2
_CLOSEDBLANK
340
0
 70
0
280
1
281
0
  0
ENDTAB
  0
ENDSEC
  0
SECTION
  2
BLOCKS
  0
BLOCK
  5
18
330
17
100
AcDbEntity
  8
0
100
AcDbBlockBegin
  2
*Model_Space
 70
0
 10
0.0
 20
0.0
 30
0.0
  3
*Model_Space
  1

  0
ENDBLK
  5
19
330
17
100
AcDbEntity
  8
0
100
AcDbBlockEnd
  0
BLOCK
  5
1C
330
1B
100
AcDbEntity
  8
0
100
AcDbBlockBegin
  2
*Paper_Space
 70
0
 10
0.0
 20
0.0
 30
0.0
  3
*Paper_Space
  1

  0
ENDBLK
  5
1D
330
1B
100
AcDbEntity
  8
0
100
AcDbBlockEnd
  0
BLOCK
  5
75
330
74
100
AcDbEntity
  8
0
100
AcDbBlockBegin
  2
_ARCHTICK
 70
0
 10
0.0
 20
0.0
 30
0.0
  3
_ARCHTICK
  1

  0
LWPOLYLINE
  5
77
330
74
100
AcDbEntity
  8
0
  6
BYBLOCK
 62
0
100
AcDbPolyline
 90
2
 70
0
 43
0.15
 10
-0.5
 20
-0.5
 10
0.5
 20
0.5
  0
ENDBLK
  5
76
330
74
100
AcDbEntity
  8
0
100
AcDbBlockEnd
  0
BLOCK
  5
79
330
78
100
AcDbEntity
  8
0
100
AcDbBlockBegin
  2
_CLOSEDFILLED
 70
0
 10
0.0
 20
0.0
 30
0.0
  3
_CLOSEDFILLED
  1

  0
SOLID
  5
7B
330
78
100
AcDbEntity
  8
0
  6
BYBLOCK
 62
0
100
AcDbTrace
 10
-1.0
 20
0.16439898372402537
 30
0.0
 11
0.0
 21
0.0
 31
0.0
 12
-1.0
 22
-0.16439898372402537
 32
0.0
 13
-1.0
 23
-0.16439898372402537
 33
0.0
  0
ENDBLK
  5
7A
330
78
100
AcDbEntity
  8
0
100
AcDbBlockEnd
  0
BLOCK
  5
85
330
84
100
AcDbEntity
  8
0
100
AcDbBlockBegin
  2
_CLOSEDBLANK
 70
0
 10
0.0
 20
0.0
 30
0.0
  3
_CLOSEDBLANK
  1

  0
LWPOLYLINE
  5
87
330
84
100
AcDbEntity
  8
0
  6
BYBLOCK
 62
0
100
AcDbPolyline
 90
3
 70
1
 10
-1.0
 20
0.16439898372402537
 10
0.0
 20
0.0
 10
-1.0
 20
-0.16439898372402537
  0
ENDBLK
  5
86
330
84
100
AcDbEntity
  8
0
100
AcDbBlockEnd
  0
ENDSEC
  0
SECTION
  2
ENTITIES
  0
LWPOLYLINE
  5
8E
330
17
100
AcDbEntity
  8
GEOMETRY
100
AcDbPolyline
 90
5
 70
0
 10
0.31496062992125984
 20
11.377952755905513
 10
16.22047244094488
 20
11.377952755905513
 10
16.22047244094488
 20
0.31496062992126106
 10
0.31496062992125984
 20
0.31496062992126106
 10
0.31496062992125984
 20
11.377952755905513
  0
TEXT
  5
8F
330
17
100
AcDbEntity
  8
TEXT
100
AcDbText
 10
0.7086614173228346
 20
11.023622047244094
 30
0.0
 40
0.09070866141732283
  1
FRONT ELEVATION
 11
0.7086614173228346
 21
11.023622047244094
 31
0.0
100
AcDbText
  0
LINE
  5
90
330
17
100
AcDbEntity
  8
GEOMETRY
100
AcDbLine
 10
0.7086614173228346
 20
10.964566929133857
 30
0.0
 11
3.0708661417322833
 21
10.964566929133857
 31
0.0
  0
TEXT
  5
91
330
17
100
AcDbEntity
  8
TEXT
100
AcDbText
 10
0.7086614173228346
 20
10.834645669291337
 30
0.0
 40
0.048188976377952754
  1
SCALE 1:20
 11
0.7086614173228346
 21
10.834645669291337
 31
0.0
100
AcDbText
  0
LWPOLYLINE
  5
92
330
17
100
AcDbEntity
  8
GEOMETRY
100
AcDbPolyline
 90
5
 70
0
 10
1.1023622047244095
 20
10.354330708661418
 10
5.60236220472441
 20
10.354330708661418
 10
5.60236220472441
 20
10.275590551181104
 10
1.1023622047244095
 20
10.275590551181104
 10
1.1023622047244095
 20
10.354330708661418
  0
LINE
  5
93
330
17
100
AcDbEntity
  8
GEOMETRY
100
AcDbLine
 10
1.1023622047244095
 20
10.338582677165356
 30
0.0
 11
5.60236220472441
 21
10.338582677165356
 31
0.0
  0
LINE
  5
94
330
17
100
AcDbEntity
  8
GEOMETRY
100
AcDbLine
 10
1.1023622047244095
 20
10.32283464566929
 30
0.0
 11
5.60236220472441
 21
10.32283464566929
 31
0.0
  0
LINE
  5
95
330
17
100
AcDbEntity
  8
GEOMETRY
100
AcDbLine
 10
1.1023622047244095
 20
10.307086614173228
 30
0.0
 11
5.60236220472441
 21
10.307086614173228
 31
0.0
  0
LINE
  5
96
330
17
100
AcDbEntity
  8
GEOMETRY
100
AcDbLine
 10
1.1023622047244095
 20
10.291338582677165
 30
0.0
 11
5.60236220472441
 21
10.291338582677165
 31
0.0
  0
LWPOLYLINE
  5
97
330
17
100
AcDbEntity
  8
GEOMETRY
100
AcDbPolyline
 90
5
 70
0
 10
1.1614173228346456
 20
10.275590551181104
 10
5.543307086614174
 20
10.275590551181104
 10
5.543307086614174
 20
10.127952755905513
 10
1.1614173228346456
 20
10.127952755905513
 10
1.1614173228346456
 20
10.275590551181104
  0
LWPOLYLINE
  5
98
330
17
100
AcDbEntity
  8
GEOMETRY
100
AcDbPolyline
 90
5
 70
0
 10
1.2460629921259843
 20
10.263779527559056
 10
2.1791338582677167
 20
10.263779527559056
 10
2.1791338582677167
 20
10.13976377952756
 10
1.2460629921259843
 20
10.13976377952756
 10
1.2460629921259843
 20
10.263779527559056
  0
LWPOLYLINE
  5
99
330
17
100
AcDbEntity
  8
GEOMETRY
100
AcDbPolyline
 90
5
 70
0
 10
1.2519685039370079
 20
10.257874015748031
 10
2.173228346456693
 20
10.257874015748031
 10
2.173228346456693
 20
10.145669291338583
 10
1.2519685039370079
 20
10.145669291338583
 10
1.2519685039370079
 20
10.257874015748031
  0
LWPOLYLINE
  5
9A
330
17
100
AcDbEntity
  8
GEOMETRY
100
AcDbPolyline
 90
5
 70
0
 10
2.2736220472440944
 20
10.263779527559056
 10
4.431102362204725
 20
10.263779527559056
 10
4.431102362204725
 20
10.13976377952756
 10
2.2736220472440944
 20
10.13976377952756
 10
2.2736220472440944
 20
10.263779527559056
  0
LWPOLYLINE
  5
9B
330
17
100
AcDbEntity
  8
GEOMETRY
100
AcDbPolyline
 90
5
 70
0
 10
2.2795275590551185
 20
10.257874015748031
 10
4.425196850393701
 20
10.257874015748031
 10
4.425196850393701
 20
10.145669291338583
 10
2.2795275590551185
 20
10.145669291338583
 10
2.2795275590551185
 20
10.257874015748031
  0
LWPOLYLINE
  5
9C
330
17
100
AcDbEntity
  8
GEOMETRY
100
AcDbPolyline
 90
5
 70
0
 10
4.525590551181103
 20
10.263779527559056
 10
5.458661417322835
 20
10.263779527559056
 10
5.458661417322835
 20
10.13976377952756
 10
4.525590551181103
 20
10.13976377952756
 10
4.525590551181103
 20
10.263779527559056
  0
LWPOLYLINE
  5
9D
330
17
100
AcDbEntity
  8
GEOMETRY
100
AcDbPolyline
 90
5
 70
0
 10
4.531496062992126
 20
10.257874015748031
 10
5.452755905511811
 20
10.257874015748031
 10
5.452755905511811
 20
10.145669291338583
 10
4.531496062992126
 20
10.145669291338583
 10
4.531496062992126
 20
10.257874015748031
  0
LWPOLYLINE
  5
9E
330
17
100
AcDbEntity
  8
GEOMETRY
100
AcDbPolyline
 90
5
 70
0
 10
1.1614173228346456
 20
10.127952755905513
 10
5.543307086614174
 20
10.127952755905513
 10
5.543307086614174
 20
10.098425196850394
 10
1.1614173228346456
 20
10.098425196850394
 10
1.1614173228346456
 20
10.127952755905513
  0
LINE
  5
9F
330
17
100
AcDbEntity
  8
GEOMETRY
100
AcDbLine
 10
1.1614173228346456
 20
10.118110236220472
 30
0.0
 11
5.543307086614174
 21
10.118110236220472
 31
0.0
  0
LINE
  5
A0
330
17
100
AcDbEntity
  8
GEOMETRY
100
AcDbLine
 10
1.1614173228346456
 20
10.108267716535433
 30
0.0
 11
5.543307086614174
 21
10.108267716535433
 31
0.0
  0
LWPOLYLINE
  5
A1
330
17
100
AcDbEntity
  8
GEOMETRY
100
AcDbPolyline
 90
5
 70
0
 10
2.3031496062992125
 20
10.098425196850394
 10
4.4015748031496065
 20
10.098425196850394
 10
4.4015748031496065
 20
9.173228346456693
 10
2.3031496062992125
 20
9.173228346456693
 10
2.3031496062992125
 20
10.098425196850394
  0
LWPOLYLINE
  5
A2
330
17
100
AcDbEntity
  8
GEOMETRY
100
AcDbPolyline
 90
5
 70
0
 10
2.3818897637795273
 20
10.01968503937008
 10
3.332677165354331
 20
10.01968503937008
 10
3.332677165354331
 20
9.251968503937007
 10
2.3818897637795273
 20
9.251968503937007
 10
2.3818897637795273
 20
10.01968503937008
  0
LWPOLYLINE
  5
A3
330
17
100
AcDbEntity
  8
GEOMETRY
100
AcDbPolyline
 90
5
 70
0
 10
3.3720472440944884
 20
10.01968503937008
 10
4.322834645669292
 20
10.01968503937008
 10
4.322834645669292
 20
9.251968503937007
 10
3.3720472440944884
 20
9.251968503937007
 10
3.3720472440944884
 20
10.01968503937008
  0
LWPOLYLINE
  5
A4
330
17
100
AcDbEntity
  8
GEOMETRY
100
AcDbPolyline
 90
5
 70
0
 10
1.1614173228346456
 20
10.098425196850394
 10
2.263779527559055
 20
10.098425196850394
 10
2.263779527559055
 20
9.035433070866143
 10
1.1614173228346456
 20
9.035433070866143
 10
1.1614173228346456
 20
10.098425196850394
  0
LINE
  5
A5
330
17
100
AcDbEntity
  8
GEOMETRY
100
AcDbLine
 10
1.236220472440945
 20
10.098425196850394
 30
0.0
 11
1.236220472440945
 21
9.03543307086614
 31
0.0
  0
LINE
  5
A6
330
17
100
AcDbEntity
  8
GEOMETRY
100
AcDbLine
 10
2.188976377952756
 20
10.098425196850394
 30
0.0
 11
2.188976377952756
 21
9.03543307086614
 31
0.0
  0
LWPOLYLINE
  5
A7
330
17
100
AcDbEntity
  8
GEOMETRY
100
AcDbPolyline
 90
5
 70
0
 10
1.2559055118110236
 20
10.0748031496063
 10
2.1692913385826773
 20
10.0748031496063
 10
2.1692913385826773
 20
9.799212598425198
 10
1.2559055118110236
 20
9.799212598425198
 10
1.2559055118110236
 20
10.0748031496063
  0
LWPOLYLINE
  5
A8
330
17
100
AcDbEntity
  8
GEOMETRY
100
AcDbPolyline
 90
5
 70
0
 10
1.263779527559055
 20
10.066929133858268
 10
2.161417322834646
 20
10.066929133858268
 10
2.161417322834646
 20
9.80708661417323
 10
1.263779527559055
 20
9.80708661417323
 10
1.263779527559055
 20
10.066929133858268
  0
CIRCLE
  5
A9
330
17
100
AcDbEntity
  8
GEOMETRY
100
AcDbCircle
 10
1.624015748031496
 20
9.956692913385828
 30
0.0
 40
0.015748031496062992
  0
CIRCLE
  5
AA
330
17
100
AcDbEntity
  8
GEOMETRY
100
AcDbCircle
 10
1.8011811023622046
 20
9.956692913385828
 30
0.0
 40
0.015748031496062992
  0
CIRCLE
  5
AB
330
17
100
AcDbEntity
  8
GEOMETRY
100
AcDbCircle
 10
1.624015748031496
 20
9.956692913385828
 30
0.0
 40
0.005905511811023623
  0
CIRCLE
  5
AC
330
17
100
AcDbEntity
  8
GEOMETRY
100
AcDbCircle
 10
1.8011811023622046
 20
9.956692913385828
 30
0.0
 40
0.005905511811023623
  0
SPLINE
  5
AD
330
17
100
AcDbEntity
  8
GEOMETRY
100
AcDbSpline
 70
0
 71
3
 72
8
 73
4
 74
0
 40
0.0
 40
0.0
 40
0.0
 40
0.0
 40
1.0
 40
1.0
 40
1.0
 40
1.0
 10
1.624015748031496
 20
9.950787401574804
 30
0.0
 10
1.624015748031496
 20
9.929133858267717
 30
0.0
 10
1.6417322834645671
 20
9.933070866141733
 30
0.0
 10
1.6535433070866141
 20
9.91732283464567
 30
0.0
  0
SPLINE
  5
AE
330
17
100
AcDbEntity
  8
GEOMETRY
100
AcDbSpline
 70
0
 71
3
 72
11
 73
7
 74
0
 40
0.0
 40
0.0
 40
0.0
 40
0.0
 40
1.0
 40
1.0
 40
1.0
 40
2.0
 40
2.0
 40
2.0
 40
2.0
 10
1.6535433070866141
 20
9.91732283464567
 30
0.0
 10
1.6653543307086613
 20
9.903543307086615
 30
0.0
 10
1.6889763779527558
 20
9.905511811023622
 30
0.0
 10
1.7125984251968505
 20
9.905511811023622
 30
0.0
 10
1.736220472440945
 20
9.905511811023622
 30
0.0
 10
1.7598425196850394
 20
9.903543307086615
 30
0.0
 10
1.7716535433070866
 20
9.91732283464567
 30
0.0
  0
SPLINE
  5
AF
330
17
100
AcDbEntity
  8
GEOMETRY
100
AcDbSpline
 70
0
 71
3
 72
8
 73
4
 74
0
 40
0.0
 40
0.0
 40
0.0
 40
0.0
 40
1.0
 40
1.0
 40
1.0
 40
1.0
 10
1.7716535433070866
 20
9.91732283464567
 30
0.0
 10
1.7834645669291338
 20
9.933070866141733
 30
0.0
 10
1.8011811023622046
 20
9.929133858267717
 30
0.0
 10
1.8011811023622046
 20
9.950787401574804
 30
0.0
  0
SPLINE
  5
B0
330
17
100
AcDbEntity
  8
GEOMETRY
100
AcDbSpline
 70
0
 71
3
 72
23
 73
19
 74
0
 40
0.0
 40
0.0
 40
0.0
 40
0.0
 40
1.0
 40
1.0
 40
1.0
 40
2.0
 40
2.0
 40
2.0
 40
3.0
 40
3.0
 40
3.0
 40
4.0
 40
4.0
 40
4.0
 40
5.0
 40
5.0
 40
5.0
 40
6.0
 40
6.0
 40
6.0
 40
6.0
 10
1.702755905511811
 20
10.043307086614174
 30
0.0
 10
1.702755905511811
 20
10.045034681054233
 30
0.0
 10
1.703210755892328
 20
10.046732205784165
 30
0.0
 10
1.7040745531123578
 20
10.048228346456693
 30
0.0
 10
1.7049383503323876
 20
10.049724487129222
 30
0.0
 10
1.7061810246818025
 20
10.050967161478637
 30
0.0
 10
1.7076771653543308
 20
10.051830958698666
 30
0.0
 10
1.709173306026859
 20
10.052694755918697
 30
0.0
 10
1.7108708307567906
 20
10.053149606299213
 30
0.0
 10
1.7125984251968505
 20
10.053149606299213
 30
0.0
 10
1.7143260196369101
 20
10.053149606299213
 30
0.0
 10
1.716023544366842
 20
10.052694755918697
 30
0.0
 10
1.7175196850393701
 20
10.051830958698666
 30
0.0
 10
1.7190158257118984
 20
10.050967161478637
 30
0.0
 10
1.720258500061313
 20
10.049724487129222
 30
0.0
 10
1.721122297281343
 20
10.048228346456693
 30
0.0
 10
1.7219860945013727
 20
10.046732205784165
 30
0.0
 10
1.7224409448818898
 20
10.045034681054233
 30
0.0
 10
1.7224409448818898
 20
10.043307086614174
 30
0.0
  0
POLYLINE
  5
B1
330
17
100
AcDbEntity
  8
GEOMETRY
100
AcDb2dPolyline
 66
1
 10
0.0
 20
0.0
 30
0.0
 70
0
  0
VERTEX
  5
B2
330
B1
100
AcDbEntity
  8
GEOMETRY
100
AcDbVertex
100
AcDb2dVertex
 10
1.7224409448818898
 20
10.043307086614174
 30
0.0
 70
0
  0
VERTEX
  5
B3
330
B1
100
AcDbEntity
  8
GEOMETRY
100
AcDbVertex
100
AcDb2dVertex
 10
1.7263779527559056
 20
10.023622047244094
 30
0.0
 70
0
  0
VERTEX
  5
B4
330
B1
100
AcDbEntity
  8
GEOMETRY
100
AcDbVertex
100
AcDb2dVertex
 10
1.6988188976377951
 20
10.023622047244094
 30
0.0
 70
0
  0
VERTEX
  5
B5
330
B1
100
AcDbEntity
  8
GEOMETRY
100
AcDbVertex
100
AcDb2dVertex
 10
1.702755905511811
 20
10.043307086614174
 30
0.0
 70
0
  0
SEQEND
  5
B6
330
B1
100
AcDbEntity
  8
GEOMETRY
  0
LWPOLYLINE
  5
B7
330
17
100
AcDbEntity
  8
GEOMETRY
100
AcDbPolyline
 90
5
 70
0
 10
1.2559055118110236
 20
9.763779527559056
 10
2.1692913385826773
 20
9.763779527559056
 10
2.1692913385826773
 20
9.448818897637796
 10
1.2559055118110236
 20
9.448818897637796
 10
1.2559055118110236
 20
9.763779527559056
  0
LWPOLYLINE
  5
B8
330
17
100
AcDbEntity
  8
GEOMETRY
100
AcDbPolyline
 90
5
 70
0
 10
1.263779527559055
 20
9.755905511811024
 10
2.161417322834646
 20
9.755905511811024
 10
2.161417322834646
 20
9.456692913385828
 10
1.263779527559055
 20
9.456692913385828
 10
1.263779527559055
 20
9.755905511811024
  0
CIRCLE
  5
B9
330
17
100
AcDbEntity
  8
GEOMETRY
100
AcDbCircle
 10
1.624015748031496
 20
9.625984251968504
 30
0.0
 40
0.015748031496062992
  0
CIRCLE
  5
BA
330
17
100
AcDbEntity
  8
GEOMETRY
100
AcDbCircle
 10
1.8011811023622046
 20
9.625984251968504
 30
0.0
 40
0.015748031496062992
  0
CIRCLE
  5
BB
330
17
100
AcDbEntity
  8
GEOMETRY
100
AcDbCircle
 10
1.624015748031496
 20
9.625984251968504
 30
0.0
 40
0.005905511811023623
  0
CIRCLE
  5
BC
330
17
100
AcDbEntity
  8
GEOMETRY
100
AcDbCircle
 10
1.8011811023622046
 20
9.625984251968504
 30
0.0
 40
0.005905511811023623
  0
SPLINE
  5
BD
330
17
100
AcDbEntity
  8
GEOMETRY
100
AcDbSpline
 70
0
 71
3
 72
8
 73
4
 74
0
 40
0.0
 40
0.0
 40
0.0
 40
0.0
 40
1.0
 40
1.0
 40
1.0
 40
1.0
 10
1.624015748031496
 20
9.620078740157481
 30
0.0
 10
1.624015748031496
 20
9.598425196850394
 30
0.0
 10
1.6417322834645671
 20
9.602362204724411
 30
0.0
 10
1.6535433070866141
 20
9.586614173228348
 30
0.0
  0
SPLINE
  5
BE
330
17
100
AcDbEntity
  8
GEOMETRY
100
AcDbSpline
 70
0
 71
3
 72
11
 73
7
 74
0
 40
0.0
 40
0.0
 40
0.0
 40
0.0
 40
1.0
 40
1.0
 40
1.0
 40
2.0
 40
2.0
 40
2.0
 40
2.0
 10
1.6535433070866141
 20
9.586614173228348
 30
0.0
 10
1.6653543307086613
 20
9.572834645669293
 30
0.0
 10
1.6889763779527558
 20
9.5748031496063
 30
0.0
 10
1.7125984251968505
 20
9.5748031496063
 30
0.0
 10
1.736220472440945
 20
9.5748031496063
 30
0.0
 10
1.7598425196850394
 20
9.572834645669293
 30
0.0
 10
1.7716535433070866
 20
9.586614173228348
 30
0.0
  0
SPLINE
  5
BF
330
17
100
AcDbEntity
  8
GEOMETRY
100
AcDbSpline
 70
0
 71
3
 72
8
 73
4
 74
0
 40
0.0
 40
0.0
 40
0.0
 40
0.0
 40
1.0
 40
1.0
 40
1.0
 40
1.0
 10
1.7716535433070866
 20
9.586614173228348
 30
0.0
 10
1.7834645669291338
 20
9.602362204724411
 30
0.0
 10
1.8011811023622046
 20
9.598425196850394
 30
0.0
 10
1.8011811023622046
 20
9.620078740157481
 30
0.0
  0
SPLINE
  5
C0
330
17
100
AcDbEntity
  8
GEOMETRY
100
AcDbSpline
 70
0
 71
3
 72
23
 73
19
 74
0
 40
0.0
 40
0.0
 40
0.0
 40
0.0
 40
1.0
 40
1.0
 40
1.0
 40
2.0
 40
2.0
 40
2.0
 40
3.0
 40
3.0
 40
3.0
 40
4.0
 40
4.0
 40
4.0
 40
5.0
 40
5.0
 40
5.0
 40
6.0
 40
6.0
 40
6.0
 40
6.0
 10
1.702755905511811
 20
9.73228346456693
 30
0.0
 10
1.702755905511811
 20
9.73401105900699
 30
0.0
 10
1.703210755892328
 20
9.73570858373692
 30
0.0
 10
1.7040745531123578
 20
9.73720472440945
 30
0.0
 10
1.7049383503323876
 20
9.738700865081977
 30
0.0
 10
1.7061810246818025
 20
9.739943539431392
 30
0.0
 10
1.7076771653543308
 20
9.740807336651422
 30
0.0
 10
1.709173306026859
 20
9.741671133871453
 30
0.0
 10
1.7108708307567906
 20
9.742125984251969
 30
0.0
 10
1.7125984251968505
 20
9.742125984251969
 30
0.0
 10
1.7143260196369101
 20
9.742125984251969
 30
0.0
 10
1.716023544366842
 20
9.741671133871453
 30
0.0
 10
1.7175196850393701
 20
9.740807336651422
 30
0.0
 10
1.7190158257118984
 20
9.739943539431392
 30
0.0
 10
1.720258500061313
 20
9.738700865081977
 30
0.0
 10
1.721122297281343
 20
9.73720472440945
 30
0.0
 10
1.7219860945013727
 20
9.73570858373692
 30
0.0
 10
1.7224409448818898
 20
9.73401105900699
 30
0.0
 10
1.7224409448818898
 20
9.73228346456693
 30
0.0
  0
POLYLINE
  5
C1
330
17
100
AcDbEntity
  8
GEOMETRY
100
AcDb2dPolyline
 66
1
 10
0.0
 20
0.0
 30
0.0
 70
0
  0
VERTEX
  5
C2
330
C1
100
AcDbEntity
  8
GEOMETRY
100
AcDbVertex
100
AcDb2dVertex
 10
1.7224409448818898
 20
9.73228346456693
 30
0.0
 70
0
  0
VERTEX
  5
C3
330
C1
100
AcDbEntity
  8
GEOMETRY
100
AcDbVertex
100
AcDb2dVertex
 10
1.7263779527559056
 20
9.712598425196852
 30
0.0
 70
0
  0
VERTEX
  5
C4
330
C1
100
AcDbEntity
  8
GEOMETRY
100
AcDbVertex
100
AcDb2dVertex
 10
1.6988188976377951
 20
9.712598425196852
 30
0.0
 70
0
  0
VERTEX
  5
C5
330
C1
100
AcDbEntity
  8
GEOMETRY
100
AcDbVertex
100
AcDb2dVertex
 10
1.702755905511811
 20
9.73228346456693
 30
0.0
 70
0
  0
SEQEND
  5
C6
330
C1
100
AcDbEntity
  8
GEOMETRY
  0
LWPOLYLINE
  5
C7
330
17
100
AcDbEntity
  8
GEOMETRY
100
AcDbPolyline
 90
5
 70
0
 10
1.2559055118110236
 20
9.413385826771654
 10
2.1692913385826773
 20
9.413385826771654
 10
2.1692913385826773
 20
9.059055118110237
 10
1.2559055118110236
 20
9.059055118110237
 10
1.2559055118110236
 20
9.413385826771654
  0
LWPOLYLINE
  5
C8
330
17
100
AcDbEntity
  8
GEOMETRY
100
AcDbPolyline
 90
5
 70
0
 10
1.263779527559055
 20
9.405511811023622
 10
2.161417322834646
 20
9.405511811023622
 10
2.161417322834646
 20
9.066929133858268
 10
1.263779527559055
 20
9.066929133858268
 10
1.263779527559055
 20
9.405511811023622
  0
CIRCLE
  5
C9
330
17
100
AcDbEntity
  8
GEOMETRY
100
AcDbCircle
 10
1.624015748031496
 20
9.255905511811024
 30
0.0
 40
0.015748031496062992
  0
CIRCLE
  5
CA
330
17
100
AcDbEntity
  8
GEOMETRY
100
AcDbCircle
 10
1.8011811023622046
 20
9.255905511811024
 30
0.0
 40
0.015748031496062992
  0
CIRCLE
  5
CB
330
17
100
AcDbEntity
  8
GEOMETRY
100
AcDbCircle
 10
1.624015748031496
 20
9.255905511811024
 30
0.0
 40
0.005905511811023623
  0
CIRCLE
  5
CC
330
17
100
AcDbEntity
  8
GEOMETRY
100
AcDbCircle
 10
1.8011811023622046
 20
9.255905511811024
 30
0.0
 40
0.005905511811023623
  0
SPLINE
  5
CD
330
17
100
AcDbEntity
  8
GEOMETRY
100
AcDbSpline
 70
0
 71
3
 72
8
 73
4
 74
0
 40
0.0
 40
0.0
 40
0.0
 40
0.0
 40
1.0
 40
1.0
 40
1.0
 40
1.0
 10
1.624015748031496
 20
9.25
 30
0.0
 10
1.624015748031496
 20
9.228346456692915
 30
0.0
 10
1.6417322834645671
 20
9.23228346456693
 30
0.0
 10
1.6535433070866141
 20
9.216535433070867
 30
0.0
  0
SPLINE
  5
CE
330
17
100
AcDbEntity
  8
GEOMETRY
100
AcDbSpline
 70
0
 71
3
 72
11
 73
7
 74
0
 40
0.0
 40
0.0
 40
0.0
 40
0.0
 40
1.0
 40
1.0
 40
1.0
 40
2.0
 40
2.0
 40
2.0
 40
2.0
 10
1.6535433070866141
 20
9.216535433070867
 30
0.0
 10
1.6653543307086613
 20
9.202755905511811
 30
0.0
 10
1.6889763779527558
 20
9.204724409448819
 30
0.0
 10
1.7125984251968505
 20
9.204724409448819
 30
0.0
 10
1.736220472440945
 20
9.204724409448819
 30
0.0
 10
1.7598425196850394
 20
9.202755905511811
 30
0.0
 10
1.7716535433070866
 20
9.216535433070867
 30
0.0
  0
SPLINE
  5
CF
330
17
100
AcDbEntity
  8
GEOMETRY
100
AcDbSpline
 70
0
 71
3
 72
8
 73
4
 74
0
 40
0.0
 40
0.0
 40
0.0
 40
0.0
 40
1.0
 40
1.0
 40
1.0
 40
1.0
 10
1.7716535433070866
 20
9.216535433070867
 30
0.0
 10
1.7834645669291338
 20
9.23228346456693
 30
0.0
 10
1.8011811023622046
 20
9.228346456692915
 30
0.0
 10
1.8011811023622046
 20
9.25
 30
0.0
  0
SPLINE
  5
D0
330
17
100
AcDbEntity
  8
GEOMETRY
100
AcDbSpline
 70
0
 71
3
 72
23
 73
19
 74
0
 40
0.0
 40
0.0
 40
0.0
 40
0.0
 40
1.0
 40
1.0
 40
1.0
 40
2.0
 40
2.0
 40
2.0
 40
3.0
 40
3.0
 40
3.0
 40
4.0
 40
4.0
 40
4.0
 40
5.0
 40
5.0
 40
5.0
 40
6.0
 40
6.0
 40
6.0
 40
6.0
 10
1.702755905511811
 20
9.381889763779528
 30
0.0
 10
1.702755905511811
 20
9.383617358219588
 30
0.0
 10
1.703210755892328
 20
9.385314882949519
 30
0.0
 10
1.7040745531123578
 20
9.386811023622048
 30
0.0
 10
1.7049383503323876
 20
9.388307164294575
 30
0.0
 10
1.7061810246818025
 20
9.38954983864399
 30
0.0
 10
1.7076771653543308
 20
9.390413635864022
 30
0.0
 10
1.709173306026859
 20
9.391277433084051
 30
0.0
 10
1.7108708307567906
 20
9.391732283464567
 30
0.0
 10
1.7125984251968505
 20
9.391732283464567
 30
0.0
 10
1.7143260196369101
 20
9.391732283464567
 30
0.0
 10
1.716023544366842
 20
9.391277433084051
 30
0.0
 10
1.7175196850393701
 20
9.390413635864022
 30
0.0
 10
1.7190158257118984
 20
9.38954983864399
 30
0.0
 10
1.720258500061313
 20
9.388307164294575
 30
0.0
 10
1.721122297281343
 20
9.386811023622048
 30
0.0
 10
1.7219860945013727
 20
9.385314882949519
 30
0.0
 10
1.7224409448818898
 20
9.383617358219588
 30
0.0
 10
1.7224409448818898
 20
9.381889763779528
 30
0.0
  0
POLYLINE
  5
D1
330
17
100
AcDbEntity
  8
GEOMETRY
100
AcDb2dPolyline
 66
1
 10
0.0
 20
0.0
 30
0.0
 70
0
  0
VERTEX
  5
D2
330
D1
100
AcDbEntity
  8
GEOMETRY
100
AcDbVertex
100
AcDb2dVertex
 10
1.7224409448818898
 20
9.381889763779528
 30
0.0
 70
0
  0
VERTEX
  5
D3
330
D1
100
AcDbEntity
  8
GEOMETRY
100
AcDbVertex
100
AcDb2dVertex
 10
1.7263779527559056
 20
9.362204724409448
 30
0.0
 70
0
  0
VERTEX
  5
D4
330
D1
100
AcDbEntity
  8
GEOMETRY
100
AcDbVertex
100
AcDb2dVertex
 10
1.6988188976377951
 20
9.362204724409448
 30
0.0
 70
0
  0
VERTEX
  5
D5
330
D1
100
AcDbEntity
  8
GEOMETRY
100
AcDbVertex
100
AcDb2dVertex
 10
1.702755905511811
 20
9.381889763779528
 30
0.0
 70
0
  0
SEQEND
  5
D6
330
D1
100
AcDbEntity
  8
GEOMETRY
  0
LWPOLYLINE
  5
D7
330
17
100
AcDbEntity
  8
GEOMETRY
100
AcDbPolyline
 90
5
 70
0
 10
1.1318897637795275
 20
9.035433070866143
 10
2.293307086614173
 20
9.035433070866143
 10
2.293307086614173
 20
8.877952755905513
 10
1.1318897637795275
 20
8.877952755905513
 10
1.1318897637795275
 20
9.035433070866143
  0
LINE
  5
D8
330
17
100
AcDbEntity
  8
GEOMETRY
100
AcDbLine
 10
1.1318897637795275
 20
9.015748031496063
 30
0.0
 11
2.293307086614173
 21
9.015748031496063
 31
0.0
  0
LINE
  5
D9
330
17
100
AcDbEntity
  8
GEOMETRY
100
AcDbLine
 10
1.1318897637795275
 20
8.992125984251969
 30
0.0
 11
2.293307086614173
 21
8.992125984251969
 31
0.0
  0
LWPOLYLINE
  5
DA
330
17
100
AcDbEntity
  8
GEOMETRY
100
AcDbPolyline
 90
5
 70
0
 10
4.440944881889764
 20
10.098425196850394
 10
5.543307086614174
 20
10.098425196850394
 10
5.543307086614174
 20
9.035433070866143
 10
4.440944881889764
 20
9.035433070866143
 10
4.440944881889764
 20
10.098425196850394
  0
LINE
  5
DB
330
17
100
AcDbEntity
  8
GEOMETRY
100
AcDbLine
 10
4.515748031496063
 20
10.098425196850394
 30
0.0
 11
4.515748031496063
 21
9.03543307086614
 31
0.0
  0
LINE
  5
DC
330
17
100
AcDbEntity
  8
GEOMETRY
100
AcDbLine
 10
5.468503937007874
 20
10.098425196850394
 30
0.0
 11
5.468503937007874
 21
9.03543307086614
 31
0.0
  0
LWPOLYLINE
  5
DD
330
17
100
AcDbEntity
  8
GEOMETRY
100
AcDbPolyline
 90
5
 70
0
 10
4.535433070866142
 20
10.0748031496063
 10
5.448818897637795
 20
10.0748031496063
 10
5.448818897637795
 20
9.799212598425198
 10
4.535433070866142
 20
9.799212598425198
 10
4.535433070866142
 20
10.0748031496063
  0
LWPOLYLINE
  5
DE
330
17
100
AcDbEntity
  8
GEOMETRY
100
AcDbPolyline
 90
5
 70
0
 10
4.543307086614173
 20
10.066929133858268
 10
5.440944881889765
 20
10.066929133858268
 10
5.440944881889765
 20
9.80708661417323
 10
4.543307086614173
 20
9.80708661417323
 10
4.543307086614173
 20
10.066929133858268
  0
CIRCLE
  5
DF
330
17
100
AcDbEntity
  8
GEOMETRY
100
AcDbCircle
 10
4.903543307086615
 20
9.956692913385828
 30
0.0
 40
0.015748031496062992
  0
CIRCLE
  5
E0
330
17
100
AcDbEntity
  8
GEOMETRY
100
AcDbCircle
 10
5.080708661417323
 20
9.956692913385828
 30
0.0
 40
0.015748031496062992
  0
CIRCLE
  5
E1
330
17
100
AcDbEntity
  8
GEOMETRY
100
AcDbCircle
 10
4.903543307086615
 20
9.956692913385828
 30
0.0
 40
0.005905511811023623
  0
CIRCLE
  5
E2
330
17
100
AcDbEntity
  8
GEOMETRY
100
AcDbCircle
 10
5.080708661417323
 20
9.956692913385828
 30
0.0
 40
0.005905511811023623
  0
SPLINE
  5
E3
330
17
100
AcDbEntity
  8
GEOMETRY
100
AcDbSpline
 70
0
 71
3
 72
8
 73
4
 74
0
 40
0.0
 40
0.0
 40
0.0
 40
0.0
 40
1.0
 40
1.0
 40
1.0
 40
1.0
 10
4.903543307086615
 20
9.950787401574804
 30
0.0
 10
4.903543307086615
 20
9.929133858267717
 30
0.0
 10
4.921259842519685
 20
9.933070866141733
 30
0.0
 10
4.933070866141732
 20
9.91732283464567
 30
0.0
  0
SPLINE
  5
E4
330
17
100
AcDbEntity
  8
GEOMETRY
100
AcDbSpline
 70
0
 71
3
 72
11
 73
7
 74
0
 40
0.0
 40
0.0
 40
0.0
 40
0.0
 40
1.0
 40
1.0
 40
1.0
 40
2.0
 40
2.0
 40
2.0
 40
2.0
 10
4.933070866141732
 20
9.91732283464567
 30
0.0
 10
4.94488188976378
 20
9.903543307086615
 30
0.0
 10
4.968503937007874
 20
9.905511811023622
 30
0.0
 10
4.9921259842519685
 20
9.905511811023622
 30
0.0
 10
5.015748031496063
 20
9.905511811023622
 30
0.0
 10
5.039370078740157
 20
9.903543307086615
 30
0.0
 10
5.0511811023622055
 20
9.91732283464567
 30
0.0
  0
SPLINE
  5
E5
330
17
100
AcDbEntity
  8
GEOMETRY
100
AcDbSpline
 70
0
 71
3
 72
8
 73
4
 74
0
 40
0.0
 40
0.0
 40
0.0
 40
0.0
 40
1.0
 40
1.0
 40
1.0
 40
1.0
 10
5.0511811023622055
 20
9.91732283464567
 30
0.0
 10
5.062992125984253
 20
9.933070866141733
 30
0.0
 10
5.080708661417323
 20
9.929133858267717
 30
0.0
 10
5.080708661417323
 20
9.950787401574804
 30
0.0
  0
SPLINE
  5
E6
330
17
100
AcDbEntity
  8
GEOMETRY
100
AcDbSpline
 70
0
 71
3
 72
23
 73
19
 74
0
 40
0.0
 40
0.0
 40
0.0
 40
0.0
 40
1.0
 40
1.0
 40
1.0
 40
2.0
 40
2.0
 40
2.0
 40
3.0
 40
3.0
 40
3.0
 40
4.0
 40
4.0
 40
4.0
 40
5.0
 40
5.0
 40
5.0
 40
6.0
 40
6.0
 40
6.0
 40
6.0
 10
4.98228346456693
 20
10.043307086614174
 30
0.0
 10
4.98228346456693
 20
10.045034681054233
 30
0.0
 10
4.982738314947447
 20
10.046732205784165
 30
0.0
 10
4.9836021121674765
 20
10.048228346456693
 30
0.0
 10
4.984465909387506
 20
10.049724487129222
 30
0.0
 10
4.985708583736921
 20
10.050967161478637
 30
0.0
 10
4.987204724409449
 20
10.051830958698666
 30
0.0
 10
4.988700865081977
 20
10.052694755918697
 30
0.0
 10
4.990398389811909
 20
10.053149606299213
 30
0.0
 10
4.9921259842519685
 20
10.053149606299213
 30
0.0
 10
4.993853578692028
 20
10.053149606299213
 30
0.0
 10
4.995551103421961
 20
10.052694755918697
 30
0.0
 10
4.997047244094489
 20
10.051830958698666
 30
0.0
 10
4.998543384767017
 20
10.050967161478637
 30
0.0
 10
4.999786059116432
 20
10.049724487129222
 30
0.0
 10
5.000649856336461
 20
10.048228346456693
 30
0.0
 10
5.001513653556491
 20
10.046732205784165
 30
0.0
 10
5.001968503937008
 20
10.045034681054233
 30
0.0
 10
5.001968503937008
 20
10.043307086614174
 30
0.0
  0
POLYLINE
  5
E7
330
17
100
AcDbEntity
  8
GEOMETRY
100
AcDb2dPolyline
 66
1
 10
0.0
 20
0.0
 30
0.0
 70
0
  0
VERTEX
  5
E8
330
E7
100
AcDbEntity
  8
GEOMETRY
100
AcDbVertex
100
AcDb2dVertex
 10
5.001968503937008
 20
10.043307086614174
 30
0.0
 70
0
  0
VERTEX
  5
E9
330
E7
100
AcDbEntity
  8
GEOMETRY
100
AcDbVertex
100
AcDb2dVertex
 10
5.005905511811024
 20
10.023622047244094
 30
0.0
 70
0
  0
VERTEX
  5
EA
330
E7
100
AcDbEntity
  8
GEOMETRY
100
AcDbVertex
100
AcDb2dVertex
 10
4.978346456692914
 20
10.023622047244094
 30
0.0
 70
0
  0
VERTEX
  5
EB
330
E7
100
AcDbEntity
  8
GEOMETRY
100
AcDbVertex
100
AcDb2dVertex
 10
4.98228346456693
 20
10.043307086614174
 30
0.0
 70
0
  0
SEQEND
  5
EC
330
E7
100
AcDbEntity
  8
GEOMETRY
  0
LWPOLYLINE
  5
ED
330
17
100
AcDbEntity
  8
GEOMETRY
100
AcDbPolyline
 90
5
 70
0
 10
4.535433070866142
 20
9.763779527559056
 10
5.448818897637795
 20
9.763779527559056
 10
5.448818897637795
 20
9.448818897637796
 10
4.535433070866142
 20
9.448818897637796
 10
4.535433070866142
 20
9.763779527559056
  0
LWPOLYLINE
  5
EE
330
17
100
AcDbEntity
  8
GEOMETRY
100
AcDbPolyline
 90
5
 70
0
 10
4.543307086614173
 20
9.755905511811024
 10
5.440944881889765
 20
9.755905511811024
 10
5.440944881889765
 20
9.456692913385828
 10
4.543307086614173
 20
9.456692913385828
 10
4.543307086614173
 20
9.755905511811024
  0
CIRCLE
  5
EF
330
17
100
AcDbEntity
  8
GEOMETRY
100
AcDbCircle
 10
4.903543307086615
 20
9.625984251968504
 30
0.0
 40
0.015748031496062992
  0
CIRCLE
  5
F0
330
17
100
AcDbEntity
  8
GEOMETRY
100
AcDbCircle
 10
5.080708661417323
 20
9.625984251968504
 30
0.0
 40
0.015748031496062992
  0
CIRCLE
  5
F1
330
17
100
AcDbEntity
  8
GEOMETRY
100
AcDbCircle
 10
4.903543307086615
 20
9.625984251968504
 30
0.0
 40
0.005905511811023623
  0
CIRCLE
  5
F2
330
17
100
AcDbEntity
  8
GEOMETRY
100
AcDbCircle
 10
5.080708661417323
 20
9.625984251968504
 30
0.0
 40
0.005905511811023623
  0
SPLINE
  5
F3
330
17
100
AcDbEntity
  8
GEOMETRY
100
AcDbSpline
 70
0
 71
3
 72
8
 73
4
 74
0
 40
0.0
 40
0.0
 40
0.0
 40
0.0
 40
1.0
 40
1.0
 40
1.0
 40
1.0
 10
4.903543307086615
 20
9.620078740157481
 30
0.0
 10
4.903543307086615
 20
9.598425196850394
 30
0.0
 10
4.921259842519685
 20
9.602362204724411
 30
0.0
 10
4.933070866141732
 20
9.586614173228348
 30
0.0
  0
SPLINE
  5
F4
330
17
100
AcDbEntity
  8
GEOMETRY
100
AcDbSpline
 70
0
 71
3
 72
11
 73
7
 74
0
 40
0.0
 40
0.0
 40
0.0
 40
0.0
 40
1.0
 40
1.0
 40
1.0
 40
2.0
 40
2.0
 40
2.0
 40
2.0
 10
4.933070866141732
 20
9.586614173228348
 30
0.0
 10
4.94488188976378
 20
9.572834645669293
 30
0.0
 10
4.968503937007874
 20
9.5748031496063
 30
0.0
 10
4.9921259842519685
 20
9.5748031496063
 30
0.0
 10
5.015748031496063
 20
9.5748031496063
 30
0.0
 10
5.039370078740157
 20
9.572834645669293
 30
0.0
 10
5.0511811023622055
 20
9.586614173228348
 30
0.0
  0
SPLINE
  5
F5
330
17
100
AcDbEntity
  8
GEOMETRY
100
AcDbSpline
 70
0
 71
3
 72
8
 73
4
 74
0
 40
0.0
 40
0.0
 40
0.0
 40
0.0
 40
1.0
 40
1.0
 40
1.0
 40
1.0
 10
5.0511811023622055
 20
9.586614173228348
 30
0.0
 10
5.062992125984253
 20
9.602362204724411
 30
0.0
 10
5.080708661417323
 20
9.598425196850394
 30
0.0
 10
5.080708661417323
 20
9.620078740157481
 30
0.0
  0
SPLINE
  5
F6
330
17
100
AcDbEntity
  8
GEOMETRY
100
AcDbSpline
 70
0
 71
3
 72
23
 73
19
 74
0
 40
0.0
 40
0.0
 40
0.0
 40
0.0
 40
1.0
 40
1.0
 40
1.0
 40
2.0
 40
2.0
 40
2.0
 40
3.0
 40
3.0
 40
3.0
 40
4.0
 40
4.0
 40
4.0
 40
5.0
 40
5.0
 40
5.0
 40
6.0
 40
6.0
 40
6.0
 40
6.0
 10
4.98228346456693
 20
9.73228346456693
 30
0.0
 10
4.98228346456693
 20
9.73401105900699
 30
0.0
 10
4.982738314947447
 20
9.73570858373692
 30
0.0
 10
4.9836021121674765
 20
9.73720472440945
 30
0.0
 10
4.984465909387506
 20
9.738700865081977
 30
0.0
 10
4.985708583736921
 20
9.739943539431392
 30
0.0
 10
4.987204724409449
 20
9.740807336651422
 30
0.0
 10
4.988700865081977
 20
9.741671133871453
 30
0.0
 10
4.990398389811909
 20
9.742125984251969
 30
0.0
 10
4.9921259842519685
 20
9.742125984251969
 30
0.0
 10
4.993853578692028
 20
9.742125984251969
 30
0.0
 10
4.995551103421961
 20
9.741671133871453
 30
0.0
 10
4.997047244094489
 20
9.740807336651422
 30
0.0
 10
4.998543384767017
 20
9.739943539431392
 30
0.0
 10
4.999786059116432
 20
9.738700865081977
 30
0.0
 10
5.000649856336461
 20
9.73720472440945
 30
0.0
 10
5.001513653556491
 20
9.73570858373692
 30
0.0
 10
5.001968503937008
 20
9.73401105900699
 30
0.0
 10
5.001968503937008
 20
9.73228346456693
 30
0.0
  0
POLYLINE
  5
F7
330
17
100
AcDbEntity
  8
GEOMETRY
100
AcDb2dPolyline
 66
1
 10
0.0
 20
0.0
 30
0.0
 70
0
  0
VERTEX
  5
F8
330
F7
100
AcDbEntity
  8
GEOMETRY
100
AcDbVertex
100
AcDb2dVertex
 10
5.001968503937008
 20
9.73228346456693
 30
0.0
 70
0
  0
VERTEX
  5
F9
330
F7
100
AcDbEntity
  8
GEOMETRY
100
AcDbVertex
100
AcDb2dVertex
 10
5.005905511811024
 20
9.712598425196852
 30
0.0
 70
0
  0
VERTEX
  5
FA
330
F7
100
AcDbEntity
  8
GEOMETRY
100
AcDbVertex
100
AcDb2dVertex
 10
4.978346456692914
 20
9.712598425196852
 30
0.0
 70
0
  0
VERTEX
  5
FB
330
F7
100
AcDbEntity
  8
GEOMETRY
100
AcDbVertex
100
AcDb2dVertex
 10
4.98228346456693
 20
9.73228346456693
 30
0.0
 70
0
  0
SEQEND
  5
FC
330
F7
100
AcDbEntity
  8
GEOMETRY
  0
LWPOLYLINE
  5
FD
330
17
100
AcDbEntity
  8
GEOMETRY
100
AcDbPolyline
 90
5
 70
0
 10
4.535433070866142
 20
9.413385826771654
 10
5.448818897637795
 20
9.413385826771654
 10
5.448818897637795
 20
9.059055118110237
 10
4.535433070866142
 20
9.059055118110237
 10
4.535433070866142
 20
9.413385826771654
  0
LWPOLYLINE
  5
FE
330
17
100
AcDbEntity
  8
GEOMETRY
100
AcDbPolyline
 90
5
 70
0
 10
4.543307086614173
 20
9.405511811023622
 10
5.440944881889765
 20
9.405511811023622
 10
5.440944881889765
 20
9.066929133858268
 10
4.543307086614173
 20
9.066929133858268
 10
4.543307086614173
 20
9.405511811023622
  0
CIRCLE
  5
FF
330
17
100
AcDbEntity
  8
GEOMETRY
100
AcDbCircle
 10
4.903543307086615
 20
9.255905511811024
 30
0.0
 40
0.015748031496062992
  0
CIRCLE
  5
100
330
17
100
AcDbEntity
  8
GEOMETRY
100
AcDbCircle
 10
5.080708661417323
 20
9.255905511811024
 30
0.0
 40
0.015748031496062992
  0
CIRCLE
  5
101
330
17
100
AcDbEntity
  8
GEOMETRY
100
AcDbCircle
 10
4.903543307086615
 20
9.255905511811024
 30
0.0
 40
0.005905511811023623
  0
CIRCLE
  5
102
330
17
100
AcDbEntity
  8
GEOMETRY
100
AcDbCircle
 10
5.080708661417323
 20
9.255905511811024
 30
0.0
 40
0.005905511811023623
  0
SPLINE
  5
103
330
17
100
AcDbEntity
  8
GEOMETRY
100
AcDbSpline
 70
0
 71
3
 72
8
 73
4
 74
0
 40
0.0
 40
0.0
 40
0.0
 40
0.0
 40
1.0
 40
1.0
 40
1.0
 40
1.0
 10
4.903543307086615
 20
9.25
 30
0.0
 10
4.903543307086615
 20
9.228346456692915
 30
0.0
 10
4.921259842519685
 20
9.23228346456693
 30
0.0
 10
4.933070866141732
 20
9.216535433070867
 30
0.0
  0
SPLINE
  5
104
330
17
100
AcDbEntity
  8
GEOMETRY
100
AcDbSpline
 70
0
 71
3
 72
11
 73
7
 74
0
 40
0.0
 40
0.0
 40
0.0
 40
0.0
 40
1.0
 40
1.0
 40
1.0
 40
2.0
 40
2.0
 40
2.0
 40
2.0
 10
4.933070866141732
 20
9.216535433070867
 30
0.0
 10
4.94488188976378
 20
9.202755905511811
 30
0.0
 10
4.968503937007874
 20
9.204724409448819
 30
0.0
 10
4.9921259842519685
 20
9.204724409448819
 30
0.0
 10
5.015748031496063
 20
9.204724409448819
 30
0.0
 10
5.039370078740157
 20
9.202755905511811
 30
0.0
 10
5.0511811023622055
 20
9.216535433070867
 30
0.0
  0
SPLINE
  5
105
330
17
100
AcDbEntity
  8
GEOMETRY
100
AcDbSpline
 70
0
 71
3
 72
8
 73
4
 74
0
 40
0.0
 40
0.0
 40
0.0
 40
0.0
 40
1.0
 40
1.0
 40
1.0
 40
1.0
 10
5.0511811023622055
 20
9.216535433070867
 30
0.0
 10
5.062992125984253
 20
9.23228346456693
 30
0.0
 10
5.080708661417323
 20
9.228346456692915
 30
0.0
 10
5.080708661417323
 20
9.25
 30
0.0
  0
SPLINE
  5
106
330
17
100
AcDbEntity
  8
GEOMETRY
100
AcDbSpline
 70
0
 71
3
 72
23
 73
19
 74
0
 40
0.0
 40
0.0
 40
0.0
 40
0.0
 40
1.0
 40
1.0
 40
1.0
 40
2.0
 40
2.0
 40
2.0
 40
3.0
 40
3.0
 40
3.0
 40
4.0
 40
4.0
 40
4.0
 40
5.0
 40
5.0
 40
5.0
 40
6.0
 40
6.0
 40
6.0
 40
6.0
 10
4.98228346456693
 20
9.381889763779528
 30
0.0
 10
4.98228346456693
 20
9.383617358219588
 30
0.0
 10
4.982738314947447
 20
9.385314882949519
 30
0.0
 10
4.9836021121674765
 20
9.386811023622048
 30
0.0
 10
4.984465909387506
 20
9.388307164294575
 30
0.0
 10
4.985708583736921
 20
9.38954983864399
 30
0.0
 10
4.987204724409449
 20
9.390413635864022
 30
0.0
 10
4.988700865081977
 20
9.391277433084051
 30
0.0
 10
4.990398389811909
 20
9.391732283464567
 30
0.0
 10
4.9921259842519685
 20
9.391732283464567
 30
0.0
 10
4.993853578692028
 20
9.391732283464567
 30
0.0
 10
4.995551103421961
 20
9.391277433084051
 30
0.0
 10
4.997047244094489
 20
9.390413635864022
 30
0.0
 10
4.998543384767017
 20
9.38954983864399
 30
0.0
 10
4.999786059116432
 20
9.388307164294575
 30
0.0
 10
5.000649856336461
 20
9.386811023622048
 30
0.0
 10
5.001513653556491
 20
9.385314882949519
 30
0.0
 10
5.001968503937008
 20
9.383617358219588
 30
0.0
 10
5.001968503937008
 20
9.381889763779528
 30
0.0
  0
POLYLINE
  5
107
330
17
100
AcDbEntity
  8
GEOMETRY
100
AcDb2dPolyline
 66
1
 10
0.0
 20
0.0
 30
0.0
 70
0
  0
VERTEX
  5
108
330
107
100
AcDbEntity
  8
GEOMETRY
100
AcDbVertex
100
AcDb2dVertex
 10
5.001968503937008
 20
9.381889763779528
 30
0.0
 70
0
  0
VERTEX
  5
109
330
107
100
AcDbEntity
  8
GEOMETRY
100
AcDbVertex
100
AcDb2dVertex
 10
5.005905511811024
 20
9.362204724409448
 30
0.0
 70
0
  0
VERTEX
  5
10A
330
107
100
AcDbEntity
  8
GEOMETRY
100
AcDbVertex
100
AcDb2dVertex
 10
4.978346456692914
 20
9.362204724409448
 30
0.0
 70
0
  0
VERTEX
  5
10B
330
107
100
AcDbEntity
  8
GEOMETRY
100
AcDbVertex
100
AcDb2dVertex
 10
4.98228346456693
 20
9.381889763779528
 30
0.0
 70
0
  0
SEQEND
  5
10C
330
107
100
AcDbEntity
  8
GEOMETRY
  0
LWPOLYLINE
  5
10D
330
17
100
AcDbEntity
  8
GEOMETRY
100
AcDbPolyline
 90
5
 70
0
 10
4.411417322834646
 20
9.035433070866143
 10
5.572834645669292
 20
9.035433070866143
 10
5.572834645669292
 20
8.877952755905513
 10
4.411417322834646
 20
8.877952755905513
 10
4.411417322834646
 20
9.035433070866143
  0
LINE
  5
10E
330
17
100
AcDbEntity
  8
GEOMETRY
100
AcDbLine
 10
4.411417322834646
 20
9.015748031496063
 30
0.0
 11
5.572834645669292
 21
9.015748031496063
 31
0.0
  0
LINE
  5
10F
330
17
100
AcDbEntity
  8
GEOMETRY
100
AcDbLine
 10
4.411417322834646
 20
8.992125984251969
 30
0.0
 11
5.572834645669292
 21
8.992125984251969
 31
0.0
  0
LINE
  5
110
330
17
100
AcDbEntity
  8
GEOMETRY
100
AcDbLine
 10
0.8661417322834646
 20
8.877952755905511
 30
0.0
 11
5.838582677165355
 21
8.877952755905511
 31
0.0
  0
LINE
  5
111
330
17
100
AcDbEntity
  8
DIMENSIONS
100
AcDbLine
 10
1.0433070866141732
 20
8.641732283464567
 30
0.0
 11
5.661417322834646
 21
8.641732283464567
 31
0.0
  0
LINE
  5
112
330
17
100
AcDbEntity
  8
DIMENSIONS
100
AcDbLine
 10
1.1023622047244095
 20
8.838582677165354
 30
0.0
 11
1.1023622047244095
 21
8.594488188976378
 31
0.0
  0
LINE
  5
113
330
17
100
AcDbEntity
  8
DIMENSIONS
100
AcDbLine
 10
1.0629921259842519
 20
8.60236220472441
 30
0.0
 11
1.141732283464567
 21
8.681102362204724
 31
0.0
  0
LINE
  5
114
330
17
100
AcDbEntity
  8
DIMENSIONS
100
AcDbLine
 10
1.1614173228346456
 20
8.838582677165354
 30
0.0
 11
1.1614173228346456
 21
8.594488188976378
 31
0.0
  0
LINE
  5
115
330
17
100
AcDbEntity
  8
DIMENSIONS
100
AcDbLine
 10
1.1220472440944882
 20
8.60236220472441
 30
0.0
 11
1.2007874015748032
 21
8.681102362204724
 31
0.0
  0
LINE
  5
116
330
17
100
AcDbEntity
  8
DIMENSIONS
100
AcDbLine
 10
2.263779527559055
 20
8.838582677165354
 30
0.0
 11
2.263779527559055
 21
8.594488188976378
 31
0.0
  0
LINE
  5
117
330
17
100
AcDbEntity
  8
DIMENSIONS
100
AcDbLine
 10
2.2244094488188977
 20
8.60236220472441
 30
0.0
 11
2.3031496062992125
 21
8.681102362204724
 31
0.0
  0
LINE
  5
118
330
17
100
AcDbEntity
  8
DIMENSIONS
100
AcDbLine
 10
4.440944881889764
 20
8.838582677165354
 30
0.0
 11
4.440944881889764
 21
8.594488188976378
 31
0.0
  0
LINE
  5
119
330
17
100
AcDbEntity
  8
DIMENSIONS
100
AcDbLine
 10
4.4015748031496065
 20
8.60236220472441
 30
0.0
 11
4.480314960629921
 21
8.681102362204724
 31
0.0
  0
LINE
  5
11A
330
17
100
AcDbEntity
  8
DIMENSIONS
100
AcDbLine
 10
5.543307086614174
 20
8.838582677165354
 30
0.0
 11
5.543307086614174
 21
8.594488188976378
 31
0.0
  0
LINE
  5
11B
330
17
100
AcDbEntity
  8
DIMENSIONS
100
AcDbLine
 10
5.503937007874016
 20
8.60236220472441
 30
0.0
 11
5.5826771653543314
 21
8.681102362204724
 31
0.0
  0
LINE
  5
11C
330
17
100
AcDbEntity
  8
DIMENSIONS
100
AcDbLine
 10
5.60236220472441
 20
8.838582677165354
 30
0.0
 11
5.60236220472441
 21
8.594488188976378
 31
0.0
  0
LINE
  5
11D
330
17
100
AcDbEntity
  8
DIMENSIONS
100
AcDbLine
 10
5.562992125984253
 20
8.60236220472441
 30
0.0
 11
5.641732283464568
 21
8.681102362204724
 31
0.0
  0
LINE
  5
11E
330
17
100
AcDbEntity
  8
DIMENSIONS
  6
DASHED
100
AcDbLine
 10
1.1318897637795275
 20
8.681102362204724
 30
0.0
 11
1.1318897637795275
 21
8.759842519685039
 31
0.0
  0
LINE
  5
11F
330
17
100
AcDbEntity
  8
DIMENSIONS
  6
DASHED
100
AcDbLine
 10
5.572834645669292
 20
8.681102362204724
 30
0.0
 11
5.572834645669292
 21
8.909448818897639
 31
0.0
  0
TEXT
  5
120
330
17
100
AcDbEntity
  8
TEXT
100
AcDbText
 10
1.1318897637795275
 20
8.81496062992126
 30
0.0
 40
0.04251968503937008
  1
1⅛"
 72
1
 11
1.1318897637795275
 21
8.81496062992126
 31
0.0
100
AcDbText
  0
TEXT
  5
121
330
17
100
AcDbEntity
  8
TEXT
100
AcDbText
 10
1.7125984251968505
 20
8.673228346456693
 30
0.0
 40
0.04251968503937008
  1
1'-10"
 72
1
 11
1.7125984251968505
 21
8.673228346456693
 31
0.0
100
AcDbText
  0
TEXT
  5
122
330
17
100
AcDbEntity
  8
TEXT
100
AcDbText
 10
3.3523622047244097
 20
8.673228346456693
 30
0.0
 40
0.04251968503937008
  1
3'-7½"
 72
1
 11
3.3523622047244097
 21
8.673228346456693
 31
0.0
100
AcDbText
  0
TEXT
  5
123
330
17
100
AcDbEntity
  8
TEXT
100
AcDbText
 10
4.9921259842519685
 20
8.673228346456693
 30
0.0
 40
0.04251968503937008
  1
1'-10"
 72
1
 11
4.9921259842519685
 21
8.673228346456693
 31
0.0
100
AcDbText
  0
TEXT
  5
124
330
17
100
AcDbEntity
  8
TEXT
100
AcDbText
 10
5.572834645669292
 20
8.964566929133857
 30
0.0
 40
0.04251968503937008
  1
1⅛"
 72
1
 11
5.572834645669292
 21
8.964566929133857
 31
0.0
100
AcDbText
  0
LINE
  5
125
330
17
100
AcDbEntity
  8
DIMENSIONS
100
AcDbLine
 10
1.0433070866141732
 20
8.405511811023622
 30
0.0
 11
5.661417322834646
 21
8.405511811023622
 31
0.0
  0
LINE
  5
126
330
17
100
AcDbEntity
  8
DIMENSIONS
100
AcDbLine
 10
1.1023622047244095
 20
8.838582677165354
 30
0.0
 11
1.1023622047244095
 21
8.358267716535433
 31
0.0
  0
LINE
  5
127
330
17
100
AcDbEntity
  8
DIMENSIONS
100
AcDbLine
 10
1.0629921259842519
 20
8.366141732283465
 30
0.0
 11
1.141732283464567
 21
8.44488188976378
 31
0.0
  0
LINE
  5
128
330
17
100
AcDbEntity
  8
DIMENSIONS
100
AcDbLine
 10
5.60236220472441
 20
8.838582677165354
 30
0.0
 11
5.60236220472441
 21
8.358267716535433
 31
0.0
  0
LINE
  5
129
330
17
100
AcDbEntity
  8
DIMENSIONS
100
AcDbLine
 10
5.562992125984253
 20
8.366141732283465
 30
0.0
 11
5.641732283464568
 21
8.44488188976378
 31
0.0
  0
TEXT
  5
12A
330
17
100
AcDbEntity
  8
TEXT
100
AcDbText
 10
3.3523622047244097
 20
8.437007874015748
 30
0.0
 40
0.048188976377952754
  1
7'-6" OVERALL
 72
1
 11
3.3523622047244097
 21
8.437007874015748
 31
0.0
100
AcDbText
  0
LINE
  5
12B
330
17
100
AcDbEntity
  8
DIMENSIONS
100
AcDbLine
 10
5.877952755905512
 20
10.413385826771654
 30
0.0
 11
5.877952755905512
 21
8.818897637795276
 31
0.0
  0
LINE
  5
12C
330
17
100
AcDbEntity
  8
DIMENSIONS
100
AcDbLine
 10
5.641732283464568
 20
10.354330708661417
 30
0.0
 11
5.925196850393701
 21
10.354330708661417
 31
0.0
  0
LINE
  5
12D
330
17
100
AcDbEntity
  8
DIMENSIONS
100
AcDbLine
 10
5.838582677165355
 20
10.31496062992126
 30
0.0
 11
5.917322834645669
 21
10.393700787401574
 31
0.0
  0
LINE
  5
12E
330
17
100
AcDbEntity
  8
DIMENSIONS
100
AcDbLine
 10
5.641732283464568
 20
10.275590551181102
 30
0.0
 11
5.925196850393701
 21
10.275590551181102
 31
0.0
  0
LINE
  5
12F
330
17
100
AcDbEntity
  8
DIMENSIONS
100
AcDbLine
 10
5.838582677165355
 20
10.236220472440944
 30
0.0
 11
5.917322834645669
 21
10.31496062992126
 31
0.0
  0
LINE
  5
130
330
17
100
AcDbEntity
  8
DIMENSIONS
100
AcDbLine
 10
5.641732283464568
 20
10.127952755905511
 30
0.0
 11
5.925196850393701
 21
10.127952755905511
 31
0.0
  0
LINE
  5
131
330
17
100
AcDbEntity
  8
DIMENSIONS
100
AcDbLine
 10
5.838582677165355
 20
10.088582677165354
 30
0.0
 11
5.917322834645669
 21
10.167322834645669
 31
0.0
  0
LINE
  5
132
330
17
100
AcDbEntity
  8
DIMENSIONS
100
AcDbLine
 10
5.641732283464568
 20
10.098425196850394
 30
0.0
 11
5.925196850393701
 21
10.098425196850394
 31
0.0
  0
LINE
  5
133
330
17
100
AcDbEntity
  8
DIMENSIONS
100
AcDbLine
 10
5.838582677165355
 20
10.059055118110235
 30
0.0
 11
5.917322834645669
 21
10.137795275590552
 31
0.0
  0
LINE
  5
134
330
17
100
AcDbEntity
  8
DIMENSIONS
100
AcDbLine
 10
5.641732283464568
 20
9.03543307086614
 30
0.0
 11
5.925196850393701
 21
9.03543307086614
 31
0.0
  0
LINE
  5
135
330
17
100
AcDbEntity
  8
DIMENSIONS
100
AcDbLine
 10
5.838582677165355
 20
8.996062992125983
 30
0.0
 11
5.917322834645669
 21
9.0748031496063
 31
0.0
  0
LINE
  5
136
330
17
100
AcDbEntity
  8
DIMENSIONS
100
AcDbLine
 10
5.641732283464568
 20
8.877952755905511
 30
0.0
 11
5.925196850393701
 21
8.877952755905511
 31
0.0
  0
LINE
  5
137
330
17
100
AcDbEntity
  8
DIMENSIONS
100
AcDbLine
 10
5.838582677165355
 20
8.838582677165354
 30
0.0
 11
5.917322834645669
 21
8.917322834645669
 31
0.0
  0
TEXT
  5
138
330
17
100
AcDbEntity
  8
TEXT
100
AcDbText
 10
5.846456692913386
 20
10.31496062992126
 30
0.0
 40
0.04251968503937008
  1
1⅝"
 50
90.0
 72
1
 11
5.846456692913386
 21
10.31496062992126
 31
0.0
100
AcDbText
  0
TEXT
  5
139
330
17
100
AcDbEntity
  8
TEXT
100
AcDbText
 10
5.846456692913386
 20
10.201574803149606
 30
0.0
 40
0.04251968503937008
  1
3"
 50
90.0
 72
1
 11
5.846456692913386
 21
10.201574803149606
 31
0.0
100
AcDbText
  0
TEXT
  5
13A
330
17
100
AcDbEntity
  8
TEXT
100
AcDbText
 10
5.846456692913386
 20
9.566929133858267
 30
0.0
 40
0.04251968503937008
  1
1'-9¼"
 50
90.0
 72
1
 11
5.846456692913386
 21
9.566929133858267
 31
0.0
100
AcDbText
  0
TEXT
  5
13B
330
17
100
AcDbEntity
  8
TEXT
100
AcDbText
 10
5.846456692913386
 20
8.956692913385826
 30
0.0
 40
0.04251968503937008
  1
3⅛"
 50
90.0
 72
1
 11
5.846456692913386
 21
8.956692913385826
 31
0.0
100
AcDbText
  0
LINE
  5
13C
330
17
100
AcDbEntity
  8
DIMENSIONS
100
AcDbLine
 10
6.114173228346457
 20
10.413385826771654
 30
0.0
 11
6.114173228346457
 21
8.818897637795276
 31
0.0
  0
LINE
  5
13D
330
17
100
AcDbEntity
  8
DIMENSIONS
100
AcDbLine
 10
5.641732283464568
 20
10.354330708661417
 30
0.0
 11
6.161417322834645
 21
10.354330708661417
 31
0.0
  0
LINE
  5
13E
330
17
100
AcDbEntity
  8
DIMENSIONS
100
AcDbLine
 10
6.0748031496063
 20
10.31496062992126
 30
0.0
 11
6.153543307086615
 21
10.393700787401574
 31
0.0
  0
LINE
  5
13F
330
17
100
AcDbEntity
  8
DIMENSIONS
100
AcDbLine
 10
5.641732283464568
 20
8.877952755905511
 30
0.0
 11
6.161417322834645
 21
8.877952755905511
 31
0.0
  0
LINE
  5
140
330
17
100
AcDbEntity
  8
DIMENSIONS
100
AcDbLine
 10
6.0748031496063
 20
8.838582677165354
 30
0.0
 11
6.153543307086615
 21
8.917322834645669
 31
0.0
  0
TEXT
  5
141
330
17
100
AcDbEntity
  8
TEXT
100
AcDbText
 10
6.082677165354331
 20
9.616141732283465
 30
0.0
 40
0.048188976377952754
  1
2'-5½" HIGH
 50
90.0
 72
1
 11
6.082677165354331
 21
9.616141732283465
 31
0.0
100
AcDbText
  0
LINE
  5
142
330
17
100
AcDbEntity
  8
DIMENSIONS
100
AcDbLine
 10
2.578740157480315
 20
10.15748031496063
 30
0.0
 11
2.578740157480315
 21
8.818897637795276
 31
0.0
  0
LINE
  5
143
330
17
100
AcDbEntity
  8
DIMENSIONS
100
AcDbLine
 10
2.578740157480315
 20
10.098425196850394
 30
0.0
 11
2.625984251968504
 21
10.098425196850394
 31
0.0
  0
LINE
  5
144
330
17
100
AcDbEntity
  8
DIMENSIONS
100
AcDbLine
 10
2.5393700787401574
 20
10.059055118110235
 30
0.0
 11
2.6181102362204722
 21
10.137795275590552
 31
0.0
  0
LINE
  5
145
330
17
100
AcDbEntity
  8
DIMENSIONS
100
AcDbLine
 10
2.578740157480315
 20
8.877952755905511
 30
0.0
 11
2.625984251968504
 21
8.877952755905511
 31
0.0
  0
LINE
  5
146
330
17
100
AcDbEntity
  8
DIMENSIONS
100
AcDbLine
 10
2.5393700787401574
 20
8.838582677165354
 30
0.0
 11
2.6181102362204722
 21
8.917322834645669
 31
0.0
  0
TEXT
  5
147
330
17
100
AcDbEntity
  8
TEXT
100
AcDbText
 10
2.547244094488189
 20
9.488188976377952
 30
0.0
 40
0.04251968503937008
  1
2'-⅜" KNEE
 50
90.0
 72
1
 11
2.547244094488189
 21
9.488188976377952
 31
0.0
100
AcDbText
  0
LWPOLYLINE
  5
148
330
17
100
AcDbEntity
  8
GEOMETRY
100
AcDbPolyline
 90
2
 70
0
 10
3.234251968503937
 20
10.47244094488189
 10
3.470472440944882
 20
10.47244094488189
  0
LWPOLYLINE
  5
149
330
17
100
AcDbEntity
  8
GEOMETRY
100
AcDbPolyline
 90
3
 70
0
 10
3.3523622047244097
 20
10.47244094488189
 10
3.3523622047244097
 20
10.590551181102363
 10
3.3129921259842523
 20
10.543307086614174
  0
LWPOLYLINE
  5
14A
330
17
100
AcDbEntity
  8
GEOMETRY
100
AcDbPolyline
 90
2
 70
0
 10
3.3523622047244097
 20
10.590551181102363
 10
3.391732283464567
 20
10.543307086614174
  0
TEXT
  5
14B
330
17
100
AcDbEntity
  8
TEXT
100
AcDbText
 10
3.5098425196850394
 20
10.433070866141732
 30
0.0
 40
0.07370078740157479
  1
A
 11
3.5098425196850394
 21
10.433070866141732
 31
0.0
100
AcDbText
  0
CIRCLE
  5
14C
330
17
100
AcDbEntity
  8
GEOMETRY
100
AcDbCircle
 10
3.89251968503937
 20
10.31496062992126
 30
0.0
 40
0.07874015748031496
  0
TEXT
  5
14D
330
17
100
AcDbEntity
  8
TEXT
100
AcDbText
 10
3.89251968503937
 20
10.28543307086614
 30
0.0
 40
0.05669291338582677
  1
1
 72
1
 11
3.89251968503937
 21
10.28543307086614
 31
0.0
100
AcDbText
  0
CIRCLE
  5
14E
330
17
100
AcDbEntity
  8
GEOMETRY
100
AcDbCircle
 10
4.49015748031496
 20
10.201574803149606
 30
0.0
 40
0.07874015748031496
  0
TEXT
  5
14F
330
17
100
AcDbEntity
  8
TEXT
100
AcDbText
 10
4.49015748031496
 20
10.172047244094488
 30
0.0
 40
0.05669291338582677
  1
2
 72
1
 11
4.49015748031496
 21
10.172047244094488
 31
0.0
100
AcDbText
  0
CIRCLE
  5
150
330
17
100
AcDbEntity
  8
GEOMETRY
100
AcDbCircle
 10
3.7460629921259843
 20
10.208661417322835
 30
0.0
 40
0.07874015748031496
  0
TEXT
  5
151
330
17
100
AcDbEntity
  8
TEXT
100
AcDbText
 10
3.7460629921259843
 20
10.179133858267717
 30
0.0
 40
0.05669291338582677
  1
3
 72
1
 11
3.7460629921259843
 21
10.179133858267717
 31
0.0
100
AcDbText
  0
CIRCLE
  5
152
330
17
100
AcDbEntity
  8
GEOMETRY
100
AcDbCircle
 10
2.72244094488189
 20
10.11220472440945
 30
0.0
 40
0.07874015748031496
  0
TEXT
  5
153
330
17
100
AcDbEntity
  8
TEXT
100
AcDbText
 10
2.72244094488189
 20
10.082677165354331
 30
0.0
 40
0.05669291338582677
  1
4
 72
1
 11
2.72244094488189
 21
10.082677165354331
 31
0.0
100
AcDbText
  0
CIRCLE
  5
154
330
17
100
AcDbEntity
  8
GEOMETRY
100
AcDbCircle
 10
5.505905511811023
 20
9.330708661417322
 30
0.0
 40
0.07874015748031496
  0
TEXT
  5
155
330
17
100
AcDbEntity
  8
TEXT
100
AcDbText
 10
5.505905511811023
 20
9.301181102362204
 30
0.0
 40
0.05669291338582677
  1
5
 72
1
 11
5.505905511811023
 21
9.301181102362204
 31
0.0
100
AcDbText
  0
CIRCLE
  5
156
330
17
100
AcDbEntity
  8
GEOMETRY
100
AcDbCircle
 10
4.9921259842519685
 20
9.862204724409448
 30
0.0
 40
0.07874015748031496
  0
TEXT
  5
157
330
17
100
AcDbEntity
  8
TEXT
100
AcDbText
 10
4.9921259842519685
 20
9.832677165354331
 30
0.0
 40
0.05669291338582677
  1
6
 72
1
 11
4.9921259842519685
 21
9.832677165354331
 31
0.0
100
AcDbText
  0
CIRCLE
  5
158
330
17
100
AcDbEntity
  8
GEOMETRY
100
AcDbCircle
 10
5.208661417322835
 20
9.251968503937007
 30
0.0
 40
0.07874015748031496
  0
TEXT
  5
159
330
17
100
AcDbEntity
  8
TEXT
100
AcDbText
 10
5.208661417322835
 20
9.222440944881889
 30
0.0
 40
0.05669291338582677
  1
7
 72
1
 11
5.208661417322835
 21
9.222440944881889
 31
0.0
100
AcDbText
  0
CIRCLE
  5
15A
330
17
100
AcDbEntity
  8
GEOMETRY
100
AcDbCircle
 10
5.307086614173229
 20
8.956692913385826
 30
0.0
 40
0.07874015748031496
  0
TEXT
  5
15B
330
17
100
AcDbEntity
  8
TEXT
100
AcDbText
 10
5.307086614173229
 20
8.92716535433071
 30
0.0
 40
0.05669291338582677
  1
8
 72
1
 11
5.307086614173229
 21
8.92716535433071
 31
0.0
100
AcDbText
  0
CIRCLE
  5
15C
330
17
100
AcDbEntity
  8
GEOMETRY
100
AcDbCircle
 10
3.3523622047244097
 20
9.429133858267717
 30
0.0
 40
0.07874015748031496
  0
TEXT
  5
15D
330
17
100
AcDbEntity
  8
TEXT
100
AcDbText
 10
3.3523622047244097
 20
9.399606299212598
 30
0.0
 40
0.05669291338582677
  1
9
 72
1
 11
3.3523622047244097
 21
9.399606299212598
 31
0.0
100
AcDbText
  0
TEXT
  5
15E
330
17
100
AcDbEntity
  8
TEXT
100
AcDbText
 10
6.929133858267717
 20
11.023622047244094
 30
0.0
 40
0.09070866141732283
  1
LEFT END ELEVATION
 11
6.929133858267717
 21
11.023622047244094
 31
0.0
100
AcDbText
  0
LINE
  5
15F
330
17
100
AcDbEntity
  8
GEOMETRY
100
AcDbLine
 10
6.929133858267717
 20
10.964566929133857
 30
0.0
 11
8.89763779527559
 21
10.964566929133857
 31
0.0
  0
TEXT
  5
160
330
17
100
AcDbEntity
  8
TEXT
100
AcDbText
 10
6.929133858267717
 20
10.834645669291337
 30
0.0
 40
0.048188976377952754
  1
SCALE 1:20 · FRONT →
 11
6.929133858267717
 21
10.834645669291337
 31
0.0
100
AcDbText
  0
LWPOLYLINE
  5
161
330
17
100
AcDbEntity
  8
GEOMETRY
100
AcDbPolyline
 90
5
 70
0
 10
6.929133858267717
 20
10.354330708661418
 10
8.728346456692913
 20
10.354330708661418
 10
8.728346456692913
 20
10.275590551181104
 10
6.929133858267717
 20
10.275590551181104
 10
6.929133858267717
 20
10.354330708661418
  0
LINE
  5
162
330
17
100
AcDbEntity
  8
GEOMETRY
100
AcDbLine
 10
6.929133858267717
 20
10.338582677165356
 30
0.0
 11
8.728346456692913
 21
10.338582677165356
 31
0.0
  0
LINE
  5
163
330
17
100
AcDbEntity
  8
GEOMETRY
100
AcDbLine
 10
6.929133858267717
 20
10.32283464566929
 30
0.0
 11
8.728346456692913
 21
10.32283464566929
 31
0.0
  0
LINE
  5
164
330
17
100
AcDbEntity
  8
GEOMETRY
100
AcDbLine
 10
6.929133858267717
 20
10.307086614173228
 30
0.0
 11
8.728346456692913
 21
10.307086614173228
 31
0.0
  0
LINE
  5
165
330
17
100
AcDbEntity
  8
GEOMETRY
100
AcDbLine
 10
6.929133858267717
 20
10.291338582677165
 30
0.0
 11
8.728346456692913
 21
10.291338582677165
 31
0.0
  0
LWPOLYLINE
  5
166
330
17
100
AcDbEntity
  8
GEOMETRY
100
AcDbPolyline
 90
5
 70
0
 10
6.988188976377953
 20
10.275590551181104
 10
8.669291338582676
 20
10.275590551181104
 10
8.669291338582676
 20
10.127952755905513
 10
6.988188976377953
 20
10.127952755905513
 10
6.988188976377953
 20
10.275590551181104
  0
LWPOLYLINE
  5
167
330
17
100
AcDbEntity
  8
GEOMETRY
100
AcDbPolyline
 90
5
 70
0
 10
7.102362204724409
 20
10.236220472440944
 10
8.55511811023622
 20
10.236220472440944
 10
8.55511811023622
 20
10.16732283464567
 10
7.102362204724409
 20
10.16732283464567
 10
7.102362204724409
 20
10.236220472440944
  0
LWPOLYLINE
  5
168
330
17
100
AcDbEntity
  8
GEOMETRY
100
AcDbPolyline
 90
5
 70
0
 10
6.988188976377953
 20
10.127952755905513
 10
8.669291338582676
 20
10.127952755905513
 10
8.669291338582676
 20
10.098425196850394
 10
6.988188976377953
 20
10.098425196850394
 10
6.988188976377953
 20
10.127952755905513
  0
LINE
  5
169
330
17
100
AcDbEntity
  8
GEOMETRY
100
AcDbLine
 10
6.988188976377953
 20
10.118110236220472
 30
0.0
 11
8.669291338582676
 21
10.118110236220472
 31
0.0
  0
LINE
  5
16A
330
17
100
AcDbEntity
  8
GEOMETRY
100
AcDbLine
 10
6.988188976377953
 20
10.108267716535433
 30
0.0
 11
8.669291338582676
 21
10.108267716535433
 31
0.0
  0
LWPOLYLINE
  5
16B
330
17
100
AcDbEntity
  8
GEOMETRY
100
AcDbPolyline
 90
5
 70
0
 10
6.988188976377953
 20
10.098425196850394
 10
8.669291338582676
 20
10.098425196850394
 10
8.669291338582676
 20
9.035433070866143
 10
6.988188976377953
 20
9.035433070866143
 10
6.988188976377953
 20
10.098425196850394
  0
LINE
  5
16C
330
17
100
AcDbEntity
  8
GEOMETRY
100
AcDbLine
 10
7.062992125984252
 20
10.098425196850394
 30
0.0
 11
7.062992125984252
 21
9.03543307086614
 31
0.0
  0
LINE
  5
16D
330
17
100
AcDbEntity
  8
GEOMETRY
100
AcDbLine
 10
8.594488188976378
 20
10.098425196850394
 30
0.0
 11
8.594488188976378
 21
9.03543307086614
 31
0.0
  0
LWPOLYLINE
  5
16E
330
17
100
AcDbEntity
  8
GEOMETRY
100
AcDbPolyline
 90
5
 70
0
 10
7.141732283464567
 20
10.01968503937008
 10
8.515748031496063
 20
10.01968503937008
 10
8.515748031496063
 20
9.114173228346457
 10
7.141732283464567
 20
9.114173228346457
 10
7.141732283464567
 20
10.01968503937008
  0
LWPOLYLINE
  5
16F
330
17
100
AcDbEntity
  8
GEOMETRY
100
AcDbPolyline
 90
5
 70
0
 10
7.1574803149606305
 20
10.003937007874017
 10
8.5
 20
10.003937007874017
 10
8.5
 20
9.12992125984252
 10
7.1574803149606305
 20
9.12992125984252
 10
7.1574803149606305
 20
10.003937007874017
  0
LWPOLYLINE
  5
170
330
17
100
AcDbEntity
  8
GEOMETRY
100
AcDbPolyline
 90
5
 70
0
 10
7.122047244094488
 20
10.039370078740157
 10
8.535433070866143
 20
10.039370078740157
 10
8.535433070866143
 20
9.094488188976378
 10
7.122047244094488
 20
9.094488188976378
 10
7.122047244094488
 20
10.039370078740157
  0
LWPOLYLINE
  5
171
330
17
100
AcDbEntity
  8
GEOMETRY
100
AcDbPolyline
 90
5
 70
0
 10
6.958661417322834
 20
9.035433070866143
 10
8.698818897637794
 20
9.035433070866143
 10
8.698818897637794
 20
8.877952755905513
 10
6.958661417322834
 20
8.877952755905513
 10
6.958661417322834
 20
9.035433070866143
  0
LINE
  5
172
330
17
100
AcDbEntity
  8
GEOMETRY
100
AcDbLine
 10
6.958661417322834
 20
9.015748031496063
 30
0.0
 11
8.698818897637794
 21
9.015748031496063
 31
0.0
  0
LINE
  5
173
330
17
100
AcDbEntity
  8
GEOMETRY
100
AcDbLine
 10
6.958661417322834
 20
8.992125984251969
 30
0.0
 11
8.698818897637794
 21
8.992125984251969
 31
0.0
  0
LINE
  5
174
330
17
100
AcDbEntity
  8
GEOMETRY
100
AcDbLine
 10
6.811023622047244
 20
8.877952755905511
 30
0.0
 11
8.846456692913385
 21
8.877952755905511
 31
0.0
  0
LINE
  5
175
330
17
100
AcDbEntity
  8
DIMENSIONS
100
AcDbLine
 10
6.8700787401574805
 20
8.641732283464567
 30
0.0
 11
8.787401574803148
 21
8.641732283464567
 31
0.0
  0
LINE
  5
176
330
17
100
AcDbEntity
  8
DIMENSIONS
100
AcDbLine
 10
6.929133858267717
 20
8.838582677165354
 30
0.0
 11
6.929133858267717
 21
8.594488188976378
 31
0.0
  0
LINE
  5
177
330
17
100
AcDbEntity
  8
DIMENSIONS
100
AcDbLine
 10
6.889763779527559
 20
8.60236220472441
 30
0.0
 11
6.968503937007874
 21
8.681102362204724
 31
0.0
  0
LINE
  5
178
330
17
100
AcDbEntity
  8
DIMENSIONS
100
AcDbLine
 10
6.988188976377953
 20
8.838582677165354
 30
0.0
 11
6.988188976377953
 21
8.594488188976378
 31
0.0
  0
LINE
  5
179
330
17
100
AcDbEntity
  8
DIMENSIONS
100
AcDbLine
 10
6.948818897637795
 20
8.60236220472441
 30
0.0
 11
7.02755905511811
 21
8.681102362204724
 31
0.0
  0
LINE
  5
17A
330
17
100
AcDbEntity
  8
DIMENSIONS
100
AcDbLine
 10
8.669291338582676
 20
8.838582677165354
 30
0.0
 11
8.669291338582676
 21
8.594488188976378
 31
0.0
  0
LINE
  5
17B
330
17
100
AcDbEntity
  8
DIMENSIONS
100
AcDbLine
 10
8.629921259842519
 20
8.60236220472441
 30
0.0
 11
8.708661417322833
 21
8.681102362204724
 31
0.0
  0
LINE
  5
17C
330
17
100
AcDbEntity
  8
DIMENSIONS
100
AcDbLine
 10
8.728346456692913
 20
8.838582677165354
 30
0.0
 11
8.728346456692913
 21
8.594488188976378
 31
0.0
  0
LINE
  5
17D
330
17
100
AcDbEntity
  8
DIMENSIONS
100
AcDbLine
 10
8.688976377952756
 20
8.60236220472441
 30
0.0
 11
8.76771653543307
 21
8.681102362204724
 31
0.0
  0
LINE
  5
17E
330
17
100
AcDbEntity
  8
DIMENSIONS
  6
DASHED
100
AcDbLine
 10
6.958661417322834
 20
8.681102362204724
 30
0.0
 11
6.958661417322834
 21
8.759842519685039
 31
0.0
  0
LINE
  5
17F
330
17
100
AcDbEntity
  8
DIMENSIONS
  6
DASHED
100
AcDbLine
 10
8.698818897637794
 20
8.681102362204724
 30
0.0
 11
8.698818897637794
 21
8.909448818897639
 31
0.0
  0
TEXT
  5
180
330
17
100
AcDbEntity
  8
TEXT
100
AcDbText
 10
6.958661417322834
 20
8.81496062992126
 30
0.0
 40
0.04251968503937008
  1
1⅛"
 72
1
 11
6.958661417322834
 21
8.81496062992126
 31
0.0
100
AcDbText
  0
TEXT
  5
181
330
17
100
AcDbEntity
  8
TEXT
100
AcDbText
 10
7.828740157480315
 20
8.673228346456693
 30
0.0
 40
0.04251968503937008
  1
2'-9⅝"
 72
1
 11
7.828740157480315
 21
8.673228346456693
 31
0.0
100
AcDbText
  0
TEXT
  5
182
330
17
100
AcDbEntity
  8
TEXT
100
AcDbText
 10
8.698818897637794
 20
8.964566929133857
 30
0.0
 40
0.04251968503937008
  1
1⅛"
 72
1
 11
8.698818897637794
 21
8.964566929133857
 31
0.0
100
AcDbText
  0
LINE
  5
183
330
17
100
AcDbEntity
  8
DIMENSIONS
100
AcDbLine
 10
6.8700787401574805
 20
8.405511811023622
 30
0.0
 11
8.787401574803148
 21
8.405511811023622
 31
0.0
  0
LINE
  5
184
330
17
100
AcDbEntity
  8
DIMENSIONS
100
AcDbLine
 10
6.929133858267717
 20
8.838582677165354
 30
0.0
 11
6.929133858267717
 21
8.358267716535433
 31
0.0
  0
LINE
  5
185
330
17
100
AcDbEntity
  8
DIMENSIONS
100
AcDbLine
 10
6.889763779527559
 20
8.366141732283465
 30
0.0
 11
6.968503937007874
 21
8.44488188976378
 31
0.0
  0
LINE
  5
186
330
17
100
AcDbEntity
  8
DIMENSIONS
100
AcDbLine
 10
8.728346456692913
 20
8.838582677165354
 30
0.0
 11
8.728346456692913
 21
8.358267716535433
 31
0.0
  0
LINE
  5
187
330
17
100
AcDbEntity
  8
DIMENSIONS
100
AcDbLine
 10
8.688976377952756
 20
8.366141732283465
 30
0.0
 11
8.76771653543307
 21
8.44488188976378
 31
0.0
  0
TEXT
  5
188
330
17
100
AcDbEntity
  8
TEXT
100
AcDbText
 10
7.828740157480315
 20
8.437007874015748
 30
0.0
 40
0.048188976377952754
  1
3'-0" DEEP
 72
1
 11
7.828740157480315
 21
8.437007874015748
 31
0.0
100
AcDbText
  0
TEXT
  5
189
330
17
100
AcDbEntity
  8
TEXT
100
AcDbText
 10
11.10236220472441
 20
11.023622047244094
 30
0.0
 40
0.09070866141732283
  1
SECTION A–A
 11
11.10236220472441
 21
11.023622047244094
 31
0.0
100
AcDbText
  0
LINE
  5
18A
330
17
100
AcDbEntity
  8
GEOMETRY
100
AcDbLine
 10
11.10236220472441
 20
10.964566929133857
 30
0.0
 11
13.070866141732283
 21
10.964566929133857
 31
0.0
  0
TEXT
  5
18B
330
17
100
AcDbEntity
  8
TEXT
100
AcDbText
 10
11.10236220472441
 20
10.834645669291337
 30
0.0
 40
0.048188976377952754
  1
THROUGH KNEEHOLE · 1:12 · FRONT ←
 11
11.10236220472441
 21
10.834645669291337
 31
0.0
100
AcDbText
  0
HATCH
  5
18C
330
17
100
AcDbEntity
  8
HATCH
 62
7
100
AcDbHatch
 10
0.0
 20
0.0
 30
0.0
210
0.0
220
0.0
230
1.0
  2
ANSI31
 70
0
 71
0
 91
1
 92
3
 72
0
 73
1
 93
199
 10
11.11548556430446
 20
10.354330708661417
 10
14.087926509186351
 20
10.354330708661417
 10
14.087926509186351
 20
10.341207349081365
 10
14.089643017149976
 20
10.341094592810006
 10
14.09132307596513
 20
10.340760149291015
 10
14.0929452713384
 20
10.340209756467017
 10
14.094488188976376
 20
10.339449152280634
 10
14.095918350342993
 20
10.338493248503392
 10
14.097206102197273
 20
10.337363582512236
 10
14.098335768188427
 20
10.33607583065796
 10
14.099291671965672
 20
10.334645669291339
 10
14.100052276152052
 20
10.333102751653362
 10
14.100602668976052
 20
10.331480556280091
 10
14.100937112495043
 20
10.329800497464937
 10
14.101049868766403
 20
10.32808398950131
 10
14.100937112495043
 20
10.326367481537687
 10
14.100602668976052
 20
10.324687422722535
 10
14.100052276152052
 20
10.323065227349264
 10
14.099291671965672
 20
10.321522309711286
 10
14.098335768188427
 20
10.320092148344667
 10
14.097206102197275
 20
10.318804396490389
 10
14.095918350342997
 20
10.317674730499235
 10
14.094488188976378
 20
10.316718826721988
 10
14.092945271338401
 20
10.315958222535608
 10
14.09132307596513
 20
10.31540782971161
 10
14.089643017149976
 20
10.31507338619262
 10
14.087926509186351
 20
10.31496062992126
 10
14.089643017149976
 20
10.314847873649901
 10
14.09132307596513
 20
10.31451343013091
 10
14.0929452713384
 20
10.31396303730691
 10
14.094488188976376
 20
10.31320243312053
 10
14.095918350342993
 20
10.312246529343286
 10
14.097206102197273
 20
10.31111686335213
 10
14.098335768188427
 20
10.309829111497853
 10
14.099291671965672
 20
10.308398950131233
 10
14.100052276152052
 20
10.306856032493256
 10
14.100602668976052
 20
10.305233837119985
 10
14.100937112495043
 20
10.303553778304831
 10
14.101049868766403
 20
10.301837270341208
 10
14.100937112495043
 20
10.300120762377581
 10
14.100602668976052
 20
10.298440703562429
 10
14.100052276152052
 20
10.296818508189158
 10
14.099291671965672
 20
10.295275590551181
 10
14.098335768188427
 20
10.293845429184561
 10
14.097206102197275
 20
10.292557677330283
 10
14.095918350342997
 20
10.291428011339129
 10
14.094488188976378
 20
10.290472107561884
 10
14.092945271338401
 20
10.289711503375502
 10
14.09132307596513
 20
10.289161110551504
 10
14.089643017149976
 20
10.288826667032513
 10
14.087926509186351
 20
10.288713910761153
 10
14.089643017149976
 20
10.288601154489797
 10
14.09132307596513
 20
10.288266710970806
 10
14.0929452713384
 20
10.287716318146806
 10
14.094488188976376
 20
10.286955713960426
 10
14.095918350342993
 20
10.28599981018318
 10
14.097206102197273
 20
10.284870144192027
 10
14.098335768188427
 20
10.283582392337747
 10
14.099291671965672
 20
10.282152230971128
 10
14.100052276152052
 20
10.28060931333315
 10
14.100602668976052
 20
10.27898711795988
 10
14.100937112495043
 20
10.277307059144729
 10
14.101049868766403
 20
10.275590551181102
 10
14.100937112495043
 20
10.273874043217475
 10
14.100602668976052
 20
10.272193984402323
 10
14.100052276152052
 20
10.270571789029054
 10
14.099291671965672
 20
10.269028871391075
 10
14.098335768188427
 20
10.267598710024457
 10
14.097206102197275
 20
10.266310958170179
 10
14.095918350342997
 20
10.265181292179024
 10
14.094488188976378
 20
10.264225388401778
 10
14.092945271338401
 20
10.2634647842154
 10
14.09132307596513
 20
10.262914391391398
 10
14.089643017149976
 20
10.262579947872407
 10
14.087926509186351
 20
10.26246719160105
 10
14.089643017149976
 20
10.26235443532969
 10
14.09132307596513
 20
10.2620199918107
 10
14.0929452713384
 20
10.261469598986702
 10
14.094488188976376
 20
10.26070899480032
 10
14.095918350342993
 20
10.259753091023075
 10
14.097206102197273
 20
10.25862342503192
 10
14.098335768188427
 20
10.257335673177643
 10
14.099291671965672
 20
10.255905511811024
 10
14.100052276152052
 20
10.254362594173047
 10
14.100602668976052
 20
10.252740398799777
 10
14.100937112495043
 20
10.251060339984623
 10
14.101049868766403
 20
10.249343832020996
 10
14.100937112495043
 20
10.247627324057373
 10
14.100602668976052
 20
10.24594726524222
 10
14.100052276152052
 20
10.24432506986895
 10
14.099291671965672
 20
10.242782152230971
 10
14.098335768188427
 20
10.241351990864352
 10
14.097206102197275
 20
10.240064239010074
 10
14.095918350342997
 20
10.23893457301892
 10
14.094488188976378
 20
10.237978669241672
 10
14.092945271338401
 20
10.237218065055293
 10
14.09132307596513
 20
10.236667672231295
 10
14.089643017149976
 20
10.236333228712304
 10
14.087926509186351
 20
10.236220472440944
 10
14.087926509186351
 20
10.223097112860893
 10
11.11548556430446
 20
10.223097112860893
 10
11.11548556430446
 20
10.236220472440944
 10
11.113769056340836
 20
10.236333228712304
 10
11.112088997525682
 20
10.236667672231295
 10
11.110466802152411
 20
10.237218065055293
 10
11.108923884514434
 20
10.237978669241672
 10
11.107493723147815
 20
10.23893457301892
 10
11.106205971293537
 20
10.240064239010074
 10
11.105076305302385
 20
10.241351990864352
 10
11.104120401525137
 20
10.242782152230971
 10
11.103359797338756
 20
10.24432506986895
 10
11.102809404514757
 20
10.24594726524222
 10
11.102474960995766
 20
10.247627324057373
 10
11.102362204724407
 20
10.249343832020996
 10
11.102474960995766
 20
10.251060339984623
 10
11.102809404514757
 20
10.252740398799777
 10
11.103359797338756
 20
10.254362594173047
 10
11.104120401525137
 20
10.255905511811024
 10
11.105076305302385
 20
10.257335673177643
 10
11.106205971293537
 20
10.25862342503192
 10
11.107493723147815
 20
10.259753091023075
 10
11.108923884514434
 20
10.26070899480032
 10
11.110466802152411
 20
10.261469598986702
 10
11.112088997525682
 20
10.2620199918107
 10
11.113769056340836
 20
10.26235443532969
 10
11.11548556430446
 20
10.26246719160105
 10
11.113769056340836
 20
10.262579947872407
 10
11.112088997525682
 20
10.262914391391398
 10
11.110466802152411
 20
10.2634647842154
 10
11.108923884514434
 20
10.264225388401778
 10
11.107493723147815
 20
10.265181292179024
 10
11.106205971293537
 20
10.266310958170179
 10
11.105076305302385
 20
10.267598710024457
 10
11.104120401525137
 20
10.269028871391075
 10
11.103359797338756
 20
10.270571789029054
 10
11.102809404514757
 20
10.272193984402323
 10
11.102474960995766
 20
10.273874043217475
 10
11.102362204724407
 20
10.275590551181102
 10
11.102474960995766
 20
10.277307059144729
 10
11.102809404514757
 20
10.27898711795988
 10
11.103359797338756
 20
10.28060931333315
 10
11.104120401525137
 20
10.282152230971128
 10
11.105076305302385
 20
10.283582392337747
 10
11.106205971293537
 20
10.284870144192027
 10
11.107493723147815
 20
10.28599981018318
 10
11.108923884514434
 20
10.286955713960426
 10
11.110466802152411
 20
10.287716318146806
 10
11.112088997525682
 20
10.288266710970806
 10
11.113769056340836
 20
10.288601154489797
 10
11.11548556430446
 20
10.288713910761153
 10
11.113769056340836
 20
10.288826667032513
 10
11.112088997525682
 20
10.289161110551504
 10
11.110466802152411
 20
10.289711503375502
 10
11.108923884514434
 20
10.290472107561884
 10
11.107493723147815
 20
10.291428011339129
 10
11.106205971293537
 20
10.292557677330283
 10
11.105076305302385
 20
10.293845429184561
 10
11.104120401525137
 20
10.295275590551181
 10
11.103359797338756
 20
10.296818508189158
 10
11.102809404514757
 20
10.298440703562429
 10
11.102474960995766
 20
10.300120762377581
 10
11.102362204724407
 20
10.301837270341208
 10
11.102474960995766
 20
10.303553778304831
 10
11.102809404514757
 20
10.305233837119985
 10
11.103359797338756
 20
10.306856032493256
 10
11.104120401525137
 20
10.308398950131233
 10
11.105076305302385
 20
10.309829111497853
 10
11.106205971293537
 20
10.31111686335213
 10
11.107493723147815
 20
10.312246529343286
 10
11.108923884514434
 20
10.31320243312053
 10
11.110466802152411
 20
10.31396303730691
 10
11.112088997525682
 20
10.31451343013091
 10
11.113769056340836
 20
10.314847873649901
 10
11.11548556430446
 20
10.31496062992126
 10
11.113769056340836
 20
10.31507338619262
 10
11.112088997525682
 20
10.31540782971161
 10
11.110466802152411
 20
10.315958222535608
 10
11.108923884514434
 20
10.316718826721988
 10
11.107493723147815
 20
10.317674730499235
 10
11.106205971293537
 20
10.318804396490389
 10
11.105076305302385
 20
10.320092148344667
 10
11.104120401525137
 20
10.321522309711286
 10
11.103359797338756
 20
10.323065227349264
 10
11.102809404514757
 20
10.324687422722535
 10
11.102474960995766
 20
10.326367481537687
 10
11.102362204724407
 20
10.32808398950131
 10
11.102474960995766
 20
10.329800497464937
 10
11.102809404514757
 20
10.331480556280091
 10
11.103359797338756
 20
10.333102751653362
 10
11.104120401525137
 20
10.334645669291339
 10
11.105076305302385
 20
10.33607583065796
 10
11.106205971293537
 20
10.337363582512236
 10
11.107493723147815
 20
10.338493248503392
 10
11.108923884514434
 20
10.339449152280634
 10
11.110466802152411
 20
10.340209756467017
 10
11.112088997525682
 20
10.340760149291015
 10
11.113769056340836
 20
10.341094592810006
 10
11.11548556430446
 20
10.341207349081365
 10
11.11548556430446
 20
10.354330708661417
 97
0
 75
1
 76
1
 52
0.0
 41
0.015748031496062992
 77
0
 78
1
 53
45.0
 43
0.0
 44
0.0
 45
-0.0013919425
 46
0.0013919425
 79
0
 98
0
  0
POLYLINE
  5
18D
330
17
100
AcDbEntity
  8
GEOMETRY
100
AcDb2dPolyline
 66
1
 10
0.0
 20
0.0
 30
0.0
 70
0
  0
VERTEX
  5
18E
330
18D
100
AcDbEntity
  8
GEOMETRY
100
AcDbVertex
100
AcDb2dVertex
 10
11.11548556430446
 20
10.354330708661418
 30
0.0
 70
0
  0
VERTEX
  5
18F
330
18D
100
AcDbEntity
  8
GEOMETRY
100
AcDbVertex
100
AcDb2dVertex
 10
14.087926509186351
 20
10.354330708661418
 30
0.0
 70
0
  0
VERTEX
  5
190
330
18D
100
AcDbEntity
  8
GEOMETRY
100
AcDbVertex
100
AcDb2dVertex
 10
14.087926509186351
 20
10.341207349081365
 30
0.0
 70
0
  0
SEQEND
  5
191
330
18D
100
AcDbEntity
  8
GEOMETRY
  0
SPLINE
  5
192
330
17
100
AcDbEntity
  8
GEOMETRY
100
AcDbSpline
 70
0
 71
3
 72
23
 73
19
 74
0
 40
0.0
 40
0.0
 40
0.0
 40
0.0
 40
1.0
 40
1.0
 40
1.0
 40
2.0
 40
2.0
 40
2.0
 40
3.0
 40
3.0
 40
3.0
 40
4.0
 40
4.0
 40
4.0
 40
5.0
 40
5.0
 40
5.0
 40
6.0
 40
6.0
 40
6.0
 40
6.0
 10
14.087926509186351
 20
10.341207349081365
 30
0.0
 10
14.090229968439763
 20
10.341207349081365
 30
0.0
 10
14.092493334746338
 20
10.340600881907342
 30
0.0
 10
14.094488188976376
 20
10.339449152280636
 30
0.0
 10
14.096483043206412
 20
10.33829742265393
 30
0.0
 10
14.098139942338968
 20
10.336640523521377
 30
0.0
 10
14.099291671965672
 20
10.334645669291339
 30
0.0
 10
14.100443401592377
 20
10.332650815061301
 30
0.0
 10
14.101049868766403
 20
10.330387448754726
 30
0.0
 10
14.101049868766403
 20
10.328083989501312
 30
0.0
 10
14.101049868766403
 20
10.3257805302479
 30
0.0
 10
14.100443401592377
 20
10.323517163941325
 30
0.0
 10
14.099291671965672
 20
10.321522309711288
 30
0.0
 10
14.098139942338968
 20
10.31952745548125
 30
0.0
 10
14.096483043206415
 20
10.317870556348696
 30
0.0
 10
14.094488188976378
 20
10.316718826721988
 30
0.0
 10
14.09249333474634
 20
10.315567097095283
 30
0.0
 10
14.090229968439763
 20
10.314960629921261
 30
0.0
 10
14.087926509186351
 20
10.314960629921261
 30
0.0
  0
SPLINE
  5
193
330
17
100
AcDbEntity
  8
GEOMETRY
100
AcDbSpline
 70
0
 71
3
 72
23
 73
19
 74
0
 40
0.0
 40
0.0
 40
0.0
 40
0.0
 40
1.0
 40
1.0
 40
1.0
 40
2.0
 40
2.0
 40
2.0
 40
3.0
 40
3.0
 40
3.0
 40
4.0
 40
4.0
 40
4.0
 40
5.0
 40
5.0
 40
5.0
 40
6.0
 40
6.0
 40
6.0
 40
6.0
 10
14.087926509186351
 20
10.314960629921261
 30
0.0
 10
14.090229968439763
 20
10.314960629921261
 30
0.0
 10
14.092493334746338
 20
10.314354162747238
 30
0.0
 10
14.094488188976376
 20
10.313202433120532
 30
0.0
 10
14.096483043206412
 20
10.312050703493824
 30
0.0
 10
14.098139942338968
 20
10.310393804361272
 30
0.0
 10
14.099291671965672
 20
10.308398950131235
 30
0.0
 10
14.100443401592377
 20
10.306404095901197
 30
0.0
 10
14.101049868766403
 20
10.30414072959462
 30
0.0
 10
14.101049868766403
 20
10.301837270341208
 30
0.0
 10
14.101049868766403
 20
10.299533811087795
 30
0.0
 10
14.100443401592377
 20
10.29727044478122
 30
0.0
 10
14.099291671965672
 20
10.295275590551181
 30
0.0
 10
14.098139942338968
 20
10.293280736321144
 30
0.0
 10
14.096483043206415
 20
10.291623837188592
 30
0.0
 10
14.094488188976378
 20
10.290472107561884
 30
0.0
 10
14.09249333474634
 20
10.289320377935178
 30
0.0
 10
14.090229968439763
 20
10.288713910761155
 30
0.0
 10
14.087926509186351
 20
10.288713910761155
 30
0.0
  0
SPLINE
  5
194
330
17
100
AcDbEntity
  8
GEOMETRY
100
AcDbSpline
 70
0
 71
3
 72
23
 73
19
 74
0
 40
0.0
 40
0.0
 40
0.0
 40
0.0
 40
1.0
 40
1.0
 40
1.0
 40
2.0
 40
2.0
 40
2.0
 40
3.0
 40
3.0
 40
3.0
 40
4.0
 40
4.0
 40
4.0
 40
5.0
 40
5.0
 40
5.0
 40
6.0
 40
6.0
 40
6.0
 40
6.0
 10
14.087926509186351
 20
10.288713910761155
 30
0.0
 10
14.090229968439763
 20
10.288713910761155
 30
0.0
 10
14.092493334746338
 20
10.288107443587133
 30
0.0
 10
14.094488188976376
 20
10.286955713960426
 30
0.0
 10
14.096483043206412
 20
10.28580398433372
 30
0.0
 10
14.098139942338968
 20
10.284147085201168
 30
0.0
 10
14.099291671965672
 20
10.282152230971128
 30
0.0
 10
14.100443401592377
 20
10.28015737674109
 30
0.0
 10
14.101049868766403
 20
10.277894010434515
 30
0.0
 10
14.101049868766403
 20
10.275590551181104
 30
0.0
 10
14.101049868766403
 20
10.27328709192769
 30
0.0
 10
14.100443401592377
 20
10.271023725621115
 30
0.0
 10
14.099291671965672
 20
10.269028871391077
 30
0.0
 10
14.098139942338968
 20
10.26703401716104
 30
0.0
 10
14.096483043206415
 20
10.265377118028486
 30
0.0
 10
14.094488188976378
 20
10.26422538840178
 30
0.0
 10
14.09249333474634
 20
10.263073658775074
 30
0.0
 10
14.090229968439763
 20
10.26246719160105
 30
0.0
 10
14.087926509186351
 20
10.26246719160105
 30
0.0
  0
SPLINE
  5
195
330
17
100
AcDbEntity
  8
GEOMETRY
100
AcDbSpline
 70
0
 71
3
 72
23
 73
19
 74
0
 40
0.0
 40
0.0
 40
0.0
 40
0.0
 40
1.0
 40
1.0
 40
1.0
 40
2.0
 40
2.0
 40
2.0
 40
3.0
 40
3.0
 40
3.0
 40
4.0
 40
4.0
 40
4.0
 40
5.0
 40
5.0
 40
5.0
 40
6.0
 40
6.0
 40
6.0
 40
6.0
 10
14.087926509186351
 20
10.26246719160105
 30
0.0
 10
14.090229968439763
 20
10.26246719160105
 30
0.0
 10
14.092493334746338
 20
10.261860724427027
 30
0.0
 10
14.094488188976376
 20
10.260708994800321
 30
0.0
 10
14.096483043206412
 20
10.259557265173616
 30
0.0
 10
14.098139942338968
 20
10.257900366041062
 30
0.0
 10
14.099291671965672
 20
10.255905511811024
 30
0.0
 10
14.100443401592377
 20
10.253910657580986
 30
0.0
 10
14.101049868766403
 20
10.251647291274411
 30
0.0
 10
14.101049868766403
 20
10.249343832020998
 30
0.0
 10
14.101049868766403
 20
10.247040372767586
 30
0.0
 10
14.100443401592377
 20
10.24477700646101
 30
0.0
 10
14.099291671965672
 20
10.242782152230973
 30
0.0
 10
14.098139942338968
 20
10.240787298000935
 30
0.0
 10
14.096483043206415
 20
10.239130398868381
 30
0.0
 10
14.094488188976378
 20
10.237978669241674
 30
0.0
 10
14.09249333474634
 20
10.236826939614968
 30
0.0
 10
14.090229968439763
 20
10.236220472440944
 30
0.0
 10
14.087926509186351
 20
10.236220472440944
 30
0.0
  0
POLYLINE
  5
196
330
17
100
AcDbEntity
  8
GEOMETRY
100
AcDb2dPolyline
 66
1
 10
0.0
 20
0.0
 30
0.0
 70
0
  0
VERTEX
  5
197
330
196
100
AcDbEntity
  8
GEOMETRY
100
AcDbVertex
100
AcDb2dVertex
 10
14.087926509186351
 20
10.236220472440944
 30
0.0
 70
0
  0
VERTEX
  5
198
330
196
100
AcDbEntity
  8
GEOMETRY
100
AcDbVertex
100
AcDb2dVertex
 10
14.087926509186351
 20
10.223097112860893
 30
0.0
 70
0
  0
VERTEX
  5
199
330
196
100
AcDbEntity
  8
GEOMETRY
100
AcDbVertex
100
AcDb2dVertex
 10
11.11548556430446
 20
10.223097112860893
 30
0.0
 70
0
  0
VERTEX
  5
19A
330
196
100
AcDbEntity
  8
GEOMETRY
100
AcDbVertex
100
AcDb2dVertex
 10
11.11548556430446
 20
10.236220472440944
 30
0.0
 70
0
  0
SEQEND
  5
19B
330
196
100
AcDbEntity
  8
GEOMETRY
  0
SPLINE
  5
19C
330
17
100
AcDbEntity
  8
GEOMETRY
100
AcDbSpline
 70
0
 71
3
 72
23
 73
19
 74
0
 40
0.0
 40
0.0
 40
0.0
 40
0.0
 40
1.0
 40
1.0
 40
1.0
 40
2.0
 40
2.0
 40
2.0
 40
3.0
 40
3.0
 40
3.0
 40
4.0
 40
4.0
 40
4.0
 40
5.0
 40
5.0
 40
5.0
 40
6.0
 40
6.0
 40
6.0
 40
6.0
 10
11.11548556430446
 20
10.236220472440944
 30
0.0
 10
11.113182105051049
 20
10.236220472440944
 30
0.0
 10
11.110918738744472
 20
10.236826939614968
 30
0.0
 10
11.108923884514434
 20
10.237978669241674
 30
0.0
 10
11.106929030284396
 20
10.239130398868381
 30
0.0
 10
11.105272131151844
 20
10.240787298000933
 30
0.0
 10
11.104120401525137
 20
10.242782152230971
 30
0.0
 10
11.102968671898429
 20
10.244777006461009
 30
0.0
 10
11.102362204724407
 20
10.247040372767586
 30
0.0
 10
11.102362204724407
 20
10.249343832020998
 30
0.0
 10
11.102362204724407
 20
10.251647291274411
 30
0.0
 10
11.102968671898429
 20
10.253910657580986
 30
0.0
 10
11.104120401525137
 20
10.255905511811024
 30
0.0
 10
11.105272131151844
 20
10.257900366041062
 30
0.0
 10
11.106929030284396
 20
10.259557265173616
 30
0.0
 10
11.108923884514434
 20
10.260708994800321
 30
0.0
 10
11.110918738744472
 20
10.261860724427027
 30
0.0
 10
11.113182105051049
 20
10.26246719160105
 30
0.0
 10
11.11548556430446
 20
10.26246719160105
 30
0.0
  0
SPLINE
  5
19D
330
17
100
AcDbEntity
  8
GEOMETRY
100
AcDbSpline
 70
0
 71
3
 72
23
 73
19
 74
0
 40
0.0
 40
0.0
 40
0.0
 40
0.0
 40
1.0
 40
1.0
 40
1.0
 40
2.0
 40
2.0
 40
2.0
 40
3.0
 40
3.0
 40
3.0
 40
4.0
 40
4.0
 40
4.0
 40
5.0
 40
5.0
 40
5.0
 40
6.0
 40
6.0
 40
6.0
 40
6.0
 10
11.11548556430446
 20
10.26246719160105
 30
0.0
 10
11.113182105051049
 20
10.26246719160105
 30
0.0
 10
11.110918738744472
 20
10.263073658775072
 30
0.0
 10
11.108923884514434
 20
10.26422538840178
 30
0.0
 10
11.106929030284396
 20
10.265377118028486
 30
0.0
 10
11.105272131151844
 20
10.26703401716104
 30
0.0
 10
11.104120401525137
 20
10.269028871391077
 30
0.0
 10
11.102968671898429
 20
10.271023725621115
 30
0.0
 10
11.102362204724407
 20
10.27328709192769
 30
0.0
 10
11.102362204724407
 20
10.275590551181104
 30
0.0
 10
11.102362204724407
 20
10.277894010434515
 30
0.0
 10
11.102968671898429
 20
10.28015737674109
 30
0.0
 10
11.104120401525137
 20
10.282152230971128
 30
0.0
 10
11.105272131151844
 20
10.284147085201166
 30
0.0
 10
11.106929030284396
 20
10.28580398433372
 30
0.0
 10
11.108923884514434
 20
10.286955713960426
 30
0.0
 10
11.110918738744472
 20
10.288107443587133
 30
0.0
 10
11.113182105051049
 20
10.288713910761155
 30
0.0
 10
11.11548556430446
 20
10.288713910761155
 30
0.0
  0
SPLINE
  5
19E
330
17
100
AcDbEntity
  8
GEOMETRY
100
AcDbSpline
 70
0
 71
3
 72
23
 73
19
 74
0
 40
0.0
 40
0.0
 40
0.0
 40
0.0
 40
1.0
 40
1.0
 40
1.0
 40
2.0
 40
2.0
 40
2.0
 40
3.0
 40
3.0
 40
3.0
 40
4.0
 40
4.0
 40
4.0
 40
5.0
 40
5.0
 40
5.0
 40
6.0
 40
6.0
 40
6.0
 40
6.0
 10
11.11548556430446
 20
10.288713910761155
 30
0.0
 10
11.113182105051049
 20
10.288713910761155
 30
0.0
 10
11.110918738744472
 20
10.289320377935178
 30
0.0
 10
11.108923884514434
 20
10.290472107561884
 30
0.0
 10
11.106929030284396
 20
10.291623837188592
 30
0.0
 10
11.105272131151844
 20
10.293280736321144
 30
0.0
 10
11.104120401525137
 20
10.295275590551181
 30
0.0
 10
11.102968671898429
 20
10.29727044478122
 30
0.0
 10
11.102362204724407
 20
10.299533811087795
 30
0.0
 10
11.102362204724407
 20
10.301837270341208
 30
0.0
 10
11.102362204724407
 20
10.30414072959462
 30
0.0
 10
11.102968671898429
 20
10.306404095901197
 30
0.0
 10
11.104120401525137
 20
10.308398950131235
 30
0.0
 10
11.105272131151844
 20
10.310393804361272
 30
0.0
 10
11.106929030284396
 20
10.312050703493824
 30
0.0
 10
11.108923884514434
 20
10.313202433120532
 30
0.0
 10
11.110918738744472
 20
10.314354162747238
 30
0.0
 10
11.113182105051049
 20
10.314960629921261
 30
0.0
 10
11.11548556430446
 20
10.314960629921261
 30
0.0
  0
SPLINE
  5
19F
330
17
100
AcDbEntity
  8
GEOMETRY
100
AcDbSpline
 70
0
 71
3
 72
23
 73
19
 74
0
 40
0.0
 40
0.0
 40
0.0
 40
0.0
 40
1.0
 40
1.0
 40
1.0
 40
2.0
 40
2.0
 40
2.0
 40
3.0
 40
3.0
 40
3.0
 40
4.0
 40
4.0
 40
4.0
 40
5.0
 40
5.0
 40
5.0
 40
6.0
 40
6.0
 40
6.0
 40
6.0
 10
11.11548556430446
 20
10.314960629921261
 30
0.0
 10
11.113182105051049
 20
10.314960629921261
 30
0.0
 10
11.110918738744472
 20
10.315567097095283
 30
0.0
 10
11.108923884514434
 20
10.316718826721988
 30
0.0
 10
11.106929030284396
 20
10.317870556348696
 30
0.0
 10
11.105272131151844
 20
10.319527455481248
 30
0.0
 10
11.104120401525137
 20
10.321522309711286
 30
0.0
 10
11.102968671898429
 20
10.323517163941325
 30
0.0
 10
11.102362204724407
 20
10.3257805302479
 30
0.0
 10
11.102362204724407
 20
10.328083989501312
 30
0.0
 10
11.102362204724407
 20
10.330387448754726
 30
0.0
 10
11.102968671898429
 20
10.332650815061301
 30
0.0
 10
11.104120401525137
 20
10.334645669291339
 30
0.0
 10
11.105272131151844
 20
10.336640523521377
 30
0.0
 10
11.106929030284396
 20
10.33829742265393
 30
0.0
 10
11.108923884514434
 20
10.339449152280636
 30
0.0
 10
11.110918738744472
 20
10.340600881907342
 30
0.0
 10
11.113182105051049
 20
10.341207349081365
 30
0.0
 10
11.11548556430446
 20
10.341207349081365
 30
0.0
  0
POLYLINE
  5
1A0
330
17
100
AcDbEntity
  8
GEOMETRY
100
AcDb2dPolyline
 66
1
 10
0.0
 20
0.0
 30
0.0
 70
0
  0
VERTEX
  5
1A1
330
1A0
100
AcDbEntity
  8
GEOMETRY
100
AcDbVertex
100
AcDb2dVertex
 10
11.11548556430446
 20
10.341207349081365
 30
0.0
 70
0
  0
VERTEX
  5
1A2
330
1A0
100
AcDbEntity
  8
GEOMETRY
100
AcDbVertex
100
AcDb2dVertex
 10
11.11548556430446
 20
10.354330708661418
 30
0.0
 70
0
  0
SEQEND
  5
1A3
330
1A0
100
AcDbEntity
  8
GEOMETRY
  0
LWPOLYLINE
  5
1A4
330
17
100
AcDbEntity
  8
GEOMETRY
100
AcDbPolyline
 90
5
 70
0
 10
11.200787401574804
 20
9.927821522309712
 10
14.002624671916008
 20
9.927821522309712
 10
14.002624671916008
 20
8.156167979002625
 10
11.200787401574804
 20
8.156167979002625
 10
11.200787401574804
 20
9.927821522309712
  0
LWPOLYLINE
  5
1A5
330
17
100
AcDbEntity
  8
GEOMETRY
100
AcDbPolyline
 90
5
 70
0
 10
11.151574803149606
 20
8.156167979002625
 10
14.051837270341206
 20
8.156167979002625
 10
14.051837270341206
 20
7.893700787401576
 10
11.151574803149606
 20
7.893700787401576
 10
11.151574803149606
 20
8.156167979002625
  0
HATCH
  5
1A6
330
17
100
AcDbEntity
  8
HATCH
 62
7
100
AcDbHatch
 10
0.0
 20
0.0
 30
0.0
210
0.0
220
0.0
230
1.0
  2
ANSI31
 70
0
 71
0
 91
1
 92
3
 72
0
 73
1
 93
5
 10
11.200787401574804
 20
10.213254593175854
 10
11.27296587926509
 20
10.213254593175854
 10
11.27296587926509
 20
9.986876640419947
 10
11.200787401574804
 20
9.986876640419947
 10
11.200787401574804
 20
10.213254593175854
 97
0
 75
1
 76
1
 52
0.0
 41
0.015748031496062992
 77
0
 78
1
 53
45.0
 43
0.0
 44
0.0
 45
-0.0013919425
 46
0.0013919425
 79
0
 98
0
  0
LWPOLYLINE
  5
1A7
330
17
100
AcDbEntity
  8
GEOMETRY
100
AcDbPolyline
 90
5
 70
0
 10
11.200787401574804
 20
10.213254593175854
 10
11.27296587926509
 20
10.213254593175854
 10
11.27296587926509
 20
9.986876640419949
 10
11.200787401574804
 20
9.986876640419949
 10
11.200787401574804
 20
10.213254593175854
  0
HATCH
  5
1A8
330
17
100
AcDbEntity
  8
HATCH
 62
7
100
AcDbHatch
 10
0.0
 20
0.0
 30
0.0
210
0.0
220
0.0
230
1.0
  2
ANSI31
 70
0
 71
0
 91
1
 92
3
 72
0
 73
1
 93
5
 10
11.27296587926509
 20
10.026246719160106
 10
13.608923884514434
 20
10.026246719160106
 10
13.608923884514434
 20
9.996719160104988
 10
11.27296587926509
 20
9.996719160104988
 10
11.27296587926509
 20
10.026246719160106
 97
0
 75
1
 76
1
 52
0.0
 41
0.015748031496062992
 77
0
 78
1
 53
45.0
 43
0.0
 44
0.0
 45
-0.0013919425
 46
0.0013919425
 79
0
 98
0
  0
LWPOLYLINE
  5
1A9
330
17
100
AcDbEntity
  8
GEOMETRY
100
AcDbPolyline
 90
5
 70
0
 10
11.27296587926509
 20
10.026246719160106
 10
13.608923884514434
 20
10.026246719160106
 10
13.608923884514434
 20
9.996719160104988
 10
11.27296587926509
 20
9.996719160104988
 10
11.27296587926509
 20
10.026246719160106
  0
HATCH
  5
1AA
330
17
100
AcDbEntity
  8
HATCH
 62
7
100
AcDbHatch
 10
0.0
 20
0.0
 30
0.0
210
0.0
220
0.0
230
1.0
  2
ANSI31
 70
0
 71
0
 91
1
 92
3
 72
0
 73
1
 93
5
 10
13.55971128608924
 20
10.141076115485564
 10
13.608923884514436
 20
10.141076115485564
 10
13.608923884514436
 20
9.996719160104988
 10
13.55971128608924
 20
9.996719160104988
 10
13.55971128608924
 20
10.141076115485564
 97
0
 75
1
 76
1
 52
0.0
 41
0.015748031496062992
 77
0
 78
1
 53
45.0
 43
0.0
 44
0.0
 45
-0.0013919425
 46
0.0013919425
 79
0
 98
0
  0
LWPOLYLINE
  5
1AB
330
17
100
AcDbEntity
  8
GEOMETRY
100
AcDbPolyline
 90
5
 70
0
 10
13.55971128608924
 20
10.141076115485564
 10
13.608923884514436
 20
10.141076115485564
 10
13.608923884514436
 20
9.996719160104988
 10
13.55971128608924
 20
9.996719160104988
 10
13.55971128608924
 20
10.141076115485564
  0
LWPOLYLINE
  5
1AC
330
17
100
AcDbEntity
  8
GEOMETRY
100
AcDbPolyline
 90
5
 70
0
 10
11.27296587926509
 20
9.996719160104988
 10
13.746719160104986
 20
9.996719160104988
 10
13.746719160104986
 20
9.97703412073491
 10
11.27296587926509
 20
9.97703412073491
 10
11.27296587926509
 20
9.996719160104988
  0
HATCH
  5
1AD
330
17
100
AcDbEntity
  8
HATCH
 62
7
100
AcDbHatch
 10
0.0
 20
0.0
 30
0.0
210
0.0
220
0.0
230
1.0
  2
ANSI31
 70
0
 71
0
 91
1
 92
3
 72
0
 73
1
 93
5
 10
11.200787401574804
 20
9.977034120734908
 10
11.27296587926509
 20
9.977034120734908
 10
11.27296587926509
 20
9.927821522309712
 10
11.200787401574804
 20
9.927821522309712
 10
11.200787401574804
 20
9.977034120734908
 97
0
 75
1
 76
1
 52
0.0
 41
0.015748031496062992
 77
0
 78
1
 53
45.0
 43
0.0
 44
0.0
 45
-0.0013919425
 46
0.0013919425
 79
0
 98
0
  0
LWPOLYLINE
  5
1AE
330
17
100
AcDbEntity
  8
GEOMETRY
100
AcDbPolyline
 90
5
 70
0
 10
11.200787401574804
 20
9.97703412073491
 10
11.27296587926509
 20
9.97703412073491
 10
11.27296587926509
 20
9.927821522309712
 10
11.200787401574804
 20
9.927821522309712
 10
11.200787401574804
 20
9.97703412073491
  0
HATCH
  5
1AF
330
17
100
AcDbEntity
  8
HATCH
 62
7
100
AcDbHatch
 10
0.0
 20
0.0
 30
0.0
210
0.0
220
0.0
230
1.0
  2
ANSI31
 70
0
 71
0
 91
1
 92
3
 72
0
 73
1
 93
5
 10
13.694225721784775
 20
10.223097112860893
 10
13.766404199475064
 20
10.223097112860893
 10
13.766404199475064
 20
9.92782152230971
 10
13.694225721784775
 20
9.92782152230971
 10
13.694225721784775
 20
10.223097112860893
 97
0
 75
1
 76
1
 52
0.0
 41
0.015748031496062992
 77
0
 78
1
 53
45.0
 43
0.0
 44
0.0
 45
-0.0013919425
 46
0.0013919425
 79
0
 98
0
  0
LWPOLYLINE
  5
1B0
330
17
100
AcDbEntity
  8
GEOMETRY
100
AcDbPolyline
 90
5
 70
0
 10
13.694225721784775
 20
10.223097112860893
 10
13.766404199475064
 20
10.223097112860893
 10
13.766404199475064
 20
9.927821522309712
 10
13.694225721784775
 20
9.927821522309712
 10
13.694225721784775
 20
10.223097112860893
  0
HATCH
  5
1B1
330
17
100
AcDbEntity
  8
HATCH
 62
7
100
AcDbHatch
 10
0.0
 20
0.0
 30
0.0
210
0.0
220
0.0
230
1.0
  2
ANSI31
 70
0
 71
0
 91
1
 92
3
 72
0
 73
1
 93
5
 10
13.707349081364828
 20
9.927821522309712
 10
13.766404199475064
 20
9.927821522309712
 10
13.766404199475064
 20
8.385826771653543
 10
13.707349081364828
 20
8.385826771653543
 10
13.707349081364828
 20
9.927821522309712
 97
0
 75
1
 76
1
 52
0.0
 41
0.015748031496062992
 77
0
 78
1
 53
45.0
 43
0.0
 44
0.0
 45
-0.0013919425
 46
0.0013919425
 79
0
 98
0
  0
LWPOLYLINE
  5
1B2
330
17
100
AcDbEntity
  8
GEOMETRY
100
AcDbPolyline
 90
5
 70
0
 10
13.707349081364828
 20
9.927821522309712
 10
13.766404199475064
 20
9.927821522309712
 10
13.766404199475064
 20
8.385826771653544
 10
13.707349081364828
 20
8.385826771653544
 10
13.707349081364828
 20
9.927821522309712
  0
LWPOLYLINE
  5
1B3
330
17
100
AcDbEntity
  8
DIMENSIONS
  6
DASHED
100
AcDbPolyline
 90
5
 70
0
 10
13.851706036745405
 20
10.400262467191602
 10
14.199475065616797
 20
10.400262467191602
 10
14.199475065616797
 20
10.354330708661418
 10
13.851706036745405
 20
10.354330708661418
 10
13.851706036745405
 20
10.400262467191602
  0
LWPOLYLINE
  5
1B4
330
17
100
AcDbEntity
  8
DIMENSIONS
  6
DASHED
100
AcDbPolyline
 90
5
 70
0
 10
14.14041994750656
 20
10.400262467191602
 10
14.199475065616797
 20
10.400262467191602
 10
14.199475065616797
 20
10.026246719160106
 10
14.14041994750656
 20
10.026246719160106
 10
14.14041994750656
 20
10.400262467191602
  0
LWPOLYLINE
  5
1B5
330
17
100
AcDbEntity
  8
DIMENSIONS
  6
DASHED
100
AcDbPolyline
 90
5
 70
0
 10
13.904199475065615
 20
10.065616797900264
 10
14.199475065616797
 20
10.065616797900264
 10
14.199475065616797
 20
10.026246719160106
 10
13.904199475065615
 20
10.026246719160106
 10
13.904199475065615
 20
10.065616797900264
  0
LINE
  5
1B6
330
17
100
AcDbEntity
  8
DIMENSIONS
  6
DASHED
100
AcDbLine
 10
13.969816272965879
 20
10.183727034120736
 30
0.0
 11
13.969816272965879
 21
10.065616797900262
 31
0.0
  0
LWPOLYLINE
  5
1B7
330
17
100
AcDbEntity
  8
DIMENSIONS
  6
DASHED
100
AcDbPolyline
 90
5
 70
0
 10
13.923884514435693
 20
10.223097112860893
 10
14.015748031496061
 20
10.223097112860893
 10
14.015748031496061
 20
10.183727034120736
 10
13.923884514435693
 20
10.183727034120736
 10
13.923884514435693
 20
10.223097112860893
  0
LINE
  5
1B8
330
17
100
AcDbEntity
  8
DIMENSIONS
  6
DASHED
100
AcDbLine
 10
14.169947506561678
 20
10.400262467191602
 30
0.0
 11
14.169947506561678
 21
10.846456692913385
 31
0.0
  0
LINE
  5
1B9
330
17
100
AcDbEntity
  8
GEOMETRY
  6
DASHED
100
AcDbLine
 10
14.268372703412071
 20
10.879265091863516
 30
0.0
 11
14.268372703412071
 21
7.893700787401575
 31
0.0
  0
LINE
  5
1BA
330
17
100
AcDbEntity
  8
GEOMETRY
100
AcDbLine
 10
10.905511811023622
 20
7.893700787401575
 30
0.0
 11
14.29790026246719
 21
7.893700787401575
 31
0.0
  0
LINE
  5
1BB
330
17
100
AcDbEntity
  8
GEOMETRY
100
AcDbLine
 10
11.237007874015749
 20
10.026377952755906
 30
0.0
 11
14.33740157480315
 21
9.82952755905512
 31
0.0
  0
TEXT
  5
1BC
330
17
100
AcDbEntity
  8
TEXT
100
AcDbText
 10
14.376771653543308
 20
9.821653543307086
 30
0.0
 40
0.048188976377952754
  1
DRAWER FRONT 22
 11
14.376771653543308
 21
9.821653543307086
 31
0.0
100
AcDbText
  0
TEXT
  5
1BD
330
17
100
AcDbEntity
  8
TEXT
100
AcDbText
 10
14.376771653543308
 20
9.731102362204725
 30
0.0
 40
0.04110236220472441
  1
DOVETAILED, 9 BOTTOM
 11
14.376771653543308
 21
9.731102362204725
 31
0.0
100
AcDbText
  0
LINE
  5
1BE
330
17
100
AcDbEntity
  8
GEOMETRY
100
AcDbLine
 10
13.737007874015749
 20
8.877952755905511
 30
0.0
 11
14.33740157480315
 21
8.812204724409447
 31
0.0
  0
TEXT
  5
1BF
330
17
100
AcDbEntity
  8
TEXT
100
AcDbText
 10
14.376771653543308
 20
8.804330708661418
 30
0.0
 40
0.048188976377952754
  1
MODESTY PANEL 18
 11
14.376771653543308
 21
8.804330708661418
 31
0.0
100
AcDbText
  0
TEXT
  5
1C0
330
17
100
AcDbEntity
  8
TEXT
100
AcDbText
 10
14.376771653543308
 20
8.713779527559055
 30
0.0
 40
0.04110236220472441
  1
STOPS 150 ABOVE FLOOR
 11
14.376771653543308
 21
8.713779527559055
 31
0.0
100
AcDbText
  0
LINE
  5
1C1
330
17
100
AcDbEntity
  8
GEOMETRY
100
AcDbLine
 10
13.904330708661417
 20
9.993307086614173
 30
0.0
 11
14.33740157480315
 21
9.534251968503938
 31
0.0
  0
TEXT
  5
1C2
330
17
100
AcDbEntity
  8
TEXT
100
AcDbText
 10
14.376771653543308
 20
9.526377952755904
 30
0.0
 40
0.048188976377952754
  1
MONITOR CLAMP BAY
 11
14.376771653543308
 21
9.526377952755904
 31
0.0
100
AcDbText
  0
TEXT
  5
1C3
330
17
100
AcDbEntity
  8
TEXT
100
AcDbText
 10
14.376771653543308
 20
9.435826771653543
 30
0.0
 40
0.04110236220472441
  1
CLEAR 4 IN IN, 3½ IN UNDER THE TOP
 11
14.376771653543308
 21
9.435826771653543
 31
0.0
100
AcDbText
  0
LINE
  5
1C4
330
17
100
AcDbEntity
  8
GEOMETRY
100
AcDbLine
 10
14.268503937007875
 20
10.748031496062993
 30
0.0
 11
14.33740157480315
 21
10.846456692913385
 31
0.0
  0
TEXT
  5
1C5
330
17
100
AcDbEntity
  8
TEXT
100
AcDbText
 10
14.376771653543308
 20
10.838582677165356
 30
0.0
 40
0.048188976377952754
  1
GLASS PARTITION
 11
14.376771653543308
 21
10.838582677165356
 31
0.0
100
AcDbText
  0
TEXT
  5
1C6
330
17
100
AcDbEntity
  8
TEXT
100
AcDbText
 10
14.376771653543308
 20
10.748031496062993
 30
0.0
 40
0.04110236220472441
  1
2 IN BEHIND THE DESK
 11
14.376771653543308
 21
10.748031496062993
 31
0.0
100
AcDbText
  0
LINE
  5
1C7
330
17
100
AcDbEntity
  8
DIMENSIONS
100
AcDbLine
 10
13.70748031496063
 20
10.912204724409449
 30
0.0
 11
14.32755905511811
 21
10.912204724409449
 31
0.0
  0
LINE
  5
1C8
330
17
100
AcDbEntity
  8
DIMENSIONS
100
AcDbLine
 10
13.766535433070867
 20
10.387007874015747
 30
0.0
 11
13.766535433070867
 21
10.86496062992126
 31
0.0
  0
LINE
  5
1C9
330
17
100
AcDbEntity
  8
DIMENSIONS
100
AcDbLine
 10
13.72716535433071
 20
10.872834645669291
 30
0.0
 11
13.805905511811025
 21
10.951574803149606
 31
0.0
  0
LINE
  5
1CA
330
17
100
AcDbEntity
  8
DIMENSIONS
100
AcDbLine
 10
14.101181102362204
 20
10.387007874015747
 30
0.0
 11
14.101181102362204
 21
10.86496062992126
 31
0.0
  0
LINE
  5
1CB
330
17
100
AcDbEntity
  8
DIMENSIONS
100
AcDbLine
 10
14.061811023622047
 20
10.872834645669291
 30
0.0
 11
14.140551181102362
 21
10.951574803149606
 31
0.0
  0
LINE
  5
1CC
330
17
100
AcDbEntity
  8
DIMENSIONS
100
AcDbLine
 10
14.268503937007875
 20
10.387007874015747
 30
0.0
 11
14.268503937007875
 21
10.86496062992126
 31
0.0
  0
LINE
  5
1CD
330
17
100
AcDbEntity
  8
DIMENSIONS
100
AcDbLine
 10
14.229133858267717
 20
10.872834645669291
 30
0.0
 11
14.307874015748032
 21
10.951574803149606
 31
0.0
  0
TEXT
  5
1CE
330
17
100
AcDbEntity
  8
TEXT
100
AcDbText
 10
13.933858267716536
 20
10.943700787401577
 30
0.0
 40
0.036850393700787396
  1
4"
 72
1
 11
13.933858267716536
 21
10.943700787401577
 31
0.0
100
AcDbText
  0
TEXT
  5
1CF
330
17
100
AcDbEntity
  8
TEXT
100
AcDbText
 10
14.18503937007874
 20
10.943700787401577
 30
0.0
 40
0.036850393700787396
  1
2"
 72
1
 11
14.18503937007874
 21
10.943700787401577
 31
0.0
100
AcDbText
  0
LINE
  5
1D0
330
17
100
AcDbEntity
  8
GEOMETRY
100
AcDbLine
 10
14.087795275590551
 20
10.288582677165353
 30
0.0
 11
14.33740157480315
 21
10.15748031496063
 31
0.0
  0
TEXT
  5
1D1
330
17
100
AcDbEntity
  8
TEXT
100
AcDbText
 10
14.376771653543308
 20
10.149606299212598
 30
0.0
 40
0.048188976377952754
  1
REEDED EDGE
 11
14.376771653543308
 21
10.149606299212598
 31
0.0
100
AcDbText
  0
TEXT
  5
1D2
330
17
100
AcDbEntity
  8
TEXT
100
AcDbText
 10
14.376771653543308
 20
10.059055118110235
 30
0.0
 40
0.04110236220472441
  1
SEE DETAIL 1
 11
14.376771653543308
 21
10.059055118110235
 31
0.0
100
AcDbText
  0
LINE
  5
1D3
330
17
100
AcDbEntity
  8
DIMENSIONS
100
AcDbLine
 10
10.94488188976378
 20
10.28228346456693
 30
0.0
 11
10.94488188976378
 21
9.918110236220473
 31
0.0
  0
LINE
  5
1D4
330
17
100
AcDbEntity
  8
DIMENSIONS
100
AcDbLine
 10
11.200787401574804
 20
10.223228346456693
 30
0.0
 11
10.992125984251969
 21
10.223228346456693
 31
0.0
  0
LINE
  5
1D5
330
17
100
AcDbEntity
  8
DIMENSIONS
100
AcDbLine
 10
10.905511811023622
 20
10.183858267716536
 30
0.0
 11
10.984251968503937
 21
10.26259842519685
 31
0.0
  0
LINE
  5
1D6
330
17
100
AcDbEntity
  8
DIMENSIONS
100
AcDbLine
 10
11.200787401574804
 20
9.97716535433071
 30
0.0
 11
10.992125984251969
 21
9.97716535433071
 31
0.0
  0
LINE
  5
1D7
330
17
100
AcDbEntity
  8
DIMENSIONS
100
AcDbLine
 10
10.905511811023622
 20
9.937795275590553
 30
0.0
 11
10.984251968503937
 21
10.016535433070867
 31
0.0
  0
TEXT
  5
1D8
330
17
100
AcDbEntity
  8
TEXT
100
AcDbText
 10
10.913385826771654
 20
10.100393700787402
 30
0.0
 40
0.04251968503937008
  1
3"
 50
90.0
 72
1
 11
10.913385826771654
 21
10.100393700787402
 31
0.0
100
AcDbText
  0
TEXT
  5
1D9
330
17
100
AcDbEntity
  8
TEXT
100
AcDbText
 10
0.7086614173228346
 20
7.716535433070866
 30
0.0
 40
0.09070866141732283
  1
PLAN
 11
0.7086614173228346
 21
7.716535433070866
 31
0.0
100
AcDbText
  0
LINE
  5
1DA
330
17
100
AcDbEntity
  8
GEOMETRY
100
AcDbLine
 10
0.7086614173228346
 20
7.65748031496063
 30
0.0
 11
2.283464566929134
 21
7.65748031496063
 31
0.0
  0
TEXT
  5
1DB
330
17
100
AcDbEntity
  8
TEXT
100
AcDbText
 10
0.7086614173228346
 20
7.527559055118109
 30
0.0
 40
0.048188976377952754
  1
SCALE 1:20 · FRONT AT TOP
 11
0.7086614173228346
 21
7.527559055118109
 31
0.0
100
AcDbText
  0
LWPOLYLINE
  5
1DC
330
17
100
AcDbEntity
  8
GEOMETRY
100
AcDbPolyline
 90
5
 70
0
 10
1.1023622047244095
 20
7.362204724409449
 10
5.60236220472441
 20
7.362204724409449
 10
5.60236220472441
 20
5.562992125984253
 10
1.1023622047244095
 20
5.562992125984253
 10
1.1023622047244095
 20
7.362204724409449
  0
LWPOLYLINE
  5
1DD
330
17
100
AcDbEntity
  8
GEOMETRY
100
AcDbPolyline
 90
5
 70
0
 10
1.1141732283464567
 20
7.350393700787403
 10
5.590551181102362
 20
7.350393700787403
 10
5.590551181102362
 20
5.5748031496063
 10
1.1141732283464567
 20
5.5748031496063
 10
1.1141732283464567
 20
7.350393700787403
  0
SPLINE
  5
1DE
330
17
100
AcDbEntity
  8
GEOMETRY
100
AcDbSpline
 70
0
 71
3
 72
8
 73
4
 74
0
 40
0.0
 40
0.0
 40
0.0
 40
0.0
 40
1.0
 40
1.0
 40
1.0
 40
1.0
 10
1.9123622047244093
 20
6.82244094488189
 30
0.0
 10
2.6773622047244094
 20
6.846062992125985
 30
0.0
 10
3.3523622047244097
 20
6.79488188976378
 30
0.0
 10
4.79236220472441
 20
6.82244094488189
 30
0.0
  0
SPLINE
  5
1DF
330
17
100
AcDbEntity
  8
GEOMETRY
100
AcDbSpline
 70
0
 71
3
 72
8
 73
4
 74
0
 40
0.0
 40
0.0
 40
0.0
 40
0.0
 40
1.0
 40
1.0
 40
1.0
 40
1.0
 10
1.9123622047244093
 20
6.462598425196851
 30
0.0
 10
2.6773622047244094
 20
6.486220472440945
 30
0.0
 10
3.3523622047244097
 20
6.435039370078741
 30
0.0
 10
4.79236220472441
 20
6.462598425196851
 30
0.0
  0
SPLINE
  5
1E0
330
17
100
AcDbEntity
  8
GEOMETRY
100
AcDbSpline
 70
0
 71
3
 72
8
 73
4
 74
0
 40
0.0
 40
0.0
 40
0.0
 40
0.0
 40
1.0
 40
1.0
 40
1.0
 40
1.0
 10
1.9123622047244093
 20
6.1027559055118115
 30
0.0
 10
2.6773622047244094
 20
6.126377952755907
 30
0.0
 10
3.3523622047244097
 20
6.075196850393701
 30
0.0
 10
4.79236220472441
 20
6.1027559055118115
 30
0.0
  0
LWPOLYLINE
  5
1E1
330
17
100
AcDbEntity
  8
GEOMETRY
  6
DASHED
100
AcDbPolyline
 90
5
 70
0
 10
1.1614173228346456
 20
7.303149606299213
 10
2.263779527559055
 20
7.303149606299213
 10
2.263779527559055
 20
5.622047244094489
 10
1.1614173228346456
 20
5.622047244094489
 10
1.1614173228346456
 20
7.303149606299213
  0
LWPOLYLINE
  5
1E2
330
17
100
AcDbEntity
  8
GEOMETRY
  6
DASHED
100
AcDbPolyline
 90
5
 70
0
 10
4.440944881889764
 20
7.303149606299213
 10
5.543307086614174
 20
7.303149606299213
 10
5.543307086614174
 20
5.622047244094489
 10
4.440944881889764
 20
5.622047244094489
 10
4.440944881889764
 20
7.303149606299213
  0
LINE
  5
1E3
330
17
100
AcDbEntity
  8
GEOMETRY
  6
DASHED
100
AcDbLine
 10
2.263779527559055
 20
5.781496062992126
 30
0.0
 11
4.440944881889764
 21
5.781496062992126
 31
0.0
  0
LWPOLYLINE
  5
1E4
330
17
100
AcDbEntity
  8
DIMENSIONS
  6
DASHED
100
AcDbPolyline
 90
5
 70
0
 10
3.1023622047244097
 20
5.7637795275590555
 10
3.60236220472441
 20
5.7637795275590555
 10
3.60236220472441
 20
5.562992125984253
 10
3.1023622047244097
 20
5.562992125984253
 10
3.1023622047244097
 20
5.7637795275590555
  0
LINE
  5
1E5
330
17
100
AcDbEntity
  8
DIMENSIONS
100
AcDbLine
 10
6.114173228346457
 20
7.421259842519685
 30
0.0
 11
6.114173228346457
 21
5.503937007874016
 31
0.0
  0
LINE
  5
1E6
330
17
100
AcDbEntity
  8
DIMENSIONS
100
AcDbLine
 10
5.641732283464568
 20
7.362204724409449
 30
0.0
 11
6.161417322834645
 21
7.362204724409449
 31
0.0
  0
LINE
  5
1E7
330
17
100
AcDbEntity
  8
DIMENSIONS
100
AcDbLine
 10
6.0748031496063
 20
7.322834645669292
 30
0.0
 11
6.153543307086615
 21
7.4015748031496065
 31
0.0
  0
LINE
  5
1E8
330
17
100
AcDbEntity
  8
DIMENSIONS
100
AcDbLine
 10
5.641732283464568
 20
5.562992125984253
 30
0.0
 11
6.161417322834645
 21
5.562992125984253
 31
0.0
  0
LINE
  5
1E9
330
17
100
AcDbEntity
  8
DIMENSIONS
100
AcDbLine
 10
6.0748031496063
 20
5.5236220472440944
 30
0.0
 11
6.153543307086615
 21
5.60236220472441
 31
0.0
  0
TEXT
  5
1EA
330
17
100
AcDbEntity
  8
TEXT
100
AcDbText
 10
6.082677165354331
 20
6.462598425196849
 30
0.0
 40
0.048188976377952754
  1
3'-0"
 50
90.0
 72
1
 11
6.082677165354331
 21
6.462598425196849
 31
0.0
100
AcDbText
  0
LINE
  5
1EB
330
17
100
AcDbEntity
  8
GEOMETRY
100
AcDbLine
 10
2.4523622047244094
 20
6.64251968503937
 30
0.0
 11
2.5311023622047246
 21
6.721259842519685
 31
0.0
  0
TEXT
  5
1EC
330
17
100
AcDbEntity
  8
TEXT
100
AcDbText
 10
2.570472440944882
 20
6.713385826771653
 30
0.0
 40
0.048188976377952754
  1
PLAIN TEAK TOP
 11
2.570472440944882
 21
6.713385826771653
 31
0.0
100
AcDbText
  0
TEXT
  5
1ED
330
17
100
AcDbEntity
  8
TEXT
100
AcDbText
 10
2.570472440944882
 20
6.6228346456692915
 30
0.0
 40
0.04110236220472441
  1
NO INSET — GRAIN LENGTHWAYS
 11
2.570472440944882
 21
6.6228346456692915
 31
0.0
100
AcDbText
  0
LINE
  5
1EE
330
17
100
AcDbEntity
  8
GEOMETRY
100
AcDbLine
 10
4.559055118110236
 20
5.681102362204725
 30
0.0
 11
4.637795275590551
 21
5.641732283464568
 31
0.0
  0
TEXT
  5
1EF
330
17
100
AcDbEntity
  8
TEXT
100
AcDbText
 10
4.677165354330708
 20
5.633858267716535
 30
0.0
 40
0.048188976377952754
  1
PEDESTALS BELOW
 11
4.677165354330708
 21
5.633858267716535
 31
0.0
100
AcDbText
  0
TEXT
  5
1F0
330
17
100
AcDbEntity
  8
TEXT
100
AcDbText
 10
4.677165354330708
 20
5.543307086614174
 30
0.0
 40
0.04110236220472441
  1
(HIDDEN, DASHED)
 11
4.677165354330708
 21
5.543307086614174
 31
0.0
100
AcDbText
  0
LINE
  5
1F1
330
17
100
AcDbEntity
  8
GEOMETRY
100
AcDbLine
 10
3.6023622047244093
 20
5.663385826771653
 30
0.0
 11
3.9173228346456694
 21
5.425196850393701
 31
0.0
  0
TEXT
  5
1F2
330
17
100
AcDbEntity
  8
TEXT
100
AcDbText
 10
3.956692913385827
 20
5.4173228346456686
 30
0.0
 40
0.048188976377952754
  1
MONITOR CLAMP BAY — 10 IN WIDE
 11
3.956692913385827
 21
5.4173228346456686
 31
0.0
100
AcDbText
  0
TEXT
  5
1F3
330
17
100
AcDbEntity
  8
TEXT
100
AcDbText
 10
3.956692913385827
 20
5.326771653543307
 30
0.0
 40
0.04110236220472441
  1
UNDERSIDE CLEAR 4 IN IN FROM THE BACK EDGE
 11
3.956692913385827
 21
5.326771653543307
 31
0.0
100
AcDbText
  0
TEXT
  5
1F4
330
17
100
AcDbEntity
  8
TEXT
100
AcDbText
 10
6.929133858267717
 20
7.716535433070866
 30
0.0
 40
0.09070866141732283
  1
BACK ELEVATION
 11
6.929133858267717
 21
7.716535433070866
 31
0.0
100
AcDbText
  0
LINE
  5
1F5
330
17
100
AcDbEntity
  8
GEOMETRY
100
AcDbLine
 10
6.929133858267717
 20
7.65748031496063
 30
0.0
 11
8.89763779527559
 21
7.65748031496063
 31
0.0
  0
TEXT
  5
1F6
330
17
100
AcDbEntity
  8
TEXT
100
AcDbText
 10
6.929133858267717
 20
7.527559055118109
 30
0.0
 40
0.048188976377952754
  1
SCALE 1:20 · IF FREE-STANDING
 11
6.929133858267717
 21
7.527559055118109
 31
0.0
100
AcDbText
  0
LWPOLYLINE
  5
1F7
330
17
100
AcDbEntity
  8
GEOMETRY
100
AcDbPolyline
 90
5
 70
0
 10
6.929133858267717
 20
7.362204724409449
 10
11.429133858267717
 20
7.362204724409449
 10
11.429133858267717
 20
7.283464566929134
 10
6.929133858267717
 20
7.283464566929134
 10
6.929133858267717
 20
7.362204724409449
  0
LINE
  5
1F8
330
17
100
AcDbEntity
  8
GEOMETRY
100
AcDbLine
 10
6.929133858267717
 20
7.346456692913385
 30
0.0
 11
11.429133858267717
 21
7.346456692913385
 31
0.0
  0
LINE
  5
1F9
330
17
100
AcDbEntity
  8
GEOMETRY
100
AcDbLine
 10
6.929133858267717
 20
7.330708661417322
 30
0.0
 11
11.429133858267717
 21
7.330708661417322
 31
0.0
  0
LINE
  5
1FA
330
17
100
AcDbEntity
  8
GEOMETRY
100
AcDbLine
 10
6.929133858267717
 20
7.31496062992126
 30
0.0
 11
11.429133858267717
 21
7.31496062992126
 31
0.0
  0
LINE
  5
1FB
330
17
100
AcDbEntity
  8
GEOMETRY
100
AcDbLine
 10
6.929133858267717
 20
7.299212598425197
 30
0.0
 11
11.429133858267717
 21
7.299212598425197
 31
0.0
  0
LWPOLYLINE
  5
1FC
330
17
100
AcDbEntity
  8
GEOMETRY
100
AcDbPolyline
 90
5
 70
0
 10
6.988188976377953
 20
7.283464566929134
 10
11.370078740157481
 20
7.283464566929134
 10
11.370078740157481
 20
7.1358267716535435
 10
6.988188976377953
 20
7.1358267716535435
 10
6.988188976377953
 20
7.283464566929134
  0
LWPOLYLINE
  5
1FD
330
17
100
AcDbEntity
  8
GEOMETRY
100
AcDbPolyline
 90
5
 70
0
 10
7.102362204724409
 20
7.244094488188977
 10
8.051181102362204
 20
7.244094488188977
 10
8.051181102362204
 20
7.175196850393702
 10
7.102362204724409
 20
7.175196850393702
 10
7.102362204724409
 20
7.244094488188977
  0
LWPOLYLINE
  5
1FE
330
17
100
AcDbEntity
  8
GEOMETRY
100
AcDbPolyline
 90
5
 70
0
 10
8.12992125984252
 20
7.244094488188977
 10
10.228346456692913
 20
7.244094488188977
 10
10.228346456692913
 20
7.175196850393702
 10
8.12992125984252
 20
7.175196850393702
 10
8.12992125984252
 20
7.244094488188977
  0
LWPOLYLINE
  5
1FF
330
17
100
AcDbEntity
  8
GEOMETRY
100
AcDbPolyline
 90
5
 70
0
 10
10.307086614173228
 20
7.244094488188977
 10
11.255905511811024
 20
7.244094488188977
 10
11.255905511811024
 20
7.175196850393702
 10
10.307086614173228
 20
7.175196850393702
 10
10.307086614173228
 20
7.244094488188977
  0
LWPOLYLINE
  5
200
330
17
100
AcDbEntity
  8
GEOMETRY
100
AcDbPolyline
 90
5
 70
0
 10
6.988188976377953
 20
7.1358267716535435
 10
11.370078740157481
 20
7.1358267716535435
 10
11.370078740157481
 20
7.106299212598426
 10
6.988188976377953
 20
7.106299212598426
 10
6.988188976377953
 20
7.1358267716535435
  0
LWPOLYLINE
  5
201
330
17
100
AcDbEntity
  8
GEOMETRY
100
AcDbPolyline
 90
5
 70
0
 10
8.090551181102363
 20
7.106299212598426
 10
10.26771653543307
 20
7.106299212598426
 10
10.26771653543307
 20
6.181102362204725
 10
8.090551181102363
 20
6.181102362204725
 10
8.090551181102363
 20
7.106299212598426
  0
LWPOLYLINE
  5
202
330
17
100
AcDbEntity
  8
GEOMETRY
100
AcDbPolyline
 90
5
 70
0
 10
8.169291338582678
 20
7.027559055118111
 10
9.13976377952756
 20
7.027559055118111
 10
9.13976377952756
 20
6.25984251968504
 10
8.169291338582678
 20
6.25984251968504
 10
8.169291338582678
 20
7.027559055118111
  0
LWPOLYLINE
  5
203
330
17
100
AcDbEntity
  8
GEOMETRY
100
AcDbPolyline
 90
5
 70
0
 10
9.218503937007874
 20
7.027559055118111
 10
10.188976377952756
 20
7.027559055118111
 10
10.188976377952756
 20
6.25984251968504
 10
9.218503937007874
 20
6.25984251968504
 10
9.218503937007874
 20
7.027559055118111
  0
LWPOLYLINE
  5
204
330
17
100
AcDbEntity
  8
GEOMETRY
100
AcDbPolyline
 90
5
 70
0
 10
6.988188976377953
 20
7.106299212598426
 10
8.090551181102363
 20
7.106299212598426
 10
8.090551181102363
 20
6.043307086614174
 10
6.988188976377953
 20
6.043307086614174
 10
6.988188976377953
 20
7.106299212598426
  0
LWPOLYLINE
  5
205
330
17
100
AcDbEntity
  8
GEOMETRY
100
AcDbPolyline
 90
5
 70
0
 10
7.086614173228346
 20
7.007874015748032
 10
7.9921259842519685
 20
7.007874015748032
 10
7.9921259842519685
 20
6.141732283464568
 10
7.086614173228346
 20
6.141732283464568
 10
7.086614173228346
 20
7.007874015748032
  0
LWPOLYLINE
  5
206
330
17
100
AcDbEntity
  8
GEOMETRY
100
AcDbPolyline
 90
5
 70
0
 10
7.102362204724409
 20
6.9921259842519685
 10
7.976377952755906
 20
6.9921259842519685
 10
7.976377952755906
 20
6.15748031496063
 10
7.102362204724409
 20
6.15748031496063
 10
7.102362204724409
 20
6.9921259842519685
  0
LWPOLYLINE
  5
207
330
17
100
AcDbEntity
  8
GEOMETRY
100
AcDbPolyline
 90
5
 70
0
 10
6.958661417322834
 20
6.043307086614174
 10
8.12007874015748
 20
6.043307086614174
 10
8.12007874015748
 20
5.8858267716535435
 10
6.958661417322834
 20
5.8858267716535435
 10
6.958661417322834
 20
6.043307086614174
  0
LINE
  5
208
330
17
100
AcDbEntity
  8
GEOMETRY
100
AcDbLine
 10
6.958661417322834
 20
6.0236220472440944
 30
0.0
 11
8.12007874015748
 21
6.0236220472440944
 31
0.0
  0
LWPOLYLINE
  5
209
330
17
100
AcDbEntity
  8
GEOMETRY
100
AcDbPolyline
 90
5
 70
0
 10
10.26771653543307
 20
7.106299212598426
 10
11.370078740157481
 20
7.106299212598426
 10
11.370078740157481
 20
6.043307086614174
 10
10.26771653543307
 20
6.043307086614174
 10
10.26771653543307
 20
7.106299212598426
  0
LWPOLYLINE
  5
20A
330
17
100
AcDbEntity
  8
GEOMETRY
100
AcDbPolyline
 90
5
 70
0
 10
10.366141732283465
 20
7.007874015748032
 10
11.271653543307087
 20
7.007874015748032
 10
11.271653543307087
 20
6.141732283464568
 10
10.366141732283465
 20
6.141732283464568
 10
10.366141732283465
 20
7.007874015748032
  0
LWPOLYLINE
  5
20B
330
17
100
AcDbEntity
  8
GEOMETRY
100
AcDbPolyline
 90
5
 70
0
 10
10.381889763779528
 20
6.9921259842519685
 10
11.255905511811022
 20
6.9921259842519685
 10
11.255905511811022
 20
6.15748031496063
 10
10.381889763779528
 20
6.15748031496063
 10
10.381889763779528
 20
6.9921259842519685
  0
LWPOLYLINE
  5
20C
330
17
100
AcDbEntity
  8
GEOMETRY
100
AcDbPolyline
 90
5
 70
0
 10
10.238188976377954
 20
6.043307086614174
 10
11.399606299212598
 20
6.043307086614174
 10
11.399606299212598
 20
5.8858267716535435
 10
10.238188976377954
 20
5.8858267716535435
 10
10.238188976377954
 20
6.043307086614174
  0
LINE
  5
20D
330
17
100
AcDbEntity
  8
GEOMETRY
100
AcDbLine
 10
10.238188976377954
 20
6.0236220472440944
 30
0.0
 11
11.399606299212598
 21
6.0236220472440944
 31
0.0
  0
LWPOLYLINE
  5
20E
330
17
100
AcDbEntity
  8
GEOMETRY
100
AcDbPolyline
 90
5
 70
0
 10
8.929133858267717
 20
7.283464566929134
 10
9.429133858267717
 20
7.283464566929134
 10
9.429133858267717
 20
7.106299212598426
 10
8.929133858267717
 20
7.106299212598426
 10
8.929133858267717
 20
7.283464566929134
  0
LWPOLYLINE
  5
20F
330
17
100
AcDbEntity
  8
GEOMETRY
100
AcDbPolyline
 90
5
 70
0
 10
8.956692913385826
 20
7.2637795275590555
 10
9.401574803149607
 20
7.2637795275590555
 10
9.401574803149607
 20
7.125984251968505
 10
8.956692913385826
 20
7.125984251968505
 10
8.956692913385826
 20
7.2637795275590555
  0
LINE
  5
210
330
17
100
AcDbEntity
  8
GEOMETRY
100
AcDbLine
 10
6.811023622047244
 20
5.8858267716535435
 30
0.0
 11
11.547244094488189
 21
5.8858267716535435
 31
0.0
  0
LINE
  5
211
330
17
100
AcDbEntity
  8
GEOMETRY
100
AcDbLine
 10
9.179133858267717
 20
7.224409448818897
 30
0.0
 11
9.76968503937008
 21
7.480314960629921
 31
0.0
  0
TEXT
  5
212
330
17
100
AcDbEntity
  8
TEXT
100
AcDbText
 10
9.809055118110237
 20
7.47244094488189
 30
0.0
 40
0.048188976377952754
  1
CLAMP BAY — RAIL SET IN 4 IN
 11
9.809055118110237
 21
7.47244094488189
 31
0.0
100
AcDbText
  0
TEXT
  5
213
330
17
100
AcDbEntity
  8
TEXT
100
AcDbText
 10
9.809055118110237
 20
7.381889763779528
 30
0.0
 40
0.04110236220472441
  1
COVE STOPPED · 10 IN WIDE
 11
9.809055118110237
 21
7.381889763779528
 31
0.0
100
AcDbText
  0
TEXT
  5
214
330
17
100
AcDbEntity
  8
TEXT
100
AcDbText
 10
0.7086614173228346
 20
4.21259842519685
 30
0.0
 40
0.09070866141732283
  1
AXONOMETRIC
 11
0.7086614173228346
 21
4.21259842519685
 31
0.0
100
AcDbText
  0
LINE
  5
215
330
17
100
AcDbEntity
  8
GEOMETRY
100
AcDbLine
 10
0.7086614173228346
 20
4.153543307086614
 30
0.0
 11
2.4803149606299213
 21
4.153543307086614
 31
0.0
  0
TEXT
  5
216
330
17
100
AcDbEntity
  8
TEXT
100
AcDbText
 10
0.7086614173228346
 20
4.023622047244094
 30
0.0
 40
0.048188976377952754
  1
NOT TO SCALE · FROM FRONT RIGHT
 11
0.7086614173228346
 21
4.023622047244094
 31
0.0
100
AcDbText
  0
LINE
  5
217
330
17
100
AcDbEntity
  8
GEOMETRY
100
AcDbLine
 10
1.5070866141732284
 20
2.668503937007874
 30
0.0
 11
1.5062992125984251
 21
2.6661417322834655
 31
0.0
  0
LINE
  5
218
330
17
100
AcDbEntity
  8
GEOMETRY
100
AcDbLine
 10
1.5062992125984251
 20
2.6661417322834655
 30
0.0
 11
1.5043307086614173
 21
2.665354330708662
 31
0.0
  0
LINE
  5
219
330
17
100
AcDbEntity
  8
GEOMETRY
100
AcDbLine
 10
1.5043307086614173
 20
2.665354330708662
 30
0.0
 11
1.5015748031496063
 21
2.666929133858268
 31
0.0
  0
LINE
  5
21A
330
17
100
AcDbEntity
  8
GEOMETRY
100
AcDbLine
 10
1.5015748031496063
 20
2.666929133858268
 30
0.0
 11
1.4992125984251967
 21
2.6700787401574813
 31
0.0
  0
LINE
  5
21B
330
17
100
AcDbEntity
  8
GEOMETRY
100
AcDbLine
 10
1.4992125984251967
 20
2.6700787401574813
 30
0.0
 11
1.4984251968503937
 21
2.6736220472440952
 31
0.0
  0
LINE
  5
21C
330
17
100
AcDbEntity
  8
GEOMETRY
100
AcDbLine
 10
1.4984251968503937
 20
2.6736220472440952
 30
0.0
 11
1.4992125984251967
 21
2.675984251968505
 31
0.0
  0
LINE
  5
21D
330
17
100
AcDbEntity
  8
GEOMETRY
100
AcDbLine
 10
1.4992125984251967
 20
2.675984251968505
 30
0.0
 11
1.5015748031496063
 21
2.6767716535433075
 31
0.0
  0
LINE
  5
21E
330
17
100
AcDbEntity
  8
GEOMETRY
100
AcDbLine
 10
1.5015748031496063
 20
2.6767716535433075
 30
0.0
 11
1.5043307086614173
 21
2.6751968503937014
 31
0.0
  0
LINE
  5
21F
330
17
100
AcDbEntity
  8
GEOMETRY
100
AcDbLine
 10
1.5043307086614173
 20
2.6751968503937014
 30
0.0
 11
1.5062992125984251
 21
2.6720472440944882
 31
0.0
  0
LINE
  5
220
330
17
100
AcDbEntity
  8
GEOMETRY
100
AcDbLine
 10
1.5062992125984251
 20
2.6720472440944882
 30
0.0
 11
1.5070866141732284
 21
2.668503937007874
 31
0.0
  0
LINE
  5
221
330
17
100
AcDbEntity
  8
GEOMETRY
100
AcDbLine
 10
1.606299212598425
 20
2.611417322834646
 30
0.0
 11
1.6055118110236222
 21
2.6090551181102364
 31
0.0
  0
LINE
  5
222
330
17
100
AcDbEntity
  8
GEOMETRY
100
AcDbLine
 10
1.6055118110236222
 20
2.6090551181102364
 30
0.0
 11
1.6031496062992125
 21
2.608267716535433
 31
0.0
  0
LINE
  5
223
330
17
100
AcDbEntity
  8
GEOMETRY
100
AcDbLine
 10
1.6031496062992125
 20
2.608267716535433
 30
0.0
 11
1.6003937007874014
 21
2.6098425196850403
 31
0.0
  0
LINE
  5
224
330
17
100
AcDbEntity
  8
GEOMETRY
100
AcDbLine
 10
1.6003937007874014
 20
2.6098425196850403
 30
0.0
 11
1.5984251968503937
 21
2.612992125984252
 31
0.0
  0
LINE
  5
225
330
17
100
AcDbEntity
  8
GEOMETRY
100
AcDbLine
 10
1.5984251968503937
 20
2.612992125984252
 30
0.0
 11
1.597244094488189
 21
2.6165354330708666
 31
0.0
  0
LINE
  5
226
330
17
100
AcDbEntity
  8
GEOMETRY
100
AcDbLine
 10
1.597244094488189
 20
2.6165354330708666
 30
0.0
 11
1.5984251968503937
 21
2.618897637795276
 31
0.0
  0
LINE
  5
227
330
17
100
AcDbEntity
  8
GEOMETRY
100
AcDbLine
 10
1.5984251968503937
 20
2.618897637795276
 30
0.0
 11
1.6003937007874014
 21
2.6196850393700797
 31
0.0
  0
LINE
  5
228
330
17
100
AcDbEntity
  8
GEOMETRY
100
AcDbLine
 10
1.6003937007874014
 20
2.6196850393700797
 30
0.0
 11
1.6031496062992125
 21
2.6181102362204722
 31
0.0
  0
LINE
  5
229
330
17
100
AcDbEntity
  8
GEOMETRY
100
AcDbLine
 10
1.6031496062992125
 20
2.6181102362204722
 30
0.0
 11
1.6055118110236222
 21
2.6149606299212604
 31
0.0
  0
LINE
  5
22A
330
17
100
AcDbEntity
  8
GEOMETRY
100
AcDbLine
 10
1.6055118110236222
 20
2.6149606299212604
 30
0.0
 11
1.606299212598425
 21
2.611417322834646
 31
0.0
  0
LINE
  5
22B
330
17
100
AcDbEntity
  8
GEOMETRY
100
AcDbLine
 10
1.5484251968503937
 20
2.7051181102362207
 30
0.0
 11
1.5562992125984252
 21
2.7003937007874015
 31
0.0
  0
LINE
  5
22C
330
17
100
AcDbEntity
  8
GEOMETRY
100
AcDbLine
 10
1.5562992125984252
 20
2.7003937007874015
 30
0.0
 11
1.5570866141732282
 21
2.6874015748031503
 31
0.0
  0
LINE
  5
22D
330
17
100
AcDbEntity
  8
GEOMETRY
100
AcDbLine
 10
1.5570866141732282
 20
2.6874015748031503
 30
0.0
 11
1.547244094488189
 21
2.6929133858267718
 31
0.0
  0
LINE
  5
22E
330
17
100
AcDbEntity
  8
GEOMETRY
100
AcDbLine
 10
1.547244094488189
 20
2.6929133858267718
 30
0.0
 11
1.5484251968503937
 21
2.7051181102362207
 31
0.0
  0
LINE
  5
22F
330
17
100
AcDbEntity
  8
GEOMETRY
100
AcDbLine
 10
1.5070866141732284
 20
2.456692913385827
 30
0.0
 11
1.5062992125984251
 21
2.4543307086614172
 31
0.0
  0
LINE
  5
230
330
17
100
AcDbEntity
  8
GEOMETRY
100
AcDbLine
 10
1.5062992125984251
 20
2.4543307086614172
 30
0.0
 11
1.5043307086614173
 21
2.453543307086615
 31
0.0
  0
LINE
  5
231
330
17
100
AcDbEntity
  8
GEOMETRY
100
AcDbLine
 10
1.5043307086614173
 20
2.453543307086615
 30
0.0
 11
1.5015748031496063
 21
2.455118110236221
 31
0.0
  0
LINE
  5
232
330
17
100
AcDbEntity
  8
GEOMETRY
100
AcDbLine
 10
1.5015748031496063
 20
2.455118110236221
 30
0.0
 11
1.4992125984251967
 21
2.458267716535434
 31
0.0
  0
LINE
  5
233
330
17
100
AcDbEntity
  8
GEOMETRY
100
AcDbLine
 10
1.4992125984251967
 20
2.458267716535434
 30
0.0
 11
1.4984251968503937
 21
2.4618110236220474
 31
0.0
  0
LINE
  5
234
330
17
100
AcDbEntity
  8
GEOMETRY
100
AcDbLine
 10
1.4984251968503937
 20
2.4618110236220474
 30
0.0
 11
1.4992125984251967
 21
2.464566929133859
 31
0.0
  0
LINE
  5
235
330
17
100
AcDbEntity
  8
GEOMETRY
100
AcDbLine
 10
1.4992125984251967
 20
2.464566929133859
 30
0.0
 11
1.5015748031496063
 21
2.4649606299212605
 31
0.0
  0
LINE
  5
236
330
17
100
AcDbEntity
  8
GEOMETRY
100
AcDbLine
 10
1.5015748031496063
 20
2.4649606299212605
 30
0.0
 11
1.5043307086614173
 21
2.4633858267716544
 31
0.0
  0
LINE
  5
237
330
17
100
AcDbEntity
  8
GEOMETRY
100
AcDbLine
 10
1.5043307086614173
 20
2.4633858267716544
 30
0.0
 11
1.5062992125984251
 21
2.4602362204724413
 31
0.0
  0
LINE
  5
238
330
17
100
AcDbEntity
  8
GEOMETRY
100
AcDbLine
 10
1.5062992125984251
 20
2.4602362204724413
 30
0.0
 11
1.5070866141732284
 21
2.456692913385827
 31
0.0
  0
LINE
  5
239
330
17
100
AcDbEntity
  8
GEOMETRY
100
AcDbLine
 10
1.606299212598425
 20
2.399606299212599
 30
0.0
 11
1.6055118110236222
 21
2.3972440944881894
 31
0.0
  0
LINE
  5
23A
330
17
100
AcDbEntity
  8
GEOMETRY
100
AcDbLine
 10
1.6055118110236222
 20
2.3972440944881894
 30
0.0
 11
1.6031496062992125
 21
2.396456692913386
 31
0.0
  0
LINE
  5
23B
330
17
100
AcDbEntity
  8
GEOMETRY
100
AcDbLine
 10
1.6031496062992125
 20
2.396456692913386
 30
0.0
 11
1.6003937007874014
 21
2.398031496062993
 31
0.0
  0
LINE
  5
23C
330
17
100
AcDbEntity
  8
GEOMETRY
100
AcDbLine
 10
1.6003937007874014
 20
2.398031496062993
 30
0.0
 11
1.5984251968503937
 21
2.401181102362205
 31
0.0
  0
LINE
  5
23D
330
17
100
AcDbEntity
  8
GEOMETRY
100
AcDbLine
 10
1.5984251968503937
 20
2.401181102362205
 30
0.0
 11
1.597244094488189
 21
2.404724409448819
 31
0.0
  0
LINE
  5
23E
330
17
100
AcDbEntity
  8
GEOMETRY
100
AcDbLine
 10
1.597244094488189
 20
2.404724409448819
 30
0.0
 11
1.5984251968503937
 21
2.407086614173229
 31
0.0
  0
LINE
  5
23F
330
17
100
AcDbEntity
  8
GEOMETRY
100
AcDbLine
 10
1.5984251968503937
 20
2.407086614173229
 30
0.0
 11
1.6003937007874014
 21
2.4078740157480323
 31
0.0
  0
LINE
  5
240
330
17
100
AcDbEntity
  8
GEOMETRY
100
AcDbLine
 10
1.6003937007874014
 20
2.4078740157480323
 30
0.0
 11
1.6031496062992125
 21
2.4062992125984253
 31
0.0
  0
LINE
  5
241
330
17
100
AcDbEntity
  8
GEOMETRY
100
AcDbLine
 10
1.6031496062992125
 20
2.4062992125984253
 30
0.0
 11
1.6055118110236222
 21
2.4031496062992135
 31
0.0
  0
LINE
  5
242
330
17
100
AcDbEntity
  8
GEOMETRY
100
AcDbLine
 10
1.6055118110236222
 20
2.4031496062992135
 30
0.0
 11
1.606299212598425
 21
2.399606299212599
 31
0.0
  0
LINE
  5
243
330
17
100
AcDbEntity
  8
GEOMETRY
100
AcDbLine
 10
1.5484251968503937
 20
2.5059055118110236
 30
0.0
 11
1.5562992125984252
 21
2.501181102362205
 31
0.0
  0
LINE
  5
244
330
17
100
AcDbEntity
  8
GEOMETRY
100
AcDbLine
 10
1.5562992125984252
 20
2.501181102362205
 30
0.0
 11
1.5570866141732282
 21
2.488188976377953
 31
0.0
  0
LINE
  5
245
330
17
100
AcDbEntity
  8
GEOMETRY
100
AcDbLine
 10
1.5570866141732282
 20
2.488188976377953
 30
0.0
 11
1.547244094488189
 21
2.493700787401575
 31
0.0
  0
LINE
  5
246
330
17
100
AcDbEntity
  8
GEOMETRY
100
AcDbLine
 10
1.547244094488189
 20
2.493700787401575
 30
0.0
 11
1.5484251968503937
 21
2.5059055118110236
 31
0.0
  0
LINE
  5
247
330
17
100
AcDbEntity
  8
GEOMETRY
100
AcDbLine
 10
1.5070866141732284
 20
2.2196850393700798
 30
0.0
 11
1.5062992125984251
 21
2.21732283464567
 31
0.0
  0
LINE
  5
248
330
17
100
AcDbEntity
  8
GEOMETRY
100
AcDbLine
 10
1.5062992125984251
 20
2.21732283464567
 30
0.0
 11
1.5043307086614173
 21
2.216929133858268
 31
0.0
  0
LINE
  5
249
330
17
100
AcDbEntity
  8
GEOMETRY
100
AcDbLine
 10
1.5043307086614173
 20
2.216929133858268
 30
0.0
 11
1.5015748031496063
 21
2.218503937007875
 31
0.0
  0
LINE
  5
24A
330
17
100
AcDbEntity
  8
GEOMETRY
100
AcDbLine
 10
1.5015748031496063
 20
2.218503937007875
 30
0.0
 11
1.4992125984251967
 21
2.2216535433070868
 31
0.0
  0
LINE
  5
24B
330
17
100
AcDbEntity
  8
GEOMETRY
100
AcDbLine
 10
1.4992125984251967
 20
2.2216535433070868
 30
0.0
 11
1.4984251968503937
 21
2.2248031496063
 31
0.0
  0
LINE
  5
24C
330
17
100
AcDbEntity
  8
GEOMETRY
100
AcDbLine
 10
1.4984251968503937
 20
2.2248031496063
 30
0.0
 11
1.4992125984251967
 21
2.227559055118111
 31
0.0
  0
LINE
  5
24D
330
17
100
AcDbEntity
  8
GEOMETRY
100
AcDbLine
 10
1.4992125984251967
 20
2.227559055118111
 30
0.0
 11
1.5015748031496063
 21
2.227952755905512
 31
0.0
  0
LINE
  5
24E
330
17
100
AcDbEntity
  8
GEOMETRY
100
AcDbLine
 10
1.5015748031496063
 20
2.227952755905512
 30
0.0
 11
1.5043307086614173
 21
2.226377952755906
 31
0.0
  0
LINE
  5
24F
330
17
100
AcDbEntity
  8
GEOMETRY
100
AcDbLine
 10
1.5043307086614173
 20
2.226377952755906
 30
0.0
 11
1.5062992125984251
 21
2.2232283464566938
 31
0.0
  0
LINE
  5
250
330
17
100
AcDbEntity
  8
GEOMETRY
100
AcDbLine
 10
1.5062992125984251
 20
2.2232283464566938
 30
0.0
 11
1.5070866141732284
 21
2.2196850393700798
 31
0.0
  0
LINE
  5
251
330
17
100
AcDbEntity
  8
GEOMETRY
100
AcDbLine
 10
1.606299212598425
 20
2.1625984251968506
 30
0.0
 11
1.6055118110236222
 21
2.160236220472441
 31
0.0
  0
LINE
  5
252
330
17
100
AcDbEntity
  8
GEOMETRY
100
AcDbLine
 10
1.6055118110236222
 20
2.160236220472441
 30
0.0
 11
1.6031496062992125
 21
2.159448818897639
 31
0.0
  0
LINE
  5
253
330
17
100
AcDbEntity
  8
GEOMETRY
100
AcDbLine
 10
1.6031496062992125
 20
2.159448818897639
 30
0.0
 11
1.6003937007874014
 21
2.1610236220472445
 31
0.0
  0
LINE
  5
254
330
17
100
AcDbEntity
  8
GEOMETRY
100
AcDbLine
 10
1.6003937007874014
 20
2.1610236220472445
 30
0.0
 11
1.5984251968503937
 21
2.1641732283464576
 31
0.0
  0
LINE
  5
255
330
17
100
AcDbEntity
  8
GEOMETRY
100
AcDbLine
 10
1.5984251968503937
 20
2.1641732283464576
 30
0.0
 11
1.597244094488189
 21
2.1677165354330707
 31
0.0
  0
LINE
  5
256
330
17
100
AcDbEntity
  8
GEOMETRY
100
AcDbLine
 10
1.597244094488189
 20
2.1677165354330707
 30
0.0
 11
1.5984251968503937
 21
2.170472440944883
 31
0.0
  0
LINE
  5
257
330
17
100
AcDbEntity
  8
GEOMETRY
100
AcDbLine
 10
1.5984251968503937
 20
2.170472440944883
 30
0.0
 11
1.6003937007874014
 21
2.170866141732284
 31
0.0
  0
LINE
  5
258
330
17
100
AcDbEntity
  8
GEOMETRY
100
AcDbLine
 10
1.6003937007874014
 20
2.170866141732284
 30
0.0
 11
1.6031496062992125
 21
2.169291338582678
 31
0.0
  0
LINE
  5
259
330
17
100
AcDbEntity
  8
GEOMETRY
100
AcDbLine
 10
1.6031496062992125
 20
2.169291338582678
 30
0.0
 11
1.6055118110236222
 21
2.166141732283465
 31
0.0
  0
LINE
  5
25A
330
17
100
AcDbEntity
  8
GEOMETRY
100
AcDbLine
 10
1.6055118110236222
 20
2.166141732283465
 30
0.0
 11
1.606299212598425
 21
2.1625984251968506
 31
0.0
  0
LINE
  5
25B
330
17
100
AcDbEntity
  8
GEOMETRY
100
AcDbLine
 10
1.5484251968503937
 20
2.281496062992127
 30
0.0
 11
1.5562992125984252
 21
2.277165354330709
 31
0.0
  0
LINE
  5
25C
330
17
100
AcDbEntity
  8
GEOMETRY
100
AcDbLine
 10
1.5562992125984252
 20
2.277165354330709
 30
0.0
 11
1.5570866141732282
 21
2.263779527559055
 31
0.0
  0
LINE
  5
25D
330
17
100
AcDbEntity
  8
GEOMETRY
100
AcDbLine
 10
1.5570866141732282
 20
2.263779527559055
 30
0.0
 11
1.547244094488189
 21
2.269291338582678
 31
0.0
  0
LINE
  5
25E
330
17
100
AcDbEntity
  8
GEOMETRY
100
AcDbLine
 10
1.547244094488189
 20
2.269291338582678
 30
0.0
 11
1.5484251968503937
 21
2.281496062992127
 31
0.0
  0
LINE
  5
25F
330
17
100
AcDbEntity
  8
GEOMETRY
100
AcDbLine
 10
3.3393700787401572
 20
1.6106299212598434
 30
0.0
 11
3.338582677165354
 21
1.608267716535434
 31
0.0
  0
LINE
  5
260
330
17
100
AcDbEntity
  8
GEOMETRY
100
AcDbLine
 10
3.338582677165354
 20
1.608267716535434
 30
0.0
 11
3.3366141732283463
 21
1.6074803149606316
 31
0.0
  0
LINE
  5
261
330
17
100
AcDbEntity
  8
GEOMETRY
100
AcDbLine
 10
3.3366141732283463
 20
1.6074803149606316
 30
0.0
 11
3.333858267716536
 21
1.6090551181102364
 31
0.0
  0
LINE
  5
262
330
17
100
AcDbEntity
  8
GEOMETRY
100
AcDbLine
 10
3.333858267716536
 20
1.6090551181102364
 30
0.0
 11
3.331496062992126
 21
1.6122047244094484
 31
0.0
  0
LINE
  5
263
330
17
100
AcDbEntity
  8
GEOMETRY
100
AcDbLine
 10
3.331496062992126
 20
1.6122047244094484
 30
0.0
 11
3.3307086614173227
 21
1.6157480314960637
 31
0.0
  0
LINE
  5
264
330
17
100
AcDbEntity
  8
GEOMETRY
100
AcDbLine
 10
3.3307086614173227
 20
1.6157480314960637
 30
0.0
 11
3.331496062992126
 21
1.6181102362204733
 31
0.0
  0
LINE
  5
265
330
17
100
AcDbEntity
  8
GEOMETRY
100
AcDbLine
 10
3.331496062992126
 20
1.6181102362204733
 30
0.0
 11
3.333858267716536
 21
1.6188976377952757
 31
0.0
  0
LINE
  5
266
330
17
100
AcDbEntity
  8
GEOMETRY
100
AcDbLine
 10
3.333858267716536
 20
1.6188976377952757
 30
0.0
 11
3.3366141732283463
 21
1.6173228346456698
 31
0.0
  0
LINE
  5
267
330
17
100
AcDbEntity
  8
GEOMETRY
100
AcDbLine
 10
3.3366141732283463
 20
1.6173228346456698
 30
0.0
 11
3.338582677165354
 21
1.6141732283464567
 31
0.0
  0
LINE
  5
268
330
17
100
AcDbEntity
  8
GEOMETRY
100
AcDbLine
 10
3.338582677165354
 20
1.6141732283464567
 30
0.0
 11
3.3393700787401572
 21
1.6106299212598434
 31
0.0
  0
LINE
  5
269
330
17
100
AcDbEntity
  8
GEOMETRY
100
AcDbLine
 10
3.4385826771653543
 20
1.5535433070866156
 30
0.0
 11
3.4377952755905508
 21
1.551181102362206
 31
0.0
  0
LINE
  5
26A
330
17
100
AcDbEntity
  8
GEOMETRY
100
AcDbLine
 10
3.4377952755905508
 20
1.551181102362206
 30
0.0
 11
3.435433070866141
 21
1.5503937007874014
 31
0.0
  0
LINE
  5
26B
330
17
100
AcDbEntity
  8
GEOMETRY
100
AcDbLine
 10
3.435433070866141
 20
1.5503937007874014
 30
0.0
 11
3.4326771653543307
 21
1.5519685039370086
 31
0.0
  0
LINE
  5
26C
330
17
100
AcDbEntity
  8
GEOMETRY
100
AcDbLine
 10
3.4326771653543307
 20
1.5519685039370086
 30
0.0
 11
3.430708661417323
 21
1.5551181102362204
 31
0.0
  0
LINE
  5
26D
330
17
100
AcDbEntity
  8
GEOMETRY
100
AcDbLine
 10
3.430708661417323
 20
1.5551181102362204
 30
0.0
 11
3.4299212598425197
 21
1.558661417322836
 31
0.0
  0
LINE
  5
26E
330
17
100
AcDbEntity
  8
GEOMETRY
100
AcDbLine
 10
3.4299212598425197
 20
1.558661417322836
 30
0.0
 11
3.430708661417323
 21
1.5610236220472453
 31
0.0
  0
LINE
  5
26F
330
17
100
AcDbEntity
  8
GEOMETRY
100
AcDbLine
 10
3.430708661417323
 20
1.5610236220472453
 30
0.0
 11
3.4326771653543307
 21
1.561811023622048
 31
0.0
  0
LINE
  5
270
330
17
100
AcDbEntity
  8
GEOMETRY
100
AcDbLine
 10
3.4326771653543307
 20
1.561811023622048
 30
0.0
 11
3.435433070866141
 21
1.5602362204724407
 31
0.0
  0
LINE
  5
271
330
17
100
AcDbEntity
  8
GEOMETRY
100
AcDbLine
 10
3.435433070866141
 20
1.5602362204724407
 30
0.0
 11
3.4377952755905508
 21
1.5570866141732287
 31
0.0
  0
LINE
  5
272
330
17
100
AcDbEntity
  8
GEOMETRY
100
AcDbLine
 10
3.4377952755905508
 20
1.5570866141732287
 30
0.0
 11
3.4385826771653543
 21
1.5535433070866156
 31
0.0
  0
LINE
  5
273
330
17
100
AcDbEntity
  8
GEOMETRY
100
AcDbLine
 10
3.380708661417323
 20
1.647244094488189
 30
0.0
 11
3.388582677165354
 21
1.642519685039371
 31
0.0
  0
LINE
  5
274
330
17
100
AcDbEntity
  8
GEOMETRY
100
AcDbLine
 10
3.388582677165354
 20
1.642519685039371
 30
0.0
 11
3.389763779527559
 21
1.6291338582677175
 31
0.0
  0
LINE
  5
275
330
17
100
AcDbEntity
  8
GEOMETRY
100
AcDbLine
 10
3.389763779527559
 20
1.6291338582677175
 30
0.0
 11
3.379527559055118
 21
1.6350393700787402
 31
0.0
  0
LINE
  5
276
330
17
100
AcDbEntity
  8
GEOMETRY
100
AcDbLine
 10
3.379527559055118
 20
1.6350393700787402
 30
0.0
 11
3.380708661417323
 21
1.647244094488189
 31
0.0
  0
LINE
  5
277
330
17
100
AcDbEntity
  8
GEOMETRY
100
AcDbLine
 10
3.3393700787401572
 20
1.3988188976377964
 30
0.0
 11
3.338582677165354
 21
1.3964566929133868
 31
0.0
  0
LINE
  5
278
330
17
100
AcDbEntity
  8
GEOMETRY
100
AcDbLine
 10
3.338582677165354
 20
1.3964566929133868
 30
0.0
 11
3.3366141732283463
 21
1.3956692913385822
 31
0.0
  0
LINE
  5
279
330
17
100
AcDbEntity
  8
GEOMETRY
100
AcDbLine
 10
3.3366141732283463
 20
1.3956692913385822
 30
0.0
 11
3.333858267716536
 21
1.3972440944881894
 31
0.0
  0
LINE
  5
27A
330
17
100
AcDbEntity
  8
GEOMETRY
100
AcDbLine
 10
3.333858267716536
 20
1.3972440944881894
 30
0.0
 11
3.331496062992126
 21
1.4003937007874012
 31
0.0
  0
LINE
  5
27B
330
17
100
AcDbEntity
  8
GEOMETRY
100
AcDbLine
 10
3.331496062992126
 20
1.4003937007874012
 30
0.0
 11
3.3307086614173227
 21
1.4039370078740168
 31
0.0
  0
LINE
  5
27C
330
17
100
AcDbEntity
  8
GEOMETRY
100
AcDbLine
 10
3.3307086614173227
 20
1.4039370078740168
 30
0.0
 11
3.331496062992126
 21
1.4062992125984262
 31
0.0
  0
LINE
  5
27D
330
17
100
AcDbEntity
  8
GEOMETRY
100
AcDbLine
 10
3.331496062992126
 20
1.4062992125984262
 30
0.0
 11
3.333858267716536
 21
1.4070866141732288
 31
0.0
  0
LINE
  5
27E
330
17
100
AcDbEntity
  8
GEOMETRY
100
AcDbLine
 10
3.333858267716536
 20
1.4070866141732288
 30
0.0
 11
3.3366141732283463
 21
1.4055118110236215
 31
0.0
  0
LINE
  5
27F
330
17
100
AcDbEntity
  8
GEOMETRY
100
AcDbLine
 10
3.3366141732283463
 20
1.4055118110236215
 30
0.0
 11
3.338582677165354
 21
1.4023622047244095
 31
0.0
  0
LINE
  5
280
330
17
100
AcDbEntity
  8
GEOMETRY
100
AcDbLine
 10
3.338582677165354
 20
1.4023622047244095
 30
0.0
 11
3.3393700787401572
 21
1.3988188976377964
 31
0.0
  0
LINE
  5
281
330
17
100
AcDbEntity
  8
GEOMETRY
100
AcDbLine
 10
3.4385826771653543
 20
1.3417322834645686
 30
0.0
 11
3.4377952755905508
 21
1.339370078740159
 31
0.0
  0
LINE
  5
282
330
17
100
AcDbEntity
  8
GEOMETRY
100
AcDbLine
 10
3.4377952755905508
 20
1.339370078740159
 30
0.0
 11
3.435433070866141
 21
1.3385826771653544
 31
0.0
  0
LINE
  5
283
330
17
100
AcDbEntity
  8
GEOMETRY
100
AcDbLine
 10
3.435433070866141
 20
1.3385826771653544
 30
0.0
 11
3.4326771653543307
 21
1.3401574803149614
 31
0.0
  0
LINE
  5
284
330
17
100
AcDbEntity
  8
GEOMETRY
100
AcDbLine
 10
3.4326771653543307
 20
1.3401574803149614
 30
0.0
 11
3.430708661417323
 21
1.3433070866141734
 31
0.0
  0
LINE
  5
285
330
17
100
AcDbEntity
  8
GEOMETRY
100
AcDbLine
 10
3.430708661417323
 20
1.3433070866141734
 30
0.0
 11
3.4299212598425197
 21
1.3468503937007887
 31
0.0
  0
LINE
  5
286
330
17
100
AcDbEntity
  8
GEOMETRY
100
AcDbLine
 10
3.4299212598425197
 20
1.3468503937007887
 30
0.0
 11
3.430708661417323
 21
1.3492125984251984
 31
0.0
  0
LINE
  5
287
330
17
100
AcDbEntity
  8
GEOMETRY
100
AcDbLine
 10
3.430708661417323
 20
1.3492125984251984
 30
0.0
 11
3.4326771653543307
 21
1.3500000000000008
 31
0.0
  0
LINE
  5
288
330
17
100
AcDbEntity
  8
GEOMETRY
100
AcDbLine
 10
3.4326771653543307
 20
1.3500000000000008
 30
0.0
 11
3.435433070866141
 21
1.3484251968503937
 31
0.0
  0
LINE
  5
289
330
17
100
AcDbEntity
  8
GEOMETRY
100
AcDbLine
 10
3.435433070866141
 20
1.3484251968503937
 30
0.0
 11
3.4377952755905508
 21
1.3452755905511817
 31
0.0
  0
LINE
  5
28A
330
17
100
AcDbEntity
  8
GEOMETRY
100
AcDbLine
 10
3.4377952755905508
 20
1.3452755905511817
 30
0.0
 11
3.4385826771653543
 21
1.3417322834645686
 31
0.0
  0
LINE
  5
28B
330
17
100
AcDbEntity
  8
GEOMETRY
100
AcDbLine
 10
3.380708661417323
 20
1.4480314960629932
 30
0.0
 11
3.388582677165354
 21
1.4433070866141742
 31
0.0
  0
LINE
  5
28C
330
17
100
AcDbEntity
  8
GEOMETRY
100
AcDbLine
 10
3.388582677165354
 20
1.4433070866141742
 30
0.0
 11
3.389763779527559
 21
1.4303149606299228
 31
0.0
  0
LINE
  5
28D
330
17
100
AcDbEntity
  8
GEOMETRY
100
AcDbLine
 10
3.389763779527559
 20
1.4303149606299228
 30
0.0
 11
3.379527559055118
 21
1.4358267716535444
 31
0.0
  0
LINE
  5
28E
330
17
100
AcDbEntity
  8
GEOMETRY
100
AcDbLine
 10
3.379527559055118
 20
1.4358267716535444
 30
0.0
 11
3.380708661417323
 21
1.4480314960629932
 31
0.0
  0
LINE
  5
28F
330
17
100
AcDbEntity
  8
GEOMETRY
100
AcDbLine
 10
3.3393700787401572
 20
1.161811023622047
 30
0.0
 11
3.338582677165354
 21
1.1594488188976373
 31
0.0
  0
LINE
  5
290
330
17
100
AcDbEntity
  8
GEOMETRY
100
AcDbLine
 10
3.338582677165354
 20
1.1594488188976373
 30
0.0
 11
3.3366141732283463
 21
1.1590551181102362
 31
0.0
  0
LINE
  5
291
330
17
100
AcDbEntity
  8
GEOMETRY
100
AcDbLine
 10
3.3366141732283463
 20
1.1590551181102362
 30
0.0
 11
3.333858267716536
 21
1.160236220472442
 31
0.0
  0
LINE
  5
292
330
17
100
AcDbEntity
  8
GEOMETRY
100
AcDbLine
 10
3.333858267716536
 20
1.160236220472442
 30
0.0
 11
3.331496062992126
 21
1.163385826771654
 31
0.0
  0
LINE
  5
293
330
17
100
AcDbEntity
  8
GEOMETRY
100
AcDbLine
 10
3.331496062992126
 20
1.163385826771654
 30
0.0
 11
3.3307086614173227
 21
1.1669291338582672
 31
0.0
  0
LINE
  5
294
330
17
100
AcDbEntity
  8
GEOMETRY
100
AcDbLine
 10
3.3307086614173227
 20
1.1669291338582672
 30
0.0
 11
3.331496062992126
 21
1.1696850393700802
 31
0.0
  0
LINE
  5
295
330
17
100
AcDbEntity
  8
GEOMETRY
100
AcDbLine
 10
3.331496062992126
 20
1.1696850393700802
 30
0.0
 11
3.333858267716536
 21
1.1700787401574815
 31
0.0
  0
LINE
  5
296
330
17
100
AcDbEntity
  8
GEOMETRY
100
AcDbLine
 10
3.333858267716536
 20
1.1700787401574815
 30
0.0
 11
3.3366141732283463
 21
1.1685039370078742
 31
0.0
  0
LINE
  5
297
330
17
100
AcDbEntity
  8
GEOMETRY
100
AcDbLine
 10
3.3366141732283463
 20
1.1685039370078742
 30
0.0
 11
3.338582677165354
 21
1.1653543307086622
 31
0.0
  0
LINE
  5
298
330
17
100
AcDbEntity
  8
GEOMETRY
100
AcDbLine
 10
3.338582677165354
 20
1.1653543307086622
 30
0.0
 11
3.3393700787401572
 21
1.161811023622047
 31
0.0
  0
LINE
  5
299
330
17
100
AcDbEntity
  8
GEOMETRY
100
AcDbLine
 10
3.4385826771653543
 20
1.104724409448819
 30
0.0
 11
3.4377952755905508
 21
1.1023622047244095
 31
0.0
  0
LINE
  5
29A
330
17
100
AcDbEntity
  8
GEOMETRY
100
AcDbLine
 10
3.4377952755905508
 20
1.1023622047244095
 30
0.0
 11
3.435433070866141
 21
1.101574803149607
 31
0.0
  0
LINE
  5
29B
330
17
100
AcDbEntity
  8
GEOMETRY
100
AcDbLine
 10
3.435433070866141
 20
1.101574803149607
 30
0.0
 11
3.4326771653543307
 21
1.103149606299214
 31
0.0
  0
LINE
  5
29C
330
17
100
AcDbEntity
  8
GEOMETRY
100
AcDbLine
 10
3.4326771653543307
 20
1.103149606299214
 30
0.0
 11
3.430708661417323
 21
1.1062992125984261
 31
0.0
  0
LINE
  5
29D
330
17
100
AcDbEntity
  8
GEOMETRY
100
AcDbLine
 10
3.430708661417323
 20
1.1062992125984261
 30
0.0
 11
3.4299212598425197
 21
1.1098425196850392
 31
0.0
  0
LINE
  5
29E
330
17
100
AcDbEntity
  8
GEOMETRY
100
AcDbLine
 10
3.4299212598425197
 20
1.1098425196850392
 30
0.0
 11
3.430708661417323
 21
1.1122047244094488
 31
0.0
  0
LINE
  5
29F
330
17
100
AcDbEntity
  8
GEOMETRY
100
AcDbLine
 10
3.430708661417323
 20
1.1122047244094488
 30
0.0
 11
3.4326771653543307
 21
1.1129921259842535
 31
0.0
  0
LINE
  5
2A0
330
17
100
AcDbEntity
  8
GEOMETRY
100
AcDbLine
 10
3.4326771653543307
 20
1.1129921259842535
 30
0.0
 11
3.435433070866141
 21
1.1114173228346464
 31
0.0
  0
LINE
  5
2A1
330
17
100
AcDbEntity
  8
GEOMETRY
100
AcDbLine
 10
3.435433070866141
 20
1.1114173228346464
 30
0.0
 11
3.4377952755905508
 21
1.1082677165354344
 31
0.0
  0
LINE
  5
2A2
330
17
100
AcDbEntity
  8
GEOMETRY
100
AcDbLine
 10
3.4377952755905508
 20
1.1082677165354344
 30
0.0
 11
3.4385826771653543
 21
1.104724409448819
 31
0.0
  0
LINE
  5
2A3
330
17
100
AcDbEntity
  8
GEOMETRY
100
AcDbLine
 10
3.380708661417323
 20
1.2236220472440962
 30
0.0
 11
3.388582677165354
 21
1.218897637795277
 31
0.0
  0
LINE
  5
2A4
330
17
100
AcDbEntity
  8
GEOMETRY
100
AcDbLine
 10
3.388582677165354
 20
1.218897637795277
 30
0.0
 11
3.389763779527559
 21
1.2059055118110233
 31
0.0
  0
LINE
  5
2A5
330
17
100
AcDbEntity
  8
GEOMETRY
100
AcDbLine
 10
3.389763779527559
 20
1.2059055118110233
 30
0.0
 11
3.379527559055118
 21
1.2114173228346472
 31
0.0
  0
LINE
  5
2A6
330
17
100
AcDbEntity
  8
GEOMETRY
100
AcDbLine
 10
3.379527559055118
 20
1.2114173228346472
 30
0.0
 11
3.380708661417323
 21
1.2236220472440962
 31
0.0
  0
LINE
  5
2A7
330
17
100
AcDbEntity
  8
GEOMETRY
100
AcDbLine
 10
1.184251968503937
 20
3.0811023622047253
 30
0.0
 11
3.695275590551181
 21
1.6311023622047247
 31
0.0
  0
LINE
  5
2A8
330
17
100
AcDbEntity
  8
GEOMETRY
100
AcDbLine
 10
1.184251968503937
 20
3.082677165354331
 30
0.0
 11
3.695275590551181
 21
1.633070866141733
 31
0.0
  0
LINE
  5
2A9
330
17
100
AcDbEntity
  8
GEOMETRY
100
AcDbLine
 10
3.695275590551181
 20
1.6311023622047247
 30
0.0
 11
3.695275590551181
 21
1.633070866141733
 31
0.0
  0
LINE
  5
2AA
330
17
100
AcDbEntity
  8
GEOMETRY
100
AcDbLine
 10
3.695275590551181
 20
1.6311023622047247
 30
0.0
 11
4.697244094488189
 21
2.2098425196850404
 31
0.0
  0
LINE
  5
2AB
330
17
100
AcDbEntity
  8
GEOMETRY
100
AcDbLine
 10
3.695275590551181
 20
1.633070866141733
 30
0.0
 11
4.697244094488189
 21
2.211417322834646
 31
0.0
  0
LINE
  5
2AC
330
17
100
AcDbEntity
  8
GEOMETRY
100
AcDbLine
 10
1.184251968503937
 20
3.082677165354331
 30
0.0
 11
3.695275590551181
 21
1.633070866141733
 31
0.0
  0
LINE
  5
2AD
330
17
100
AcDbEntity
  8
GEOMETRY
100
AcDbLine
 10
3.695275590551181
 20
1.633070866141733
 30
0.0
 11
4.697244094488189
 21
2.211417322834646
 31
0.0
  0
LINE
  5
2AE
330
17
100
AcDbEntity
  8
GEOMETRY
100
AcDbLine
 10
4.697244094488189
 20
2.211417322834646
 30
0.0
 11
2.186220472440945
 21
3.661417322834646
 31
0.0
  0
LINE
  5
2AF
330
17
100
AcDbEntity
  8
GEOMETRY
100
AcDbLine
 10
2.186220472440945
 20
3.661417322834646
 30
0.0
 11
1.184251968503937
 21
3.082677165354331
 31
0.0
  0
LINE
  5
2B0
330
17
100
AcDbEntity
  8
GEOMETRY
100
AcDbLine
 10
1.184251968503937
 20
3.079133858267717
 30
0.0
 11
3.695275590551181
 21
1.6291338582677175
 31
0.0
  0
LINE
  5
2B1
330
17
100
AcDbEntity
  8
GEOMETRY
100
AcDbLine
 10
1.184251968503937
 20
3.0811023622047253
 30
0.0
 11
3.695275590551181
 21
1.6311023622047247
 31
0.0
  0
LINE
  5
2B2
330
17
100
AcDbEntity
  8
GEOMETRY
100
AcDbLine
 10
3.695275590551181
 20
1.6291338582677175
 30
0.0
 11
3.695275590551181
 21
1.6311023622047247
 31
0.0
  0
LINE
  5
2B3
330
17
100
AcDbEntity
  8
GEOMETRY
100
AcDbLine
 10
3.695275590551181
 20
1.6291338582677175
 30
0.0
 11
4.6976377952755906
 21
2.207874015748032
 31
0.0
  0
LINE
  5
2B4
330
17
100
AcDbEntity
  8
GEOMETRY
100
AcDbLine
 10
3.695275590551181
 20
1.6311023622047247
 30
0.0
 11
4.6976377952755906
 21
2.2098425196850404
 31
0.0
  0
LINE
  5
2B5
330
17
100
AcDbEntity
  8
GEOMETRY
100
AcDbLine
 10
1.184251968503937
 20
3.0811023622047253
 30
0.0
 11
3.695275590551181
 21
1.6311023622047247
 31
0.0
  0
LINE
  5
2B6
330
17
100
AcDbEntity
  8
GEOMETRY
100
AcDbLine
 10
3.695275590551181
 20
1.6311023622047247
 30
0.0
 11
4.6976377952755906
 21
2.2098425196850404
 31
0.0
  0
LINE
  5
2B7
330
17
100
AcDbEntity
  8
GEOMETRY
100
AcDbLine
 10
4.6976377952755906
 20
2.2098425196850404
 30
0.0
 11
4.697244094488189
 21
2.2098425196850404
 31
0.0
  0
LINE
  5
2B8
330
17
100
AcDbEntity
  8
GEOMETRY
100
AcDbLine
 10
1.184251968503937
 20
3.0811023622047253
 30
0.0
 11
1.184251968503937
 21
3.0811023622047253
 31
0.0
  0
LINE
  5
2B9
330
17
100
AcDbEntity
  8
GEOMETRY
100
AcDbLine
 10
1.1811023622047243
 20
3.0728346456692917
 30
0.0
 11
3.695275590551181
 21
1.620866141732284
 31
0.0
  0
LINE
  5
2BA
330
17
100
AcDbEntity
  8
GEOMETRY
100
AcDbLine
 10
1.1811023622047243
 20
3.079133858267717
 30
0.0
 11
3.695275590551181
 21
1.6275590551181103
 31
0.0
  0
LINE
  5
2BB
330
17
100
AcDbEntity
  8
GEOMETRY
100
AcDbLine
 10
3.695275590551181
 20
1.620866141732284
 30
0.0
 11
3.695275590551181
 21
1.6275590551181103
 31
0.0
  0
LINE
  5
2BC
330
17
100
AcDbEntity
  8
GEOMETRY
100
AcDbLine
 10
3.695275590551181
 20
1.620866141732284
 30
0.0
 11
4.700787401574804
 21
2.2015748031496067
 31
0.0
  0
LINE
  5
2BD
330
17
100
AcDbEntity
  8
GEOMETRY
100
AcDbLine
 10
3.695275590551181
 20
1.6275590551181103
 30
0.0
 11
4.700787401574804
 21
2.207874015748032
 31
0.0
  0
LINE
  5
2BE
330
17
100
AcDbEntity
  8
GEOMETRY
100
AcDbLine
 10
1.1811023622047243
 20
3.079133858267717
 30
0.0
 11
3.695275590551181
 21
1.6275590551181103
 31
0.0
  0
LINE
  5
2BF
330
17
100
AcDbEntity
  8
GEOMETRY
100
AcDbLine
 10
3.695275590551181
 20
1.6275590551181103
 30
0.0
 11
4.700787401574804
 21
2.207874015748032
 31
0.0
  0
LINE
  5
2C0
330
17
100
AcDbEntity
  8
GEOMETRY
100
AcDbLine
 10
4.700787401574804
 20
2.207874015748032
 30
0.0
 11
4.697244094488189
 21
2.2098425196850404
 31
0.0
  0
LINE
  5
2C1
330
17
100
AcDbEntity
  8
GEOMETRY
100
AcDbLine
 10
1.184251968503937
 20
3.0811023622047253
 30
0.0
 11
1.1811023622047243
 21
3.079133858267717
 31
0.0
  0
LINE
  5
2C2
330
17
100
AcDbEntity
  8
GEOMETRY
100
AcDbLine
 10
1.184251968503937
 20
3.0708661417322833
 30
0.0
 11
3.695275590551181
 21
1.620866141732284
 31
0.0
  0
LINE
  5
2C3
330
17
100
AcDbEntity
  8
GEOMETRY
100
AcDbLine
 10
3.695275590551181
 20
1.620866141732284
 30
0.0
 11
3.695275590551181
 21
1.6228346456692924
 31
0.0
  0
LINE
  5
2C4
330
17
100
AcDbEntity
  8
GEOMETRY
100
AcDbLine
 10
3.695275590551181
 20
1.620866141732284
 30
0.0
 11
4.6976377952755906
 21
2.1996062992125984
 31
0.0
  0
LINE
  5
2C5
330
17
100
AcDbEntity
  8
GEOMETRY
100
AcDbLine
 10
4.693700787401575
 20
2.203543307086615
 30
0.0
 11
4.692125984251969
 21
2.204724409448819
 31
0.0
  0
LINE
  5
2C6
330
17
100
AcDbEntity
  8
GEOMETRY
100
AcDbLine
 10
4.690551181102363
 20
2.2055118110236225
 30
0.0
 11
4.69015748031496
 21
2.2055118110236225
 31
0.0
  0
LINE
  5
2C7
330
17
100
AcDbEntity
  8
GEOMETRY
100
AcDbLine
 10
1.1913385826771654
 20
3.0767716535433074
 30
0.0
 11
1.1913385826771654
 21
3.0767716535433074
 31
0.0
  0
LINE
  5
2C8
330
17
100
AcDbEntity
  8
GEOMETRY
100
AcDbLine
 10
1.189763779527559
 20
3.075984251968505
 30
0.0
 11
1.1881889763779527
 21
3.0748031496063
 31
0.0
  0
LINE
  5
2C9
330
17
100
AcDbEntity
  8
GEOMETRY
100
AcDbLine
 10
1.184251968503937
 20
3.0688976377952764
 30
0.0
 11
3.695275590551181
 21
1.6188976377952757
 31
0.0
  0
LINE
  5
2CA
330
17
100
AcDbEntity
  8
GEOMETRY
100
AcDbLine
 10
1.184251968503937
 20
3.0708661417322833
 30
0.0
 11
3.695275590551181
 21
1.620866141732284
 31
0.0
  0
LINE
  5
2CB
330
17
100
AcDbEntity
  8
GEOMETRY
100
AcDbLine
 10
3.695275590551181
 20
1.6188976377952757
 30
0.0
 11
3.695275590551181
 21
1.620866141732284
 31
0.0
  0
LINE
  5
2CC
330
17
100
AcDbEntity
  8
GEOMETRY
100
AcDbLine
 10
3.695275590551181
 20
1.6188976377952757
 30
0.0
 11
4.6976377952755906
 21
2.1976377952755914
 31
0.0
  0
LINE
  5
2CD
330
17
100
AcDbEntity
  8
GEOMETRY
100
AcDbLine
 10
3.695275590551181
 20
1.620866141732284
 30
0.0
 11
4.6976377952755906
 21
2.1996062992125984
 31
0.0
  0
LINE
  5
2CE
330
17
100
AcDbEntity
  8
GEOMETRY
100
AcDbLine
 10
1.184251968503937
 20
3.0708661417322833
 30
0.0
 11
3.695275590551181
 21
1.620866141732284
 31
0.0
  0
LINE
  5
2CF
330
17
100
AcDbEntity
  8
GEOMETRY
100
AcDbLine
 10
3.695275590551181
 20
1.620866141732284
 30
0.0
 11
4.6976377952755906
 21
2.1996062992125984
 31
0.0
  0
LINE
  5
2D0
330
17
100
AcDbEntity
  8
GEOMETRY
100
AcDbLine
 10
4.692125984251969
 20
2.2027559055118116
 30
0.0
 11
4.690551181102363
 21
2.203543307086615
 31
0.0
  0
LINE
  5
2D1
330
17
100
AcDbEntity
  8
GEOMETRY
100
AcDbLine
 10
4.688582677165354
 20
2.204724409448819
 30
0.0
 11
4.688582677165354
 21
2.204724409448819
 31
0.0
  0
LINE
  5
2D2
330
17
100
AcDbEntity
  8
GEOMETRY
100
AcDbLine
 10
1.1929133858267718
 20
3.075984251968505
 30
0.0
 11
1.1929133858267718
 21
3.075984251968505
 31
0.0
  0
LINE
  5
2D3
330
17
100
AcDbEntity
  8
GEOMETRY
100
AcDbLine
 10
1.1913385826771654
 20
3.0748031496063
 30
0.0
 11
1.189763779527559
 21
3.0740157480314965
 31
0.0
  0
LINE
  5
2D4
330
17
100
AcDbEntity
  8
GEOMETRY
100
AcDbLine
 10
1.1811023622047243
 20
3.062598425196851
 30
0.0
 11
3.695275590551181
 21
1.6110236220472447
 31
0.0
  0
LINE
  5
2D5
330
17
100
AcDbEntity
  8
GEOMETRY
100
AcDbLine
 10
1.1811023622047243
 20
3.0688976377952764
 30
0.0
 11
3.695275590551181
 21
1.6173228346456698
 31
0.0
  0
LINE
  5
2D6
330
17
100
AcDbEntity
  8
GEOMETRY
100
AcDbLine
 10
3.695275590551181
 20
1.6110236220472447
 30
0.0
 11
3.695275590551181
 21
1.6173228346456698
 31
0.0
  0
LINE
  5
2D7
330
17
100
AcDbEntity
  8
GEOMETRY
100
AcDbLine
 10
3.695275590551181
 20
1.6110236220472447
 30
0.0
 11
4.700787401574804
 21
2.1913385826771665
 31
0.0
  0
LINE
  5
2D8
330
17
100
AcDbEntity
  8
GEOMETRY
100
AcDbLine
 10
3.695275590551181
 20
1.6173228346456698
 30
0.0
 11
4.700787401574804
 21
2.1976377952755914
 31
0.0
  0
LINE
  5
2D9
330
17
100
AcDbEntity
  8
GEOMETRY
100
AcDbLine
 10
1.1811023622047243
 20
3.0688976377952764
 30
0.0
 11
3.695275590551181
 21
1.6173228346456698
 31
0.0
  0
LINE
  5
2DA
330
17
100
AcDbEntity
  8
GEOMETRY
100
AcDbLine
 10
3.695275590551181
 20
1.6173228346456698
 30
0.0
 11
4.700787401574804
 21
2.1976377952755914
 31
0.0
  0
LINE
  5
2DB
330
17
100
AcDbEntity
  8
GEOMETRY
100
AcDbLine
 10
4.700787401574804
 20
2.1976377952755914
 30
0.0
 11
4.6976377952755906
 21
2.1996062992125984
 31
0.0
  0
LINE
  5
2DC
330
17
100
AcDbEntity
  8
GEOMETRY
100
AcDbLine
 10
4.6917322834645665
 20
2.2027559055118116
 30
0.0
 11
4.69015748031496
 21
2.203543307086615
 31
0.0
  0
LINE
  5
2DD
330
17
100
AcDbEntity
  8
GEOMETRY
100
AcDbLine
 10
4.688582677165354
 20
2.204724409448819
 30
0.0
 11
4.688582677165354
 21
2.204724409448819
 31
0.0
  0
LINE
  5
2DE
330
17
100
AcDbEntity
  8
GEOMETRY
100
AcDbLine
 10
1.193307086614173
 20
3.075984251968505
 30
0.0
 11
1.1929133858267718
 21
3.0755905511811026
 31
0.0
  0
LINE
  5
2DF
330
17
100
AcDbEntity
  8
GEOMETRY
100
AcDbLine
 10
1.1913385826771654
 20
3.0748031496063
 30
0.0
 11
1.189763779527559
 21
3.0740157480314965
 31
0.0
  0
LINE
  5
2E0
330
17
100
AcDbEntity
  8
GEOMETRY
100
AcDbLine
 10
1.184251968503937
 20
3.0708661417322833
 30
0.0
 11
1.1811023622047243
 21
3.0688976377952764
 31
0.0
  0
LINE
  5
2E1
330
17
100
AcDbEntity
  8
GEOMETRY
100
AcDbLine
 10
1.184251968503937
 20
3.0606299212598427
 30
0.0
 11
3.695275590551181
 21
1.6106299212598434
 31
0.0
  0
LINE
  5
2E2
330
17
100
AcDbEntity
  8
GEOMETRY
100
AcDbLine
 10
3.695275590551181
 20
1.6106299212598434
 30
0.0
 11
3.695275590551181
 21
1.6125984251968517
 31
0.0
  0
LINE
  5
2E3
330
17
100
AcDbEntity
  8
GEOMETRY
100
AcDbLine
 10
3.695275590551181
 20
1.6106299212598434
 30
0.0
 11
4.6976377952755906
 21
2.1893700787401578
 31
0.0
  0
LINE
  5
2E4
330
17
100
AcDbEntity
  8
GEOMETRY
100
AcDbLine
 10
4.693700787401575
 20
2.1937007874015757
 30
0.0
 11
4.692125984251969
 21
2.1944881889763783
 31
0.0
  0
LINE
  5
2E5
330
17
100
AcDbEntity
  8
GEOMETRY
100
AcDbLine
 10
4.6846456692913385
 20
2.1988188976377963
 30
0.0
 11
4.683070866141732
 21
2.1996062992125984
 31
0.0
  0
LINE
  5
2E6
330
17
100
AcDbEntity
  8
GEOMETRY
100
AcDbLine
 10
4.681496062992125
 20
2.200393700787402
 30
0.0
 11
4.681496062992125
 21
2.200393700787402
 31
0.0
  0
LINE
  5
2E7
330
17
100
AcDbEntity
  8
GEOMETRY
100
AcDbLine
 10
1.2003937007874015
 20
3.071653543307087
 30
0.0
 11
1.2
 21
3.071653543307087
 31
0.0
  0
LINE
  5
2E8
330
17
100
AcDbEntity
  8
GEOMETRY
100
AcDbLine
 10
1.1984251968503938
 20
3.0708661417322833
 30
0.0
 11
1.1968503937007873
 21
3.06968503937008
 31
0.0
  0
LINE
  5
2E9
330
17
100
AcDbEntity
  8
GEOMETRY
100
AcDbLine
 10
1.189763779527559
 20
3.0657480314960632
 30
0.0
 11
1.1881889763779527
 21
3.0649606299212606
 31
0.0
  0
LINE
  5
2EA
330
17
100
AcDbEntity
  8
GEOMETRY
100
AcDbLine
 10
1.184251968503937
 20
3.0586614173228344
 30
0.0
 11
3.695275590551181
 21
1.608661417322835
 31
0.0
  0
LINE
  5
2EB
330
17
100
AcDbEntity
  8
GEOMETRY
100
AcDbLine
 10
1.184251968503937
 20
3.0606299212598427
 30
0.0
 11
3.695275590551181
 21
1.6106299212598434
 31
0.0
  0
LINE
  5
2EC
330
17
100
AcDbEntity
  8
GEOMETRY
100
AcDbLine
 10
3.695275590551181
 20
1.608661417322835
 30
0.0
 11
3.695275590551181
 21
1.6106299212598434
 31
0.0
  0
LINE
  5
2ED
330
17
100
AcDbEntity
  8
GEOMETRY
100
AcDbLine
 10
3.695275590551181
 20
1.608661417322835
 30
0.0
 11
4.6976377952755906
 21
2.1874015748031495
 31
0.0
  0
LINE
  5
2EE
330
17
100
AcDbEntity
  8
GEOMETRY
100
AcDbLine
 10
3.695275590551181
 20
1.6106299212598434
 30
0.0
 11
4.6976377952755906
 21
2.1893700787401578
 31
0.0
  0
LINE
  5
2EF
330
17
100
AcDbEntity
  8
GEOMETRY
100
AcDbLine
 10
1.184251968503937
 20
3.0606299212598427
 30
0.0
 11
3.695275590551181
 21
1.6106299212598434
 31
0.0
  0
LINE
  5
2F0
330
17
100
AcDbEntity
  8
GEOMETRY
100
AcDbLine
 10
3.695275590551181
 20
1.6106299212598434
 30
0.0
 11
4.6976377952755906
 21
2.1893700787401578
 31
0.0
  0
LINE
  5
2F1
330
17
100
AcDbEntity
  8
GEOMETRY
100
AcDbLine
 10
4.692125984251969
 20
2.192519685039371
 30
0.0
 11
4.690551181102363
 21
2.1933070866141735
 31
0.0
  0
LINE
  5
2F2
330
17
100
AcDbEntity
  8
GEOMETRY
100
AcDbLine
 10
4.683070866141732
 20
2.1976377952755914
 30
0.0
 11
4.681496062992125
 21
2.1984251968503936
 31
0.0
  0
LINE
  5
2F3
330
17
100
AcDbEntity
  8
GEOMETRY
100
AcDbLine
 10
4.67992125984252
 20
2.1996062992125984
 30
0.0
 11
4.67992125984252
 21
2.1996062992125984
 31
0.0
  0
LINE
  5
2F4
330
17
100
AcDbEntity
  8
GEOMETRY
100
AcDbLine
 10
1.2019685039370078
 20
3.0708661417322833
 30
0.0
 11
1.2019685039370078
 21
3.0708661417322833
 31
0.0
  0
LINE
  5
2F5
330
17
100
AcDbEntity
  8
GEOMETRY
100
AcDbLine
 10
1.2
 20
3.06968503937008
 30
0.0
 11
1.1984251968503938
 21
3.0688976377952764
 31
0.0
  0
LINE
  5
2F6
330
17
100
AcDbEntity
  8
GEOMETRY
100
AcDbLine
 10
1.1913385826771654
 20
3.0645669291338584
 30
0.0
 11
1.189763779527559
 21
3.063779527559056
 31
0.0
  0
LINE
  5
2F7
330
17
100
AcDbEntity
  8
GEOMETRY
100
AcDbLine
 10
1.1811023622047243
 20
3.0523622047244108
 30
0.0
 11
3.695275590551181
 21
1.600787401574804
 31
0.0
  0
LINE
  5
2F8
330
17
100
AcDbEntity
  8
GEOMETRY
100
AcDbLine
 10
1.1811023622047243
 20
3.0586614173228344
 30
0.0
 11
3.695275590551181
 21
1.607086614173228
 31
0.0
  0
LINE
  5
2F9
330
17
100
AcDbEntity
  8
GEOMETRY
100
AcDbLine
 10
3.695275590551181
 20
1.600787401574804
 30
0.0
 11
3.695275590551181
 21
1.607086614173228
 31
0.0
  0
LINE
  5
2FA
330
17
100
AcDbEntity
  8
GEOMETRY
100
AcDbLine
 10
3.695275590551181
 20
1.600787401574804
 30
0.0
 11
4.700787401574804
 21
2.1811023622047245
 31
0.0
  0
LINE
  5
2FB
330
17
100
AcDbEntity
  8
GEOMETRY
100
AcDbLine
 10
3.695275590551181
 20
1.607086614173228
 30
0.0
 11
4.700787401574804
 21
2.1874015748031495
 31
0.0
  0
LINE
  5
2FC
330
17
100
AcDbEntity
  8
GEOMETRY
100
AcDbLine
 10
1.1811023622047243
 20
3.0586614173228344
 30
0.0
 11
3.695275590551181
 21
1.607086614173228
 31
0.0
  0
LINE
  5
2FD
330
17
100
AcDbEntity
  8
GEOMETRY
100
AcDbLine
 10
3.695275590551181
 20
1.607086614173228
 30
0.0
 11
4.700787401574804
 21
2.1874015748031495
 31
0.0
  0
LINE
  5
2FE
330
17
100
AcDbEntity
  8
GEOMETRY
100
AcDbLine
 10
4.700787401574804
 20
2.1874015748031495
 30
0.0
 11
4.6976377952755906
 21
2.1893700787401578
 31
0.0
  0
LINE
  5
2FF
330
17
100
AcDbEntity
  8
GEOMETRY
100
AcDbLine
 10
4.6917322834645665
 20
2.192519685039371
 30
0.0
 11
4.69015748031496
 21
2.1933070866141735
 31
0.0
  0
LINE
  5
300
330
17
100
AcDbEntity
  8
GEOMETRY
100
AcDbLine
 10
4.683070866141732
 20
2.1976377952755914
 30
0.0
 11
4.681496062992125
 21
2.1984251968503936
 31
0.0
  0
LINE
  5
301
330
17
100
AcDbEntity
  8
GEOMETRY
100
AcDbLine
 10
4.67992125984252
 20
2.1996062992125984
 30
0.0
 11
4.67992125984252
 21
2.1996062992125984
 31
0.0
  0
LINE
  5
302
330
17
100
AcDbEntity
  8
GEOMETRY
100
AcDbLine
 10
1.2019685039370078
 20
3.0708661417322833
 30
0.0
 11
1.2019685039370078
 21
3.0708661417322833
 31
0.0
  0
LINE
  5
303
330
17
100
AcDbEntity
  8
GEOMETRY
100
AcDbLine
 10
1.2003937007874015
 20
3.06968503937008
 30
0.0
 11
1.1988188976377951
 21
3.0688976377952764
 31
0.0
  0
LINE
  5
304
330
17
100
AcDbEntity
  8
GEOMETRY
100
AcDbLine
 10
1.1913385826771654
 20
3.0645669291338584
 30
0.0
 11
1.189763779527559
 21
3.063779527559056
 31
0.0
  0
LINE
  5
305
330
17
100
AcDbEntity
  8
GEOMETRY
100
AcDbLine
 10
1.184251968503937
 20
3.0606299212598427
 30
0.0
 11
1.1811023622047243
 21
3.0586614173228344
 31
0.0
  0
LINE
  5
306
330
17
100
AcDbEntity
  8
GEOMETRY
100
AcDbLine
 10
1.184251968503937
 20
3.0503937007874025
 30
0.0
 11
3.695275590551181
 21
1.600787401574804
 31
0.0
  0
LINE
  5
307
330
17
100
AcDbEntity
  8
GEOMETRY
100
AcDbLine
 10
3.695275590551181
 20
1.600787401574804
 30
0.0
 11
3.695275590551181
 21
1.602362204724409
 31
0.0
  0
LINE
  5
308
330
17
100
AcDbEntity
  8
GEOMETRY
100
AcDbLine
 10
3.695275590551181
 20
1.600787401574804
 30
0.0
 11
4.6976377952755906
 21
2.1791338582677175
 31
0.0
  0
LINE
  5
309
330
17
100
AcDbEntity
  8
GEOMETRY
100
AcDbLine
 10
4.693700787401575
 20
2.183464566929134
 30
0.0
 11
4.692125984251969
 21
2.1842519685039377
 31
0.0
  0
LINE
  5
30A
330
17
100
AcDbEntity
  8
GEOMETRY
100
AcDbLine
 10
4.6846456692913385
 20
2.1885826771653543
 30
0.0
 11
4.683070866141732
 21
2.1893700787401578
 31
0.0
  0
LINE
  5
30B
330
17
100
AcDbEntity
  8
GEOMETRY
100
AcDbLine
 10
4.6759842519685035
 20
2.1937007874015757
 30
0.0
 11
4.674409448818897
 21
2.1944881889763783
 31
0.0
  0
LINE
  5
30C
330
17
100
AcDbEntity
  8
GEOMETRY
100
AcDbLine
 10
4.672834645669291
 20
2.195275590551182
 30
0.0
 11
4.672834645669291
 21
2.195275590551182
 31
0.0
  0
LINE
  5
30D
330
17
100
AcDbEntity
  8
GEOMETRY
100
AcDbLine
 10
1.2090551181102362
 20
3.0665354330708667
 30
0.0
 11
1.2090551181102362
 21
3.0665354330708667
 31
0.0
  0
LINE
  5
30E
330
17
100
AcDbEntity
  8
GEOMETRY
100
AcDbLine
 10
1.2070866141732284
 20
3.0657480314960632
 30
0.0
 11
1.2059055118110236
 21
3.0649606299212606
 31
0.0
  0
LINE
  5
30F
330
17
100
AcDbEntity
  8
GEOMETRY
100
AcDbLine
 10
1.1984251968503938
 20
3.0606299212598427
 30
0.0
 11
1.1968503937007873
 21
3.0598425196850405
 31
0.0
  0
LINE
  5
310
330
17
100
AcDbEntity
  8
GEOMETRY
100
AcDbLine
 10
1.189763779527559
 20
3.0555118110236226
 30
0.0
 11
1.1881889763779527
 21
3.054724409448819
 31
0.0
  0
LINE
  5
311
330
17
100
AcDbEntity
  8
GEOMETRY
100
AcDbLine
 10
1.184251968503937
 20
3.048425196850394
 30
0.0
 11
3.695275590551181
 21
1.5988188976377957
 31
0.0
  0
LINE
  5
312
330
17
100
AcDbEntity
  8
GEOMETRY
100
AcDbLine
 10
1.184251968503937
 20
3.0503937007874025
 30
0.0
 11
3.695275590551181
 21
1.600787401574804
 31
0.0
  0
LINE
  5
313
330
17
100
AcDbEntity
  8
GEOMETRY
100
AcDbLine
 10
3.695275590551181
 20
1.5988188976377957
 30
0.0
 11
3.695275590551181
 21
1.600787401574804
 31
0.0
  0
LINE
  5
314
330
17
100
AcDbEntity
  8
GEOMETRY
100
AcDbLine
 10
3.695275590551181
 20
1.5988188976377957
 30
0.0
 11
4.6976377952755906
 21
2.1771653543307092
 31
0.0
  0
LINE
  5
315
330
17
100
AcDbEntity
  8
GEOMETRY
100
AcDbLine
 10
3.695275590551181
 20
1.600787401574804
 30
0.0
 11
4.6976377952755906
 21
2.1791338582677175
 31
0.0
  0
LINE
  5
316
330
17
100
AcDbEntity
  8
GEOMETRY
100
AcDbLine
 10
1.184251968503937
 20
3.0503937007874025
 30
0.0
 11
3.695275590551181
 21
1.600787401574804
 31
0.0
  0
LINE
  5
317
330
17
100
AcDbEntity
  8
GEOMETRY
100
AcDbLine
 10
3.695275590551181
 20
1.600787401574804
 30
0.0
 11
4.6976377952755906
 21
2.1791338582677175
 31
0.0
  0
LINE
  5
318
330
17
100
AcDbEntity
  8
GEOMETRY
100
AcDbLine
 10
4.692125984251969
 20
2.1822834645669293
 30
0.0
 11
4.690551181102363
 21
2.183464566929134
 31
0.0
  0
LINE
  5
319
330
17
100
AcDbEntity
  8
GEOMETRY
100
AcDbLine
 10
4.683070866141732
 20
2.1874015748031495
 30
0.0
 11
4.681496062992125
 21
2.1885826771653543
 31
0.0
  0
LINE
  5
31A
330
17
100
AcDbEntity
  8
GEOMETRY
100
AcDbLine
 10
4.674409448818897
 20
2.192519685039371
 30
0.0
 11
4.672834645669291
 21
2.1933070866141735
 31
0.0
  0
LINE
  5
31B
330
17
100
AcDbEntity
  8
GEOMETRY
100
AcDbLine
 10
4.671259842519685
 20
2.1944881889763783
 30
0.0
 11
4.670866141732283
 21
2.1944881889763783
 31
0.0
  0
LINE
  5
31C
330
17
100
AcDbEntity
  8
GEOMETRY
100
AcDbLine
 10
1.2106299212598426
 20
3.0657480314960632
 30
0.0
 11
1.2106299212598426
 21
3.0657480314960632
 31
0.0
  0
LINE
  5
31D
330
17
100
AcDbEntity
  8
GEOMETRY
100
AcDbLine
 10
1.2090551181102362
 20
3.0645669291338584
 30
0.0
 11
1.20748031496063
 21
3.063779527559056
 31
0.0
  0
LINE
  5
31E
330
17
100
AcDbEntity
  8
GEOMETRY
100
AcDbLine
 10
1.2
 20
3.059448818897638
 30
0.0
 11
1.1984251968503938
 21
3.0586614173228344
 31
0.0
  0
LINE
  5
31F
330
17
100
AcDbEntity
  8
GEOMETRY
100
AcDbLine
 10
1.1913385826771654
 20
3.054724409448819
 30
0.0
 11
1.189763779527559
 21
3.0535433070866143
 31
0.0
  0
LINE
  5
320
330
17
100
AcDbEntity
  8
GEOMETRY
100
AcDbLine
 10
1.1811023622047243
 20
3.042125984251969
 30
0.0
 11
3.695275590551181
 21
1.5905511811023636
 31
0.0
  0
LINE
  5
321
330
17
100
AcDbEntity
  8
GEOMETRY
100
AcDbLine
 10
1.1811023622047243
 20
3.048425196850394
 30
0.0
 11
3.695275590551181
 21
1.5968503937007874
 31
0.0
  0
LINE
  5
322
330
17
100
AcDbEntity
  8
GEOMETRY
100
AcDbLine
 10
3.695275590551181
 20
1.5905511811023636
 30
0.0
 11
3.695275590551181
 21
1.5968503937007874
 31
0.0
  0
LINE
  5
323
330
17
100
AcDbEntity
  8
GEOMETRY
100
AcDbLine
 10
3.695275590551181
 20
1.5905511811023636
 30
0.0
 11
4.700787401574804
 21
2.170866141732284
 31
0.0
  0
LINE
  5
324
330
17
100
AcDbEntity
  8
GEOMETRY
100
AcDbLine
 10
3.695275590551181
 20
1.5968503937007874
 30
0.0
 11
4.700787401574804
 21
2.1771653543307092
 31
0.0
  0
LINE
  5
325
330
17
100
AcDbEntity
  8
GEOMETRY
100
AcDbLine
 10
1.1811023622047243
 20
3.048425196850394
 30
0.0
 11
3.695275590551181
 21
1.5968503937007874
 31
0.0
  0
LINE
  5
326
330
17
100
AcDbEntity
  8
GEOMETRY
100
AcDbLine
 10
3.695275590551181
 20
1.5968503937007874
 30
0.0
 11
4.700787401574804
 21
2.1771653543307092
 31
0.0
  0
LINE
  5
327
330
17
100
AcDbEntity
  8
GEOMETRY
100
AcDbLine
 10
4.700787401574804
 20
2.1771653543307092
 30
0.0
 11
4.6976377952755906
 21
2.1791338582677175
 31
0.0
  0
LINE
  5
328
330
17
100
AcDbEntity
  8
GEOMETRY
100
AcDbLine
 10
4.6917322834645665
 20
2.1822834645669293
 30
0.0
 11
4.69015748031496
 21
2.183464566929134
 31
0.0
  0
LINE
  5
329
330
17
100
AcDbEntity
  8
GEOMETRY
100
AcDbLine
 10
4.683070866141732
 20
2.1874015748031495
 30
0.0
 11
4.681496062992125
 21
2.1881889763779534
 31
0.0
  0
LINE
  5
32A
330
17
100
AcDbEntity
  8
GEOMETRY
100
AcDbLine
 10
4.674409448818897
 20
2.192519685039371
 30
0.0
 11
4.672834645669291
 21
2.1933070866141735
 31
0.0
  0
LINE
  5
32B
330
17
100
AcDbEntity
  8
GEOMETRY
100
AcDbLine
 10
4.670866141732283
 20
2.1944881889763783
 30
0.0
 11
4.670866141732283
 21
2.1944881889763783
 31
0.0
  0
LINE
  5
32C
330
17
100
AcDbEntity
  8
GEOMETRY
100
AcDbLine
 10
1.2106299212598426
 20
3.0657480314960632
 30
0.0
 11
1.2106299212598426
 21
3.0657480314960632
 31
0.0
  0
LINE
  5
32D
330
17
100
AcDbEntity
  8
GEOMETRY
100
AcDbLine
 10
1.2090551181102362
 20
3.0645669291338584
 30
0.0
 11
1.20748031496063
 21
3.063779527559056
 31
0.0
  0
LINE
  5
32E
330
17
100
AcDbEntity
  8
GEOMETRY
100
AcDbLine
 10
1.2003937007874015
 20
3.059448818897638
 30
0.0
 11
1.1988188976377951
 21
3.0586614173228344
 31
0.0
  0
LINE
  5
32F
330
17
100
AcDbEntity
  8
GEOMETRY
100
AcDbLine
 10
1.1913385826771654
 20
3.0543307086614178
 30
0.0
 11
1.189763779527559
 21
3.0535433070866143
 31
0.0
  0
LINE
  5
330
330
17
100
AcDbEntity
  8
GEOMETRY
100
AcDbLine
 10
1.184251968503937
 20
3.0503937007874025
 30
0.0
 11
1.1811023622047243
 21
3.048425196850394
 31
0.0
  0
LINE
  5
331
330
17
100
AcDbEntity
  8
GEOMETRY
100
AcDbLine
 10
1.184251968503937
 20
3.040157480314962
 30
0.0
 11
3.695275590551181
 21
1.5905511811023636
 31
0.0
  0
LINE
  5
332
330
17
100
AcDbEntity
  8
GEOMETRY
100
AcDbLine
 10
3.695275590551181
 20
1.5905511811023636
 30
0.0
 11
3.695275590551181
 21
1.5925196850393697
 31
0.0
  0
LINE
  5
333
330
17
100
AcDbEntity
  8
GEOMETRY
100
AcDbLine
 10
3.695275590551181
 20
1.5905511811023636
 30
0.0
 11
4.6976377952755906
 21
2.1688976377952756
 31
0.0
  0
LINE
  5
334
330
17
100
AcDbEntity
  8
GEOMETRY
100
AcDbLine
 10
4.693700787401575
 20
2.1732283464566935
 30
0.0
 11
4.692125984251969
 21
2.174015748031497
 31
0.0
  0
LINE
  5
335
330
17
100
AcDbEntity
  8
GEOMETRY
100
AcDbLine
 10
4.6846456692913385
 20
2.178346456692914
 30
0.0
 11
4.683070866141732
 21
2.1791338582677175
 31
0.0
  0
LINE
  5
336
330
17
100
AcDbEntity
  8
GEOMETRY
100
AcDbLine
 10
4.6759842519685035
 20
2.183464566929134
 30
0.0
 11
4.674409448818897
 21
2.1842519685039377
 31
0.0
  0
LINE
  5
337
330
17
100
AcDbEntity
  8
GEOMETRY
100
AcDbLine
 10
4.667322834645669
 20
2.1885826771653543
 30
0.0
 11
4.665748031496063
 21
2.1893700787401578
 31
0.0
  0
LINE
  5
338
330
17
100
AcDbEntity
  8
GEOMETRY
100
AcDbLine
 10
4.664173228346456
 20
2.1901574803149617
 30
0.0
 11
4.663779527559055
 21
2.1905511811023626
 31
0.0
  0
LINE
  5
339
330
17
100
AcDbEntity
  8
GEOMETRY
100
AcDbLine
 10
1.2177165354330708
 20
3.061417322834646
 30
0.0
 11
1.2177165354330708
 21
3.061417322834646
 31
0.0
  0
LINE
  5
33A
330
17
100
AcDbEntity
  8
GEOMETRY
100
AcDbLine
 10
1.2161417322834647
 20
3.0606299212598427
 30
0.0
 11
1.2145669291338583
 21
3.0598425196850405
 31
0.0
  0
LINE
  5
33B
330
17
100
AcDbEntity
  8
GEOMETRY
100
AcDbLine
 10
1.2070866141732284
 20
3.0555118110236226
 30
0.0
 11
1.2059055118110236
 21
3.054724409448819
 31
0.0
  0
LINE
  5
33C
330
17
100
AcDbEntity
  8
GEOMETRY
100
AcDbLine
 10
1.1984251968503938
 20
3.0503937007874025
 30
0.0
 11
1.1968503937007873
 21
3.0496062992125985
 31
0.0
  0
LINE
  5
33D
330
17
100
AcDbEntity
  8
GEOMETRY
100
AcDbLine
 10
1.189763779527559
 20
3.045275590551182
 30
0.0
 11
1.1881889763779527
 21
3.0444881889763784
 31
0.0
  0
LINE
  5
33E
330
17
100
AcDbEntity
  8
GEOMETRY
100
AcDbLine
 10
1.1866141732283464
 20
3.035826771653544
 30
0.0
 11
3.695275590551181
 21
1.5874015748031494
 31
0.0
  0
LINE
  5
33F
330
17
100
AcDbEntity
  8
GEOMETRY
100
AcDbLine
 10
3.695275590551181
 20
1.5874015748031494
 30
0.0
 11
3.695275590551181
 21
1.591732283464567
 31
0.0
  0
LINE
  5
340
330
17
100
AcDbEntity
  8
GEOMETRY
100
AcDbLine
 10
3.695275590551181
 20
1.5874015748031494
 30
0.0
 11
4.695275590551181
 21
2.164566929133859
 31
0.0
  0
LINE
  5
341
330
17
100
AcDbEntity
  8
GEOMETRY
100
AcDbLine
 10
4.690551181102363
 20
2.1716535433070874
 30
0.0
 11
4.689370078740158
 21
2.17244094488189
 31
0.0
  0
LINE
  5
342
330
17
100
AcDbEntity
  8
GEOMETRY
100
AcDbLine
 10
4.681889763779528
 20
2.176771653543308
 30
0.0
 11
4.680314960629921
 21
2.17755905511811
 31
0.0
  0
LINE
  5
343
330
17
100
AcDbEntity
  8
GEOMETRY
100
AcDbLine
 10
4.673228346456693
 20
2.181889763779528
 30
0.0
 11
4.6716535433070865
 21
2.1826771653543315
 31
0.0
  0
LINE
  5
344
330
17
100
AcDbEntity
  8
GEOMETRY
100
AcDbLine
 10
4.664173228346456
 20
2.1870078740157486
 30
0.0
 11
4.6629921259842515
 21
2.187795275590552
 31
0.0
  0
LINE
  5
345
330
17
100
AcDbEntity
  8
GEOMETRY
100
AcDbLine
 10
4.661023622047244
 20
2.1885826771653543
 30
0.0
 11
4.661023622047244
 21
2.1885826771653543
 31
0.0
  0
LINE
  5
346
330
17
100
AcDbEntity
  8
GEOMETRY
100
AcDbLine
 10
1.2208661417322835
 20
3.0598425196850405
 30
0.0
 11
1.220472440944882
 21
3.0598425196850405
 31
0.0
  0
LINE
  5
347
330
17
100
AcDbEntity
  8
GEOMETRY
100
AcDbLine
 10
1.2188976377952756
 20
3.059055118110237
 30
0.0
 11
1.2173228346456693
 21
3.057874015748032
 31
0.0
  0
LINE
  5
348
330
17
100
AcDbEntity
  8
GEOMETRY
100
AcDbLine
 10
1.2102362204724408
 20
3.0539370078740165
 30
0.0
 11
1.2086614173228345
 21
3.053149606299213
 31
0.0
  0
LINE
  5
349
330
17
100
AcDbEntity
  8
GEOMETRY
100
AcDbLine
 10
1.2011811023622048
 20
3.048818897637795
 30
0.0
 11
1.1996062992125984
 21
3.048031496062993
 31
0.0
  0
LINE
  5
34A
330
17
100
AcDbEntity
  8
GEOMETRY
100
AcDbLine
 10
1.19251968503937
 20
3.043700787401575
 30
0.0
 11
1.1909448818897637
 21
3.0429133858267723
 31
0.0
  0
LINE
  5
34B
330
17
100
AcDbEntity
  8
GEOMETRY
100
AcDbLine
 10
1.1921259842519685
 20
3.031889763779528
 30
0.0
 11
3.695275590551181
 21
1.586614173228347
 31
0.0
  0
LINE
  5
34C
330
17
100
AcDbEntity
  8
GEOMETRY
100
AcDbLine
 10
3.695275590551181
 20
1.586614173228347
 30
0.0
 11
3.695275590551181
 21
1.5905511811023636
 31
0.0
  0
LINE
  5
34D
330
17
100
AcDbEntity
  8
GEOMETRY
100
AcDbLine
 10
3.695275590551181
 20
1.586614173228347
 30
0.0
 11
4.689763779527559
 21
2.160629921259843
 31
0.0
  0
LINE
  5
34E
330
17
100
AcDbEntity
  8
GEOMETRY
100
AcDbLine
 10
4.684251968503937
 20
2.1677165354330707
 30
0.0
 11
4.68267716535433
 21
2.1685039370078747
 31
0.0
  0
LINE
  5
34F
330
17
100
AcDbEntity
  8
GEOMETRY
100
AcDbLine
 10
4.675196850393701
 20
2.172834645669292
 30
0.0
 11
4.673622047244094
 21
2.173622047244095
 31
0.0
  0
LINE
  5
350
330
17
100
AcDbEntity
  8
GEOMETRY
100
AcDbLine
 10
4.666535433070866
 20
2.1779527559055127
 30
0.0
 11
4.66496062992126
 21
2.178740157480315
 31
0.0
  0
LINE
  5
351
330
17
100
AcDbEntity
  8
GEOMETRY
100
AcDbLine
 10
4.657874015748032
 20
2.183070866141733
 30
0.0
 11
4.656299212598425
 21
2.1838582677165363
 31
0.0
  0
LINE
  5
352
330
17
100
AcDbEntity
  8
GEOMETRY
100
AcDbLine
 10
4.654724409448819
 20
2.1850393700787403
 30
0.0
 11
4.654330708661417
 21
2.1850393700787403
 31
0.0
  0
LINE
  5
353
330
17
100
AcDbEntity
  8
GEOMETRY
100
AcDbLine
 10
1.2271653543307086
 20
3.056299212598426
 30
0.0
 11
1.2271653543307086
 21
3.055905511811024
 31
0.0
  0
LINE
  5
354
330
17
100
AcDbEntity
  8
GEOMETRY
100
AcDbLine
 10
1.2255905511811023
 20
3.0551181102362213
 30
0.0
 11
1.224015748031496
 21
3.0543307086614178
 31
0.0
  0
LINE
  5
355
330
17
100
AcDbEntity
  8
GEOMETRY
100
AcDbLine
 10
1.2169291338582677
 20
3.050000000000001
 30
0.0
 11
1.2153543307086614
 21
3.0492125984251977
 31
0.0
  0
LINE
  5
356
330
17
100
AcDbEntity
  8
GEOMETRY
100
AcDbLine
 10
1.2078740157480314
 20
3.0448818897637797
 30
0.0
 11
1.206299212598425
 21
3.044094488188977
 31
0.0
  0
LINE
  5
357
330
17
100
AcDbEntity
  8
GEOMETRY
100
AcDbLine
 10
1.199212598425197
 20
3.039763779527559
 30
0.0
 11
1.1976377952755906
 21
3.0389763779527557
 31
0.0
  0
LINE
  5
358
330
17
100
AcDbEntity
  8
GEOMETRY
100
AcDbLine
 10
3.695275590551181
 20
1.5905511811023636
 30
0.0
 11
3.695275590551181
 21
1.595669291338584
 31
0.0
  0
LINE
  5
359
330
17
100
AcDbEntity
  8
GEOMETRY
100
AcDbLine
 10
4.673228346456693
 20
2.161417322834646
 30
0.0
 11
4.6716535433070865
 21
2.1622047244094493
 31
0.0
  0
LINE
  5
35A
330
17
100
AcDbEntity
  8
GEOMETRY
100
AcDbLine
 10
4.664173228346456
 20
2.166535433070866
 30
0.0
 11
4.6629921259842515
 21
2.16732283464567
 31
0.0
  0
LINE
  5
35B
330
17
100
AcDbEntity
  8
GEOMETRY
100
AcDbLine
 10
4.655511811023622
 20
2.1716535433070874
 30
0.0
 11
4.653937007874015
 21
2.17244094488189
 31
0.0
  0
LINE
  5
35C
330
17
100
AcDbEntity
  8
GEOMETRY
100
AcDbLine
 10
4.646850393700787
 20
2.176771653543308
 30
0.0
 11
4.645275590551181
 21
2.17755905511811
 31
0.0
  0
LINE
  5
35D
330
17
100
AcDbEntity
  8
GEOMETRY
100
AcDbLine
 10
4.643700787401575
 20
2.178346456692914
 30
0.0
 11
4.643307086614173
 21
2.178740157480315
 31
0.0
  0
LINE
  5
35E
330
17
100
AcDbEntity
  8
GEOMETRY
100
AcDbLine
 10
1.2381889763779528
 20
3.0496062992125985
 30
0.0
 11
1.2381889763779528
 21
3.0496062992125985
 31
0.0
  0
LINE
  5
35F
330
17
100
AcDbEntity
  8
GEOMETRY
100
AcDbLine
 10
1.2366141732283464
 20
3.048818897637795
 30
0.0
 11
1.23503937007874
 21
3.048031496062993
 31
0.0
  0
LINE
  5
360
330
17
100
AcDbEntity
  8
GEOMETRY
100
AcDbLine
 10
1.2275590551181101
 20
3.043700787401575
 30
0.0
 11
1.2263779527559053
 21
3.0429133858267723
 31
0.0
  0
LINE
  5
361
330
17
100
AcDbEntity
  8
GEOMETRY
100
AcDbLine
 10
1.2188976377952756
 20
3.0385826771653544
 30
0.0
 11
1.2173228346456693
 21
3.037795275590552
 31
0.0
  0
LINE
  5
362
330
17
100
AcDbEntity
  8
GEOMETRY
100
AcDbLine
 10
1.2102362204724408
 20
3.0334645669291342
 30
0.0
 11
1.2086614173228345
 21
3.0326771653543316
 31
0.0
  0
LINE
  5
363
330
17
100
AcDbEntity
  8
GEOMETRY
100
AcDbLine
 10
1.2208661417322835
 20
3.026771653543308
 30
0.0
 11
3.695275590551181
 21
1.5980314960629933
 31
0.0
  0
LINE
  5
364
330
17
100
AcDbEntity
  8
GEOMETRY
100
AcDbLine
 10
3.695275590551181
 20
1.592913385826773
 30
0.0
 11
3.695275590551181
 21
1.5980314960629933
 31
0.0
  0
LINE
  5
365
330
17
100
AcDbEntity
  8
GEOMETRY
100
AcDbLine
 10
3.695275590551181
 20
1.5980314960629933
 30
0.0
 11
4.661023622047244
 21
2.1559055118110244
 31
0.0
  0
LINE
  5
366
330
17
100
AcDbEntity
  8
GEOMETRY
100
AcDbLine
 10
1.2208661417322835
 20
3.026771653543308
 30
0.0
 11
3.695275590551181
 21
1.5980314960629933
 31
0.0
  0
LINE
  5
367
330
17
100
AcDbEntity
  8
GEOMETRY
100
AcDbLine
 10
3.695275590551181
 20
1.5980314960629933
 30
0.0
 11
4.661023622047244
 21
2.1559055118110244
 31
0.0
  0
LINE
  5
368
330
17
100
AcDbEntity
  8
GEOMETRY
100
AcDbLine
 10
4.661023622047244
 20
2.1559055118110244
 30
0.0
 11
4.660629921259842
 21
2.1559055118110244
 31
0.0
  0
LINE
  5
369
330
17
100
AcDbEntity
  8
GEOMETRY
100
AcDbLine
 10
4.653149606299213
 20
2.160236220472441
 30
0.0
 11
4.651968503937008
 21
2.1610236220472445
 31
0.0
  0
LINE
  5
36A
330
17
100
AcDbEntity
  8
GEOMETRY
100
AcDbLine
 10
4.644488188976378
 20
2.1653543307086616
 30
0.0
 11
4.6429133858267715
 21
2.166141732283465
 31
0.0
  0
LINE
  5
36B
330
17
100
AcDbEntity
  8
GEOMETRY
100
AcDbLine
 10
4.6358267716535435
 20
2.170472440944883
 30
0.0
 11
4.6342519685039365
 21
2.171259842519685
 31
0.0
  0
LINE
  5
36C
330
17
100
AcDbEntity
  8
GEOMETRY
100
AcDbLine
 10
4.63267716535433
 20
2.1720472440944887
 30
0.0
 11
4.632283464566929
 21
2.1720472440944887
 31
0.0
  0
LINE
  5
36D
330
17
100
AcDbEntity
  8
GEOMETRY
100
AcDbLine
 10
1.249212598425197
 20
3.0433070866141736
 30
0.0
 11
1.249212598425197
 21
3.0433070866141736
 31
0.0
  0
LINE
  5
36E
330
17
100
AcDbEntity
  8
GEOMETRY
100
AcDbLine
 10
1.2476377952755906
 20
3.042519685039371
 30
0.0
 11
1.2460629921259843
 21
3.0417322834645675
 31
0.0
  0
LINE
  5
36F
330
17
100
AcDbEntity
  8
GEOMETRY
100
AcDbLine
 10
1.2385826771653543
 20
3.03740157480315
 30
0.0
 11
1.2370078740157482
 21
3.0366141732283474
 31
0.0
  0
LINE
  5
370
330
17
100
AcDbEntity
  8
GEOMETRY
100
AcDbLine
 10
1.2299212598425195
 20
3.0322834645669294
 30
0.0
 11
1.2283464566929134
 21
3.031496062992126
 31
0.0
  0
LINE
  5
371
330
17
100
AcDbEntity
  8
GEOMETRY
100
AcDbLine
 10
1.221259842519685
 20
3.0271653543307093
 30
0.0
 11
1.2208661417322835
 21
3.026771653543308
 31
0.0
  0
LINE
  5
372
330
17
100
AcDbEntity
  8
GEOMETRY
100
AcDbLine
 10
1.2338582677165355
 20
3.0220472440944888
 30
0.0
 11
3.695275590551181
 21
1.600787401574804
 31
0.0
  0
LINE
  5
373
330
17
100
AcDbEntity
  8
GEOMETRY
100
AcDbLine
 10
3.695275590551181
 20
1.595669291338584
 30
0.0
 11
3.695275590551181
 21
1.600787401574804
 31
0.0
  0
LINE
  5
374
330
17
100
AcDbEntity
  8
GEOMETRY
100
AcDbLine
 10
3.695275590551181
 20
1.600787401574804
 30
0.0
 11
4.648031496062992
 21
2.150787401574804
 31
0.0
  0
LINE
  5
375
330
17
100
AcDbEntity
  8
GEOMETRY
100
AcDbLine
 10
1.2338582677165355
 20
3.0220472440944888
 30
0.0
 11
3.695275590551181
 21
1.600787401574804
 31
0.0
  0
LINE
  5
376
330
17
100
AcDbEntity
  8
GEOMETRY
100
AcDbLine
 10
3.695275590551181
 20
1.600787401574804
 30
0.0
 11
4.648031496062992
 21
2.150787401574804
 31
0.0
  0
LINE
  5
377
330
17
100
AcDbEntity
  8
GEOMETRY
100
AcDbLine
 10
4.64251968503937
 20
2.153937007874016
 30
0.0
 11
4.640944881889763
 21
2.1547244094488196
 31
0.0
  0
LINE
  5
378
330
17
100
AcDbEntity
  8
GEOMETRY
100
AcDbLine
 10
4.633464566929134
 20
2.159055118110236
 30
0.0
 11
4.631889763779528
 21
2.1598425196850397
 31
0.0
  0
LINE
  5
379
330
17
100
AcDbEntity
  8
GEOMETRY
100
AcDbLine
 10
4.624803149606299
 20
2.1637795275590554
 30
0.0
 11
4.623228346456693
 21
2.1649606299212603
 31
0.0
  0
LINE
  5
37A
330
17
100
AcDbEntity
  8
GEOMETRY
100
AcDbLine
 10
4.621653543307087
 20
2.1657480314960638
 30
0.0
 11
4.6212598425196845
 21
2.1657480314960638
 31
0.0
  0
LINE
  5
37B
330
17
100
AcDbEntity
  8
GEOMETRY
100
AcDbLine
 10
1.2602362204724409
 20
3.0370078740157487
 30
0.0
 11
1.2602362204724409
 21
3.0370078740157487
 31
0.0
  0
LINE
  5
37C
330
17
100
AcDbEntity
  8
GEOMETRY
100
AcDbLine
 10
1.2586614173228345
 20
3.036220472440945
 30
0.0
 11
1.2570866141732284
 21
3.0350393700787404
 31
0.0
  0
LINE
  5
37D
330
17
100
AcDbEntity
  8
GEOMETRY
100
AcDbLine
 10
1.2496062992125982
 20
3.0311023622047246
 30
0.0
 11
1.2480314960629921
 21
3.02992125984252
 31
0.0
  0
LINE
  5
37E
330
17
100
AcDbEntity
  8
GEOMETRY
100
AcDbLine
 10
1.2409448818897637
 20
3.0259842519685045
 30
0.0
 11
1.2393700787401576
 21
3.025196850393701
 31
0.0
  0
LINE
  5
37F
330
17
100
AcDbEntity
  8
GEOMETRY
100
AcDbLine
 10
1.2472440944881888
 20
2.9366141732283464
 30
0.0
 11
1.286220472440945
 21
2.914173228346457
 31
0.0
  0
LINE
  5
380
330
17
100
AcDbEntity
  8
GEOMETRY
100
AcDbLine
 10
1.8133858267716536
 20
2.6098425196850403
 30
0.0
 11
1.860236220472441
 21
2.5826771653543314
 31
0.0
  0
LINE
  5
381
330
17
100
AcDbEntity
  8
GEOMETRY
100
AcDbLine
 10
3.071653543307087
 20
1.8834645669291339
 30
0.0
 11
3.1185039370078744
 21
1.8562992125984255
 31
0.0
  0
LINE
  5
382
330
17
100
AcDbEntity
  8
GEOMETRY
100
AcDbLine
 10
3.646062992125984
 20
1.5519685039370086
 30
0.0
 11
3.695275590551181
 21
1.5232283464566927
 31
0.0
  0
LINE
  5
383
330
17
100
AcDbEntity
  8
GEOMETRY
100
AcDbLine
 10
3.695275590551181
 20
1.5232283464566927
 30
0.0
 11
3.695275590551181
 21
1.6031496062992137
 31
0.0
  0
LINE
  5
384
330
17
100
AcDbEntity
  8
GEOMETRY
100
AcDbLine
 10
3.695275590551181
 20
1.5232283464566927
 30
0.0
 11
4.634645669291339
 21
2.065354330708662
 31
0.0
  0
LINE
  5
385
330
17
100
AcDbEntity
  8
GEOMETRY
100
AcDbLine
 10
4.631496062992126
 20
2.147637795275591
 30
0.0
 11
4.6299212598425195
 21
2.1484251968503947
 31
0.0
  0
LINE
  5
386
330
17
100
AcDbEntity
  8
GEOMETRY
100
AcDbLine
 10
4.622440944881889
 20
2.15236220472441
 30
0.0
 11
4.620866141732283
 21
2.153543307086615
 31
0.0
  0
LINE
  5
387
330
17
100
AcDbEntity
  8
GEOMETRY
100
AcDbLine
 10
4.613779527559055
 20
2.1574803149606305
 30
0.0
 11
4.612204724409449
 21
2.158661417322835
 31
0.0
  0
LINE
  5
388
330
17
100
AcDbEntity
  8
GEOMETRY
100
AcDbLine
 10
4.610629921259842
 20
2.159448818897639
 30
0.0
 11
4.610629921259842
 21
2.159448818897639
 31
0.0
  0
LINE
  5
389
330
17
100
AcDbEntity
  8
GEOMETRY
100
AcDbLine
 10
1.271259842519685
 20
3.0307086614173233
 30
0.0
 11
1.271259842519685
 21
3.0307086614173233
 31
0.0
  0
LINE
  5
38A
330
17
100
AcDbEntity
  8
GEOMETRY
100
AcDbLine
 10
1.2696850393700787
 20
3.02992125984252
 30
0.0
 11
1.2681102362204724
 21
3.028740157480315
 31
0.0
  0
LINE
  5
38B
330
17
100
AcDbEntity
  8
GEOMETRY
100
AcDbLine
 10
1.2606299212598426
 20
3.0248031496062997
 30
0.0
 11
1.2590551181102363
 21
3.023622047244095
 31
0.0
  0
LINE
  5
38C
330
17
100
AcDbEntity
  8
GEOMETRY
100
AcDbLine
 10
1.2519685039370079
 20
3.019685039370079
 30
0.0
 11
1.2503937007874015
 21
3.018503937007875
 31
0.0
  0
LINE
  5
38D
330
17
100
AcDbEntity
  8
GEOMETRY
100
AcDbLine
 10
1.2893700787401574
 20
2.914173228346457
 30
0.0
 11
1.811811023622047
 21
2.612598425196851
 31
0.0
  0
LINE
  5
38E
330
17
100
AcDbEntity
  8
GEOMETRY
100
AcDbLine
 10
1.8153543307086615
 20
2.6106299212598425
 30
0.0
 11
1.8153543307086615
 21
2.672440944881891
 31
0.0
  0
LINE
  5
38F
330
17
100
AcDbEntity
  8
GEOMETRY
100
AcDbLine
 10
1.8153543307086615
 20
2.6106299212598425
 30
0.0
 11
1.8181102362204724
 21
2.6122047244094495
 31
0.0
  0
LINE
  5
390
330
17
100
AcDbEntity
  8
GEOMETRY
100
AcDbLine
 10
1.286220472440945
 20
2.9122047244094498
 30
0.0
 11
1.811811023622047
 21
2.6086614173228355
 31
0.0
  0
LINE
  5
391
330
17
100
AcDbEntity
  8
GEOMETRY
100
AcDbLine
 10
1.286220472440945
 20
2.9161417322834655
 30
0.0
 11
1.811811023622047
 21
2.612598425196851
 31
0.0
  0
LINE
  5
392
330
17
100
AcDbEntity
  8
GEOMETRY
100
AcDbLine
 10
1.811811023622047
 20
2.6086614173228355
 30
0.0
 11
1.811811023622047
 21
2.612598425196851
 31
0.0
  0
LINE
  5
393
330
17
100
AcDbEntity
  8
GEOMETRY
100
AcDbLine
 10
1.811811023622047
 20
2.6086614173228355
 30
0.0
 11
1.8181102362204724
 21
2.6122047244094495
 31
0.0
  0
LINE
  5
394
330
17
100
AcDbEntity
  8
GEOMETRY
100
AcDbLine
 10
1.811811023622047
 20
2.612598425196851
 30
0.0
 11
1.8181102362204724
 21
2.6161417322834652
 31
0.0
  0
LINE
  5
395
330
17
100
AcDbEntity
  8
GEOMETRY
100
AcDbLine
 10
1.286220472440945
 20
2.9161417322834655
 30
0.0
 11
1.811811023622047
 21
2.612598425196851
 31
0.0
  0
LINE
  5
396
330
17
100
AcDbEntity
  8
GEOMETRY
100
AcDbLine
 10
1.811811023622047
 20
2.612598425196851
 30
0.0
 11
1.8181102362204724
 21
2.6161417322834652
 31
0.0
  0
LINE
  5
397
330
17
100
AcDbEntity
  8
GEOMETRY
100
AcDbLine
 10
1.286220472440945
 20
2.9161417322834655
 30
0.0
 11
1.2893700787401574
 21
2.914173228346457
 31
0.0
  0
LINE
  5
398
330
17
100
AcDbEntity
  8
GEOMETRY
100
AcDbLine
 10
1.2893700787401574
 20
2.914173228346457
 30
0.0
 11
1.2893700787401574
 21
2.9763779527559064
 31
0.0
  0
LINE
  5
399
330
17
100
AcDbEntity
  8
GEOMETRY
100
AcDbLine
 10
1.2893700787401574
 20
2.914173228346457
 30
0.0
 11
1.2956692913385826
 21
2.917716535433071
 31
0.0
  0
LINE
  5
39A
330
17
100
AcDbEntity
  8
GEOMETRY
100
AcDbLine
 10
1.8086614173228346
 20
2.614566929133859
 30
0.0
 11
1.811811023622047
 21
2.612598425196851
 31
0.0
  0
LINE
  5
39B
330
17
100
AcDbEntity
  8
GEOMETRY
100
AcDbLine
 10
1.811811023622047
 20
2.612598425196851
 30
0.0
 11
1.811811023622047
 21
2.6748031496063
 31
0.0
  0
LINE
  5
39C
330
17
100
AcDbEntity
  8
GEOMETRY
100
AcDbLine
 10
1.811811023622047
 20
2.612598425196851
 30
0.0
 11
1.8181102362204724
 21
2.6161417322834652
 31
0.0
  0
LINE
  5
39D
330
17
100
AcDbEntity
  8
GEOMETRY
100
AcDbLine
 10
1.8633858267716534
 20
2.5826771653543314
 30
0.0
 11
3.07007874015748
 21
1.886220472440946
 31
0.0
  0
LINE
  5
39E
330
17
100
AcDbEntity
  8
GEOMETRY
100
AcDbLine
 10
3.073228346456693
 20
1.8842519685039376
 30
0.0
 11
3.073228346456693
 21
1.9456692913385834
 31
0.0
  0
LINE
  5
39F
330
17
100
AcDbEntity
  8
GEOMETRY
100
AcDbLine
 10
3.073228346456693
 20
1.8842519685039376
 30
0.0
 11
3.075984251968504
 21
1.8858267716535435
 31
0.0
  0
LINE
  5
3A0
330
17
100
AcDbEntity
  8
GEOMETRY
100
AcDbLine
 10
1.860236220472441
 20
2.580708661417323
 30
0.0
 11
3.07007874015748
 21
1.8822834645669293
 31
0.0
  0
LINE
  5
3A1
330
17
100
AcDbEntity
  8
GEOMETRY
100
AcDbLine
 10
1.860236220472441
 20
2.584645669291339
 30
0.0
 11
3.07007874015748
 21
1.886220472440946
 31
0.0
  0
LINE
  5
3A2
330
17
100
AcDbEntity
  8
GEOMETRY
100
AcDbLine
 10
3.07007874015748
 20
1.8822834645669293
 30
0.0
 11
3.07007874015748
 21
1.886220472440946
 31
0.0
  0
LINE
  5
3A3
330
17
100
AcDbEntity
  8
GEOMETRY
100
AcDbLine
 10
3.07007874015748
 20
1.8822834645669293
 30
0.0
 11
3.075984251968504
 21
1.8858267716535435
 31
0.0
  0
LINE
  5
3A4
330
17
100
AcDbEntity
  8
GEOMETRY
100
AcDbLine
 10
3.07007874015748
 20
1.886220472440946
 30
0.0
 11
3.075984251968504
 21
1.889763779527559
 31
0.0
  0
LINE
  5
3A5
330
17
100
AcDbEntity
  8
GEOMETRY
100
AcDbLine
 10
1.860236220472441
 20
2.584645669291339
 30
0.0
 11
3.07007874015748
 21
1.886220472440946
 31
0.0
  0
LINE
  5
3A6
330
17
100
AcDbEntity
  8
GEOMETRY
100
AcDbLine
 10
3.07007874015748
 20
1.886220472440946
 30
0.0
 11
3.075984251968504
 21
1.889763779527559
 31
0.0
  0
LINE
  5
3A7
330
17
100
AcDbEntity
  8
GEOMETRY
100
AcDbLine
 10
1.860236220472441
 20
2.584645669291339
 30
0.0
 11
1.8633858267716534
 21
2.5826771653543314
 31
0.0
  0
LINE
  5
3A8
330
17
100
AcDbEntity
  8
GEOMETRY
100
AcDbLine
 10
1.8633858267716534
 20
2.5826771653543314
 30
0.0
 11
1.8633858267716534
 21
2.64488188976378
 31
0.0
  0
LINE
  5
3A9
330
17
100
AcDbEntity
  8
GEOMETRY
100
AcDbLine
 10
1.8633858267716534
 20
2.5826771653543314
 30
0.0
 11
1.8696850393700786
 21
2.586220472440946
 31
0.0
  0
LINE
  5
3AA
330
17
100
AcDbEntity
  8
GEOMETRY
100
AcDbLine
 10
3.066929133858268
 20
1.8881889763779531
 30
0.0
 11
3.07007874015748
 21
1.886220472440946
 31
0.0
  0
LINE
  5
3AB
330
17
100
AcDbEntity
  8
GEOMETRY
100
AcDbLine
 10
3.07007874015748
 20
1.886220472440946
 30
0.0
 11
3.07007874015748
 21
1.948425196850394
 31
0.0
  0
LINE
  5
3AC
330
17
100
AcDbEntity
  8
GEOMETRY
100
AcDbLine
 10
3.07007874015748
 20
1.886220472440946
 30
0.0
 11
3.075984251968504
 21
1.889763779527559
 31
0.0
  0
LINE
  5
3AD
330
17
100
AcDbEntity
  8
GEOMETRY
100
AcDbLine
 10
3.121653543307086
 20
1.8562992125984255
 30
0.0
 11
3.6440944881889763
 21
1.5547244094488193
 31
0.0
  0
LINE
  5
3AE
330
17
100
AcDbEntity
  8
GEOMETRY
100
AcDbLine
 10
3.6476377952755907
 20
1.552755905511811
 30
0.0
 11
3.6476377952755907
 21
1.614566929133859
 31
0.0
  0
LINE
  5
3AF
330
17
100
AcDbEntity
  8
GEOMETRY
100
AcDbLine
 10
3.6476377952755907
 20
1.552755905511811
 30
0.0
 11
3.6503937007874017
 21
1.554330708661418
 31
0.0
  0
LINE
  5
3B0
330
17
100
AcDbEntity
  8
GEOMETRY
100
AcDbLine
 10
3.1185039370078744
 20
1.8543307086614182
 30
0.0
 11
3.6440944881889763
 21
1.5507874015748027
 31
0.0
  0
LINE
  5
3B1
330
17
100
AcDbEntity
  8
GEOMETRY
100
AcDbLine
 10
3.1185039370078744
 20
1.8582677165354338
 30
0.0
 11
3.6440944881889763
 21
1.5547244094488193
 31
0.0
  0
LINE
  5
3B2
330
17
100
AcDbEntity
  8
GEOMETRY
100
AcDbLine
 10
3.6440944881889763
 20
1.5507874015748027
 30
0.0
 11
3.6440944881889763
 21
1.5547244094488193
 31
0.0
  0
LINE
  5
3B3
330
17
100
AcDbEntity
  8
GEOMETRY
100
AcDbLine
 10
3.6440944881889763
 20
1.5507874015748027
 30
0.0
 11
3.6503937007874017
 21
1.554330708661418
 31
0.0
  0
LINE
  5
3B4
330
17
100
AcDbEntity
  8
GEOMETRY
100
AcDbLine
 10
3.6440944881889763
 20
1.5547244094488193
 30
0.0
 11
3.6503937007874017
 21
1.5582677165354346
 31
0.0
  0
LINE
  5
3B5
330
17
100
AcDbEntity
  8
GEOMETRY
100
AcDbLine
 10
3.1185039370078744
 20
1.8582677165354338
 30
0.0
 11
3.6440944881889763
 21
1.5547244094488193
 31
0.0
  0
LINE
  5
3B6
330
17
100
AcDbEntity
  8
GEOMETRY
100
AcDbLine
 10
3.6440944881889763
 20
1.5547244094488193
 30
0.0
 11
3.6503937007874017
 21
1.5582677165354346
 31
0.0
  0
LINE
  5
3B7
330
17
100
AcDbEntity
  8
GEOMETRY
100
AcDbLine
 10
3.1185039370078744
 20
1.8582677165354338
 30
0.0
 11
3.121653543307086
 21
1.8562992125984255
 31
0.0
  0
LINE
  5
3B8
330
17
100
AcDbEntity
  8
GEOMETRY
100
AcDbLine
 10
3.121653543307086
 20
1.8562992125984255
 30
0.0
 11
3.121653543307086
 21
1.9185039370078747
 31
0.0
  0
LINE
  5
3B9
330
17
100
AcDbEntity
  8
GEOMETRY
100
AcDbLine
 10
3.121653543307086
 20
1.8562992125984255
 30
0.0
 11
3.127952755905512
 21
1.8598425196850397
 31
0.0
  0
LINE
  5
3BA
330
17
100
AcDbEntity
  8
GEOMETRY
100
AcDbLine
 10
3.640944881889763
 20
1.5566929133858276
 30
0.0
 11
3.6440944881889763
 21
1.5547244094488193
 31
0.0
  0
LINE
  5
3BB
330
17
100
AcDbEntity
  8
GEOMETRY
100
AcDbLine
 10
3.6440944881889763
 20
1.5547244094488193
 30
0.0
 11
3.6440944881889763
 21
1.6169291338582685
 31
0.0
  0
LINE
  5
3BC
330
17
100
AcDbEntity
  8
GEOMETRY
100
AcDbLine
 10
3.6440944881889763
 20
1.5547244094488193
 30
0.0
 11
3.6503937007874017
 21
1.5582677165354346
 31
0.0
  0
LINE
  5
3BD
330
17
100
AcDbEntity
  8
GEOMETRY
100
AcDbLine
 10
4.547637795275591
 20
2.1232283464566932
 30
0.0
 11
4.5480314960629915
 21
2.1232283464566932
 31
0.0
  0
LINE
  5
3BE
330
17
100
AcDbEntity
  8
GEOMETRY
100
AcDbLine
 10
4.5496062992125985
 20
2.1224409448818906
 30
0.0
 11
4.551181102362205
 21
2.121259842519686
 31
0.0
  0
LINE
  5
3BF
330
17
100
AcDbEntity
  8
GEOMETRY
100
AcDbLine
 10
4.558267716535433
 20
2.117322834645669
 30
0.0
 11
4.559842519685039
 21
2.116535433070867
 31
0.0
  0
LINE
  5
3C0
330
17
100
AcDbEntity
  8
GEOMETRY
100
AcDbLine
 10
4.566929133858268
 20
2.112204724409449
 30
0.0
 11
4.568503937007875
 21
2.1114173228346464
 31
0.0
  0
LINE
  5
3C1
330
17
100
AcDbEntity
  8
GEOMETRY
100
AcDbLine
 10
4.551181102362205
 20
2.1251968503937015
 30
0.0
 11
4.551181102362205
 21
2.1251968503937015
 31
0.0
  0
LINE
  5
3C2
330
17
100
AcDbEntity
  8
GEOMETRY
100
AcDbLine
 10
4.552755905511811
 20
2.124409448818898
 30
0.0
 11
4.554330708661418
 21
2.1232283464566932
 31
0.0
  0
LINE
  5
3C3
330
17
100
AcDbEntity
  8
GEOMETRY
100
AcDbLine
 10
4.561811023622047
 20
2.1192913385826775
 30
0.0
 11
4.562992125984252
 21
2.1181102362204727
 31
0.0
  0
LINE
  5
3C4
330
17
100
AcDbEntity
  8
GEOMETRY
100
AcDbLine
 10
4.570472440944882
 20
2.1141732283464574
 30
0.0
 11
4.572047244094488
 21
2.1129921259842526
 31
0.0
  0
LINE
  5
3C5
330
17
100
AcDbEntity
  8
GEOMETRY
100
AcDbLine
 10
4.551181102362205
 20
2.1251968503937015
 30
0.0
 11
4.551181102362205
 21
2.1251968503937015
 31
0.0
  0
LINE
  5
3C6
330
17
100
AcDbEntity
  8
GEOMETRY
100
AcDbLine
 10
4.552755905511811
 20
2.124409448818898
 30
0.0
 11
4.554330708661418
 21
2.1232283464566932
 31
0.0
  0
LINE
  5
3C7
330
17
100
AcDbEntity
  8
GEOMETRY
100
AcDbLine
 10
4.561811023622047
 20
2.1192913385826775
 30
0.0
 11
4.562992125984252
 21
2.1181102362204727
 31
0.0
  0
LINE
  5
3C8
330
17
100
AcDbEntity
  8
GEOMETRY
100
AcDbLine
 10
4.570472440944882
 20
2.1141732283464574
 30
0.0
 11
4.572047244094488
 21
2.1129921259842526
 31
0.0
  0
LINE
  5
3C9
330
17
100
AcDbEntity
  8
GEOMETRY
100
AcDbLine
 10
4.56771653543307
 20
2.1208661417322836
 30
0.0
 11
4.566141732283465
 21
2.121653543307087
 31
0.0
  0
LINE
  5
3CA
330
17
100
AcDbEntity
  8
GEOMETRY
100
AcDbLine
 10
4.558661417322835
 20
2.1259842519685037
 30
0.0
 11
4.557086614173229
 21
2.1267716535433077
 31
0.0
  0
LINE
  5
3CB
330
17
100
AcDbEntity
  8
GEOMETRY
100
AcDbLine
 10
4.555511811023622
 20
2.127559055118111
 30
0.0
 11
4.555511811023622
 21
2.127952755905512
 31
0.0
  0
LINE
  5
3CC
330
17
100
AcDbEntity
  8
GEOMETRY
100
AcDbLine
 10
4.5751968503937
 20
2.114960629921261
 30
0.0
 11
4.5751968503937
 21
2.1169291338582683
 31
0.0
  0
LINE
  5
3CD
330
17
100
AcDbEntity
  8
GEOMETRY
100
AcDbLine
 10
4.5751968503937
 20
2.1251968503937015
 30
0.0
 11
4.5751968503937
 21
2.1271653543307085
 31
0.0
  0
LINE
  5
3CE
330
17
100
AcDbEntity
  8
GEOMETRY
100
AcDbLine
 10
4.5751968503937
 20
2.135433070866142
 30
0.0
 11
4.5751968503937
 21
2.137007874015748
 31
0.0
  0
LINE
  5
3CF
330
17
100
AcDbEntity
  8
GEOMETRY
100
AcDbLine
 10
4.5751968503937
 20
2.138976377952756
 30
0.0
 11
4.5751968503937
 21
2.1393700787401575
 31
0.0
  0
LINE
  5
3D0
330
17
100
AcDbEntity
  8
GEOMETRY
100
AcDbLine
 10
1.312992125984252
 20
2.9826771653543314
 30
0.0
 11
1.3145669291338582
 21
2.983464566929135
 31
0.0
  0
LINE
  5
3D1
330
17
100
AcDbEntity
  8
GEOMETRY
100
AcDbLine
 10
1.3220472440944881
 20
2.9874015748031506
 30
0.0
 11
1.323228346456693
 21
2.9885826771653554
 31
0.0
  0
LINE
  5
3D2
330
17
100
AcDbEntity
  8
GEOMETRY
100
AcDbLine
 10
1.3307086614173227
 20
2.9925196850393707
 30
0.0
 11
1.3322834645669293
 21
2.9937007874015755
 31
0.0
  0
LINE
  5
3D3
330
17
100
AcDbEntity
  8
GEOMETRY
100
AcDbLine
 10
1.3338582677165356
 20
2.994488188976378
 30
0.0
 11
1.3338582677165356
 21
2.994488188976378
 31
0.0
  0
LINE
  5
3D4
330
17
100
AcDbEntity
  8
GEOMETRY
100
AcDbLine
 10
1.3098425196850394
 20
2.9842519685039375
 30
0.0
 11
1.3114173228346457
 21
2.9854330708661423
 31
0.0
  0
LINE
  5
3D5
330
17
100
AcDbEntity
  8
GEOMETRY
100
AcDbLine
 10
1.3185039370078742
 20
2.9893700787401576
 30
0.0
 11
1.3200787401574803
 21
2.9905511811023624
 31
0.0
  0
LINE
  5
3D6
330
17
100
AcDbEntity
  8
GEOMETRY
100
AcDbLine
 10
1.3275590551181102
 20
2.994488188976378
 30
0.0
 11
1.328740157480315
 21
2.9952755905511816
 31
0.0
  0
LINE
  5
3D7
330
17
100
AcDbEntity
  8
GEOMETRY
100
AcDbLine
 10
1.3307086614173227
 20
2.9964566929133865
 30
0.0
 11
1.3307086614173227
 21
2.9964566929133865
 31
0.0
  0
LINE
  5
3D8
330
17
100
AcDbEntity
  8
GEOMETRY
100
AcDbLine
 10
1.3098425196850394
 20
2.9842519685039375
 30
0.0
 11
1.3114173228346457
 21
2.9854330708661423
 31
0.0
  0
LINE
  5
3D9
330
17
100
AcDbEntity
  8
GEOMETRY
100
AcDbLine
 10
1.3185039370078742
 20
2.9893700787401576
 30
0.0
 11
1.3200787401574803
 21
2.9905511811023624
 31
0.0
  0
LINE
  5
3DA
330
17
100
AcDbEntity
  8
GEOMETRY
100
AcDbLine
 10
1.3275590551181102
 20
2.994488188976378
 30
0.0
 11
1.328740157480315
 21
2.9952755905511816
 31
0.0
  0
LINE
  5
3DB
330
17
100
AcDbEntity
  8
GEOMETRY
100
AcDbLine
 10
1.3307086614173227
 20
2.9964566929133865
 30
0.0
 11
1.3307086614173227
 21
2.9964566929133865
 31
0.0
  0
LINE
  5
3DC
330
17
100
AcDbEntity
  8
GEOMETRY
100
AcDbLine
 10
1.3263779527559054
 20
2.998818897637796
 30
0.0
 11
1.325984251968504
 21
2.998818897637796
 31
0.0
  0
LINE
  5
3DD
330
17
100
AcDbEntity
  8
GEOMETRY
100
AcDbLine
 10
1.3244094488188976
 20
2.998031496062992
 30
0.0
 11
1.3228346456692914
 21
2.99724409448819
 31
0.0
  0
LINE
  5
3DE
330
17
100
AcDbEntity
  8
GEOMETRY
100
AcDbLine
 10
1.315748031496063
 20
2.992913385826772
 30
0.0
 11
1.3141732283464567
 21
2.9921259842519685
 31
0.0
  0
LINE
  5
3DF
330
17
100
AcDbEntity
  8
GEOMETRY
100
AcDbLine
 10
1.3070866141732285
 20
2.987795275590552
 30
0.0
 11
1.305511811023622
 21
2.987007874015748
 31
0.0
  0
LINE
  5
3E0
330
17
100
AcDbEntity
  8
GEOMETRY
100
AcDbLine
 10
1.3
 20
2.990157480314961
 30
0.0
 11
1.3
 21
2.991732283464567
 31
0.0
  0
LINE
  5
3E1
330
17
100
AcDbEntity
  8
GEOMETRY
100
AcDbLine
 10
1.3
 20
3.0003937007874018
 30
0.0
 11
1.3
 21
3.001968503937008
 31
0.0
  0
LINE
  5
3E2
330
17
100
AcDbEntity
  8
GEOMETRY
100
AcDbLine
 10
1.3
 20
3.010236220472441
 30
0.0
 11
1.3
 21
3.0122047244094494
 31
0.0
  0
LINE
  5
3E3
330
17
100
AcDbEntity
  8
GEOMETRY
100
AcDbLine
 10
1.3
 20
3.014173228346457
 30
0.0
 11
1.3
 21
3.014173228346457
 31
0.0
  0
LINE
  5
3E4
330
17
100
AcDbEntity
  8
GEOMETRY
100
AcDbLine
 10
3.7527559055118105
 20
1.6196850393700792
 30
0.0
 11
4.586220472440945
 21
2.101181102362205
 31
0.0
  0
LINE
  5
3E5
330
17
100
AcDbEntity
  8
GEOMETRY
100
AcDbLine
 10
3.748031496062992
 20
1.5614173228346466
 30
0.0
 11
3.7527559055118105
 21
1.558661417322836
 31
0.0
  0
LINE
  5
3E6
330
17
100
AcDbEntity
  8
GEOMETRY
100
AcDbLine
 10
3.748031496062992
 20
1.565354330708661
 30
0.0
 11
3.7527559055118105
 21
1.5625984251968503
 31
0.0
  0
LINE
  5
3E7
330
17
100
AcDbEntity
  8
GEOMETRY
100
AcDbLine
 10
3.7527559055118105
 20
1.558661417322836
 30
0.0
 11
3.7527559055118105
 21
1.5625984251968503
 31
0.0
  0
LINE
  5
3E8
330
17
100
AcDbEntity
  8
GEOMETRY
100
AcDbLine
 10
3.7527559055118105
 20
1.558661417322836
 30
0.0
 11
4.586220472440945
 21
2.0401574803149614
 31
0.0
  0
LINE
  5
3E9
330
17
100
AcDbEntity
  8
GEOMETRY
100
AcDbLine
 10
3.7527559055118105
 20
1.5625984251968503
 30
0.0
 11
4.586220472440945
 21
2.044094488188977
 31
0.0
  0
LINE
  5
3EA
330
17
100
AcDbEntity
  8
GEOMETRY
100
AcDbLine
 10
3.748031496062992
 20
1.565354330708661
 30
0.0
 11
3.7527559055118105
 21
1.5625984251968503
 31
0.0
  0
LINE
  5
3EB
330
17
100
AcDbEntity
  8
GEOMETRY
100
AcDbLine
 10
3.7527559055118105
 20
1.5625984251968503
 30
0.0
 11
4.586220472440945
 21
2.044094488188977
 31
0.0
  0
LINE
  5
3EC
330
17
100
AcDbEntity
  8
GEOMETRY
100
AcDbLine
 10
4.578740157480315
 20
2.0444881889763784
 30
0.0
 11
3.7559055118110236
 21
1.569685039370079
 31
0.0
  0
LINE
  5
3ED
330
17
100
AcDbEntity
  8
GEOMETRY
100
AcDbLine
 10
3.748031496062992
 20
1.565354330708661
 30
0.0
 11
3.7527559055118105
 21
1.5625984251968503
 31
0.0
  0
LINE
  5
3EE
330
17
100
AcDbEntity
  8
GEOMETRY
100
AcDbLine
 10
3.7527559055118105
 20
1.5625984251968503
 30
0.0
 11
3.7527559055118105
 21
1.6196850393700792
 31
0.0
  0
LINE
  5
3EF
330
17
100
AcDbEntity
  8
GEOMETRY
100
AcDbLine
 10
3.7527559055118105
 20
1.5625984251968503
 30
0.0
 11
3.7559055118110236
 21
1.5645669291338586
 31
0.0
  0
LINE
  5
3F0
330
17
100
AcDbEntity
  8
GEOMETRY
100
AcDbLine
 10
3.7527559055118105
 20
1.6196850393700792
 30
0.0
 11
3.7559055118110236
 21
1.6216535433070876
 31
0.0
  0
LINE
  5
3F1
330
17
100
AcDbEntity
  8
GEOMETRY
100
AcDbLine
 10
3.7527559055118105
 20
1.6196850393700792
 30
0.0
 11
3.7559055118110236
 21
1.6216535433070876
 31
0.0
  0
LINE
  5
3F2
330
17
100
AcDbEntity
  8
GEOMETRY
100
AcDbLine
 10
4.578740157480315
 20
2.0444881889763784
 30
0.0
 11
4.583070866141732
 21
2.042125984251969
 31
0.0
  0
LINE
  5
3F3
330
17
100
AcDbEntity
  8
GEOMETRY
100
AcDbLine
 10
4.583070866141732
 20
2.042125984251969
 30
0.0
 11
4.583070866141732
 21
2.0992125984251975
 31
0.0
  0
LINE
  5
3F4
330
17
100
AcDbEntity
  8
GEOMETRY
100
AcDbLine
 10
4.583070866141732
 20
2.042125984251969
 30
0.0
 11
4.586220472440945
 21
2.044094488188977
 31
0.0
  0
LINE
  5
3F5
330
17
100
AcDbEntity
  8
GEOMETRY
100
AcDbLine
 10
4.583070866141732
 20
2.0992125984251975
 30
0.0
 11
4.586220472440945
 21
2.101181102362205
 31
0.0
  0
LINE
  5
3F6
330
17
100
AcDbEntity
  8
GEOMETRY
100
AcDbLine
 10
4.583070866141732
 20
2.0992125984251975
 30
0.0
 11
4.586220472440945
 21
2.101181102362205
 31
0.0
  0
LINE
  5
3F7
330
17
100
AcDbEntity
  8
GEOMETRY
100
AcDbLine
 10
1.2437007874015749
 20
2.9354330708661416
 30
0.0
 11
3.695275590551181
 21
1.520078740157481
 31
0.0
  0
LINE
  5
3F8
330
17
100
AcDbEntity
  8
GEOMETRY
100
AcDbLine
 10
1.2437007874015749
 20
2.9366141732283464
 30
0.0
 11
3.695275590551181
 21
1.5212598425196844
 31
0.0
  0
LINE
  5
3F9
330
17
100
AcDbEntity
  8
GEOMETRY
100
AcDbLine
 10
3.695275590551181
 20
1.520078740157481
 30
0.0
 11
3.695275590551181
 21
1.5212598425196844
 31
0.0
  0
LINE
  5
3FA
330
17
100
AcDbEntity
  8
GEOMETRY
100
AcDbLine
 10
3.695275590551181
 20
1.520078740157481
 30
0.0
 11
4.637795275590551
 21
2.064173228346457
 31
0.0
  0
LINE
  5
3FB
330
17
100
AcDbEntity
  8
GEOMETRY
100
AcDbLine
 10
3.695275590551181
 20
1.5212598425196844
 30
0.0
 11
4.637795275590551
 21
2.065354330708662
 31
0.0
  0
LINE
  5
3FC
330
17
100
AcDbEntity
  8
GEOMETRY
100
AcDbLine
 10
1.2437007874015749
 20
2.9366141732283464
 30
0.0
 11
3.695275590551181
 21
1.5212598425196844
 31
0.0
  0
LINE
  5
3FD
330
17
100
AcDbEntity
  8
GEOMETRY
100
AcDbLine
 10
3.695275590551181
 20
1.5212598425196844
 30
0.0
 11
4.637795275590551
 21
2.065354330708662
 31
0.0
  0
LINE
  5
3FE
330
17
100
AcDbEntity
  8
GEOMETRY
100
AcDbLine
 10
4.637795275590551
 20
2.065354330708662
 30
0.0
 11
4.634645669291339
 21
2.0673228346456702
 31
0.0
  0
LINE
  5
3FF
330
17
100
AcDbEntity
  8
GEOMETRY
100
AcDbLine
 10
4.563779527559055
 20
2.1082677165354333
 30
0.0
 11
4.562204724409448
 21
2.109448818897638
 31
0.0
  0
LINE
  5
400
330
17
100
AcDbEntity
  8
GEOMETRY
100
AcDbLine
 10
4.554724409448819
 20
2.113385826771654
 30
0.0
 11
4.553543307086614
 21
2.1145669291338587
 31
0.0
  0
LINE
  5
401
330
17
100
AcDbEntity
  8
GEOMETRY
100
AcDbLine
 10
4.546062992125984
 20
2.118503937007874
 30
0.0
 11
4.544488188976378
 21
2.1192913385826775
 31
0.0
  0
LINE
  5
402
330
17
100
AcDbEntity
  8
GEOMETRY
100
AcDbLine
 10
4.542913385826772
 20
2.1204724409448823
 30
0.0
 11
4.542913385826772
 21
2.1204724409448823
 31
0.0
  0
LINE
  5
403
330
17
100
AcDbEntity
  8
GEOMETRY
100
AcDbLine
 10
1.3389763779527557
 20
2.991732283464567
 30
0.0
 11
1.3389763779527557
 21
2.991732283464567
 31
0.0
  0
LINE
  5
404
330
17
100
AcDbEntity
  8
GEOMETRY
100
AcDbLine
 10
1.337007874015748
 20
2.9905511811023624
 30
0.0
 11
1.3358267716535432
 21
2.989763779527559
 31
0.0
  0
LINE
  5
405
330
17
100
AcDbEntity
  8
GEOMETRY
100
AcDbLine
 10
1.3283464566929135
 20
2.9854330708661423
 30
0.0
 11
1.3267716535433072
 21
2.984645669291339
 31
0.0
  0
LINE
  5
406
330
17
100
AcDbEntity
  8
GEOMETRY
100
AcDbLine
 10
1.3196850393700787
 20
2.980708661417323
 30
0.0
 11
1.3181102362204724
 21
2.9795275590551182
 31
0.0
  0
LINE
  5
407
330
17
100
AcDbEntity
  8
GEOMETRY
100
AcDbLine
 10
1.2472440944881888
 20
2.9385826771653547
 30
0.0
 11
1.2437007874015749
 21
2.9366141732283464
 31
0.0
  0
LINE
  5
408
330
17
100
AcDbEntity
  8
GEOMETRY
100
AcDbLine
 10
1.2393700787401576
 20
2.9314960629921263
 30
0.0
 11
3.695275590551181
 21
1.5137795275590546
 31
0.0
  0
LINE
  5
409
330
17
100
AcDbEntity
  8
GEOMETRY
100
AcDbLine
 10
1.2393700787401576
 20
2.9354330708661416
 30
0.0
 11
3.695275590551181
 21
1.5177165354330713
 31
0.0
  0
LINE
  5
40A
330
17
100
AcDbEntity
  8
GEOMETRY
100
AcDbLine
 10
3.695275590551181
 20
1.5137795275590546
 30
0.0
 11
3.695275590551181
 21
1.5177165354330713
 31
0.0
  0
LINE
  5
40B
330
17
100
AcDbEntity
  8
GEOMETRY
100
AcDbLine
 10
3.695275590551181
 20
1.5137795275590546
 30
0.0
 11
4.64251968503937
 21
2.0606299212598427
 31
0.0
  0
LINE
  5
40C
330
17
100
AcDbEntity
  8
GEOMETRY
100
AcDbLine
 10
3.695275590551181
 20
1.5177165354330713
 30
0.0
 11
4.64251968503937
 21
2.064173228346457
 31
0.0
  0
LINE
  5
40D
330
17
100
AcDbEntity
  8
GEOMETRY
100
AcDbLine
 10
1.2393700787401576
 20
2.9354330708661416
 30
0.0
 11
3.695275590551181
 21
1.5177165354330713
 31
0.0
  0
LINE
  5
40E
330
17
100
AcDbEntity
  8
GEOMETRY
100
AcDbLine
 10
3.695275590551181
 20
1.5177165354330713
 30
0.0
 11
4.64251968503937
 21
2.064173228346457
 31
0.0
  0
LINE
  5
40F
330
17
100
AcDbEntity
  8
GEOMETRY
100
AcDbLine
 10
4.64251968503937
 20
2.064173228346457
 30
0.0
 11
4.634645669291339
 21
2.068897637795276
 31
0.0
  0
LINE
  5
410
330
17
100
AcDbEntity
  8
GEOMETRY
100
AcDbLine
 10
4.56496062992126
 20
2.109055118110237
 30
0.0
 11
4.563385826771653
 21
2.1098425196850394
 31
0.0
  0
LINE
  5
411
330
17
100
AcDbEntity
  8
GEOMETRY
100
AcDbLine
 10
4.555905511811024
 20
2.1141732283464574
 30
0.0
 11
4.554330708661418
 21
2.114960629921261
 31
0.0
  0
LINE
  5
412
330
17
100
AcDbEntity
  8
GEOMETRY
100
AcDbLine
 10
4.547244094488189
 20
2.1192913385826775
 30
0.0
 11
4.545669291338583
 21
2.120078740157481
 31
0.0
  0
LINE
  5
413
330
17
100
AcDbEntity
  8
GEOMETRY
100
AcDbLine
 10
4.544094488188977
 20
2.1208661417322836
 30
0.0
 11
4.544094488188977
 21
2.121259842519686
 31
0.0
  0
LINE
  5
414
330
17
100
AcDbEntity
  8
GEOMETRY
100
AcDbLine
 10
1.3377952755905511
 20
2.9925196850393707
 30
0.0
 11
1.3377952755905511
 21
2.9921259842519685
 31
0.0
  0
LINE
  5
415
330
17
100
AcDbEntity
  8
GEOMETRY
100
AcDbLine
 10
1.3362204724409448
 20
2.991338582677166
 30
0.0
 11
1.3346456692913384
 21
2.9905511811023624
 31
0.0
  0
LINE
  5
416
330
17
100
AcDbEntity
  8
GEOMETRY
100
AcDbLine
 10
1.3271653543307087
 20
2.986220472440946
 30
0.0
 11
1.3255905511811024
 21
2.9854330708661423
 31
0.0
  0
LINE
  5
417
330
17
100
AcDbEntity
  8
GEOMETRY
100
AcDbLine
 10
1.3185039370078742
 20
2.9811023622047252
 30
0.0
 11
1.3169291338582678
 21
2.9803149606299217
 31
0.0
  0
LINE
  5
418
330
17
100
AcDbEntity
  8
GEOMETRY
100
AcDbLine
 10
1.2472440944881888
 20
2.9397637795275595
 30
0.0
 11
1.2393700787401576
 21
2.9354330708661416
 31
0.0
  0
LINE
  5
419
330
17
100
AcDbEntity
  8
GEOMETRY
100
AcDbLine
 10
3.695275590551181
 20
1.5149606299212606
 30
0.0
 11
3.695275590551181
 21
1.5161417322834643
 31
0.0
  0
LINE
  5
41A
330
17
100
AcDbEntity
  8
GEOMETRY
100
AcDbLine
 10
4.637007874015748
 20
2.061023622047245
 30
0.0
 11
4.634645669291339
 21
2.0622047244094497
 31
0.0
  0
LINE
  5
41B
330
17
100
AcDbEntity
  8
GEOMETRY
100
AcDbLine
 10
4.633464566929134
 20
2.0629921259842523
 30
0.0
 11
4.631889763779528
 21
2.063779527559056
 31
0.0
  0
LINE
  5
41C
330
17
100
AcDbEntity
  8
GEOMETRY
100
AcDbLine
 10
4.559448818897637
 20
2.105905511811024
 30
0.0
 11
4.557874015748031
 21
2.1066929133858276
 31
0.0
  0
LINE
  5
41D
330
17
100
AcDbEntity
  8
GEOMETRY
100
AcDbLine
 10
4.550393700787401
 20
2.1110236220472443
 30
0.0
 11
4.548818897637796
 21
2.1118110236220478
 31
0.0
  0
LINE
  5
41E
330
17
100
AcDbEntity
  8
GEOMETRY
100
AcDbLine
 10
4.541732283464567
 20
2.1161417322834644
 30
0.0
 11
4.54015748031496
 21
2.1169291338582683
 31
0.0
  0
LINE
  5
41F
330
17
100
AcDbEntity
  8
GEOMETRY
100
AcDbLine
 10
4.538582677165354
 20
2.117716535433072
 30
0.0
 11
4.538582677165354
 21
2.1181102362204727
 31
0.0
  0
LINE
  5
420
330
17
100
AcDbEntity
  8
GEOMETRY
100
AcDbLine
 10
1.3433070866141732
 20
2.9889763779527563
 30
0.0
 11
1.3433070866141732
 21
2.9889763779527563
 31
0.0
  0
LINE
  5
421
330
17
100
AcDbEntity
  8
GEOMETRY
100
AcDbLine
 10
1.3417322834645669
 20
2.9881889763779528
 30
0.0
 11
1.3401574803149605
 21
2.9874015748031506
 31
0.0
  0
LINE
  5
422
330
17
100
AcDbEntity
  8
GEOMETRY
100
AcDbLine
 10
1.3326771653543308
 20
2.9830708661417327
 30
0.0
 11
1.3311023622047244
 21
2.982283464566929
 31
0.0
  0
LINE
  5
423
330
17
100
AcDbEntity
  8
GEOMETRY
100
AcDbLine
 10
1.3240157480314962
 20
2.9779527559055126
 30
0.0
 11
1.32244094488189
 21
2.9771653543307086
 31
0.0
  0
LINE
  5
424
330
17
100
AcDbEntity
  8
GEOMETRY
100
AcDbLine
 10
1.25
 20
2.9350393700787407
 30
0.0
 11
1.2480314960629921
 21
2.934251968503938
 31
0.0
  0
LINE
  5
425
330
17
100
AcDbEntity
  8
GEOMETRY
100
AcDbLine
 10
1.2472440944881888
 20
2.9334645669291346
 30
0.0
 11
1.2448818897637794
 21
2.93228346456693
 31
0.0
  0
LINE
  5
426
330
17
100
AcDbEntity
  8
GEOMETRY
100
AcDbLine
 10
1.2437007874015749
 20
2.9291338582677167
 30
0.0
 11
3.695275590551181
 21
1.5137795275590546
 31
0.0
  0
LINE
  5
427
330
17
100
AcDbEntity
  8
GEOMETRY
100
AcDbLine
 10
3.695275590551181
 20
1.5137795275590546
 30
0.0
 11
3.695275590551181
 21
1.5149606299212606
 31
0.0
  0
LINE
  5
428
330
17
100
AcDbEntity
  8
GEOMETRY
100
AcDbLine
 10
3.695275590551181
 20
1.5137795275590546
 30
0.0
 11
4.637795275590551
 21
2.0578740157480317
 31
0.0
  0
LINE
  5
429
330
17
100
AcDbEntity
  8
GEOMETRY
100
AcDbLine
 10
4.6358267716535435
 20
2.0606299212598427
 30
0.0
 11
4.633464566929134
 21
2.0618110236220475
 31
0.0
  0
LINE
  5
42A
330
17
100
AcDbEntity
  8
GEOMETRY
100
AcDbLine
 10
4.632283464566929
 20
2.0622047244094497
 30
0.0
 11
4.630708661417323
 21
2.0633858267716545
 31
0.0
  0
LINE
  5
42B
330
17
100
AcDbEntity
  8
GEOMETRY
100
AcDbLine
 10
4.558267716535433
 20
2.1051181102362215
 30
0.0
 11
4.5566929133858265
 21
2.106299212598425
 31
0.0
  0
LINE
  5
42C
330
17
100
AcDbEntity
  8
GEOMETRY
100
AcDbLine
 10
4.549212598425196
 20
2.1102362204724416
 30
0.0
 11
4.5480314960629915
 21
2.1110236220472443
 31
0.0
  0
LINE
  5
42D
330
17
100
AcDbEntity
  8
GEOMETRY
100
AcDbLine
 10
4.540551181102362
 20
2.115354330708662
 30
0.0
 11
4.538976377952756
 21
2.1161417322834644
 31
0.0
  0
LINE
  5
42E
330
17
100
AcDbEntity
  8
GEOMETRY
100
AcDbLine
 10
4.53740157480315
 20
2.117322834645669
 30
0.0
 11
4.53740157480315
 21
2.117322834645669
 31
0.0
  0
LINE
  5
42F
330
17
100
AcDbEntity
  8
GEOMETRY
100
AcDbLine
 10
1.3444881889763778
 20
2.9885826771653554
 30
0.0
 11
1.3444881889763778
 21
2.9885826771653554
 31
0.0
  0
LINE
  5
430
330
17
100
AcDbEntity
  8
GEOMETRY
100
AcDbLine
 10
1.3425196850393701
 20
2.9874015748031506
 30
0.0
 11
1.3409448818897638
 21
2.986614173228347
 31
0.0
  0
LINE
  5
431
330
17
100
AcDbEntity
  8
GEOMETRY
100
AcDbLine
 10
1.3338582677165356
 20
2.982283464566929
 30
0.0
 11
1.3322834645669293
 21
2.9814960629921266
 31
0.0
  0
LINE
  5
432
330
17
100
AcDbEntity
  8
GEOMETRY
100
AcDbLine
 10
1.3251968503937006
 20
2.9771653543307086
 30
0.0
 11
1.3236220472440943
 21
2.9763779527559064
 31
0.0
  0
LINE
  5
433
330
17
100
AcDbEntity
  8
GEOMETRY
100
AcDbLine
 10
1.250787401574803
 20
2.9346456692913394
 30
0.0
 11
1.249212598425197
 21
2.9334645669291346
 31
0.0
  0
LINE
  5
434
330
17
100
AcDbEntity
  8
GEOMETRY
100
AcDbLine
 10
1.2480314960629921
 20
2.9330708661417324
 30
0.0
 11
1.2460629921259843
 21
2.9314960629921263
 31
0.0
  0
LINE
  5
435
330
17
100
AcDbEntity
  8
GEOMETRY
100
AcDbLine
 10
1.2393700787401576
 20
2.9251968503937014
 30
0.0
 11
3.695275590551181
 21
1.5074803149606306
 31
0.0
  0
LINE
  5
436
330
17
100
AcDbEntity
  8
GEOMETRY
100
AcDbLine
 10
1.2393700787401576
 20
2.9291338582677167
 30
0.0
 11
3.695275590551181
 21
1.511023622047244
 31
0.0
  0
LINE
  5
437
330
17
100
AcDbEntity
  8
GEOMETRY
100
AcDbLine
 10
3.695275590551181
 20
1.5074803149606306
 30
0.0
 11
3.695275590551181
 21
1.511023622047244
 31
0.0
  0
LINE
  5
438
330
17
100
AcDbEntity
  8
GEOMETRY
100
AcDbLine
 10
3.695275590551181
 20
1.5074803149606306
 30
0.0
 11
4.64251968503937
 21
2.0539370078740165
 31
0.0
  0
LINE
  5
439
330
17
100
AcDbEntity
  8
GEOMETRY
100
AcDbLine
 10
3.695275590551181
 20
1.511023622047244
 30
0.0
 11
4.64251968503937
 21
2.0578740157480317
 31
0.0
  0
LINE
  5
43A
330
17
100
AcDbEntity
  8
GEOMETRY
100
AcDbLine
 10
1.2393700787401576
 20
2.9291338582677167
 30
0.0
 11
3.695275590551181
 21
1.511023622047244
 31
0.0
  0
LINE
  5
43B
330
17
100
AcDbEntity
  8
GEOMETRY
100
AcDbLine
 10
3.695275590551181
 20
1.511023622047244
 30
0.0
 11
4.64251968503937
 21
2.0578740157480317
 31
0.0
  0
LINE
  5
43C
330
17
100
AcDbEntity
  8
GEOMETRY
100
AcDbLine
 10
4.64251968503937
 20
2.0578740157480317
 30
0.0
 11
4.640157480314961
 21
2.0590551181102366
 31
0.0
  0
LINE
  5
43D
330
17
100
AcDbEntity
  8
GEOMETRY
100
AcDbLine
 10
4.637007874015748
 20
2.061023622047245
 30
0.0
 11
4.634645669291339
 21
2.0622047244094497
 31
0.0
  0
LINE
  5
43E
330
17
100
AcDbEntity
  8
GEOMETRY
100
AcDbLine
 10
4.633464566929134
 20
2.0629921259842523
 30
0.0
 11
4.631889763779528
 21
2.063779527559056
 31
0.0
  0
LINE
  5
43F
330
17
100
AcDbEntity
  8
GEOMETRY
100
AcDbLine
 10
4.559448818897637
 20
2.105905511811024
 30
0.0
 11
4.557874015748031
 21
2.1066929133858276
 31
0.0
  0
LINE
  5
440
330
17
100
AcDbEntity
  8
GEOMETRY
100
AcDbLine
 10
4.550393700787401
 20
2.1110236220472443
 30
0.0
 11
4.548818897637796
 21
2.1118110236220478
 31
0.0
  0
LINE
  5
441
330
17
100
AcDbEntity
  8
GEOMETRY
100
AcDbLine
 10
4.541732283464567
 20
2.1161417322834644
 30
0.0
 11
4.54015748031496
 21
2.1169291338582683
 31
0.0
  0
LINE
  5
442
330
17
100
AcDbEntity
  8
GEOMETRY
100
AcDbLine
 10
4.538582677165354
 20
2.117716535433072
 30
0.0
 11
4.538582677165354
 21
2.1181102362204727
 31
0.0
  0
LINE
  5
443
330
17
100
AcDbEntity
  8
GEOMETRY
100
AcDbLine
 10
1.3433070866141732
 20
2.9889763779527563
 30
0.0
 11
1.3433070866141732
 21
2.9889763779527563
 31
0.0
  0
LINE
  5
444
330
17
100
AcDbEntity
  8
GEOMETRY
100
AcDbLine
 10
1.3417322834645669
 20
2.9881889763779528
 30
0.0
 11
1.3401574803149605
 21
2.9874015748031506
 31
0.0
  0
LINE
  5
445
330
17
100
AcDbEntity
  8
GEOMETRY
100
AcDbLine
 10
1.3326771653543308
 20
2.9830708661417327
 30
0.0
 11
1.3311023622047244
 21
2.982283464566929
 31
0.0
  0
LINE
  5
446
330
17
100
AcDbEntity
  8
GEOMETRY
100
AcDbLine
 10
1.3240157480314962
 20
2.9779527559055126
 30
0.0
 11
1.32244094488189
 21
2.9771653543307086
 31
0.0
  0
LINE
  5
447
330
17
100
AcDbEntity
  8
GEOMETRY
100
AcDbLine
 10
1.25
 20
2.9350393700787407
 30
0.0
 11
1.2480314960629921
 21
2.934251968503938
 31
0.0
  0
LINE
  5
448
330
17
100
AcDbEntity
  8
GEOMETRY
100
AcDbLine
 10
1.2472440944881888
 20
2.9334645669291346
 30
0.0
 11
1.2448818897637794
 21
2.93228346456693
 31
0.0
  0
LINE
  5
449
330
17
100
AcDbEntity
  8
GEOMETRY
100
AcDbLine
 10
1.241732283464567
 20
2.9303149606299215
 30
0.0
 11
1.2393700787401576
 21
2.9291338582677167
 31
0.0
  0
LINE
  5
44A
330
17
100
AcDbEntity
  8
GEOMETRY
100
AcDbLine
 10
3.695275590551181
 20
1.5086614173228343
 30
0.0
 11
3.695275590551181
 21
1.5098425196850402
 31
0.0
  0
LINE
  5
44B
330
17
100
AcDbEntity
  8
GEOMETRY
100
AcDbLine
 10
4.637007874015748
 20
2.05472440944882
 30
0.0
 11
4.634645669291339
 21
2.0559055118110248
 31
0.0
  0
LINE
  5
44C
330
17
100
AcDbEntity
  8
GEOMETRY
100
AcDbLine
 10
4.631496062992126
 20
2.0578740157480317
 30
0.0
 11
4.629133858267717
 21
2.0590551181102366
 31
0.0
  0
LINE
  5
44D
330
17
100
AcDbEntity
  8
GEOMETRY
100
AcDbLine
 10
4.627952755905512
 20
2.05984251968504
 30
0.0
 11
4.626377952755906
 21
2.0606299212598427
 31
0.0
  0
LINE
  5
44E
330
17
100
AcDbEntity
  8
GEOMETRY
100
AcDbLine
 10
4.553937007874016
 20
2.102755905511812
 30
0.0
 11
4.5523622047244094
 21
2.1035433070866145
 31
0.0
  0
LINE
  5
44F
330
17
100
AcDbEntity
  8
GEOMETRY
100
AcDbLine
 10
4.544881889763779
 20
2.1078740157480325
 30
0.0
 11
4.543307086614173
 21
2.1086614173228346
 31
0.0
  0
LINE
  5
450
330
17
100
AcDbEntity
  8
GEOMETRY
100
AcDbLine
 10
4.536220472440945
 20
2.1129921259842526
 30
0.0
 11
4.534645669291339
 21
2.113779527559056
 31
0.0
  0
LINE
  5
451
330
17
100
AcDbEntity
  8
GEOMETRY
100
AcDbLine
 10
4.533070866141732
 20
2.1145669291338587
 30
0.0
 11
4.533070866141732
 21
2.1145669291338587
 31
0.0
  0
LINE
  5
452
330
17
100
AcDbEntity
  8
GEOMETRY
100
AcDbLine
 10
1.3488188976377953
 20
2.9858267716535436
 30
0.0
 11
1.3488188976377953
 21
2.9858267716535436
 31
0.0
  0
LINE
  5
453
330
17
100
AcDbEntity
  8
GEOMETRY
100
AcDbLine
 10
1.347244094488189
 20
2.985039370078741
 30
0.0
 11
1.3456692913385826
 21
2.9842519685039375
 31
0.0
  0
LINE
  5
454
330
17
100
AcDbEntity
  8
GEOMETRY
100
AcDbLine
 10
1.3381889763779529
 20
2.9799212598425195
 30
0.0
 11
1.3366141732283465
 21
2.979133858267717
 31
0.0
  0
LINE
  5
455
330
17
100
AcDbEntity
  8
GEOMETRY
100
AcDbLine
 10
1.3295275590551183
 20
2.9748031496062994
 30
0.0
 11
1.3279527559055118
 21
2.974015748031497
 31
0.0
  0
LINE
  5
456
330
17
100
AcDbEntity
  8
GEOMETRY
100
AcDbLine
 10
1.255511811023622
 20
2.9318897637795285
 30
0.0
 11
1.2535433070866142
 21
2.931102362204725
 31
0.0
  0
LINE
  5
457
330
17
100
AcDbEntity
  8
GEOMETRY
100
AcDbLine
 10
1.252755905511811
 20
2.9303149606299215
 30
0.0
 11
1.2503937007874015
 21
2.9291338582677167
 31
0.0
  0
LINE
  5
458
330
17
100
AcDbEntity
  8
GEOMETRY
100
AcDbLine
 10
1.2472440944881888
 20
2.9271653543307097
 30
0.0
 11
1.2448818897637794
 21
2.925984251968505
 31
0.0
  0
LINE
  5
459
330
17
100
AcDbEntity
  8
GEOMETRY
100
AcDbLine
 10
1.2437007874015749
 20
2.9228346456692917
 30
0.0
 11
3.695275590551181
 21
1.5074803149606306
 31
0.0
  0
LINE
  5
45A
330
17
100
AcDbEntity
  8
GEOMETRY
100
AcDbLine
 10
3.695275590551181
 20
1.5074803149606306
 30
0.0
 11
3.695275590551181
 21
1.5086614173228343
 31
0.0
  0
LINE
  5
45B
330
17
100
AcDbEntity
  8
GEOMETRY
100
AcDbLine
 10
3.695275590551181
 20
1.5074803149606306
 30
0.0
 11
4.637795275590551
 21
2.051574803149607
 31
0.0
  0
LINE
  5
45C
330
17
100
AcDbEntity
  8
GEOMETRY
100
AcDbLine
 10
4.6358267716535435
 20
2.0539370078740165
 30
0.0
 11
4.633464566929134
 21
2.055511811023622
 31
0.0
  0
LINE
  5
45D
330
17
100
AcDbEntity
  8
GEOMETRY
100
AcDbLine
 10
4.630314960629921
 20
2.0574803149606304
 30
0.0
 11
4.627952755905512
 21
2.0586614173228353
 31
0.0
  0
LINE
  5
45E
330
17
100
AcDbEntity
  8
GEOMETRY
100
AcDbLine
 10
4.626771653543307
 20
2.0590551181102366
 30
0.0
 11
4.625196850393701
 21
2.0602362204724414
 31
0.0
  0
LINE
  5
45F
330
17
100
AcDbEntity
  8
GEOMETRY
100
AcDbLine
 10
4.552755905511811
 20
2.1019685039370084
 30
0.0
 11
4.551181102362205
 21
2.102755905511812
 31
0.0
  0
LINE
  5
460
330
17
100
AcDbEntity
  8
GEOMETRY
100
AcDbLine
 10
4.544094488188977
 20
2.1070866141732285
 30
0.0
 11
4.54251968503937
 21
2.1078740157480325
 31
0.0
  0
LINE
  5
461
330
17
100
AcDbEntity
  8
GEOMETRY
100
AcDbLine
 10
4.53503937007874
 20
2.112204724409449
 30
0.0
 11
4.533464566929134
 21
2.1129921259842526
 31
0.0
  0
LINE
  5
462
330
17
100
AcDbEntity
  8
GEOMETRY
100
AcDbLine
 10
4.531889763779527
 20
2.1141732283464574
 30
0.0
 11
4.531889763779527
 21
2.1141732283464574
 31
0.0
  0
LINE
  5
463
330
17
100
AcDbEntity
  8
GEOMETRY
100
AcDbLine
 10
1.3499999999999999
 20
2.9854330708661423
 30
0.0
 11
1.3499999999999999
 21
2.9854330708661423
 31
0.0
  0
LINE
  5
464
330
17
100
AcDbEntity
  8
GEOMETRY
100
AcDbLine
 10
1.3480314960629922
 20
2.9842519685039375
 30
0.0
 11
1.3464566929133859
 21
2.983464566929135
 31
0.0
  0
LINE
  5
465
330
17
100
AcDbEntity
  8
GEOMETRY
100
AcDbLine
 10
1.3393700787401572
 20
2.979133858267717
 30
0.0
 11
1.3377952755905511
 21
2.9783464566929134
 31
0.0
  0
LINE
  5
466
330
17
100
AcDbEntity
  8
GEOMETRY
100
AcDbLine
 10
1.3307086614173227
 20
2.974015748031497
 30
0.0
 11
1.3291338582677164
 21
2.9732283464566933
 31
0.0
  0
LINE
  5
467
330
17
100
AcDbEntity
  8
GEOMETRY
100
AcDbLine
 10
1.2562992125984251
 20
2.9314960629921263
 30
0.0
 11
1.254724409448819
 21
2.9303149606299215
 31
0.0
  0
LINE
  5
468
330
17
100
AcDbEntity
  8
GEOMETRY
100
AcDbLine
 10
1.2535433070866142
 20
2.92992125984252
 30
0.0
 11
1.2515748031496063
 21
2.9283464566929145
 31
0.0
  0
LINE
  5
469
330
17
100
AcDbEntity
  8
GEOMETRY
100
AcDbLine
 10
1.2480314960629921
 20
2.926771653543307
 30
0.0
 11
1.2460629921259843
 21
2.9251968503937014
 31
0.0
  0
LINE
  5
46A
330
17
100
AcDbEntity
  8
GEOMETRY
100
AcDbLine
 10
1.2393700787401576
 20
2.918897637795276
 30
0.0
 11
3.695275590551181
 21
1.5011811023622046
 31
0.0
  0
LINE
  5
46B
330
17
100
AcDbEntity
  8
GEOMETRY
100
AcDbLine
 10
1.2393700787401576
 20
2.9228346456692917
 30
0.0
 11
3.695275590551181
 21
1.50472440944882
 31
0.0
  0
LINE
  5
46C
330
17
100
AcDbEntity
  8
GEOMETRY
100
AcDbLine
 10
3.695275590551181
 20
1.5011811023622046
 30
0.0
 11
3.695275590551181
 21
1.50472440944882
 31
0.0
  0
LINE
  5
46D
330
17
100
AcDbEntity
  8
GEOMETRY
100
AcDbLine
 10
3.695275590551181
 20
1.5011811023622046
 30
0.0
 11
4.64251968503937
 21
2.047637795275591
 31
0.0
  0
LINE
  5
46E
330
17
100
AcDbEntity
  8
GEOMETRY
100
AcDbLine
 10
3.695275590551181
 20
1.50472440944882
 30
0.0
 11
4.64251968503937
 21
2.051574803149607
 31
0.0
  0
LINE
  5
46F
330
17
100
AcDbEntity
  8
GEOMETRY
100
AcDbLine
 10
1.2393700787401576
 20
2.9228346456692917
 30
0.0
 11
3.695275590551181
 21
1.50472440944882
 31
0.0
  0
LINE
  5
470
330
17
100
AcDbEntity
  8
GEOMETRY
100
AcDbLine
 10
3.695275590551181
 20
1.50472440944882
 30
0.0
 11
4.64251968503937
 21
2.051574803149607
 31
0.0
  0
LINE
  5
471
330
17
100
AcDbEntity
  8
GEOMETRY
100
AcDbLine
 10
4.64251968503937
 20
2.051574803149607
 30
0.0
 11
4.640157480314961
 21
2.0527559055118116
 31
0.0
  0
LINE
  5
472
330
17
100
AcDbEntity
  8
GEOMETRY
100
AcDbLine
 10
4.637007874015748
 20
2.05472440944882
 30
0.0
 11
4.634645669291339
 21
2.0559055118110248
 31
0.0
  0
LINE
  5
473
330
17
100
AcDbEntity
  8
GEOMETRY
100
AcDbLine
 10
4.631496062992126
 20
2.0578740157480317
 30
0.0
 11
4.629133858267717
 21
2.0590551181102366
 31
0.0
  0
LINE
  5
474
330
17
100
AcDbEntity
  8
GEOMETRY
100
AcDbLine
 10
4.627952755905512
 20
2.05984251968504
 30
0.0
 11
4.626377952755906
 21
2.0606299212598427
 31
0.0
  0
LINE
  5
475
330
17
100
AcDbEntity
  8
GEOMETRY
100
AcDbLine
 10
4.553937007874016
 20
2.102755905511812
 30
0.0
 11
4.5523622047244094
 21
2.1035433070866145
 31
0.0
  0
LINE
  5
476
330
17
100
AcDbEntity
  8
GEOMETRY
100
AcDbLine
 10
4.544881889763779
 20
2.1078740157480325
 30
0.0
 11
4.543307086614173
 21
2.1086614173228346
 31
0.0
  0
LINE
  5
477
330
17
100
AcDbEntity
  8
GEOMETRY
100
AcDbLine
 10
4.536220472440945
 20
2.1129921259842526
 30
0.0
 11
4.534645669291339
 21
2.113779527559056
 31
0.0
  0
LINE
  5
478
330
17
100
AcDbEntity
  8
GEOMETRY
100
AcDbLine
 10
4.533070866141732
 20
2.1145669291338587
 30
0.0
 11
4.533070866141732
 21
2.1145669291338587
 31
0.0
  0
LINE
  5
479
330
17
100
AcDbEntity
  8
GEOMETRY
100
AcDbLine
 10
1.3488188976377953
 20
2.9858267716535436
 30
0.0
 11
1.3488188976377953
 21
2.9858267716535436
 31
0.0
  0
LINE
  5
47A
330
17
100
AcDbEntity
  8
GEOMETRY
100
AcDbLine
 10
1.347244094488189
 20
2.985039370078741
 30
0.0
 11
1.3456692913385826
 21
2.9842519685039375
 31
0.0
  0
LINE
  5
47B
330
17
100
AcDbEntity
  8
GEOMETRY
100
AcDbLine
 10
1.3381889763779529
 20
2.9799212598425195
 30
0.0
 11
1.3366141732283465
 21
2.979133858267717
 31
0.0
  0
LINE
  5
47C
330
17
100
AcDbEntity
  8
GEOMETRY
100
AcDbLine
 10
1.3295275590551183
 20
2.9748031496062994
 30
0.0
 11
1.3279527559055118
 21
2.974015748031497
 31
0.0
  0
LINE
  5
47D
330
17
100
AcDbEntity
  8
GEOMETRY
100
AcDbLine
 10
1.255511811023622
 20
2.9318897637795285
 30
0.0
 11
1.2535433070866142
 21
2.931102362204725
 31
0.0
  0
LINE
  5
47E
330
17
100
AcDbEntity
  8
GEOMETRY
100
AcDbLine
 10
1.252755905511811
 20
2.9303149606299215
 30
0.0
 11
1.2503937007874015
 21
2.9291338582677167
 31
0.0
  0
LINE
  5
47F
330
17
100
AcDbEntity
  8
GEOMETRY
100
AcDbLine
 10
1.2472440944881888
 20
2.9271653543307097
 30
0.0
 11
1.2448818897637794
 21
2.925984251968505
 31
0.0
  0
LINE
  5
480
330
17
100
AcDbEntity
  8
GEOMETRY
100
AcDbLine
 10
1.241732283464567
 20
2.9240157480314966
 30
0.0
 11
1.2393700787401576
 21
2.9228346456692917
 31
0.0
  0
LINE
  5
481
330
17
100
AcDbEntity
  8
GEOMETRY
100
AcDbLine
 10
3.695275590551181
 20
1.5023622047244105
 30
0.0
 11
3.695275590551181
 21
1.503543307086614
 31
0.0
  0
LINE
  5
482
330
17
100
AcDbEntity
  8
GEOMETRY
100
AcDbLine
 10
4.637007874015748
 20
2.0484251968503937
 30
0.0
 11
4.634645669291339
 21
2.0496062992125985
 31
0.0
  0
LINE
  5
483
330
17
100
AcDbEntity
  8
GEOMETRY
100
AcDbLine
 10
4.631496062992126
 20
2.051574803149607
 30
0.0
 11
4.629133858267717
 21
2.0527559055118116
 31
0.0
  0
LINE
  5
484
330
17
100
AcDbEntity
  8
GEOMETRY
100
AcDbLine
 10
4.625984251968504
 20
2.05472440944882
 30
0.0
 11
4.623622047244094
 21
2.0559055118110248
 31
0.0
  0
LINE
  5
485
330
17
100
AcDbEntity
  8
GEOMETRY
100
AcDbLine
 10
4.622440944881889
 20
2.056692913385827
 30
0.0
 11
4.620866141732283
 21
2.0574803149606304
 31
0.0
  0
LINE
  5
486
330
17
100
AcDbEntity
  8
GEOMETRY
100
AcDbLine
 10
4.548425196850394
 20
2.099606299212599
 30
0.0
 11
4.546850393700787
 21
2.1003937007874023
 31
0.0
  0
LINE
  5
487
330
17
100
AcDbEntity
  8
GEOMETRY
100
AcDbLine
 10
4.539370078740157
 20
2.1047244094488193
 30
0.0
 11
4.537795275590551
 21
2.105511811023623
 31
0.0
  0
LINE
  5
488
330
17
100
AcDbEntity
  8
GEOMETRY
100
AcDbLine
 10
4.530708661417322
 20
2.1098425196850394
 30
0.0
 11
4.529133858267716
 21
2.110629921259843
 31
0.0
  0
LINE
  5
489
330
17
100
AcDbEntity
  8
GEOMETRY
100
AcDbLine
 10
4.52755905511811
 20
2.1114173228346464
 30
0.0
 11
4.52755905511811
 21
2.1114173228346464
 31
0.0
  0
LINE
  5
48A
330
17
100
AcDbEntity
  8
GEOMETRY
100
AcDbLine
 10
1.3543307086614171
 20
2.9826771653543314
 30
0.0
 11
1.3543307086614171
 21
2.9826771653543314
 31
0.0
  0
LINE
  5
48B
330
17
100
AcDbEntity
  8
GEOMETRY
100
AcDbLine
 10
1.352755905511811
 20
2.981889763779528
 30
0.0
 11
1.3511811023622047
 21
2.980708661417323
 31
0.0
  0
LINE
  5
48C
330
17
100
AcDbEntity
  8
GEOMETRY
100
AcDbLine
 10
1.343700787401575
 20
2.9767716535433077
 30
0.0
 11
1.3421259842519686
 21
2.9759842519685042
 31
0.0
  0
LINE
  5
48D
330
17
100
AcDbEntity
  8
GEOMETRY
100
AcDbLine
 10
1.33503937007874
 20
2.971653543307087
 30
0.0
 11
1.3334645669291338
 21
2.9708661417322837
 31
0.0
  0
LINE
  5
48E
330
17
100
AcDbEntity
  8
GEOMETRY
100
AcDbLine
 10
1.2610236220472442
 20
2.9287401574803154
 30
0.0
 11
1.2590551181102363
 21
2.927952755905512
 31
0.0
  0
LINE
  5
48F
330
17
100
AcDbEntity
  8
GEOMETRY
100
AcDbLine
 10
1.258267716535433
 20
2.9271653543307097
 30
0.0
 11
1.2559055118110236
 21
2.925984251968505
 31
0.0
  0
LINE
  5
490
330
17
100
AcDbEntity
  8
GEOMETRY
100
AcDbLine
 10
1.252755905511811
 20
2.9240157480314966
 30
0.0
 11
1.2503937007874015
 21
2.9228346456692917
 31
0.0
  0
LINE
  5
491
330
17
100
AcDbEntity
  8
GEOMETRY
100
AcDbLine
 10
1.2472440944881888
 20
2.9208661417322834
 30
0.0
 11
1.2448818897637794
 21
2.9196850393700795
 31
0.0
  0
LINE
  5
492
330
17
100
AcDbEntity
  8
GEOMETRY
100
AcDbLine
 10
3.9086614173228345
 20
1.7543307086614175
 30
0.0
 11
3.9086614173228345
 21
1.7543307086614175
 31
0.0
  0
LINE
  5
493
330
17
100
AcDbEntity
  8
GEOMETRY
100
AcDbLine
 10
3.9106299212598423
 20
1.7535433070866149
 30
0.0
 11
3.912204724409449
 21
1.7523622047244103
 31
0.0
  0
LINE
  5
494
330
17
100
AcDbEntity
  8
GEOMETRY
100
AcDbLine
 10
3.919291338582677
 20
1.7484251968503948
 30
0.0
 11
3.9196850393700786
 21
1.7480314960629924
 31
0.0
  0
LINE
  5
495
330
17
100
AcDbEntity
  8
GEOMETRY
100
AcDbLine
 10
3.9196850393700786
 20
1.7480314960629924
 30
0.0
 11
3.9196850393700786
 21
1.7484251968503948
 31
0.0
  0
LINE
  5
496
330
17
100
AcDbEntity
  8
GEOMETRY
100
AcDbLine
 10
3.9196850393700786
 20
1.7570866141732293
 30
0.0
 11
3.9196850393700786
 21
1.7586614173228352
 31
0.0
  0
LINE
  5
497
330
17
100
AcDbEntity
  8
GEOMETRY
100
AcDbLine
 10
3.9196850393700786
 20
1.7606299212598435
 30
0.0
 11
3.9196850393700786
 21
1.7606299212598435
 31
0.0
  0
LINE
  5
498
330
17
100
AcDbEntity
  8
GEOMETRY
100
AcDbLine
 10
3.9196850393700786
 20
1.7480314960629924
 30
0.0
 11
3.9393700787401573
 21
1.7594488188976387
 31
0.0
  0
LINE
  5
499
330
17
100
AcDbEntity
  8
GEOMETRY
100
AcDbLine
 10
1.2472440944881888
 20
2.2318897637795287
 30
0.0
 11
1.862992125984252
 21
1.8763779527559066
 31
0.0
  0
LINE
  5
49A
330
17
100
AcDbEntity
  8
GEOMETRY
100
AcDbLine
 10
1.862992125984252
 20
1.8763779527559066
 30
0.0
 11
1.862992125984252
 21
2.559055118110236
 31
0.0
  0
LINE
  5
49B
330
17
100
AcDbEntity
  8
GEOMETRY
100
AcDbLine
 10
1.862992125984252
 20
1.8763779527559066
 30
0.0
 11
2.4543307086614172
 21
2.2177165354330715
 31
0.0
  0
LINE
  5
49C
330
17
100
AcDbEntity
  8
GEOMETRY
100
AcDbLine
 10
2.45748031496063
 20
2.2196850393700798
 30
0.0
 11
2.459842519685039
 21
2.2208661417322846
 31
0.0
  0
LINE
  5
49D
330
17
100
AcDbEntity
  8
GEOMETRY
100
AcDbLine
 10
2.462992125984252
 20
2.2228346456692916
 30
0.0
 11
2.4653543307086614
 21
2.2240157480314964
 31
0.0
  0
LINE
  5
49E
330
17
100
AcDbEntity
  8
GEOMETRY
100
AcDbLine
 10
2.468503937007874
 20
2.2259842519685047
 30
0.0
 11
2.4708661417322832
 21
2.2271653543307095
 31
0.0
  0
LINE
  5
49F
330
17
100
AcDbEntity
  8
GEOMETRY
100
AcDbLine
 10
2.546062992125984
 20
2.2704724409448827
 30
0.0
 11
2.5476377952755906
 21
2.2716535433070875
 31
0.0
  0
LINE
  5
4A0
330
17
100
AcDbEntity
  8
GEOMETRY
100
AcDbLine
 10
2.554724409448819
 20
2.2755905511811028
 30
0.0
 11
2.5562992125984256
 21
2.2767716535433076
 31
0.0
  0
LINE
  5
4A1
330
17
100
AcDbEntity
  8
GEOMETRY
100
AcDbLine
 10
2.5637795275590554
 20
2.280708661417323
 30
0.0
 11
2.565354330708661
 21
2.2818897637795277
 31
0.0
  0
LINE
  5
4A2
330
17
100
AcDbEntity
  8
GEOMETRY
100
AcDbLine
 10
2.5669291338582676
 20
2.282677165354331
 30
0.0
 11
2.5669291338582676
 21
2.282677165354331
 31
0.0
  0
LINE
  5
4A3
330
17
100
AcDbEntity
  8
GEOMETRY
100
AcDbLine
 10
1.862992125984252
 20
2.5622047244094492
 30
0.0
 11
1.865748031496063
 21
2.5637795275590554
 31
0.0
  0
LINE
  5
4A4
330
17
100
AcDbEntity
  8
GEOMETRY
100
AcDbLine
 10
1.8688976377952755
 20
2.5657480314960637
 30
0.0
 11
1.8712598425196851
 21
2.5669291338582685
 31
0.0
  0
LINE
  5
4A5
330
17
100
AcDbEntity
  8
GEOMETRY
100
AcDbLine
 10
1.8744094488188976
 20
2.5688976377952755
 30
0.0
 11
1.8767716535433072
 21
2.5700787401574803
 31
0.0
  0
LINE
  5
4A6
330
17
100
AcDbEntity
  8
GEOMETRY
100
AcDbLine
 10
1.9519685039370078
 20
2.6133858267716543
 30
0.0
 11
1.9535433070866144
 21
2.614566929133859
 31
0.0
  0
LINE
  5
4A7
330
17
100
AcDbEntity
  8
GEOMETRY
100
AcDbLine
 10
1.9610236220472441
 20
2.618503937007875
 30
0.0
 11
1.9625984251968505
 21
2.6196850393700797
 31
0.0
  0
LINE
  5
4A8
330
17
100
AcDbEntity
  8
GEOMETRY
100
AcDbLine
 10
1.9696850393700787
 20
2.623622047244095
 30
0.0
 11
1.971259842519685
 21
2.6244094488188985
 31
0.0
  0
LINE
  5
4A9
330
17
100
AcDbEntity
  8
GEOMETRY
100
AcDbLine
 10
1.9728346456692913
 20
2.6255905511811033
 30
0.0
 11
1.9728346456692913
 21
2.6255905511811033
 31
0.0
  0
LINE
  5
4AA
330
17
100
AcDbEntity
  8
GEOMETRY
100
AcDbLine
 10
1.862992125984252
 20
2.5622047244094492
 30
0.0
 11
1.865748031496063
 21
2.5637795275590554
 31
0.0
  0
LINE
  5
4AB
330
17
100
AcDbEntity
  8
GEOMETRY
100
AcDbLine
 10
1.8688976377952755
 20
2.5657480314960637
 30
0.0
 11
1.8712598425196851
 21
2.5669291338582685
 31
0.0
  0
LINE
  5
4AC
330
17
100
AcDbEntity
  8
GEOMETRY
100
AcDbLine
 10
1.8744094488188976
 20
2.5688976377952755
 30
0.0
 11
1.8767716535433072
 21
2.5700787401574803
 31
0.0
  0
LINE
  5
4AD
330
17
100
AcDbEntity
  8
GEOMETRY
100
AcDbLine
 10
1.9519685039370078
 20
2.6133858267716543
 30
0.0
 11
1.9535433070866144
 21
2.614566929133859
 31
0.0
  0
LINE
  5
4AE
330
17
100
AcDbEntity
  8
GEOMETRY
100
AcDbLine
 10
1.9610236220472441
 20
2.618503937007875
 30
0.0
 11
1.9625984251968505
 21
2.6196850393700797
 31
0.0
  0
LINE
  5
4AF
330
17
100
AcDbEntity
  8
GEOMETRY
100
AcDbLine
 10
1.9696850393700787
 20
2.623622047244095
 30
0.0
 11
1.971259842519685
 21
2.6244094488188985
 31
0.0
  0
LINE
  5
4B0
330
17
100
AcDbEntity
  8
GEOMETRY
100
AcDbLine
 10
1.9728346456692913
 20
2.6255905511811033
 30
0.0
 11
1.9728346456692913
 21
2.6255905511811033
 31
0.0
  0
LINE
  5
4B1
330
17
100
AcDbEntity
  8
GEOMETRY
100
AcDbLine
 10
1.3570866141732283
 20
2.9811023622047252
 30
0.0
 11
1.3570866141732283
 21
2.9811023622047252
 31
0.0
  0
LINE
  5
4B2
330
17
100
AcDbEntity
  8
GEOMETRY
100
AcDbLine
 10
1.355511811023622
 20
2.9803149606299217
 30
0.0
 11
1.3539370078740158
 21
2.979133858267717
 31
0.0
  0
LINE
  5
4B3
330
17
100
AcDbEntity
  8
GEOMETRY
100
AcDbLine
 10
1.3464566929133859
 20
2.9751968503937016
 30
0.0
 11
1.3448818897637793
 21
2.974409448818898
 31
0.0
  0
LINE
  5
4B4
330
17
100
AcDbEntity
  8
GEOMETRY
100
AcDbLine
 10
1.3377952755905511
 20
2.97007874015748
 30
0.0
 11
1.3362204724409448
 21
2.9692913385826776
 31
0.0
  0
LINE
  5
4B5
330
17
100
AcDbEntity
  8
GEOMETRY
100
AcDbLine
 10
1.263779527559055
 20
2.9271653543307097
 30
0.0
 11
1.2618110236220472
 21
2.926377952755906
 31
0.0
  0
LINE
  5
4B6
330
17
100
AcDbEntity
  8
GEOMETRY
100
AcDbLine
 10
1.2610236220472442
 20
2.9255905511811022
 30
0.0
 11
1.2586614173228345
 21
2.9244094488188987
 31
0.0
  0
LINE
  5
4B7
330
17
100
AcDbEntity
  8
GEOMETRY
100
AcDbLine
 10
1.255511811023622
 20
2.9224409448818904
 30
0.0
 11
1.2531496062992125
 21
2.9212598425196856
 31
0.0
  0
LINE
  5
4B8
330
17
100
AcDbEntity
  8
GEOMETRY
100
AcDbLine
 10
1.25
 20
2.9192913385826773
 30
0.0
 11
1.2472440944881888
 21
2.917716535433071
 31
0.0
  0
LINE
  5
4B9
330
17
100
AcDbEntity
  8
GEOMETRY
100
AcDbLine
 10
1.2208661417322835
 20
2.2267716535433073
 30
0.0
 11
1.8499999999999999
 21
1.8637795275590552
 31
0.0
  0
LINE
  5
4BA
330
17
100
AcDbEntity
  8
GEOMETRY
100
AcDbLine
 10
1.2208661417322835
 20
2.2318897637795287
 30
0.0
 11
1.8499999999999999
 21
1.8685039370078742
 31
0.0
  0
LINE
  5
4BB
330
17
100
AcDbEntity
  8
GEOMETRY
100
AcDbLine
 10
1.8499999999999999
 20
1.8637795275590552
 30
0.0
 11
1.8499999999999999
 21
1.8685039370078742
 31
0.0
  0
LINE
  5
4BC
330
17
100
AcDbEntity
  8
GEOMETRY
100
AcDbLine
 10
1.8499999999999999
 20
1.8637795275590552
 30
0.0
 11
2.4586614173228347
 21
2.2149606299212605
 31
0.0
  0
LINE
  5
4BD
330
17
100
AcDbEntity
  8
GEOMETRY
100
AcDbLine
 10
2.4618110236220474
 20
2.216929133858268
 30
0.0
 11
2.4641732283464566
 21
2.2181102362204728
 31
0.0
  0
LINE
  5
4BE
330
17
100
AcDbEntity
  8
GEOMETRY
100
AcDbLine
 10
2.4673228346456693
 20
2.220078740157481
 30
0.0
 11
2.4696850393700784
 21
2.2212598425196854
 31
0.0
  0
LINE
  5
4BF
330
17
100
AcDbEntity
  8
GEOMETRY
100
AcDbLine
 10
2.4728346456692916
 20
2.2232283464566938
 30
0.0
 11
2.4751968503937007
 21
2.2248031496063
 31
0.0
  0
LINE
  5
4C0
330
17
100
AcDbEntity
  8
GEOMETRY
100
AcDbLine
 10
2.5503937007874016
 20
2.268110236220473
 30
0.0
 11
2.5519685039370077
 21
2.2688976377952765
 31
0.0
  0
LINE
  5
4C1
330
17
100
AcDbEntity
  8
GEOMETRY
100
AcDbLine
 10
2.559055118110236
 20
2.273228346456693
 30
0.0
 11
2.5606299212598422
 21
2.2740157480314966
 31
0.0
  0
LINE
  5
4C2
330
17
100
AcDbEntity
  8
GEOMETRY
100
AcDbLine
 10
2.568110236220472
 20
2.2783464566929137
 30
0.0
 11
2.569685039370079
 21
2.279133858267717
 31
0.0
  0
LINE
  5
4C3
330
17
100
AcDbEntity
  8
GEOMETRY
100
AcDbLine
 10
2.571259842519685
 20
2.2799212598425207
 30
0.0
 11
2.571259842519685
 21
2.280314960629922
 31
0.0
  0
LINE
  5
4C4
330
17
100
AcDbEntity
  8
GEOMETRY
100
AcDbLine
 10
1.8499999999999999
 20
1.8685039370078742
 30
0.0
 11
2.4543307086614172
 21
2.2177165354330715
 31
0.0
  0
LINE
  5
4C5
330
17
100
AcDbEntity
  8
GEOMETRY
100
AcDbLine
 10
2.45748031496063
 20
2.2196850393700798
 30
0.0
 11
2.459842519685039
 21
2.2208661417322846
 31
0.0
  0
LINE
  5
4C6
330
17
100
AcDbEntity
  8
GEOMETRY
100
AcDbLine
 10
2.462992125984252
 20
2.2228346456692916
 30
0.0
 11
2.4653543307086614
 21
2.2240157480314964
 31
0.0
  0
LINE
  5
4C7
330
17
100
AcDbEntity
  8
GEOMETRY
100
AcDbLine
 10
2.468503937007874
 20
2.2259842519685047
 30
0.0
 11
2.4708661417322832
 21
2.2271653543307095
 31
0.0
  0
LINE
  5
4C8
330
17
100
AcDbEntity
  8
GEOMETRY
100
AcDbLine
 10
2.546062992125984
 20
2.2704724409448827
 30
0.0
 11
2.5476377952755906
 21
2.2716535433070875
 31
0.0
  0
LINE
  5
4C9
330
17
100
AcDbEntity
  8
GEOMETRY
100
AcDbLine
 10
2.554724409448819
 20
2.2755905511811028
 30
0.0
 11
2.5562992125984256
 21
2.2767716535433076
 31
0.0
  0
LINE
  5
4CA
330
17
100
AcDbEntity
  8
GEOMETRY
100
AcDbLine
 10
2.5637795275590554
 20
2.280708661417323
 30
0.0
 11
2.565354330708661
 21
2.2818897637795277
 31
0.0
  0
LINE
  5
4CB
330
17
100
AcDbEntity
  8
GEOMETRY
100
AcDbLine
 10
2.5669291338582676
 20
2.282677165354331
 30
0.0
 11
2.5669291338582676
 21
2.282677165354331
 31
0.0
  0
LINE
  5
4CC
330
17
100
AcDbEntity
  8
GEOMETRY
100
AcDbLine
 10
1.2208661417322835
 20
2.2318897637795287
 30
0.0
 11
1.8499999999999999
 21
1.8685039370078742
 31
0.0
  0
LINE
  5
4CD
330
17
100
AcDbEntity
  8
GEOMETRY
100
AcDbLine
 10
1.8499999999999999
 20
1.8685039370078742
 30
0.0
 11
2.4543307086614172
 21
2.2177165354330715
 31
0.0
  0
LINE
  5
4CE
330
17
100
AcDbEntity
  8
GEOMETRY
100
AcDbLine
 10
2.45748031496063
 20
2.2196850393700798
 30
0.0
 11
2.459842519685039
 21
2.2208661417322846
 31
0.0
  0
LINE
  5
4CF
330
17
100
AcDbEntity
  8
GEOMETRY
100
AcDbLine
 10
2.462992125984252
 20
2.2228346456692916
 30
0.0
 11
2.4653543307086614
 21
2.2240157480314964
 31
0.0
  0
LINE
  5
4D0
330
17
100
AcDbEntity
  8
GEOMETRY
100
AcDbLine
 10
2.468503937007874
 20
2.2259842519685047
 30
0.0
 11
2.4708661417322832
 21
2.2271653543307095
 31
0.0
  0
LINE
  5
4D1
330
17
100
AcDbEntity
  8
GEOMETRY
100
AcDbLine
 10
2.546062992125984
 20
2.2704724409448827
 30
0.0
 11
2.5476377952755906
 21
2.2716535433070875
 31
0.0
  0
LINE
  5
4D2
330
17
100
AcDbEntity
  8
GEOMETRY
100
AcDbLine
 10
2.554724409448819
 20
2.2755905511811028
 30
0.0
 11
2.5562992125984256
 21
2.2767716535433076
 31
0.0
  0
LINE
  5
4D3
330
17
100
AcDbEntity
  8
GEOMETRY
100
AcDbLine
 10
2.5637795275590554
 20
2.280708661417323
 30
0.0
 11
2.565354330708661
 21
2.2818897637795277
 31
0.0
  0
LINE
  5
4D4
330
17
100
AcDbEntity
  8
GEOMETRY
100
AcDbLine
 10
2.5669291338582676
 20
2.282677165354331
 30
0.0
 11
2.5669291338582676
 21
2.282677165354331
 31
0.0
  0
LINE
  5
4D5
330
17
100
AcDbEntity
  8
GEOMETRY
100
AcDbLine
 10
1.9377952755905512
 20
2.6460629921259846
 30
0.0
 11
1.9377952755905512
 21
2.6460629921259846
 31
0.0
  0
LINE
  5
4D6
330
17
100
AcDbEntity
  8
GEOMETRY
100
AcDbLine
 10
1.9362204724409449
 20
2.64488188976378
 30
0.0
 11
1.9346456692913385
 21
2.644094488188977
 31
0.0
  0
LINE
  5
4D7
330
17
100
AcDbEntity
  8
GEOMETRY
100
AcDbLine
 10
1.9271653543307088
 20
2.6397637795275593
 30
0.0
 11
1.9255905511811022
 21
2.6389763779527557
 31
0.0
  0
LINE
  5
4D8
330
17
100
AcDbEntity
  8
GEOMETRY
100
AcDbLine
 10
1.9185039370078742
 20
2.634645669291339
 30
0.0
 11
1.9169291338582677
 21
2.6338582677165356
 31
0.0
  0
LINE
  5
4D9
330
17
100
AcDbEntity
  8
GEOMETRY
100
AcDbLine
 10
1.844488188976378
 20
2.5921259842519686
 30
0.0
 11
1.84251968503937
 21
2.590944881889764
 31
0.0
  0
LINE
  5
4DA
330
17
100
AcDbEntity
  8
GEOMETRY
100
AcDbLine
 10
1.8417322834645669
 20
2.5905511811023625
 30
0.0
 11
1.8393700787401575
 21
2.588976377952757
 31
0.0
  0
LINE
  5
4DB
330
17
100
AcDbEntity
  8
GEOMETRY
100
AcDbLine
 10
1.8362204724409448
 20
2.5870078740157485
 30
0.0
 11
1.8338582677165354
 21
2.5858267716535437
 31
0.0
  0
LINE
  5
4DC
330
17
100
AcDbEntity
  8
GEOMETRY
100
AcDbLine
 10
1.830708661417323
 20
2.5838582677165363
 30
0.0
 11
1.8283464566929133
 21
2.5826771653543314
 31
0.0
  0
LINE
  5
4DD
330
17
100
AcDbEntity
  8
GEOMETRY
100
AcDbLine
 10
1.2472440944881888
 20
2.2472440944881895
 30
0.0
 11
1.2208661417322835
 21
2.2318897637795287
 31
0.0
  0
LINE
  5
4DE
330
17
100
AcDbEntity
  8
GEOMETRY
100
AcDbLine
 10
1.2263779527559053
 20
2.220472440944882
 30
0.0
 11
1.852755905511811
 21
1.8586614173228349
 31
0.0
  0
LINE
  5
4DF
330
17
100
AcDbEntity
  8
GEOMETRY
100
AcDbLine
 10
1.852755905511811
 20
1.8586614173228349
 30
0.0
 11
1.852755905511811
 21
1.8653543307086624
 31
0.0
  0
LINE
  5
4E0
330
17
100
AcDbEntity
  8
GEOMETRY
100
AcDbLine
 10
1.852755905511811
 20
1.8586614173228349
 30
0.0
 11
2.4641732283464566
 21
2.2118110236220474
 31
0.0
  0
LINE
  5
4E1
330
17
100
AcDbEntity
  8
GEOMETRY
100
AcDbLine
 10
2.4673228346456693
 20
2.2137795275590557
 30
0.0
 11
2.4696850393700784
 21
2.2149606299212605
 31
0.0
  0
LINE
  5
4E2
330
17
100
AcDbEntity
  8
GEOMETRY
100
AcDbLine
 10
2.4728346456692916
 20
2.216929133858268
 30
0.0
 11
2.4751968503937007
 21
2.2181102362204728
 31
0.0
  0
LINE
  5
4E3
330
17
100
AcDbEntity
  8
GEOMETRY
100
AcDbLine
 10
2.4783464566929134
 20
2.220078740157481
 30
0.0
 11
2.4807086614173226
 21
2.2212598425196854
 31
0.0
  0
LINE
  5
4E4
330
17
100
AcDbEntity
  8
GEOMETRY
100
AcDbLine
 10
2.5559055118110234
 20
2.26496062992126
 30
0.0
 11
2.55748031496063
 21
2.2657480314960634
 31
0.0
  0
LINE
  5
4E5
330
17
100
AcDbEntity
  8
GEOMETRY
100
AcDbLine
 10
2.5645669291338584
 20
2.2700787401574813
 30
0.0
 11
2.566141732283465
 21
2.2708661417322835
 31
0.0
  0
LINE
  5
4E6
330
17
100
AcDbEntity
  8
GEOMETRY
100
AcDbLine
 10
2.5736220472440947
 20
2.2751968503937015
 30
0.0
 11
2.575196850393701
 21
2.275984251968504
 31
0.0
  0
LINE
  5
4E7
330
17
100
AcDbEntity
  8
GEOMETRY
100
AcDbLine
 10
2.576771653543307
 20
2.2767716535433076
 30
0.0
 11
2.576771653543307
 21
2.277165354330709
 31
0.0
  0
LINE
  5
4E8
330
17
100
AcDbEntity
  8
GEOMETRY
100
AcDbLine
 10
1.852755905511811
 20
1.8653543307086624
 30
0.0
 11
2.4586614173228347
 21
2.2149606299212605
 31
0.0
  0
LINE
  5
4E9
330
17
100
AcDbEntity
  8
GEOMETRY
100
AcDbLine
 10
2.4618110236220474
 20
2.216929133858268
 30
0.0
 11
2.4641732283464566
 21
2.2181102362204728
 31
0.0
  0
LINE
  5
4EA
330
17
100
AcDbEntity
  8
GEOMETRY
100
AcDbLine
 10
2.4673228346456693
 20
2.220078740157481
 30
0.0
 11
2.4696850393700784
 21
2.2212598425196854
 31
0.0
  0
LINE
  5
4EB
330
17
100
AcDbEntity
  8
GEOMETRY
100
AcDbLine
 10
2.4728346456692916
 20
2.2232283464566938
 30
0.0
 11
2.4751968503937007
 21
2.2248031496063
 31
0.0
  0
LINE
  5
4EC
330
17
100
AcDbEntity
  8
GEOMETRY
100
AcDbLine
 10
2.5503937007874016
 20
2.268110236220473
 30
0.0
 11
2.5519685039370077
 21
2.2688976377952765
 31
0.0
  0
LINE
  5
4ED
330
17
100
AcDbEntity
  8
GEOMETRY
100
AcDbLine
 10
2.559055118110236
 20
2.273228346456693
 30
0.0
 11
2.5606299212598422
 21
2.2740157480314966
 31
0.0
  0
LINE
  5
4EE
330
17
100
AcDbEntity
  8
GEOMETRY
100
AcDbLine
 10
2.568110236220472
 20
2.2783464566929137
 30
0.0
 11
2.569685039370079
 21
2.279133858267717
 31
0.0
  0
LINE
  5
4EF
330
17
100
AcDbEntity
  8
GEOMETRY
100
AcDbLine
 10
2.571259842519685
 20
2.2799212598425207
 30
0.0
 11
2.571259842519685
 21
2.280314960629922
 31
0.0
  0
LINE
  5
4F0
330
17
100
AcDbEntity
  8
GEOMETRY
100
AcDbLine
 10
1.852755905511811
 20
1.8653543307086624
 30
0.0
 11
2.4586614173228347
 21
2.2149606299212605
 31
0.0
  0
LINE
  5
4F1
330
17
100
AcDbEntity
  8
GEOMETRY
100
AcDbLine
 10
2.4618110236220474
 20
2.216929133858268
 30
0.0
 11
2.4641732283464566
 21
2.2181102362204728
 31
0.0
  0
LINE
  5
4F2
330
17
100
AcDbEntity
  8
GEOMETRY
100
AcDbLine
 10
2.4673228346456693
 20
2.220078740157481
 30
0.0
 11
2.4696850393700784
 21
2.2212598425196854
 31
0.0
  0
LINE
  5
4F3
330
17
100
AcDbEntity
  8
GEOMETRY
100
AcDbLine
 10
2.4728346456692916
 20
2.2232283464566938
 30
0.0
 11
2.4751968503937007
 21
2.2248031496063
 31
0.0
  0
LINE
  5
4F4
330
17
100
AcDbEntity
  8
GEOMETRY
100
AcDbLine
 10
2.5503937007874016
 20
2.268110236220473
 30
0.0
 11
2.5519685039370077
 21
2.2688976377952765
 31
0.0
  0
LINE
  5
4F5
330
17
100
AcDbEntity
  8
GEOMETRY
100
AcDbLine
 10
2.559055118110236
 20
2.273228346456693
 30
0.0
 11
2.5606299212598422
 21
2.2740157480314966
 31
0.0
  0
LINE
  5
4F6
330
17
100
AcDbEntity
  8
GEOMETRY
100
AcDbLine
 10
2.568110236220472
 20
2.2783464566929137
 30
0.0
 11
2.569685039370079
 21
2.279133858267717
 31
0.0
  0
LINE
  5
4F7
330
17
100
AcDbEntity
  8
GEOMETRY
100
AcDbLine
 10
2.571259842519685
 20
2.2799212598425207
 30
0.0
 11
2.571259842519685
 21
2.280314960629922
 31
0.0
  0
LINE
  5
4F8
330
17
100
AcDbEntity
  8
GEOMETRY
100
AcDbLine
 10
1.9448818897637794
 20
2.641732283464568
 30
0.0
 11
1.9448818897637794
 21
2.641732283464568
 31
0.0
  0
LINE
  5
4F9
330
17
100
AcDbEntity
  8
GEOMETRY
100
AcDbLine
 10
1.9433070866141733
 20
2.640944881889764
 30
0.0
 11
1.941732283464567
 21
2.6397637795275593
 31
0.0
  0
LINE
  5
4FA
330
17
100
AcDbEntity
  8
GEOMETRY
100
AcDbLine
 10
1.9342519685039368
 20
2.635826771653544
 30
0.0
 11
1.9326771653543309
 21
2.634645669291339
 31
0.0
  0
LINE
  5
4FB
330
17
100
AcDbEntity
  8
GEOMETRY
100
AcDbLine
 10
1.9255905511811022
 20
2.630708661417324
 30
0.0
 11
1.924015748031496
 21
2.62992125984252
 31
0.0
  0
LINE
  5
4FC
330
17
100
AcDbEntity
  8
GEOMETRY
100
AcDbLine
 10
1.8515748031496062
 20
2.587795275590552
 30
0.0
 11
1.8499999999999999
 21
2.5870078740157485
 31
0.0
  0
LINE
  5
4FD
330
17
100
AcDbEntity
  8
GEOMETRY
100
AcDbLine
 10
1.8488188976377953
 20
2.586220472440946
 30
0.0
 11
1.8464566929133857
 21
2.585039370078741
 31
0.0
  0
LINE
  5
4FE
330
17
100
AcDbEntity
  8
GEOMETRY
100
AcDbLine
 10
1.8433070866141732
 20
2.5830708661417328
 30
0.0
 11
1.840944881889764
 21
2.581889763779528
 31
0.0
  0
LINE
  5
4FF
330
17
100
AcDbEntity
  8
GEOMETRY
100
AcDbLine
 10
1.8377952755905511
 20
2.5799212598425196
 30
0.0
 11
1.835433070866142
 21
2.578740157480315
 31
0.0
  0
LINE
  5
500
330
17
100
AcDbEntity
  8
GEOMETRY
100
AcDbLine
 10
1.2472440944881888
 20
2.238976377952756
 30
0.0
 11
1.227952755905512
 21
2.227952755905512
 31
0.0
  0
LINE
  5
501
330
17
100
AcDbEntity
  8
GEOMETRY
100
AcDbLine
 10
1.2196850393700787
 20
2.214173228346457
 30
0.0
 11
1.8492125984251968
 21
1.8507874015748038
 31
0.0
  0
LINE
  5
502
330
17
100
AcDbEntity
  8
GEOMETRY
100
AcDbLine
 10
1.2196850393700787
 20
2.220472440944882
 30
0.0
 11
1.8492125984251968
 21
1.857086614173229
 31
0.0
  0
LINE
  5
503
330
17
100
AcDbEntity
  8
GEOMETRY
100
AcDbLine
 10
1.8492125984251968
 20
1.8507874015748038
 30
0.0
 11
1.8492125984251968
 21
1.857086614173229
 31
0.0
  0
LINE
  5
504
330
17
100
AcDbEntity
  8
GEOMETRY
100
AcDbLine
 10
1.8492125984251968
 20
1.8507874015748038
 30
0.0
 11
2.4696850393700784
 21
2.2086614173228356
 31
0.0
  0
LINE
  5
505
330
17
100
AcDbEntity
  8
GEOMETRY
100
AcDbLine
 10
2.4728346456692916
 20
2.2106299212598426
 30
0.0
 11
2.4751968503937007
 21
2.2118110236220474
 31
0.0
  0
LINE
  5
506
330
17
100
AcDbEntity
  8
GEOMETRY
100
AcDbLine
 10
2.4783464566929134
 20
2.2137795275590557
 30
0.0
 11
2.4807086614173226
 21
2.2149606299212605
 31
0.0
  0
LINE
  5
507
330
17
100
AcDbEntity
  8
GEOMETRY
100
AcDbLine
 10
2.4838582677165357
 20
2.216929133858268
 30
0.0
 11
2.486220472440945
 21
2.2181102362204728
 31
0.0
  0
LINE
  5
508
330
17
100
AcDbEntity
  8
GEOMETRY
100
AcDbLine
 10
2.5614173228346457
 20
2.2618110236220477
 30
0.0
 11
2.562992125984252
 21
2.2625984251968516
 31
0.0
  0
LINE
  5
509
330
17
100
AcDbEntity
  8
GEOMETRY
100
AcDbLine
 10
2.5700787401574803
 20
2.266929133858268
 30
0.0
 11
2.5716535433070864
 21
2.2677165354330717
 31
0.0
  0
LINE
  5
50A
330
17
100
AcDbEntity
  8
GEOMETRY
100
AcDbLine
 10
2.579133858267716
 20
2.2720472440944883
 30
0.0
 11
2.5807086614173227
 21
2.272834645669292
 31
0.0
  0
LINE
  5
50B
330
17
100
AcDbEntity
  8
GEOMETRY
100
AcDbLine
 10
2.5822834645669293
 20
2.2736220472440944
 30
0.0
 11
2.5822834645669293
 21
2.2740157480314966
 31
0.0
  0
LINE
  5
50C
330
17
100
AcDbEntity
  8
GEOMETRY
100
AcDbLine
 10
1.8492125984251968
 20
1.857086614173229
 30
0.0
 11
2.4641732283464566
 21
2.2118110236220474
 31
0.0
  0
LINE
  5
50D
330
17
100
AcDbEntity
  8
GEOMETRY
100
AcDbLine
 10
2.4673228346456693
 20
2.2137795275590557
 30
0.0
 11
2.4696850393700784
 21
2.2149606299212605
 31
0.0
  0
LINE
  5
50E
330
17
100
AcDbEntity
  8
GEOMETRY
100
AcDbLine
 10
2.4728346456692916
 20
2.216929133858268
 30
0.0
 11
2.4751968503937007
 21
2.2181102362204728
 31
0.0
  0
LINE
  5
50F
330
17
100
AcDbEntity
  8
GEOMETRY
100
AcDbLine
 10
2.4783464566929134
 20
2.220078740157481
 30
0.0
 11
2.4807086614173226
 21
2.2212598425196854
 31
0.0
  0
LINE
  5
510
330
17
100
AcDbEntity
  8
GEOMETRY
100
AcDbLine
 10
2.5559055118110234
 20
2.26496062992126
 30
0.0
 11
2.55748031496063
 21
2.2657480314960634
 31
0.0
  0
LINE
  5
511
330
17
100
AcDbEntity
  8
GEOMETRY
100
AcDbLine
 10
2.5645669291338584
 20
2.2700787401574813
 30
0.0
 11
2.566141732283465
 21
2.2708661417322835
 31
0.0
  0
LINE
  5
512
330
17
100
AcDbEntity
  8
GEOMETRY
100
AcDbLine
 10
2.5736220472440947
 20
2.2751968503937015
 30
0.0
 11
2.575196850393701
 21
2.275984251968504
 31
0.0
  0
LINE
  5
513
330
17
100
AcDbEntity
  8
GEOMETRY
100
AcDbLine
 10
2.576771653543307
 20
2.2767716535433076
 30
0.0
 11
2.576771653543307
 21
2.277165354330709
 31
0.0
  0
LINE
  5
514
330
17
100
AcDbEntity
  8
GEOMETRY
100
AcDbLine
 10
1.2196850393700787
 20
2.220472440944882
 30
0.0
 11
1.8492125984251968
 21
1.857086614173229
 31
0.0
  0
LINE
  5
515
330
17
100
AcDbEntity
  8
GEOMETRY
100
AcDbLine
 10
1.8492125984251968
 20
1.857086614173229
 30
0.0
 11
2.4641732283464566
 21
2.2118110236220474
 31
0.0
  0
LINE
  5
516
330
17
100
AcDbEntity
  8
GEOMETRY
100
AcDbLine
 10
2.4673228346456693
 20
2.2137795275590557
 30
0.0
 11
2.4696850393700784
 21
2.2149606299212605
 31
0.0
  0
LINE
  5
517
330
17
100
AcDbEntity
  8
GEOMETRY
100
AcDbLine
 10
2.4728346456692916
 20
2.216929133858268
 30
0.0
 11
2.4751968503937007
 21
2.2181102362204728
 31
0.0
  0
LINE
  5
518
330
17
100
AcDbEntity
  8
GEOMETRY
100
AcDbLine
 10
2.4783464566929134
 20
2.220078740157481
 30
0.0
 11
2.4807086614173226
 21
2.2212598425196854
 31
0.0
  0
LINE
  5
519
330
17
100
AcDbEntity
  8
GEOMETRY
100
AcDbLine
 10
2.5559055118110234
 20
2.26496062992126
 30
0.0
 11
2.55748031496063
 21
2.2657480314960634
 31
0.0
  0
LINE
  5
51A
330
17
100
AcDbEntity
  8
GEOMETRY
100
AcDbLine
 10
2.5645669291338584
 20
2.2700787401574813
 30
0.0
 11
2.566141732283465
 21
2.2708661417322835
 31
0.0
  0
LINE
  5
51B
330
17
100
AcDbEntity
  8
GEOMETRY
100
AcDbLine
 10
2.5736220472440947
 20
2.2751968503937015
 30
0.0
 11
2.575196850393701
 21
2.275984251968504
 31
0.0
  0
LINE
  5
51C
330
17
100
AcDbEntity
  8
GEOMETRY
100
AcDbLine
 10
2.576771653543307
 20
2.2767716535433076
 30
0.0
 11
2.576771653543307
 21
2.277165354330709
 31
0.0
  0
LINE
  5
51D
330
17
100
AcDbEntity
  8
GEOMETRY
100
AcDbLine
 10
1.947244094488189
 20
2.640551181102363
 30
0.0
 11
1.9468503937007875
 21
2.640551181102363
 31
0.0
  0
LINE
  5
51E
330
17
100
AcDbEntity
  8
GEOMETRY
100
AcDbLine
 10
1.945275590551181
 20
2.6393700787401584
 30
0.0
 11
1.943700787401575
 21
2.638582677165355
 31
0.0
  0
LINE
  5
51F
330
17
100
AcDbEntity
  8
GEOMETRY
100
AcDbLine
 10
1.9366141732283464
 20
2.634251968503938
 30
0.0
 11
1.93503937007874
 21
2.6334645669291343
 31
0.0
  0
LINE
  5
520
330
17
100
AcDbEntity
  8
GEOMETRY
100
AcDbLine
 10
1.9279527559055119
 20
2.629527559055119
 30
0.0
 11
1.9263779527559055
 21
2.6283464566929142
 31
0.0
  0
LINE
  5
521
330
17
100
AcDbEntity
  8
GEOMETRY
100
AcDbLine
 10
1.853543307086614
 20
2.586614173228347
 30
0.0
 11
1.8519685039370077
 21
2.5854330708661424
 31
0.0
  0
LINE
  5
522
330
17
100
AcDbEntity
  8
GEOMETRY
100
AcDbLine
 10
1.8507874015748034
 20
2.585039370078741
 30
0.0
 11
1.8488188976377953
 21
2.5838582677165363
 31
0.0
  0
LINE
  5
523
330
17
100
AcDbEntity
  8
GEOMETRY
100
AcDbLine
 10
1.8452755905511813
 20
2.581889763779528
 30
0.0
 11
1.8433070866141732
 21
2.580708661417323
 31
0.0
  0
LINE
  5
524
330
17
100
AcDbEntity
  8
GEOMETRY
100
AcDbLine
 10
1.8397637795275592
 20
2.578740157480315
 30
0.0
 11
1.8377952755905511
 21
2.577165354330709
 31
0.0
  0
LINE
  5
525
330
17
100
AcDbEntity
  8
GEOMETRY
100
AcDbLine
 10
1.2472440944881888
 20
2.2362204724409454
 30
0.0
 11
1.2299212598425195
 21
2.226377952755906
 31
0.0
  0
LINE
  5
526
330
17
100
AcDbEntity
  8
GEOMETRY
100
AcDbLine
 10
1.2255905511811023
 20
2.2240157480314964
 30
0.0
 11
1.2196850393700787
 21
2.220472440944882
 31
0.0
  0
LINE
  5
527
330
17
100
AcDbEntity
  8
GEOMETRY
100
AcDbLine
 10
1.2141732283464566
 20
2.145669291338583
 30
0.0
 11
1.8464566929133857
 21
1.7803149606299222
 31
0.0
  0
LINE
  5
528
330
17
100
AcDbEntity
  8
GEOMETRY
100
AcDbLine
 10
1.2141732283464566
 20
2.214173228346457
 30
0.0
 11
1.8464566929133857
 21
1.8488188976377955
 31
0.0
  0
LINE
  5
529
330
17
100
AcDbEntity
  8
GEOMETRY
100
AcDbLine
 10
1.8464566929133857
 20
1.7803149606299222
 30
0.0
 11
1.8464566929133857
 21
1.8488188976377955
 31
0.0
  0
LINE
  5
52A
330
17
100
AcDbEntity
  8
GEOMETRY
100
AcDbLine
 10
1.8464566929133857
 20
1.7803149606299222
 30
0.0
 11
2.5291338582677168
 21
2.1744094488188983
 31
0.0
  0
LINE
  5
52B
330
17
100
AcDbEntity
  8
GEOMETRY
100
AcDbLine
 10
2.532283464566929
 20
2.1763779527559057
 30
0.0
 11
2.534645669291338
 21
2.17755905511811
 31
0.0
  0
LINE
  5
52C
330
17
100
AcDbEntity
  8
GEOMETRY
100
AcDbLine
 10
2.5377952755905513
 20
2.1795275590551184
 30
0.0
 11
2.540157480314961
 21
2.1807086614173232
 31
0.0
  0
LINE
  5
52D
330
17
100
AcDbEntity
  8
GEOMETRY
100
AcDbLine
 10
2.543307086614173
 20
2.1826771653543315
 30
0.0
 11
2.5452755905511815
 21
2.1838582677165363
 31
0.0
  0
LINE
  5
52E
330
17
100
AcDbEntity
  8
GEOMETRY
100
AcDbLine
 10
2.620866141732283
 20
2.227559055118111
 30
0.0
 11
2.6224409448818897
 21
2.2283464566929143
 31
0.0
  0
LINE
  5
52F
330
17
100
AcDbEntity
  8
GEOMETRY
100
AcDbLine
 10
2.6295275590551177
 20
2.232677165354331
 30
0.0
 11
2.6311023622047243
 21
2.2334645669291344
 31
0.0
  0
LINE
  5
530
330
17
100
AcDbEntity
  8
GEOMETRY
100
AcDbLine
 10
2.638582677165355
 20
2.2377952755905515
 30
0.0
 11
2.639763779527559
 21
2.238582677165355
 31
0.0
  0
LINE
  5
531
330
17
100
AcDbEntity
  8
GEOMETRY
100
AcDbLine
 10
2.6417322834645667
 20
2.2393700787401585
 30
0.0
 11
2.6417322834645667
 21
2.2393700787401585
 31
0.0
  0
LINE
  5
532
330
17
100
AcDbEntity
  8
GEOMETRY
100
AcDbLine
 10
1.8464566929133857
 20
1.8488188976377955
 30
0.0
 11
2.4696850393700784
 21
2.2086614173228356
 31
0.0
  0
LINE
  5
533
330
17
100
AcDbEntity
  8
GEOMETRY
100
AcDbLine
 10
2.4728346456692916
 20
2.2106299212598426
 30
0.0
 11
2.4751968503937007
 21
2.2118110236220474
 31
0.0
  0
LINE
  5
534
330
17
100
AcDbEntity
  8
GEOMETRY
100
AcDbLine
 10
2.4783464566929134
 20
2.2137795275590557
 30
0.0
 11
2.4807086614173226
 21
2.2149606299212605
 31
0.0
  0
LINE
  5
535
330
17
100
AcDbEntity
  8
GEOMETRY
100
AcDbLine
 10
2.4838582677165357
 20
2.216929133858268
 30
0.0
 11
2.486220472440945
 21
2.2181102362204728
 31
0.0
  0
LINE
  5
536
330
17
100
AcDbEntity
  8
GEOMETRY
100
AcDbLine
 10
2.5614173228346457
 20
2.2618110236220477
 30
0.0
 11
2.562992125984252
 21
2.2625984251968516
 31
0.0
  0
LINE
  5
537
330
17
100
AcDbEntity
  8
GEOMETRY
100
AcDbLine
 10
2.5700787401574803
 20
2.266929133858268
 30
0.0
 11
2.5716535433070864
 21
2.2677165354330717
 31
0.0
  0
LINE
  5
538
330
17
100
AcDbEntity
  8
GEOMETRY
100
AcDbLine
 10
2.579133858267716
 20
2.2720472440944883
 30
0.0
 11
2.5807086614173227
 21
2.272834645669292
 31
0.0
  0
LINE
  5
539
330
17
100
AcDbEntity
  8
GEOMETRY
100
AcDbLine
 10
2.5822834645669293
 20
2.2736220472440944
 30
0.0
 11
2.5822834645669293
 21
2.2740157480314966
 31
0.0
  0
LINE
  5
53A
330
17
100
AcDbEntity
  8
GEOMETRY
100
AcDbLine
 10
1.2141732283464566
 20
2.214173228346457
 30
0.0
 11
1.8464566929133857
 21
1.8488188976377955
 31
0.0
  0
LINE
  5
53B
330
17
100
AcDbEntity
  8
GEOMETRY
100
AcDbLine
 10
1.8464566929133857
 20
1.8488188976377955
 30
0.0
 11
2.4696850393700784
 21
2.2086614173228356
 31
0.0
  0
LINE
  5
53C
330
17
100
AcDbEntity
  8
GEOMETRY
100
AcDbLine
 10
2.4728346456692916
 20
2.2106299212598426
 30
0.0
 11
2.4751968503937007
 21
2.2118110236220474
 31
0.0
  0
LINE
  5
53D
330
17
100
AcDbEntity
  8
GEOMETRY
100
AcDbLine
 10
2.4783464566929134
 20
2.2137795275590557
 30
0.0
 11
2.4807086614173226
 21
2.2149606299212605
 31
0.0
  0
LINE
  5
53E
330
17
100
AcDbEntity
  8
GEOMETRY
100
AcDbLine
 10
2.4838582677165357
 20
2.216929133858268
 30
0.0
 11
2.486220472440945
 21
2.2181102362204728
 31
0.0
  0
LINE
  5
53F
330
17
100
AcDbEntity
  8
GEOMETRY
100
AcDbLine
 10
2.5614173228346457
 20
2.2618110236220477
 30
0.0
 11
2.562992125984252
 21
2.2625984251968516
 31
0.0
  0
LINE
  5
540
330
17
100
AcDbEntity
  8
GEOMETRY
100
AcDbLine
 10
2.5700787401574803
 20
2.266929133858268
 30
0.0
 11
2.5716535433070864
 21
2.2677165354330717
 31
0.0
  0
LINE
  5
541
330
17
100
AcDbEntity
  8
GEOMETRY
100
AcDbLine
 10
2.579133858267716
 20
2.2720472440944883
 30
0.0
 11
2.5807086614173227
 21
2.272834645669292
 31
0.0
  0
LINE
  5
542
330
17
100
AcDbEntity
  8
GEOMETRY
100
AcDbLine
 10
2.5822834645669293
 20
2.2736220472440944
 30
0.0
 11
2.5822834645669293
 21
2.2740157480314966
 31
0.0
  0
LINE
  5
543
330
17
100
AcDbEntity
  8
GEOMETRY
100
AcDbLine
 10
1.95
 20
2.6389763779527557
 30
0.0
 11
1.9496062992125982
 21
2.6389763779527557
 31
0.0
  0
LINE
  5
544
330
17
100
AcDbEntity
  8
GEOMETRY
100
AcDbLine
 10
1.9480314960629923
 20
2.637795275590551
 30
0.0
 11
1.9464566929133857
 21
2.6370078740157488
 31
0.0
  0
LINE
  5
545
330
17
100
AcDbEntity
  8
GEOMETRY
100
AcDbLine
 10
1.9393700787401578
 20
2.632677165354331
 30
0.0
 11
1.9377952755905512
 21
2.631889763779528
 31
0.0
  0
LINE
  5
546
330
17
100
AcDbEntity
  8
GEOMETRY
100
AcDbLine
 10
1.9307086614173228
 20
2.6279527559055116
 30
0.0
 11
1.9291338582677164
 21
2.626771653543308
 31
0.0
  0
LINE
  5
547
330
17
100
AcDbEntity
  8
GEOMETRY
100
AcDbLine
 10
1.856299212598425
 20
2.585039370078741
 30
0.0
 11
1.854724409448819
 21
2.5838582677165363
 31
0.0
  0
LINE
  5
548
330
17
100
AcDbEntity
  8
GEOMETRY
100
AcDbLine
 10
1.853543307086614
 20
2.583464566929134
 30
0.0
 11
1.8515748031496062
 21
2.5822834645669293
 31
0.0
  0
LINE
  5
549
330
17
100
AcDbEntity
  8
GEOMETRY
100
AcDbLine
 10
1.848031496062992
 20
2.580314960629922
 30
0.0
 11
1.8460629921259843
 21
2.5791338582677175
 31
0.0
  0
LINE
  5
54A
330
17
100
AcDbEntity
  8
GEOMETRY
100
AcDbLine
 10
1.84251968503937
 20
2.577165354330709
 30
0.0
 11
1.8405511811023623
 21
2.575590551181103
 31
0.0
  0
LINE
  5
54B
330
17
100
AcDbEntity
  8
GEOMETRY
100
AcDbLine
 10
1.2472440944881888
 20
2.233070866141733
 30
0.0
 11
1.2326771653543307
 21
2.2248031496063
 31
0.0
  0
LINE
  5
54C
330
17
100
AcDbEntity
  8
GEOMETRY
100
AcDbLine
 10
1.2263779527559053
 20
2.2212598425196854
 30
0.0
 11
1.2224409448818898
 21
2.2188976377952763
 31
0.0
  0
LINE
  5
54D
330
17
100
AcDbEntity
  8
GEOMETRY
100
AcDbLine
 10
1.2196850393700787
 20
2.21732283464567
 30
0.0
 11
1.2141732283464566
 21
2.214173228346457
 31
0.0
  0
LINE
  5
54E
330
17
100
AcDbEntity
  8
GEOMETRY
100
AcDbLine
 10
1.20748031496063
 20
2.1303149606299217
 30
0.0
 11
1.8433070866141732
 21
1.7633858267716542
 31
0.0
  0
LINE
  5
54F
330
17
100
AcDbEntity
  8
GEOMETRY
100
AcDbLine
 10
1.20748031496063
 20
2.145669291338583
 30
0.0
 11
1.8433070866141732
 21
1.778346456692914
 31
0.0
  0
LINE
  5
550
330
17
100
AcDbEntity
  8
GEOMETRY
100
AcDbLine
 10
1.8433070866141732
 20
1.7633858267716542
 30
0.0
 11
1.8433070866141732
 21
1.778346456692914
 31
0.0
  0
LINE
  5
551
330
17
100
AcDbEntity
  8
GEOMETRY
100
AcDbLine
 10
1.8433070866141732
 20
1.7633858267716542
 30
0.0
 11
2.5421259842519683
 21
2.1669291338582686
 31
0.0
  0
LINE
  5
552
330
17
100
AcDbEntity
  8
GEOMETRY
100
AcDbLine
 10
2.5452755905511815
 20
2.1688976377952756
 30
0.0
 11
2.5476377952755906
 21
2.1700787401574804
 31
0.0
  0
LINE
  5
553
330
17
100
AcDbEntity
  8
GEOMETRY
100
AcDbLine
 10
2.550787401574803
 20
2.1720472440944887
 30
0.0
 11
2.5531496062992125
 21
2.1732283464566935
 31
0.0
  0
LINE
  5
554
330
17
100
AcDbEntity
  8
GEOMETRY
100
AcDbLine
 10
2.5562992125984256
 20
2.175196850393701
 30
0.0
 11
2.558661417322835
 21
2.1763779527559057
 31
0.0
  0
LINE
  5
555
330
17
100
AcDbEntity
  8
GEOMETRY
100
AcDbLine
 10
2.6338582677165356
 20
2.2196850393700798
 30
0.0
 11
2.6354330708661418
 21
2.2208661417322846
 31
0.0
  0
LINE
  5
556
330
17
100
AcDbEntity
  8
GEOMETRY
100
AcDbLine
 10
2.6429133858267715
 20
2.2248031496063
 30
0.0
 11
2.644488188976378
 21
2.2259842519685047
 31
0.0
  0
LINE
  5
557
330
17
100
AcDbEntity
  8
GEOMETRY
100
AcDbLine
 10
2.651574803149606
 20
2.2299212598425204
 30
0.0
 11
2.6531496062992126
 21
2.230708661417324
 31
0.0
  0
LINE
  5
558
330
17
100
AcDbEntity
  8
GEOMETRY
100
AcDbLine
 10
2.654724409448819
 20
2.2318897637795287
 30
0.0
 11
2.654724409448819
 21
2.2318897637795287
 31
0.0
  0
LINE
  5
559
330
17
100
AcDbEntity
  8
GEOMETRY
100
AcDbLine
 10
1.8433070866141732
 20
1.778346456692914
 30
0.0
 11
2.5291338582677168
 21
2.1744094488188983
 31
0.0
  0
LINE
  5
55A
330
17
100
AcDbEntity
  8
GEOMETRY
100
AcDbLine
 10
2.532283464566929
 20
2.1763779527559057
 30
0.0
 11
2.534645669291338
 21
2.17755905511811
 31
0.0
  0
LINE
  5
55B
330
17
100
AcDbEntity
  8
GEOMETRY
100
AcDbLine
 10
2.5377952755905513
 20
2.1795275590551184
 30
0.0
 11
2.540157480314961
 21
2.1807086614173232
 31
0.0
  0
LINE
  5
55C
330
17
100
AcDbEntity
  8
GEOMETRY
100
AcDbLine
 10
2.543307086614173
 20
2.1826771653543315
 30
0.0
 11
2.5452755905511815
 21
2.1838582677165363
 31
0.0
  0
LINE
  5
55D
330
17
100
AcDbEntity
  8
GEOMETRY
100
AcDbLine
 10
2.620866141732283
 20
2.227559055118111
 30
0.0
 11
2.6224409448818897
 21
2.2283464566929143
 31
0.0
  0
LINE
  5
55E
330
17
100
AcDbEntity
  8
GEOMETRY
100
AcDbLine
 10
2.6295275590551177
 20
2.232677165354331
 30
0.0
 11
2.6311023622047243
 21
2.2334645669291344
 31
0.0
  0
LINE
  5
55F
330
17
100
AcDbEntity
  8
GEOMETRY
100
AcDbLine
 10
2.638582677165355
 20
2.2377952755905515
 30
0.0
 11
2.639763779527559
 21
2.238582677165355
 31
0.0
  0
LINE
  5
560
330
17
100
AcDbEntity
  8
GEOMETRY
100
AcDbLine
 10
2.6417322834645667
 20
2.2393700787401585
 30
0.0
 11
2.6417322834645667
 21
2.2393700787401585
 31
0.0
  0
LINE
  5
561
330
17
100
AcDbEntity
  8
GEOMETRY
100
AcDbLine
 10
1.20748031496063
 20
2.145669291338583
 30
0.0
 11
1.8433070866141732
 21
1.778346456692914
 31
0.0
  0
LINE
  5
562
330
17
100
AcDbEntity
  8
GEOMETRY
100
AcDbLine
 10
1.8433070866141732
 20
1.778346456692914
 30
0.0
 11
2.5291338582677168
 21
2.1744094488188983
 31
0.0
  0
LINE
  5
563
330
17
100
AcDbEntity
  8
GEOMETRY
100
AcDbLine
 10
2.532283464566929
 20
2.1763779527559057
 30
0.0
 11
2.534645669291338
 21
2.17755905511811
 31
0.0
  0
LINE
  5
564
330
17
100
AcDbEntity
  8
GEOMETRY
100
AcDbLine
 10
2.5377952755905513
 20
2.1795275590551184
 30
0.0
 11
2.540157480314961
 21
2.1807086614173232
 31
0.0
  0
LINE
  5
565
330
17
100
AcDbEntity
  8
GEOMETRY
100
AcDbLine
 10
2.543307086614173
 20
2.1826771653543315
 30
0.0
 11
2.5452755905511815
 21
2.1838582677165363
 31
0.0
  0
LINE
  5
566
330
17
100
AcDbEntity
  8
GEOMETRY
100
AcDbLine
 10
2.620866141732283
 20
2.227559055118111
 30
0.0
 11
2.6224409448818897
 21
2.2283464566929143
 31
0.0
  0
LINE
  5
567
330
17
100
AcDbEntity
  8
GEOMETRY
100
AcDbLine
 10
2.6295275590551177
 20
2.232677165354331
 30
0.0
 11
2.6311023622047243
 21
2.2334645669291344
 31
0.0
  0
LINE
  5
568
330
17
100
AcDbEntity
  8
GEOMETRY
100
AcDbLine
 10
2.638582677165355
 20
2.2377952755905515
 30
0.0
 11
2.639763779527559
 21
2.238582677165355
 31
0.0
  0
LINE
  5
569
330
17
100
AcDbEntity
  8
GEOMETRY
100
AcDbLine
 10
2.6417322834645667
 20
2.2393700787401585
 30
0.0
 11
2.6417322834645667
 21
2.2393700787401585
 31
0.0
  0
LINE
  5
56A
330
17
100
AcDbEntity
  8
GEOMETRY
100
AcDbLine
 10
1.301968503937008
 20
2.200000000000001
 30
0.0
 11
1.2889763779527559
 21
2.192519685039371
 31
0.0
  0
LINE
  5
56B
330
17
100
AcDbEntity
  8
GEOMETRY
100
AcDbLine
 10
1.2818897637795277
 20
2.1885826771653543
 30
0.0
 11
1.2783464566929132
 21
2.1866141732283473
 31
0.0
  0
LINE
  5
56C
330
17
100
AcDbEntity
  8
GEOMETRY
100
AcDbLine
 10
1.2728346456692912
 20
2.183464566929134
 30
0.0
 11
1.2700787401574802
 21
2.181889763779528
 31
0.0
  0
LINE
  5
56D
330
17
100
AcDbEntity
  8
GEOMETRY
100
AcDbLine
 10
1.2141732283464566
 20
2.149212598425197
 30
0.0
 11
1.20748031496063
 21
2.145669291338583
 31
0.0
  0
LINE
  5
56E
330
17
100
AcDbEntity
  8
GEOMETRY
100
AcDbLine
 10
1.2972440944881891
 20
2.691732283464567
 30
0.0
 11
1.8043307086614173
 21
2.3988188976377955
 31
0.0
  0
LINE
  5
56F
330
17
100
AcDbEntity
  8
GEOMETRY
100
AcDbLine
 10
1.2972440944881891
 20
2.867716535433071
 30
0.0
 11
1.8074803149606298
 21
2.5732283464566934
 31
0.0
  0
LINE
  5
570
330
17
100
AcDbEntity
  8
GEOMETRY
100
AcDbLine
 10
1.8074803149606298
 20
2.396850393700788
 30
0.0
 11
1.8074803149606298
 21
2.5732283464566934
 31
0.0
  0
LINE
  5
571
330
17
100
AcDbEntity
  8
GEOMETRY
100
AcDbLine
 10
1.5125984251968505
 20
2.665354330708662
 30
0.0
 11
1.5118110236220472
 21
2.661023622047244
 31
0.0
  0
LINE
  5
572
330
17
100
AcDbEntity
  8
GEOMETRY
100
AcDbLine
 10
1.5118110236220472
 20
2.661023622047244
 30
0.0
 11
1.509055118110236
 21
2.6586614173228345
 31
0.0
  0
LINE
  5
573
330
17
100
AcDbEntity
  8
GEOMETRY
100
AcDbLine
 10
1.509055118110236
 20
2.6586614173228345
 30
0.0
 11
1.5051181102362206
 21
2.6586614173228345
 31
0.0
  0
LINE
  5
574
330
17
100
AcDbEntity
  8
GEOMETRY
100
AcDbLine
 10
1.5051181102362206
 20
2.6586614173228345
 30
0.0
 11
1.500787401574803
 21
2.6614173228346467
 31
0.0
  0
LINE
  5
575
330
17
100
AcDbEntity
  8
GEOMETRY
100
AcDbLine
 10
1.500787401574803
 20
2.6614173228346467
 30
0.0
 11
1.4964566929133858
 21
2.6657480314960633
 31
0.0
  0
LINE
  5
576
330
17
100
AcDbEntity
  8
GEOMETRY
100
AcDbLine
 10
1.4964566929133858
 20
2.6657480314960633
 30
0.0
 11
1.4937007874015746
 21
2.671259842519686
 31
0.0
  0
LINE
  5
577
330
17
100
AcDbEntity
  8
GEOMETRY
100
AcDbLine
 10
1.4937007874015746
 20
2.671259842519686
 30
0.0
 11
1.4929133858267718
 21
2.6767716535433075
 31
0.0
  0
LINE
  5
578
330
17
100
AcDbEntity
  8
GEOMETRY
100
AcDbLine
 10
1.4929133858267718
 20
2.6767716535433075
 30
0.0
 11
1.4937007874015746
 21
2.6811023622047254
 31
0.0
  0
LINE
  5
579
330
17
100
AcDbEntity
  8
GEOMETRY
100
AcDbLine
 10
1.4937007874015746
 20
2.6811023622047254
 30
0.0
 11
1.4964566929133858
 21
2.6834645669291346
 31
0.0
  0
LINE
  5
57A
330
17
100
AcDbEntity
  8
GEOMETRY
100
AcDbLine
 10
1.4964566929133858
 20
2.6834645669291346
 30
0.0
 11
1.500787401574803
 21
2.6834645669291346
 31
0.0
  0
LINE
  5
57B
330
17
100
AcDbEntity
  8
GEOMETRY
100
AcDbLine
 10
1.500787401574803
 20
2.6834645669291346
 30
0.0
 11
1.5051181102362206
 21
2.6811023622047254
 31
0.0
  0
LINE
  5
57C
330
17
100
AcDbEntity
  8
GEOMETRY
100
AcDbLine
 10
1.5051181102362206
 20
2.6811023622047254
 30
0.0
 11
1.509055118110236
 21
2.676377952755906
 31
0.0
  0
LINE
  5
57D
330
17
100
AcDbEntity
  8
GEOMETRY
100
AcDbLine
 10
1.509055118110236
 20
2.676377952755906
 30
0.0
 11
1.5118110236220472
 21
2.6708661417322834
 31
0.0
  0
LINE
  5
57E
330
17
100
AcDbEntity
  8
GEOMETRY
100
AcDbLine
 10
1.5118110236220472
 20
2.6708661417322834
 30
0.0
 11
1.5125984251968505
 21
2.665354330708662
 31
0.0
  0
LINE
  5
57F
330
17
100
AcDbEntity
  8
GEOMETRY
100
AcDbLine
 10
1.611811023622047
 20
2.608267716535433
 30
0.0
 11
1.6106299212598423
 21
2.6039370078740163
 31
0.0
  0
LINE
  5
580
330
17
100
AcDbEntity
  8
GEOMETRY
100
AcDbLine
 10
1.6106299212598423
 20
2.6039370078740163
 30
0.0
 11
1.6078740157480316
 21
2.6015748031496067
 31
0.0
  0
LINE
  5
581
330
17
100
AcDbEntity
  8
GEOMETRY
100
AcDbLine
 10
1.6078740157480316
 20
2.6015748031496067
 30
0.0
 11
1.6039370078740158
 21
2.6015748031496067
 31
0.0
  0
LINE
  5
582
330
17
100
AcDbEntity
  8
GEOMETRY
100
AcDbLine
 10
1.6039370078740158
 20
2.6015748031496067
 30
0.0
 11
1.5996062992125986
 21
2.6039370078740163
 31
0.0
  0
LINE
  5
583
330
17
100
AcDbEntity
  8
GEOMETRY
100
AcDbLine
 10
1.5996062992125986
 20
2.6039370078740163
 30
0.0
 11
1.5956692913385826
 21
2.6086614173228355
 31
0.0
  0
LINE
  5
584
330
17
100
AcDbEntity
  8
GEOMETRY
100
AcDbLine
 10
1.5956692913385826
 20
2.6086614173228355
 30
0.0
 11
1.5929133858267717
 21
2.614173228346457
 31
0.0
  0
LINE
  5
585
330
17
100
AcDbEntity
  8
GEOMETRY
100
AcDbLine
 10
1.5929133858267717
 20
2.614173228346457
 30
0.0
 11
1.5917322834645669
 21
2.6196850393700797
 31
0.0
  0
LINE
  5
586
330
17
100
AcDbEntity
  8
GEOMETRY
100
AcDbLine
 10
1.5917322834645669
 20
2.6196850393700797
 30
0.0
 11
1.5929133858267717
 21
2.6240157480314963
 31
0.0
  0
LINE
  5
587
330
17
100
AcDbEntity
  8
GEOMETRY
100
AcDbLine
 10
1.5929133858267717
 20
2.6240157480314963
 30
0.0
 11
1.5956692913385826
 21
2.626377952755906
 31
0.0
  0
LINE
  5
588
330
17
100
AcDbEntity
  8
GEOMETRY
100
AcDbLine
 10
1.5956692913385826
 20
2.626377952755906
 30
0.0
 11
1.5996062992125986
 21
2.626377952755906
 31
0.0
  0
LINE
  5
589
330
17
100
AcDbEntity
  8
GEOMETRY
100
AcDbLine
 10
1.5996062992125986
 20
2.626377952755906
 30
0.0
 11
1.6039370078740158
 21
2.6240157480314963
 31
0.0
  0
LINE
  5
58A
330
17
100
AcDbEntity
  8
GEOMETRY
100
AcDbLine
 10
1.6039370078740158
 20
2.6240157480314963
 30
0.0
 11
1.6078740157480316
 21
2.619291338582677
 31
0.0
  0
LINE
  5
58B
330
17
100
AcDbEntity
  8
GEOMETRY
100
AcDbLine
 10
1.6078740157480316
 20
2.619291338582677
 30
0.0
 11
1.6106299212598423
 21
2.6137795275590556
 31
0.0
  0
LINE
  5
58C
330
17
100
AcDbEntity
  8
GEOMETRY
100
AcDbLine
 10
1.6106299212598423
 20
2.6137795275590556
 30
0.0
 11
1.611811023622047
 21
2.608267716535433
 31
0.0
  0
LINE
  5
58D
330
17
100
AcDbEntity
  8
GEOMETRY
100
AcDbLine
 10
1.8074803149606298
 20
2.396850393700788
 30
0.0
 11
1.8102362204724411
 21
2.3984251968503942
 31
0.0
  0
LINE
  5
58E
330
17
100
AcDbEntity
  8
GEOMETRY
100
AcDbLine
 10
1.8074803149606298
 20
2.5732283464566934
 30
0.0
 11
1.8102362204724411
 21
2.5748031496062995
 31
0.0
  0
LINE
  5
58F
330
17
100
AcDbEntity
  8
GEOMETRY
100
AcDbLine
 10
1.2972440944881891
 20
2.867716535433071
 30
0.0
 11
1.8074803149606298
 21
2.5732283464566934
 31
0.0
  0
LINE
  5
590
330
17
100
AcDbEntity
  8
GEOMETRY
100
AcDbLine
 10
1.8074803149606298
 20
2.5732283464566934
 30
0.0
 11
1.8102362204724411
 21
2.5748031496062995
 31
0.0
  0
LINE
  5
591
330
17
100
AcDbEntity
  8
GEOMETRY
100
AcDbLine
 10
1.8102362204724411
 20
2.5748031496062995
 30
0.0
 11
1.3
 21
2.869291338582678
 31
0.0
  0
LINE
  5
592
330
17
100
AcDbEntity
  8
GEOMETRY
100
AcDbLine
 10
1.3
 20
2.869291338582678
 30
0.0
 11
1.2972440944881891
 21
2.867716535433071
 31
0.0
  0
LINE
  5
593
330
17
100
AcDbEntity
  8
GEOMETRY
100
AcDbLine
 10
1.2937007874015747
 20
2.8622047244094495
 30
0.0
 11
1.8043307086614173
 21
2.5673228346456693
 31
0.0
  0
LINE
  5
594
330
17
100
AcDbEntity
  8
GEOMETRY
100
AcDbLine
 10
1.2937007874015747
 20
2.866141732283465
 30
0.0
 11
1.8043307086614173
 21
2.571259842519685
 31
0.0
  0
LINE
  5
595
330
17
100
AcDbEntity
  8
GEOMETRY
100
AcDbLine
 10
1.8043307086614173
 20
2.5673228346456693
 30
0.0
 11
1.8043307086614173
 21
2.571259842519685
 31
0.0
  0
LINE
  5
596
330
17
100
AcDbEntity
  8
GEOMETRY
100
AcDbLine
 10
1.8043307086614173
 20
2.5673228346456693
 30
0.0
 11
1.8102362204724411
 21
2.570866141732284
 31
0.0
  0
LINE
  5
597
330
17
100
AcDbEntity
  8
GEOMETRY
100
AcDbLine
 10
1.8043307086614173
 20
2.571259842519685
 30
0.0
 11
1.8102362204724411
 21
2.5748031496062995
 31
0.0
  0
LINE
  5
598
330
17
100
AcDbEntity
  8
GEOMETRY
100
AcDbLine
 10
1.2937007874015747
 20
2.866141732283465
 30
0.0
 11
1.8043307086614173
 21
2.571259842519685
 31
0.0
  0
LINE
  5
599
330
17
100
AcDbEntity
  8
GEOMETRY
100
AcDbLine
 10
1.8043307086614173
 20
2.571259842519685
 30
0.0
 11
1.8102362204724411
 21
2.5748031496062995
 31
0.0
  0
LINE
  5
59A
330
17
100
AcDbEntity
  8
GEOMETRY
100
AcDbLine
 10
1.8102362204724411
 20
2.5748031496062995
 30
0.0
 11
1.3
 21
2.869291338582678
 31
0.0
  0
LINE
  5
59B
330
17
100
AcDbEntity
  8
GEOMETRY
100
AcDbLine
 10
1.3
 20
2.869291338582678
 30
0.0
 11
1.2937007874015747
 21
2.866141732283465
 31
0.0
  0
LINE
  5
59C
330
17
100
AcDbEntity
  8
GEOMETRY
100
AcDbLine
 10
1.2937007874015747
 20
2.68976377952756
 30
0.0
 11
1.8043307086614173
 21
2.39488188976378
 31
0.0
  0
LINE
  5
59D
330
17
100
AcDbEntity
  8
GEOMETRY
100
AcDbLine
 10
1.2937007874015747
 20
2.6933070866141744
 30
0.0
 11
1.8043307086614173
 21
2.3988188976377955
 31
0.0
  0
LINE
  5
59E
330
17
100
AcDbEntity
  8
GEOMETRY
100
AcDbLine
 10
1.8043307086614173
 20
2.39488188976378
 30
0.0
 11
1.8043307086614173
 21
2.3988188976377955
 31
0.0
  0
LINE
  5
59F
330
17
100
AcDbEntity
  8
GEOMETRY
100
AcDbLine
 10
1.8043307086614173
 20
2.39488188976378
 30
0.0
 11
1.8102362204724411
 21
2.3984251968503942
 31
0.0
  0
LINE
  5
5A0
330
17
100
AcDbEntity
  8
GEOMETRY
100
AcDbLine
 10
1.8043307086614173
 20
2.3988188976377955
 30
0.0
 11
1.8102362204724411
 21
2.40236220472441
 31
0.0
  0
LINE
  5
5A1
330
17
100
AcDbEntity
  8
GEOMETRY
100
AcDbLine
 10
1.2937007874015747
 20
2.6933070866141744
 30
0.0
 11
1.8043307086614173
 21
2.3988188976377955
 31
0.0
  0
LINE
  5
5A2
330
17
100
AcDbEntity
  8
GEOMETRY
100
AcDbLine
 10
1.8043307086614173
 20
2.3988188976377955
 30
0.0
 11
1.8102362204724411
 21
2.40236220472441
 31
0.0
  0
LINE
  5
5A3
330
17
100
AcDbEntity
  8
GEOMETRY
100
AcDbLine
 10
1.2937007874015747
 20
2.6933070866141744
 30
0.0
 11
1.2972440944881891
 21
2.691732283464567
 31
0.0
  0
LINE
  5
5A4
330
17
100
AcDbEntity
  8
GEOMETRY
100
AcDbLine
 10
1.2937007874015747
 20
2.8622047244094495
 30
0.0
 11
1.2972440944881891
 21
2.860236220472441
 31
0.0
  0
LINE
  5
5A5
330
17
100
AcDbEntity
  8
GEOMETRY
100
AcDbLine
 10
1.2972440944881891
 20
2.691732283464567
 30
0.0
 11
1.2972440944881891
 21
2.860236220472441
 31
0.0
  0
LINE
  5
5A6
330
17
100
AcDbEntity
  8
GEOMETRY
100
AcDbLine
 10
1.2972440944881891
 20
2.691732283464567
 30
0.0
 11
1.3031496062992127
 21
2.69488188976378
 31
0.0
  0
LINE
  5
5A7
330
17
100
AcDbEntity
  8
GEOMETRY
100
AcDbLine
 10
1.2937007874015747
 20
2.8622047244094495
 30
0.0
 11
1.2972440944881891
 21
2.860236220472441
 31
0.0
  0
LINE
  5
5A8
330
17
100
AcDbEntity
  8
GEOMETRY
100
AcDbLine
 10
1.800787401574803
 20
2.400787401574804
 30
0.0
 11
1.8043307086614173
 21
2.3988188976377955
 31
0.0
  0
LINE
  5
5A9
330
17
100
AcDbEntity
  8
GEOMETRY
100
AcDbLine
 10
1.800787401574803
 20
2.569291338582678
 30
0.0
 11
1.8043307086614173
 21
2.5673228346456693
 31
0.0
  0
LINE
  5
5AA
330
17
100
AcDbEntity
  8
GEOMETRY
100
AcDbLine
 10
1.8043307086614173
 20
2.3988188976377955
 30
0.0
 11
1.8043307086614173
 21
2.5673228346456693
 31
0.0
  0
LINE
  5
5AB
330
17
100
AcDbEntity
  8
GEOMETRY
100
AcDbLine
 10
1.8043307086614173
 20
2.3988188976377955
 30
0.0
 11
1.8102362204724411
 21
2.40236220472441
 31
0.0
  0
LINE
  5
5AC
330
17
100
AcDbEntity
  8
GEOMETRY
100
AcDbLine
 10
1.8043307086614173
 20
2.5673228346456693
 30
0.0
 11
1.8102362204724411
 21
2.570866141732284
 31
0.0
  0
LINE
  5
5AD
330
17
100
AcDbEntity
  8
GEOMETRY
100
AcDbLine
 10
1.800787401574803
 20
2.569291338582678
 30
0.0
 11
1.8043307086614173
 21
2.5673228346456693
 31
0.0
  0
LINE
  5
5AE
330
17
100
AcDbEntity
  8
GEOMETRY
100
AcDbLine
 10
1.8043307086614173
 20
2.5673228346456693
 30
0.0
 11
1.8102362204724411
 21
2.570866141732284
 31
0.0
  0
LINE
  5
5AF
330
17
100
AcDbEntity
  8
GEOMETRY
100
AcDbLine
 10
1.8070866141732282
 20
2.572834645669292
 30
0.0
 11
1.8043307086614173
 21
2.571259842519685
 31
0.0
  0
LINE
  5
5B0
330
17
100
AcDbEntity
  8
GEOMETRY
100
AcDbLine
 10
1.2972440944881891
 20
2.4673228346456697
 30
0.0
 11
1.8043307086614173
 21
2.1744094488188983
 31
0.0
  0
LINE
  5
5B1
330
17
100
AcDbEntity
  8
GEOMETRY
100
AcDbLine
 10
1.2972440944881891
 20
2.668503937007874
 30
0.0
 11
1.8074803149606298
 21
2.3740157480314963
 31
0.0
  0
LINE
  5
5B2
330
17
100
AcDbEntity
  8
GEOMETRY
100
AcDbLine
 10
1.8074803149606298
 20
2.17244094488189
 30
0.0
 11
1.8074803149606298
 21
2.3740157480314963
 31
0.0
  0
LINE
  5
5B3
330
17
100
AcDbEntity
  8
GEOMETRY
100
AcDbLine
 10
1.5125984251968505
 20
2.453543307086615
 30
0.0
 11
1.5118110236220472
 21
2.449212598425197
 31
0.0
  0
LINE
  5
5B4
330
17
100
AcDbEntity
  8
GEOMETRY
100
AcDbLine
 10
1.5118110236220472
 20
2.449212598425197
 30
0.0
 11
1.509055118110236
 21
2.4468503937007875
 31
0.0
  0
LINE
  5
5B5
330
17
100
AcDbEntity
  8
GEOMETRY
100
AcDbLine
 10
1.509055118110236
 20
2.4468503937007875
 30
0.0
 11
1.5051181102362206
 21
2.4468503937007875
 31
0.0
  0
LINE
  5
5B6
330
17
100
AcDbEntity
  8
GEOMETRY
100
AcDbLine
 10
1.5051181102362206
 20
2.4468503937007875
 30
0.0
 11
1.500787401574803
 21
2.4496062992125993
 31
0.0
  0
LINE
  5
5B7
330
17
100
AcDbEntity
  8
GEOMETRY
100
AcDbLine
 10
1.500787401574803
 20
2.4496062992125993
 30
0.0
 11
1.4964566929133858
 21
2.4539370078740164
 31
0.0
  0
LINE
  5
5B8
330
17
100
AcDbEntity
  8
GEOMETRY
100
AcDbLine
 10
1.4964566929133858
 20
2.4539370078740164
 30
0.0
 11
1.4937007874015746
 21
2.4594488188976387
 31
0.0
  0
LINE
  5
5B9
330
17
100
AcDbEntity
  8
GEOMETRY
100
AcDbLine
 10
1.4937007874015746
 20
2.4594488188976387
 30
0.0
 11
1.4929133858267718
 21
2.4649606299212605
 31
0.0
  0
LINE
  5
5BA
330
17
100
AcDbEntity
  8
GEOMETRY
100
AcDbLine
 10
1.4929133858267718
 20
2.4649606299212605
 30
0.0
 11
1.4937007874015746
 21
2.469291338582678
 31
0.0
  0
LINE
  5
5BB
330
17
100
AcDbEntity
  8
GEOMETRY
100
AcDbLine
 10
1.4937007874015746
 20
2.469291338582678
 30
0.0
 11
1.4964566929133858
 21
2.472047244094489
 31
0.0
  0
LINE
  5
5BC
330
17
100
AcDbEntity
  8
GEOMETRY
100
AcDbLine
 10
1.4964566929133858
 20
2.472047244094489
 30
0.0
 11
1.500787401574803
 21
2.4716535433070868
 31
0.0
  0
LINE
  5
5BD
330
17
100
AcDbEntity
  8
GEOMETRY
100
AcDbLine
 10
1.500787401574803
 20
2.4716535433070868
 30
0.0
 11
1.5051181102362206
 21
2.469291338582678
 31
0.0
  0
LINE
  5
5BE
330
17
100
AcDbEntity
  8
GEOMETRY
100
AcDbLine
 10
1.5051181102362206
 20
2.469291338582678
 30
0.0
 11
1.509055118110236
 21
2.464566929133859
 31
0.0
  0
LINE
  5
5BF
330
17
100
AcDbEntity
  8
GEOMETRY
100
AcDbLine
 10
1.509055118110236
 20
2.464566929133859
 30
0.0
 11
1.5118110236220472
 21
2.4590551181102365
 31
0.0
  0
LINE
  5
5C0
330
17
100
AcDbEntity
  8
GEOMETRY
100
AcDbLine
 10
1.5118110236220472
 20
2.4590551181102365
 30
0.0
 11
1.5125984251968505
 21
2.453543307086615
 31
0.0
  0
LINE
  5
5C1
330
17
100
AcDbEntity
  8
GEOMETRY
100
AcDbLine
 10
1.611811023622047
 20
2.396456692913386
 30
0.0
 11
1.6106299212598423
 21
2.3921259842519693
 31
0.0
  0
LINE
  5
5C2
330
17
100
AcDbEntity
  8
GEOMETRY
100
AcDbLine
 10
1.6106299212598423
 20
2.3921259842519693
 30
0.0
 11
1.6078740157480316
 21
2.3897637795275597
 31
0.0
  0
LINE
  5
5C3
330
17
100
AcDbEntity
  8
GEOMETRY
100
AcDbLine
 10
1.6078740157480316
 20
2.3897637795275597
 30
0.0
 11
1.6039370078740158
 21
2.3897637795275597
 31
0.0
  0
LINE
  5
5C4
330
17
100
AcDbEntity
  8
GEOMETRY
100
AcDbLine
 10
1.6039370078740158
 20
2.3897637795275597
 30
0.0
 11
1.5996062992125986
 21
2.3925196850393706
 31
0.0
  0
LINE
  5
5C5
330
17
100
AcDbEntity
  8
GEOMETRY
100
AcDbLine
 10
1.5996062992125986
 20
2.3925196850393706
 30
0.0
 11
1.5956692913385826
 21
2.396850393700788
 31
0.0
  0
LINE
  5
5C6
330
17
100
AcDbEntity
  8
GEOMETRY
100
AcDbLine
 10
1.5956692913385826
 20
2.396850393700788
 30
0.0
 11
1.5929133858267717
 21
2.40236220472441
 31
0.0
  0
LINE
  5
5C7
330
17
100
AcDbEntity
  8
GEOMETRY
100
AcDbLine
 10
1.5929133858267717
 20
2.40236220472441
 30
0.0
 11
1.5917322834645669
 21
2.4078740157480323
 31
0.0
  0
LINE
  5
5C8
330
17
100
AcDbEntity
  8
GEOMETRY
100
AcDbLine
 10
1.5917322834645669
 20
2.4078740157480323
 30
0.0
 11
1.5929133858267717
 21
2.4122047244094493
 31
0.0
  0
LINE
  5
5C9
330
17
100
AcDbEntity
  8
GEOMETRY
100
AcDbLine
 10
1.5929133858267717
 20
2.4122047244094493
 30
0.0
 11
1.5956692913385826
 21
2.4145669291338585
 31
0.0
  0
LINE
  5
5CA
330
17
100
AcDbEntity
  8
GEOMETRY
100
AcDbLine
 10
1.5956692913385826
 20
2.4145669291338585
 30
0.0
 11
1.5996062992125986
 21
2.4145669291338585
 31
0.0
  0
LINE
  5
5CB
330
17
100
AcDbEntity
  8
GEOMETRY
100
AcDbLine
 10
1.5996062992125986
 20
2.4145669291338585
 30
0.0
 11
1.6039370078740158
 21
2.4122047244094493
 31
0.0
  0
LINE
  5
5CC
330
17
100
AcDbEntity
  8
GEOMETRY
100
AcDbLine
 10
1.6039370078740158
 20
2.4122047244094493
 30
0.0
 11
1.6078740157480316
 21
2.40748031496063
 31
0.0
  0
LINE
  5
5CD
330
17
100
AcDbEntity
  8
GEOMETRY
100
AcDbLine
 10
1.6078740157480316
 20
2.40748031496063
 30
0.0
 11
1.6106299212598423
 21
2.4019685039370087
 31
0.0
  0
LINE
  5
5CE
330
17
100
AcDbEntity
  8
GEOMETRY
100
AcDbLine
 10
1.6106299212598423
 20
2.4019685039370087
 30
0.0
 11
1.611811023622047
 21
2.396456692913386
 31
0.0
  0
LINE
  5
5CF
330
17
100
AcDbEntity
  8
GEOMETRY
100
AcDbLine
 10
1.8074803149606298
 20
2.17244094488189
 30
0.0
 11
1.8102362204724411
 21
2.174015748031497
 31
0.0
  0
LINE
  5
5D0
330
17
100
AcDbEntity
  8
GEOMETRY
100
AcDbLine
 10
1.8074803149606298
 20
2.3740157480314963
 30
0.0
 11
1.8102362204724411
 21
2.3755905511811024
 31
0.0
  0
LINE
  5
5D1
330
17
100
AcDbEntity
  8
GEOMETRY
100
AcDbLine
 10
1.2972440944881891
 20
2.668503937007874
 30
0.0
 11
1.8074803149606298
 21
2.3740157480314963
 31
0.0
  0
LINE
  5
5D2
330
17
100
AcDbEntity
  8
GEOMETRY
100
AcDbLine
 10
1.8074803149606298
 20
2.3740157480314963
 30
0.0
 11
1.8102362204724411
 21
2.3755905511811024
 31
0.0
  0
LINE
  5
5D3
330
17
100
AcDbEntity
  8
GEOMETRY
100
AcDbLine
 10
1.8102362204724411
 20
2.3755905511811024
 30
0.0
 11
1.3
 21
2.6704724409448826
 31
0.0
  0
LINE
  5
5D4
330
17
100
AcDbEntity
  8
GEOMETRY
100
AcDbLine
 10
1.3
 20
2.6704724409448826
 30
0.0
 11
1.2972440944881891
 21
2.668503937007874
 31
0.0
  0
LINE
  5
5D5
330
17
100
AcDbEntity
  8
GEOMETRY
100
AcDbLine
 10
1.2937007874015747
 20
2.6629921259842524
 30
0.0
 11
1.8043307086614173
 21
2.368503937007875
 31
0.0
  0
LINE
  5
5D6
330
17
100
AcDbEntity
  8
GEOMETRY
100
AcDbLine
 10
1.2937007874015747
 20
2.666929133858268
 30
0.0
 11
1.8043307086614173
 21
2.372047244094488
 31
0.0
  0
LINE
  5
5D7
330
17
100
AcDbEntity
  8
GEOMETRY
100
AcDbLine
 10
1.8043307086614173
 20
2.368503937007875
 30
0.0
 11
1.8043307086614173
 21
2.372047244094488
 31
0.0
  0
LINE
  5
5D8
330
17
100
AcDbEntity
  8
GEOMETRY
100
AcDbLine
 10
1.8043307086614173
 20
2.368503937007875
 30
0.0
 11
1.8102362204724411
 21
2.371653543307087
 31
0.0
  0
LINE
  5
5D9
330
17
100
AcDbEntity
  8
GEOMETRY
100
AcDbLine
 10
1.8043307086614173
 20
2.372047244094488
 30
0.0
 11
1.8102362204724411
 21
2.3755905511811024
 31
0.0
  0
LINE
  5
5DA
330
17
100
AcDbEntity
  8
GEOMETRY
100
AcDbLine
 10
1.2937007874015747
 20
2.666929133858268
 30
0.0
 11
1.8043307086614173
 21
2.372047244094488
 31
0.0
  0
LINE
  5
5DB
330
17
100
AcDbEntity
  8
GEOMETRY
100
AcDbLine
 10
1.8043307086614173
 20
2.372047244094488
 30
0.0
 11
1.8102362204724411
 21
2.3755905511811024
 31
0.0
  0
LINE
  5
5DC
330
17
100
AcDbEntity
  8
GEOMETRY
100
AcDbLine
 10
1.8102362204724411
 20
2.3755905511811024
 30
0.0
 11
1.3
 21
2.6704724409448826
 31
0.0
  0
LINE
  5
5DD
330
17
100
AcDbEntity
  8
GEOMETRY
100
AcDbLine
 10
1.3
 20
2.6704724409448826
 30
0.0
 11
1.2937007874015747
 21
2.666929133858268
 31
0.0
  0
LINE
  5
5DE
330
17
100
AcDbEntity
  8
GEOMETRY
100
AcDbLine
 10
1.2937007874015747
 20
2.4653543307086614
 30
0.0
 11
1.8043307086614173
 21
2.170472440944883
 31
0.0
  0
LINE
  5
5DF
330
17
100
AcDbEntity
  8
GEOMETRY
100
AcDbLine
 10
1.2937007874015747
 20
2.468897637795276
 30
0.0
 11
1.8043307086614173
 21
2.1744094488188983
 31
0.0
  0
LINE
  5
5E0
330
17
100
AcDbEntity
  8
GEOMETRY
100
AcDbLine
 10
1.8043307086614173
 20
2.170472440944883
 30
0.0
 11
1.8043307086614173
 21
2.1744094488188983
 31
0.0
  0
LINE
  5
5E1
330
17
100
AcDbEntity
  8
GEOMETRY
100
AcDbLine
 10
1.8043307086614173
 20
2.170472440944883
 30
0.0
 11
1.8102362204724411
 21
2.174015748031497
 31
0.0
  0
LINE
  5
5E2
330
17
100
AcDbEntity
  8
GEOMETRY
100
AcDbLine
 10
1.8043307086614173
 20
2.1744094488188983
 30
0.0
 11
1.8102362204724411
 21
2.1779527559055127
 31
0.0
  0
LINE
  5
5E3
330
17
100
AcDbEntity
  8
GEOMETRY
100
AcDbLine
 10
1.2937007874015747
 20
2.468897637795276
 30
0.0
 11
1.8043307086614173
 21
2.1744094488188983
 31
0.0
  0
LINE
  5
5E4
330
17
100
AcDbEntity
  8
GEOMETRY
100
AcDbLine
 10
1.8043307086614173
 20
2.1744094488188983
 30
0.0
 11
1.8102362204724411
 21
2.1779527559055127
 31
0.0
  0
LINE
  5
5E5
330
17
100
AcDbEntity
  8
GEOMETRY
100
AcDbLine
 10
1.2937007874015747
 20
2.468897637795276
 30
0.0
 11
1.2972440944881891
 21
2.4673228346456697
 31
0.0
  0
LINE
  5
5E6
330
17
100
AcDbEntity
  8
GEOMETRY
100
AcDbLine
 10
1.2937007874015747
 20
2.6629921259842524
 30
0.0
 11
1.2972440944881891
 21
2.661023622047244
 31
0.0
  0
LINE
  5
5E7
330
17
100
AcDbEntity
  8
GEOMETRY
100
AcDbLine
 10
1.2972440944881891
 20
2.4673228346456697
 30
0.0
 11
1.2972440944881891
 21
2.661023622047244
 31
0.0
  0
LINE
  5
5E8
330
17
100
AcDbEntity
  8
GEOMETRY
100
AcDbLine
 10
1.2972440944881891
 20
2.4673228346456697
 30
0.0
 11
1.3031496062992127
 21
2.470866141732284
 31
0.0
  0
LINE
  5
5E9
330
17
100
AcDbEntity
  8
GEOMETRY
100
AcDbLine
 10
1.2937007874015747
 20
2.6629921259842524
 30
0.0
 11
1.2972440944881891
 21
2.661023622047244
 31
0.0
  0
LINE
  5
5EA
330
17
100
AcDbEntity
  8
GEOMETRY
100
AcDbLine
 10
1.800787401574803
 20
2.1763779527559057
 30
0.0
 11
1.8043307086614173
 21
2.1744094488188983
 31
0.0
  0
LINE
  5
5EB
330
17
100
AcDbEntity
  8
GEOMETRY
100
AcDbLine
 10
1.800787401574803
 20
2.370078740157481
 30
0.0
 11
1.8043307086614173
 21
2.368503937007875
 31
0.0
  0
LINE
  5
5EC
330
17
100
AcDbEntity
  8
GEOMETRY
100
AcDbLine
 10
1.8043307086614173
 20
2.1744094488188983
 30
0.0
 11
1.8043307086614173
 21
2.368503937007875
 31
0.0
  0
LINE
  5
5ED
330
17
100
AcDbEntity
  8
GEOMETRY
100
AcDbLine
 10
1.8043307086614173
 20
2.1744094488188983
 30
0.0
 11
1.8102362204724411
 21
2.1779527559055127
 31
0.0
  0
LINE
  5
5EE
330
17
100
AcDbEntity
  8
GEOMETRY
100
AcDbLine
 10
1.8043307086614173
 20
2.368503937007875
 30
0.0
 11
1.8102362204724411
 21
2.371653543307087
 31
0.0
  0
LINE
  5
5EF
330
17
100
AcDbEntity
  8
GEOMETRY
100
AcDbLine
 10
1.800787401574803
 20
2.370078740157481
 30
0.0
 11
1.8043307086614173
 21
2.368503937007875
 31
0.0
  0
LINE
  5
5F0
330
17
100
AcDbEntity
  8
GEOMETRY
100
AcDbLine
 10
1.8043307086614173
 20
2.368503937007875
 30
0.0
 11
1.8102362204724411
 21
2.371653543307087
 31
0.0
  0
LINE
  5
5F1
330
17
100
AcDbEntity
  8
GEOMETRY
100
AcDbLine
 10
1.8070866141732282
 20
2.3736220472440954
 30
0.0
 11
1.8043307086614173
 21
2.372047244094488
 31
0.0
  0
LINE
  5
5F2
330
17
100
AcDbEntity
  8
GEOMETRY
100
AcDbLine
 10
1.2972440944881891
 20
2.2177165354330715
 30
0.0
 11
1.8043307086614173
 21
1.9248031496062998
 31
0.0
  0
LINE
  5
5F3
330
17
100
AcDbEntity
  8
GEOMETRY
100
AcDbLine
 10
1.2972440944881891
 20
2.444488188976378
 30
0.0
 11
1.8074803149606298
 21
2.1496062992125995
 31
0.0
  0
LINE
  5
5F4
330
17
100
AcDbEntity
  8
GEOMETRY
100
AcDbLine
 10
1.8074803149606298
 20
1.9228346456692915
 30
0.0
 11
1.8074803149606298
 21
2.1496062992125995
 31
0.0
  0
LINE
  5
5F5
330
17
100
AcDbEntity
  8
GEOMETRY
100
AcDbLine
 10
1.5125984251968505
 20
2.2165354330708666
 30
0.0
 11
1.5118110236220472
 21
2.2122047244094496
 31
0.0
  0
LINE
  5
5F6
330
17
100
AcDbEntity
  8
GEOMETRY
100
AcDbLine
 10
1.5118110236220472
 20
2.2122047244094496
 30
0.0
 11
1.509055118110236
 21
2.2098425196850404
 31
0.0
  0
LINE
  5
5F7
330
17
100
AcDbEntity
  8
GEOMETRY
100
AcDbLine
 10
1.509055118110236
 20
2.2098425196850404
 30
0.0
 11
1.5051181102362206
 21
2.2098425196850404
 31
0.0
  0
LINE
  5
5F8
330
17
100
AcDbEntity
  8
GEOMETRY
100
AcDbLine
 10
1.5051181102362206
 20
2.2098425196850404
 30
0.0
 11
1.500787401574803
 21
2.212598425196851
 31
0.0
  0
LINE
  5
5F9
330
17
100
AcDbEntity
  8
GEOMETRY
100
AcDbLine
 10
1.500787401574803
 20
2.212598425196851
 30
0.0
 11
1.4964566929133858
 21
2.216929133858268
 31
0.0
  0
LINE
  5
5FA
330
17
100
AcDbEntity
  8
GEOMETRY
100
AcDbLine
 10
1.4964566929133858
 20
2.216929133858268
 30
0.0
 11
1.4937007874015746
 21
2.2224409448818903
 31
0.0
  0
LINE
  5
5FB
330
17
100
AcDbEntity
  8
GEOMETRY
100
AcDbLine
 10
1.4937007874015746
 20
2.2224409448818903
 30
0.0
 11
1.4929133858267718
 21
2.227952755905512
 31
0.0
  0
LINE
  5
5FC
330
17
100
AcDbEntity
  8
GEOMETRY
100
AcDbLine
 10
1.4929133858267718
 20
2.227952755905512
 30
0.0
 11
1.4937007874015746
 21
2.232677165354331
 31
0.0
  0
LINE
  5
5FD
330
17
100
AcDbEntity
  8
GEOMETRY
100
AcDbLine
 10
1.4937007874015746
 20
2.232677165354331
 30
0.0
 11
1.4964566929133858
 21
2.2350393700787405
 31
0.0
  0
LINE
  5
5FE
330
17
100
AcDbEntity
  8
GEOMETRY
100
AcDbLine
 10
1.4964566929133858
 20
2.2350393700787405
 30
0.0
 11
1.500787401574803
 21
2.2346456692913392
 31
0.0
  0
LINE
  5
5FF
330
17
100
AcDbEntity
  8
GEOMETRY
100
AcDbLine
 10
1.500787401574803
 20
2.2346456692913392
 30
0.0
 11
1.5051181102362206
 21
2.2322834645669296
 31
0.0
  0
LINE
  5
600
330
17
100
AcDbEntity
  8
GEOMETRY
100
AcDbLine
 10
1.5051181102362206
 20
2.2322834645669296
 30
0.0
 11
1.509055118110236
 21
2.227952755905512
 31
0.0
  0
LINE
  5
601
330
17
100
AcDbEntity
  8
GEOMETRY
100
AcDbLine
 10
1.509055118110236
 20
2.227952755905512
 30
0.0
 11
1.5118110236220472
 21
2.2220472440944894
 31
0.0
  0
LINE
  5
602
330
17
100
AcDbEntity
  8
GEOMETRY
100
AcDbLine
 10
1.5118110236220472
 20
2.2220472440944894
 30
0.0
 11
1.5125984251968505
 21
2.2165354330708666
 31
0.0
  0
LINE
  5
603
330
17
100
AcDbEntity
  8
GEOMETRY
100
AcDbLine
 10
1.611811023622047
 20
2.159448818897639
 30
0.0
 11
1.6106299212598423
 21
2.155118110236221
 31
0.0
  0
LINE
  5
604
330
17
100
AcDbEntity
  8
GEOMETRY
100
AcDbLine
 10
1.6106299212598423
 20
2.155118110236221
 30
0.0
 11
1.6078740157480316
 21
2.1527559055118113
 31
0.0
  0
LINE
  5
605
330
17
100
AcDbEntity
  8
GEOMETRY
100
AcDbLine
 10
1.6078740157480316
 20
2.1527559055118113
 30
0.0
 11
1.6039370078740158
 21
2.1527559055118113
 31
0.0
  0
LINE
  5
606
330
17
100
AcDbEntity
  8
GEOMETRY
100
AcDbLine
 10
1.6039370078740158
 20
2.1527559055118113
 30
0.0
 11
1.5996062992125986
 21
2.155511811023622
 31
0.0
  0
LINE
  5
607
330
17
100
AcDbEntity
  8
GEOMETRY
100
AcDbLine
 10
1.5996062992125986
 20
2.155511811023622
 30
0.0
 11
1.5956692913385826
 21
2.1598425196850397
 31
0.0
  0
LINE
  5
608
330
17
100
AcDbEntity
  8
GEOMETRY
100
AcDbLine
 10
1.5956692913385826
 20
2.1598425196850397
 30
0.0
 11
1.5929133858267717
 21
2.1653543307086616
 31
0.0
  0
LINE
  5
609
330
17
100
AcDbEntity
  8
GEOMETRY
100
AcDbLine
 10
1.5929133858267717
 20
2.1653543307086616
 30
0.0
 11
1.5917322834645669
 21
2.170866141732284
 31
0.0
  0
LINE
  5
60A
330
17
100
AcDbEntity
  8
GEOMETRY
100
AcDbLine
 10
1.5917322834645669
 20
2.170866141732284
 30
0.0
 11
1.5929133858267717
 21
2.175196850393701
 31
0.0
  0
LINE
  5
60B
330
17
100
AcDbEntity
  8
GEOMETRY
100
AcDbLine
 10
1.5929133858267717
 20
2.175196850393701
 30
0.0
 11
1.5956692913385826
 21
2.17755905511811
 31
0.0
  0
LINE
  5
60C
330
17
100
AcDbEntity
  8
GEOMETRY
100
AcDbLine
 10
1.5956692913385826
 20
2.17755905511811
 30
0.0
 11
1.5996062992125986
 21
2.17755905511811
 31
0.0
  0
LINE
  5
60D
330
17
100
AcDbEntity
  8
GEOMETRY
100
AcDbLine
 10
1.5996062992125986
 20
2.17755905511811
 30
0.0
 11
1.6039370078740158
 21
2.175196850393701
 31
0.0
  0
LINE
  5
60E
330
17
100
AcDbEntity
  8
GEOMETRY
100
AcDbLine
 10
1.6039370078740158
 20
2.175196850393701
 30
0.0
 11
1.6078740157480316
 21
2.170472440944883
 31
0.0
  0
LINE
  5
60F
330
17
100
AcDbEntity
  8
GEOMETRY
100
AcDbLine
 10
1.6078740157480316
 20
2.170472440944883
 30
0.0
 11
1.6106299212598423
 21
2.1649606299212603
 31
0.0
  0
LINE
  5
610
330
17
100
AcDbEntity
  8
GEOMETRY
100
AcDbLine
 10
1.6106299212598423
 20
2.1649606299212603
 30
0.0
 11
1.611811023622047
 21
2.159448818897639
 31
0.0
  0
LINE
  5
611
330
17
100
AcDbEntity
  8
GEOMETRY
100
AcDbLine
 10
1.8074803149606298
 20
1.9228346456692915
 30
0.0
 11
1.8102362204724411
 21
1.9244094488188985
 31
0.0
  0
LINE
  5
612
330
17
100
AcDbEntity
  8
GEOMETRY
100
AcDbLine
 10
1.8074803149606298
 20
2.1496062992125995
 30
0.0
 11
1.8102362204724411
 21
2.151181102362205
 31
0.0
  0
LINE
  5
613
330
17
100
AcDbEntity
  8
GEOMETRY
100
AcDbLine
 10
1.2972440944881891
 20
2.444488188976378
 30
0.0
 11
1.8074803149606298
 21
2.1496062992125995
 31
0.0
  0
LINE
  5
614
330
17
100
AcDbEntity
  8
GEOMETRY
100
AcDbLine
 10
1.8074803149606298
 20
2.1496062992125995
 30
0.0
 11
1.8102362204724411
 21
2.151181102362205
 31
0.0
  0
LINE
  5
615
330
17
100
AcDbEntity
  8
GEOMETRY
100
AcDbLine
 10
1.8102362204724411
 20
2.151181102362205
 30
0.0
 11
1.3
 21
2.4460629921259853
 31
0.0
  0
LINE
  5
616
330
17
100
AcDbEntity
  8
GEOMETRY
100
AcDbLine
 10
1.3
 20
2.4460629921259853
 30
0.0
 11
1.2972440944881891
 21
2.444488188976378
 31
0.0
  0
LINE
  5
617
330
17
100
AcDbEntity
  8
GEOMETRY
100
AcDbLine
 10
1.2937007874015747
 20
2.438582677165355
 30
0.0
 11
1.8043307086614173
 21
2.1440944881889767
 31
0.0
  0
LINE
  5
618
330
17
100
AcDbEntity
  8
GEOMETRY
100
AcDbLine
 10
1.2937007874015747
 20
2.442519685039371
 30
0.0
 11
1.8043307086614173
 21
2.147637795275591
 31
0.0
  0
LINE
  5
619
330
17
100
AcDbEntity
  8
GEOMETRY
100
AcDbLine
 10
1.8043307086614173
 20
2.1440944881889767
 30
0.0
 11
1.8043307086614173
 21
2.147637795275591
 31
0.0
  0
LINE
  5
61A
330
17
100
AcDbEntity
  8
GEOMETRY
100
AcDbLine
 10
1.8043307086614173
 20
2.1440944881889767
 30
0.0
 11
1.8102362204724411
 21
2.147637795275591
 31
0.0
  0
LINE
  5
61B
330
17
100
AcDbEntity
  8
GEOMETRY
100
AcDbLine
 10
1.8043307086614173
 20
2.147637795275591
 30
0.0
 11
1.8102362204724411
 21
2.151181102362205
 31
0.0
  0
LINE
  5
61C
330
17
100
AcDbEntity
  8
GEOMETRY
100
AcDbLine
 10
1.2937007874015747
 20
2.442519685039371
 30
0.0
 11
1.8043307086614173
 21
2.147637795275591
 31
0.0
  0
LINE
  5
61D
330
17
100
AcDbEntity
  8
GEOMETRY
100
AcDbLine
 10
1.8043307086614173
 20
2.147637795275591
 30
0.0
 11
1.8102362204724411
 21
2.151181102362205
 31
0.0
  0
LINE
  5
61E
330
17
100
AcDbEntity
  8
GEOMETRY
100
AcDbLine
 10
1.8102362204724411
 20
2.151181102362205
 30
0.0
 11
1.3
 21
2.4460629921259853
 31
0.0
  0
LINE
  5
61F
330
17
100
AcDbEntity
  8
GEOMETRY
100
AcDbLine
 10
1.3
 20
2.4460629921259853
 30
0.0
 11
1.2937007874015747
 21
2.442519685039371
 31
0.0
  0
LINE
  5
620
330
17
100
AcDbEntity
  8
GEOMETRY
100
AcDbLine
 10
1.2937007874015747
 20
2.215748031496063
 30
0.0
 11
1.8043307086614173
 21
1.9212598425196854
 31
0.0
  0
LINE
  5
621
330
17
100
AcDbEntity
  8
GEOMETRY
100
AcDbLine
 10
1.2937007874015747
 20
2.2196850393700798
 30
0.0
 11
1.8043307086614173
 21
1.9248031496062998
 31
0.0
  0
LINE
  5
622
330
17
100
AcDbEntity
  8
GEOMETRY
100
AcDbLine
 10
1.8043307086614173
 20
1.9212598425196854
 30
0.0
 11
1.8043307086614173
 21
1.9248031496062998
 31
0.0
  0
LINE
  5
623
330
17
100
AcDbEntity
  8
GEOMETRY
100
AcDbLine
 10
1.8043307086614173
 20
1.9212598425196854
 30
0.0
 11
1.8102362204724411
 21
1.9244094488188985
 31
0.0
  0
LINE
  5
624
330
17
100
AcDbEntity
  8
GEOMETRY
100
AcDbLine
 10
1.8043307086614173
 20
1.9248031496062998
 30
0.0
 11
1.8102362204724411
 21
1.928346456692914
 31
0.0
  0
LINE
  5
625
330
17
100
AcDbEntity
  8
GEOMETRY
100
AcDbLine
 10
1.2937007874015747
 20
2.2196850393700798
 30
0.0
 11
1.8043307086614173
 21
1.9248031496062998
 31
0.0
  0
LINE
  5
626
330
17
100
AcDbEntity
  8
GEOMETRY
100
AcDbLine
 10
1.8043307086614173
 20
1.9248031496062998
 30
0.0
 11
1.8102362204724411
 21
1.928346456692914
 31
0.0
  0
LINE
  5
627
330
17
100
AcDbEntity
  8
GEOMETRY
100
AcDbLine
 10
1.2937007874015747
 20
2.2196850393700798
 30
0.0
 11
1.2972440944881891
 21
2.2177165354330715
 31
0.0
  0
LINE
  5
628
330
17
100
AcDbEntity
  8
GEOMETRY
100
AcDbLine
 10
1.2937007874015747
 20
2.438582677165355
 30
0.0
 11
1.2972440944881891
 21
2.436614173228347
 31
0.0
  0
LINE
  5
629
330
17
100
AcDbEntity
  8
GEOMETRY
100
AcDbLine
 10
1.2972440944881891
 20
2.2177165354330715
 30
0.0
 11
1.2972440944881891
 21
2.436614173228347
 31
0.0
  0
LINE
  5
62A
330
17
100
AcDbEntity
  8
GEOMETRY
100
AcDbLine
 10
1.2972440944881891
 20
2.2177165354330715
 30
0.0
 11
1.3031496062992127
 21
2.2212598425196854
 31
0.0
  0
LINE
  5
62B
330
17
100
AcDbEntity
  8
GEOMETRY
100
AcDbLine
 10
1.2937007874015747
 20
2.438582677165355
 30
0.0
 11
1.2972440944881891
 21
2.436614173228347
 31
0.0
  0
LINE
  5
62C
330
17
100
AcDbEntity
  8
GEOMETRY
100
AcDbLine
 10
1.800787401574803
 20
1.9267716535433081
 30
0.0
 11
1.8043307086614173
 21
1.9248031496062998
 31
0.0
  0
LINE
  5
62D
330
17
100
AcDbEntity
  8
GEOMETRY
100
AcDbLine
 10
1.800787401574803
 20
2.146062992125985
 30
0.0
 11
1.8043307086614173
 21
2.1440944881889767
 31
0.0
  0
LINE
  5
62E
330
17
100
AcDbEntity
  8
GEOMETRY
100
AcDbLine
 10
1.8043307086614173
 20
1.9248031496062998
 30
0.0
 11
1.8043307086614173
 21
2.1440944881889767
 31
0.0
  0
LINE
  5
62F
330
17
100
AcDbEntity
  8
GEOMETRY
100
AcDbLine
 10
1.8043307086614173
 20
1.9248031496062998
 30
0.0
 11
1.8102362204724411
 21
1.928346456692914
 31
0.0
  0
LINE
  5
630
330
17
100
AcDbEntity
  8
GEOMETRY
100
AcDbLine
 10
1.8043307086614173
 20
2.1440944881889767
 30
0.0
 11
1.8102362204724411
 21
2.147637795275591
 31
0.0
  0
LINE
  5
631
330
17
100
AcDbEntity
  8
GEOMETRY
100
AcDbLine
 10
1.800787401574803
 20
2.146062992125985
 30
0.0
 11
1.8043307086614173
 21
2.1440944881889767
 31
0.0
  0
LINE
  5
632
330
17
100
AcDbEntity
  8
GEOMETRY
100
AcDbLine
 10
1.8043307086614173
 20
2.1440944881889767
 30
0.0
 11
1.8102362204724411
 21
2.147637795275591
 31
0.0
  0
LINE
  5
633
330
17
100
AcDbEntity
  8
GEOMETRY
100
AcDbLine
 10
1.8070866141732282
 20
2.149212598425197
 30
0.0
 11
1.8043307086614173
 21
2.147637795275591
 31
0.0
  0
LINE
  5
634
330
17
100
AcDbEntity
  8
GEOMETRY
100
AcDbLine
 10
1.3200787401574803
 20
2.875984251968504
 30
0.0
 11
1.32244094488189
 21
2.8775590551181103
 31
0.0
  0
LINE
  5
635
330
17
100
AcDbEntity
  8
GEOMETRY
100
AcDbLine
 10
1.3255905511811024
 20
2.8791338582677173
 30
0.0
 11
1.3279527559055118
 21
2.8807086614173234
 31
0.0
  0
LINE
  5
636
330
17
100
AcDbEntity
  8
GEOMETRY
100
AcDbLine
 10
1.3311023622047244
 20
2.8822834645669295
 30
0.0
 11
1.3334645669291338
 21
2.883858267716535
 31
0.0
  0
LINE
  5
637
330
17
100
AcDbEntity
  8
GEOMETRY
100
AcDbLine
 10
1.4086614173228347
 20
2.9271653543307097
 30
0.0
 11
1.410236220472441
 21
2.927952755905512
 31
0.0
  0
LINE
  5
638
330
17
100
AcDbEntity
  8
GEOMETRY
100
AcDbLine
 10
1.4177165354330707
 20
2.93228346456693
 30
0.0
 11
1.419291338582677
 21
2.9330708661417324
 31
0.0
  0
LINE
  5
639
330
17
100
AcDbEntity
  8
GEOMETRY
100
AcDbLine
 10
1.4263779527559057
 20
2.93740157480315
 30
0.0
 11
1.4279527559055116
 21
2.938188976377954
 31
0.0
  0
LINE
  5
63A
330
17
100
AcDbEntity
  8
GEOMETRY
100
AcDbLine
 10
1.4295275590551182
 20
2.939370078740158
 30
0.0
 11
1.4295275590551182
 21
2.939370078740158
 31
0.0
  0
LINE
  5
63B
330
17
100
AcDbEntity
  8
GEOMETRY
100
AcDbLine
 10
1.291732283464567
 20
2.892519685039371
 30
0.0
 11
1.2937007874015747
 21
2.894094488188977
 31
0.0
  0
LINE
  5
63C
330
17
100
AcDbEntity
  8
GEOMETRY
100
AcDbLine
 10
1.2972440944881891
 20
2.8956692913385833
 30
0.0
 11
1.2992125984251968
 21
2.897244094488189
 31
0.0
  0
LINE
  5
63D
330
17
100
AcDbEntity
  8
GEOMETRY
100
AcDbLine
 10
1.3027559055118112
 20
2.898818897637796
 30
0.0
 11
1.3047244094488188
 21
2.900393700787402
 31
0.0
  0
LINE
  5
63E
330
17
100
AcDbEntity
  8
GEOMETRY
100
AcDbLine
 10
1.3803149606299214
 20
2.9437007874015753
 30
0.0
 11
1.3818897637795275
 21
2.9444881889763788
 31
0.0
  0
LINE
  5
63F
330
17
100
AcDbEntity
  8
GEOMETRY
100
AcDbLine
 10
1.388976377952756
 20
2.9488188976377954
 30
0.0
 11
1.390551181102362
 21
2.949606299212599
 31
0.0
  0
LINE
  5
640
330
17
100
AcDbEntity
  8
GEOMETRY
100
AcDbLine
 10
1.3976377952755905
 20
2.953937007874017
 30
0.0
 11
1.3992125984251969
 21
2.9547244094488194
 31
0.0
  0
LINE
  5
641
330
17
100
AcDbEntity
  8
GEOMETRY
100
AcDbLine
 10
1.400787401574803
 20
2.9559055118110242
 30
0.0
 11
1.401181102362205
 21
2.9559055118110242
 31
0.0
  0
LINE
  5
642
330
17
100
AcDbEntity
  8
GEOMETRY
100
AcDbLine
 10
1.291732283464567
 20
2.892519685039371
 30
0.0
 11
1.2937007874015747
 21
2.894094488188977
 31
0.0
  0
LINE
  5
643
330
17
100
AcDbEntity
  8
GEOMETRY
100
AcDbLine
 10
1.2972440944881891
 20
2.8956692913385833
 30
0.0
 11
1.2992125984251968
 21
2.897244094488189
 31
0.0
  0
LINE
  5
644
330
17
100
AcDbEntity
  8
GEOMETRY
100
AcDbLine
 10
1.3027559055118112
 20
2.898818897637796
 30
0.0
 11
1.3047244094488188
 21
2.900393700787402
 31
0.0
  0
LINE
  5
645
330
17
100
AcDbEntity
  8
GEOMETRY
100
AcDbLine
 10
1.3803149606299214
 20
2.9437007874015753
 30
0.0
 11
1.3818897637795275
 21
2.9444881889763788
 31
0.0
  0
LINE
  5
646
330
17
100
AcDbEntity
  8
GEOMETRY
100
AcDbLine
 10
1.388976377952756
 20
2.9488188976377954
 30
0.0
 11
1.390551181102362
 21
2.949606299212599
 31
0.0
  0
LINE
  5
647
330
17
100
AcDbEntity
  8
GEOMETRY
100
AcDbLine
 10
1.3976377952755905
 20
2.953937007874017
 30
0.0
 11
1.3992125984251969
 21
2.9547244094488194
 31
0.0
  0
LINE
  5
648
330
17
100
AcDbEntity
  8
GEOMETRY
100
AcDbLine
 10
1.400787401574803
 20
2.9559055118110242
 30
0.0
 11
1.401181102362205
 21
2.9559055118110242
 31
0.0
  0
LINE
  5
649
330
17
100
AcDbEntity
  8
GEOMETRY
100
AcDbLine
 10
1.3901574803149608
 20
2.962204724409449
 30
0.0
 11
1.3901574803149608
 21
2.962204724409449
 31
0.0
  0
LINE
  5
64A
330
17
100
AcDbEntity
  8
GEOMETRY
100
AcDbLine
 10
1.3881889763779527
 20
2.9610236220472443
 30
0.0
 11
1.3866141732283463
 21
2.960236220472441
 31
0.0
  0
LINE
  5
64B
330
17
100
AcDbEntity
  8
GEOMETRY
100
AcDbLine
 10
1.3795275590551181
 20
2.9559055118110242
 30
0.0
 11
1.3779527559055118
 21
2.9551181102362207
 31
0.0
  0
LINE
  5
64C
330
17
100
AcDbEntity
  8
GEOMETRY
100
AcDbLine
 10
1.3708661417322834
 20
2.951181102362205
 30
0.0
 11
1.3692913385826773
 21
2.95
 31
0.0
  0
LINE
  5
64D
330
17
100
AcDbEntity
  8
GEOMETRY
100
AcDbLine
 10
1.2937007874015747
 20
2.906692913385827
 30
0.0
 11
1.291732283464567
 21
2.9055118110236227
 31
0.0
  0
LINE
  5
64E
330
17
100
AcDbEntity
  8
GEOMETRY
100
AcDbLine
 10
1.2881889763779526
 20
2.9035433070866143
 30
0.0
 11
1.286220472440945
 21
2.9019685039370082
 31
0.0
  0
LINE
  5
64F
330
17
100
AcDbEntity
  8
GEOMETRY
100
AcDbLine
 10
1.2826771653543305
 20
2.900393700787402
 30
0.0
 11
1.2807086614173229
 21
2.898818897637796
 31
0.0
  0
LINE
  5
650
330
17
100
AcDbEntity
  8
GEOMETRY
100
AcDbLine
 10
1.7976377952755904
 20
2.600393700787402
 30
0.0
 11
1.7996062992125985
 21
2.601968503937008
 31
0.0
  0
LINE
  5
651
330
17
100
AcDbEntity
  8
GEOMETRY
100
AcDbLine
 10
1.8031496062992125
 20
2.603543307086615
 30
0.0
 11
1.8051181102362206
 21
2.605118110236221
 31
0.0
  0
LINE
  5
652
330
17
100
AcDbEntity
  8
GEOMETRY
100
AcDbLine
 10
1.8086614173228346
 20
2.606692913385827
 30
0.0
 11
1.8106299212598427
 21
2.608267716535433
 31
0.0
  0
LINE
  5
653
330
17
100
AcDbEntity
  8
GEOMETRY
100
AcDbLine
 10
1.811811023622047
 20
2.6086614173228355
 30
0.0
 11
1.8133858267716536
 21
2.6098425196850403
 31
0.0
  0
LINE
  5
654
330
17
100
AcDbEntity
  8
GEOMETRY
100
AcDbLine
 10
1.8862204724409448
 20
2.6515748031496074
 30
0.0
 11
1.8877952755905512
 21
2.6523622047244095
 31
0.0
  0
LINE
  5
655
330
17
100
AcDbEntity
  8
GEOMETRY
100
AcDbLine
 10
1.8948818897637794
 20
2.6566929133858275
 30
0.0
 11
1.896456692913386
 21
2.65748031496063
 31
0.0
  0
LINE
  5
656
330
17
100
AcDbEntity
  8
GEOMETRY
100
AcDbLine
 10
1.9035433070866141
 20
2.6618110236220476
 30
0.0
 11
1.9051181102362205
 21
2.662598425196851
 31
0.0
  0
LINE
  5
657
330
17
100
AcDbEntity
  8
GEOMETRY
100
AcDbLine
 10
1.9070866141732283
 20
2.663779527559056
 30
0.0
 11
1.9070866141732283
 21
2.663779527559056
 31
0.0
  0
LINE
  5
658
330
17
100
AcDbEntity
  8
GEOMETRY
100
AcDbLine
 10
1.7688976377952756
 20
2.6169291338582688
 30
0.0
 11
1.771259842519685
 21
2.618503937007875
 31
0.0
  0
LINE
  5
659
330
17
100
AcDbEntity
  8
GEOMETRY
100
AcDbLine
 10
1.7744094488188977
 20
2.6200787401574805
 30
0.0
 11
1.7767716535433071
 21
2.6216535433070867
 31
0.0
  0
LINE
  5
65A
330
17
100
AcDbEntity
  8
GEOMETRY
100
AcDbLine
 10
1.7799212598425196
 20
2.6232283464566937
 30
0.0
 11
1.782283464566929
 21
2.6248031496063
 31
0.0
  0
LINE
  5
65B
330
17
100
AcDbEntity
  8
GEOMETRY
100
AcDbLine
 10
1.8574803149606298
 20
2.668110236220473
 30
0.0
 11
1.8590551181102362
 21
2.6688976377952764
 31
0.0
  0
LINE
  5
65C
330
17
100
AcDbEntity
  8
GEOMETRY
100
AcDbLine
 10
1.8661417322834646
 20
2.673228346456693
 30
0.0
 11
1.8677165354330707
 21
2.6740157480314966
 31
0.0
  0
LINE
  5
65D
330
17
100
AcDbEntity
  8
GEOMETRY
100
AcDbLine
 10
1.8751968503937007
 20
2.6783464566929136
 30
0.0
 11
1.8767716535433072
 21
2.679133858267717
 31
0.0
  0
LINE
  5
65E
330
17
100
AcDbEntity
  8
GEOMETRY
100
AcDbLine
 10
1.8783464566929133
 20
2.680314960629922
 30
0.0
 11
1.8783464566929133
 21
2.680314960629922
 31
0.0
  0
LINE
  5
65F
330
17
100
AcDbEntity
  8
GEOMETRY
100
AcDbLine
 10
1.7688976377952756
 20
2.6169291338582688
 30
0.0
 11
1.771259842519685
 21
2.618503937007875
 31
0.0
  0
LINE
  5
660
330
17
100
AcDbEntity
  8
GEOMETRY
100
AcDbLine
 10
1.7744094488188977
 20
2.6200787401574805
 30
0.0
 11
1.7767716535433071
 21
2.6216535433070867
 31
0.0
  0
LINE
  5
661
330
17
100
AcDbEntity
  8
GEOMETRY
100
AcDbLine
 10
1.7799212598425196
 20
2.6232283464566937
 30
0.0
 11
1.782283464566929
 21
2.6248031496063
 31
0.0
  0
LINE
  5
662
330
17
100
AcDbEntity
  8
GEOMETRY
100
AcDbLine
 10
1.8574803149606298
 20
2.668110236220473
 30
0.0
 11
1.8590551181102362
 21
2.6688976377952764
 31
0.0
  0
LINE
  5
663
330
17
100
AcDbEntity
  8
GEOMETRY
100
AcDbLine
 10
1.8661417322834646
 20
2.673228346456693
 30
0.0
 11
1.8677165354330707
 21
2.6740157480314966
 31
0.0
  0
LINE
  5
664
330
17
100
AcDbEntity
  8
GEOMETRY
100
AcDbLine
 10
1.8751968503937007
 20
2.6783464566929136
 30
0.0
 11
1.8767716535433072
 21
2.679133858267717
 31
0.0
  0
LINE
  5
665
330
17
100
AcDbEntity
  8
GEOMETRY
100
AcDbLine
 10
1.8783464566929133
 20
2.680314960629922
 30
0.0
 11
1.8783464566929133
 21
2.680314960629922
 31
0.0
  0
LINE
  5
666
330
17
100
AcDbEntity
  8
GEOMETRY
100
AcDbLine
 10
1.3255905511811024
 20
2.8728346456692924
 30
0.0
 11
1.3279527559055118
 21
2.8744094488188985
 31
0.0
  0
LINE
  5
667
330
17
100
AcDbEntity
  8
GEOMETRY
100
AcDbLine
 10
1.3311023622047244
 20
2.875984251968504
 30
0.0
 11
1.3334645669291338
 21
2.8775590551181103
 31
0.0
  0
LINE
  5
668
330
17
100
AcDbEntity
  8
GEOMETRY
100
AcDbLine
 10
1.3366141732283465
 20
2.8791338582677173
 30
0.0
 11
1.3389763779527557
 21
2.8807086614173234
 31
0.0
  0
LINE
  5
669
330
17
100
AcDbEntity
  8
GEOMETRY
100
AcDbLine
 10
1.4141732283464568
 20
2.9240157480314966
 30
0.0
 11
1.415748031496063
 21
2.9248031496063
 31
0.0
  0
LINE
  5
66A
330
17
100
AcDbEntity
  8
GEOMETRY
100
AcDbLine
 10
1.4232283464566928
 20
2.9291338582677167
 30
0.0
 11
1.4248031496062992
 21
2.92992125984252
 31
0.0
  0
LINE
  5
66B
330
17
100
AcDbEntity
  8
GEOMETRY
100
AcDbLine
 10
1.4318897637795274
 20
2.934251968503938
 30
0.0
 11
1.4334645669291337
 21
2.9350393700787407
 31
0.0
  0
LINE
  5
66C
330
17
100
AcDbEntity
  8
GEOMETRY
100
AcDbLine
 10
1.4350393700787403
 20
2.9362204724409455
 30
0.0
 11
1.4350393700787403
 21
2.9362204724409455
 31
0.0
  0
LINE
  5
66D
330
17
100
AcDbEntity
  8
GEOMETRY
100
AcDbLine
 10
1.3200787401574803
 20
2.875984251968504
 30
0.0
 11
1.32244094488189
 21
2.8775590551181103
 31
0.0
  0
LINE
  5
66E
330
17
100
AcDbEntity
  8
GEOMETRY
100
AcDbLine
 10
1.3255905511811024
 20
2.8791338582677173
 30
0.0
 11
1.3279527559055118
 21
2.8807086614173234
 31
0.0
  0
LINE
  5
66F
330
17
100
AcDbEntity
  8
GEOMETRY
100
AcDbLine
 10
1.3311023622047244
 20
2.8822834645669295
 30
0.0
 11
1.3334645669291338
 21
2.883858267716535
 31
0.0
  0
LINE
  5
670
330
17
100
AcDbEntity
  8
GEOMETRY
100
AcDbLine
 10
1.4086614173228347
 20
2.9271653543307097
 30
0.0
 11
1.410236220472441
 21
2.927952755905512
 31
0.0
  0
LINE
  5
671
330
17
100
AcDbEntity
  8
GEOMETRY
100
AcDbLine
 10
1.4177165354330707
 20
2.93228346456693
 30
0.0
 11
1.419291338582677
 21
2.9330708661417324
 31
0.0
  0
LINE
  5
672
330
17
100
AcDbEntity
  8
GEOMETRY
100
AcDbLine
 10
1.4263779527559057
 20
2.93740157480315
 30
0.0
 11
1.4279527559055116
 21
2.938188976377954
 31
0.0
  0
LINE
  5
673
330
17
100
AcDbEntity
  8
GEOMETRY
100
AcDbLine
 10
1.4295275590551182
 20
2.939370078740158
 30
0.0
 11
1.4295275590551182
 21
2.939370078740158
 31
0.0
  0
LINE
  5
674
330
17
100
AcDbEntity
  8
GEOMETRY
100
AcDbLine
 10
1.3200787401574803
 20
2.875984251968504
 30
0.0
 11
1.32244094488189
 21
2.8775590551181103
 31
0.0
  0
LINE
  5
675
330
17
100
AcDbEntity
  8
GEOMETRY
100
AcDbLine
 10
1.3255905511811024
 20
2.8791338582677173
 30
0.0
 11
1.3279527559055118
 21
2.8807086614173234
 31
0.0
  0
LINE
  5
676
330
17
100
AcDbEntity
  8
GEOMETRY
100
AcDbLine
 10
1.3311023622047244
 20
2.8822834645669295
 30
0.0
 11
1.3334645669291338
 21
2.883858267716535
 31
0.0
  0
LINE
  5
677
330
17
100
AcDbEntity
  8
GEOMETRY
100
AcDbLine
 10
1.4086614173228347
 20
2.9271653543307097
 30
0.0
 11
1.410236220472441
 21
2.927952755905512
 31
0.0
  0
LINE
  5
678
330
17
100
AcDbEntity
  8
GEOMETRY
100
AcDbLine
 10
1.4177165354330707
 20
2.93228346456693
 30
0.0
 11
1.419291338582677
 21
2.9330708661417324
 31
0.0
  0
LINE
  5
679
330
17
100
AcDbEntity
  8
GEOMETRY
100
AcDbLine
 10
1.4263779527559057
 20
2.93740157480315
 30
0.0
 11
1.4279527559055116
 21
2.938188976377954
 31
0.0
  0
LINE
  5
67A
330
17
100
AcDbEntity
  8
GEOMETRY
100
AcDbLine
 10
1.4295275590551182
 20
2.939370078740158
 30
0.0
 11
1.4295275590551182
 21
2.939370078740158
 31
0.0
  0
LINE
  5
67B
330
17
100
AcDbEntity
  8
GEOMETRY
100
AcDbLine
 10
1.7688976377952756
 20
2.6169291338582688
 30
0.0
 11
1.771259842519685
 21
2.618503937007875
 31
0.0
  0
LINE
  5
67C
330
17
100
AcDbEntity
  8
GEOMETRY
100
AcDbLine
 10
1.7744094488188977
 20
2.6200787401574805
 30
0.0
 11
1.7767716535433071
 21
2.6216535433070867
 31
0.0
  0
LINE
  5
67D
330
17
100
AcDbEntity
  8
GEOMETRY
100
AcDbLine
 10
1.7799212598425196
 20
2.6232283464566937
 30
0.0
 11
1.782283464566929
 21
2.6248031496063
 31
0.0
  0
LINE
  5
67E
330
17
100
AcDbEntity
  8
GEOMETRY
100
AcDbLine
 10
1.8574803149606298
 20
2.668110236220473
 30
0.0
 11
1.8590551181102362
 21
2.6688976377952764
 31
0.0
  0
LINE
  5
67F
330
17
100
AcDbEntity
  8
GEOMETRY
100
AcDbLine
 10
1.8661417322834646
 20
2.673228346456693
 30
0.0
 11
1.8677165354330707
 21
2.6740157480314966
 31
0.0
  0
LINE
  5
680
330
17
100
AcDbEntity
  8
GEOMETRY
100
AcDbLine
 10
1.8751968503937007
 20
2.6783464566929136
 30
0.0
 11
1.8767716535433072
 21
2.679133858267717
 31
0.0
  0
LINE
  5
681
330
17
100
AcDbEntity
  8
GEOMETRY
100
AcDbLine
 10
1.8783464566929133
 20
2.680314960629922
 30
0.0
 11
1.8783464566929133
 21
2.680314960629922
 31
0.0
  0
LINE
  5
682
330
17
100
AcDbEntity
  8
GEOMETRY
100
AcDbLine
 10
1.7633858267716536
 20
2.6200787401574805
 30
0.0
 11
1.765748031496063
 21
2.6216535433070867
 31
0.0
  0
LINE
  5
683
330
17
100
AcDbEntity
  8
GEOMETRY
100
AcDbLine
 10
1.7688976377952756
 20
2.6232283464566937
 30
0.0
 11
1.771259842519685
 21
2.6248031496063
 31
0.0
  0
LINE
  5
684
330
17
100
AcDbEntity
  8
GEOMETRY
100
AcDbLine
 10
1.7744094488188977
 20
2.626377952755906
 30
0.0
 11
1.7767716535433071
 21
2.6279527559055116
 31
0.0
  0
LINE
  5
685
330
17
100
AcDbEntity
  8
GEOMETRY
100
AcDbLine
 10
1.8519685039370077
 20
2.671259842519686
 30
0.0
 11
1.853543307086614
 21
2.6720472440944882
 31
0.0
  0
LINE
  5
686
330
17
100
AcDbEntity
  8
GEOMETRY
100
AcDbLine
 10
1.8606299212598427
 20
2.676377952755906
 30
0.0
 11
1.8622047244094486
 21
2.677165354330709
 31
0.0
  0
LINE
  5
687
330
17
100
AcDbEntity
  8
GEOMETRY
100
AcDbLine
 10
1.8696850393700786
 20
2.6814960629921263
 30
0.0
 11
1.8712598425196851
 21
2.6822834645669302
 31
0.0
  0
LINE
  5
688
330
17
100
AcDbEntity
  8
GEOMETRY
100
AcDbLine
 10
1.8728346456692913
 20
2.6834645669291346
 30
0.0
 11
1.8728346456692913
 21
2.6834645669291346
 31
0.0
  0
LINE
  5
689
330
17
100
AcDbEntity
  8
GEOMETRY
100
AcDbLine
 10
1.7633858267716536
 20
2.6200787401574805
 30
0.0
 11
1.765748031496063
 21
2.6216535433070867
 31
0.0
  0
LINE
  5
68A
330
17
100
AcDbEntity
  8
GEOMETRY
100
AcDbLine
 10
1.7688976377952756
 20
2.6232283464566937
 30
0.0
 11
1.771259842519685
 21
2.6248031496063
 31
0.0
  0
LINE
  5
68B
330
17
100
AcDbEntity
  8
GEOMETRY
100
AcDbLine
 10
1.7744094488188977
 20
2.626377952755906
 30
0.0
 11
1.7767716535433071
 21
2.6279527559055116
 31
0.0
  0
LINE
  5
68C
330
17
100
AcDbEntity
  8
GEOMETRY
100
AcDbLine
 10
1.8519685039370077
 20
2.671259842519686
 30
0.0
 11
1.853543307086614
 21
2.6720472440944882
 31
0.0
  0
LINE
  5
68D
330
17
100
AcDbEntity
  8
GEOMETRY
100
AcDbLine
 10
1.8606299212598427
 20
2.676377952755906
 30
0.0
 11
1.8622047244094486
 21
2.677165354330709
 31
0.0
  0
LINE
  5
68E
330
17
100
AcDbEntity
  8
GEOMETRY
100
AcDbLine
 10
1.8696850393700786
 20
2.6814960629921263
 30
0.0
 11
1.8712598425196851
 21
2.6822834645669302
 31
0.0
  0
LINE
  5
68F
330
17
100
AcDbEntity
  8
GEOMETRY
100
AcDbLine
 10
1.8728346456692913
 20
2.6834645669291346
 30
0.0
 11
1.8728346456692913
 21
2.6834645669291346
 31
0.0
  0
LINE
  5
690
330
17
100
AcDbEntity
  8
GEOMETRY
100
AcDbLine
 10
1.8653543307086613
 20
2.6877952755905516
 30
0.0
 11
1.86496062992126
 21
2.6877952755905516
 31
0.0
  0
LINE
  5
691
330
17
100
AcDbEntity
  8
GEOMETRY
100
AcDbLine
 10
1.8633858267716534
 20
2.687007874015748
 30
0.0
 11
1.861811023622047
 21
2.685826771653544
 31
0.0
  0
LINE
  5
692
330
17
100
AcDbEntity
  8
GEOMETRY
100
AcDbLine
 10
1.854724409448819
 20
2.6818897637795276
 30
0.0
 11
1.8531496062992125
 21
2.680708661417323
 31
0.0
  0
LINE
  5
693
330
17
100
AcDbEntity
  8
GEOMETRY
100
AcDbLine
 10
1.8456692913385824
 20
2.6767716535433075
 30
0.0
 11
1.844488188976378
 21
2.6755905511811027
 31
0.0
  0
LINE
  5
694
330
17
100
AcDbEntity
  8
GEOMETRY
100
AcDbLine
 10
1.7688976377952756
 20
2.6322834645669295
 30
0.0
 11
1.7669291338582678
 21
2.6311023622047247
 31
0.0
  0
LINE
  5
695
330
17
100
AcDbEntity
  8
GEOMETRY
100
AcDbLine
 10
1.7633858267716536
 20
2.6291338582677164
 30
0.0
 11
1.7614173228346457
 21
2.6279527559055116
 31
0.0
  0
LINE
  5
696
330
17
100
AcDbEntity
  8
GEOMETRY
100
AcDbLine
 10
1.7578740157480315
 20
2.6259842519685046
 30
0.0
 11
1.7559055118110236
 21
2.6248031496063
 31
0.0
  0
LINE
  5
697
330
17
100
AcDbEntity
  8
GEOMETRY
100
AcDbLine
 10
1.7535433070866142
 20
2.6259842519685046
 30
0.0
 11
1.7559055118110236
 21
2.6271653543307094
 31
0.0
  0
LINE
  5
698
330
17
100
AcDbEntity
  8
GEOMETRY
100
AcDbLine
 10
1.7590551181102363
 20
2.6291338582677164
 30
0.0
 11
1.7614173228346457
 21
2.630314960629921
 31
0.0
  0
LINE
  5
699
330
17
100
AcDbEntity
  8
GEOMETRY
100
AcDbLine
 10
1.7645669291338582
 20
2.6322834645669295
 30
0.0
 11
1.7669291338582678
 21
2.6334645669291343
 31
0.0
  0
LINE
  5
69A
330
17
100
AcDbEntity
  8
GEOMETRY
100
AcDbLine
 10
1.8421259842519684
 20
2.677165354330709
 30
0.0
 11
1.8437007874015747
 21
2.6779527559055123
 31
0.0
  0
LINE
  5
69B
330
17
100
AcDbEntity
  8
GEOMETRY
100
AcDbLine
 10
1.8507874015748034
 20
2.6822834645669302
 30
0.0
 11
1.8523622047244093
 21
2.6830708661417324
 31
0.0
  0
LINE
  5
69C
330
17
100
AcDbEntity
  8
GEOMETRY
100
AcDbLine
 10
1.8598425196850392
 20
2.6874015748031503
 30
0.0
 11
1.8614173228346458
 21
2.688188976377953
 31
0.0
  0
LINE
  5
69D
330
17
100
AcDbEntity
  8
GEOMETRY
100
AcDbLine
 10
1.862992125984252
 20
2.6889763779527565
 30
0.0
 11
1.862992125984252
 21
2.6889763779527565
 31
0.0
  0
LINE
  5
69E
330
17
100
AcDbEntity
  8
GEOMETRY
100
AcDbLine
 10
1.3358267716535432
 20
2.8673228346456696
 30
0.0
 11
1.3377952755905511
 21
2.8685039370078744
 31
0.0
  0
LINE
  5
69F
330
17
100
AcDbEntity
  8
GEOMETRY
100
AcDbLine
 10
1.3409448818897638
 20
2.8704724409448827
 30
0.0
 11
1.3433070866141732
 21
2.8716535433070867
 31
0.0
  0
LINE
  5
6A0
330
17
100
AcDbEntity
  8
GEOMETRY
100
AcDbLine
 10
1.3464566929133859
 20
2.873622047244095
 30
0.0
 11
1.3488188976377953
 21
2.8748031496063
 31
0.0
  0
LINE
  5
6A1
330
17
100
AcDbEntity
  8
GEOMETRY
100
AcDbLine
 10
1.424015748031496
 20
2.9185039370078747
 30
0.0
 11
1.4255905511811024
 21
2.9192913385826773
 31
0.0
  0
LINE
  5
6A2
330
17
100
AcDbEntity
  8
GEOMETRY
100
AcDbLine
 10
1.4330708661417322
 20
2.9236220472440952
 30
0.0
 11
1.4346456692913385
 21
2.9244094488188987
 31
0.0
  0
LINE
  5
6A3
330
17
100
AcDbEntity
  8
GEOMETRY
100
AcDbLine
 10
1.4417322834645667
 20
2.9283464566929145
 30
0.0
 11
1.443307086614173
 21
2.929527559055119
 31
0.0
  0
LINE
  5
6A4
330
17
100
AcDbEntity
  8
GEOMETRY
100
AcDbLine
 10
1.4448818897637796
 20
2.9303149606299215
 30
0.0
 11
1.4448818897637796
 21
2.9303149606299215
 31
0.0
  0
LINE
  5
6A5
330
17
100
AcDbEntity
  8
GEOMETRY
100
AcDbLine
 10
1.3358267716535432
 20
2.8673228346456696
 30
0.0
 11
1.3377952755905511
 21
2.8685039370078744
 31
0.0
  0
LINE
  5
6A6
330
17
100
AcDbEntity
  8
GEOMETRY
100
AcDbLine
 10
1.3409448818897638
 20
2.8704724409448827
 30
0.0
 11
1.3433070866141732
 21
2.8716535433070867
 31
0.0
  0
LINE
  5
6A7
330
17
100
AcDbEntity
  8
GEOMETRY
100
AcDbLine
 10
1.3464566929133859
 20
2.873622047244095
 30
0.0
 11
1.3488188976377953
 21
2.8748031496063
 31
0.0
  0
LINE
  5
6A8
330
17
100
AcDbEntity
  8
GEOMETRY
100
AcDbLine
 10
1.424015748031496
 20
2.9185039370078747
 30
0.0
 11
1.4255905511811024
 21
2.9192913385826773
 31
0.0
  0
LINE
  5
6A9
330
17
100
AcDbEntity
  8
GEOMETRY
100
AcDbLine
 10
1.4330708661417322
 20
2.9236220472440952
 30
0.0
 11
1.4346456692913385
 21
2.9244094488188987
 31
0.0
  0
LINE
  5
6AA
330
17
100
AcDbEntity
  8
GEOMETRY
100
AcDbLine
 10
1.4417322834645667
 20
2.9283464566929145
 30
0.0
 11
1.443307086614173
 21
2.929527559055119
 31
0.0
  0
LINE
  5
6AB
330
17
100
AcDbEntity
  8
GEOMETRY
100
AcDbLine
 10
1.4448818897637796
 20
2.9303149606299215
 30
0.0
 11
1.4448818897637796
 21
2.9303149606299215
 31
0.0
  0
LINE
  5
6AC
330
17
100
AcDbEntity
  8
GEOMETRY
100
AcDbLine
 10
1.439763779527559
 20
2.9334645669291346
 30
0.0
 11
1.4393700787401575
 21
2.9334645669291346
 31
0.0
  0
LINE
  5
6AD
330
17
100
AcDbEntity
  8
GEOMETRY
100
AcDbLine
 10
1.437795275590551
 20
2.932677165354331
 30
0.0
 11
1.436220472440945
 21
2.9314960629921263
 31
0.0
  0
LINE
  5
6AE
330
17
100
AcDbEntity
  8
GEOMETRY
100
AcDbLine
 10
1.4291338582677164
 20
2.9275590551181105
 30
0.0
 11
1.42755905511811
 21
2.926771653543307
 31
0.0
  0
LINE
  5
6AF
330
17
100
AcDbEntity
  8
GEOMETRY
100
AcDbLine
 10
1.4200787401574804
 20
2.9224409448818904
 30
0.0
 11
1.418503937007874
 21
2.921653543307087
 31
0.0
  0
LINE
  5
6B0
330
17
100
AcDbEntity
  8
GEOMETRY
100
AcDbLine
 10
1.3433070866141732
 20
2.8779527559055125
 30
0.0
 11
1.3409448818897638
 21
2.876771653543308
 31
0.0
  0
LINE
  5
6B1
330
17
100
AcDbEntity
  8
GEOMETRY
100
AcDbLine
 10
1.3377952755905511
 20
2.8748031496063
 30
0.0
 11
1.3358267716535432
 21
2.873622047244095
 31
0.0
  0
LINE
  5
6B2
330
17
100
AcDbEntity
  8
GEOMETRY
100
AcDbLine
 10
1.3322834645669293
 20
2.8716535433070867
 30
0.0
 11
1.3303149606299212
 21
2.8704724409448827
 31
0.0
  0
LINE
  5
6B3
330
17
100
AcDbEntity
  8
GEOMETRY
100
AcDbLine
 10
3.079527559055118
 20
1.1740157480314959
 30
0.0
 11
3.695275590551181
 21
0.8185039370078748
 31
0.0
  0
LINE
  5
6B4
330
17
100
AcDbEntity
  8
GEOMETRY
100
AcDbLine
 10
3.695275590551181
 20
0.8185039370078748
 30
0.0
 11
3.695275590551181
 21
1.5043307086614188
 31
0.0
  0
LINE
  5
6B5
330
17
100
AcDbEntity
  8
GEOMETRY
100
AcDbLine
 10
3.695275590551181
 20
0.8185039370078748
 30
0.0
 11
4.634645669291339
 21
1.3606299212598425
 31
0.0
  0
LINE
  5
6B6
330
17
100
AcDbEntity
  8
GEOMETRY
100
AcDbLine
 10
4.634645669291339
 20
2.0464566929133867
 30
0.0
 11
4.631889763779528
 21
2.0480314960629924
 31
0.0
  0
LINE
  5
6B7
330
17
100
AcDbEntity
  8
GEOMETRY
100
AcDbLine
 10
4.628740157480315
 20
2.0500000000000007
 30
0.0
 11
4.626377952755906
 21
2.0511811023622055
 31
0.0
  0
LINE
  5
6B8
330
17
100
AcDbEntity
  8
GEOMETRY
100
AcDbLine
 10
4.623228346456693
 20
2.053149606299213
 30
0.0
 11
4.620866141732283
 21
2.0543307086614178
 31
0.0
  0
LINE
  5
6B9
330
17
100
AcDbEntity
  8
GEOMETRY
100
AcDbLine
 10
4.619685039370079
 20
2.0551181102362213
 30
0.0
 11
4.618110236220472
 21
2.0559055118110248
 31
0.0
  0
LINE
  5
6BA
330
17
100
AcDbEntity
  8
GEOMETRY
100
AcDbLine
 10
4.545669291338583
 20
2.098031496062993
 30
0.0
 11
4.544094488188977
 21
2.0988188976377953
 31
0.0
  0
LINE
  5
6BB
330
17
100
AcDbEntity
  8
GEOMETRY
100
AcDbLine
 10
4.5366141732283465
 20
2.103149606299213
 30
0.0
 11
4.53503937007874
 21
2.1039370078740167
 31
0.0
  0
LINE
  5
6BC
330
17
100
AcDbEntity
  8
GEOMETRY
100
AcDbLine
 10
4.527952755905512
 20
2.1082677165354333
 30
0.0
 11
4.526377952755905
 21
2.109055118110237
 31
0.0
  0
LINE
  5
6BD
330
17
100
AcDbEntity
  8
GEOMETRY
100
AcDbLine
 10
4.524803149606299
 20
2.1098425196850394
 30
0.0
 11
4.524803149606299
 21
2.1098425196850394
 31
0.0
  0
LINE
  5
6BE
330
17
100
AcDbEntity
  8
GEOMETRY
100
AcDbLine
 10
3.189370078740157
 20
1.9232283464566937
 30
0.0
 11
3.189370078740157
 21
1.9232283464566937
 31
0.0
  0
LINE
  5
6BF
330
17
100
AcDbEntity
  8
GEOMETRY
100
AcDbLine
 10
3.187795275590551
 20
1.9224409448818902
 30
0.0
 11
3.186220472440945
 21
1.9212598425196854
 31
0.0
  0
LINE
  5
6C0
330
17
100
AcDbEntity
  8
GEOMETRY
100
AcDbLine
 10
3.1787401574803154
 20
1.9173228346456699
 30
0.0
 11
3.177165354330709
 21
1.916141732283465
 31
0.0
  0
LINE
  5
6C1
330
17
100
AcDbEntity
  8
GEOMETRY
100
AcDbLine
 10
3.170078740157481
 20
1.9122047244094496
 30
0.0
 11
3.1685039370078734
 21
1.911417322834646
 31
0.0
  0
LINE
  5
6C2
330
17
100
AcDbEntity
  8
GEOMETRY
100
AcDbLine
 10
3.0960629921259843
 20
1.869291338582678
 30
0.0
 11
3.094488188976378
 21
1.8685039370078742
 31
0.0
  0
LINE
  5
6C3
330
17
100
AcDbEntity
  8
GEOMETRY
100
AcDbLine
 10
3.093307086614173
 20
1.8677165354330718
 30
0.0
 11
3.0909448818897634
 21
1.866535433070867
 31
0.0
  0
LINE
  5
6C4
330
17
100
AcDbEntity
  8
GEOMETRY
100
AcDbLine
 10
3.0877952755905516
 20
1.8645669291338587
 30
0.0
 11
3.085433070866142
 21
1.863385826771654
 31
0.0
  0
LINE
  5
6C5
330
17
100
AcDbEntity
  8
GEOMETRY
100
AcDbLine
 10
3.082283464566929
 20
1.8614173228346458
 30
0.0
 11
3.079527559055118
 21
1.8598425196850397
 31
0.0
  0
LINE
  5
6C6
330
17
100
AcDbEntity
  8
GEOMETRY
100
AcDbLine
 10
3.0661417322834645
 20
1.1614173228346456
 30
0.0
 11
3.695275590551181
 21
0.7980314960629914
 31
0.0
  0
LINE
  5
6C7
330
17
100
AcDbEntity
  8
GEOMETRY
100
AcDbLine
 10
3.0661417322834645
 20
1.166535433070866
 30
0.0
 11
3.695275590551181
 21
0.803149606299214
 31
0.0
  0
LINE
  5
6C8
330
17
100
AcDbEntity
  8
GEOMETRY
100
AcDbLine
 10
3.695275590551181
 20
0.7980314960629914
 30
0.0
 11
3.695275590551181
 21
0.803149606299214
 31
0.0
  0
LINE
  5
6C9
330
17
100
AcDbEntity
  8
GEOMETRY
100
AcDbLine
 10
3.695275590551181
 20
0.7980314960629914
 30
0.0
 11
4.661023622047244
 21
1.3555118110236224
 31
0.0
  0
LINE
  5
6CA
330
17
100
AcDbEntity
  8
GEOMETRY
100
AcDbLine
 10
3.695275590551181
 20
0.803149606299214
 30
0.0
 11
4.661023622047244
 21
1.3606299212598425
 31
0.0
  0
LINE
  5
6CB
330
17
100
AcDbEntity
  8
GEOMETRY
100
AcDbLine
 10
3.0661417322834645
 20
1.166535433070866
 30
0.0
 11
3.695275590551181
 21
0.803149606299214
 31
0.0
  0
LINE
  5
6CC
330
17
100
AcDbEntity
  8
GEOMETRY
100
AcDbLine
 10
3.695275590551181
 20
0.803149606299214
 30
0.0
 11
4.661023622047244
 21
1.3606299212598425
 31
0.0
  0
LINE
  5
6CD
330
17
100
AcDbEntity
  8
GEOMETRY
100
AcDbLine
 10
4.661023622047244
 20
1.3606299212598425
 30
0.0
 11
4.634645669291339
 21
1.3759842519685035
 31
0.0
  0
LINE
  5
6CE
330
17
100
AcDbEntity
  8
GEOMETRY
100
AcDbLine
 10
4.053543307086614
 20
1.7114173228346468
 30
0.0
 11
4.051181102362205
 21
1.7129921259842527
 31
0.0
  0
LINE
  5
6CF
330
17
100
AcDbEntity
  8
GEOMETRY
100
AcDbLine
 10
4.0480314960629915
 20
1.7145669291338588
 30
0.0
 11
4.045669291338583
 21
1.7161417322834647
 31
0.0
  0
LINE
  5
6D0
330
17
100
AcDbEntity
  8
GEOMETRY
100
AcDbLine
 10
4.0425196850393705
 20
1.7177165354330717
 30
0.0
 11
4.040157480314961
 21
1.7192913385826778
 31
0.0
  0
LINE
  5
6D1
330
17
100
AcDbEntity
  8
GEOMETRY
100
AcDbLine
 10
4.038976377952756
 20
1.7196850393700789
 30
0.0
 11
4.037401574803149
 21
1.7208661417322837
 31
0.0
  0
LINE
  5
6D2
330
17
100
AcDbEntity
  8
GEOMETRY
100
AcDbLine
 10
3.689763779527559
 20
1.526377952755907
 30
0.0
 11
3.688188976377953
 21
1.5255905511811023
 31
0.0
  0
LINE
  5
6D3
330
17
100
AcDbEntity
  8
GEOMETRY
100
AcDbLine
 10
3.687007874015748
 20
1.5248031496063
 30
0.0
 11
3.68503937007874
 21
1.523622047244094
 31
0.0
  0
LINE
  5
6D4
330
17
100
AcDbEntity
  8
GEOMETRY
100
AcDbLine
 10
3.6814960629921254
 20
1.521653543307088
 30
0.0
 11
3.6795275590551184
 21
1.520472440944882
 31
0.0
  0
LINE
  5
6D5
330
17
100
AcDbEntity
  8
GEOMETRY
100
AcDbLine
 10
3.675984251968504
 20
1.5185039370078737
 30
0.0
 11
3.6740157480314957
 21
1.51732283464567
 31
0.0
  0
LINE
  5
6D6
330
17
100
AcDbEntity
  8
GEOMETRY
100
AcDbLine
 10
3.079527559055118
 20
1.1740157480314959
 30
0.0
 11
3.0661417322834645
 21
1.166535433070866
 31
0.0
  0
LINE
  5
6D7
330
17
100
AcDbEntity
  8
GEOMETRY
100
AcDbLine
 10
3.0688976377952755
 20
1.1566929133858266
 30
0.0
 11
3.695275590551181
 21
0.7948818897637794
 31
0.0
  0
LINE
  5
6D8
330
17
100
AcDbEntity
  8
GEOMETRY
100
AcDbLine
 10
3.695275590551181
 20
0.7948818897637794
 30
0.0
 11
3.695275590551181
 21
0.8011811023622056
 31
0.0
  0
LINE
  5
6D9
330
17
100
AcDbEntity
  8
GEOMETRY
100
AcDbLine
 10
3.695275590551181
 20
0.7948818897637794
 30
0.0
 11
4.655511811023622
 21
1.3492125984251984
 31
0.0
  0
LINE
  5
6DA
330
17
100
AcDbEntity
  8
GEOMETRY
100
AcDbLine
 10
4.653937007874015
 20
1.356692913385828
 30
0.0
 11
4.634645669291339
 21
1.3677165354330711
 31
0.0
  0
LINE
  5
6DB
330
17
100
AcDbEntity
  8
GEOMETRY
100
AcDbLine
 10
4.046062992125984
 20
1.7074803149606301
 30
0.0
 11
4.044094488188977
 21
1.708661417322835
 31
0.0
  0
LINE
  5
6DC
330
17
100
AcDbEntity
  8
GEOMETRY
100
AcDbLine
 10
4.040551181102362
 20
1.7106299212598433
 30
0.0
 11
4.038582677165354
 21
1.7118110236220478
 31
0.0
  0
LINE
  5
6DD
330
17
100
AcDbEntity
  8
GEOMETRY
100
AcDbLine
 10
4.0350393700787395
 20
1.713779527559055
 30
0.0
 11
4.033070866141732
 21
1.7149606299212599
 31
0.0
  0
LINE
  5
6DE
330
17
100
AcDbEntity
  8
GEOMETRY
100
AcDbLine
 10
4.031889763779527
 20
1.7157480314960634
 30
0.0
 11
4.030314960629921
 21
1.716535433070867
 31
0.0
  0
LINE
  5
6DF
330
17
100
AcDbEntity
  8
GEOMETRY
100
AcDbLine
 10
3.694094488188976
 20
1.5240157480314975
 30
0.0
 11
3.6925196850393696
 21
1.5228346456692916
 31
0.0
  0
LINE
  5
6E0
330
17
100
AcDbEntity
  8
GEOMETRY
100
AcDbLine
 10
3.6913385826771647
 20
1.5224409448818903
 30
0.0
 11
3.6893700787401578
 21
1.5208661417322833
 31
0.0
  0
LINE
  5
6E1
330
17
100
AcDbEntity
  8
GEOMETRY
100
AcDbLine
 10
3.6858267716535433
 20
1.5192913385826785
 30
0.0
 11
3.683858267716535
 21
1.5177165354330713
 31
0.0
  0
LINE
  5
6E2
330
17
100
AcDbEntity
  8
GEOMETRY
100
AcDbLine
 10
3.6807086614173232
 20
1.5161417322834643
 30
0.0
 11
3.6783464566929136
 21
1.5145669291338593
 31
0.0
  0
LINE
  5
6E3
330
17
100
AcDbEntity
  8
GEOMETRY
100
AcDbLine
 10
3.0838582677165354
 20
1.1716535433070863
 30
0.0
 11
3.070472440944882
 21
1.1637795275590552
 31
0.0
  0
LINE
  5
6E4
330
17
100
AcDbEntity
  8
GEOMETRY
100
AcDbLine
 10
3.0657480314960632
 20
1.1484251968503942
 30
0.0
 11
3.695275590551181
 21
0.7846456692913388
 31
0.0
  0
LINE
  5
6E5
330
17
100
AcDbEntity
  8
GEOMETRY
100
AcDbLine
 10
3.0657480314960632
 20
1.1547244094488205
 30
0.0
 11
3.695275590551181
 21
0.790944881889765
 31
0.0
  0
LINE
  5
6E6
330
17
100
AcDbEntity
  8
GEOMETRY
100
AcDbLine
 10
3.695275590551181
 20
0.7846456692913388
 30
0.0
 11
3.695275590551181
 21
0.790944881889765
 31
0.0
  0
LINE
  5
6E7
330
17
100
AcDbEntity
  8
GEOMETRY
100
AcDbLine
 10
3.695275590551181
 20
0.7846456692913388
 30
0.0
 11
4.662204724409449
 21
1.342913385826772
 31
0.0
  0
LINE
  5
6E8
330
17
100
AcDbEntity
  8
GEOMETRY
100
AcDbLine
 10
3.695275590551181
 20
0.790944881889765
 30
0.0
 11
4.662204724409449
 21
1.3492125984251984
 31
0.0
  0
LINE
  5
6E9
330
17
100
AcDbEntity
  8
GEOMETRY
100
AcDbLine
 10
3.0657480314960632
 20
1.1547244094488205
 30
0.0
 11
3.695275590551181
 21
0.790944881889765
 31
0.0
  0
LINE
  5
6EA
330
17
100
AcDbEntity
  8
GEOMETRY
100
AcDbLine
 10
3.695275590551181
 20
0.790944881889765
 30
0.0
 11
4.662204724409449
 21
1.3492125984251984
 31
0.0
  0
LINE
  5
6EB
330
17
100
AcDbEntity
  8
GEOMETRY
100
AcDbLine
 10
4.662204724409449
 20
1.3492125984251984
 30
0.0
 11
4.6559055118110235
 21
1.3527559055118115
 31
0.0
  0
LINE
  5
6EC
330
17
100
AcDbEntity
  8
GEOMETRY
100
AcDbLine
 10
4.6515748031496065
 20
1.355118110236221
 30
0.0
 11
4.634645669291339
 21
1.3649606299212604
 31
0.0
  0
LINE
  5
6ED
330
17
100
AcDbEntity
  8
GEOMETRY
100
AcDbLine
 10
4.044094488188977
 20
1.7062992125984253
 30
0.0
 11
4.041732283464567
 21
1.7074803149606301
 31
0.0
  0
LINE
  5
6EE
330
17
100
AcDbEntity
  8
GEOMETRY
100
AcDbLine
 10
4.038582677165354
 20
1.7094488188976384
 30
0.0
 11
4.036220472440944
 21
1.7106299212598433
 31
0.0
  0
LINE
  5
6EF
330
17
100
AcDbEntity
  8
GEOMETRY
100
AcDbLine
 10
4.033070866141732
 20
1.7125984251968505
 30
0.0
 11
4.032283464566929
 21
1.7129921259842527
 31
0.0
  0
LINE
  5
6F0
330
17
100
AcDbEntity
  8
GEOMETRY
100
AcDbLine
 10
4.032283464566929
 20
1.7129921259842527
 30
0.0
 11
3.694881889763779
 21
1.5177165354330713
 31
0.0
  0
LINE
  5
6F1
330
17
100
AcDbEntity
  8
GEOMETRY
100
AcDbLine
 10
3.6913385826771647
 20
1.5161417322834643
 30
0.0
 11
3.6893700787401578
 21
1.5145669291338593
 31
0.0
  0
LINE
  5
6F2
330
17
100
AcDbEntity
  8
GEOMETRY
100
AcDbLine
 10
3.6858267716535433
 20
1.512598425196851
 30
0.0
 11
3.683858267716535
 21
1.511417322834645
 31
0.0
  0
LINE
  5
6F3
330
17
100
AcDbEntity
  8
GEOMETRY
100
AcDbLine
 10
3.0893700787401572
 20
1.168110236220473
 30
0.0
 11
3.075984251968504
 21
1.1606299212598432
 31
0.0
  0
LINE
  5
6F4
330
17
100
AcDbEntity
  8
GEOMETRY
100
AcDbLine
 10
3.0688976377952755
 20
1.1566929133858266
 30
0.0
 11
3.0657480314960632
 21
1.1547244094488205
 31
0.0
  0
LINE
  5
6F5
330
17
100
AcDbEntity
  8
GEOMETRY
100
AcDbLine
 10
3.062992125984252
 20
1.0779527559055115
 30
0.0
 11
3.695275590551181
 21
0.7129921259842525
 31
0.0
  0
LINE
  5
6F6
330
17
100
AcDbEntity
  8
GEOMETRY
100
AcDbLine
 10
3.062992125984252
 20
1.1468503937007872
 30
0.0
 11
3.695275590551181
 21
0.7814960629921268
 31
0.0
  0
LINE
  5
6F7
330
17
100
AcDbEntity
  8
GEOMETRY
100
AcDbLine
 10
3.695275590551181
 20
0.7129921259842525
 30
0.0
 11
3.695275590551181
 21
0.7814960629921268
 31
0.0
  0
LINE
  5
6F8
330
17
100
AcDbEntity
  8
GEOMETRY
100
AcDbLine
 10
3.695275590551181
 20
0.7129921259842525
 30
0.0
 11
4.667716535433071
 21
1.2744094488188977
 31
0.0
  0
LINE
  5
6F9
330
17
100
AcDbEntity
  8
GEOMETRY
100
AcDbLine
 10
3.695275590551181
 20
0.7814960629921268
 30
0.0
 11
4.667716535433071
 21
1.342913385826772
 31
0.0
  0
LINE
  5
6FA
330
17
100
AcDbEntity
  8
GEOMETRY
100
AcDbLine
 10
3.062992125984252
 20
1.1468503937007872
 30
0.0
 11
3.695275590551181
 21
0.7814960629921268
 31
0.0
  0
LINE
  5
6FB
330
17
100
AcDbEntity
  8
GEOMETRY
100
AcDbLine
 10
3.695275590551181
 20
0.7814960629921268
 30
0.0
 11
4.667716535433071
 21
1.342913385826772
 31
0.0
  0
LINE
  5
6FC
330
17
100
AcDbEntity
  8
GEOMETRY
100
AcDbLine
 10
4.667716535433071
 20
1.342913385826772
 30
0.0
 11
4.662204724409449
 21
1.3460629921259841
 31
0.0
  0
LINE
  5
6FD
330
17
100
AcDbEntity
  8
GEOMETRY
100
AcDbLine
 10
4.659448818897637
 20
1.3476377952755914
 30
0.0
 11
4.655511811023622
 21
1.3500000000000008
 31
0.0
  0
LINE
  5
6FE
330
17
100
AcDbEntity
  8
GEOMETRY
100
AcDbLine
 10
4.6488188976377955
 20
1.353543307086614
 30
0.0
 11
4.634645669291339
 21
1.3618110236220484
 31
0.0
  0
LINE
  5
6FF
330
17
100
AcDbEntity
  8
GEOMETRY
100
AcDbLine
 10
4.041338582677166
 20
1.7047244094488194
 30
0.0
 11
4.038976377952756
 21
1.705905511811024
 31
0.0
  0
LINE
  5
700
330
17
100
AcDbEntity
  8
GEOMETRY
100
AcDbLine
 10
4.035826771653544
 20
1.7078740157480323
 30
0.0
 11
4.0350393700787395
 21
1.7078740157480323
 31
0.0
  0
LINE
  5
701
330
17
100
AcDbEntity
  8
GEOMETRY
100
AcDbLine
 10
4.0350393700787395
 20
1.7078740157480323
 30
0.0
 11
3.694881889763779
 21
1.511417322834645
 31
0.0
  0
LINE
  5
702
330
17
100
AcDbEntity
  8
GEOMETRY
100
AcDbLine
 10
3.6913385826771647
 20
1.509448818897639
 30
0.0
 11
3.6893700787401578
 21
1.5082677165354332
 31
0.0
  0
LINE
  5
703
330
17
100
AcDbEntity
  8
GEOMETRY
100
AcDbLine
 10
3.0948818897637795
 20
1.1649606299212611
 30
0.0
 11
3.081496062992126
 21
1.1574803149606312
 31
0.0
  0
LINE
  5
704
330
17
100
AcDbEntity
  8
GEOMETRY
100
AcDbLine
 10
3.0744094488188978
 20
1.1535433070866146
 30
0.0
 11
3.0712598425196846
 21
1.1515748031496063
 31
0.0
  0
LINE
  5
705
330
17
100
AcDbEntity
  8
GEOMETRY
100
AcDbLine
 10
3.0657480314960632
 20
1.1484251968503942
 30
0.0
 11
3.062992125984252
 21
1.1468503937007872
 31
0.0
  0
LINE
  5
706
330
17
100
AcDbEntity
  8
GEOMETRY
100
AcDbLine
 10
3.059842519685039
 20
1.0610236220472435
 30
0.0
 11
3.695275590551181
 21
0.6940944881889762
 31
0.0
  0
LINE
  5
707
330
17
100
AcDbEntity
  8
GEOMETRY
100
AcDbLine
 10
3.059842519685039
 20
1.0763779527559068
 30
0.0
 11
3.695275590551181
 21
0.7090551181102358
 31
0.0
  0
LINE
  5
708
330
17
100
AcDbEntity
  8
GEOMETRY
100
AcDbLine
 10
3.695275590551181
 20
0.6940944881889762
 30
0.0
 11
3.695275590551181
 21
0.7090551181102358
 31
0.0
  0
LINE
  5
709
330
17
100
AcDbEntity
  8
GEOMETRY
100
AcDbLine
 10
3.695275590551181
 20
0.6940944881889762
 30
0.0
 11
4.674409448818897
 21
1.259055118110237
 31
0.0
  0
LINE
  5
70A
330
17
100
AcDbEntity
  8
GEOMETRY
100
AcDbLine
 10
3.695275590551181
 20
0.7090551181102358
 30
0.0
 11
4.674409448818897
 21
1.2744094488188977
 31
0.0
  0
LINE
  5
70B
330
17
100
AcDbEntity
  8
GEOMETRY
100
AcDbLine
 10
3.059842519685039
 20
1.0763779527559068
 30
0.0
 11
3.695275590551181
 21
0.7090551181102358
 31
0.0
  0
LINE
  5
70C
330
17
100
AcDbEntity
  8
GEOMETRY
100
AcDbLine
 10
3.695275590551181
 20
0.7090551181102358
 30
0.0
 11
4.674409448818897
 21
1.2744094488188977
 31
0.0
  0
LINE
  5
70D
330
17
100
AcDbEntity
  8
GEOMETRY
100
AcDbLine
 10
4.674409448818897
 20
1.2744094488188977
 30
0.0
 11
4.667716535433071
 21
1.2779527559055133
 31
0.0
  0
LINE
  5
70E
330
17
100
AcDbEntity
  8
GEOMETRY
100
AcDbLine
 10
4.611417322834646
 20
1.3106299212598433
 30
0.0
 11
4.608661417322835
 21
1.3122047244094504
 31
0.0
  0
LINE
  5
70F
330
17
100
AcDbEntity
  8
GEOMETRY
100
AcDbLine
 10
4.603149606299213
 20
1.3153543307086624
 30
0.0
 11
4.6
 21
1.3173228346456707
 31
0.0
  0
LINE
  5
710
330
17
100
AcDbEntity
  8
GEOMETRY
100
AcDbLine
 10
4.592913385826772
 20
1.321259842519685
 30
0.0
 11
4.579527559055117
 21
1.3291338582677161
 31
0.0
  0
LINE
  5
711
330
17
100
AcDbEntity
  8
GEOMETRY
100
AcDbLine
 10
3.1543307086614174
 20
1.1307086614173238
 30
0.0
 11
3.1409448818897636
 21
1.1232283464566941
 31
0.0
  0
LINE
  5
712
330
17
100
AcDbEntity
  8
GEOMETRY
100
AcDbLine
 10
3.133858267716535
 20
1.1188976377952762
 30
0.0
 11
3.1307086614173234
 21
1.1173228346456692
 31
0.0
  0
LINE
  5
713
330
17
100
AcDbEntity
  8
GEOMETRY
100
AcDbLine
 10
3.1251968503937007
 20
1.1141732283464572
 30
0.0
 11
3.1224409448818897
 21
1.11259842519685
 31
0.0
  0
LINE
  5
714
330
17
100
AcDbEntity
  8
GEOMETRY
100
AcDbLine
 10
3.062992125984252
 20
1.0779527559055115
 30
0.0
 11
3.059842519685039
 21
1.0763779527559068
 31
0.0
  0
LINE
  5
715
330
17
100
AcDbEntity
  8
GEOMETRY
100
AcDbLine
 10
3.1295275590551186
 20
1.633464566929134
 30
0.0
 11
3.6366141732283466
 21
1.3409448818897638
 31
0.0
  0
LINE
  5
716
330
17
100
AcDbEntity
  8
GEOMETRY
100
AcDbLine
 10
3.1295275590551186
 20
1.8098425196850405
 30
0.0
 11
3.6397637795275593
 21
1.5153543307086617
 31
0.0
  0
LINE
  5
717
330
17
100
AcDbEntity
  8
GEOMETRY
100
AcDbLine
 10
3.6397637795275593
 20
1.3389763779527555
 30
0.0
 11
3.6397637795275593
 21
1.5153543307086617
 31
0.0
  0
LINE
  5
718
330
17
100
AcDbEntity
  8
GEOMETRY
100
AcDbLine
 10
3.34488188976378
 20
1.6074803149606316
 30
0.0
 11
3.344094488188976
 21
1.6031496062992137
 31
0.0
  0
LINE
  5
719
330
17
100
AcDbEntity
  8
GEOMETRY
100
AcDbLine
 10
3.344094488188976
 20
1.6031496062992137
 30
0.0
 11
3.3413385826771655
 21
1.600787401574804
 31
0.0
  0
LINE
  5
71A
330
17
100
AcDbEntity
  8
GEOMETRY
100
AcDbLine
 10
3.3413385826771655
 20
1.600787401574804
 30
0.0
 11
3.33740157480315
 21
1.600787401574804
 31
0.0
  0
LINE
  5
71B
330
17
100
AcDbEntity
  8
GEOMETRY
100
AcDbLine
 10
3.33740157480315
 20
1.600787401574804
 30
0.0
 11
3.3330708661417323
 21
1.6031496062992137
 31
0.0
  0
LINE
  5
71C
330
17
100
AcDbEntity
  8
GEOMETRY
100
AcDbLine
 10
3.3330708661417323
 20
1.6031496062992137
 30
0.0
 11
3.3291338582677166
 21
1.6078740157480327
 31
0.0
  0
LINE
  5
71D
330
17
100
AcDbEntity
  8
GEOMETRY
100
AcDbLine
 10
3.3291338582677166
 20
1.6078740157480327
 30
0.0
 11
3.3263779527559056
 21
1.6133858267716543
 31
0.0
  0
LINE
  5
71E
330
17
100
AcDbEntity
  8
GEOMETRY
100
AcDbLine
 10
3.3263779527559056
 20
1.6133858267716543
 30
0.0
 11
3.3251968503937013
 21
1.6188976377952757
 31
0.0
  0
LINE
  5
71F
330
17
100
AcDbEntity
  8
GEOMETRY
100
AcDbLine
 10
3.3251968503937013
 20
1.6188976377952757
 30
0.0
 11
3.3263779527559056
 21
1.6232283464566937
 31
0.0
  0
LINE
  5
720
330
17
100
AcDbEntity
  8
GEOMETRY
100
AcDbLine
 10
3.3263779527559056
 20
1.6232283464566937
 30
0.0
 11
3.3291338582677166
 21
1.625590551181103
 31
0.0
  0
LINE
  5
721
330
17
100
AcDbEntity
  8
GEOMETRY
100
AcDbLine
 10
3.3291338582677166
 20
1.625590551181103
 30
0.0
 11
3.3330708661417323
 21
1.625590551181103
 31
0.0
  0
LINE
  5
722
330
17
100
AcDbEntity
  8
GEOMETRY
100
AcDbLine
 10
3.3330708661417323
 20
1.625590551181103
 30
0.0
 11
3.33740157480315
 21
1.6232283464566937
 31
0.0
  0
LINE
  5
723
330
17
100
AcDbEntity
  8
GEOMETRY
100
AcDbLine
 10
3.33740157480315
 20
1.6232283464566937
 30
0.0
 11
3.3413385826771655
 21
1.6185039370078744
 31
0.0
  0
LINE
  5
724
330
17
100
AcDbEntity
  8
GEOMETRY
100
AcDbLine
 10
3.3413385826771655
 20
1.6185039370078744
 30
0.0
 11
3.344094488188976
 21
1.612992125984253
 31
0.0
  0
LINE
  5
725
330
17
100
AcDbEntity
  8
GEOMETRY
100
AcDbLine
 10
3.344094488188976
 20
1.612992125984253
 30
0.0
 11
3.34488188976378
 21
1.6074803149606316
 31
0.0
  0
LINE
  5
726
330
17
100
AcDbEntity
  8
GEOMETRY
100
AcDbLine
 10
3.444094488188976
 20
1.5503937007874014
 30
0.0
 11
3.4429133858267718
 21
1.5460629921259859
 31
0.0
  0
LINE
  5
727
330
17
100
AcDbEntity
  8
GEOMETRY
100
AcDbLine
 10
3.4429133858267718
 20
1.5460629921259859
 30
0.0
 11
3.4401574803149604
 21
1.5437007874015762
 31
0.0
  0
LINE
  5
728
330
17
100
AcDbEntity
  8
GEOMETRY
100
AcDbLine
 10
3.4401574803149604
 20
1.5437007874015762
 30
0.0
 11
3.436220472440945
 21
1.5437007874015762
 31
0.0
  0
LINE
  5
729
330
17
100
AcDbEntity
  8
GEOMETRY
100
AcDbLine
 10
3.436220472440945
 20
1.5437007874015762
 30
0.0
 11
3.4318897637795276
 21
1.5460629921259859
 31
0.0
  0
LINE
  5
72A
330
17
100
AcDbEntity
  8
GEOMETRY
100
AcDbLine
 10
3.4318897637795276
 20
1.5460629921259859
 30
0.0
 11
3.4279527559055114
 21
1.5507874015748027
 31
0.0
  0
LINE
  5
72B
330
17
100
AcDbEntity
  8
GEOMETRY
100
AcDbLine
 10
3.4279527559055114
 20
1.5507874015748027
 30
0.0
 11
3.425196850393701
 21
1.5562992125984263
 31
0.0
  0
LINE
  5
72C
330
17
100
AcDbEntity
  8
GEOMETRY
100
AcDbLine
 10
3.425196850393701
 20
1.5562992125984263
 30
0.0
 11
3.424409448818897
 21
1.561811023622048
 31
0.0
  0
LINE
  5
72D
330
17
100
AcDbEntity
  8
GEOMETRY
100
AcDbLine
 10
3.424409448818897
 20
1.561811023622048
 30
0.0
 11
3.425196850393701
 21
1.5661417322834656
 31
0.0
  0
LINE
  5
72E
330
17
100
AcDbEntity
  8
GEOMETRY
100
AcDbLine
 10
3.425196850393701
 20
1.5661417322834656
 30
0.0
 11
3.4279527559055114
 21
1.5685039370078753
 31
0.0
  0
LINE
  5
72F
330
17
100
AcDbEntity
  8
GEOMETRY
100
AcDbLine
 10
3.4279527559055114
 20
1.5685039370078753
 30
0.0
 11
3.4318897637795276
 21
1.5685039370078753
 31
0.0
  0
LINE
  5
730
330
17
100
AcDbEntity
  8
GEOMETRY
100
AcDbLine
 10
3.4318897637795276
 20
1.5685039370078753
 30
0.0
 11
3.436220472440945
 21
1.5657480314960646
 31
0.0
  0
LINE
  5
731
330
17
100
AcDbEntity
  8
GEOMETRY
100
AcDbLine
 10
3.436220472440945
 20
1.5657480314960646
 30
0.0
 11
3.4401574803149604
 21
1.5614173228346466
 31
0.0
  0
LINE
  5
732
330
17
100
AcDbEntity
  8
GEOMETRY
100
AcDbLine
 10
3.4401574803149604
 20
1.5614173228346466
 30
0.0
 11
3.4429133858267718
 21
1.5559055118110252
 31
0.0
  0
LINE
  5
733
330
17
100
AcDbEntity
  8
GEOMETRY
100
AcDbLine
 10
3.4429133858267718
 20
1.5559055118110252
 30
0.0
 11
3.444094488188976
 21
1.5503937007874014
 31
0.0
  0
LINE
  5
734
330
17
100
AcDbEntity
  8
GEOMETRY
100
AcDbLine
 10
3.6397637795275593
 20
1.3389763779527555
 30
0.0
 11
3.6425196850393706
 21
1.3405511811023627
 31
0.0
  0
LINE
  5
735
330
17
100
AcDbEntity
  8
GEOMETRY
100
AcDbLine
 10
3.6397637795275593
 20
1.5153543307086617
 30
0.0
 11
3.6425196850393706
 21
1.5169291338582689
 31
0.0
  0
LINE
  5
736
330
17
100
AcDbEntity
  8
GEOMETRY
100
AcDbLine
 10
3.1295275590551186
 20
1.8098425196850405
 30
0.0
 11
3.6397637795275593
 21
1.5153543307086617
 31
0.0
  0
LINE
  5
737
330
17
100
AcDbEntity
  8
GEOMETRY
100
AcDbLine
 10
3.6397637795275593
 20
1.5153543307086617
 30
0.0
 11
3.6425196850393706
 21
1.5169291338582689
 31
0.0
  0
LINE
  5
738
330
17
100
AcDbEntity
  8
GEOMETRY
100
AcDbLine
 10
3.6425196850393706
 20
1.5169291338582689
 30
0.0
 11
3.132283464566929
 21
1.8114173228346464
 31
0.0
  0
LINE
  5
739
330
17
100
AcDbEntity
  8
GEOMETRY
100
AcDbLine
 10
3.132283464566929
 20
1.8114173228346464
 30
0.0
 11
3.1295275590551186
 21
1.8098425196850405
 31
0.0
  0
LINE
  5
73A
330
17
100
AcDbEntity
  8
GEOMETRY
100
AcDbLine
 10
3.1263779527559055
 20
1.8043307086614178
 30
0.0
 11
3.6366141732283466
 21
1.509448818897639
 31
0.0
  0
LINE
  5
73B
330
17
100
AcDbEntity
  8
GEOMETRY
100
AcDbLine
 10
3.1263779527559055
 20
1.8078740157480322
 30
0.0
 11
3.6366141732283466
 21
1.5133858267716533
 31
0.0
  0
LINE
  5
73C
330
17
100
AcDbEntity
  8
GEOMETRY
100
AcDbLine
 10
3.6366141732283466
 20
1.509448818897639
 30
0.0
 11
3.6366141732283466
 21
1.5133858267716533
 31
0.0
  0
LINE
  5
73D
330
17
100
AcDbEntity
  8
GEOMETRY
100
AcDbLine
 10
3.6366141732283466
 20
1.509448818897639
 30
0.0
 11
3.6425196850393706
 21
1.5129921259842523
 31
0.0
  0
LINE
  5
73E
330
17
100
AcDbEntity
  8
GEOMETRY
100
AcDbLine
 10
3.6366141732283466
 20
1.5133858267716533
 30
0.0
 11
3.6425196850393706
 21
1.5169291338582689
 31
0.0
  0
LINE
  5
73F
330
17
100
AcDbEntity
  8
GEOMETRY
100
AcDbLine
 10
3.1263779527559055
 20
1.8078740157480322
 30
0.0
 11
3.6366141732283466
 21
1.5133858267716533
 31
0.0
  0
LINE
  5
740
330
17
100
AcDbEntity
  8
GEOMETRY
100
AcDbLine
 10
3.6366141732283466
 20
1.5133858267716533
 30
0.0
 11
3.6425196850393706
 21
1.5169291338582689
 31
0.0
  0
LINE
  5
741
330
17
100
AcDbEntity
  8
GEOMETRY
100
AcDbLine
 10
3.6425196850393706
 20
1.5169291338582689
 30
0.0
 11
3.132283464566929
 21
1.8114173228346464
 31
0.0
  0
LINE
  5
742
330
17
100
AcDbEntity
  8
GEOMETRY
100
AcDbLine
 10
3.132283464566929
 20
1.8114173228346464
 30
0.0
 11
3.1263779527559055
 21
1.8078740157480322
 31
0.0
  0
LINE
  5
743
330
17
100
AcDbEntity
  8
GEOMETRY
100
AcDbLine
 10
3.1263779527559055
 20
1.6318897637795282
 30
0.0
 11
3.6366141732283466
 21
1.3370078740157494
 31
0.0
  0
LINE
  5
744
330
17
100
AcDbEntity
  8
GEOMETRY
100
AcDbLine
 10
3.1263779527559055
 20
1.6354330708661424
 30
0.0
 11
3.6366141732283466
 21
1.3409448818897638
 31
0.0
  0
LINE
  5
745
330
17
100
AcDbEntity
  8
GEOMETRY
100
AcDbLine
 10
3.6366141732283466
 20
1.3370078740157494
 30
0.0
 11
3.6366141732283466
 21
1.3409448818897638
 31
0.0
  0
LINE
  5
746
330
17
100
AcDbEntity
  8
GEOMETRY
100
AcDbLine
 10
3.6366141732283466
 20
1.3370078740157494
 30
0.0
 11
3.6425196850393706
 21
1.3405511811023627
 31
0.0
  0
LINE
  5
747
330
17
100
AcDbEntity
  8
GEOMETRY
100
AcDbLine
 10
3.6366141732283466
 20
1.3409448818897638
 30
0.0
 11
3.6425196850393706
 21
1.3444881889763793
 31
0.0
  0
LINE
  5
748
330
17
100
AcDbEntity
  8
GEOMETRY
100
AcDbLine
 10
3.1263779527559055
 20
1.6354330708661424
 30
0.0
 11
3.6366141732283466
 21
1.3409448818897638
 31
0.0
  0
LINE
  5
749
330
17
100
AcDbEntity
  8
GEOMETRY
100
AcDbLine
 10
3.6366141732283466
 20
1.3409448818897638
 30
0.0
 11
3.6425196850393706
 21
1.3444881889763793
 31
0.0
  0
LINE
  5
74A
330
17
100
AcDbEntity
  8
GEOMETRY
100
AcDbLine
 10
3.1263779527559055
 20
1.6354330708661424
 30
0.0
 11
3.1295275590551186
 21
1.633464566929134
 31
0.0
  0
LINE
  5
74B
330
17
100
AcDbEntity
  8
GEOMETRY
100
AcDbLine
 10
3.1263779527559055
 20
1.8043307086614178
 30
0.0
 11
3.1295275590551186
 21
1.8023622047244094
 31
0.0
  0
LINE
  5
74C
330
17
100
AcDbEntity
  8
GEOMETRY
100
AcDbLine
 10
3.1295275590551186
 20
1.633464566929134
 30
0.0
 11
3.1295275590551186
 21
1.8023622047244094
 31
0.0
  0
LINE
  5
74D
330
17
100
AcDbEntity
  8
GEOMETRY
100
AcDbLine
 10
3.1295275590551186
 20
1.633464566929134
 30
0.0
 11
3.1354330708661418
 21
1.6370078740157485
 31
0.0
  0
LINE
  5
74E
330
17
100
AcDbEntity
  8
GEOMETRY
100
AcDbLine
 10
3.1263779527559055
 20
1.8043307086614178
 30
0.0
 11
3.1295275590551186
 21
1.8023622047244094
 31
0.0
  0
LINE
  5
74F
330
17
100
AcDbEntity
  8
GEOMETRY
100
AcDbLine
 10
3.633070866141732
 20
1.342913385826772
 30
0.0
 11
3.6366141732283466
 21
1.3409448818897638
 31
0.0
  0
LINE
  5
750
330
17
100
AcDbEntity
  8
GEOMETRY
100
AcDbLine
 10
3.633070866141732
 20
1.511417322834645
 30
0.0
 11
3.6366141732283466
 21
1.509448818897639
 31
0.0
  0
LINE
  5
751
330
17
100
AcDbEntity
  8
GEOMETRY
100
AcDbLine
 10
3.6366141732283466
 20
1.3409448818897638
 30
0.0
 11
3.6366141732283466
 21
1.509448818897639
 31
0.0
  0
LINE
  5
752
330
17
100
AcDbEntity
  8
GEOMETRY
100
AcDbLine
 10
3.6366141732283466
 20
1.3409448818897638
 30
0.0
 11
3.6425196850393706
 21
1.3444881889763793
 31
0.0
  0
LINE
  5
753
330
17
100
AcDbEntity
  8
GEOMETRY
100
AcDbLine
 10
3.6366141732283466
 20
1.509448818897639
 30
0.0
 11
3.6425196850393706
 21
1.5129921259842523
 31
0.0
  0
LINE
  5
754
330
17
100
AcDbEntity
  8
GEOMETRY
100
AcDbLine
 10
3.633070866141732
 20
1.511417322834645
 30
0.0
 11
3.6366141732283466
 21
1.509448818897639
 31
0.0
  0
LINE
  5
755
330
17
100
AcDbEntity
  8
GEOMETRY
100
AcDbLine
 10
3.6366141732283466
 20
1.509448818897639
 30
0.0
 11
3.6425196850393706
 21
1.5129921259842523
 31
0.0
  0
LINE
  5
756
330
17
100
AcDbEntity
  8
GEOMETRY
100
AcDbLine
 10
3.6393700787401575
 20
1.5149606299212606
 30
0.0
 11
3.6366141732283466
 21
1.5133858267716533
 31
0.0
  0
LINE
  5
757
330
17
100
AcDbEntity
  8
GEOMETRY
100
AcDbLine
 10
3.1295275590551186
 20
1.4094488188976382
 30
0.0
 11
3.6366141732283466
 21
1.1165354330708666
 31
0.0
  0
LINE
  5
758
330
17
100
AcDbEntity
  8
GEOMETRY
100
AcDbLine
 10
3.1295275590551186
 20
1.6106299212598434
 30
0.0
 11
3.6397637795275593
 21
1.3161417322834648
 31
0.0
  0
LINE
  5
759
330
17
100
AcDbEntity
  8
GEOMETRY
100
AcDbLine
 10
3.6397637795275593
 20
1.1145669291338582
 30
0.0
 11
3.6397637795275593
 21
1.3161417322834648
 31
0.0
  0
LINE
  5
75A
330
17
100
AcDbEntity
  8
GEOMETRY
100
AcDbLine
 10
3.34488188976378
 20
1.3956692913385822
 30
0.0
 11
3.344094488188976
 21
1.3913385826771665
 31
0.0
  0
LINE
  5
75B
330
17
100
AcDbEntity
  8
GEOMETRY
100
AcDbLine
 10
3.344094488188976
 20
1.3913385826771665
 30
0.0
 11
3.3413385826771655
 21
1.388976377952757
 31
0.0
  0
LINE
  5
75C
330
17
100
AcDbEntity
  8
GEOMETRY
100
AcDbLine
 10
3.3413385826771655
 20
1.388976377952757
 30
0.0
 11
3.33740157480315
 21
1.388976377952757
 31
0.0
  0
LINE
  5
75D
330
17
100
AcDbEntity
  8
GEOMETRY
100
AcDbLine
 10
3.33740157480315
 20
1.388976377952757
 30
0.0
 11
3.3330708661417323
 21
1.3917322834645678
 31
0.0
  0
LINE
  5
75E
330
17
100
AcDbEntity
  8
GEOMETRY
100
AcDbLine
 10
3.3330708661417323
 20
1.3917322834645678
 30
0.0
 11
3.3291338582677166
 21
1.3960629921259857
 31
0.0
  0
LINE
  5
75F
330
17
100
AcDbEntity
  8
GEOMETRY
100
AcDbLine
 10
3.3291338582677166
 20
1.3960629921259857
 30
0.0
 11
3.3263779527559056
 21
1.4015748031496071
 31
0.0
  0
LINE
  5
760
330
17
100
AcDbEntity
  8
GEOMETRY
100
AcDbLine
 10
3.3263779527559056
 20
1.4015748031496071
 30
0.0
 11
3.3251968503937013
 21
1.4070866141732288
 31
0.0
  0
LINE
  5
761
330
17
100
AcDbEntity
  8
GEOMETRY
100
AcDbLine
 10
3.3251968503937013
 20
1.4070866141732288
 30
0.0
 11
3.3263779527559056
 21
1.4114173228346465
 31
0.0
  0
LINE
  5
762
330
17
100
AcDbEntity
  8
GEOMETRY
100
AcDbLine
 10
3.3263779527559056
 20
1.4114173228346465
 30
0.0
 11
3.3291338582677166
 21
1.4137795275590561
 31
0.0
  0
LINE
  5
763
330
17
100
AcDbEntity
  8
GEOMETRY
100
AcDbLine
 10
3.3291338582677166
 20
1.4137795275590561
 30
0.0
 11
3.3330708661417323
 21
1.4137795275590561
 31
0.0
  0
LINE
  5
764
330
17
100
AcDbEntity
  8
GEOMETRY
100
AcDbLine
 10
3.3330708661417323
 20
1.4137795275590561
 30
0.0
 11
3.33740157480315
 21
1.4114173228346465
 31
0.0
  0
LINE
  5
765
330
17
100
AcDbEntity
  8
GEOMETRY
100
AcDbLine
 10
3.33740157480315
 20
1.4114173228346465
 30
0.0
 11
3.3413385826771655
 21
1.4066929133858275
 31
0.0
  0
LINE
  5
766
330
17
100
AcDbEntity
  8
GEOMETRY
100
AcDbLine
 10
3.3413385826771655
 20
1.4066929133858275
 30
0.0
 11
3.344094488188976
 21
1.401181102362206
 31
0.0
  0
LINE
  5
767
330
17
100
AcDbEntity
  8
GEOMETRY
100
AcDbLine
 10
3.344094488188976
 20
1.401181102362206
 30
0.0
 11
3.34488188976378
 21
1.3956692913385822
 31
0.0
  0
LINE
  5
768
330
17
100
AcDbEntity
  8
GEOMETRY
100
AcDbLine
 10
3.444094488188976
 20
1.3385826771653544
 30
0.0
 11
3.4429133858267718
 21
1.3342519685039365
 31
0.0
  0
LINE
  5
769
330
17
100
AcDbEntity
  8
GEOMETRY
100
AcDbLine
 10
3.4429133858267718
 20
1.3342519685039365
 30
0.0
 11
3.4401574803149604
 21
1.331889763779529
 31
0.0
  0
LINE
  5
76A
330
17
100
AcDbEntity
  8
GEOMETRY
100
AcDbLine
 10
3.4401574803149604
 20
1.331889763779529
 30
0.0
 11
3.436220472440945
 21
1.331889763779529
 31
0.0
  0
LINE
  5
76B
330
17
100
AcDbEntity
  8
GEOMETRY
100
AcDbLine
 10
3.436220472440945
 20
1.331889763779529
 30
0.0
 11
3.4318897637795276
 21
1.3342519685039365
 31
0.0
  0
LINE
  5
76C
330
17
100
AcDbEntity
  8
GEOMETRY
100
AcDbLine
 10
3.4318897637795276
 20
1.3342519685039365
 30
0.0
 11
3.4279527559055114
 21
1.3389763779527555
 31
0.0
  0
LINE
  5
76D
330
17
100
AcDbEntity
  8
GEOMETRY
100
AcDbLine
 10
3.4279527559055114
 20
1.3389763779527555
 30
0.0
 11
3.425196850393701
 21
1.3444881889763793
 31
0.0
  0
LINE
  5
76E
330
17
100
AcDbEntity
  8
GEOMETRY
100
AcDbLine
 10
3.425196850393701
 20
1.3444881889763793
 30
0.0
 11
3.424409448818897
 21
1.3500000000000008
 31
0.0
  0
LINE
  5
76F
330
17
100
AcDbEntity
  8
GEOMETRY
100
AcDbLine
 10
3.424409448818897
 20
1.3500000000000008
 30
0.0
 11
3.425196850393701
 21
1.3543307086614187
 31
0.0
  0
LINE
  5
770
330
17
100
AcDbEntity
  8
GEOMETRY
100
AcDbLine
 10
3.425196850393701
 20
1.3543307086614187
 30
0.0
 11
3.4279527559055114
 21
1.356692913385828
 31
0.0
  0
LINE
  5
771
330
17
100
AcDbEntity
  8
GEOMETRY
100
AcDbLine
 10
3.4279527559055114
 20
1.356692913385828
 30
0.0
 11
3.4318897637795276
 21
1.356692913385828
 31
0.0
  0
LINE
  5
772
330
17
100
AcDbEntity
  8
GEOMETRY
100
AcDbLine
 10
3.4318897637795276
 20
1.356692913385828
 30
0.0
 11
3.436220472440945
 21
1.3543307086614187
 31
0.0
  0
LINE
  5
773
330
17
100
AcDbEntity
  8
GEOMETRY
100
AcDbLine
 10
3.436220472440945
 20
1.3543307086614187
 30
0.0
 11
3.4401574803149604
 21
1.3496062992125997
 31
0.0
  0
LINE
  5
774
330
17
100
AcDbEntity
  8
GEOMETRY
100
AcDbLine
 10
3.4401574803149604
 20
1.3496062992125997
 30
0.0
 11
3.4429133858267718
 21
1.3440944881889758
 31
0.0
  0
LINE
  5
775
330
17
100
AcDbEntity
  8
GEOMETRY
100
AcDbLine
 10
3.4429133858267718
 20
1.3440944881889758
 30
0.0
 11
3.444094488188976
 21
1.3385826771653544
 31
0.0
  0
LINE
  5
776
330
17
100
AcDbEntity
  8
GEOMETRY
100
AcDbLine
 10
3.6397637795275593
 20
1.1145669291338582
 30
0.0
 11
3.6425196850393706
 21
1.1161417322834655
 31
0.0
  0
LINE
  5
777
330
17
100
AcDbEntity
  8
GEOMETRY
100
AcDbLine
 10
3.6397637795275593
 20
1.3161417322834648
 30
0.0
 11
3.6425196850393706
 21
1.317716535433072
 31
0.0
  0
LINE
  5
778
330
17
100
AcDbEntity
  8
GEOMETRY
100
AcDbLine
 10
3.1295275590551186
 20
1.6106299212598434
 30
0.0
 11
3.6397637795275593
 21
1.3161417322834648
 31
0.0
  0
LINE
  5
779
330
17
100
AcDbEntity
  8
GEOMETRY
100
AcDbLine
 10
3.6397637795275593
 20
1.3161417322834648
 30
0.0
 11
3.6425196850393706
 21
1.317716535433072
 31
0.0
  0
LINE
  5
77A
330
17
100
AcDbEntity
  8
GEOMETRY
100
AcDbLine
 10
3.6425196850393706
 20
1.317716535433072
 30
0.0
 11
3.132283464566929
 21
1.6122047244094484
 31
0.0
  0
LINE
  5
77B
330
17
100
AcDbEntity
  8
GEOMETRY
100
AcDbLine
 10
3.132283464566929
 20
1.6122047244094484
 30
0.0
 11
3.1295275590551186
 21
1.6106299212598434
 31
0.0
  0
LINE
  5
77C
330
17
100
AcDbEntity
  8
GEOMETRY
100
AcDbLine
 10
3.1263779527559055
 20
1.605118110236222
 30
0.0
 11
3.6366141732283466
 21
1.310236220472442
 31
0.0
  0
LINE
  5
77D
330
17
100
AcDbEntity
  8
GEOMETRY
100
AcDbLine
 10
3.1263779527559055
 20
1.6090551181102364
 30
0.0
 11
3.6366141732283466
 21
1.3141732283464564
 31
0.0
  0
LINE
  5
77E
330
17
100
AcDbEntity
  8
GEOMETRY
100
AcDbLine
 10
3.6366141732283466
 20
1.310236220472442
 30
0.0
 11
3.6366141732283466
 21
1.3141732283464564
 31
0.0
  0
LINE
  5
77F
330
17
100
AcDbEntity
  8
GEOMETRY
100
AcDbLine
 10
3.6366141732283466
 20
1.310236220472442
 30
0.0
 11
3.6425196850393706
 21
1.3137795275590554
 31
0.0
  0
LINE
  5
780
330
17
100
AcDbEntity
  8
GEOMETRY
100
AcDbLine
 10
3.6366141732283466
 20
1.3141732283464564
 30
0.0
 11
3.6425196850393706
 21
1.317716535433072
 31
0.0
  0
LINE
  5
781
330
17
100
AcDbEntity
  8
GEOMETRY
100
AcDbLine
 10
3.1263779527559055
 20
1.6090551181102364
 30
0.0
 11
3.6366141732283466
 21
1.3141732283464564
 31
0.0
  0
LINE
  5
782
330
17
100
AcDbEntity
  8
GEOMETRY
100
AcDbLine
 10
3.6366141732283466
 20
1.3141732283464564
 30
0.0
 11
3.6425196850393706
 21
1.317716535433072
 31
0.0
  0
LINE
  5
783
330
17
100
AcDbEntity
  8
GEOMETRY
100
AcDbLine
 10
3.6425196850393706
 20
1.317716535433072
 30
0.0
 11
3.132283464566929
 21
1.6122047244094484
 31
0.0
  0
LINE
  5
784
330
17
100
AcDbEntity
  8
GEOMETRY
100
AcDbLine
 10
3.132283464566929
 20
1.6122047244094484
 30
0.0
 11
3.1263779527559055
 21
1.6090551181102364
 31
0.0
  0
LINE
  5
785
330
17
100
AcDbEntity
  8
GEOMETRY
100
AcDbLine
 10
3.1263779527559055
 20
1.4074803149606299
 30
0.0
 11
3.6366141732283466
 21
1.11259842519685
 31
0.0
  0
LINE
  5
786
330
17
100
AcDbEntity
  8
GEOMETRY
100
AcDbLine
 10
3.1263779527559055
 20
1.4110236220472454
 30
0.0
 11
3.6366141732283466
 21
1.1165354330708666
 31
0.0
  0
LINE
  5
787
330
17
100
AcDbEntity
  8
GEOMETRY
100
AcDbLine
 10
3.6366141732283466
 20
1.11259842519685
 30
0.0
 11
3.6366141732283466
 21
1.1165354330708666
 31
0.0
  0
LINE
  5
788
330
17
100
AcDbEntity
  8
GEOMETRY
100
AcDbLine
 10
3.6366141732283466
 20
1.11259842519685
 30
0.0
 11
3.6425196850393706
 21
1.1161417322834655
 31
0.0
  0
LINE
  5
789
330
17
100
AcDbEntity
  8
GEOMETRY
100
AcDbLine
 10
3.6366141732283466
 20
1.1165354330708666
 30
0.0
 11
3.6425196850393706
 21
1.1200787401574799
 31
0.0
  0
LINE
  5
78A
330
17
100
AcDbEntity
  8
GEOMETRY
100
AcDbLine
 10
3.1263779527559055
 20
1.4110236220472454
 30
0.0
 11
3.6366141732283466
 21
1.1165354330708666
 31
0.0
  0
LINE
  5
78B
330
17
100
AcDbEntity
  8
GEOMETRY
100
AcDbLine
 10
3.6366141732283466
 20
1.1165354330708666
 30
0.0
 11
3.6425196850393706
 21
1.1200787401574799
 31
0.0
  0
LINE
  5
78C
330
17
100
AcDbEntity
  8
GEOMETRY
100
AcDbLine
 10
3.1263779527559055
 20
1.4110236220472454
 30
0.0
 11
3.1295275590551186
 21
1.4094488188976382
 31
0.0
  0
LINE
  5
78D
330
17
100
AcDbEntity
  8
GEOMETRY
100
AcDbLine
 10
3.1263779527559055
 20
1.605118110236222
 30
0.0
 11
3.1295275590551186
 21
1.6031496062992137
 31
0.0
  0
LINE
  5
78E
330
17
100
AcDbEntity
  8
GEOMETRY
100
AcDbLine
 10
3.1295275590551186
 20
1.4094488188976382
 30
0.0
 11
3.1295275590551186
 21
1.6031496062992137
 31
0.0
  0
LINE
  5
78F
330
17
100
AcDbEntity
  8
GEOMETRY
100
AcDbLine
 10
3.1295275590551186
 20
1.4094488188976382
 30
0.0
 11
3.1354330708661418
 21
1.4125984251968502
 31
0.0
  0
LINE
  5
790
330
17
100
AcDbEntity
  8
GEOMETRY
100
AcDbLine
 10
3.1263779527559055
 20
1.605118110236222
 30
0.0
 11
3.1295275590551186
 21
1.6031496062992137
 31
0.0
  0
LINE
  5
791
330
17
100
AcDbEntity
  8
GEOMETRY
100
AcDbLine
 10
3.633070866141732
 20
1.118503937007875
 30
0.0
 11
3.6366141732283466
 21
1.1165354330708666
 31
0.0
  0
LINE
  5
792
330
17
100
AcDbEntity
  8
GEOMETRY
100
AcDbLine
 10
3.633070866141732
 20
1.3122047244094504
 30
0.0
 11
3.6366141732283466
 21
1.310236220472442
 31
0.0
  0
LINE
  5
793
330
17
100
AcDbEntity
  8
GEOMETRY
100
AcDbLine
 10
3.6366141732283466
 20
1.1165354330708666
 30
0.0
 11
3.6366141732283466
 21
1.310236220472442
 31
0.0
  0
LINE
  5
794
330
17
100
AcDbEntity
  8
GEOMETRY
100
AcDbLine
 10
3.6366141732283466
 20
1.1165354330708666
 30
0.0
 11
3.6425196850393706
 21
1.1200787401574799
 31
0.0
  0
LINE
  5
795
330
17
100
AcDbEntity
  8
GEOMETRY
100
AcDbLine
 10
3.6366141732283466
 20
1.310236220472442
 30
0.0
 11
3.6425196850393706
 21
1.3137795275590554
 31
0.0
  0
LINE
  5
796
330
17
100
AcDbEntity
  8
GEOMETRY
100
AcDbLine
 10
3.633070866141732
 20
1.3122047244094504
 30
0.0
 11
3.6366141732283466
 21
1.310236220472442
 31
0.0
  0
LINE
  5
797
330
17
100
AcDbEntity
  8
GEOMETRY
100
AcDbLine
 10
3.6366141732283466
 20
1.310236220472442
 30
0.0
 11
3.6425196850393706
 21
1.3137795275590554
 31
0.0
  0
LINE
  5
798
330
17
100
AcDbEntity
  8
GEOMETRY
100
AcDbLine
 10
3.6393700787401575
 20
1.3157480314960637
 30
0.0
 11
3.6366141732283466
 21
1.3141732283464564
 31
0.0
  0
LINE
  5
799
330
17
100
AcDbEntity
  8
GEOMETRY
100
AcDbLine
 10
3.1295275590551186
 20
1.1598425196850408
 30
0.0
 11
3.6366141732283466
 21
0.866929133858267
 31
0.0
  0
LINE
  5
79A
330
17
100
AcDbEntity
  8
GEOMETRY
100
AcDbLine
 10
3.1295275590551186
 20
1.3862204724409464
 30
0.0
 11
3.6397637795275593
 21
1.0917322834645675
 31
0.0
  0
LINE
  5
79B
330
17
100
AcDbEntity
  8
GEOMETRY
100
AcDbLine
 10
3.6397637795275593
 20
0.8649606299212609
 30
0.0
 11
3.6397637795275593
 21
1.0917322834645675
 31
0.0
  0
LINE
  5
79C
330
17
100
AcDbEntity
  8
GEOMETRY
100
AcDbLine
 10
3.34488188976378
 20
1.158661417322835
 30
0.0
 11
3.344094488188976
 21
1.154330708661417
 31
0.0
  0
LINE
  5
79D
330
17
100
AcDbEntity
  8
GEOMETRY
100
AcDbLine
 10
3.344094488188976
 20
1.154330708661417
 30
0.0
 11
3.3413385826771655
 21
1.1519685039370076
 31
0.0
  0
LINE
  5
79E
330
17
100
AcDbEntity
  8
GEOMETRY
100
AcDbLine
 10
3.3413385826771655
 20
1.1519685039370076
 30
0.0
 11
3.33740157480315
 21
1.1519685039370076
 31
0.0
  0
LINE
  5
79F
330
17
100
AcDbEntity
  8
GEOMETRY
100
AcDbLine
 10
3.33740157480315
 20
1.1519685039370076
 30
0.0
 11
3.3330708661417323
 21
1.1547244094488205
 31
0.0
  0
LINE
  5
7A0
330
17
100
AcDbEntity
  8
GEOMETRY
100
AcDbLine
 10
3.3330708661417323
 20
1.1547244094488205
 30
0.0
 11
3.3291338582677166
 21
1.1590551181102362
 31
0.0
  0
LINE
  5
7A1
330
17
100
AcDbEntity
  8
GEOMETRY
100
AcDbLine
 10
3.3291338582677166
 20
1.1590551181102362
 30
0.0
 11
3.3263779527559056
 21
1.1645669291338598
 31
0.0
  0
LINE
  5
7A2
330
17
100
AcDbEntity
  8
GEOMETRY
100
AcDbLine
 10
3.3263779527559056
 20
1.1645669291338598
 30
0.0
 11
3.3251968503937013
 21
1.1700787401574815
 31
0.0
  0
LINE
  5
7A3
330
17
100
AcDbEntity
  8
GEOMETRY
100
AcDbLine
 10
3.3251968503937013
 20
1.1700787401574815
 30
0.0
 11
3.3263779527559056
 21
1.1744094488188992
 31
0.0
  0
LINE
  5
7A4
330
17
100
AcDbEntity
  8
GEOMETRY
100
AcDbLine
 10
3.3263779527559056
 20
1.1744094488188992
 30
0.0
 11
3.3291338582677166
 21
1.17716535433071
 31
0.0
  0
LINE
  5
7A5
330
17
100
AcDbEntity
  8
GEOMETRY
100
AcDbLine
 10
3.3291338582677166
 20
1.17716535433071
 30
0.0
 11
3.3330708661417323
 21
1.1767716535433066
 31
0.0
  0
LINE
  5
7A6
330
17
100
AcDbEntity
  8
GEOMETRY
100
AcDbLine
 10
3.3330708661417323
 20
1.1767716535433066
 30
0.0
 11
3.33740157480315
 21
1.1744094488188992
 31
0.0
  0
LINE
  5
7A7
330
17
100
AcDbEntity
  8
GEOMETRY
100
AcDbLine
 10
3.33740157480315
 20
1.1744094488188992
 30
0.0
 11
3.3413385826771655
 21
1.1696850393700802
 31
0.0
  0
LINE
  5
7A8
330
17
100
AcDbEntity
  8
GEOMETRY
100
AcDbLine
 10
3.3413385826771655
 20
1.1696850393700802
 30
0.0
 11
3.344094488188976
 21
1.1641732283464563
 31
0.0
  0
LINE
  5
7A9
330
17
100
AcDbEntity
  8
GEOMETRY
100
AcDbLine
 10
3.344094488188976
 20
1.1641732283464563
 30
0.0
 11
3.34488188976378
 21
1.158661417322835
 31
0.0
  0
LINE
  5
7AA
330
17
100
AcDbEntity
  8
GEOMETRY
100
AcDbLine
 10
3.444094488188976
 20
1.101574803149607
 30
0.0
 11
3.4429133858267718
 21
1.0972440944881892
 31
0.0
  0
LINE
  5
7AB
330
17
100
AcDbEntity
  8
GEOMETRY
100
AcDbLine
 10
3.4429133858267718
 20
1.0972440944881892
 30
0.0
 11
3.4401574803149604
 21
1.0948818897637795
 31
0.0
  0
LINE
  5
7AC
330
17
100
AcDbEntity
  8
GEOMETRY
100
AcDbLine
 10
3.4401574803149604
 20
1.0948818897637795
 30
0.0
 11
3.436220472440945
 21
1.0948818897637795
 31
0.0
  0
LINE
  5
7AD
330
17
100
AcDbEntity
  8
GEOMETRY
100
AcDbLine
 10
3.436220472440945
 20
1.0948818897637795
 30
0.0
 11
3.4318897637795276
 21
1.0976377952755905
 31
0.0
  0
LINE
  5
7AE
330
17
100
AcDbEntity
  8
GEOMETRY
100
AcDbLine
 10
3.4318897637795276
 20
1.0976377952755905
 30
0.0
 11
3.4279527559055114
 21
1.1019685039370082
 31
0.0
  0
LINE
  5
7AF
330
17
100
AcDbEntity
  8
GEOMETRY
100
AcDbLine
 10
3.4279527559055114
 20
1.1019685039370082
 30
0.0
 11
3.425196850393701
 21
1.1074803149606298
 31
0.0
  0
LINE
  5
7B0
330
17
100
AcDbEntity
  8
GEOMETRY
100
AcDbLine
 10
3.425196850393701
 20
1.1074803149606298
 30
0.0
 11
3.424409448818897
 21
1.1129921259842535
 31
0.0
  0
LINE
  5
7B1
330
17
100
AcDbEntity
  8
GEOMETRY
100
AcDbLine
 10
3.424409448818897
 20
1.1129921259842535
 30
0.0
 11
3.425196850393701
 21
1.1173228346456692
 31
0.0
  0
LINE
  5
7B2
330
17
100
AcDbEntity
  8
GEOMETRY
100
AcDbLine
 10
3.425196850393701
 20
1.1173228346456692
 30
0.0
 11
3.4279527559055114
 21
1.1196850393700786
 31
0.0
  0
LINE
  5
7B3
330
17
100
AcDbEntity
  8
GEOMETRY
100
AcDbLine
 10
3.4279527559055114
 20
1.1196850393700786
 30
0.0
 11
3.4318897637795276
 21
1.1196850393700786
 31
0.0
  0
LINE
  5
7B4
330
17
100
AcDbEntity
  8
GEOMETRY
100
AcDbLine
 10
3.4318897637795276
 20
1.1196850393700786
 30
0.0
 11
3.436220472440945
 21
1.1173228346456692
 31
0.0
  0
LINE
  5
7B5
330
17
100
AcDbEntity
  8
GEOMETRY
100
AcDbLine
 10
3.436220472440945
 20
1.1173228346456692
 30
0.0
 11
3.4401574803149604
 21
1.11259842519685
 31
0.0
  0
LINE
  5
7B6
330
17
100
AcDbEntity
  8
GEOMETRY
100
AcDbLine
 10
3.4401574803149604
 20
1.11259842519685
 30
0.0
 11
3.4429133858267718
 21
1.1070866141732285
 31
0.0
  0
LINE
  5
7B7
330
17
100
AcDbEntity
  8
GEOMETRY
100
AcDbLine
 10
3.4429133858267718
 20
1.1070866141732285
 30
0.0
 11
3.444094488188976
 21
1.101574803149607
 31
0.0
  0
LINE
  5
7B8
330
17
100
AcDbEntity
  8
GEOMETRY
100
AcDbLine
 10
3.6397637795275593
 20
0.8649606299212609
 30
0.0
 11
3.6425196850393706
 21
0.8665354330708658
 31
0.0
  0
LINE
  5
7B9
330
17
100
AcDbEntity
  8
GEOMETRY
100
AcDbLine
 10
3.6397637795275593
 20
1.0917322834645675
 30
0.0
 11
3.6425196850393706
 21
1.0933070866141748
 31
0.0
  0
LINE
  5
7BA
330
17
100
AcDbEntity
  8
GEOMETRY
100
AcDbLine
 10
3.1295275590551186
 20
1.3862204724409464
 30
0.0
 11
3.6397637795275593
 21
1.0917322834645675
 31
0.0
  0
LINE
  5
7BB
330
17
100
AcDbEntity
  8
GEOMETRY
100
AcDbLine
 10
3.6397637795275593
 20
1.0917322834645675
 30
0.0
 11
3.6425196850393706
 21
1.0933070866141748
 31
0.0
  0
LINE
  5
7BC
330
17
100
AcDbEntity
  8
GEOMETRY
100
AcDbLine
 10
3.6425196850393706
 20
1.0933070866141748
 30
0.0
 11
3.132283464566929
 21
1.3881889763779525
 31
0.0
  0
LINE
  5
7BD
330
17
100
AcDbEntity
  8
GEOMETRY
100
AcDbLine
 10
3.132283464566929
 20
1.3881889763779525
 30
0.0
 11
3.1295275590551186
 21
1.3862204724409464
 31
0.0
  0
LINE
  5
7BE
330
17
100
AcDbEntity
  8
GEOMETRY
100
AcDbLine
 10
3.1263779527559055
 20
1.3807086614173225
 30
0.0
 11
3.6366141732283466
 21
1.086220472440946
 31
0.0
  0
LINE
  5
7BF
330
17
100
AcDbEntity
  8
GEOMETRY
100
AcDbLine
 10
3.1263779527559055
 20
1.3846456692913391
 30
0.0
 11
3.6366141732283466
 21
1.0897637795275592
 31
0.0
  0
LINE
  5
7C0
330
17
100
AcDbEntity
  8
GEOMETRY
100
AcDbLine
 10
3.6366141732283466
 20
1.086220472440946
 30
0.0
 11
3.6366141732283466
 21
1.0897637795275592
 31
0.0
  0
LINE
  5
7C1
330
17
100
AcDbEntity
  8
GEOMETRY
100
AcDbLine
 10
3.6366141732283466
 20
1.086220472440946
 30
0.0
 11
3.6425196850393706
 21
1.0893700787401581
 31
0.0
  0
LINE
  5
7C2
330
17
100
AcDbEntity
  8
GEOMETRY
100
AcDbLine
 10
3.6366141732283466
 20
1.0897637795275592
 30
0.0
 11
3.6425196850393706
 21
1.0933070866141748
 31
0.0
  0
LINE
  5
7C3
330
17
100
AcDbEntity
  8
GEOMETRY
100
AcDbLine
 10
3.1263779527559055
 20
1.3846456692913391
 30
0.0
 11
3.6366141732283466
 21
1.0897637795275592
 31
0.0
  0
LINE
  5
7C4
330
17
100
AcDbEntity
  8
GEOMETRY
100
AcDbLine
 10
3.6366141732283466
 20
1.0897637795275592
 30
0.0
 11
3.6425196850393706
 21
1.0933070866141748
 31
0.0
  0
LINE
  5
7C5
330
17
100
AcDbEntity
  8
GEOMETRY
100
AcDbLine
 10
3.6425196850393706
 20
1.0933070866141748
 30
0.0
 11
3.132283464566929
 21
1.3881889763779525
 31
0.0
  0
LINE
  5
7C6
330
17
100
AcDbEntity
  8
GEOMETRY
100
AcDbLine
 10
3.132283464566929
 20
1.3881889763779525
 30
0.0
 11
3.1263779527559055
 21
1.3846456692913391
 31
0.0
  0
LINE
  5
7C7
330
17
100
AcDbEntity
  8
GEOMETRY
100
AcDbLine
 10
3.1263779527559055
 20
1.1578740157480325
 30
0.0
 11
3.6366141732283466
 21
0.8629921259842526
 31
0.0
  0
LINE
  5
7C8
330
17
100
AcDbEntity
  8
GEOMETRY
100
AcDbLine
 10
3.1263779527559055
 20
1.161811023622047
 30
0.0
 11
3.6366141732283466
 21
0.866929133858267
 31
0.0
  0
LINE
  5
7C9
330
17
100
AcDbEntity
  8
GEOMETRY
100
AcDbLine
 10
3.6366141732283466
 20
0.8629921259842526
 30
0.0
 11
3.6366141732283466
 21
0.866929133858267
 31
0.0
  0
LINE
  5
7CA
330
17
100
AcDbEntity
  8
GEOMETRY
100
AcDbLine
 10
3.6366141732283466
 20
0.8629921259842526
 30
0.0
 11
3.6425196850393706
 21
0.8665354330708658
 31
0.0
  0
LINE
  5
7CB
330
17
100
AcDbEntity
  8
GEOMETRY
100
AcDbLine
 10
3.6366141732283466
 20
0.866929133858267
 30
0.0
 11
3.6425196850393706
 21
0.8704724409448824
 31
0.0
  0
LINE
  5
7CC
330
17
100
AcDbEntity
  8
GEOMETRY
100
AcDbLine
 10
3.1263779527559055
 20
1.161811023622047
 30
0.0
 11
3.6366141732283466
 21
0.866929133858267
 31
0.0
  0
LINE
  5
7CD
330
17
100
AcDbEntity
  8
GEOMETRY
100
AcDbLine
 10
3.6366141732283466
 20
0.866929133858267
 30
0.0
 11
3.6425196850393706
 21
0.8704724409448824
 31
0.0
  0
LINE
  5
7CE
330
17
100
AcDbEntity
  8
GEOMETRY
100
AcDbLine
 10
3.1263779527559055
 20
1.161811023622047
 30
0.0
 11
3.1295275590551186
 21
1.1598425196850408
 31
0.0
  0
LINE
  5
7CF
330
17
100
AcDbEntity
  8
GEOMETRY
100
AcDbLine
 10
3.1263779527559055
 20
1.3807086614173225
 30
0.0
 11
3.1295275590551186
 21
1.3787401574803164
 31
0.0
  0
LINE
  5
7D0
330
17
100
AcDbEntity
  8
GEOMETRY
100
AcDbLine
 10
3.1295275590551186
 20
1.1598425196850408
 30
0.0
 11
3.1295275590551186
 21
1.3787401574803164
 31
0.0
  0
LINE
  5
7D1
330
17
100
AcDbEntity
  8
GEOMETRY
100
AcDbLine
 10
3.1295275590551186
 20
1.1598425196850408
 30
0.0
 11
3.1354330708661418
 21
1.163385826771654
 31
0.0
  0
LINE
  5
7D2
330
17
100
AcDbEntity
  8
GEOMETRY
100
AcDbLine
 10
3.1263779527559055
 20
1.3807086614173225
 30
0.0
 11
3.1295275590551186
 21
1.3787401574803164
 31
0.0
  0
LINE
  5
7D3
330
17
100
AcDbEntity
  8
GEOMETRY
100
AcDbLine
 10
3.633070866141732
 20
0.8688976377952753
 30
0.0
 11
3.6366141732283466
 21
0.866929133858267
 31
0.0
  0
LINE
  5
7D4
330
17
100
AcDbEntity
  8
GEOMETRY
100
AcDbLine
 10
3.633070866141732
 20
1.087795275590551
 30
0.0
 11
3.6366141732283466
 21
1.086220472440946
 31
0.0
  0
LINE
  5
7D5
330
17
100
AcDbEntity
  8
GEOMETRY
100
AcDbLine
 10
3.6366141732283466
 20
0.866929133858267
 30
0.0
 11
3.6366141732283466
 21
1.086220472440946
 31
0.0
  0
LINE
  5
7D6
330
17
100
AcDbEntity
  8
GEOMETRY
100
AcDbLine
 10
3.6366141732283466
 20
0.866929133858267
 30
0.0
 11
3.6425196850393706
 21
0.8704724409448824
 31
0.0
  0
LINE
  5
7D7
330
17
100
AcDbEntity
  8
GEOMETRY
100
AcDbLine
 10
3.6366141732283466
 20
1.086220472440946
 30
0.0
 11
3.6425196850393706
 21
1.0893700787401581
 31
0.0
  0
LINE
  5
7D8
330
17
100
AcDbEntity
  8
GEOMETRY
100
AcDbLine
 10
3.633070866141732
 20
1.087795275590551
 30
0.0
 11
3.6366141732283466
 21
1.086220472440946
 31
0.0
  0
LINE
  5
7D9
330
17
100
AcDbEntity
  8
GEOMETRY
100
AcDbLine
 10
3.6366141732283466
 20
1.086220472440946
 30
0.0
 11
3.6425196850393706
 21
1.0893700787401581
 31
0.0
  0
LINE
  5
7DA
330
17
100
AcDbEntity
  8
GEOMETRY
100
AcDbLine
 10
3.6393700787401575
 20
1.0913385826771664
 30
0.0
 11
3.6366141732283466
 21
1.0897637795275592
 31
0.0
  0
LINE
  5
7DB
330
17
100
AcDbEntity
  8
GEOMETRY
100
AcDbLine
 10
3.725984251968504
 20
1.4381889763779538
 30
0.0
 11
3.737007874015748
 21
1.4318897637795278
 31
0.0
  0
LINE
  5
7DC
330
17
100
AcDbEntity
  8
GEOMETRY
100
AcDbLine
 10
3.725984251968504
 20
1.4712598425196852
 30
0.0
 11
3.737007874015748
 21
1.4649606299212612
 31
0.0
  0
LINE
  5
7DD
330
17
100
AcDbEntity
  8
GEOMETRY
100
AcDbLine
 10
3.737007874015748
 20
1.4318897637795278
 30
0.0
 11
3.737007874015748
 21
1.4649606299212612
 31
0.0
  0
LINE
  5
7DE
330
17
100
AcDbEntity
  8
GEOMETRY
100
AcDbLine
 10
3.737007874015748
 20
1.4318897637795278
 30
0.0
 11
4.61496062992126
 21
1.9385826771653547
 31
0.0
  0
LINE
  5
7DF
330
17
100
AcDbEntity
  8
GEOMETRY
100
AcDbLine
 10
3.737007874015748
 20
1.4649606299212612
 30
0.0
 11
4.61496062992126
 21
1.971653543307087
 31
0.0
  0
LINE
  5
7E0
330
17
100
AcDbEntity
  8
GEOMETRY
100
AcDbLine
 10
3.725984251968504
 20
1.4712598425196852
 30
0.0
 11
3.737007874015748
 21
1.4649606299212612
 31
0.0
  0
LINE
  5
7E1
330
17
100
AcDbEntity
  8
GEOMETRY
100
AcDbLine
 10
3.737007874015748
 20
1.4649606299212612
 30
0.0
 11
4.61496062992126
 21
1.971653543307087
 31
0.0
  0
LINE
  5
7E2
330
17
100
AcDbEntity
  8
GEOMETRY
100
AcDbLine
 10
4.61496062992126
 20
1.971653543307087
 30
0.0
 11
4.603937007874015
 21
1.9779527559055121
 31
0.0
  0
LINE
  5
7E3
330
17
100
AcDbEntity
  8
GEOMETRY
100
AcDbLine
 10
4.603937007874015
 20
1.9779527559055121
 30
0.0
 11
3.725984251968504
 21
1.4712598425196852
 31
0.0
  0
LINE
  5
7E4
330
17
100
AcDbEntity
  8
GEOMETRY
100
AcDbLine
 10
3.725984251968504
 20
0.8870078740157492
 30
0.0
 11
3.737007874015748
 21
0.880708661417323
 31
0.0
  0
LINE
  5
7E5
330
17
100
AcDbEntity
  8
GEOMETRY
100
AcDbLine
 10
3.725984251968504
 20
0.9200787401574805
 30
0.0
 11
3.737007874015748
 21
0.9137795275590566
 31
0.0
  0
LINE
  5
7E6
330
17
100
AcDbEntity
  8
GEOMETRY
100
AcDbLine
 10
3.737007874015748
 20
0.880708661417323
 30
0.0
 11
3.737007874015748
 21
0.9137795275590566
 31
0.0
  0
LINE
  5
7E7
330
17
100
AcDbEntity
  8
GEOMETRY
100
AcDbLine
 10
3.737007874015748
 20
0.880708661417323
 30
0.0
 11
4.61496062992126
 21
1.3874015748031499
 31
0.0
  0
LINE
  5
7E8
330
17
100
AcDbEntity
  8
GEOMETRY
100
AcDbLine
 10
3.737007874015748
 20
0.9137795275590566
 30
0.0
 11
4.61496062992126
 21
1.4204724409448835
 31
0.0
  0
LINE
  5
7E9
330
17
100
AcDbEntity
  8
GEOMETRY
100
AcDbLine
 10
3.725984251968504
 20
0.9200787401574805
 30
0.0
 11
3.737007874015748
 21
0.9137795275590566
 31
0.0
  0
LINE
  5
7EA
330
17
100
AcDbEntity
  8
GEOMETRY
100
AcDbLine
 10
3.737007874015748
 20
0.9137795275590566
 30
0.0
 11
4.61496062992126
 21
1.4204724409448835
 31
0.0
  0
LINE
  5
7EB
330
17
100
AcDbEntity
  8
GEOMETRY
100
AcDbLine
 10
3.725984251968504
 20
0.9200787401574805
 30
0.0
 11
3.737007874015748
 21
0.9137795275590566
 31
0.0
  0
LINE
  5
7EC
330
17
100
AcDbEntity
  8
GEOMETRY
100
AcDbLine
 10
3.725984251968504
 20
1.4381889763779538
 30
0.0
 11
3.737007874015748
 21
1.4318897637795278
 31
0.0
  0
LINE
  5
7ED
330
17
100
AcDbEntity
  8
GEOMETRY
100
AcDbLine
 10
3.737007874015748
 20
0.9137795275590566
 30
0.0
 11
3.737007874015748
 21
1.4318897637795278
 31
0.0
  0
LINE
  5
7EE
330
17
100
AcDbEntity
  8
GEOMETRY
100
AcDbLine
 10
3.737007874015748
 20
0.9137795275590566
 30
0.0
 11
3.765748031496063
 21
0.930314960629921
 31
0.0
  0
LINE
  5
7EF
330
17
100
AcDbEntity
  8
GEOMETRY
100
AcDbLine
 10
3.737007874015748
 20
1.4318897637795278
 30
0.0
 11
3.765748031496063
 21
1.4484251968503945
 31
0.0
  0
LINE
  5
7F0
330
17
100
AcDbEntity
  8
GEOMETRY
100
AcDbLine
 10
3.725984251968504
 20
1.4381889763779538
 30
0.0
 11
3.737007874015748
 21
1.4318897637795278
 31
0.0
  0
LINE
  5
7F1
330
17
100
AcDbEntity
  8
GEOMETRY
100
AcDbLine
 10
3.737007874015748
 20
1.4318897637795278
 30
0.0
 11
3.765748031496063
 21
1.4484251968503945
 31
0.0
  0
LINE
  5
7F2
330
17
100
AcDbEntity
  8
GEOMETRY
100
AcDbLine
 10
4.583070866141732
 20
1.405905511811025
 30
0.0
 11
4.586220472440945
 21
1.4039370078740168
 31
0.0
  0
LINE
  5
7F3
330
17
100
AcDbEntity
  8
GEOMETRY
100
AcDbLine
 10
4.586220472440945
 20
1.4039370078740168
 30
0.0
 11
4.586220472440945
 21
1.922047244094489
 31
0.0
  0
LINE
  5
7F4
330
17
100
AcDbEntity
  8
GEOMETRY
100
AcDbLine
 10
4.586220472440945
 20
1.4039370078740168
 30
0.0
 11
4.61496062992126
 21
1.4204724409448835
 31
0.0
  0
LINE
  5
7F5
330
17
100
AcDbEntity
  8
GEOMETRY
100
AcDbLine
 10
4.586220472440945
 20
1.922047244094489
 30
0.0
 11
4.61496062992126
 21
1.9385826771653547
 31
0.0
  0
LINE
  5
7F6
330
17
100
AcDbEntity
  8
GEOMETRY
100
AcDbLine
 10
4.586220472440945
 20
1.922047244094489
 30
0.0
 11
4.61496062992126
 21
1.9385826771653547
 31
0.0
  0
LINE
  5
7F7
330
17
100
AcDbEntity
  8
GEOMETRY
100
AcDbLine
 10
3.765748031496063
 20
1.4456692913385838
 30
0.0
 11
4.583070866141732
 21
1.9177165354330712
 31
0.0
  0
LINE
  5
7F8
330
17
100
AcDbEntity
  8
GEOMETRY
100
AcDbLine
 10
3.765748031496063
 20
0.9338582677165365
 30
0.0
 11
4.583070866141732
 21
1.405905511811025
 31
0.0
  0
LINE
  5
7F9
330
17
100
AcDbEntity
  8
GEOMETRY
100
AcDbLine
 10
3.765748031496063
 20
0.9401574803149605
 30
0.0
 11
4.583070866141732
 21
1.4122047244094489
 31
0.0
  0
LINE
  5
7FA
330
17
100
AcDbEntity
  8
GEOMETRY
100
AcDbLine
 10
3.765748031496063
 20
0.9401574803149605
 30
0.0
 11
4.583070866141732
 21
1.4122047244094489
 31
0.0
  0
LINE
  5
7FB
330
17
100
AcDbEntity
  8
GEOMETRY
100
AcDbLine
 10
4.5696850393700785
 20
1.4133858267716548
 30
0.0
 11
3.768110236220472
 21
0.950393700787401
 31
0.0
  0
LINE
  5
7FC
330
17
100
AcDbEntity
  8
GEOMETRY
100
AcDbLine
 10
3.765748031496063
 20
0.9401574803149605
 30
0.0
 11
3.768110236220472
 21
0.9417322834645675
 31
0.0
  0
LINE
  5
7FD
330
17
100
AcDbEntity
  8
GEOMETRY
100
AcDbLine
 10
3.765748031496063
 20
1.4456692913385838
 30
0.0
 11
3.768110236220472
 21
1.4472440944881886
 31
0.0
  0
LINE
  5
7FE
330
17
100
AcDbEntity
  8
GEOMETRY
100
AcDbLine
 10
3.765748031496063
 20
1.4456692913385838
 30
0.0
 11
3.768110236220472
 21
1.4472440944881886
 31
0.0
  0
LINE
  5
7FF
330
17
100
AcDbEntity
  8
GEOMETRY
100
AcDbLine
 10
4.5696850393700785
 20
1.4133858267716548
 30
0.0
 11
4.57755905511811
 21
1.409055118110237
 31
0.0
  0
LINE
  5
800
330
17
100
AcDbEntity
  8
GEOMETRY
100
AcDbLine
 10
4.57755905511811
 20
1.409055118110237
 30
0.0
 11
4.57755905511811
 21
1.9145669291338592
 31
0.0
  0
LINE
  5
801
330
17
100
AcDbEntity
  8
GEOMETRY
100
AcDbLine
 10
4.57755905511811
 20
1.409055118110237
 30
0.0
 11
4.583070866141732
 21
1.4122047244094489
 31
0.0
  0
LINE
  5
802
330
17
100
AcDbEntity
  8
GEOMETRY
100
AcDbLine
 10
4.57755905511811
 20
1.9145669291338592
 30
0.0
 11
4.583070866141732
 21
1.9177165354330712
 31
0.0
  0
LINE
  5
803
330
17
100
AcDbEntity
  8
GEOMETRY
100
AcDbLine
 10
4.57755905511811
 20
1.9145669291338592
 30
0.0
 11
4.583070866141732
 21
1.9177165354330712
 31
0.0
  0
LINE
  5
804
330
17
100
AcDbEntity
  8
GEOMETRY
100
AcDbLine
 10
3.7700787401574805
 20
0.9629921259842534
 30
0.0
 11
3.7755905511811023
 21
0.9598425196850392
 31
0.0
  0
LINE
  5
805
330
17
100
AcDbEntity
  8
GEOMETRY
100
AcDbLine
 10
3.7700787401574805
 20
1.4456692913385838
 30
0.0
 11
3.7755905511811023
 21
1.4425196850393696
 31
0.0
  0
LINE
  5
806
330
17
100
AcDbEntity
  8
GEOMETRY
100
AcDbLine
 10
3.7755905511811023
 20
0.9598425196850392
 30
0.0
 11
3.7755905511811023
 21
1.4425196850393696
 31
0.0
  0
LINE
  5
807
330
17
100
AcDbEntity
  8
GEOMETRY
100
AcDbLine
 10
3.7755905511811023
 20
0.9598425196850392
 30
0.0
 11
4.5653543307086615
 21
1.4157480314960644
 31
0.0
  0
LINE
  5
808
330
17
100
AcDbEntity
  8
GEOMETRY
100
AcDbLine
 10
3.7755905511811023
 20
1.4425196850393696
 30
0.0
 11
4.5653543307086615
 21
1.8984251968503947
 31
0.0
  0
LINE
  5
809
330
17
100
AcDbEntity
  8
GEOMETRY
100
AcDbLine
 10
3.7700787401574805
 20
1.4456692913385838
 30
0.0
 11
3.7755905511811023
 21
1.4425196850393696
 31
0.0
  0
LINE
  5
80A
330
17
100
AcDbEntity
  8
GEOMETRY
100
AcDbLine
 10
3.7755905511811023
 20
1.4425196850393696
 30
0.0
 11
4.5653543307086615
 21
1.8984251968503947
 31
0.0
  0
LINE
  5
80B
330
17
100
AcDbEntity
  8
GEOMETRY
100
AcDbLine
 10
4.5653543307086615
 20
1.8984251968503947
 30
0.0
 11
4.559842519685039
 21
1.9015748031496067
 31
0.0
  0
LINE
  5
80C
330
17
100
AcDbEntity
  8
GEOMETRY
100
AcDbLine
 10
4.559842519685039
 20
1.9015748031496067
 30
0.0
 11
3.7700787401574805
 21
1.4456692913385838
 31
0.0
  0
LINE
  5
80D
330
17
100
AcDbEntity
  8
GEOMETRY
100
AcDbLine
 10
4.451968503937008
 20
2.0681102362204724
 30
0.0
 11
4.45236220472441
 21
2.0681102362204724
 31
0.0
  0
LINE
  5
80E
330
17
100
AcDbEntity
  8
GEOMETRY
100
AcDbLine
 10
4.453937007874016
 20
2.0669291338582676
 30
0.0
 11
4.455511811023622
 21
2.0661417322834654
 31
0.0
  0
LINE
  5
80F
330
17
100
AcDbEntity
  8
GEOMETRY
100
AcDbLine
 10
4.46259842519685
 20
2.0618110236220475
 30
0.0
 11
4.464173228346457
 21
2.061023622047245
 31
0.0
  0
LINE
  5
810
330
17
100
AcDbEntity
  8
GEOMETRY
100
AcDbLine
 10
4.471259842519685
 20
2.0570866141732282
 30
0.0
 11
4.472834645669291
 21
2.0559055118110248
 31
0.0
  0
LINE
  5
811
330
17
100
AcDbEntity
  8
GEOMETRY
100
AcDbLine
 10
4.545669291338583
 20
2.0141732283464577
 30
0.0
 11
4.547244094488189
 21
2.012992125984253
 31
0.0
  0
LINE
  5
812
330
17
100
AcDbEntity
  8
GEOMETRY
100
AcDbLine
 10
4.548425196850394
 20
2.0125984251968507
 30
0.0
 11
4.550393700787401
 21
2.011417322834646
 31
0.0
  0
LINE
  5
813
330
17
100
AcDbEntity
  8
GEOMETRY
100
AcDbLine
 10
4.553937007874016
 20
2.0094488188976385
 30
0.0
 11
4.555905511811024
 21
2.0082677165354337
 31
0.0
  0
LINE
  5
814
330
17
100
AcDbEntity
  8
GEOMETRY
100
AcDbLine
 10
4.559448818897637
 20
2.0062992125984254
 30
0.0
 11
4.561417322834646
 21
2.0047244094488197
 31
0.0
  0
LINE
  5
815
330
17
100
AcDbEntity
  8
GEOMETRY
100
AcDbLine
 10
4.480708661417323
 20
2.0846456692913393
 30
0.0
 11
4.480708661417323
 21
2.0846456692913393
 31
0.0
  0
LINE
  5
816
330
17
100
AcDbEntity
  8
GEOMETRY
100
AcDbLine
 10
4.482283464566929
 20
2.0834645669291345
 30
0.0
 11
4.483858267716536
 21
2.082677165354331
 31
0.0
  0
LINE
  5
817
330
17
100
AcDbEntity
  8
GEOMETRY
100
AcDbLine
 10
4.491338582677165
 20
2.078346456692914
 30
0.0
 11
4.492913385826772
 21
2.0775590551181105
 31
0.0
  0
LINE
  5
818
330
17
100
AcDbEntity
  8
GEOMETRY
100
AcDbLine
 10
4.5
 20
2.073228346456694
 30
0.0
 11
4.501574803149606
 21
2.0724409448818903
 31
0.0
  0
LINE
  5
819
330
17
100
AcDbEntity
  8
GEOMETRY
100
AcDbLine
 10
4.5740157480314965
 20
2.0307086614173233
 30
0.0
 11
4.575984251968504
 21
2.0295275590551185
 31
0.0
  0
LINE
  5
81A
330
17
100
AcDbEntity
  8
GEOMETRY
100
AcDbLine
 10
4.576771653543307
 20
2.029133858267717
 30
0.0
 11
4.579133858267716
 21
2.0279527559055124
 31
0.0
  0
LINE
  5
81B
330
17
100
AcDbEntity
  8
GEOMETRY
100
AcDbLine
 10
4.582283464566929
 20
2.025984251968504
 30
0.0
 11
4.584645669291339
 21
2.0244094488188984
 31
0.0
  0
LINE
  5
81C
330
17
100
AcDbEntity
  8
GEOMETRY
100
AcDbLine
 10
4.587795275590551
 20
2.0228346456692923
 30
0.0
 11
4.590157480314961
 21
2.0212598425196853
 31
0.0
  0
LINE
  5
81D
330
17
100
AcDbEntity
  8
GEOMETRY
100
AcDbLine
 10
4.480708661417323
 20
2.0846456692913393
 30
0.0
 11
4.480708661417323
 21
2.0846456692913393
 31
0.0
  0
LINE
  5
81E
330
17
100
AcDbEntity
  8
GEOMETRY
100
AcDbLine
 10
4.482283464566929
 20
2.0834645669291345
 30
0.0
 11
4.483858267716536
 21
2.082677165354331
 31
0.0
  0
LINE
  5
81F
330
17
100
AcDbEntity
  8
GEOMETRY
100
AcDbLine
 10
4.491338582677165
 20
2.078346456692914
 30
0.0
 11
4.492913385826772
 21
2.0775590551181105
 31
0.0
  0
LINE
  5
820
330
17
100
AcDbEntity
  8
GEOMETRY
100
AcDbLine
 10
4.5
 20
2.073228346456694
 30
0.0
 11
4.501574803149606
 21
2.0724409448818903
 31
0.0
  0
LINE
  5
821
330
17
100
AcDbEntity
  8
GEOMETRY
100
AcDbLine
 10
4.5740157480314965
 20
2.0307086614173233
 30
0.0
 11
4.575984251968504
 21
2.0295275590551185
 31
0.0
  0
LINE
  5
822
330
17
100
AcDbEntity
  8
GEOMETRY
100
AcDbLine
 10
4.576771653543307
 20
2.029133858267717
 30
0.0
 11
4.579133858267716
 21
2.0279527559055124
 31
0.0
  0
LINE
  5
823
330
17
100
AcDbEntity
  8
GEOMETRY
100
AcDbLine
 10
4.582283464566929
 20
2.025984251968504
 30
0.0
 11
4.584645669291339
 21
2.0244094488188984
 31
0.0
  0
LINE
  5
824
330
17
100
AcDbEntity
  8
GEOMETRY
100
AcDbLine
 10
4.587795275590551
 20
2.0228346456692923
 30
0.0
 11
4.590157480314961
 21
2.0212598425196853
 31
0.0
  0
LINE
  5
825
330
17
100
AcDbEntity
  8
GEOMETRY
100
AcDbLine
 10
4.6011811023622045
 20
2.0279527559055124
 30
0.0
 11
4.598818897637796
 21
2.029133858267717
 31
0.0
  0
LINE
  5
826
330
17
100
AcDbEntity
  8
GEOMETRY
100
AcDbLine
 10
4.595669291338583
 20
2.0311023622047246
 30
0.0
 11
4.593307086614173
 21
2.0322834645669294
 31
0.0
  0
LINE
  5
827
330
17
100
AcDbEntity
  8
GEOMETRY
100
AcDbLine
 10
4.590157480314961
 20
2.0342519685039377
 30
0.0
 11
4.587795275590551
 21
2.0354330708661426
 31
0.0
  0
LINE
  5
828
330
17
100
AcDbEntity
  8
GEOMETRY
100
AcDbLine
 10
4.586614173228346
 20
2.0358267716535434
 30
0.0
 11
4.58503937007874
 21
2.0370078740157482
 31
0.0
  0
LINE
  5
829
330
17
100
AcDbEntity
  8
GEOMETRY
100
AcDbLine
 10
4.512598425196851
 20
2.0787401574803153
 30
0.0
 11
4.511023622047244
 21
2.07992125984252
 31
0.0
  0
LINE
  5
82A
330
17
100
AcDbEntity
  8
GEOMETRY
100
AcDbLine
 10
4.503937007874016
 20
2.083858267716536
 30
0.0
 11
4.50236220472441
 21
2.0850393700787406
 31
0.0
  0
LINE
  5
82B
330
17
100
AcDbEntity
  8
GEOMETRY
100
AcDbLine
 10
4.4948818897637794
 20
2.088976377952756
 30
0.0
 11
4.493307086614173
 21
2.0897637795275594
 31
0.0
  0
LINE
  5
82C
330
17
100
AcDbEntity
  8
GEOMETRY
100
AcDbLine
 10
4.491732283464567
 20
2.0909448818897642
 30
0.0
 11
4.491732283464567
 21
2.0909448818897642
 31
0.0
  0
LINE
  5
82D
330
17
100
AcDbEntity
  8
GEOMETRY
100
AcDbLine
 10
4.068110236220472
 20
1.7385826771653552
 30
0.0
 11
4.0696850393700785
 21
1.7374015748031506
 31
0.0
  0
LINE
  5
82E
330
17
100
AcDbEntity
  8
GEOMETRY
100
AcDbLine
 10
4.070866141732283
 20
1.7370078740157482
 30
0.0
 11
4.073228346456693
 21
1.7358267716535434
 31
0.0
  0
LINE
  5
82F
330
17
100
AcDbEntity
  8
GEOMETRY
100
AcDbLine
 10
4.076377952755906
 20
1.7338582677165362
 30
0.0
 11
4.078740157480315
 21
1.7326771653543314
 31
0.0
  0
LINE
  5
830
330
17
100
AcDbEntity
  8
GEOMETRY
100
AcDbLine
 10
4.081889763779528
 20
1.730708661417323
 30
0.0
 11
4.084251968503937
 21
1.7291338582677171
 31
0.0
  0
LINE
  5
831
330
17
100
AcDbEntity
  8
GEOMETRY
100
AcDbLine
 10
4.096850393700787
 20
1.755118110236221
 30
0.0
 11
4.0984251968503935
 21
1.7539370078740162
 31
0.0
  0
LINE
  5
832
330
17
100
AcDbEntity
  8
GEOMETRY
100
AcDbLine
 10
4.099606299212598
 20
1.7535433070866149
 30
0.0
 11
4.101574803149607
 21
1.7523622047244103
 31
0.0
  0
LINE
  5
833
330
17
100
AcDbEntity
  8
GEOMETRY
100
AcDbLine
 10
4.10511811023622
 20
1.750393700787402
 30
0.0
 11
4.107086614173228
 21
1.7488188976377959
 31
0.0
  0
LINE
  5
834
330
17
100
AcDbEntity
  8
GEOMETRY
100
AcDbLine
 10
4.110629921259842
 20
1.74724409448819
 30
0.0
 11
4.11259842519685
 21
1.7456692913385827
 31
0.0
  0
LINE
  5
835
330
17
100
AcDbEntity
  8
GEOMETRY
100
AcDbLine
 10
4.096850393700787
 20
1.755118110236221
 30
0.0
 11
4.0984251968503935
 21
1.7539370078740162
 31
0.0
  0
LINE
  5
836
330
17
100
AcDbEntity
  8
GEOMETRY
100
AcDbLine
 10
4.099606299212598
 20
1.7535433070866149
 30
0.0
 11
4.101574803149607
 21
1.7523622047244103
 31
0.0
  0
LINE
  5
837
330
17
100
AcDbEntity
  8
GEOMETRY
100
AcDbLine
 10
4.10511811023622
 20
1.750393700787402
 30
0.0
 11
4.107086614173228
 21
1.7488188976377959
 31
0.0
  0
LINE
  5
838
330
17
100
AcDbEntity
  8
GEOMETRY
100
AcDbLine
 10
4.110629921259842
 20
1.74724409448819
 30
0.0
 11
4.11259842519685
 21
1.7456692913385827
 31
0.0
  0
LINE
  5
839
330
17
100
AcDbEntity
  8
GEOMETRY
100
AcDbLine
 10
4.123622047244094
 20
1.7523622047244103
 30
0.0
 11
4.121653543307087
 21
1.7535433070866149
 31
0.0
  0
LINE
  5
83A
330
17
100
AcDbEntity
  8
GEOMETRY
100
AcDbLine
 10
4.118110236220472
 20
1.755511811023622
 30
0.0
 11
4.116141732283465
 21
1.756692913385827
 31
0.0
  0
LINE
  5
83B
330
17
100
AcDbEntity
  8
GEOMETRY
100
AcDbLine
 10
4.11259842519685
 20
1.7586614173228352
 30
0.0
 11
4.110629921259842
 21
1.75984251968504
 31
0.0
  0
LINE
  5
83C
330
17
100
AcDbEntity
  8
GEOMETRY
100
AcDbLine
 10
4.109448818897637
 20
1.7602362204724413
 30
0.0
 11
4.107874015748032
 21
1.761417322834646
 31
0.0
  0
LINE
  5
83D
330
17
100
AcDbEntity
  8
GEOMETRY
100
AcDbLine
 10
4.066929133858268
 20
1.821653543307087
 30
0.0
 11
4.066929133858268
 21
1.8236220472440954
 31
0.0
  0
LINE
  5
83E
330
17
100
AcDbEntity
  8
GEOMETRY
100
AcDbLine
 10
4.066929133858268
 20
1.8318897637795275
 30
0.0
 11
4.066929133858268
 21
1.8334645669291347
 31
0.0
  0
LINE
  5
83F
330
17
100
AcDbEntity
  8
GEOMETRY
100
AcDbLine
 10
4.066929133858268
 20
1.8421259842519693
 30
0.0
 11
4.066929133858268
 21
1.8437007874015752
 31
0.0
  0
LINE
  5
840
330
17
100
AcDbEntity
  8
GEOMETRY
100
AcDbLine
 10
4.066929133858268
 20
1.8456692913385835
 30
0.0
 11
4.066929133858268
 21
1.8456692913385835
 31
0.0
  0
LINE
  5
841
330
17
100
AcDbEntity
  8
GEOMETRY
100
AcDbLine
 10
4.112204724409449
 20
1.7637795275590555
 30
0.0
 11
4.113779527559055
 21
1.762992125984252
 31
0.0
  0
LINE
  5
842
330
17
100
AcDbEntity
  8
GEOMETRY
100
AcDbLine
 10
4.11496062992126
 20
1.7622047244094496
 30
0.0
 11
4.117322834645669
 21
1.7610236220472448
 31
0.0
  0
LINE
  5
843
330
17
100
AcDbEntity
  8
GEOMETRY
100
AcDbLine
 10
4.120472440944882
 20
1.7590551181102365
 30
0.0
 11
4.1228346456692915
 21
1.7578740157480317
 31
0.0
  0
LINE
  5
844
330
17
100
AcDbEntity
  8
GEOMETRY
100
AcDbLine
 10
4.125984251968504
 20
1.7559055118110245
 30
0.0
 11
4.128346456692913
 21
1.7547244094488197
 31
0.0
  0
LINE
  5
845
330
17
100
AcDbEntity
  8
GEOMETRY
100
AcDbLine
 10
4.436614173228346
 20
2.0590551181102366
 30
0.0
 11
4.436614173228346
 21
2.0590551181102366
 31
0.0
  0
LINE
  5
846
330
17
100
AcDbEntity
  8
GEOMETRY
100
AcDbLine
 10
4.438582677165354
 20
2.058267716535433
 30
0.0
 11
4.44015748031496
 21
2.0574803149606304
 31
0.0
  0
LINE
  5
847
330
17
100
AcDbEntity
  8
GEOMETRY
100
AcDbLine
 10
4.447244094488188
 20
2.053149606299213
 30
0.0
 11
4.448818897637795
 21
2.0523622047244103
 31
0.0
  0
LINE
  5
848
330
17
100
AcDbEntity
  8
GEOMETRY
100
AcDbLine
 10
4.455905511811024
 20
2.0480314960629924
 30
0.0
 11
4.4574803149606295
 21
2.047244094488189
 31
0.0
  0
LINE
  5
849
330
17
100
AcDbEntity
  8
GEOMETRY
100
AcDbLine
 10
4.530314960629921
 20
2.0051181102362206
 30
0.0
 11
4.531889763779527
 21
2.0043307086614184
 31
0.0
  0
LINE
  5
84A
330
17
100
AcDbEntity
  8
GEOMETRY
100
AcDbLine
 10
4.533070866141732
 20
2.003543307086615
 30
0.0
 11
4.53503937007874
 21
2.00236220472441
 31
0.0
  0
LINE
  5
84B
330
17
100
AcDbEntity
  8
GEOMETRY
100
AcDbLine
 10
4.538582677165354
 20
2.0003937007874018
 30
0.0
 11
4.540551181102362
 21
1.999212598425197
 31
0.0
  0
LINE
  5
84C
330
17
100
AcDbEntity
  8
GEOMETRY
100
AcDbLine
 10
4.544094488188977
 20
1.9972440944881897
 30
0.0
 11
4.546062992125984
 21
1.996062992125985
 31
0.0
  0
LINE
  5
84D
330
17
100
AcDbEntity
  8
GEOMETRY
100
AcDbLine
 10
4.436614173228346
 20
2.0590551181102366
 30
0.0
 11
4.436614173228346
 21
2.0590551181102366
 31
0.0
  0
LINE
  5
84E
330
17
100
AcDbEntity
  8
GEOMETRY
100
AcDbLine
 10
4.438582677165354
 20
2.058267716535433
 30
0.0
 11
4.44015748031496
 21
2.0574803149606304
 31
0.0
  0
LINE
  5
84F
330
17
100
AcDbEntity
  8
GEOMETRY
100
AcDbLine
 10
4.447244094488188
 20
2.053149606299213
 30
0.0
 11
4.448818897637795
 21
2.0523622047244103
 31
0.0
  0
LINE
  5
850
330
17
100
AcDbEntity
  8
GEOMETRY
100
AcDbLine
 10
4.455905511811024
 20
2.0480314960629924
 30
0.0
 11
4.4574803149606295
 21
2.047244094488189
 31
0.0
  0
LINE
  5
851
330
17
100
AcDbEntity
  8
GEOMETRY
100
AcDbLine
 10
4.530314960629921
 20
2.0051181102362206
 30
0.0
 11
4.531889763779527
 21
2.0043307086614184
 31
0.0
  0
LINE
  5
852
330
17
100
AcDbEntity
  8
GEOMETRY
100
AcDbLine
 10
4.533070866141732
 20
2.003543307086615
 30
0.0
 11
4.53503937007874
 21
2.00236220472441
 31
0.0
  0
LINE
  5
853
330
17
100
AcDbEntity
  8
GEOMETRY
100
AcDbLine
 10
4.538582677165354
 20
2.0003937007874018
 30
0.0
 11
4.540551181102362
 21
1.999212598425197
 31
0.0
  0
LINE
  5
854
330
17
100
AcDbEntity
  8
GEOMETRY
100
AcDbLine
 10
4.544094488188977
 20
1.9972440944881897
 30
0.0
 11
4.546062992125984
 21
1.996062992125985
 31
0.0
  0
LINE
  5
855
330
17
100
AcDbEntity
  8
GEOMETRY
100
AcDbLine
 10
4.551574803149606
 20
1.999212598425197
 30
0.0
 11
4.549212598425196
 21
2.0003937007874018
 31
0.0
  0
LINE
  5
856
330
17
100
AcDbEntity
  8
GEOMETRY
100
AcDbLine
 10
4.546062992125984
 20
2.00236220472441
 30
0.0
 11
4.544094488188977
 21
2.003543307086615
 31
0.0
  0
LINE
  5
857
330
17
100
AcDbEntity
  8
GEOMETRY
100
AcDbLine
 10
4.540551181102362
 20
2.005511811023623
 30
0.0
 11
4.538582677165354
 21
2.006692913385828
 31
0.0
  0
LINE
  5
858
330
17
100
AcDbEntity
  8
GEOMETRY
100
AcDbLine
 10
4.53740157480315
 20
2.00748031496063
 30
0.0
 11
4.535826771653543
 21
2.0082677165354337
 31
0.0
  0
LINE
  5
859
330
17
100
AcDbEntity
  8
GEOMETRY
100
AcDbLine
 10
4.462992125984252
 20
2.050393700787402
 30
0.0
 11
4.461417322834645
 21
2.0511811023622055
 31
0.0
  0
LINE
  5
85A
330
17
100
AcDbEntity
  8
GEOMETRY
100
AcDbLine
 10
4.454330708661417
 20
2.055511811023622
 30
0.0
 11
4.452755905511811
 21
2.056299212598426
 31
0.0
  0
LINE
  5
85B
330
17
100
AcDbEntity
  8
GEOMETRY
100
AcDbLine
 10
4.445275590551181
 20
2.0606299212598427
 30
0.0
 11
4.444094488188976
 21
2.061417322834646
 31
0.0
  0
LINE
  5
85C
330
17
100
AcDbEntity
  8
GEOMETRY
100
AcDbLine
 10
4.442125984251969
 20
2.0622047244094497
 30
0.0
 11
4.442125984251969
 21
2.0622047244094497
 31
0.0
  0
LINE
  5
85D
330
17
100
AcDbEntity
  8
GEOMETRY
100
AcDbLine
 10
1.5027559055118112
 20
2.671259842519686
 30
0.0
 11
1.48503937007874
 21
2.657086614173229
 31
0.0
  0
LINE
  5
85E
330
17
100
AcDbEntity
  8
GEOMETRY
100
AcDbLine
 10
1.48503937007874
 20
2.657086614173229
 30
0.0
 11
1.48503937007874
 21
2.655905511811024
 31
0.0
  0
LINE
  5
85F
330
17
100
AcDbEntity
  8
GEOMETRY
100
AcDbLine
 10
1.48503937007874
 20
2.655905511811024
 30
0.0
 11
1.4913385826771655
 21
2.64488188976378
 31
0.0
  0
LINE
  5
860
330
17
100
AcDbEntity
  8
GEOMETRY
100
AcDbLine
 10
1.4913385826771655
 20
2.64488188976378
 30
0.0
 11
1.4976377952755906
 21
2.6362204724409453
 31
0.0
  0
LINE
  5
861
330
17
100
AcDbEntity
  8
GEOMETRY
100
AcDbLine
 10
1.4976377952755906
 20
2.6362204724409453
 30
0.0
 11
1.5039370078740157
 21
2.6287401574803155
 31
0.0
  0
LINE
  5
862
330
17
100
AcDbEntity
  8
GEOMETRY
100
AcDbLine
 10
1.5039370078740157
 20
2.6287401574803155
 30
0.0
 11
1.5098425196850394
 21
2.622047244094489
 31
0.0
  0
LINE
  5
863
330
17
100
AcDbEntity
  8
GEOMETRY
100
AcDbLine
 10
1.5098425196850394
 20
2.622047244094489
 30
0.0
 11
1.5161417322834645
 21
2.615748031496064
 31
0.0
  0
LINE
  5
864
330
17
100
AcDbEntity
  8
GEOMETRY
100
AcDbLine
 10
1.5161417322834645
 20
2.615748031496064
 30
0.0
 11
1.5224409448818899
 21
2.6106299212598425
 31
0.0
  0
LINE
  5
865
330
17
100
AcDbEntity
  8
GEOMETRY
100
AcDbLine
 10
1.5224409448818899
 20
2.6106299212598425
 30
0.0
 11
1.5283464566929135
 21
2.6059055118110246
 31
0.0
  0
LINE
  5
866
330
17
100
AcDbEntity
  8
GEOMETRY
100
AcDbLine
 10
1.5283464566929135
 20
2.6059055118110246
 30
0.0
 11
1.5346456692913386
 21
2.601968503937008
 31
0.0
  0
LINE
  5
867
330
17
100
AcDbEntity
  8
GEOMETRY
100
AcDbLine
 10
1.5346456692913386
 20
2.601968503937008
 30
0.0
 11
1.5409448818897638
 21
2.598818897637796
 31
0.0
  0
LINE
  5
868
330
17
100
AcDbEntity
  8
GEOMETRY
100
AcDbLine
 10
1.5409448818897638
 20
2.598818897637796
 30
0.0
 11
1.547244094488189
 21
2.5960629921259852
 31
0.0
  0
LINE
  5
869
330
17
100
AcDbEntity
  8
GEOMETRY
100
AcDbLine
 10
1.547244094488189
 20
2.5960629921259852
 30
0.0
 11
1.5531496062992127
 21
2.5944881889763782
 31
0.0
  0
LINE
  5
86A
330
17
100
AcDbEntity
  8
GEOMETRY
100
AcDbLine
 10
1.5531496062992127
 20
2.5944881889763782
 30
0.0
 11
1.5594488188976376
 21
2.5933070866141734
 31
0.0
  0
LINE
  5
86B
330
17
100
AcDbEntity
  8
GEOMETRY
100
AcDbLine
 10
1.5594488188976376
 20
2.5933070866141734
 30
0.0
 11
1.5657480314960628
 21
2.592913385826772
 31
0.0
  0
LINE
  5
86C
330
17
100
AcDbEntity
  8
GEOMETRY
100
AcDbLine
 10
1.5657480314960628
 20
2.592913385826772
 30
0.0
 11
1.5716535433070866
 21
2.5937007874015756
 31
0.0
  0
LINE
  5
86D
330
17
100
AcDbEntity
  8
GEOMETRY
100
AcDbLine
 10
1.5716535433070866
 20
2.5937007874015756
 30
0.0
 11
1.5779527559055118
 21
2.5948818897637804
 31
0.0
  0
LINE
  5
86E
330
17
100
AcDbEntity
  8
GEOMETRY
100
AcDbLine
 10
1.5779527559055118
 20
2.5948818897637804
 30
0.0
 11
1.5842519685039371
 21
2.598818897637796
 31
0.0
  0
LINE
  5
86F
330
17
100
AcDbEntity
  8
GEOMETRY
100
AcDbLine
 10
1.5842519685039371
 20
2.598818897637796
 30
0.0
 11
1.5842519685039371
 21
2.600000000000001
 31
0.0
  0
LINE
  5
870
330
17
100
AcDbEntity
  8
GEOMETRY
100
AcDbLine
 10
1.5842519685039371
 20
2.600000000000001
 30
0.0
 11
1.6019685039370077
 21
2.6137795275590556
 31
0.0
  0
LINE
  5
871
330
17
100
AcDbEntity
  8
GEOMETRY
100
AcDbLine
 10
1.5027559055118112
 20
2.4594488188976387
 30
0.0
 11
1.48503937007874
 21
2.445275590551182
 31
0.0
  0
LINE
  5
872
330
17
100
AcDbEntity
  8
GEOMETRY
100
AcDbLine
 10
1.48503937007874
 20
2.445275590551182
 30
0.0
 11
1.48503937007874
 21
2.444094488188977
 31
0.0
  0
LINE
  5
873
330
17
100
AcDbEntity
  8
GEOMETRY
100
AcDbLine
 10
1.48503937007874
 20
2.444094488188977
 30
0.0
 11
1.4913385826771655
 21
2.433070866141733
 31
0.0
  0
LINE
  5
874
330
17
100
AcDbEntity
  8
GEOMETRY
100
AcDbLine
 10
1.4913385826771655
 20
2.433070866141733
 30
0.0
 11
1.4976377952755906
 21
2.424803149606299
 31
0.0
  0
LINE
  5
875
330
17
100
AcDbEntity
  8
GEOMETRY
100
AcDbLine
 10
1.4976377952755906
 20
2.424803149606299
 30
0.0
 11
1.5039370078740157
 21
2.416929133858268
 31
0.0
  0
LINE
  5
876
330
17
100
AcDbEntity
  8
GEOMETRY
100
AcDbLine
 10
1.5039370078740157
 20
2.416929133858268
 30
0.0
 11
1.5098425196850394
 21
2.410236220472442
 31
0.0
  0
LINE
  5
877
330
17
100
AcDbEntity
  8
GEOMETRY
100
AcDbLine
 10
1.5098425196850394
 20
2.410236220472442
 30
0.0
 11
1.5161417322834645
 21
2.4043307086614183
 31
0.0
  0
LINE
  5
878
330
17
100
AcDbEntity
  8
GEOMETRY
100
AcDbLine
 10
1.5161417322834645
 20
2.4043307086614183
 30
0.0
 11
1.5224409448818899
 21
2.3988188976377955
 31
0.0
  0
LINE
  5
879
330
17
100
AcDbEntity
  8
GEOMETRY
100
AcDbLine
 10
1.5224409448818899
 20
2.3988188976377955
 30
0.0
 11
1.5283464566929135
 21
2.3940944881889763
 31
0.0
  0
LINE
  5
87A
330
17
100
AcDbEntity
  8
GEOMETRY
100
AcDbLine
 10
1.5283464566929135
 20
2.3940944881889763
 30
0.0
 11
1.5346456692913386
 21
2.390157480314961
 31
0.0
  0
LINE
  5
87B
330
17
100
AcDbEntity
  8
GEOMETRY
100
AcDbLine
 10
1.5346456692913386
 20
2.390157480314961
 30
0.0
 11
1.5409448818897638
 21
2.3870078740157488
 31
0.0
  0
LINE
  5
87C
330
17
100
AcDbEntity
  8
GEOMETRY
100
AcDbLine
 10
1.5409448818897638
 20
2.3870078740157488
 30
0.0
 11
1.547244094488189
 21
2.3846456692913396
 31
0.0
  0
LINE
  5
87D
330
17
100
AcDbEntity
  8
GEOMETRY
100
AcDbLine
 10
1.547244094488189
 20
2.3846456692913396
 30
0.0
 11
1.5531496062992127
 21
2.3826771653543313
 31
0.0
  0
LINE
  5
87E
330
17
100
AcDbEntity
  8
GEOMETRY
100
AcDbLine
 10
1.5531496062992127
 20
2.3826771653543313
 30
0.0
 11
1.5594488188976376
 21
2.3814960629921265
 31
0.0
  0
LINE
  5
87F
330
17
100
AcDbEntity
  8
GEOMETRY
100
AcDbLine
 10
1.5594488188976376
 20
2.3814960629921265
 30
0.0
 11
1.5657480314960628
 21
2.3814960629921265
 31
0.0
  0
LINE
  5
880
330
17
100
AcDbEntity
  8
GEOMETRY
100
AcDbLine
 10
1.5657480314960628
 20
2.3814960629921265
 30
0.0
 11
1.5716535433070866
 21
2.3818897637795273
 31
0.0
  0
LINE
  5
881
330
17
100
AcDbEntity
  8
GEOMETRY
100
AcDbLine
 10
1.5716535433070866
 20
2.3818897637795273
 30
0.0
 11
1.5779527559055118
 21
2.383070866141732
 31
0.0
  0
LINE
  5
882
330
17
100
AcDbEntity
  8
GEOMETRY
100
AcDbLine
 10
1.5779527559055118
 20
2.383070866141732
 30
0.0
 11
1.5842519685039371
 21
2.3870078740157488
 31
0.0
  0
LINE
  5
883
330
17
100
AcDbEntity
  8
GEOMETRY
100
AcDbLine
 10
1.5842519685039371
 20
2.3870078740157488
 30
0.0
 11
1.5842519685039371
 21
2.3881889763779536
 31
0.0
  0
LINE
  5
884
330
17
100
AcDbEntity
  8
GEOMETRY
100
AcDbLine
 10
1.5842519685039371
 20
2.3881889763779536
 30
0.0
 11
1.6019685039370077
 21
2.40236220472441
 31
0.0
  0
LINE
  5
885
330
17
100
AcDbEntity
  8
GEOMETRY
100
AcDbLine
 10
1.5027559055118112
 20
2.2224409448818903
 30
0.0
 11
1.48503937007874
 21
2.208267716535433
 31
0.0
  0
LINE
  5
886
330
17
100
AcDbEntity
  8
GEOMETRY
100
AcDbLine
 10
1.48503937007874
 20
2.208267716535433
 30
0.0
 11
1.48503937007874
 21
2.2070866141732286
 31
0.0
  0
LINE
  5
887
330
17
100
AcDbEntity
  8
GEOMETRY
100
AcDbLine
 10
1.48503937007874
 20
2.2070866141732286
 30
0.0
 11
1.4913385826771655
 21
2.1960629921259844
 31
0.0
  0
LINE
  5
888
330
17
100
AcDbEntity
  8
GEOMETRY
100
AcDbLine
 10
1.4913385826771655
 20
2.1960629921259844
 30
0.0
 11
1.4976377952755906
 21
2.187795275590552
 31
0.0
  0
LINE
  5
889
330
17
100
AcDbEntity
  8
GEOMETRY
100
AcDbLine
 10
1.4976377952755906
 20
2.187795275590552
 30
0.0
 11
1.5039370078740157
 21
2.1799212598425197
 31
0.0
  0
LINE
  5
88A
330
17
100
AcDbEntity
  8
GEOMETRY
100
AcDbLine
 10
1.5039370078740157
 20
2.1799212598425197
 30
0.0
 11
1.5098425196850394
 21
2.1732283464566935
 31
0.0
  0
LINE
  5
88B
330
17
100
AcDbEntity
  8
GEOMETRY
100
AcDbLine
 10
1.5098425196850394
 20
2.1732283464566935
 30
0.0
 11
1.5161417322834645
 21
2.16732283464567
 31
0.0
  0
LINE
  5
88C
330
17
100
AcDbEntity
  8
GEOMETRY
100
AcDbLine
 10
1.5161417322834645
 20
2.16732283464567
 30
0.0
 11
1.5224409448818899
 21
2.161811023622048
 31
0.0
  0
LINE
  5
88D
330
17
100
AcDbEntity
  8
GEOMETRY
100
AcDbLine
 10
1.5224409448818899
 20
2.161811023622048
 30
0.0
 11
1.5283464566929135
 21
2.1570866141732292
 31
0.0
  0
LINE
  5
88E
330
17
100
AcDbEntity
  8
GEOMETRY
100
AcDbLine
 10
1.5283464566929135
 20
2.1570866141732292
 30
0.0
 11
1.5346456692913386
 21
2.1531496062992135
 31
0.0
  0
LINE
  5
88F
330
17
100
AcDbEntity
  8
GEOMETRY
100
AcDbLine
 10
1.5346456692913386
 20
2.1531496062992135
 30
0.0
 11
1.5409448818897638
 21
2.1500000000000004
 31
0.0
  0
LINE
  5
890
330
17
100
AcDbEntity
  8
GEOMETRY
100
AcDbLine
 10
1.5409448818897638
 20
2.1500000000000004
 30
0.0
 11
1.547244094488189
 21
2.147637795275591
 31
0.0
  0
LINE
  5
891
330
17
100
AcDbEntity
  8
GEOMETRY
100
AcDbLine
 10
1.547244094488189
 20
2.147637795275591
 30
0.0
 11
1.5531496062992127
 21
2.145669291338583
 31
0.0
  0
LINE
  5
892
330
17
100
AcDbEntity
  8
GEOMETRY
100
AcDbLine
 10
1.5531496062992127
 20
2.145669291338583
 30
0.0
 11
1.5594488188976376
 21
2.1448818897637802
 31
0.0
  0
LINE
  5
893
330
17
100
AcDbEntity
  8
GEOMETRY
100
AcDbLine
 10
1.5594488188976376
 20
2.1448818897637802
 30
0.0
 11
1.5657480314960628
 21
2.144488188976379
 31
0.0
  0
LINE
  5
894
330
17
100
AcDbEntity
  8
GEOMETRY
100
AcDbLine
 10
1.5657480314960628
 20
2.144488188976379
 30
0.0
 11
1.5716535433070866
 21
2.1448818897637802
 31
0.0
  0
LINE
  5
895
330
17
100
AcDbEntity
  8
GEOMETRY
100
AcDbLine
 10
1.5716535433070866
 20
2.1448818897637802
 30
0.0
 11
1.5779527559055118
 21
2.146062992125985
 31
0.0
  0
LINE
  5
896
330
17
100
AcDbEntity
  8
GEOMETRY
100
AcDbLine
 10
1.5779527559055118
 20
2.146062992125985
 30
0.0
 11
1.5842519685039371
 21
2.1500000000000004
 31
0.0
  0
LINE
  5
897
330
17
100
AcDbEntity
  8
GEOMETRY
100
AcDbLine
 10
1.5842519685039371
 20
2.1500000000000004
 30
0.0
 11
1.5842519685039371
 21
2.151181102362205
 31
0.0
  0
LINE
  5
898
330
17
100
AcDbEntity
  8
GEOMETRY
100
AcDbLine
 10
1.5842519685039371
 20
2.151181102362205
 30
0.0
 11
1.6019685039370077
 21
2.1653543307086616
 31
0.0
  0
LINE
  5
899
330
17
100
AcDbEntity
  8
GEOMETRY
100
AcDbLine
 10
3.3350393700787406
 20
1.6133858267716543
 30
0.0
 11
3.317716535433071
 21
1.599212598425197
 31
0.0
  0
LINE
  5
89A
330
17
100
AcDbEntity
  8
GEOMETRY
100
AcDbLine
 10
3.317716535433071
 20
1.599212598425197
 30
0.0
 11
3.317716535433071
 21
1.5980314960629933
 31
0.0
  0
LINE
  5
89B
330
17
100
AcDbEntity
  8
GEOMETRY
100
AcDbLine
 10
3.317716535433071
 20
1.5980314960629933
 30
0.0
 11
3.3236220472440947
 21
1.587007874015748
 31
0.0
  0
LINE
  5
89C
330
17
100
AcDbEntity
  8
GEOMETRY
100
AcDbLine
 10
3.3236220472440947
 20
1.587007874015748
 30
0.0
 11
3.3299212598425196
 21
1.5783464566929146
 31
0.0
  0
LINE
  5
89D
330
17
100
AcDbEntity
  8
GEOMETRY
100
AcDbLine
 10
3.3299212598425196
 20
1.5783464566929146
 30
0.0
 11
3.336220472440945
 21
1.570866141732285
 31
0.0
  0
LINE
  5
89E
330
17
100
AcDbEntity
  8
GEOMETRY
100
AcDbLine
 10
3.336220472440945
 20
1.570866141732285
 30
0.0
 11
3.3421259842519686
 21
1.5641732283464573
 31
0.0
  0
LINE
  5
89F
330
17
100
AcDbEntity
  8
GEOMETRY
100
AcDbLine
 10
3.3421259842519686
 20
1.5641732283464573
 30
0.0
 11
3.3484251968503935
 21
1.5578740157480313
 31
0.0
  0
LINE
  5
8A0
330
17
100
AcDbEntity
  8
GEOMETRY
100
AcDbLine
 10
3.3484251968503935
 20
1.5578740157480313
 30
0.0
 11
3.3547244094488193
 21
1.552755905511811
 31
0.0
  0
LINE
  5
8A1
330
17
100
AcDbEntity
  8
GEOMETRY
100
AcDbLine
 10
3.3547244094488193
 20
1.552755905511811
 30
0.0
 11
3.3610236220472443
 21
1.5480314960629917
 31
0.0
  0
LINE
  5
8A2
330
17
100
AcDbEntity
  8
GEOMETRY
100
AcDbLine
 10
3.3610236220472443
 20
1.5480314960629917
 30
0.0
 11
3.366929133858268
 21
1.5440944881889773
 31
0.0
  0
LINE
  5
8A3
330
17
100
AcDbEntity
  8
GEOMETRY
100
AcDbLine
 10
3.366929133858268
 20
1.5440944881889773
 30
0.0
 11
3.3732283464566932
 21
1.5409448818897633
 31
0.0
  0
LINE
  5
8A4
330
17
100
AcDbEntity
  8
GEOMETRY
100
AcDbLine
 10
3.3732283464566932
 20
1.5409448818897633
 30
0.0
 11
3.379527559055118
 21
1.5381889763779524
 31
0.0
  0
LINE
  5
8A5
330
17
100
AcDbEntity
  8
GEOMETRY
100
AcDbLine
 10
3.379527559055118
 20
1.5381889763779524
 30
0.0
 11
3.385433070866142
 21
1.5366141732283476
 31
0.0
  0
LINE
  5
8A6
330
17
100
AcDbEntity
  8
GEOMETRY
100
AcDbLine
 10
3.385433070866142
 20
1.5366141732283476
 30
0.0
 11
3.391732283464567
 21
1.5354330708661417
 31
0.0
  0
LINE
  5
8A7
330
17
100
AcDbEntity
  8
GEOMETRY
100
AcDbLine
 10
3.391732283464567
 20
1.5354330708661417
 30
0.0
 11
3.398031496062992
 21
1.5350393700787406
 31
0.0
  0
LINE
  5
8A8
330
17
100
AcDbEntity
  8
GEOMETRY
100
AcDbLine
 10
3.398031496062992
 20
1.5350393700787406
 30
0.0
 11
3.4043307086614174
 21
1.5354330708661417
 31
0.0
  0
LINE
  5
8A9
330
17
100
AcDbEntity
  8
GEOMETRY
100
AcDbLine
 10
3.4043307086614174
 20
1.5354330708661417
 30
0.0
 11
3.410236220472441
 21
1.537007874015749
 31
0.0
  0
LINE
  5
8AA
330
17
100
AcDbEntity
  8
GEOMETRY
100
AcDbLine
 10
3.410236220472441
 20
1.537007874015749
 30
0.0
 11
3.416535433070866
 21
1.5409448818897633
 31
0.0
  0
LINE
  5
8AB
330
17
100
AcDbEntity
  8
GEOMETRY
100
AcDbLine
 10
3.416535433070866
 20
1.5409448818897633
 30
0.0
 11
3.416535433070866
 21
1.542125984251969
 31
0.0
  0
LINE
  5
8AC
330
17
100
AcDbEntity
  8
GEOMETRY
100
AcDbLine
 10
3.416535433070866
 20
1.542125984251969
 30
0.0
 11
3.4342519685039368
 21
1.5559055118110252
 31
0.0
  0
LINE
  5
8AD
330
17
100
AcDbEntity
  8
GEOMETRY
100
AcDbLine
 10
3.3350393700787406
 20
1.4015748031496071
 30
0.0
 11
3.317716535433071
 21
1.3874015748031499
 31
0.0
  0
LINE
  5
8AE
330
17
100
AcDbEntity
  8
GEOMETRY
100
AcDbLine
 10
3.317716535433071
 20
1.3874015748031499
 30
0.0
 11
3.317716535433071
 21
1.3862204724409464
 31
0.0
  0
LINE
  5
8AF
330
17
100
AcDbEntity
  8
GEOMETRY
100
AcDbLine
 10
3.317716535433071
 20
1.3862204724409464
 30
0.0
 11
3.3236220472440947
 21
1.375196850393701
 31
0.0
  0
LINE
  5
8B0
330
17
100
AcDbEntity
  8
GEOMETRY
100
AcDbLine
 10
3.3236220472440947
 20
1.375196850393701
 30
0.0
 11
3.3299212598425196
 21
1.3665354330708674
 31
0.0
  0
LINE
  5
8B1
330
17
100
AcDbEntity
  8
GEOMETRY
100
AcDbLine
 10
3.3299212598425196
 20
1.3665354330708674
 30
0.0
 11
3.336220472440945
 21
1.3590551181102377
 31
0.0
  0
LINE
  5
8B2
330
17
100
AcDbEntity
  8
GEOMETRY
100
AcDbLine
 10
3.336220472440945
 20
1.3590551181102377
 30
0.0
 11
3.3421259842519686
 21
1.3523622047244104
 31
0.0
  0
LINE
  5
8B3
330
17
100
AcDbEntity
  8
GEOMETRY
100
AcDbLine
 10
3.3421259842519686
 20
1.3523622047244104
 30
0.0
 11
3.3484251968503935
 21
1.3460629921259841
 31
0.0
  0
LINE
  5
8B4
330
17
100
AcDbEntity
  8
GEOMETRY
100
AcDbLine
 10
3.3484251968503935
 20
1.3460629921259841
 30
0.0
 11
3.3547244094488193
 21
1.3409448818897638
 31
0.0
  0
LINE
  5
8B5
330
17
100
AcDbEntity
  8
GEOMETRY
100
AcDbLine
 10
3.3547244094488193
 20
1.3409448818897638
 30
0.0
 11
3.3610236220472443
 21
1.3362204724409448
 31
0.0
  0
LINE
  5
8B6
330
17
100
AcDbEntity
  8
GEOMETRY
100
AcDbLine
 10
3.3610236220472443
 20
1.3362204724409448
 30
0.0
 11
3.366929133858268
 21
1.3322834645669304
 31
0.0
  0
LINE
  5
8B7
330
17
100
AcDbEntity
  8
GEOMETRY
100
AcDbLine
 10
3.366929133858268
 20
1.3322834645669304
 30
0.0
 11
3.3732283464566932
 21
1.3291338582677161
 31
0.0
  0
LINE
  5
8B8
330
17
100
AcDbEntity
  8
GEOMETRY
100
AcDbLine
 10
3.3732283464566932
 20
1.3291338582677161
 30
0.0
 11
3.379527559055118
 21
1.3263779527559054
 31
0.0
  0
LINE
  5
8B9
330
17
100
AcDbEntity
  8
GEOMETRY
100
AcDbLine
 10
3.379527559055118
 20
1.3263779527559054
 30
0.0
 11
3.385433070866142
 21
1.3248031496063006
 31
0.0
  0
LINE
  5
8BA
330
17
100
AcDbEntity
  8
GEOMETRY
100
AcDbLine
 10
3.385433070866142
 20
1.3248031496063006
 30
0.0
 11
3.391732283464567
 21
1.3236220472440947
 31
0.0
  0
LINE
  5
8BB
330
17
100
AcDbEntity
  8
GEOMETRY
100
AcDbLine
 10
3.391732283464567
 20
1.3236220472440947
 30
0.0
 11
3.398031496062992
 21
1.3232283464566934
 31
0.0
  0
LINE
  5
8BC
330
17
100
AcDbEntity
  8
GEOMETRY
100
AcDbLine
 10
3.398031496062992
 20
1.3232283464566934
 30
0.0
 11
3.4043307086614174
 21
1.3240157480314958
 31
0.0
  0
LINE
  5
8BD
330
17
100
AcDbEntity
  8
GEOMETRY
100
AcDbLine
 10
3.4043307086614174
 20
1.3240157480314958
 30
0.0
 11
3.410236220472441
 21
1.3251968503937017
 31
0.0
  0
LINE
  5
8BE
330
17
100
AcDbEntity
  8
GEOMETRY
100
AcDbLine
 10
3.410236220472441
 20
1.3251968503937017
 30
0.0
 11
3.416535433070866
 21
1.3291338582677161
 31
0.0
  0
LINE
  5
8BF
330
17
100
AcDbEntity
  8
GEOMETRY
100
AcDbLine
 10
3.416535433070866
 20
1.3291338582677161
 30
0.0
 11
3.416535433070866
 21
1.330314960629922
 31
0.0
  0
LINE
  5
8C0
330
17
100
AcDbEntity
  8
GEOMETRY
100
AcDbLine
 10
3.416535433070866
 20
1.330314960629922
 30
0.0
 11
3.4342519685039368
 21
1.3440944881889758
 31
0.0
  0
LINE
  5
8C1
330
17
100
AcDbEntity
  8
GEOMETRY
100
AcDbLine
 10
3.3350393700787406
 20
1.1645669291338598
 30
0.0
 11
3.317716535433071
 21
1.1503937007874026
 31
0.0
  0
LINE
  5
8C2
330
17
100
AcDbEntity
  8
GEOMETRY
100
AcDbLine
 10
3.317716535433071
 20
1.1503937007874026
 30
0.0
 11
3.317716535433071
 21
1.1492125984251969
 31
0.0
  0
LINE
  5
8C3
330
17
100
AcDbEntity
  8
GEOMETRY
100
AcDbLine
 10
3.317716535433071
 20
1.1492125984251969
 30
0.0
 11
3.3236220472440947
 21
1.1381889763779538
 31
0.0
  0
LINE
  5
8C4
330
17
100
AcDbEntity
  8
GEOMETRY
100
AcDbLine
 10
3.3236220472440947
 20
1.1381889763779538
 30
0.0
 11
3.3299212598425196
 21
1.1299212598425192
 31
0.0
  0
LINE
  5
8C5
330
17
100
AcDbEntity
  8
GEOMETRY
100
AcDbLine
 10
3.3299212598425196
 20
1.1299212598425192
 30
0.0
 11
3.336220472440945
 21
1.1220472440944882
 31
0.0
  0
LINE
  5
8C6
330
17
100
AcDbEntity
  8
GEOMETRY
100
AcDbLine
 10
3.336220472440945
 20
1.1220472440944882
 30
0.0
 11
3.3421259842519686
 21
1.115354330708663
 31
0.0
  0
LINE
  5
8C7
330
17
100
AcDbEntity
  8
GEOMETRY
100
AcDbLine
 10
3.3421259842519686
 20
1.115354330708663
 30
0.0
 11
3.3484251968503935
 21
1.1094488188976381
 31
0.0
  0
LINE
  5
8C8
330
17
100
AcDbEntity
  8
GEOMETRY
100
AcDbLine
 10
3.3484251968503935
 20
1.1094488188976381
 30
0.0
 11
3.3547244094488193
 21
1.1039370078740165
 31
0.0
  0
LINE
  5
8C9
330
17
100
AcDbEntity
  8
GEOMETRY
100
AcDbLine
 10
3.3547244094488193
 20
1.1039370078740165
 30
0.0
 11
3.3610236220472443
 21
1.0992125984251975
 31
0.0
  0
LINE
  5
8CA
330
17
100
AcDbEntity
  8
GEOMETRY
100
AcDbLine
 10
3.3610236220472443
 20
1.0992125984251975
 30
0.0
 11
3.366929133858268
 21
1.0952755905511808
 31
0.0
  0
LINE
  5
8CB
330
17
100
AcDbEntity
  8
GEOMETRY
100
AcDbLine
 10
3.366929133858268
 20
1.0952755905511808
 30
0.0
 11
3.3732283464566932
 21
1.0921259842519688
 31
0.0
  0
LINE
  5
8CC
330
17
100
AcDbEntity
  8
GEOMETRY
100
AcDbLine
 10
3.3732283464566932
 20
1.0921259842519688
 30
0.0
 11
3.379527559055118
 21
1.0897637795275592
 31
0.0
  0
LINE
  5
8CD
330
17
100
AcDbEntity
  8
GEOMETRY
100
AcDbLine
 10
3.379527559055118
 20
1.0897637795275592
 30
0.0
 11
3.385433070866142
 21
1.087795275590551
 31
0.0
  0
LINE
  5
8CE
330
17
100
AcDbEntity
  8
GEOMETRY
100
AcDbLine
 10
3.385433070866142
 20
1.087795275590551
 30
0.0
 11
3.391732283464567
 21
1.0866141732283474
 31
0.0
  0
LINE
  5
8CF
330
17
100
AcDbEntity
  8
GEOMETRY
100
AcDbLine
 10
3.391732283464567
 20
1.0866141732283474
 30
0.0
 11
3.398031496062992
 21
1.0866141732283474
 31
0.0
  0
LINE
  5
8D0
330
17
100
AcDbEntity
  8
GEOMETRY
100
AcDbLine
 10
3.398031496062992
 20
1.0866141732283474
 30
0.0
 11
3.4043307086614174
 21
1.0870078740157485
 31
0.0
  0
LINE
  5
8D1
330
17
100
AcDbEntity
  8
GEOMETRY
100
AcDbLine
 10
3.4043307086614174
 20
1.0870078740157485
 30
0.0
 11
3.410236220472441
 21
1.0881889763779522
 31
0.0
  0
LINE
  5
8D2
330
17
100
AcDbEntity
  8
GEOMETRY
100
AcDbLine
 10
3.410236220472441
 20
1.0881889763779522
 30
0.0
 11
3.416535433070866
 21
1.0921259842519688
 31
0.0
  0
LINE
  5
8D3
330
17
100
AcDbEntity
  8
GEOMETRY
100
AcDbLine
 10
3.416535433070866
 20
1.0921259842519688
 30
0.0
 11
3.416535433070866
 21
1.0933070866141748
 31
0.0
  0
LINE
  5
8D4
330
17
100
AcDbEntity
  8
GEOMETRY
100
AcDbLine
 10
3.416535433070866
 20
1.0933070866141748
 30
0.0
 11
3.4342519685039368
 21
1.1074803149606298
 31
0.0
  0
LINE
  5
8D5
330
17
100
AcDbEntity
  8
GEOMETRY
100
AcDbLine
 10
1.184251968503937
 20
3.0811023622047253
 30
0.0
 11
1.184251968503937
 21
3.082677165354331
 31
0.0
  0
LINE
  5
8D6
330
17
100
AcDbEntity
  8
GEOMETRY
100
AcDbLine
 10
4.697244094488189
 20
2.2098425196850404
 30
0.0
 11
4.697244094488189
 21
2.211417322834646
 31
0.0
  0
LINE
  5
8D7
330
17
100
AcDbEntity
  8
GEOMETRY
100
AcDbLine
 10
1.184251968503937
 20
3.079133858267717
 30
0.0
 11
1.184251968503937
 21
3.0811023622047253
 31
0.0
  0
LINE
  5
8D8
330
17
100
AcDbEntity
  8
GEOMETRY
100
AcDbLine
 10
4.6976377952755906
 20
2.207874015748032
 30
0.0
 11
4.6976377952755906
 21
2.2098425196850404
 31
0.0
  0
LINE
  5
8D9
330
17
100
AcDbEntity
  8
GEOMETRY
100
AcDbLine
 10
1.1811023622047243
 20
3.0728346456692917
 30
0.0
 11
1.1811023622047243
 21
3.079133858267717
 31
0.0
  0
LINE
  5
8DA
330
17
100
AcDbEntity
  8
GEOMETRY
100
AcDbLine
 10
4.700787401574804
 20
2.2015748031496067
 30
0.0
 11
4.700787401574804
 21
2.207874015748032
 31
0.0
  0
LINE
  5
8DB
330
17
100
AcDbEntity
  8
GEOMETRY
100
AcDbLine
 10
1.184251968503937
 20
3.0708661417322833
 30
0.0
 11
1.184251968503937
 21
3.0708661417322833
 31
0.0
  0
LINE
  5
8DC
330
17
100
AcDbEntity
  8
GEOMETRY
100
AcDbLine
 10
4.6976377952755906
 20
2.1996062992125984
 30
0.0
 11
4.6976377952755906
 21
2.1996062992125984
 31
0.0
  0
LINE
  5
8DD
330
17
100
AcDbEntity
  8
GEOMETRY
100
AcDbLine
 10
1.184251968503937
 20
3.0688976377952764
 30
0.0
 11
1.184251968503937
 21
3.0708661417322833
 31
0.0
  0
LINE
  5
8DE
330
17
100
AcDbEntity
  8
GEOMETRY
100
AcDbLine
 10
4.6976377952755906
 20
2.1976377952755914
 30
0.0
 11
4.6976377952755906
 21
2.1996062992125984
 31
0.0
  0
LINE
  5
8DF
330
17
100
AcDbEntity
  8
GEOMETRY
100
AcDbLine
 10
1.1811023622047243
 20
3.062598425196851
 30
0.0
 11
1.1811023622047243
 21
3.0688976377952764
 31
0.0
  0
LINE
  5
8E0
330
17
100
AcDbEntity
  8
GEOMETRY
100
AcDbLine
 10
4.700787401574804
 20
2.1913385826771665
 30
0.0
 11
4.700787401574804
 21
2.1976377952755914
 31
0.0
  0
LINE
  5
8E1
330
17
100
AcDbEntity
  8
GEOMETRY
100
AcDbLine
 10
1.184251968503937
 20
3.0606299212598427
 30
0.0
 11
1.184251968503937
 21
3.0606299212598427
 31
0.0
  0
LINE
  5
8E2
330
17
100
AcDbEntity
  8
GEOMETRY
100
AcDbLine
 10
4.6976377952755906
 20
2.1893700787401578
 30
0.0
 11
4.6976377952755906
 21
2.1893700787401578
 31
0.0
  0
LINE
  5
8E3
330
17
100
AcDbEntity
  8
GEOMETRY
100
AcDbLine
 10
1.184251968503937
 20
3.0586614173228344
 30
0.0
 11
1.184251968503937
 21
3.0606299212598427
 31
0.0
  0
LINE
  5
8E4
330
17
100
AcDbEntity
  8
GEOMETRY
100
AcDbLine
 10
4.6976377952755906
 20
2.1874015748031495
 30
0.0
 11
4.6976377952755906
 21
2.1893700787401578
 31
0.0
  0
LINE
  5
8E5
330
17
100
AcDbEntity
  8
GEOMETRY
100
AcDbLine
 10
1.1811023622047243
 20
3.0523622047244108
 30
0.0
 11
1.1811023622047243
 21
3.0586614173228344
 31
0.0
  0
LINE
  5
8E6
330
17
100
AcDbEntity
  8
GEOMETRY
100
AcDbLine
 10
4.700787401574804
 20
2.1811023622047245
 30
0.0
 11
4.700787401574804
 21
2.1874015748031495
 31
0.0
  0
LINE
  5
8E7
330
17
100
AcDbEntity
  8
GEOMETRY
100
AcDbLine
 10
1.184251968503937
 20
3.0503937007874025
 30
0.0
 11
1.184251968503937
 21
3.0503937007874025
 31
0.0
  0
LINE
  5
8E8
330
17
100
AcDbEntity
  8
GEOMETRY
100
AcDbLine
 10
4.6976377952755906
 20
2.1791338582677175
 30
0.0
 11
4.6976377952755906
 21
2.1795275590551184
 31
0.0
  0
LINE
  5
8E9
330
17
100
AcDbEntity
  8
GEOMETRY
100
AcDbLine
 10
1.184251968503937
 20
3.048425196850394
 30
0.0
 11
1.184251968503937
 21
3.0503937007874025
 31
0.0
  0
LINE
  5
8EA
330
17
100
AcDbEntity
  8
GEOMETRY
100
AcDbLine
 10
4.6976377952755906
 20
2.1771653543307092
 30
0.0
 11
4.6976377952755906
 21
2.1791338582677175
 31
0.0
  0
LINE
  5
8EB
330
17
100
AcDbEntity
  8
GEOMETRY
100
AcDbLine
 10
1.1811023622047243
 20
3.042125984251969
 30
0.0
 11
1.1811023622047243
 21
3.048425196850394
 31
0.0
  0
LINE
  5
8EC
330
17
100
AcDbEntity
  8
GEOMETRY
100
AcDbLine
 10
4.700787401574804
 20
2.170866141732284
 30
0.0
 11
4.700787401574804
 21
2.1771653543307092
 31
0.0
  0
LINE
  5
8ED
330
17
100
AcDbEntity
  8
GEOMETRY
100
AcDbLine
 10
1.184251968503937
 20
3.040157480314962
 30
0.0
 11
1.184251968503937
 21
3.0405511811023627
 31
0.0
  0
LINE
  5
8EE
330
17
100
AcDbEntity
  8
GEOMETRY
100
AcDbLine
 10
4.6976377952755906
 20
2.1688976377952756
 30
0.0
 11
4.6976377952755906
 21
2.169291338582678
 31
0.0
  0
LINE
  5
8EF
330
17
100
AcDbEntity
  8
GEOMETRY
100
AcDbLine
 10
1.1866141732283464
 20
3.035826771653544
 30
0.0
 11
1.1866141732283464
 21
3.0389763779527557
 31
0.0
  0
LINE
  5
8F0
330
17
100
AcDbEntity
  8
GEOMETRY
100
AcDbLine
 10
4.695275590551181
 20
2.164566929133859
 30
0.0
 11
4.695275590551181
 21
2.1677165354330707
 31
0.0
  0
LINE
  5
8F1
330
17
100
AcDbEntity
  8
GEOMETRY
100
AcDbLine
 10
1.1921259842519685
 20
3.031889763779528
 30
0.0
 11
1.1921259842519685
 21
3.0326771653543316
 31
0.0
  0
LINE
  5
8F2
330
17
100
AcDbEntity
  8
GEOMETRY
100
AcDbLine
 10
4.689763779527559
 20
2.160629921259843
 30
0.0
 11
4.689763779527559
 21
2.161417322834646
 31
0.0
  0
LINE
  5
8F3
330
17
100
AcDbEntity
  8
GEOMETRY
100
AcDbLine
 10
1.2208661417322835
 20
3.025590551181103
 30
0.0
 11
1.2208661417322835
 21
3.026771653543308
 31
0.0
  0
LINE
  5
8F4
330
17
100
AcDbEntity
  8
GEOMETRY
100
AcDbLine
 10
4.661023622047244
 20
2.1543307086614183
 30
0.0
 11
4.661023622047244
 21
2.1559055118110244
 31
0.0
  0
LINE
  5
8F5
330
17
100
AcDbEntity
  8
GEOMETRY
100
AcDbLine
 10
1.2338582677165355
 20
3.019291338582677
 30
0.0
 11
1.2338582677165355
 21
3.019685039370079
 31
0.0
  0
LINE
  5
8F6
330
17
100
AcDbEntity
  8
GEOMETRY
100
AcDbLine
 10
1.2338582677165355
 20
3.0216535433070866
 30
0.0
 11
1.2338582677165355
 21
3.0220472440944888
 31
0.0
  0
LINE
  5
8F7
330
17
100
AcDbEntity
  8
GEOMETRY
100
AcDbLine
 10
4.648031496062992
 20
2.148031496062992
 30
0.0
 11
4.648031496062992
 21
2.1484251968503947
 31
0.0
  0
LINE
  5
8F8
330
17
100
AcDbEntity
  8
GEOMETRY
100
AcDbLine
 10
4.648031496062992
 20
2.1503937007874017
 30
0.0
 11
4.648031496062992
 21
2.150787401574804
 31
0.0
  0
LINE
  5
8F9
330
17
100
AcDbEntity
  8
GEOMETRY
100
AcDbLine
 10
1.2472440944881888
 20
2.9366141732283464
 30
0.0
 11
1.2472440944881888
 21
3.0003937007874018
 31
0.0
  0
LINE
  5
8FA
330
17
100
AcDbEntity
  8
GEOMETRY
100
AcDbLine
 10
4.634645669291339
 20
2.065354330708662
 30
0.0
 11
4.634645669291339
 21
2.129133858267717
 31
0.0
  0
LINE
  5
8FB
330
17
100
AcDbEntity
  8
GEOMETRY
100
AcDbLine
 10
1.2893700787401574
 20
2.9181102362204725
 30
0.0
 11
1.2893700787401574
 21
2.9759842519685042
 31
0.0
  0
LINE
  5
8FC
330
17
100
AcDbEntity
  8
GEOMETRY
100
AcDbLine
 10
1.8181102362204724
 20
2.6122047244094495
 30
0.0
 11
1.8181102362204724
 21
2.6708661417322834
 31
0.0
  0
LINE
  5
8FD
330
17
100
AcDbEntity
  8
GEOMETRY
100
AcDbLine
 10
1.286220472440945
 20
2.9122047244094498
 30
0.0
 11
1.286220472440945
 21
2.9161417322834655
 31
0.0
  0
LINE
  5
8FE
330
17
100
AcDbEntity
  8
GEOMETRY
100
AcDbLine
 10
1.8181102362204724
 20
2.6122047244094495
 30
0.0
 11
1.8181102362204724
 21
2.6161417322834652
 31
0.0
  0
LINE
  5
8FF
330
17
100
AcDbEntity
  8
GEOMETRY
100
AcDbLine
 10
1.286220472440945
 20
2.9161417322834655
 30
0.0
 11
1.286220472440945
 21
2.9783464566929134
 31
0.0
  0
LINE
  5
900
330
17
100
AcDbEntity
  8
GEOMETRY
100
AcDbLine
 10
1.8086614173228346
 20
2.614566929133859
 30
0.0
 11
1.8086614173228346
 21
2.6767716535433075
 31
0.0
  0
LINE
  5
901
330
17
100
AcDbEntity
  8
GEOMETRY
100
AcDbLine
 10
1.8181102362204724
 20
2.6161417322834652
 30
0.0
 11
1.8181102362204724
 21
2.6708661417322834
 31
0.0
  0
LINE
  5
902
330
17
100
AcDbEntity
  8
GEOMETRY
100
AcDbLine
 10
1.8633858267716534
 20
2.586614173228347
 30
0.0
 11
1.8633858267716534
 21
2.6444881889763785
 31
0.0
  0
LINE
  5
903
330
17
100
AcDbEntity
  8
GEOMETRY
100
AcDbLine
 10
3.075984251968504
 20
1.8858267716535435
 30
0.0
 11
3.075984251968504
 21
1.9440944881889772
 31
0.0
  0
LINE
  5
904
330
17
100
AcDbEntity
  8
GEOMETRY
100
AcDbLine
 10
1.860236220472441
 20
2.580708661417323
 30
0.0
 11
1.860236220472441
 21
2.584645669291339
 31
0.0
  0
LINE
  5
905
330
17
100
AcDbEntity
  8
GEOMETRY
100
AcDbLine
 10
3.075984251968504
 20
1.8858267716535435
 30
0.0
 11
3.075984251968504
 21
1.889763779527559
 31
0.0
  0
LINE
  5
906
330
17
100
AcDbEntity
  8
GEOMETRY
100
AcDbLine
 10
1.860236220472441
 20
2.584645669291339
 30
0.0
 11
1.860236220472441
 21
2.646850393700788
 31
0.0
  0
LINE
  5
907
330
17
100
AcDbEntity
  8
GEOMETRY
100
AcDbLine
 10
3.066929133858268
 20
1.8881889763779531
 30
0.0
 11
3.066929133858268
 21
1.9503937007874024
 31
0.0
  0
LINE
  5
908
330
17
100
AcDbEntity
  8
GEOMETRY
100
AcDbLine
 10
3.075984251968504
 20
1.889763779527559
 30
0.0
 11
3.075984251968504
 21
1.9440944881889772
 31
0.0
  0
LINE
  5
909
330
17
100
AcDbEntity
  8
GEOMETRY
100
AcDbLine
 10
3.121653543307086
 20
1.860236220472441
 30
0.0
 11
3.121653543307086
 21
1.9177165354330712
 31
0.0
  0
LINE
  5
90A
330
17
100
AcDbEntity
  8
GEOMETRY
100
AcDbLine
 10
3.6503937007874017
 20
1.554330708661418
 30
0.0
 11
3.6503937007874017
 21
1.6125984251968517
 31
0.0
  0
LINE
  5
90B
330
17
100
AcDbEntity
  8
GEOMETRY
100
AcDbLine
 10
3.1185039370078744
 20
1.8543307086614182
 30
0.0
 11
3.1185039370078744
 21
1.8582677165354338
 31
0.0
  0
LINE
  5
90C
330
17
100
AcDbEntity
  8
GEOMETRY
100
AcDbLine
 10
3.6503937007874017
 20
1.554330708661418
 30
0.0
 11
3.6503937007874017
 21
1.5582677165354346
 31
0.0
  0
LINE
  5
90D
330
17
100
AcDbEntity
  8
GEOMETRY
100
AcDbLine
 10
3.1185039370078744
 20
1.8582677165354338
 30
0.0
 11
3.1185039370078744
 21
1.920472440944882
 31
0.0
  0
LINE
  5
90E
330
17
100
AcDbEntity
  8
GEOMETRY
100
AcDbLine
 10
3.640944881889763
 20
1.5566929133858276
 30
0.0
 11
3.640944881889763
 21
1.6188976377952757
 31
0.0
  0
LINE
  5
90F
330
17
100
AcDbEntity
  8
GEOMETRY
100
AcDbLine
 10
3.6503937007874017
 20
1.5582677165354346
 30
0.0
 11
3.6503937007874017
 21
1.6125984251968517
 31
0.0
  0
LINE
  5
910
330
17
100
AcDbEntity
  8
GEOMETRY
100
AcDbLine
 10
4.572047244094488
 20
2.1129921259842526
 30
0.0
 11
4.572047244094488
 21
2.114960629921261
 31
0.0
  0
LINE
  5
911
330
17
100
AcDbEntity
  8
GEOMETRY
100
AcDbLine
 10
4.572047244094488
 20
2.1232283464566932
 30
0.0
 11
4.572047244094488
 21
2.1251968503937015
 31
0.0
  0
LINE
  5
912
330
17
100
AcDbEntity
  8
GEOMETRY
100
AcDbLine
 10
4.572047244094488
 20
2.1334645669291348
 30
0.0
 11
4.572047244094488
 21
2.135433070866142
 31
0.0
  0
LINE
  5
913
330
17
100
AcDbEntity
  8
GEOMETRY
100
AcDbLine
 10
4.572047244094488
 20
2.137007874015748
 30
0.0
 11
4.572047244094488
 21
2.1374015748031505
 31
0.0
  0
LINE
  5
914
330
17
100
AcDbEntity
  8
GEOMETRY
100
AcDbLine
 10
4.579527559055117
 20
2.117716535433072
 30
0.0
 11
4.579527559055117
 21
2.1192913385826775
 31
0.0
  0
LINE
  5
915
330
17
100
AcDbEntity
  8
GEOMETRY
100
AcDbLine
 10
4.579527559055117
 20
2.127952755905512
 30
0.0
 11
4.579527559055117
 21
2.129527559055118
 31
0.0
  0
LINE
  5
916
330
17
100
AcDbEntity
  8
GEOMETRY
100
AcDbLine
 10
4.579527559055117
 20
2.1377952755905514
 30
0.0
 11
4.579527559055117
 21
2.13976377952756
 31
0.0
  0
LINE
  5
917
330
17
100
AcDbEntity
  8
GEOMETRY
100
AcDbLine
 10
4.579527559055117
 20
2.141732283464567
 30
0.0
 11
4.579527559055117
 21
2.141732283464567
 31
0.0
  0
LINE
  5
918
330
17
100
AcDbEntity
  8
GEOMETRY
100
AcDbLine
 10
1.2956692913385826
 20
2.9925196850393707
 30
0.0
 11
1.2956692913385826
 21
2.994488188976378
 31
0.0
  0
LINE
  5
919
330
17
100
AcDbEntity
  8
GEOMETRY
100
AcDbLine
 10
1.2956692913385826
 20
3.0027559055118114
 30
0.0
 11
1.2956692913385826
 21
3.0047244094488197
 31
0.0
  0
LINE
  5
91A
330
17
100
AcDbEntity
  8
GEOMETRY
100
AcDbLine
 10
1.2956692913385826
 20
3.012992125984253
 30
0.0
 11
1.2956692913385826
 21
3.014566929133859
 31
0.0
  0
LINE
  5
91B
330
17
100
AcDbEntity
  8
GEOMETRY
100
AcDbLine
 10
1.2956692913385826
 20
3.0165354330708665
 30
0.0
 11
1.2956692913385826
 21
3.0169291338582687
 31
0.0
  0
LINE
  5
91C
330
17
100
AcDbEntity
  8
GEOMETRY
100
AcDbLine
 10
1.3031496062992127
 20
2.9881889763779528
 30
0.0
 11
1.3031496062992127
 21
2.990157480314961
 31
0.0
  0
LINE
  5
91D
330
17
100
AcDbEntity
  8
GEOMETRY
100
AcDbLine
 10
1.3031496062992127
 20
2.9984251968503948
 30
0.0
 11
1.3031496062992127
 21
3.0000000000000004
 31
0.0
  0
LINE
  5
91E
330
17
100
AcDbEntity
  8
GEOMETRY
100
AcDbLine
 10
1.3031496062992127
 20
3.0086614173228354
 30
0.0
 11
1.3031496062992127
 21
3.010236220472441
 31
0.0
  0
LINE
  5
91F
330
17
100
AcDbEntity
  8
GEOMETRY
100
AcDbLine
 10
1.3031496062992127
 20
3.0122047244094494
 30
0.0
 11
1.3031496062992127
 21
3.0122047244094494
 31
0.0
  0
LINE
  5
920
330
17
100
AcDbEntity
  8
GEOMETRY
100
AcDbLine
 10
3.748031496062992
 20
1.5614173228346466
 30
0.0
 11
3.748031496062992
 21
1.565354330708661
 31
0.0
  0
LINE
  5
921
330
17
100
AcDbEntity
  8
GEOMETRY
100
AcDbLine
 10
4.586220472440945
 20
2.0401574803149614
 30
0.0
 11
4.586220472440945
 21
2.044094488188977
 31
0.0
  0
LINE
  5
922
330
17
100
AcDbEntity
  8
GEOMETRY
100
AcDbLine
 10
3.748031496062992
 20
1.565354330708661
 30
0.0
 11
3.748031496062992
 21
1.6173228346456698
 31
0.0
  0
LINE
  5
923
330
17
100
AcDbEntity
  8
GEOMETRY
100
AcDbLine
 10
3.7559055118110236
 20
1.5645669291338586
 30
0.0
 11
3.7559055118110236
 21
1.6216535433070876
 31
0.0
  0
LINE
  5
924
330
17
100
AcDbEntity
  8
GEOMETRY
100
AcDbLine
 10
4.578740157480315
 20
2.0444881889763784
 30
0.0
 11
4.578740157480315
 21
2.0968503937007883
 31
0.0
  0
LINE
  5
925
330
17
100
AcDbEntity
  8
GEOMETRY
100
AcDbLine
 10
4.586220472440945
 20
2.044094488188977
 30
0.0
 11
4.586220472440945
 21
2.101181102362205
 31
0.0
  0
LINE
  5
926
330
17
100
AcDbEntity
  8
GEOMETRY
100
AcDbLine
 10
1.2437007874015749
 20
2.9354330708661416
 30
0.0
 11
1.2437007874015749
 21
2.9366141732283464
 31
0.0
  0
LINE
  5
927
330
17
100
AcDbEntity
  8
GEOMETRY
100
AcDbLine
 10
4.637795275590551
 20
2.064173228346457
 30
0.0
 11
4.637795275590551
 21
2.065354330708662
 31
0.0
  0
LINE
  5
928
330
17
100
AcDbEntity
  8
GEOMETRY
100
AcDbLine
 10
1.2393700787401576
 20
2.9314960629921263
 30
0.0
 11
1.2393700787401576
 21
2.9354330708661416
 31
0.0
  0
LINE
  5
929
330
17
100
AcDbEntity
  8
GEOMETRY
100
AcDbLine
 10
4.64251968503937
 20
2.0606299212598427
 30
0.0
 11
4.64251968503937
 21
2.064173228346457
 31
0.0
  0
LINE
  5
92A
330
17
100
AcDbEntity
  8
GEOMETRY
100
AcDbLine
 10
1.2393700787401576
 20
2.9251968503937014
 30
0.0
 11
1.2393700787401576
 21
2.9291338582677167
 31
0.0
  0
LINE
  5
92B
330
17
100
AcDbEntity
  8
GEOMETRY
100
AcDbLine
 10
4.64251968503937
 20
2.0539370078740165
 30
0.0
 11
4.64251968503937
 21
2.0578740157480317
 31
0.0
  0
LINE
  5
92C
330
17
100
AcDbEntity
  8
GEOMETRY
100
AcDbLine
 10
1.2393700787401576
 20
2.918897637795276
 30
0.0
 11
1.2393700787401576
 21
2.9228346456692917
 31
0.0
  0
LINE
  5
92D
330
17
100
AcDbEntity
  8
GEOMETRY
100
AcDbLine
 10
4.64251968503937
 20
2.047637795275591
 30
0.0
 11
4.64251968503937
 21
2.051574803149607
 31
0.0
  0
LINE
  5
92E
330
17
100
AcDbEntity
  8
GEOMETRY
100
AcDbLine
 10
3.9393700787401573
 20
1.7594488188976387
 30
0.0
 11
3.9393700787401573
 21
1.75984251968504
 31
0.0
  0
LINE
  5
92F
330
17
100
AcDbEntity
  8
GEOMETRY
100
AcDbLine
 10
3.9393700787401573
 20
1.7685039370078746
 30
0.0
 11
3.9393700787401573
 21
1.7700787401574807
 31
0.0
  0
LINE
  5
930
330
17
100
AcDbEntity
  8
GEOMETRY
100
AcDbLine
 10
3.9393700787401573
 20
1.772047244094489
 30
0.0
 11
3.9393700787401573
 21
1.772047244094489
 31
0.0
  0
LINE
  5
931
330
17
100
AcDbEntity
  8
GEOMETRY
100
AcDbLine
 10
1.2472440944881888
 20
2.2318897637795287
 30
0.0
 11
1.2472440944881888
 21
2.9145669291338594
 31
0.0
  0
LINE
  5
932
330
17
100
AcDbEntity
  8
GEOMETRY
100
AcDbLine
 10
1.2208661417322835
 20
2.2267716535433073
 30
0.0
 11
1.2208661417322835
 21
2.2318897637795287
 31
0.0
  0
LINE
  5
933
330
17
100
AcDbEntity
  8
GEOMETRY
100
AcDbLine
 10
1.2263779527559053
 20
2.220472440944882
 30
0.0
 11
1.2263779527559053
 21
2.223622047244095
 31
0.0
  0
LINE
  5
934
330
17
100
AcDbEntity
  8
GEOMETRY
100
AcDbLine
 10
1.2196850393700787
 20
2.214173228346457
 30
0.0
 11
1.2196850393700787
 21
2.220472440944882
 31
0.0
  0
LINE
  5
935
330
17
100
AcDbEntity
  8
GEOMETRY
100
AcDbLine
 10
1.2141732283464566
 20
2.145669291338583
 30
0.0
 11
1.2141732283464566
 21
2.214173228346457
 31
0.0
  0
LINE
  5
936
330
17
100
AcDbEntity
  8
GEOMETRY
100
AcDbLine
 10
1.20748031496063
 20
2.1303149606299217
 30
0.0
 11
1.20748031496063
 21
2.145669291338583
 31
0.0
  0
LINE
  5
937
330
17
100
AcDbEntity
  8
GEOMETRY
100
AcDbLine
 10
1.2972440944881891
 20
2.6952755905511814
 30
0.0
 11
1.2972440944881891
 21
2.860236220472441
 31
0.0
  0
LINE
  5
938
330
17
100
AcDbEntity
  8
GEOMETRY
100
AcDbLine
 10
1.8102362204724411
 20
2.3984251968503942
 30
0.0
 11
1.8102362204724411
 21
2.5748031496062995
 31
0.0
  0
LINE
  5
939
330
17
100
AcDbEntity
  8
GEOMETRY
100
AcDbLine
 10
1.2937007874015747
 20
2.8622047244094495
 30
0.0
 11
1.2937007874015747
 21
2.866141732283465
 31
0.0
  0
LINE
  5
93A
330
17
100
AcDbEntity
  8
GEOMETRY
100
AcDbLine
 10
1.8102362204724411
 20
2.570866141732284
 30
0.0
 11
1.8102362204724411
 21
2.5748031496062995
 31
0.0
  0
LINE
  5
93B
330
17
100
AcDbEntity
  8
GEOMETRY
100
AcDbLine
 10
1.2937007874015747
 20
2.68976377952756
 30
0.0
 11
1.2937007874015747
 21
2.6933070866141744
 31
0.0
  0
LINE
  5
93C
330
17
100
AcDbEntity
  8
GEOMETRY
100
AcDbLine
 10
1.8102362204724411
 20
2.3984251968503942
 30
0.0
 11
1.8102362204724411
 21
2.40236220472441
 31
0.0
  0
LINE
  5
93D
330
17
100
AcDbEntity
  8
GEOMETRY
100
AcDbLine
 10
1.2937007874015747
 20
2.6933070866141744
 30
0.0
 11
1.2937007874015747
 21
2.8622047244094495
 31
0.0
  0
LINE
  5
93E
330
17
100
AcDbEntity
  8
GEOMETRY
100
AcDbLine
 10
1.800787401574803
 20
2.400787401574804
 30
0.0
 11
1.800787401574803
 21
2.569291338582678
 31
0.0
  0
LINE
  5
93F
330
17
100
AcDbEntity
  8
GEOMETRY
100
AcDbLine
 10
1.8102362204724411
 20
2.40236220472441
 30
0.0
 11
1.8102362204724411
 21
2.570866141732284
 31
0.0
  0
LINE
  5
940
330
17
100
AcDbEntity
  8
GEOMETRY
100
AcDbLine
 10
1.2972440944881891
 20
2.470866141732284
 30
0.0
 11
1.2972440944881891
 21
2.661023622047244
 31
0.0
  0
LINE
  5
941
330
17
100
AcDbEntity
  8
GEOMETRY
100
AcDbLine
 10
1.8102362204724411
 20
2.174015748031497
 30
0.0
 11
1.8102362204724411
 21
2.3755905511811024
 31
0.0
  0
LINE
  5
942
330
17
100
AcDbEntity
  8
GEOMETRY
100
AcDbLine
 10
1.2937007874015747
 20
2.6629921259842524
 30
0.0
 11
1.2937007874015747
 21
2.666929133858268
 31
0.0
  0
LINE
  5
943
330
17
100
AcDbEntity
  8
GEOMETRY
100
AcDbLine
 10
1.8102362204724411
 20
2.371653543307087
 30
0.0
 11
1.8102362204724411
 21
2.3755905511811024
 31
0.0
  0
LINE
  5
944
330
17
100
AcDbEntity
  8
GEOMETRY
100
AcDbLine
 10
1.2937007874015747
 20
2.4653543307086614
 30
0.0
 11
1.2937007874015747
 21
2.468897637795276
 31
0.0
  0
LINE
  5
945
330
17
100
AcDbEntity
  8
GEOMETRY
100
AcDbLine
 10
1.8102362204724411
 20
2.174015748031497
 30
0.0
 11
1.8102362204724411
 21
2.1779527559055127
 31
0.0
  0
LINE
  5
946
330
17
100
AcDbEntity
  8
GEOMETRY
100
AcDbLine
 10
1.2937007874015747
 20
2.468897637795276
 30
0.0
 11
1.2937007874015747
 21
2.6629921259842524
 31
0.0
  0
LINE
  5
947
330
17
100
AcDbEntity
  8
GEOMETRY
100
AcDbLine
 10
1.800787401574803
 20
2.1763779527559057
 30
0.0
 11
1.800787401574803
 21
2.370078740157481
 31
0.0
  0
LINE
  5
948
330
17
100
AcDbEntity
  8
GEOMETRY
100
AcDbLine
 10
1.8102362204724411
 20
2.1779527559055127
 30
0.0
 11
1.8102362204724411
 21
2.371653543307087
 31
0.0
  0
LINE
  5
949
330
17
100
AcDbEntity
  8
GEOMETRY
100
AcDbLine
 10
1.2972440944881891
 20
2.2212598425196854
 30
0.0
 11
1.2972440944881891
 21
2.436614173228347
 31
0.0
  0
LINE
  5
94A
330
17
100
AcDbEntity
  8
GEOMETRY
100
AcDbLine
 10
1.8102362204724411
 20
1.9244094488188985
 30
0.0
 11
1.8102362204724411
 21
2.151181102362205
 31
0.0
  0
LINE
  5
94B
330
17
100
AcDbEntity
  8
GEOMETRY
100
AcDbLine
 10
1.2937007874015747
 20
2.438582677165355
 30
0.0
 11
1.2937007874015747
 21
2.442519685039371
 31
0.0
  0
LINE
  5
94C
330
17
100
AcDbEntity
  8
GEOMETRY
100
AcDbLine
 10
1.8102362204724411
 20
2.147637795275591
 30
0.0
 11
1.8102362204724411
 21
2.151181102362205
 31
0.0
  0
LINE
  5
94D
330
17
100
AcDbEntity
  8
GEOMETRY
100
AcDbLine
 10
1.2937007874015747
 20
2.215748031496063
 30
0.0
 11
1.2937007874015747
 21
2.2196850393700798
 31
0.0
  0
LINE
  5
94E
330
17
100
AcDbEntity
  8
GEOMETRY
100
AcDbLine
 10
1.8102362204724411
 20
1.9244094488188985
 30
0.0
 11
1.8102362204724411
 21
1.928346456692914
 31
0.0
  0
LINE
  5
94F
330
17
100
AcDbEntity
  8
GEOMETRY
100
AcDbLine
 10
1.2937007874015747
 20
2.2196850393700798
 30
0.0
 11
1.2937007874015747
 21
2.438582677165355
 31
0.0
  0
LINE
  5
950
330
17
100
AcDbEntity
  8
GEOMETRY
100
AcDbLine
 10
1.800787401574803
 20
1.9267716535433081
 30
0.0
 11
1.800787401574803
 21
2.146062992125985
 31
0.0
  0
LINE
  5
951
330
17
100
AcDbEntity
  8
GEOMETRY
100
AcDbLine
 10
1.8102362204724411
 20
1.928346456692914
 30
0.0
 11
1.8102362204724411
 21
2.147637795275591
 31
0.0
  0
LINE
  5
952
330
17
100
AcDbEntity
  8
GEOMETRY
100
AcDbLine
 10
3.079527559055118
 20
1.1740157480314959
 30
0.0
 11
3.079527559055118
 21
1.8566929133858276
 31
0.0
  0
LINE
  5
953
330
17
100
AcDbEntity
  8
GEOMETRY
100
AcDbLine
 10
4.634645669291339
 20
1.3606299212598425
 30
0.0
 11
4.634645669291339
 21
2.0433070866141736
 31
0.0
  0
LINE
  5
954
330
17
100
AcDbEntity
  8
GEOMETRY
100
AcDbLine
 10
3.0661417322834645
 20
1.1614173228346456
 30
0.0
 11
3.0661417322834645
 21
1.166535433070866
 31
0.0
  0
LINE
  5
955
330
17
100
AcDbEntity
  8
GEOMETRY
100
AcDbLine
 10
4.661023622047244
 20
1.3555118110236224
 30
0.0
 11
4.661023622047244
 21
1.3606299212598425
 31
0.0
  0
LINE
  5
956
330
17
100
AcDbEntity
  8
GEOMETRY
100
AcDbLine
 10
3.0688976377952755
 20
1.1566929133858266
 30
0.0
 11
3.0688976377952755
 21
1.1598425196850408
 31
0.0
  0
LINE
  5
957
330
17
100
AcDbEntity
  8
GEOMETRY
100
AcDbLine
 10
4.655511811023622
 20
1.3492125984251984
 30
0.0
 11
4.655511811023622
 21
1.3523622047244104
 31
0.0
  0
LINE
  5
958
330
17
100
AcDbEntity
  8
GEOMETRY
100
AcDbLine
 10
3.0657480314960632
 20
1.1484251968503942
 30
0.0
 11
3.0657480314960632
 21
1.1547244094488205
 31
0.0
  0
LINE
  5
959
330
17
100
AcDbEntity
  8
GEOMETRY
100
AcDbLine
 10
4.662204724409449
 20
1.342913385826772
 30
0.0
 11
4.662204724409449
 21
1.3492125984251984
 31
0.0
  0
LINE
  5
95A
330
17
100
AcDbEntity
  8
GEOMETRY
100
AcDbLine
 10
3.062992125984252
 20
1.0779527559055115
 30
0.0
 11
3.062992125984252
 21
1.1468503937007872
 31
0.0
  0
LINE
  5
95B
330
17
100
AcDbEntity
  8
GEOMETRY
100
AcDbLine
 10
4.667716535433071
 20
1.2744094488188977
 30
0.0
 11
4.667716535433071
 21
1.342913385826772
 31
0.0
  0
LINE
  5
95C
330
17
100
AcDbEntity
  8
GEOMETRY
100
AcDbLine
 10
3.059842519685039
 20
1.0610236220472435
 30
0.0
 11
3.059842519685039
 21
1.0763779527559068
 31
0.0
  0
LINE
  5
95D
330
17
100
AcDbEntity
  8
GEOMETRY
100
AcDbLine
 10
4.674409448818897
 20
1.259055118110237
 30
0.0
 11
4.674409448818897
 21
1.2744094488188977
 31
0.0
  0
LINE
  5
95E
330
17
100
AcDbEntity
  8
GEOMETRY
100
AcDbLine
 10
3.1295275590551186
 20
1.6374015748031496
 30
0.0
 11
3.1295275590551186
 21
1.8023622047244094
 31
0.0
  0
LINE
  5
95F
330
17
100
AcDbEntity
  8
GEOMETRY
100
AcDbLine
 10
3.6425196850393706
 20
1.3405511811023627
 30
0.0
 11
3.6425196850393706
 21
1.5169291338582689
 31
0.0
  0
LINE
  5
960
330
17
100
AcDbEntity
  8
GEOMETRY
100
AcDbLine
 10
3.1263779527559055
 20
1.8043307086614178
 30
0.0
 11
3.1263779527559055
 21
1.8078740157480322
 31
0.0
  0
LINE
  5
961
330
17
100
AcDbEntity
  8
GEOMETRY
100
AcDbLine
 10
3.6425196850393706
 20
1.5129921259842523
 30
0.0
 11
3.6425196850393706
 21
1.5169291338582689
 31
0.0
  0
LINE
  5
962
330
17
100
AcDbEntity
  8
GEOMETRY
100
AcDbLine
 10
3.1263779527559055
 20
1.6318897637795282
 30
0.0
 11
3.1263779527559055
 21
1.6354330708661424
 31
0.0
  0
LINE
  5
963
330
17
100
AcDbEntity
  8
GEOMETRY
100
AcDbLine
 10
3.6425196850393706
 20
1.3405511811023627
 30
0.0
 11
3.6425196850393706
 21
1.3444881889763793
 31
0.0
  0
LINE
  5
964
330
17
100
AcDbEntity
  8
GEOMETRY
100
AcDbLine
 10
3.1263779527559055
 20
1.6354330708661424
 30
0.0
 11
3.1263779527559055
 21
1.8043307086614178
 31
0.0
  0
LINE
  5
965
330
17
100
AcDbEntity
  8
GEOMETRY
100
AcDbLine
 10
3.633070866141732
 20
1.342913385826772
 30
0.0
 11
3.633070866141732
 21
1.511417322834645
 31
0.0
  0
LINE
  5
966
330
17
100
AcDbEntity
  8
GEOMETRY
100
AcDbLine
 10
3.6425196850393706
 20
1.3444881889763793
 30
0.0
 11
3.6425196850393706
 21
1.5129921259842523
 31
0.0
  0
LINE
  5
967
330
17
100
AcDbEntity
  8
GEOMETRY
100
AcDbLine
 10
3.1295275590551186
 20
1.4129921259842515
 30
0.0
 11
3.1295275590551186
 21
1.6031496062992137
 31
0.0
  0
LINE
  5
968
330
17
100
AcDbEntity
  8
GEOMETRY
100
AcDbLine
 10
3.6425196850393706
 20
1.1161417322834655
 30
0.0
 11
3.6425196850393706
 21
1.317716535433072
 31
0.0
  0
LINE
  5
969
330
17
100
AcDbEntity
  8
GEOMETRY
100
AcDbLine
 10
3.1263779527559055
 20
1.605118110236222
 30
0.0
 11
3.1263779527559055
 21
1.6090551181102364
 31
0.0
  0
LINE
  5
96A
330
17
100
AcDbEntity
  8
GEOMETRY
100
AcDbLine
 10
3.6425196850393706
 20
1.3137795275590554
 30
0.0
 11
3.6425196850393706
 21
1.317716535433072
 31
0.0
  0
LINE
  5
96B
330
17
100
AcDbEntity
  8
GEOMETRY
100
AcDbLine
 10
3.1263779527559055
 20
1.4074803149606299
 30
0.0
 11
3.1263779527559055
 21
1.4110236220472454
 31
0.0
  0
LINE
  5
96C
330
17
100
AcDbEntity
  8
GEOMETRY
100
AcDbLine
 10
3.6425196850393706
 20
1.1161417322834655
 30
0.0
 11
3.6425196850393706
 21
1.1200787401574799
 31
0.0
  0
LINE
  5
96D
330
17
100
AcDbEntity
  8
GEOMETRY
100
AcDbLine
 10
3.1263779527559055
 20
1.4110236220472454
 30
0.0
 11
3.1263779527559055
 21
1.605118110236222
 31
0.0
  0
LINE
  5
96E
330
17
100
AcDbEntity
  8
GEOMETRY
100
AcDbLine
 10
3.633070866141732
 20
1.118503937007875
 30
0.0
 11
3.633070866141732
 21
1.3122047244094504
 31
0.0
  0
LINE
  5
96F
330
17
100
AcDbEntity
  8
GEOMETRY
100
AcDbLine
 10
3.6425196850393706
 20
1.1200787401574799
 30
0.0
 11
3.6425196850393706
 21
1.3137795275590554
 31
0.0
  0
LINE
  5
970
330
17
100
AcDbEntity
  8
GEOMETRY
100
AcDbLine
 10
3.1295275590551186
 20
1.163385826771654
 30
0.0
 11
3.1295275590551186
 21
1.3787401574803164
 31
0.0
  0
LINE
  5
971
330
17
100
AcDbEntity
  8
GEOMETRY
100
AcDbLine
 10
3.6425196850393706
 20
0.8665354330708658
 30
0.0
 11
3.6425196850393706
 21
1.0933070866141748
 31
0.0
  0
LINE
  5
972
330
17
100
AcDbEntity
  8
GEOMETRY
100
AcDbLine
 10
3.1263779527559055
 20
1.3807086614173225
 30
0.0
 11
3.1263779527559055
 21
1.3846456692913391
 31
0.0
  0
LINE
  5
973
330
17
100
AcDbEntity
  8
GEOMETRY
100
AcDbLine
 10
3.6425196850393706
 20
1.0893700787401581
 30
0.0
 11
3.6425196850393706
 21
1.0933070866141748
 31
0.0
  0
LINE
  5
974
330
17
100
AcDbEntity
  8
GEOMETRY
100
AcDbLine
 10
3.1263779527559055
 20
1.1578740157480325
 30
0.0
 11
3.1263779527559055
 21
1.161811023622047
 31
0.0
  0
LINE
  5
975
330
17
100
AcDbEntity
  8
GEOMETRY
100
AcDbLine
 10
3.6425196850393706
 20
0.8665354330708658
 30
0.0
 11
3.6425196850393706
 21
0.8704724409448824
 31
0.0
  0
LINE
  5
976
330
17
100
AcDbEntity
  8
GEOMETRY
100
AcDbLine
 10
3.1263779527559055
 20
1.161811023622047
 30
0.0
 11
3.1263779527559055
 21
1.3807086614173225
 31
0.0
  0
LINE
  5
977
330
17
100
AcDbEntity
  8
GEOMETRY
100
AcDbLine
 10
3.633070866141732
 20
0.8688976377952753
 30
0.0
 11
3.633070866141732
 21
1.087795275590551
 31
0.0
  0
LINE
  5
978
330
17
100
AcDbEntity
  8
GEOMETRY
100
AcDbLine
 10
3.6425196850393706
 20
0.8704724409448824
 30
0.0
 11
3.6425196850393706
 21
1.0893700787401581
 31
0.0
  0
LINE
  5
979
330
17
100
AcDbEntity
  8
GEOMETRY
100
AcDbLine
 10
3.725984251968504
 20
1.4381889763779538
 30
0.0
 11
3.725984251968504
 21
1.4712598425196852
 31
0.0
  0
LINE
  5
97A
330
17
100
AcDbEntity
  8
GEOMETRY
100
AcDbLine
 10
4.61496062992126
 20
1.9385826771653547
 30
0.0
 11
4.61496062992126
 21
1.971653543307087
 31
0.0
  0
LINE
  5
97B
330
17
100
AcDbEntity
  8
GEOMETRY
100
AcDbLine
 10
3.725984251968504
 20
0.8870078740157492
 30
0.0
 11
3.725984251968504
 21
0.9200787401574805
 31
0.0
  0
LINE
  5
97C
330
17
100
AcDbEntity
  8
GEOMETRY
100
AcDbLine
 10
4.61496062992126
 20
1.3874015748031499
 30
0.0
 11
4.61496062992126
 21
1.4204724409448835
 31
0.0
  0
LINE
  5
97D
330
17
100
AcDbEntity
  8
GEOMETRY
100
AcDbLine
 10
3.725984251968504
 20
0.9200787401574805
 30
0.0
 11
3.725984251968504
 21
1.4381889763779538
 31
0.0
  0
LINE
  5
97E
330
17
100
AcDbEntity
  8
GEOMETRY
100
AcDbLine
 10
3.765748031496063
 20
0.930314960629921
 30
0.0
 11
3.765748031496063
 21
1.4484251968503945
 31
0.0
  0
LINE
  5
97F
330
17
100
AcDbEntity
  8
GEOMETRY
100
AcDbLine
 10
4.61496062992126
 20
1.4204724409448835
 30
0.0
 11
4.61496062992126
 21
1.9385826771653547
 31
0.0
  0
LINE
  5
980
330
17
100
AcDbEntity
  8
GEOMETRY
100
AcDbLine
 10
4.583070866141732
 20
1.9177165354330712
 30
0.0
 11
4.583070866141732
 21
1.9200787401574806
 31
0.0
  0
LINE
  5
981
330
17
100
AcDbEntity
  8
GEOMETRY
100
AcDbLine
 10
4.583070866141732
 20
1.405905511811025
 30
0.0
 11
4.583070866141732
 21
1.4122047244094489
 31
0.0
  0
LINE
  5
982
330
17
100
AcDbEntity
  8
GEOMETRY
100
AcDbLine
 10
3.768110236220472
 20
0.9417322834645675
 30
0.0
 11
3.768110236220472
 21
1.4472440944881886
 31
0.0
  0
LINE
  5
983
330
17
100
AcDbEntity
  8
GEOMETRY
100
AcDbLine
 10
4.5696850393700785
 20
1.4133858267716548
 30
0.0
 11
4.5696850393700785
 21
1.9098425196850402
 31
0.0
  0
LINE
  5
984
330
17
100
AcDbEntity
  8
GEOMETRY
100
AcDbLine
 10
4.583070866141732
 20
1.4122047244094489
 30
0.0
 11
4.583070866141732
 21
1.9177165354330712
 31
0.0
  0
LINE
  5
985
330
17
100
AcDbEntity
  8
GEOMETRY
100
AcDbLine
 10
3.7700787401574805
 20
0.9629921259842534
 30
0.0
 11
3.7700787401574805
 21
1.4456692913385838
 31
0.0
  0
LINE
  5
986
330
17
100
AcDbEntity
  8
GEOMETRY
100
AcDbLine
 10
4.5653543307086615
 20
1.4157480314960644
 30
0.0
 11
4.5653543307086615
 21
1.8984251968503947
 31
0.0
  0
LINE
  5
987
330
17
100
AcDbEntity
  8
GEOMETRY
100
AcDbLine
 10
4.038582677165354
 20
1.8051181102362213
 30
0.0
 11
4.038582677165354
 21
1.8070866141732285
 31
0.0
  0
LINE
  5
988
330
17
100
AcDbEntity
  8
GEOMETRY
100
AcDbLine
 10
4.038582677165354
 20
1.815354330708662
 30
0.0
 11
4.038582677165354
 21
1.8173228346456702
 31
0.0
  0
LINE
  5
989
330
17
100
AcDbEntity
  8
GEOMETRY
100
AcDbLine
 10
4.038582677165354
 20
1.8255905511811026
 30
0.0
 11
4.038582677165354
 21
1.8271653543307096
 31
0.0
  0
LINE
  5
98A
330
17
100
AcDbEntity
  8
GEOMETRY
100
AcDbLine
 10
4.038582677165354
 20
1.8291338582677168
 30
0.0
 11
4.038582677165354
 21
1.8291338582677168
 31
0.0
  0
LINE
  5
98B
330
17
100
AcDbEntity
  8
GEOMETRY
100
AcDbLine
 10
4.077952755905511
 20
1.827952755905512
 30
0.0
 11
4.077952755905511
 21
1.8299212598425203
 31
0.0
  0
LINE
  5
98C
330
17
100
AcDbEntity
  8
GEOMETRY
100
AcDbLine
 10
4.077952755905511
 20
1.8381889763779538
 30
0.0
 11
4.077952755905511
 21
1.840157480314961
 31
0.0
  0
LINE
  5
98D
330
17
100
AcDbEntity
  8
GEOMETRY
100
AcDbLine
 10
4.077952755905511
 20
1.8484251968503944
 30
0.0
 11
4.077952755905511
 21
1.8500000000000003
 31
0.0
  0
LINE
  5
98E
330
17
100
AcDbEntity
  8
GEOMETRY
100
AcDbLine
 10
4.077952755905511
 20
1.8519685039370086
 30
0.0
 11
4.077952755905511
 21
1.85236220472441
 31
0.0
  0
LINE
  5
98F
330
17
100
AcDbEntity
  8
GEOMETRY
100
AcDbLine
 10
4.082677165354331
 20
1.830708661417323
 30
0.0
 11
4.082677165354331
 21
1.83228346456693
 31
0.0
  0
LINE
  5
990
330
17
100
AcDbEntity
  8
GEOMETRY
100
AcDbLine
 10
4.082677165354331
 20
1.8409448818897645
 30
0.0
 11
4.082677165354331
 21
1.8425196850393706
 31
0.0
  0
LINE
  5
991
330
17
100
AcDbEntity
  8
GEOMETRY
100
AcDbLine
 10
4.082677165354331
 20
1.8507874015748038
 30
0.0
 11
4.082677165354331
 21
1.852755905511811
 31
0.0
  0
LINE
  5
992
330
17
100
AcDbEntity
  8
GEOMETRY
100
AcDbLine
 10
4.082677165354331
 20
1.8547244094488193
 30
0.0
 11
4.082677165354331
 21
1.8547244094488193
 31
0.0
  0
LINE
  5
993
330
17
100
AcDbEntity
  8
GEOMETRY
100
AcDbLine
 10
3.7039370078740155
 20
1.6259842519685044
 30
0.0
 11
3.7039370078740155
 21
1.6322834645669295
 31
0.0
  0
LINE
  5
994
330
17
100
AcDbEntity
  8
GEOMETRY
100
AcDbLine
 10
3.712992125984252
 20
1.6311023622047247
 30
0.0
 11
3.712992125984252
 21
1.6374015748031496
 31
0.0
  0
LINE
  5
995
330
17
100
AcDbEntity
  8
GEOMETRY
100
AcDbLine
 10
3.7216535433070868
 20
1.636220472440945
 30
0.0
 11
3.7216535433070868
 21
1.642519685039371
 31
0.0
  0
LINE
  5
996
330
17
100
AcDbEntity
  8
GEOMETRY
100
AcDbLine
 10
3.7303149606299213
 20
1.6413385826771663
 30
0.0
 11
3.7303149606299213
 21
1.6476377952755914
 31
0.0
  0
LINE
  5
997
330
17
100
AcDbEntity
  8
GEOMETRY
100
AcDbLine
 10
3.738976377952756
 20
1.6464566929133866
 30
0.0
 11
3.738976377952756
 21
1.6527559055118117
 31
0.0
  0
LINE
  5
998
330
17
100
AcDbEntity
  8
GEOMETRY
100
AcDbLine
 10
3.7476377952755904
 20
1.6511811023622058
 30
0.0
 11
3.7476377952755904
 21
1.6574803149606308
 31
0.0
  0
LINE
  5
999
330
17
100
AcDbEntity
  8
GEOMETRY
100
AcDbLine
 10
3.7566929133858267
 20
1.656299212598426
 30
0.0
 11
3.7566929133858267
 21
1.662598425196851
 31
0.0
  0
LINE
  5
99A
330
17
100
AcDbEntity
  8
GEOMETRY
100
AcDbLine
 10
3.765354330708661
 20
1.6614173228346463
 30
0.0
 11
3.765354330708661
 21
1.6677165354330714
 31
0.0
  0
LINE
  5
99B
330
17
100
AcDbEntity
  8
GEOMETRY
100
AcDbLine
 10
3.774015748031496
 20
1.6665354330708666
 30
0.0
 11
3.774015748031496
 21
1.6728346456692917
 31
0.0
  0
LINE
  5
99C
330
17
100
AcDbEntity
  8
GEOMETRY
100
AcDbLine
 10
3.7826771653543307
 20
1.671653543307087
 30
0.0
 11
3.7826771653543307
 21
1.677952755905512
 31
0.0
  0
LINE
  5
99D
330
17
100
AcDbEntity
  8
GEOMETRY
100
AcDbLine
 10
3.7913385826771653
 20
1.676377952755906
 30
0.0
 11
3.7913385826771653
 21
1.6830708661417322
 31
0.0
  0
LINE
  5
99E
330
17
100
AcDbEntity
  8
GEOMETRY
100
AcDbLine
 10
3.8003937007874016
 20
1.6814960629921263
 30
0.0
 11
3.8003937007874016
 21
1.6877952755905514
 31
0.0
  0
LINE
  5
99F
330
17
100
AcDbEntity
  8
GEOMETRY
100
AcDbLine
 10
3.809055118110236
 20
1.6866141732283466
 30
0.0
 11
3.809055118110236
 21
1.6929133858267715
 31
0.0
  0
LINE
  5
9A0
330
17
100
AcDbEntity
  8
GEOMETRY
100
AcDbLine
 10
3.8177165354330707
 20
1.691732283464568
 30
0.0
 11
3.8177165354330707
 21
1.698031496062993
 31
0.0
  0
LINE
  5
9A1
330
17
100
AcDbEntity
  8
GEOMETRY
100
AcDbLine
 10
3.826377952755905
 20
1.6968503937007884
 30
0.0
 11
3.826377952755905
 21
1.7031496062992133
 31
0.0
  0
LINE
  5
9A2
330
17
100
AcDbEntity
  8
GEOMETRY
100
AcDbLine
 10
3.83503937007874
 20
1.7019685039370085
 30
0.0
 11
3.83503937007874
 21
1.7082677165354336
 31
0.0
  0
LINE
  5
9A3
330
17
100
AcDbEntity
  8
GEOMETRY
100
AcDbLine
 10
3.8440944881889765
 20
1.7066929133858277
 30
0.0
 11
3.8440944881889765
 21
1.713385826771654
 31
0.0
  0
LINE
  5
9A4
330
17
100
AcDbEntity
  8
GEOMETRY
100
AcDbLine
 10
3.852755905511811
 20
1.7118110236220478
 30
0.0
 11
3.852755905511811
 21
1.718110236220473
 31
0.0
  0
LINE
  5
9A5
330
17
100
AcDbEntity
  8
GEOMETRY
100
AcDbLine
 10
3.8614173228346456
 20
1.7169291338582682
 30
0.0
 11
3.8614173228346456
 21
1.7232283464566933
 31
0.0
  0
LINE
  5
9A6
330
17
100
AcDbEntity
  8
GEOMETRY
100
AcDbLine
 10
3.87007874015748
 20
1.7220472440944885
 30
0.0
 11
3.87007874015748
 21
1.7283464566929136
 31
0.0
  0
LINE
  5
9A7
330
17
100
AcDbEntity
  8
GEOMETRY
100
AcDbLine
 10
3.8791338582677164
 20
1.7271653543307088
 30
0.0
 11
3.8791338582677164
 21
1.733464566929134
 31
0.0
  0
LINE
  5
9A8
330
17
100
AcDbEntity
  8
GEOMETRY
100
AcDbLine
 10
3.887795275590551
 20
1.7318897637795279
 30
0.0
 11
3.887795275590551
 21
1.7385826771653552
 31
0.0
  0
LINE
  5
9A9
330
17
100
AcDbEntity
  8
GEOMETRY
100
AcDbLine
 10
3.896456692913386
 20
1.7370078740157482
 30
0.0
 11
3.896456692913386
 21
1.7433070866141733
 31
0.0
  0
LINE
  5
9AA
330
17
100
AcDbEntity
  8
GEOMETRY
100
AcDbLine
 10
3.9051181102362205
 20
1.7421259842519685
 30
0.0
 11
3.9051181102362205
 21
1.7484251968503948
 31
0.0
  0
LINE
  5
9AB
330
17
100
AcDbEntity
  8
GEOMETRY
100
AcDbLine
 10
3.913779527559055
 20
1.74724409448819
 30
0.0
 11
3.913779527559055
 21
1.7535433070866149
 31
0.0
  0
LINE
  5
9AC
330
17
100
AcDbEntity
  8
GEOMETRY
100
AcDbLine
 10
3.9228346456692913
 20
1.7523622047244103
 30
0.0
 11
3.9228346456692913
 21
1.7586614173228352
 31
0.0
  0
LINE
  5
9AD
330
17
100
AcDbEntity
  8
GEOMETRY
100
AcDbLine
 10
3.931496062992126
 20
1.7574803149606304
 30
0.0
 11
3.931496062992126
 21
1.7637795275590555
 31
0.0
  0
LINE
  5
9AE
330
17
100
AcDbEntity
  8
GEOMETRY
100
AcDbLine
 10
3.9401574803149604
 20
1.7622047244094496
 30
0.0
 11
3.9401574803149604
 21
1.7688976377952759
 31
0.0
  0
LINE
  5
9AF
330
17
100
AcDbEntity
  8
GEOMETRY
100
AcDbLine
 10
3.948818897637795
 20
1.7673228346456697
 30
0.0
 11
3.948818897637795
 21
1.773622047244095
 31
0.0
  0
LINE
  5
9B0
330
17
100
AcDbEntity
  8
GEOMETRY
100
AcDbLine
 10
3.95748031496063
 20
1.77244094488189
 30
0.0
 11
3.95748031496063
 21
1.7787401574803152
 31
0.0
  0
LINE
  5
9B1
330
17
100
AcDbEntity
  8
GEOMETRY
100
AcDbLine
 10
3.966535433070866
 20
1.7775590551181104
 30
0.0
 11
3.966535433070866
 21
1.7838582677165356
 31
0.0
  0
LINE
  5
9B2
330
17
100
AcDbEntity
  8
GEOMETRY
100
AcDbLine
 10
3.9751968503937007
 20
1.7826771653543307
 30
0.0
 11
3.9751968503937007
 21
1.788976377952757
 31
0.0
  0
LINE
  5
9B3
330
17
100
AcDbEntity
  8
GEOMETRY
100
AcDbLine
 10
3.9838582677165353
 20
1.7874015748031498
 30
0.0
 11
3.9838582677165353
 21
1.794094488188977
 31
0.0
  0
LINE
  5
9B4
330
17
100
AcDbEntity
  8
GEOMETRY
100
AcDbLine
 10
3.99251968503937
 20
1.79251968503937
 30
0.0
 11
3.99251968503937
 21
1.7988188976377963
 31
0.0
  0
LINE
  5
9B5
330
17
100
AcDbEntity
  8
GEOMETRY
100
AcDbLine
 10
4.001181102362205
 20
1.7976377952755915
 30
0.0
 11
4.001181102362205
 21
1.8039370078740167
 31
0.0
  0
LINE
  5
9B6
330
17
100
AcDbEntity
  8
GEOMETRY
100
AcDbLine
 10
4.010236220472441
 20
1.8027559055118119
 30
0.0
 11
4.010236220472441
 21
1.8090551181102368
 31
0.0
  0
LINE
  5
9B7
330
17
100
AcDbEntity
  8
GEOMETRY
100
AcDbLine
 10
4.018897637795275
 20
1.8078740157480322
 30
0.0
 11
4.018897637795275
 21
1.8141732283464571
 31
0.0
  0
LINE
  5
9B8
330
17
100
AcDbEntity
  8
GEOMETRY
100
AcDbLine
 10
4.02755905511811
 20
1.8129921259842523
 30
0.0
 11
4.02755905511811
 21
1.8192913385826774
 31
0.0
  0
LINE
  5
9B9
330
17
100
AcDbEntity
  8
GEOMETRY
100
AcDbLine
 10
4.036220472440944
 20
1.8177165354330715
 30
0.0
 11
4.036220472440944
 21
1.8244094488188978
 31
0.0
  0
LINE
  5
9BA
330
17
100
AcDbEntity
  8
GEOMETRY
100
AcDbLine
 10
4.044881889763779
 20
1.8228346456692917
 30
0.0
 11
4.044881889763779
 21
1.8291338582677168
 31
0.0
  0
LINE
  5
9BB
330
17
100
AcDbEntity
  8
GEOMETRY
100
AcDbLine
 10
4.053937007874016
 20
1.827952755905512
 30
0.0
 11
4.053937007874016
 21
1.8342519685039371
 31
0.0
  0
LINE
  5
9BC
330
17
100
AcDbEntity
  8
GEOMETRY
100
AcDbLine
 10
4.0625984251968505
 20
1.8330708661417323
 30
0.0
 11
4.0625984251968505
 21
1.8393700787401586
 31
0.0
  0
LINE
  5
9BD
330
17
100
AcDbEntity
  8
GEOMETRY
100
AcDbLine
 10
4.071259842519685
 20
1.8381889763779538
 30
0.0
 11
4.071259842519685
 21
1.844488188976379
 31
0.0
  0
LINE
  5
9BE
330
17
100
AcDbEntity
  8
GEOMETRY
100
AcDbLine
 10
4.07992125984252
 20
1.8429133858267717
 30
0.0
 11
4.07992125984252
 21
1.8496062992125992
 31
0.0
  0
LINE
  5
9BF
330
17
100
AcDbEntity
  8
GEOMETRY
100
AcDbLine
 10
4.088582677165354
 20
1.848031496062993
 30
0.0
 11
4.088582677165354
 21
1.8543307086614182
 31
0.0
  0
LINE
  5
9C0
330
17
100
AcDbEntity
  8
GEOMETRY
100
AcDbLine
 10
4.09763779527559
 20
1.8531496062992134
 30
0.0
 11
4.09763779527559
 21
1.8594488188976386
 31
0.0
  0
LINE
  5
9C1
330
17
100
AcDbEntity
  8
GEOMETRY
100
AcDbLine
 10
4.106299212598425
 20
1.8582677165354338
 30
0.0
 11
4.106299212598425
 21
1.8645669291338587
 31
0.0
  0
LINE
  5
9C2
330
17
100
AcDbEntity
  8
GEOMETRY
100
AcDbLine
 10
4.11496062992126
 20
1.863385826771654
 30
0.0
 11
4.11496062992126
 21
1.869685039370079
 31
0.0
  0
LINE
  5
9C3
330
17
100
AcDbEntity
  8
GEOMETRY
100
AcDbLine
 10
4.123622047244094
 20
1.8685039370078742
 30
0.0
 11
4.123622047244094
 21
1.8748031496062993
 31
0.0
  0
LINE
  5
9C4
330
17
100
AcDbEntity
  8
GEOMETRY
100
AcDbLine
 10
4.132283464566929
 20
1.8732283464566934
 30
0.0
 11
4.132283464566929
 21
1.8799212598425197
 31
0.0
  0
LINE
  5
9C5
330
17
100
AcDbEntity
  8
GEOMETRY
100
AcDbLine
 10
4.141338582677165
 20
1.8783464566929138
 30
0.0
 11
4.141338582677165
 21
1.8846456692913387
 31
0.0
  0
LINE
  5
9C6
330
17
100
AcDbEntity
  8
GEOMETRY
100
AcDbLine
 10
4.1499999999999995
 20
1.8834645669291339
 30
0.0
 11
4.1499999999999995
 21
1.889763779527559
 31
0.0
  0
LINE
  5
9C7
330
17
100
AcDbEntity
  8
GEOMETRY
100
AcDbLine
 10
4.1586614173228345
 20
1.8885826771653553
 30
0.0
 11
4.1586614173228345
 21
1.8948818897637805
 31
0.0
  0
LINE
  5
9C8
330
17
100
AcDbEntity
  8
GEOMETRY
100
AcDbLine
 10
4.167322834645669
 20
1.8937007874015757
 30
0.0
 11
4.167322834645669
 21
1.9000000000000008
 31
0.0
  0
LINE
  5
9C9
330
17
100
AcDbEntity
  8
GEOMETRY
100
AcDbLine
 10
4.1759842519685035
 20
1.898818897637796
 30
0.0
 11
4.1759842519685035
 21
1.9051181102362211
 31
0.0
  0
LINE
  5
9CA
330
17
100
AcDbEntity
  8
GEOMETRY
100
AcDbLine
 10
4.18503937007874
 20
1.903543307086615
 30
0.0
 11
4.18503937007874
 21
1.9098425196850402
 31
0.0
  0
LINE
  5
9CB
330
17
100
AcDbEntity
  8
GEOMETRY
100
AcDbLine
 10
4.193700787401575
 20
1.9086614173228353
 30
0.0
 11
4.193700787401575
 21
1.9149606299212605
 31
0.0
  0
LINE
  5
9CC
330
17
100
AcDbEntity
  8
GEOMETRY
100
AcDbLine
 10
4.202362204724409
 20
1.9137795275590557
 30
0.0
 11
4.202362204724409
 21
1.9200787401574806
 31
0.0
  0
LINE
  5
9CD
330
17
100
AcDbEntity
  8
GEOMETRY
100
AcDbLine
 10
4.211023622047244
 20
1.918897637795276
 30
0.0
 11
4.211023622047244
 21
1.925196850393701
 31
0.0
  0
LINE
  5
9CE
330
17
100
AcDbEntity
  8
GEOMETRY
100
AcDbLine
 10
4.219685039370079
 20
1.924015748031496
 30
0.0
 11
4.219685039370079
 21
1.9303149606299213
 31
0.0
  0
LINE
  5
9CF
330
17
100
AcDbEntity
  8
GEOMETRY
100
AcDbLine
 10
4.228740157480315
 20
1.9287401574803154
 30
0.0
 11
4.228740157480315
 21
1.9354330708661427
 31
0.0
  0
LINE
  5
9D0
330
17
100
AcDbEntity
  8
GEOMETRY
100
AcDbLine
 10
4.237401574803149
 20
1.9338582677165357
 30
0.0
 11
4.237401574803149
 21
1.9401574803149606
 31
0.0
  0
LINE
  5
9D1
330
17
100
AcDbEntity
  8
GEOMETRY
100
AcDbLine
 10
4.246062992125984
 20
1.9389763779527558
 30
0.0
 11
4.246062992125984
 21
1.945275590551182
 31
0.0
  0
LINE
  5
9D2
330
17
100
AcDbEntity
  8
GEOMETRY
100
AcDbLine
 10
4.254724409448818
 20
1.9440944881889772
 30
0.0
 11
4.254724409448818
 21
1.9503937007874024
 31
0.0
  0
LINE
  5
9D3
330
17
100
AcDbEntity
  8
GEOMETRY
100
AcDbLine
 10
4.263385826771653
 20
1.9492125984251976
 30
0.0
 11
4.263385826771653
 21
1.9555118110236227
 31
0.0
  0
LINE
  5
9D4
330
17
100
AcDbEntity
  8
GEOMETRY
100
AcDbLine
 10
4.27244094488189
 20
1.954330708661418
 30
0.0
 11
4.27244094488189
 21
1.960629921259843
 31
0.0
  0
LINE
  5
9D5
330
17
100
AcDbEntity
  8
GEOMETRY
100
AcDbLine
 10
4.281102362204724
 20
1.959055118110237
 30
0.0
 11
4.281102362204724
 21
1.965354330708662
 31
0.0
  0
LINE
  5
9D6
330
17
100
AcDbEntity
  8
GEOMETRY
100
AcDbLine
 10
4.289763779527559
 20
1.9641732283464572
 30
0.0
 11
4.289763779527559
 21
1.9704724409448824
 31
0.0
  0
LINE
  5
9D7
330
17
100
AcDbEntity
  8
GEOMETRY
100
AcDbLine
 10
4.298425196850394
 20
1.9692913385826776
 30
0.0
 11
4.298425196850394
 21
1.9755905511811025
 31
0.0
  0
LINE
  5
9D8
330
17
100
AcDbEntity
  8
GEOMETRY
100
AcDbLine
 10
4.307086614173229
 20
1.974409448818898
 30
0.0
 11
4.307086614173229
 21
1.9807086614173228
 31
0.0
  0
LINE
  5
9D9
330
17
100
AcDbEntity
  8
GEOMETRY
100
AcDbLine
 10
4.316141732283464
 20
1.9795275590551182
 30
0.0
 11
4.316141732283464
 21
1.9858267716535443
 31
0.0
  0
LINE
  5
9DA
330
17
100
AcDbEntity
  8
GEOMETRY
100
AcDbLine
 10
4.324803149606299
 20
1.9842519685039373
 30
0.0
 11
4.324803149606299
 21
1.9909448818897646
 31
0.0
  0
LINE
  5
9DB
330
17
100
AcDbEntity
  8
GEOMETRY
100
AcDbLine
 10
4.333464566929133
 20
1.9893700787401576
 30
0.0
 11
4.333464566929133
 21
1.9956692913385836
 31
0.0
  0
LINE
  5
9DC
330
17
100
AcDbEntity
  8
GEOMETRY
100
AcDbLine
 10
4.342125984251969
 20
1.9944881889763788
 30
0.0
 11
4.342125984251969
 21
2.000787401574804
 31
0.0
  0
LINE
  5
9DD
330
17
100
AcDbEntity
  8
GEOMETRY
100
AcDbLine
 10
4.350787401574803
 20
1.9996062992125991
 30
0.0
 11
4.350787401574803
 21
2.005905511811024
 31
0.0
  0
LINE
  5
9DE
330
17
100
AcDbEntity
  8
GEOMETRY
100
AcDbLine
 10
4.359842519685039
 20
2.0047244094488197
 30
0.0
 11
4.359842519685039
 21
2.0110236220472446
 31
0.0
  0
LINE
  5
9DF
330
17
100
AcDbEntity
  8
GEOMETRY
100
AcDbLine
 10
4.3685039370078735
 20
2.00984251968504
 30
0.0
 11
4.3685039370078735
 21
2.0161417322834647
 31
0.0
  0
LINE
  5
9E0
330
17
100
AcDbEntity
  8
GEOMETRY
100
AcDbLine
 10
4.3771653543307085
 20
2.014566929133859
 30
0.0
 11
4.3771653543307085
 21
2.020866141732284
 31
0.0
  0
LINE
  5
9E1
330
17
100
AcDbEntity
  8
GEOMETRY
100
AcDbLine
 10
4.3858267716535435
 20
2.019685039370079
 30
0.0
 11
4.3858267716535435
 21
2.025984251968504
 31
0.0
  0
LINE
  5
9E2
330
17
100
AcDbEntity
  8
GEOMETRY
100
AcDbLine
 10
4.394881889763779
 20
2.0248031496062993
 30
0.0
 11
4.394881889763779
 21
2.0311023622047246
 31
0.0
  0
LINE
  5
9E3
330
17
100
AcDbEntity
  8
GEOMETRY
100
AcDbLine
 10
4.403543307086614
 20
2.02992125984252
 30
0.0
 11
4.403543307086614
 21
2.036220472440946
 31
0.0
  0
LINE
  5
9E4
330
17
100
AcDbEntity
  8
GEOMETRY
100
AcDbLine
 10
4.412204724409449
 20
2.0350393700787412
 30
0.0
 11
4.412204724409449
 21
2.041338582677166
 31
0.0
  0
LINE
  5
9E5
330
17
100
AcDbEntity
  8
GEOMETRY
100
AcDbLine
 10
4.420866141732284
 20
2.039763779527559
 30
0.0
 11
4.420866141732284
 21
2.0464566929133867
 31
0.0
  0
LINE
  5
9E6
330
17
100
AcDbEntity
  8
GEOMETRY
100
AcDbLine
 10
4.429527559055118
 20
2.0448818897637806
 30
0.0
 11
4.429527559055118
 21
2.0511811023622055
 31
0.0
  0
LINE
  5
9E7
330
17
100
AcDbEntity
  8
GEOMETRY
100
AcDbLine
 10
4.438582677165354
 20
2.0500000000000007
 30
0.0
 11
4.438582677165354
 21
2.056299212598426
 31
0.0
  0
LINE
  5
9E8
330
17
100
AcDbEntity
  8
GEOMETRY
100
AcDbLine
 10
4.447244094488188
 20
2.0551181102362213
 30
0.0
 11
4.447244094488188
 21
2.061417322834646
 31
0.0
  0
LINE
  5
9E9
330
17
100
AcDbEntity
  8
GEOMETRY
100
AcDbLine
 10
4.455905511811024
 20
2.0602362204724414
 30
0.0
 11
4.455905511811024
 21
2.0665354330708663
 31
0.0
  0
LINE
  5
9EA
330
17
100
AcDbEntity
  8
GEOMETRY
100
AcDbLine
 10
4.464566929133858
 20
2.065354330708662
 30
0.0
 11
4.464566929133858
 21
2.071653543307087
 31
0.0
  0
LINE
  5
9EB
330
17
100
AcDbEntity
  8
GEOMETRY
100
AcDbLine
 10
4.473228346456693
 20
2.0700787401574807
 30
0.0
 11
4.473228346456693
 21
2.0763779527559056
 31
0.0
  0
LINE
  5
9EC
330
17
100
AcDbEntity
  8
GEOMETRY
100
AcDbLine
 10
4.482283464566929
 20
2.0751968503937013
 30
0.0
 11
4.482283464566929
 21
2.081496062992126
 31
0.0
  0
LINE
  5
9ED
330
17
100
AcDbEntity
  8
GEOMETRY
100
AcDbLine
 10
4.490944881889764
 20
2.0803149606299214
 30
0.0
 11
4.490944881889764
 21
2.0866141732283463
 31
0.0
  0
LINE
  5
9EE
330
17
100
AcDbEntity
  8
GEOMETRY
100
AcDbLine
 10
4.499606299212599
 20
2.085433070866143
 30
0.0
 11
4.499606299212599
 21
2.0917322834645677
 31
0.0
  0
LINE
  5
9EF
330
17
100
AcDbEntity
  8
GEOMETRY
100
AcDbLine
 10
4.508267716535433
 20
2.090551181102363
 30
0.0
 11
4.508267716535433
 21
2.0968503937007883
 31
0.0
  0
LINE
  5
9F0
330
17
100
AcDbEntity
  8
GEOMETRY
100
AcDbLine
 10
4.516929133858268
 20
2.095275590551182
 30
0.0
 11
4.516929133858268
 21
2.1019685039370084
 31
0.0
  0
LINE
  5
9F1
330
17
100
AcDbEntity
  8
GEOMETRY
100
AcDbLine
 10
4.525984251968504
 20
2.1003937007874023
 30
0.0
 11
4.525984251968504
 21
2.1066929133858276
 31
0.0
  0
LINE
  5
9F2
330
17
100
AcDbEntity
  8
GEOMETRY
100
AcDbLine
 10
4.534645669291339
 20
2.105511811023623
 30
0.0
 11
4.534645669291339
 21
2.1118110236220478
 31
0.0
  0
LINE
  5
9F3
330
17
100
AcDbEntity
  8
GEOMETRY
100
AcDbLine
 10
4.543307086614173
 20
2.110629921259843
 30
0.0
 11
4.543307086614173
 21
2.1169291338582683
 31
0.0
  0
LINE
  5
9F4
330
17
100
AcDbEntity
  8
GEOMETRY
100
AcDbLine
 10
4.551968503937008
 20
2.1157480314960635
 30
0.0
 11
4.551968503937008
 21
2.1220472440944884
 31
0.0
  0
LINE
  5
9F5
330
17
100
AcDbEntity
  8
GEOMETRY
100
AcDbLine
 10
4.560629921259842
 20
2.1208661417322836
 30
0.0
 11
4.560629921259842
 21
2.1271653543307085
 31
0.0
  0
LINE
  5
9F6
330
17
100
AcDbEntity
  8
GEOMETRY
100
AcDbLine
 10
4.5696850393700785
 20
2.125590551181103
 30
0.0
 11
4.5696850393700785
 21
2.1318897637795278
 31
0.0
  0
LINE
  5
9F7
330
17
100
AcDbEntity
  8
GEOMETRY
100
AcDbLine
 10
4.5783464566929135
 20
2.130708661417323
 30
0.0
 11
4.5783464566929135
 21
2.137007874015748
 31
0.0
  0
LINE
  5
9F8
330
17
100
AcDbEntity
  8
GEOMETRY
100
AcDbLine
 10
4.5870078740157485
 20
2.135826771653543
 30
0.0
 11
4.5870078740157485
 21
2.1421259842519693
 31
0.0
  0
LINE
  5
9F9
330
17
100
AcDbEntity
  8
GEOMETRY
100
AcDbLine
 10
4.595669291338583
 20
2.1409448818897645
 30
0.0
 11
4.595669291338583
 21
2.14724409448819
 31
0.0
  0
LINE
  5
9FA
330
17
100
AcDbEntity
  8
GEOMETRY
100
AcDbLine
 10
4.604330708661418
 20
2.146062992125985
 30
0.0
 11
4.604330708661418
 21
2.15236220472441
 31
0.0
  0
LINE
  5
9FB
330
17
100
AcDbEntity
  8
GEOMETRY
100
AcDbLine
 10
4.613385826771654
 20
2.150787401574804
 30
0.0
 11
4.613385826771654
 21
2.1574803149606305
 31
0.0
  0
LINE
  5
9FC
330
17
100
AcDbEntity
  8
GEOMETRY
100
AcDbLine
 10
4.622047244094488
 20
2.1559055118110244
 30
0.0
 11
4.622047244094488
 21
2.1622047244094493
 31
0.0
  0
LINE
  5
9FD
330
17
100
AcDbEntity
  8
GEOMETRY
100
AcDbLine
 10
4.630708661417323
 20
2.1610236220472445
 30
0.0
 11
4.630708661417323
 21
2.16732283464567
 31
0.0
  0
LINE
  5
9FE
330
17
100
AcDbEntity
  8
GEOMETRY
100
AcDbLine
 10
4.639370078740158
 20
2.166141732283465
 30
0.0
 11
4.639370078740158
 21
2.17244094488189
 31
0.0
  0
LINE
  5
9FF
330
17
100
AcDbEntity
  8
GEOMETRY
100
AcDbLine
 10
4.648031496062992
 20
2.171259842519685
 30
0.0
 11
4.648031496062992
 21
2.17755905511811
 31
0.0
  0
LINE
  5
A00
330
17
100
AcDbEntity
  8
GEOMETRY
100
AcDbLine
 10
4.657086614173228
 20
2.1763779527559057
 30
0.0
 11
4.657086614173228
 21
2.1826771653543315
 31
0.0
  0
LINE
  5
A01
330
17
100
AcDbEntity
  8
GEOMETRY
100
AcDbLine
 10
4.665748031496063
 20
2.1811023622047245
 30
0.0
 11
4.665748031496063
 21
2.1874015748031495
 31
0.0
  0
LINE
  5
A02
330
17
100
AcDbEntity
  8
GEOMETRY
100
AcDbLine
 10
4.674409448818897
 20
2.186220472440945
 30
0.0
 11
4.674409448818897
 21
2.192519685039371
 31
0.0
  0
LINE
  5
A03
330
17
100
AcDbEntity
  8
GEOMETRY
100
AcDbLine
 10
4.683070866141732
 20
2.1913385826771665
 30
0.0
 11
4.683070866141732
 21
2.1976377952755914
 31
0.0
  0
LINE
  5
A04
330
17
100
AcDbEntity
  8
GEOMETRY
100
AcDbLine
 10
4.6917322834645665
 20
2.1964566929133866
 30
0.0
 11
4.6917322834645665
 21
2.2027559055118116
 31
0.0
  0
LINE
  5
A05
330
17
100
AcDbEntity
  8
GEOMETRY
100
AcDbLine
 10
3.7039370078740155
 20
1.6157480314960637
 30
0.0
 11
3.7039370078740155
 21
1.62244094488189
 31
0.0
  0
LINE
  5
A06
330
17
100
AcDbEntity
  8
GEOMETRY
100
AcDbLine
 10
3.712992125984252
 20
1.620866141732284
 30
0.0
 11
3.712992125984252
 21
1.6271653543307092
 31
0.0
  0
LINE
  5
A07
330
17
100
AcDbEntity
  8
GEOMETRY
100
AcDbLine
 10
3.7216535433070868
 20
1.6259842519685044
 30
0.0
 11
3.7216535433070868
 21
1.6322834645669295
 31
0.0
  0
LINE
  5
A08
330
17
100
AcDbEntity
  8
GEOMETRY
100
AcDbLine
 10
3.7303149606299213
 20
1.6311023622047247
 30
0.0
 11
3.7303149606299213
 21
1.6374015748031496
 31
0.0
  0
LINE
  5
A09
330
17
100
AcDbEntity
  8
GEOMETRY
100
AcDbLine
 10
3.738976377952756
 20
1.636220472440945
 30
0.0
 11
3.738976377952756
 21
1.642519685039371
 31
0.0
  0
LINE
  5
A0A
330
17
100
AcDbEntity
  8
GEOMETRY
100
AcDbLine
 10
3.7476377952755904
 20
1.6413385826771663
 30
0.0
 11
3.7476377952755904
 21
1.6476377952755914
 31
0.0
  0
LINE
  5
A0B
330
17
100
AcDbEntity
  8
GEOMETRY
100
AcDbLine
 10
3.7566929133858267
 20
1.6460629921259844
 30
0.0
 11
3.7566929133858267
 21
1.6527559055118117
 31
0.0
  0
LINE
  5
A0C
330
17
100
AcDbEntity
  8
GEOMETRY
100
AcDbLine
 10
3.765354330708661
 20
1.6511811023622058
 30
0.0
 11
3.765354330708661
 21
1.6574803149606308
 31
0.0
  0
LINE
  5
A0D
330
17
100
AcDbEntity
  8
GEOMETRY
100
AcDbLine
 10
3.774015748031496
 20
1.656299212598426
 30
0.0
 11
3.774015748031496
 21
1.662598425196851
 31
0.0
  0
LINE
  5
A0E
330
17
100
AcDbEntity
  8
GEOMETRY
100
AcDbLine
 10
3.7826771653543307
 20
1.6614173228346463
 30
0.0
 11
3.7826771653543307
 21
1.6677165354330714
 31
0.0
  0
LINE
  5
A0F
330
17
100
AcDbEntity
  8
GEOMETRY
100
AcDbLine
 10
3.7913385826771653
 20
1.6665354330708666
 30
0.0
 11
3.7913385826771653
 21
1.6728346456692917
 31
0.0
  0
LINE
  5
A10
330
17
100
AcDbEntity
  8
GEOMETRY
100
AcDbLine
 10
3.8003937007874016
 20
1.6712598425196856
 30
0.0
 11
3.8003937007874016
 21
1.677952755905512
 31
0.0
  0
LINE
  5
A11
330
17
100
AcDbEntity
  8
GEOMETRY
100
AcDbLine
 10
3.809055118110236
 20
1.676377952755906
 30
0.0
 11
3.809055118110236
 21
1.682677165354331
 31
0.0
  0
LINE
  5
A12
330
17
100
AcDbEntity
  8
GEOMETRY
100
AcDbLine
 10
3.8177165354330707
 20
1.6814960629921263
 30
0.0
 11
3.8177165354330707
 21
1.6877952755905514
 31
0.0
  0
LINE
  5
A13
330
17
100
AcDbEntity
  8
GEOMETRY
100
AcDbLine
 10
3.826377952755905
 20
1.6866141732283466
 30
0.0
 11
3.826377952755905
 21
1.6929133858267715
 31
0.0
  0
LINE
  5
A14
330
17
100
AcDbEntity
  8
GEOMETRY
100
AcDbLine
 10
3.83503937007874
 20
1.691732283464568
 30
0.0
 11
3.83503937007874
 21
1.698031496062993
 31
0.0
  0
LINE
  5
A15
330
17
100
AcDbEntity
  8
GEOMETRY
100
AcDbLine
 10
3.8440944881889765
 20
1.6968503937007884
 30
0.0
 11
3.8440944881889765
 21
1.7031496062992133
 31
0.0
  0
LINE
  5
A16
330
17
100
AcDbEntity
  8
GEOMETRY
100
AcDbLine
 10
3.852755905511811
 20
1.7015748031496074
 30
0.0
 11
3.852755905511811
 21
1.7082677165354336
 31
0.0
  0
LINE
  5
A17
330
17
100
AcDbEntity
  8
GEOMETRY
100
AcDbLine
 10
3.8614173228346456
 20
1.7066929133858277
 30
0.0
 11
3.8614173228346456
 21
1.7129921259842527
 31
0.0
  0
LINE
  5
A18
330
17
100
AcDbEntity
  8
GEOMETRY
100
AcDbLine
 10
3.87007874015748
 20
1.7118110236220478
 30
0.0
 11
3.87007874015748
 21
1.718110236220473
 31
0.0
  0
LINE
  5
A19
330
17
100
AcDbEntity
  8
GEOMETRY
100
AcDbLine
 10
3.8791338582677164
 20
1.7169291338582682
 30
0.0
 11
3.8791338582677164
 21
1.7232283464566933
 31
0.0
  0
LINE
  5
A1A
330
17
100
AcDbEntity
  8
GEOMETRY
100
AcDbLine
 10
3.887795275590551
 20
1.7220472440944885
 30
0.0
 11
3.887795275590551
 21
1.7283464566929136
 31
0.0
  0
LINE
  5
A1B
330
17
100
AcDbEntity
  8
GEOMETRY
100
AcDbLine
 10
3.896456692913386
 20
1.7267716535433075
 30
0.0
 11
3.896456692913386
 21
1.733464566929134
 31
0.0
  0
LINE
  5
A1C
330
17
100
AcDbEntity
  8
GEOMETRY
100
AcDbLine
 10
3.9051181102362205
 20
1.7318897637795279
 30
0.0
 11
3.9051181102362205
 21
1.738188976377953
 31
0.0
  0
LINE
  5
A1D
330
17
100
AcDbEntity
  8
GEOMETRY
100
AcDbLine
 10
3.913779527559055
 20
1.7370078740157482
 30
0.0
 11
3.913779527559055
 21
1.7433070866141733
 31
0.0
  0
LINE
  5
A1E
330
17
100
AcDbEntity
  8
GEOMETRY
100
AcDbLine
 10
3.9228346456692913
 20
1.7421259842519685
 30
0.0
 11
3.9228346456692913
 21
1.7484251968503948
 31
0.0
  0
LINE
  5
A1F
330
17
100
AcDbEntity
  8
GEOMETRY
100
AcDbLine
 10
3.931496062992126
 20
1.74724409448819
 30
0.0
 11
3.931496062992126
 21
1.7535433070866149
 31
0.0
  0
LINE
  5
A20
330
17
100
AcDbEntity
  8
GEOMETRY
100
AcDbLine
 10
3.9401574803149604
 20
1.7523622047244103
 30
0.0
 11
3.9401574803149604
 21
1.7586614173228352
 31
0.0
  0
LINE
  5
A21
330
17
100
AcDbEntity
  8
GEOMETRY
100
AcDbLine
 10
3.948818897637795
 20
1.7570866141732293
 30
0.0
 11
3.948818897637795
 21
1.7637795275590555
 31
0.0
  0
LINE
  5
A22
330
17
100
AcDbEntity
  8
GEOMETRY
100
AcDbLine
 10
3.95748031496063
 20
1.7622047244094496
 30
0.0
 11
3.95748031496063
 21
1.7685039370078746
 31
0.0
  0
LINE
  5
A23
330
17
100
AcDbEntity
  8
GEOMETRY
100
AcDbLine
 10
3.966535433070866
 20
1.7673228346456697
 30
0.0
 11
3.966535433070866
 21
1.773622047244095
 31
0.0
  0
LINE
  5
A24
330
17
100
AcDbEntity
  8
GEOMETRY
100
AcDbLine
 10
3.9751968503937007
 20
1.77244094488189
 30
0.0
 11
3.9751968503937007
 21
1.7787401574803152
 31
0.0
  0
LINE
  5
A25
330
17
100
AcDbEntity
  8
GEOMETRY
100
AcDbLine
 10
3.9838582677165353
 20
1.7775590551181104
 30
0.0
 11
3.9838582677165353
 21
1.7838582677165356
 31
0.0
  0
LINE
  5
A26
330
17
100
AcDbEntity
  8
GEOMETRY
100
AcDbLine
 10
3.99251968503937
 20
1.7822834645669294
 30
0.0
 11
3.99251968503937
 21
1.788976377952757
 31
0.0
  0
LINE
  5
A27
330
17
100
AcDbEntity
  8
GEOMETRY
100
AcDbLine
 10
4.001181102362205
 20
1.7874015748031498
 30
0.0
 11
4.001181102362205
 21
1.793700787401575
 31
0.0
  0
LINE
  5
A28
330
17
100
AcDbEntity
  8
GEOMETRY
100
AcDbLine
 10
4.010236220472441
 20
1.79251968503937
 30
0.0
 11
4.010236220472441
 21
1.7988188976377963
 31
0.0
  0
LINE
  5
A29
330
17
100
AcDbEntity
  8
GEOMETRY
100
AcDbLine
 10
4.018897637795275
 20
1.7976377952755915
 30
0.0
 11
4.018897637795275
 21
1.8039370078740167
 31
0.0
  0
LINE
  5
A2A
330
17
100
AcDbEntity
  8
GEOMETRY
100
AcDbLine
 10
4.02755905511811
 20
1.8027559055118119
 30
0.0
 11
4.02755905511811
 21
1.8090551181102368
 31
0.0
  0
LINE
  5
A2B
330
17
100
AcDbEntity
  8
GEOMETRY
100
AcDbLine
 10
4.036220472440944
 20
1.8078740157480322
 30
0.0
 11
4.036220472440944
 21
1.8141732283464571
 31
0.0
  0
LINE
  5
A2C
330
17
100
AcDbEntity
  8
GEOMETRY
100
AcDbLine
 10
4.044881889763779
 20
1.8125984251968512
 30
0.0
 11
4.044881889763779
 21
1.8192913385826774
 31
0.0
  0
LINE
  5
A2D
330
17
100
AcDbEntity
  8
GEOMETRY
100
AcDbLine
 10
4.053937007874016
 20
1.8177165354330715
 30
0.0
 11
4.053937007874016
 21
1.8240157480314965
 31
0.0
  0
LINE
  5
A2E
330
17
100
AcDbEntity
  8
GEOMETRY
100
AcDbLine
 10
4.0625984251968505
 20
1.8228346456692917
 30
0.0
 11
4.0625984251968505
 21
1.8291338582677168
 31
0.0
  0
LINE
  5
A2F
330
17
100
AcDbEntity
  8
GEOMETRY
100
AcDbLine
 10
4.071259842519685
 20
1.827952755905512
 30
0.0
 11
4.071259842519685
 21
1.8342519685039371
 31
0.0
  0
LINE
  5
A30
330
17
100
AcDbEntity
  8
GEOMETRY
100
AcDbLine
 10
4.07992125984252
 20
1.8330708661417323
 30
0.0
 11
4.07992125984252
 21
1.8393700787401586
 31
0.0
  0
LINE
  5
A31
330
17
100
AcDbEntity
  8
GEOMETRY
100
AcDbLine
 10
4.088582677165354
 20
1.8381889763779538
 30
0.0
 11
4.088582677165354
 21
1.844488188976379
 31
0.0
  0
LINE
  5
A32
330
17
100
AcDbEntity
  8
GEOMETRY
100
AcDbLine
 10
4.09763779527559
 20
1.8429133858267717
 30
0.0
 11
4.09763779527559
 21
1.849212598425198
 31
0.0
  0
LINE
  5
A33
330
17
100
AcDbEntity
  8
GEOMETRY
100
AcDbLine
 10
4.106299212598425
 20
1.848031496062993
 30
0.0
 11
4.106299212598425
 21
1.8543307086614182
 31
0.0
  0
LINE
  5
A34
330
17
100
AcDbEntity
  8
GEOMETRY
100
AcDbLine
 10
4.11496062992126
 20
1.8531496062992134
 30
0.0
 11
4.11496062992126
 21
1.8594488188976386
 31
0.0
  0
LINE
  5
A35
330
17
100
AcDbEntity
  8
GEOMETRY
100
AcDbLine
 10
4.123622047244094
 20
1.8582677165354338
 30
0.0
 11
4.123622047244094
 21
1.8645669291338587
 31
0.0
  0
LINE
  5
A36
330
17
100
AcDbEntity
  8
GEOMETRY
100
AcDbLine
 10
4.132283464566929
 20
1.863385826771654
 30
0.0
 11
4.132283464566929
 21
1.869685039370079
 31
0.0
  0
LINE
  5
A37
330
17
100
AcDbEntity
  8
GEOMETRY
100
AcDbLine
 10
4.141338582677165
 20
1.8681102362204731
 30
0.0
 11
4.141338582677165
 21
1.8748031496062993
 31
0.0
  0
LINE
  5
A38
330
17
100
AcDbEntity
  8
GEOMETRY
100
AcDbLine
 10
4.1499999999999995
 20
1.8732283464566934
 30
0.0
 11
4.1499999999999995
 21
1.8795275590551184
 31
0.0
  0
LINE
  5
A39
330
17
100
AcDbEntity
  8
GEOMETRY
100
AcDbLine
 10
4.1586614173228345
 20
1.8783464566929138
 30
0.0
 11
4.1586614173228345
 21
1.8846456692913387
 31
0.0
  0
LINE
  5
A3A
330
17
100
AcDbEntity
  8
GEOMETRY
100
AcDbLine
 10
4.167322834645669
 20
1.8834645669291339
 30
0.0
 11
4.167322834645669
 21
1.889763779527559
 31
0.0
  0
LINE
  5
A3B
330
17
100
AcDbEntity
  8
GEOMETRY
100
AcDbLine
 10
4.1759842519685035
 20
1.8885826771653553
 30
0.0
 11
4.1759842519685035
 21
1.8948818897637805
 31
0.0
  0
LINE
  5
A3C
330
17
100
AcDbEntity
  8
GEOMETRY
100
AcDbLine
 10
4.18503937007874
 20
1.8937007874015757
 30
0.0
 11
4.18503937007874
 21
1.9000000000000008
 31
0.0
  0
LINE
  5
A3D
330
17
100
AcDbEntity
  8
GEOMETRY
100
AcDbLine
 10
4.193700787401575
 20
1.8984251968503947
 30
0.0
 11
4.193700787401575
 21
1.9047244094488198
 31
0.0
  0
LINE
  5
A3E
330
17
100
AcDbEntity
  8
GEOMETRY
100
AcDbLine
 10
4.202362204724409
 20
1.903543307086615
 30
0.0
 11
4.202362204724409
 21
1.9098425196850402
 31
0.0
  0
LINE
  5
A3F
330
17
100
AcDbEntity
  8
GEOMETRY
100
AcDbLine
 10
4.211023622047244
 20
1.9086614173228353
 30
0.0
 11
4.211023622047244
 21
1.9149606299212605
 31
0.0
  0
LINE
  5
A40
330
17
100
AcDbEntity
  8
GEOMETRY
100
AcDbLine
 10
4.219685039370079
 20
1.9137795275590557
 30
0.0
 11
4.219685039370079
 21
1.9200787401574806
 31
0.0
  0
LINE
  5
A41
330
17
100
AcDbEntity
  8
GEOMETRY
100
AcDbLine
 10
4.228740157480315
 20
1.918897637795276
 30
0.0
 11
4.228740157480315
 21
1.925196850393701
 31
0.0
  0
LINE
  5
A42
330
17
100
AcDbEntity
  8
GEOMETRY
100
AcDbLine
 10
4.237401574803149
 20
1.923622047244095
 30
0.0
 11
4.237401574803149
 21
1.9303149606299213
 31
0.0
  0
LINE
  5
A43
330
17
100
AcDbEntity
  8
GEOMETRY
100
AcDbLine
 10
4.246062992125984
 20
1.9287401574803154
 30
0.0
 11
4.246062992125984
 21
1.9350393700787403
 31
0.0
  0
LINE
  5
A44
330
17
100
AcDbEntity
  8
GEOMETRY
100
AcDbLine
 10
4.254724409448818
 20
1.9338582677165357
 30
0.0
 11
4.254724409448818
 21
1.9401574803149606
 31
0.0
  0
LINE
  5
A45
330
17
100
AcDbEntity
  8
GEOMETRY
100
AcDbLine
 10
4.263385826771653
 20
1.9389763779527558
 30
0.0
 11
4.263385826771653
 21
1.945275590551182
 31
0.0
  0
LINE
  5
A46
330
17
100
AcDbEntity
  8
GEOMETRY
100
AcDbLine
 10
4.27244094488189
 20
1.9440944881889772
 30
0.0
 11
4.27244094488189
 21
1.9503937007874024
 31
0.0
  0
LINE
  5
A47
330
17
100
AcDbEntity
  8
GEOMETRY
100
AcDbLine
 10
4.281102362204724
 20
1.9492125984251976
 30
0.0
 11
4.281102362204724
 21
1.9555118110236227
 31
0.0
  0
LINE
  5
A48
330
17
100
AcDbEntity
  8
GEOMETRY
100
AcDbLine
 10
4.289763779527559
 20
1.9539370078740166
 30
0.0
 11
4.289763779527559
 21
1.9602362204724417
 31
0.0
  0
LINE
  5
A49
330
17
100
AcDbEntity
  8
GEOMETRY
100
AcDbLine
 10
4.298425196850394
 20
1.959055118110237
 30
0.0
 11
4.298425196850394
 21
1.965354330708662
 31
0.0
  0
LINE
  5
A4A
330
17
100
AcDbEntity
  8
GEOMETRY
100
AcDbLine
 10
4.307086614173229
 20
1.9641732283464572
 30
0.0
 11
4.307086614173229
 21
1.9704724409448824
 31
0.0
  0
LINE
  5
A4B
330
17
100
AcDbEntity
  8
GEOMETRY
100
AcDbLine
 10
4.316141732283464
 20
1.9692913385826776
 30
0.0
 11
4.316141732283464
 21
1.9755905511811025
 31
0.0
  0
LINE
  5
A4C
330
17
100
AcDbEntity
  8
GEOMETRY
100
AcDbLine
 10
4.324803149606299
 20
1.974409448818898
 30
0.0
 11
4.324803149606299
 21
1.9807086614173228
 31
0.0
  0
LINE
  5
A4D
330
17
100
AcDbEntity
  8
GEOMETRY
100
AcDbLine
 10
4.333464566929133
 20
1.979133858267717
 30
0.0
 11
4.333464566929133
 21
1.9858267716535443
 31
0.0
  0
LINE
  5
A4E
330
17
100
AcDbEntity
  8
GEOMETRY
100
AcDbLine
 10
4.342125984251969
 20
1.9842519685039373
 30
0.0
 11
4.342125984251969
 21
1.9905511811023622
 31
0.0
  0
LINE
  5
A4F
330
17
100
AcDbEntity
  8
GEOMETRY
100
AcDbLine
 10
4.350787401574803
 20
1.9893700787401576
 30
0.0
 11
4.350787401574803
 21
1.9956692913385836
 31
0.0
  0
LINE
  5
A50
330
17
100
AcDbEntity
  8
GEOMETRY
100
AcDbLine
 10
4.359842519685039
 20
1.9944881889763788
 30
0.0
 11
4.359842519685039
 21
2.000787401574804
 31
0.0
  0
LINE
  5
A51
330
17
100
AcDbEntity
  8
GEOMETRY
100
AcDbLine
 10
4.3685039370078735
 20
1.9996062992125991
 30
0.0
 11
4.3685039370078735
 21
2.005905511811024
 31
0.0
  0
LINE
  5
A52
330
17
100
AcDbEntity
  8
GEOMETRY
100
AcDbLine
 10
4.3771653543307085
 20
2.0047244094488197
 30
0.0
 11
4.3771653543307085
 21
2.0110236220472446
 31
0.0
  0
LINE
  5
A53
330
17
100
AcDbEntity
  8
GEOMETRY
100
AcDbLine
 10
4.3858267716535435
 20
2.0094488188976385
 30
0.0
 11
4.3858267716535435
 21
2.015748031496064
 31
0.0
  0
LINE
  5
A54
330
17
100
AcDbEntity
  8
GEOMETRY
100
AcDbLine
 10
4.394881889763779
 20
2.014566929133859
 30
0.0
 11
4.394881889763779
 21
2.020866141732284
 31
0.0
  0
LINE
  5
A55
330
17
100
AcDbEntity
  8
GEOMETRY
100
AcDbLine
 10
4.403543307086614
 20
2.019685039370079
 30
0.0
 11
4.403543307086614
 21
2.025984251968504
 31
0.0
  0
LINE
  5
A56
330
17
100
AcDbEntity
  8
GEOMETRY
100
AcDbLine
 10
4.412204724409449
 20
2.0248031496062993
 30
0.0
 11
4.412204724409449
 21
2.0311023622047246
 31
0.0
  0
LINE
  5
A57
330
17
100
AcDbEntity
  8
GEOMETRY
100
AcDbLine
 10
4.420866141732284
 20
2.02992125984252
 30
0.0
 11
4.420866141732284
 21
2.036220472440946
 31
0.0
  0
LINE
  5
A58
330
17
100
AcDbEntity
  8
GEOMETRY
100
AcDbLine
 10
4.429527559055118
 20
2.0346456692913386
 30
0.0
 11
4.429527559055118
 21
2.041338582677166
 31
0.0
  0
LINE
  5
A59
330
17
100
AcDbEntity
  8
GEOMETRY
100
AcDbLine
 10
4.438582677165354
 20
2.039763779527559
 30
0.0
 11
4.438582677165354
 21
2.0460629921259854
 31
0.0
  0
LINE
  5
A5A
330
17
100
AcDbEntity
  8
GEOMETRY
100
AcDbLine
 10
4.447244094488188
 20
2.0448818897637806
 30
0.0
 11
4.447244094488188
 21
2.0511811023622055
 31
0.0
  0
LINE
  5
A5B
330
17
100
AcDbEntity
  8
GEOMETRY
100
AcDbLine
 10
4.455905511811024
 20
2.0500000000000007
 30
0.0
 11
4.455905511811024
 21
2.056299212598426
 31
0.0
  0
LINE
  5
A5C
330
17
100
AcDbEntity
  8
GEOMETRY
100
AcDbLine
 10
4.464566929133858
 20
2.0551181102362213
 30
0.0
 11
4.464566929133858
 21
2.061417322834646
 31
0.0
  0
LINE
  5
A5D
330
17
100
AcDbEntity
  8
GEOMETRY
100
AcDbLine
 10
4.473228346456693
 20
2.0602362204724414
 30
0.0
 11
4.473228346456693
 21
2.0665354330708663
 31
0.0
  0
LINE
  5
A5E
330
17
100
AcDbEntity
  8
GEOMETRY
100
AcDbLine
 10
4.482283464566929
 20
2.0649606299212606
 30
0.0
 11
4.482283464566929
 21
2.0712598425196855
 31
0.0
  0
LINE
  5
A5F
330
17
100
AcDbEntity
  8
GEOMETRY
100
AcDbLine
 10
4.490944881889764
 20
2.0700787401574807
 30
0.0
 11
4.490944881889764
 21
2.0763779527559056
 31
0.0
  0
LINE
  5
A60
330
17
100
AcDbEntity
  8
GEOMETRY
100
AcDbLine
 10
4.499606299212599
 20
2.0751968503937013
 30
0.0
 11
4.499606299212599
 21
2.081496062992126
 31
0.0
  0
LINE
  5
A61
330
17
100
AcDbEntity
  8
GEOMETRY
100
AcDbLine
 10
4.508267716535433
 20
2.0803149606299214
 30
0.0
 11
4.508267716535433
 21
2.0866141732283463
 31
0.0
  0
LINE
  5
A62
330
17
100
AcDbEntity
  8
GEOMETRY
100
AcDbLine
 10
4.516929133858268
 20
2.085433070866143
 30
0.0
 11
4.516929133858268
 21
2.0917322834645677
 31
0.0
  0
LINE
  5
A63
330
17
100
AcDbEntity
  8
GEOMETRY
100
AcDbLine
 10
4.525984251968504
 20
2.0901574803149607
 30
0.0
 11
4.525984251968504
 21
2.0968503937007883
 31
0.0
  0
LINE
  5
A64
330
17
100
AcDbEntity
  8
GEOMETRY
100
AcDbLine
 10
4.534645669291339
 20
2.095275590551182
 30
0.0
 11
4.534645669291339
 21
2.101574803149607
 31
0.0
  0
LINE
  5
A65
330
17
100
AcDbEntity
  8
GEOMETRY
100
AcDbLine
 10
4.543307086614173
 20
2.1003937007874023
 30
0.0
 11
4.543307086614173
 21
2.1066929133858276
 31
0.0
  0
LINE
  5
A66
330
17
100
AcDbEntity
  8
GEOMETRY
100
AcDbLine
 10
4.551968503937008
 20
2.105511811023623
 30
0.0
 11
4.551968503937008
 21
2.1118110236220478
 31
0.0
  0
LINE
  5
A67
330
17
100
AcDbEntity
  8
GEOMETRY
100
AcDbLine
 10
4.560629921259842
 20
2.110629921259843
 30
0.0
 11
4.560629921259842
 21
2.1169291338582683
 31
0.0
  0
LINE
  5
A68
330
17
100
AcDbEntity
  8
GEOMETRY
100
AcDbLine
 10
4.5696850393700785
 20
2.1157480314960635
 30
0.0
 11
4.5696850393700785
 21
2.1220472440944884
 31
0.0
  0
LINE
  5
A69
330
17
100
AcDbEntity
  8
GEOMETRY
100
AcDbLine
 10
4.5783464566929135
 20
2.1204724409448823
 30
0.0
 11
4.5783464566929135
 21
2.1271653543307085
 31
0.0
  0
LINE
  5
A6A
330
17
100
AcDbEntity
  8
GEOMETRY
100
AcDbLine
 10
4.5870078740157485
 20
2.125590551181103
 30
0.0
 11
4.5870078740157485
 21
2.1318897637795278
 31
0.0
  0
LINE
  5
A6B
330
17
100
AcDbEntity
  8
GEOMETRY
100
AcDbLine
 10
4.595669291338583
 20
2.130708661417323
 30
0.0
 11
4.595669291338583
 21
2.137007874015748
 31
0.0
  0
LINE
  5
A6C
330
17
100
AcDbEntity
  8
GEOMETRY
100
AcDbLine
 10
4.604330708661418
 20
2.135826771653543
 30
0.0
 11
4.604330708661418
 21
2.1421259842519693
 31
0.0
  0
LINE
  5
A6D
330
17
100
AcDbEntity
  8
GEOMETRY
100
AcDbLine
 10
4.613385826771654
 20
2.1409448818897645
 30
0.0
 11
4.613385826771654
 21
2.14724409448819
 31
0.0
  0
LINE
  5
A6E
330
17
100
AcDbEntity
  8
GEOMETRY
100
AcDbLine
 10
4.622047244094488
 20
2.145669291338583
 30
0.0
 11
4.622047244094488
 21
2.15236220472441
 31
0.0
  0
LINE
  5
A6F
330
17
100
AcDbEntity
  8
GEOMETRY
100
AcDbLine
 10
4.630708661417323
 20
2.150787401574804
 30
0.0
 11
4.630708661417323
 21
2.1570866141732292
 31
0.0
  0
LINE
  5
A70
330
17
100
AcDbEntity
  8
GEOMETRY
100
AcDbLine
 10
4.639370078740158
 20
2.1559055118110244
 30
0.0
 11
4.639370078740158
 21
2.1622047244094493
 31
0.0
  0
LINE
  5
A71
330
17
100
AcDbEntity
  8
GEOMETRY
100
AcDbLine
 10
4.648031496062992
 20
2.1610236220472445
 30
0.0
 11
4.648031496062992
 21
2.16732283464567
 31
0.0
  0
LINE
  5
A72
330
17
100
AcDbEntity
  8
GEOMETRY
100
AcDbLine
 10
4.657086614173228
 20
2.166141732283465
 30
0.0
 11
4.657086614173228
 21
2.17244094488189
 31
0.0
  0
LINE
  5
A73
330
17
100
AcDbEntity
  8
GEOMETRY
100
AcDbLine
 10
4.665748031496063
 20
2.171259842519685
 30
0.0
 11
4.665748031496063
 21
2.17755905511811
 31
0.0
  0
LINE
  5
A74
330
17
100
AcDbEntity
  8
GEOMETRY
100
AcDbLine
 10
4.674409448818897
 20
2.1759842519685044
 30
0.0
 11
4.674409448818897
 21
2.1826771653543315
 31
0.0
  0
LINE
  5
A75
330
17
100
AcDbEntity
  8
GEOMETRY
100
AcDbLine
 10
4.683070866141732
 20
2.1811023622047245
 30
0.0
 11
4.683070866141732
 21
2.1874015748031495
 31
0.0
  0
LINE
  5
A76
330
17
100
AcDbEntity
  8
GEOMETRY
100
AcDbLine
 10
4.6917322834645665
 20
2.186220472440945
 30
0.0
 11
4.6917322834645665
 21
2.192519685039371
 31
0.0
  0
LINE
  5
A77
330
17
100
AcDbEntity
  8
GEOMETRY
100
AcDbLine
 10
3.7039370078740155
 20
1.6059055118110244
 30
0.0
 11
3.7039370078740155
 21
1.6122047244094484
 31
0.0
  0
LINE
  5
A78
330
17
100
AcDbEntity
  8
GEOMETRY
100
AcDbLine
 10
3.712992125984252
 20
1.6106299212598434
 30
0.0
 11
3.712992125984252
 21
1.6173228346456698
 31
0.0
  0
LINE
  5
A79
330
17
100
AcDbEntity
  8
GEOMETRY
100
AcDbLine
 10
3.7216535433070868
 20
1.6157480314960637
 30
0.0
 11
3.7216535433070868
 21
1.6220472440944889
 31
0.0
  0
LINE
  5
A7A
330
17
100
AcDbEntity
  8
GEOMETRY
100
AcDbLine
 10
3.7303149606299213
 20
1.620866141732284
 30
0.0
 11
3.7303149606299213
 21
1.6271653543307092
 31
0.0
  0
LINE
  5
A7B
330
17
100
AcDbEntity
  8
GEOMETRY
100
AcDbLine
 10
3.738976377952756
 20
1.6259842519685044
 30
0.0
 11
3.738976377952756
 21
1.6322834645669295
 31
0.0
  0
LINE
  5
A7C
330
17
100
AcDbEntity
  8
GEOMETRY
100
AcDbLine
 10
3.7476377952755904
 20
1.6311023622047247
 30
0.0
 11
3.7476377952755904
 21
1.6374015748031496
 31
0.0
  0
LINE
  5
A7D
330
17
100
AcDbEntity
  8
GEOMETRY
100
AcDbLine
 10
3.7566929133858267
 20
1.636220472440945
 30
0.0
 11
3.7566929133858267
 21
1.642519685039371
 31
0.0
  0
LINE
  5
A7E
330
17
100
AcDbEntity
  8
GEOMETRY
100
AcDbLine
 10
3.765354330708661
 20
1.640944881889764
 30
0.0
 11
3.765354330708661
 21
1.6476377952755914
 31
0.0
  0
LINE
  5
A7F
330
17
100
AcDbEntity
  8
GEOMETRY
100
AcDbLine
 10
3.774015748031496
 20
1.6460629921259844
 30
0.0
 11
3.774015748031496
 21
1.6523622047244104
 31
0.0
  0
LINE
  5
A80
330
17
100
AcDbEntity
  8
GEOMETRY
100
AcDbLine
 10
3.7826771653543307
 20
1.6511811023622058
 30
0.0
 11
3.7826771653543307
 21
1.6574803149606308
 31
0.0
  0
LINE
  5
A81
330
17
100
AcDbEntity
  8
GEOMETRY
100
AcDbLine
 10
3.7913385826771653
 20
1.656299212598426
 30
0.0
 11
3.7913385826771653
 21
1.662598425196851
 31
0.0
  0
LINE
  5
A82
330
17
100
AcDbEntity
  8
GEOMETRY
100
AcDbLine
 10
3.8003937007874016
 20
1.6614173228346463
 30
0.0
 11
3.8003937007874016
 21
1.6677165354330714
 31
0.0
  0
LINE
  5
A83
330
17
100
AcDbEntity
  8
GEOMETRY
100
AcDbLine
 10
3.809055118110236
 20
1.6661417322834653
 30
0.0
 11
3.809055118110236
 21
1.6728346456692917
 31
0.0
  0
LINE
  5
A84
330
17
100
AcDbEntity
  8
GEOMETRY
100
AcDbLine
 10
3.8177165354330707
 20
1.6712598425196856
 30
0.0
 11
3.8177165354330707
 21
1.6775590551181108
 31
0.0
  0
LINE
  5
A85
330
17
100
AcDbEntity
  8
GEOMETRY
100
AcDbLine
 10
3.826377952755905
 20
1.676377952755906
 30
0.0
 11
3.826377952755905
 21
1.682677165354331
 31
0.0
  0
LINE
  5
A86
330
17
100
AcDbEntity
  8
GEOMETRY
100
AcDbLine
 10
3.83503937007874
 20
1.6814960629921263
 30
0.0
 11
3.83503937007874
 21
1.6877952755905514
 31
0.0
  0
LINE
  5
A87
330
17
100
AcDbEntity
  8
GEOMETRY
100
AcDbLine
 10
3.8440944881889765
 20
1.6866141732283466
 30
0.0
 11
3.8440944881889765
 21
1.6929133858267715
 31
0.0
  0
LINE
  5
A88
330
17
100
AcDbEntity
  8
GEOMETRY
100
AcDbLine
 10
3.852755905511811
 20
1.691732283464568
 30
0.0
 11
3.852755905511811
 21
1.698031496062993
 31
0.0
  0
LINE
  5
A89
330
17
100
AcDbEntity
  8
GEOMETRY
100
AcDbLine
 10
3.8614173228346456
 20
1.696456692913386
 30
0.0
 11
3.8614173228346456
 21
1.7031496062992133
 31
0.0
  0
LINE
  5
A8A
330
17
100
AcDbEntity
  8
GEOMETRY
100
AcDbLine
 10
3.87007874015748
 20
1.7015748031496074
 30
0.0
 11
3.87007874015748
 21
1.7078740157480323
 31
0.0
  0
LINE
  5
A8B
330
17
100
AcDbEntity
  8
GEOMETRY
100
AcDbLine
 10
3.8791338582677164
 20
1.7066929133858277
 30
0.0
 11
3.8791338582677164
 21
1.7129921259842527
 31
0.0
  0
LINE
  5
A8C
330
17
100
AcDbEntity
  8
GEOMETRY
100
AcDbLine
 10
3.887795275590551
 20
1.7118110236220478
 30
0.0
 11
3.887795275590551
 21
1.718110236220473
 31
0.0
  0
LINE
  5
A8D
330
17
100
AcDbEntity
  8
GEOMETRY
100
AcDbLine
 10
3.896456692913386
 20
1.7169291338582682
 30
0.0
 11
3.896456692913386
 21
1.7232283464566933
 31
0.0
  0
LINE
  5
A8E
330
17
100
AcDbEntity
  8
GEOMETRY
100
AcDbLine
 10
3.9051181102362205
 20
1.7216535433070872
 30
0.0
 11
3.9051181102362205
 21
1.7283464566929136
 31
0.0
  0
LINE
  5
A8F
330
17
100
AcDbEntity
  8
GEOMETRY
100
AcDbLine
 10
3.913779527559055
 20
1.7267716535433075
 30
0.0
 11
3.913779527559055
 21
1.7330708661417327
 31
0.0
  0
LINE
  5
A90
330
17
100
AcDbEntity
  8
GEOMETRY
100
AcDbLine
 10
3.9228346456692913
 20
1.7318897637795279
 30
0.0
 11
3.9228346456692913
 21
1.738188976377953
 31
0.0
  0
LINE
  5
A91
330
17
100
AcDbEntity
  8
GEOMETRY
100
AcDbLine
 10
3.931496062992126
 20
1.7370078740157482
 30
0.0
 11
3.931496062992126
 21
1.7433070866141733
 31
0.0
  0
LINE
  5
A92
330
17
100
AcDbEntity
  8
GEOMETRY
100
AcDbLine
 10
3.9401574803149604
 20
1.7421259842519685
 30
0.0
 11
3.9401574803149604
 21
1.7484251968503948
 31
0.0
  0
LINE
  5
A93
330
17
100
AcDbEntity
  8
GEOMETRY
100
AcDbLine
 10
3.948818897637795
 20
1.74724409448819
 30
0.0
 11
3.948818897637795
 21
1.7535433070866149
 31
0.0
  0
LINE
  5
A94
330
17
100
AcDbEntity
  8
GEOMETRY
100
AcDbLine
 10
3.95748031496063
 20
1.7519685039370079
 30
0.0
 11
3.95748031496063
 21
1.7586614173228352
 31
0.0
  0
LINE
  5
A95
330
17
100
AcDbEntity
  8
GEOMETRY
100
AcDbLine
 10
3.966535433070866
 20
1.7570866141732293
 30
0.0
 11
3.966535433070866
 21
1.7633858267716542
 31
0.0
  0
LINE
  5
A96
330
17
100
AcDbEntity
  8
GEOMETRY
100
AcDbLine
 10
3.9751968503937007
 20
1.7622047244094496
 30
0.0
 11
3.9751968503937007
 21
1.7685039370078746
 31
0.0
  0
LINE
  5
A97
330
17
100
AcDbEntity
  8
GEOMETRY
100
AcDbLine
 10
3.9838582677165353
 20
1.7673228346456697
 30
0.0
 11
3.9838582677165353
 21
1.773622047244095
 31
0.0
  0
LINE
  5
A98
330
17
100
AcDbEntity
  8
GEOMETRY
100
AcDbLine
 10
3.99251968503937
 20
1.77244094488189
 30
0.0
 11
3.99251968503937
 21
1.7787401574803152
 31
0.0
  0
LINE
  5
A99
330
17
100
AcDbEntity
  8
GEOMETRY
100
AcDbLine
 10
4.001181102362205
 20
1.7775590551181104
 30
0.0
 11
4.001181102362205
 21
1.7838582677165356
 31
0.0
  0
LINE
  5
A9A
330
17
100
AcDbEntity
  8
GEOMETRY
100
AcDbLine
 10
4.010236220472441
 20
1.7822834645669294
 30
0.0
 11
4.010236220472441
 21
1.7885826771653546
 31
0.0
  0
LINE
  5
A9B
330
17
100
AcDbEntity
  8
GEOMETRY
100
AcDbLine
 10
4.018897637795275
 20
1.7874015748031498
 30
0.0
 11
4.018897637795275
 21
1.793700787401575
 31
0.0
  0
LINE
  5
A9C
330
17
100
AcDbEntity
  8
GEOMETRY
100
AcDbLine
 10
4.02755905511811
 20
1.79251968503937
 30
0.0
 11
4.02755905511811
 21
1.7988188976377963
 31
0.0
  0
LINE
  5
A9D
330
17
100
AcDbEntity
  8
GEOMETRY
100
AcDbLine
 10
4.036220472440944
 20
1.7976377952755915
 30
0.0
 11
4.036220472440944
 21
1.8039370078740167
 31
0.0
  0
LINE
  5
A9E
330
17
100
AcDbEntity
  8
GEOMETRY
100
AcDbLine
 10
4.044881889763779
 20
1.8027559055118119
 30
0.0
 11
4.044881889763779
 21
1.8090551181102368
 31
0.0
  0
LINE
  5
A9F
330
17
100
AcDbEntity
  8
GEOMETRY
100
AcDbLine
 10
4.053937007874016
 20
1.8074803149606309
 30
0.0
 11
4.053937007874016
 21
1.8141732283464571
 31
0.0
  0
LINE
  5
AA0
330
17
100
AcDbEntity
  8
GEOMETRY
100
AcDbLine
 10
4.0625984251968505
 20
1.8125984251968512
 30
0.0
 11
4.0625984251968505
 21
1.8188976377952761
 31
0.0
  0
LINE
  5
AA1
330
17
100
AcDbEntity
  8
GEOMETRY
100
AcDbLine
 10
4.071259842519685
 20
1.8177165354330715
 30
0.0
 11
4.071259842519685
 21
1.8240157480314965
 31
0.0
  0
LINE
  5
AA2
330
17
100
AcDbEntity
  8
GEOMETRY
100
AcDbLine
 10
4.07992125984252
 20
1.8228346456692917
 30
0.0
 11
4.07992125984252
 21
1.8291338582677168
 31
0.0
  0
LINE
  5
AA3
330
17
100
AcDbEntity
  8
GEOMETRY
100
AcDbLine
 10
4.088582677165354
 20
1.827952755905512
 30
0.0
 11
4.088582677165354
 21
1.8342519685039371
 31
0.0
  0
LINE
  5
AA4
330
17
100
AcDbEntity
  8
GEOMETRY
100
AcDbLine
 10
4.09763779527559
 20
1.8330708661417323
 30
0.0
 11
4.09763779527559
 21
1.8393700787401586
 31
0.0
  0
LINE
  5
AA5
330
17
100
AcDbEntity
  8
GEOMETRY
100
AcDbLine
 10
4.106299212598425
 20
1.8377952755905513
 30
0.0
 11
4.106299212598425
 21
1.8440944881889765
 31
0.0
  0
LINE
  5
AA6
330
17
100
AcDbEntity
  8
GEOMETRY
100
AcDbLine
 10
4.11496062992126
 20
1.8429133858267717
 30
0.0
 11
4.11496062992126
 21
1.849212598425198
 31
0.0
  0
LINE
  5
AA7
330
17
100
AcDbEntity
  8
GEOMETRY
100
AcDbLine
 10
4.123622047244094
 20
1.848031496062993
 30
0.0
 11
4.123622047244094
 21
1.8543307086614182
 31
0.0
  0
LINE
  5
AA8
330
17
100
AcDbEntity
  8
GEOMETRY
100
AcDbLine
 10
4.132283464566929
 20
1.8531496062992134
 30
0.0
 11
4.132283464566929
 21
1.8594488188976386
 31
0.0
  0
LINE
  5
AA9
330
17
100
AcDbEntity
  8
GEOMETRY
100
AcDbLine
 10
4.141338582677165
 20
1.8582677165354338
 30
0.0
 11
4.141338582677165
 21
1.8645669291338587
 31
0.0
  0
LINE
  5
AAA
330
17
100
AcDbEntity
  8
GEOMETRY
100
AcDbLine
 10
4.1499999999999995
 20
1.8629921259842528
 30
0.0
 11
4.1499999999999995
 21
1.869685039370079
 31
0.0
  0
LINE
  5
AAB
330
17
100
AcDbEntity
  8
GEOMETRY
100
AcDbLine
 10
4.1586614173228345
 20
1.8681102362204731
 30
0.0
 11
4.1586614173228345
 21
1.874409448818898
 31
0.0
  0
LINE
  5
AAC
330
17
100
AcDbEntity
  8
GEOMETRY
100
AcDbLine
 10
4.167322834645669
 20
1.8732283464566934
 30
0.0
 11
4.167322834645669
 21
1.8795275590551184
 31
0.0
  0
LINE
  5
AAD
330
17
100
AcDbEntity
  8
GEOMETRY
100
AcDbLine
 10
4.1759842519685035
 20
1.8783464566929138
 30
0.0
 11
4.1759842519685035
 21
1.8846456692913387
 31
0.0
  0
LINE
  5
AAE
330
17
100
AcDbEntity
  8
GEOMETRY
100
AcDbLine
 10
4.18503937007874
 20
1.8834645669291339
 30
0.0
 11
4.18503937007874
 21
1.889763779527559
 31
0.0
  0
LINE
  5
AAF
330
17
100
AcDbEntity
  8
GEOMETRY
100
AcDbLine
 10
4.193700787401575
 20
1.8885826771653553
 30
0.0
 11
4.193700787401575
 21
1.8948818897637805
 31
0.0
  0
LINE
  5
AB0
330
17
100
AcDbEntity
  8
GEOMETRY
100
AcDbLine
 10
4.202362204724409
 20
1.8933070866141732
 30
0.0
 11
4.202362204724409
 21
1.8996062992125984
 31
0.0
  0
LINE
  5
AB1
330
17
100
AcDbEntity
  8
GEOMETRY
100
AcDbLine
 10
4.211023622047244
 20
1.8984251968503947
 30
0.0
 11
4.211023622047244
 21
1.9047244094488198
 31
0.0
  0
LINE
  5
AB2
330
17
100
AcDbEntity
  8
GEOMETRY
100
AcDbLine
 10
4.219685039370079
 20
1.903543307086615
 30
0.0
 11
4.219685039370079
 21
1.9098425196850402
 31
0.0
  0
LINE
  5
AB3
330
17
100
AcDbEntity
  8
GEOMETRY
100
AcDbLine
 10
4.228740157480315
 20
1.9086614173228353
 30
0.0
 11
4.228740157480315
 21
1.9149606299212605
 31
0.0
  0
LINE
  5
AB4
330
17
100
AcDbEntity
  8
GEOMETRY
100
AcDbLine
 10
4.237401574803149
 20
1.9137795275590557
 30
0.0
 11
4.237401574803149
 21
1.9200787401574806
 31
0.0
  0
LINE
  5
AB5
330
17
100
AcDbEntity
  8
GEOMETRY
100
AcDbLine
 10
4.246062992125984
 20
1.9185039370078747
 30
0.0
 11
4.246062992125984
 21
1.925196850393701
 31
0.0
  0
LINE
  5
AB6
330
17
100
AcDbEntity
  8
GEOMETRY
100
AcDbLine
 10
4.254724409448818
 20
1.923622047244095
 30
0.0
 11
4.254724409448818
 21
1.9299212598425202
 31
0.0
  0
LINE
  5
AB7
330
17
100
AcDbEntity
  8
GEOMETRY
100
AcDbLine
 10
4.263385826771653
 20
1.9287401574803154
 30
0.0
 11
4.263385826771653
 21
1.9350393700787403
 31
0.0
  0
LINE
  5
AB8
330
17
100
AcDbEntity
  8
GEOMETRY
100
AcDbLine
 10
4.27244094488189
 20
1.9338582677165357
 30
0.0
 11
4.27244094488189
 21
1.9401574803149606
 31
0.0
  0
LINE
  5
AB9
330
17
100
AcDbEntity
  8
GEOMETRY
100
AcDbLine
 10
4.281102362204724
 20
1.9389763779527558
 30
0.0
 11
4.281102362204724
 21
1.945275590551182
 31
0.0
  0
LINE
  5
ABA
330
17
100
AcDbEntity
  8
GEOMETRY
100
AcDbLine
 10
4.289763779527559
 20
1.9440944881889772
 30
0.0
 11
4.289763779527559
 21
1.9503937007874024
 31
0.0
  0
LINE
  5
ABB
330
17
100
AcDbEntity
  8
GEOMETRY
100
AcDbLine
 10
4.298425196850394
 20
1.9488188976377951
 30
0.0
 11
4.298425196850394
 21
1.9551181102362214
 31
0.0
  0
LINE
  5
ABC
330
17
100
AcDbEntity
  8
GEOMETRY
100
AcDbLine
 10
4.307086614173229
 20
1.9539370078740166
 30
0.0
 11
4.307086614173229
 21
1.9602362204724417
 31
0.0
  0
LINE
  5
ABD
330
17
100
AcDbEntity
  8
GEOMETRY
100
AcDbLine
 10
4.316141732283464
 20
1.959055118110237
 30
0.0
 11
4.316141732283464
 21
1.965354330708662
 31
0.0
  0
LINE
  5
ABE
330
17
100
AcDbEntity
  8
GEOMETRY
100
AcDbLine
 10
4.324803149606299
 20
1.9641732283464572
 30
0.0
 11
4.324803149606299
 21
1.9704724409448824
 31
0.0
  0
LINE
  5
ABF
330
17
100
AcDbEntity
  8
GEOMETRY
100
AcDbLine
 10
4.333464566929133
 20
1.9692913385826776
 30
0.0
 11
4.333464566929133
 21
1.9755905511811025
 31
0.0
  0
LINE
  5
AC0
330
17
100
AcDbEntity
  8
GEOMETRY
100
AcDbLine
 10
4.342125984251969
 20
1.9740157480314966
 30
0.0
 11
4.342125984251969
 21
1.9807086614173228
 31
0.0
  0
LINE
  5
AC1
330
17
100
AcDbEntity
  8
GEOMETRY
100
AcDbLine
 10
4.350787401574803
 20
1.979133858267717
 30
0.0
 11
4.350787401574803
 21
1.985433070866142
 31
0.0
  0
LINE
  5
AC2
330
17
100
AcDbEntity
  8
GEOMETRY
100
AcDbLine
 10
4.359842519685039
 20
1.9842519685039373
 30
0.0
 11
4.359842519685039
 21
1.9905511811023622
 31
0.0
  0
LINE
  5
AC3
330
17
100
AcDbEntity
  8
GEOMETRY
100
AcDbLine
 10
4.3685039370078735
 20
1.9893700787401576
 30
0.0
 11
4.3685039370078735
 21
1.9956692913385836
 31
0.0
  0
LINE
  5
AC4
330
17
100
AcDbEntity
  8
GEOMETRY
100
AcDbLine
 10
4.3771653543307085
 20
1.9944881889763788
 30
0.0
 11
4.3771653543307085
 21
2.000787401574804
 31
0.0
  0
LINE
  5
AC5
330
17
100
AcDbEntity
  8
GEOMETRY
100
AcDbLine
 10
4.3858267716535435
 20
1.9996062992125991
 30
0.0
 11
4.3858267716535435
 21
2.005905511811024
 31
0.0
  0
LINE
  5
AC6
330
17
100
AcDbEntity
  8
GEOMETRY
100
AcDbLine
 10
4.394881889763779
 20
2.0043307086614184
 30
0.0
 11
4.394881889763779
 21
2.0106299212598433
 31
0.0
  0
LINE
  5
AC7
330
17
100
AcDbEntity
  8
GEOMETRY
100
AcDbLine
 10
4.403543307086614
 20
2.0094488188976385
 30
0.0
 11
4.403543307086614
 21
2.015748031496064
 31
0.0
  0
LINE
  5
AC8
330
17
100
AcDbEntity
  8
GEOMETRY
100
AcDbLine
 10
4.412204724409449
 20
2.014566929133859
 30
0.0
 11
4.412204724409449
 21
2.020866141732284
 31
0.0
  0
LINE
  5
AC9
330
17
100
AcDbEntity
  8
GEOMETRY
100
AcDbLine
 10
4.420866141732284
 20
2.019685039370079
 30
0.0
 11
4.420866141732284
 21
2.025984251968504
 31
0.0
  0
LINE
  5
ACA
330
17
100
AcDbEntity
  8
GEOMETRY
100
AcDbLine
 10
4.429527559055118
 20
2.0248031496062993
 30
0.0
 11
4.429527559055118
 21
2.0311023622047246
 31
0.0
  0
LINE
  5
ACB
330
17
100
AcDbEntity
  8
GEOMETRY
100
AcDbLine
 10
4.438582677165354
 20
2.0295275590551185
 30
0.0
 11
4.438582677165354
 21
2.036220472440946
 31
0.0
  0
LINE
  5
ACC
330
17
100
AcDbEntity
  8
GEOMETRY
100
AcDbLine
 10
4.447244094488188
 20
2.0346456692913386
 30
0.0
 11
4.447244094488188
 21
2.040944881889764
 31
0.0
  0
LINE
  5
ACD
330
17
100
AcDbEntity
  8
GEOMETRY
100
AcDbLine
 10
4.455905511811024
 20
2.039763779527559
 30
0.0
 11
4.455905511811024
 21
2.0460629921259854
 31
0.0
  0
LINE
  5
ACE
330
17
100
AcDbEntity
  8
GEOMETRY
100
AcDbLine
 10
4.464566929133858
 20
2.0448818897637806
 30
0.0
 11
4.464566929133858
 21
2.0511811023622055
 31
0.0
  0
LINE
  5
ACF
330
17
100
AcDbEntity
  8
GEOMETRY
100
AcDbLine
 10
4.473228346456693
 20
2.0500000000000007
 30
0.0
 11
4.473228346456693
 21
2.056299212598426
 31
0.0
  0
LINE
  5
AD0
330
17
100
AcDbEntity
  8
GEOMETRY
100
AcDbLine
 10
4.482283464566929
 20
2.0551181102362213
 30
0.0
 11
4.482283464566929
 21
2.061417322834646
 31
0.0
  0
LINE
  5
AD1
330
17
100
AcDbEntity
  8
GEOMETRY
100
AcDbLine
 10
4.490944881889764
 20
2.05984251968504
 30
0.0
 11
4.490944881889764
 21
2.0665354330708663
 31
0.0
  0
LINE
  5
AD2
330
17
100
AcDbEntity
  8
GEOMETRY
100
AcDbLine
 10
4.499606299212599
 20
2.0649606299212606
 30
0.0
 11
4.499606299212599
 21
2.0712598425196855
 31
0.0
  0
LINE
  5
AD3
330
17
100
AcDbEntity
  8
GEOMETRY
100
AcDbLine
 10
4.508267716535433
 20
2.0700787401574807
 30
0.0
 11
4.508267716535433
 21
2.0763779527559056
 31
0.0
  0
LINE
  5
AD4
330
17
100
AcDbEntity
  8
GEOMETRY
100
AcDbLine
 10
4.516929133858268
 20
2.0751968503937013
 30
0.0
 11
4.516929133858268
 21
2.081496062992126
 31
0.0
  0
LINE
  5
AD5
330
17
100
AcDbEntity
  8
GEOMETRY
100
AcDbLine
 10
4.525984251968504
 20
2.0803149606299214
 30
0.0
 11
4.525984251968504
 21
2.0866141732283463
 31
0.0
  0
LINE
  5
AD6
330
17
100
AcDbEntity
  8
GEOMETRY
100
AcDbLine
 10
4.534645669291339
 20
2.0850393700787406
 30
0.0
 11
4.534645669291339
 21
2.0917322834645677
 31
0.0
  0
LINE
  5
AD7
330
17
100
AcDbEntity
  8
GEOMETRY
100
AcDbLine
 10
4.543307086614173
 20
2.0901574803149607
 30
0.0
 11
4.543307086614173
 21
2.0964566929133857
 31
0.0
  0
LINE
  5
AD8
330
17
100
AcDbEntity
  8
GEOMETRY
100
AcDbLine
 10
4.551968503937008
 20
2.095275590551182
 30
0.0
 11
4.551968503937008
 21
2.101574803149607
 31
0.0
  0
LINE
  5
AD9
330
17
100
AcDbEntity
  8
GEOMETRY
100
AcDbLine
 10
4.560629921259842
 20
2.1003937007874023
 30
0.0
 11
4.560629921259842
 21
2.1066929133858276
 31
0.0
  0
LINE
  5
ADA
330
17
100
AcDbEntity
  8
GEOMETRY
100
AcDbLine
 10
4.5696850393700785
 20
2.105511811023623
 30
0.0
 11
4.5696850393700785
 21
2.1118110236220478
 31
0.0
  0
LINE
  5
ADB
330
17
100
AcDbEntity
  8
GEOMETRY
100
AcDbLine
 10
4.5783464566929135
 20
2.110629921259843
 30
0.0
 11
4.5783464566929135
 21
2.1169291338582683
 31
0.0
  0
LINE
  5
ADC
330
17
100
AcDbEntity
  8
GEOMETRY
100
AcDbLine
 10
4.5870078740157485
 20
2.115354330708662
 30
0.0
 11
4.5870078740157485
 21
2.1220472440944884
 31
0.0
  0
LINE
  5
ADD
330
17
100
AcDbEntity
  8
GEOMETRY
100
AcDbLine
 10
4.595669291338583
 20
2.1204724409448823
 30
0.0
 11
4.595669291338583
 21
2.1267716535433077
 31
0.0
  0
LINE
  5
ADE
330
17
100
AcDbEntity
  8
GEOMETRY
100
AcDbLine
 10
4.604330708661418
 20
2.125590551181103
 30
0.0
 11
4.604330708661418
 21
2.1318897637795278
 31
0.0
  0
LINE
  5
ADF
330
17
100
AcDbEntity
  8
GEOMETRY
100
AcDbLine
 10
4.613385826771654
 20
2.130708661417323
 30
0.0
 11
4.613385826771654
 21
2.137007874015748
 31
0.0
  0
LINE
  5
AE0
330
17
100
AcDbEntity
  8
GEOMETRY
100
AcDbLine
 10
4.622047244094488
 20
2.135826771653543
 30
0.0
 11
4.622047244094488
 21
2.1421259842519693
 31
0.0
  0
LINE
  5
AE1
330
17
100
AcDbEntity
  8
GEOMETRY
100
AcDbLine
 10
4.630708661417323
 20
2.1405511811023623
 30
0.0
 11
4.630708661417323
 21
2.14724409448819
 31
0.0
  0
LINE
  5
AE2
330
17
100
AcDbEntity
  8
GEOMETRY
100
AcDbLine
 10
4.639370078740158
 20
2.145669291338583
 30
0.0
 11
4.639370078740158
 21
2.1519685039370087
 31
0.0
  0
LINE
  5
AE3
330
17
100
AcDbEntity
  8
GEOMETRY
100
AcDbLine
 10
4.648031496062992
 20
2.150787401574804
 30
0.0
 11
4.648031496062992
 21
2.1570866141732292
 31
0.0
  0
LINE
  5
AE4
330
17
100
AcDbEntity
  8
GEOMETRY
100
AcDbLine
 10
4.657086614173228
 20
2.1559055118110244
 30
0.0
 11
4.657086614173228
 21
2.1622047244094493
 31
0.0
  0
LINE
  5
AE5
330
17
100
AcDbEntity
  8
GEOMETRY
100
AcDbLine
 10
4.665748031496063
 20
2.1610236220472445
 30
0.0
 11
4.665748031496063
 21
2.16732283464567
 31
0.0
  0
LINE
  5
AE6
330
17
100
AcDbEntity
  8
GEOMETRY
100
AcDbLine
 10
4.674409448818897
 20
2.166141732283465
 30
0.0
 11
4.674409448818897
 21
2.17244094488189
 31
0.0
  0
LINE
  5
AE7
330
17
100
AcDbEntity
  8
GEOMETRY
100
AcDbLine
 10
4.683070866141732
 20
2.170866141732284
 30
0.0
 11
4.683070866141732
 21
2.17755905511811
 31
0.0
  0
LINE
  5
AE8
330
17
100
AcDbEntity
  8
GEOMETRY
100
AcDbLine
 10
4.6917322834645665
 20
2.1759842519685044
 30
0.0
 11
4.6917322834645665
 21
2.1822834645669293
 31
0.0
  0
LINE
  5
AE9
330
17
100
AcDbEntity
  8
GEOMETRY
100
AcDbLine
 10
3.7039370078740155
 20
1.595669291338584
 30
0.0
 11
3.7039370078740155
 21
1.6019685039370077
 31
0.0
  0
LINE
  5
AEA
330
17
100
AcDbEntity
  8
GEOMETRY
100
AcDbLine
 10
3.712992125984252
 20
1.600787401574804
 30
0.0
 11
3.712992125984252
 21
1.607086614173228
 31
0.0
  0
LINE
  5
AEB
330
17
100
AcDbEntity
  8
GEOMETRY
100
AcDbLine
 10
3.7216535433070868
 20
1.6055118110236233
 30
0.0
 11
3.7216535433070868
 21
1.6122047244094484
 31
0.0
  0
LINE
  5
AEC
330
17
100
AcDbEntity
  8
GEOMETRY
100
AcDbLine
 10
3.7303149606299213
 20
1.6106299212598434
 30
0.0
 11
3.7303149606299213
 21
1.6169291338582685
 31
0.0
  0
LINE
  5
AED
330
17
100
AcDbEntity
  8
GEOMETRY
100
AcDbLine
 10
3.738976377952756
 20
1.6157480314960637
 30
0.0
 11
3.738976377952756
 21
1.6220472440944889
 31
0.0
  0
LINE
  5
AEE
330
17
100
AcDbEntity
  8
GEOMETRY
100
AcDbLine
 10
3.7476377952755904
 20
1.620866141732284
 30
0.0
 11
3.7476377952755904
 21
1.6271653543307092
 31
0.0
  0
LINE
  5
AEF
330
17
100
AcDbEntity
  8
GEOMETRY
100
AcDbLine
 10
3.7566929133858267
 20
1.6259842519685044
 30
0.0
 11
3.7566929133858267
 21
1.6322834645669295
 31
0.0
  0
LINE
  5
AF0
330
17
100
AcDbEntity
  8
GEOMETRY
100
AcDbLine
 10
3.765354330708661
 20
1.6311023622047247
 30
0.0
 11
3.765354330708661
 21
1.6374015748031496
 31
0.0
  0
LINE
  5
AF1
330
17
100
AcDbEntity
  8
GEOMETRY
100
AcDbLine
 10
3.774015748031496
 20
1.6358267716535437
 30
0.0
 11
3.774015748031496
 21
1.642519685039371
 31
0.0
  0
LINE
  5
AF2
330
17
100
AcDbEntity
  8
GEOMETRY
100
AcDbLine
 10
3.7826771653543307
 20
1.640944881889764
 30
0.0
 11
3.7826771653543307
 21
1.647244094488189
 31
0.0
  0
LINE
  5
AF3
330
17
100
AcDbEntity
  8
GEOMETRY
100
AcDbLine
 10
3.7913385826771653
 20
1.6460629921259844
 30
0.0
 11
3.7913385826771653
 21
1.6523622047244104
 31
0.0
  0
LINE
  5
AF4
330
17
100
AcDbEntity
  8
GEOMETRY
100
AcDbLine
 10
3.8003937007874016
 20
1.6511811023622058
 30
0.0
 11
3.8003937007874016
 21
1.6574803149606308
 31
0.0
  0
LINE
  5
AF5
330
17
100
AcDbEntity
  8
GEOMETRY
100
AcDbLine
 10
3.809055118110236
 20
1.656299212598426
 30
0.0
 11
3.809055118110236
 21
1.662598425196851
 31
0.0
  0
LINE
  5
AF6
330
17
100
AcDbEntity
  8
GEOMETRY
100
AcDbLine
 10
3.8177165354330707
 20
1.6610236220472452
 30
0.0
 11
3.8177165354330707
 21
1.6677165354330714
 31
0.0
  0
LINE
  5
AF7
330
17
100
AcDbEntity
  8
GEOMETRY
100
AcDbLine
 10
3.826377952755905
 20
1.6661417322834653
 30
0.0
 11
3.826377952755905
 21
1.6724409448818904
 31
0.0
  0
LINE
  5
AF8
330
17
100
AcDbEntity
  8
GEOMETRY
100
AcDbLine
 10
3.83503937007874
 20
1.6712598425196856
 30
0.0
 11
3.83503937007874
 21
1.6775590551181108
 31
0.0
  0
LINE
  5
AF9
330
17
100
AcDbEntity
  8
GEOMETRY
100
AcDbLine
 10
3.8440944881889765
 20
1.676377952755906
 30
0.0
 11
3.8440944881889765
 21
1.682677165354331
 31
0.0
  0
LINE
  5
AFA
330
17
100
AcDbEntity
  8
GEOMETRY
100
AcDbLine
 10
3.852755905511811
 20
1.6814960629921263
 30
0.0
 11
3.852755905511811
 21
1.6877952755905514
 31
0.0
  0
LINE
  5
AFB
330
17
100
AcDbEntity
  8
GEOMETRY
100
AcDbLine
 10
3.8614173228346456
 20
1.6866141732283466
 30
0.0
 11
3.8614173228346456
 21
1.6929133858267715
 31
0.0
  0
LINE
  5
AFC
330
17
100
AcDbEntity
  8
GEOMETRY
100
AcDbLine
 10
3.87007874015748
 20
1.6913385826771656
 30
0.0
 11
3.87007874015748
 21
1.698031496062993
 31
0.0
  0
LINE
  5
AFD
330
17
100
AcDbEntity
  8
GEOMETRY
100
AcDbLine
 10
3.8791338582677164
 20
1.696456692913386
 30
0.0
 11
3.8791338582677164
 21
1.702755905511811
 31
0.0
  0
LINE
  5
AFE
330
17
100
AcDbEntity
  8
GEOMETRY
100
AcDbLine
 10
3.887795275590551
 20
1.7015748031496074
 30
0.0
 11
3.887795275590551
 21
1.7078740157480323
 31
0.0
  0
LINE
  5
AFF
330
17
100
AcDbEntity
  8
GEOMETRY
100
AcDbLine
 10
3.896456692913386
 20
1.7066929133858277
 30
0.0
 11
3.896456692913386
 21
1.7129921259842527
 31
0.0
  0
LINE
  5
B00
330
17
100
AcDbEntity
  8
GEOMETRY
100
AcDbLine
 10
3.9051181102362205
 20
1.7118110236220478
 30
0.0
 11
3.9051181102362205
 21
1.718110236220473
 31
0.0
  0
LINE
  5
B01
330
17
100
AcDbEntity
  8
GEOMETRY
100
AcDbLine
 10
3.913779527559055
 20
1.7169291338582682
 30
0.0
 11
3.913779527559055
 21
1.7232283464566933
 31
0.0
  0
LINE
  5
B02
330
17
100
AcDbEntity
  8
GEOMETRY
100
AcDbLine
 10
3.9228346456692913
 20
1.7216535433070872
 30
0.0
 11
3.9228346456692913
 21
1.7279527559055123
 31
0.0
  0
LINE
  5
B03
330
17
100
AcDbEntity
  8
GEOMETRY
100
AcDbLine
 10
3.931496062992126
 20
1.7267716535433075
 30
0.0
 11
3.931496062992126
 21
1.7330708661417327
 31
0.0
  0
LINE
  5
B04
330
17
100
AcDbEntity
  8
GEOMETRY
100
AcDbLine
 10
3.9401574803149604
 20
1.7318897637795279
 30
0.0
 11
3.9401574803149604
 21
1.738188976377953
 31
0.0
  0
LINE
  5
B05
330
17
100
AcDbEntity
  8
GEOMETRY
100
AcDbLine
 10
3.948818897637795
 20
1.7370078740157482
 30
0.0
 11
3.948818897637795
 21
1.7433070866141733
 31
0.0
  0
LINE
  5
B06
330
17
100
AcDbEntity
  8
GEOMETRY
100
AcDbLine
 10
3.95748031496063
 20
1.7421259842519685
 30
0.0
 11
3.95748031496063
 21
1.7484251968503948
 31
0.0
  0
LINE
  5
B07
330
17
100
AcDbEntity
  8
GEOMETRY
100
AcDbLine
 10
3.966535433070866
 20
1.7468503937007875
 30
0.0
 11
3.966535433070866
 21
1.7535433070866149
 31
0.0
  0
LINE
  5
B08
330
17
100
AcDbEntity
  8
GEOMETRY
100
AcDbLine
 10
3.9751968503937007
 20
1.7519685039370079
 30
0.0
 11
3.9751968503937007
 21
1.7582677165354341
 31
0.0
  0
LINE
  5
B09
330
17
100
AcDbEntity
  8
GEOMETRY
100
AcDbLine
 10
3.9838582677165353
 20
1.7570866141732293
 30
0.0
 11
3.9838582677165353
 21
1.7633858267716542
 31
0.0
  0
LINE
  5
B0A
330
17
100
AcDbEntity
  8
GEOMETRY
100
AcDbLine
 10
3.99251968503937
 20
1.7622047244094496
 30
0.0
 11
3.99251968503937
 21
1.7685039370078746
 31
0.0
  0
LINE
  5
B0B
330
17
100
AcDbEntity
  8
GEOMETRY
100
AcDbLine
 10
4.001181102362205
 20
1.7673228346456697
 30
0.0
 11
4.001181102362205
 21
1.773622047244095
 31
0.0
  0
LINE
  5
B0C
330
17
100
AcDbEntity
  8
GEOMETRY
100
AcDbLine
 10
4.010236220472441
 20
1.77244094488189
 30
0.0
 11
4.010236220472441
 21
1.7787401574803152
 31
0.0
  0
LINE
  5
B0D
330
17
100
AcDbEntity
  8
GEOMETRY
100
AcDbLine
 10
4.018897637795275
 20
1.7771653543307093
 30
0.0
 11
4.018897637795275
 21
1.7834645669291342
 31
0.0
  0
LINE
  5
B0E
330
17
100
AcDbEntity
  8
GEOMETRY
100
AcDbLine
 10
4.02755905511811
 20
1.7822834645669294
 30
0.0
 11
4.02755905511811
 21
1.7885826771653546
 31
0.0
  0
LINE
  5
B0F
330
17
100
AcDbEntity
  8
GEOMETRY
100
AcDbLine
 10
4.036220472440944
 20
1.7874015748031498
 30
0.0
 11
4.036220472440944
 21
1.793700787401575
 31
0.0
  0
LINE
  5
B10
330
17
100
AcDbEntity
  8
GEOMETRY
100
AcDbLine
 10
4.044881889763779
 20
1.79251968503937
 30
0.0
 11
4.044881889763779
 21
1.7988188976377963
 31
0.0
  0
LINE
  5
B11
330
17
100
AcDbEntity
  8
GEOMETRY
100
AcDbLine
 10
4.053937007874016
 20
1.7976377952755915
 30
0.0
 11
4.053937007874016
 21
1.8039370078740167
 31
0.0
  0
LINE
  5
B12
330
17
100
AcDbEntity
  8
GEOMETRY
100
AcDbLine
 10
4.0625984251968505
 20
1.8023622047244094
 30
0.0
 11
4.0625984251968505
 21
1.8090551181102368
 31
0.0
  0
LINE
  5
B13
330
17
100
AcDbEntity
  8
GEOMETRY
100
AcDbLine
 10
4.071259842519685
 20
1.8074803149606309
 30
0.0
 11
4.071259842519685
 21
1.813779527559056
 31
0.0
  0
LINE
  5
B14
330
17
100
AcDbEntity
  8
GEOMETRY
100
AcDbLine
 10
4.07992125984252
 20
1.8125984251968512
 30
0.0
 11
4.07992125984252
 21
1.8188976377952761
 31
0.0
  0
LINE
  5
B15
330
17
100
AcDbEntity
  8
GEOMETRY
100
AcDbLine
 10
4.088582677165354
 20
1.8177165354330715
 30
0.0
 11
4.088582677165354
 21
1.8240157480314965
 31
0.0
  0
LINE
  5
B16
330
17
100
AcDbEntity
  8
GEOMETRY
100
AcDbLine
 10
4.09763779527559
 20
1.8228346456692917
 30
0.0
 11
4.09763779527559
 21
1.8291338582677168
 31
0.0
  0
LINE
  5
B17
330
17
100
AcDbEntity
  8
GEOMETRY
100
AcDbLine
 10
4.106299212598425
 20
1.827952755905512
 30
0.0
 11
4.106299212598425
 21
1.8342519685039371
 31
0.0
  0
LINE
  5
B18
330
17
100
AcDbEntity
  8
GEOMETRY
100
AcDbLine
 10
4.11496062992126
 20
1.8326771653543312
 30
0.0
 11
4.11496062992126
 21
1.8389763779527561
 31
0.0
  0
LINE
  5
B19
330
17
100
AcDbEntity
  8
GEOMETRY
100
AcDbLine
 10
4.123622047244094
 20
1.8377952755905513
 30
0.0
 11
4.123622047244094
 21
1.8440944881889765
 31
0.0
  0
LINE
  5
B1A
330
17
100
AcDbEntity
  8
GEOMETRY
100
AcDbLine
 10
4.132283464566929
 20
1.8429133858267717
 30
0.0
 11
4.132283464566929
 21
1.849212598425198
 31
0.0
  0
LINE
  5
B1B
330
17
100
AcDbEntity
  8
GEOMETRY
100
AcDbLine
 10
4.141338582677165
 20
1.848031496062993
 30
0.0
 11
4.141338582677165
 21
1.8543307086614182
 31
0.0
  0
LINE
  5
B1C
330
17
100
AcDbEntity
  8
GEOMETRY
100
AcDbLine
 10
4.1499999999999995
 20
1.8531496062992134
 30
0.0
 11
4.1499999999999995
 21
1.8594488188976386
 31
0.0
  0
LINE
  5
B1D
330
17
100
AcDbEntity
  8
GEOMETRY
100
AcDbLine
 10
4.1586614173228345
 20
1.8578740157480325
 30
0.0
 11
4.1586614173228345
 21
1.8645669291338587
 31
0.0
  0
LINE
  5
B1E
330
17
100
AcDbEntity
  8
GEOMETRY
100
AcDbLine
 10
4.167322834645669
 20
1.8629921259842528
 30
0.0
 11
4.167322834645669
 21
1.869291338582678
 31
0.0
  0
LINE
  5
B1F
330
17
100
AcDbEntity
  8
GEOMETRY
100
AcDbLine
 10
4.1759842519685035
 20
1.8681102362204731
 30
0.0
 11
4.1759842519685035
 21
1.874409448818898
 31
0.0
  0
LINE
  5
B20
330
17
100
AcDbEntity
  8
GEOMETRY
100
AcDbLine
 10
4.18503937007874
 20
1.8732283464566934
 30
0.0
 11
4.18503937007874
 21
1.8795275590551184
 31
0.0
  0
LINE
  5
B21
330
17
100
AcDbEntity
  8
GEOMETRY
100
AcDbLine
 10
4.193700787401575
 20
1.8783464566929138
 30
0.0
 11
4.193700787401575
 21
1.8846456692913387
 31
0.0
  0
LINE
  5
B22
330
17
100
AcDbEntity
  8
GEOMETRY
100
AcDbLine
 10
4.202362204724409
 20
1.8834645669291339
 30
0.0
 11
4.202362204724409
 21
1.889763779527559
 31
0.0
  0
LINE
  5
B23
330
17
100
AcDbEntity
  8
GEOMETRY
100
AcDbLine
 10
4.211023622047244
 20
1.8881889763779531
 30
0.0
 11
4.211023622047244
 21
1.894488188976378
 31
0.0
  0
LINE
  5
B24
330
17
100
AcDbEntity
  8
GEOMETRY
100
AcDbLine
 10
4.219685039370079
 20
1.8933070866141732
 30
0.0
 11
4.219685039370079
 21
1.8996062992125984
 31
0.0
  0
LINE
  5
B25
330
17
100
AcDbEntity
  8
GEOMETRY
100
AcDbLine
 10
4.228740157480315
 20
1.8984251968503947
 30
0.0
 11
4.228740157480315
 21
1.9047244094488198
 31
0.0
  0
LINE
  5
B26
330
17
100
AcDbEntity
  8
GEOMETRY
100
AcDbLine
 10
4.237401574803149
 20
1.903543307086615
 30
0.0
 11
4.237401574803149
 21
1.9098425196850402
 31
0.0
  0
LINE
  5
B27
330
17
100
AcDbEntity
  8
GEOMETRY
100
AcDbLine
 10
4.246062992125984
 20
1.9086614173228353
 30
0.0
 11
4.246062992125984
 21
1.9149606299212605
 31
0.0
  0
LINE
  5
B28
330
17
100
AcDbEntity
  8
GEOMETRY
100
AcDbLine
 10
4.254724409448818
 20
1.9133858267716544
 30
0.0
 11
4.254724409448818
 21
1.9200787401574806
 31
0.0
  0
LINE
  5
B29
330
17
100
AcDbEntity
  8
GEOMETRY
100
AcDbLine
 10
4.263385826771653
 20
1.9185039370078747
 30
0.0
 11
4.263385826771653
 21
1.9248031496062998
 31
0.0
  0
LINE
  5
B2A
330
17
100
AcDbEntity
  8
GEOMETRY
100
AcDbLine
 10
4.27244094488189
 20
1.923622047244095
 30
0.0
 11
4.27244094488189
 21
1.9299212598425202
 31
0.0
  0
LINE
  5
B2B
330
17
100
AcDbEntity
  8
GEOMETRY
100
AcDbLine
 10
4.281102362204724
 20
1.9287401574803154
 30
0.0
 11
4.281102362204724
 21
1.9350393700787403
 31
0.0
  0
LINE
  5
B2C
330
17
100
AcDbEntity
  8
GEOMETRY
100
AcDbLine
 10
4.289763779527559
 20
1.9338582677165357
 30
0.0
 11
4.289763779527559
 21
1.9401574803149606
 31
0.0
  0
LINE
  5
B2D
330
17
100
AcDbEntity
  8
GEOMETRY
100
AcDbLine
 10
4.298425196850394
 20
1.9389763779527558
 30
0.0
 11
4.298425196850394
 21
1.945275590551182
 31
0.0
  0
LINE
  5
B2E
330
17
100
AcDbEntity
  8
GEOMETRY
100
AcDbLine
 10
4.307086614173229
 20
1.943700787401575
 30
0.0
 11
4.307086614173229
 21
1.95
 31
0.0
  0
LINE
  5
B2F
330
17
100
AcDbEntity
  8
GEOMETRY
100
AcDbLine
 10
4.316141732283464
 20
1.9488188976377951
 30
0.0
 11
4.316141732283464
 21
1.9551181102362214
 31
0.0
  0
LINE
  5
B30
330
17
100
AcDbEntity
  8
GEOMETRY
100
AcDbLine
 10
4.324803149606299
 20
1.9539370078740166
 30
0.0
 11
4.324803149606299
 21
1.9602362204724417
 31
0.0
  0
LINE
  5
B31
330
17
100
AcDbEntity
  8
GEOMETRY
100
AcDbLine
 10
4.333464566929133
 20
1.959055118110237
 30
0.0
 11
4.333464566929133
 21
1.965354330708662
 31
0.0
  0
LINE
  5
B32
330
17
100
AcDbEntity
  8
GEOMETRY
100
AcDbLine
 10
4.342125984251969
 20
1.9641732283464572
 30
0.0
 11
4.342125984251969
 21
1.9704724409448824
 31
0.0
  0
LINE
  5
B33
330
17
100
AcDbEntity
  8
GEOMETRY
100
AcDbLine
 10
4.350787401574803
 20
1.9688976377952763
 30
0.0
 11
4.350787401574803
 21
1.9755905511811025
 31
0.0
  0
LINE
  5
B34
330
17
100
AcDbEntity
  8
GEOMETRY
100
AcDbLine
 10
4.359842519685039
 20
1.9740157480314966
 30
0.0
 11
4.359842519685039
 21
1.9803149606299217
 31
0.0
  0
LINE
  5
B35
330
17
100
AcDbEntity
  8
GEOMETRY
100
AcDbLine
 10
4.3685039370078735
 20
1.979133858267717
 30
0.0
 11
4.3685039370078735
 21
1.985433070866142
 31
0.0
  0
LINE
  5
B36
330
17
100
AcDbEntity
  8
GEOMETRY
100
AcDbLine
 10
4.3771653543307085
 20
1.9842519685039373
 30
0.0
 11
4.3771653543307085
 21
1.9905511811023622
 31
0.0
  0
LINE
  5
B37
330
17
100
AcDbEntity
  8
GEOMETRY
100
AcDbLine
 10
4.3858267716535435
 20
1.9893700787401576
 30
0.0
 11
4.3858267716535435
 21
1.9956692913385836
 31
0.0
  0
LINE
  5
B38
330
17
100
AcDbEntity
  8
GEOMETRY
100
AcDbLine
 10
4.394881889763779
 20
1.9944881889763788
 30
0.0
 11
4.394881889763779
 21
2.000787401574804
 31
0.0
  0
LINE
  5
B39
330
17
100
AcDbEntity
  8
GEOMETRY
100
AcDbLine
 10
4.403543307086614
 20
1.999212598425197
 30
0.0
 11
4.403543307086614
 21
2.005905511811024
 31
0.0
  0
LINE
  5
B3A
330
17
100
AcDbEntity
  8
GEOMETRY
100
AcDbLine
 10
4.412204724409449
 20
2.0043307086614184
 30
0.0
 11
4.412204724409449
 21
2.0106299212598433
 31
0.0
  0
LINE
  5
B3B
330
17
100
AcDbEntity
  8
GEOMETRY
100
AcDbLine
 10
4.420866141732284
 20
2.0094488188976385
 30
0.0
 11
4.420866141732284
 21
2.015748031496064
 31
0.0
  0
LINE
  5
B3C
330
17
100
AcDbEntity
  8
GEOMETRY
100
AcDbLine
 10
4.429527559055118
 20
2.014566929133859
 30
0.0
 11
4.429527559055118
 21
2.020866141732284
 31
0.0
  0
LINE
  5
B3D
330
17
100
AcDbEntity
  8
GEOMETRY
100
AcDbLine
 10
4.438582677165354
 20
2.019685039370079
 30
0.0
 11
4.438582677165354
 21
2.025984251968504
 31
0.0
  0
LINE
  5
B3E
330
17
100
AcDbEntity
  8
GEOMETRY
100
AcDbLine
 10
4.447244094488188
 20
2.0244094488188984
 30
0.0
 11
4.447244094488188
 21
2.0311023622047246
 31
0.0
  0
LINE
  5
B3F
330
17
100
AcDbEntity
  8
GEOMETRY
100
AcDbLine
 10
4.455905511811024
 20
2.0295275590551185
 30
0.0
 11
4.455905511811024
 21
2.0358267716535434
 31
0.0
  0
LINE
  5
B40
330
17
100
AcDbEntity
  8
GEOMETRY
100
AcDbLine
 10
4.464566929133858
 20
2.0346456692913386
 30
0.0
 11
4.464566929133858
 21
2.040944881889764
 31
0.0
  0
LINE
  5
B41
330
17
100
AcDbEntity
  8
GEOMETRY
100
AcDbLine
 10
4.473228346456693
 20
2.039763779527559
 30
0.0
 11
4.473228346456693
 21
2.0460629921259854
 31
0.0
  0
LINE
  5
B42
330
17
100
AcDbEntity
  8
GEOMETRY
100
AcDbLine
 10
4.482283464566929
 20
2.0448818897637806
 30
0.0
 11
4.482283464566929
 21
2.0511811023622055
 31
0.0
  0
LINE
  5
B43
330
17
100
AcDbEntity
  8
GEOMETRY
100
AcDbLine
 10
4.490944881889764
 20
2.0500000000000007
 30
0.0
 11
4.490944881889764
 21
2.056299212598426
 31
0.0
  0
LINE
  5
B44
330
17
100
AcDbEntity
  8
GEOMETRY
100
AcDbLine
 10
4.499606299212599
 20
2.05472440944882
 30
0.0
 11
4.499606299212599
 21
2.061417322834646
 31
0.0
  0
LINE
  5
B45
330
17
100
AcDbEntity
  8
GEOMETRY
100
AcDbLine
 10
4.508267716535433
 20
2.05984251968504
 30
0.0
 11
4.508267716535433
 21
2.0661417322834654
 31
0.0
  0
LINE
  5
B46
330
17
100
AcDbEntity
  8
GEOMETRY
100
AcDbLine
 10
4.516929133858268
 20
2.0649606299212606
 30
0.0
 11
4.516929133858268
 21
2.0712598425196855
 31
0.0
  0
LINE
  5
B47
330
17
100
AcDbEntity
  8
GEOMETRY
100
AcDbLine
 10
4.525984251968504
 20
2.0700787401574807
 30
0.0
 11
4.525984251968504
 21
2.0763779527559056
 31
0.0
  0
LINE
  5
B48
330
17
100
AcDbEntity
  8
GEOMETRY
100
AcDbLine
 10
4.534645669291339
 20
2.0751968503937013
 30
0.0
 11
4.534645669291339
 21
2.081496062992126
 31
0.0
  0
LINE
  5
B49
330
17
100
AcDbEntity
  8
GEOMETRY
100
AcDbLine
 10
4.543307086614173
 20
2.07992125984252
 30
0.0
 11
4.543307086614173
 21
2.0866141732283463
 31
0.0
  0
LINE
  5
B4A
330
17
100
AcDbEntity
  8
GEOMETRY
100
AcDbLine
 10
4.551968503937008
 20
2.0850393700787406
 30
0.0
 11
4.551968503937008
 21
2.0913385826771655
 31
0.0
  0
LINE
  5
B4B
330
17
100
AcDbEntity
  8
GEOMETRY
100
AcDbLine
 10
4.560629921259842
 20
2.0901574803149607
 30
0.0
 11
4.560629921259842
 21
2.0964566929133857
 31
0.0
  0
LINE
  5
B4C
330
17
100
AcDbEntity
  8
GEOMETRY
100
AcDbLine
 10
4.5696850393700785
 20
2.095275590551182
 30
0.0
 11
4.5696850393700785
 21
2.101574803149607
 31
0.0
  0
LINE
  5
B4D
330
17
100
AcDbEntity
  8
GEOMETRY
100
AcDbLine
 10
4.5783464566929135
 20
2.1003937007874023
 30
0.0
 11
4.5783464566929135
 21
2.1066929133858276
 31
0.0
  0
LINE
  5
B4E
330
17
100
AcDbEntity
  8
GEOMETRY
100
AcDbLine
 10
4.5870078740157485
 20
2.105511811023623
 30
0.0
 11
4.5870078740157485
 21
2.1118110236220478
 31
0.0
  0
LINE
  5
B4F
330
17
100
AcDbEntity
  8
GEOMETRY
100
AcDbLine
 10
4.595669291338583
 20
2.1102362204724416
 30
0.0
 11
4.595669291338583
 21
2.1169291338582683
 31
0.0
  0
LINE
  5
B50
330
17
100
AcDbEntity
  8
GEOMETRY
100
AcDbLine
 10
4.604330708661418
 20
2.115354330708662
 30
0.0
 11
4.604330708661418
 21
2.121653543307087
 31
0.0
  0
LINE
  5
B51
330
17
100
AcDbEntity
  8
GEOMETRY
100
AcDbLine
 10
4.613385826771654
 20
2.1204724409448823
 30
0.0
 11
4.613385826771654
 21
2.1267716535433077
 31
0.0
  0
LINE
  5
B52
330
17
100
AcDbEntity
  8
GEOMETRY
100
AcDbLine
 10
4.622047244094488
 20
2.125590551181103
 30
0.0
 11
4.622047244094488
 21
2.1318897637795278
 31
0.0
  0
LINE
  5
B53
330
17
100
AcDbEntity
  8
GEOMETRY
100
AcDbLine
 10
4.630708661417323
 20
2.130708661417323
 30
0.0
 11
4.630708661417323
 21
2.137007874015748
 31
0.0
  0
LINE
  5
B54
330
17
100
AcDbEntity
  8
GEOMETRY
100
AcDbLine
 10
4.639370078740158
 20
2.135433070866142
 30
0.0
 11
4.639370078740158
 21
2.1421259842519693
 31
0.0
  0
LINE
  5
B55
330
17
100
AcDbEntity
  8
GEOMETRY
100
AcDbLine
 10
4.648031496062992
 20
2.1405511811023623
 30
0.0
 11
4.648031496062992
 21
2.1468503937007872
 31
0.0
  0
LINE
  5
B56
330
17
100
AcDbEntity
  8
GEOMETRY
100
AcDbLine
 10
4.657086614173228
 20
2.145669291338583
 30
0.0
 11
4.657086614173228
 21
2.1519685039370087
 31
0.0
  0
LINE
  5
B57
330
17
100
AcDbEntity
  8
GEOMETRY
100
AcDbLine
 10
4.665748031496063
 20
2.150787401574804
 30
0.0
 11
4.665748031496063
 21
2.1570866141732292
 31
0.0
  0
LINE
  5
B58
330
17
100
AcDbEntity
  8
GEOMETRY
100
AcDbLine
 10
4.674409448818897
 20
2.1559055118110244
 30
0.0
 11
4.674409448818897
 21
2.1622047244094493
 31
0.0
  0
LINE
  5
B59
330
17
100
AcDbEntity
  8
GEOMETRY
100
AcDbLine
 10
4.683070866141732
 20
2.1610236220472445
 30
0.0
 11
4.683070866141732
 21
2.16732283464567
 31
0.0
  0
LINE
  5
B5A
330
17
100
AcDbEntity
  8
GEOMETRY
100
AcDbLine
 10
4.6917322834645665
 20
2.1657480314960638
 30
0.0
 11
4.6917322834645665
 21
2.17244094488189
 31
0.0
  0
LINE
  5
B5B
330
17
100
AcDbEntity
  8
GEOMETRY
100
AcDbLine
 10
3.7043307086614172
 20
1.528346456692913
 30
0.0
 11
3.7043307086614172
 21
1.591732283464567
 31
0.0
  0
LINE
  5
B5C
330
17
100
AcDbEntity
  8
GEOMETRY
100
AcDbLine
 10
3.712992125984252
 20
1.5334645669291334
 30
0.0
 11
3.712992125984252
 21
1.5968503937007874
 31
0.0
  0
LINE
  5
B5D
330
17
100
AcDbEntity
  8
GEOMETRY
100
AcDbLine
 10
3.7216535433070868
 20
1.538582677165356
 30
0.0
 11
3.7216535433070868
 21
1.6019685039370077
 31
0.0
  0
LINE
  5
B5E
330
17
100
AcDbEntity
  8
GEOMETRY
100
AcDbLine
 10
3.7303149606299213
 20
1.5437007874015762
 30
0.0
 11
3.7303149606299213
 21
1.607086614173228
 31
0.0
  0
LINE
  5
B5F
330
17
100
AcDbEntity
  8
GEOMETRY
100
AcDbLine
 10
3.7393700787401576
 20
1.5484251968503953
 30
0.0
 11
3.7393700787401576
 21
1.6122047244094484
 31
0.0
  0
LINE
  5
B60
330
17
100
AcDbEntity
  8
GEOMETRY
100
AcDbLine
 10
3.748031496062992
 20
1.5535433070866156
 30
0.0
 11
3.748031496062992
 21
1.6173228346456698
 31
0.0
  0
LINE
  5
B61
330
17
100
AcDbEntity
  8
GEOMETRY
100
AcDbLine
 10
3.7566929133858267
 20
1.558661417322836
 30
0.0
 11
3.7566929133858267
 21
1.5614173228346466
 31
0.0
  0
LINE
  5
B62
330
17
100
AcDbEntity
  8
GEOMETRY
100
AcDbLine
 10
3.7566929133858267
 20
1.57007874015748
 30
0.0
 11
3.7566929133858267
 21
1.6220472440944889
 31
0.0
  0
LINE
  5
B63
330
17
100
AcDbEntity
  8
GEOMETRY
100
AcDbLine
 10
3.765748031496063
 20
1.5637795275590562
 30
0.0
 11
3.765748031496063
 21
1.566535433070867
 31
0.0
  0
LINE
  5
B64
330
17
100
AcDbEntity
  8
GEOMETRY
100
AcDbLine
 10
3.765748031496063
 20
1.5751968503937004
 30
0.0
 11
3.765748031496063
 21
1.6271653543307092
 31
0.0
  0
LINE
  5
B65
330
17
100
AcDbEntity
  8
GEOMETRY
100
AcDbLine
 10
3.774409448818898
 20
1.5688976377952764
 30
0.0
 11
3.774409448818898
 21
1.571259842519686
 31
0.0
  0
LINE
  5
B66
330
17
100
AcDbEntity
  8
GEOMETRY
100
AcDbLine
 10
3.774409448818898
 20
1.5803149606299207
 30
0.0
 11
3.774409448818898
 21
1.6322834645669295
 31
0.0
  0
LINE
  5
B67
330
17
100
AcDbEntity
  8
GEOMETRY
100
AcDbLine
 10
3.7830708661417325
 20
1.5740157480314967
 30
0.0
 11
3.7830708661417325
 21
1.5763779527559063
 31
0.0
  0
LINE
  5
B68
330
17
100
AcDbEntity
  8
GEOMETRY
100
AcDbLine
 10
3.7830708661417325
 20
1.5854330708661433
 30
0.0
 11
3.7830708661417325
 21
1.6374015748031496
 31
0.0
  0
LINE
  5
B69
330
17
100
AcDbEntity
  8
GEOMETRY
100
AcDbLine
 10
3.7921259842519683
 20
1.579133858267717
 30
0.0
 11
3.7921259842519683
 21
1.5814960629921266
 31
0.0
  0
LINE
  5
B6A
330
17
100
AcDbEntity
  8
GEOMETRY
100
AcDbLine
 10
3.7921259842519683
 20
1.5905511811023636
 30
0.0
 11
3.7921259842519683
 21
1.642519685039371
 31
0.0
  0
LINE
  5
B6B
330
17
100
AcDbEntity
  8
GEOMETRY
100
AcDbLine
 10
3.8007874015748033
 20
1.5842519685039373
 30
0.0
 11
3.8007874015748033
 21
1.586614173228347
 31
0.0
  0
LINE
  5
B6C
330
17
100
AcDbEntity
  8
GEOMETRY
100
AcDbLine
 10
3.8007874015748033
 20
1.595669291338584
 30
0.0
 11
3.8007874015748033
 21
1.6476377952755914
 31
0.0
  0
LINE
  5
B6D
330
17
100
AcDbEntity
  8
GEOMETRY
100
AcDbLine
 10
3.809448818897638
 20
1.5889763779527564
 30
0.0
 11
3.809448818897638
 21
1.591732283464567
 31
0.0
  0
LINE
  5
B6E
330
17
100
AcDbEntity
  8
GEOMETRY
100
AcDbLine
 10
3.809448818897638
 20
1.600393700787403
 30
0.0
 11
3.809448818897638
 21
1.6527559055118117
 31
0.0
  0
LINE
  5
B6F
330
17
100
AcDbEntity
  8
GEOMETRY
100
AcDbLine
 10
3.8181102362204724
 20
1.5940944881889767
 30
0.0
 11
3.8181102362204724
 21
1.5968503937007874
 31
0.0
  0
LINE
  5
B70
330
17
100
AcDbEntity
  8
GEOMETRY
100
AcDbLine
 10
3.8181102362204724
 20
1.6055118110236233
 30
0.0
 11
3.8181102362204724
 21
1.657874015748032
 31
0.0
  0
LINE
  5
B71
330
17
100
AcDbEntity
  8
GEOMETRY
100
AcDbLine
 10
3.8271653543307083
 20
1.599212598425197
 30
0.0
 11
3.8271653543307083
 21
1.6019685039370077
 31
0.0
  0
LINE
  5
B72
330
17
100
AcDbEntity
  8
GEOMETRY
100
AcDbLine
 10
3.8271653543307083
 20
1.6106299212598434
 30
0.0
 11
3.8271653543307083
 21
1.662598425196851
 31
0.0
  0
LINE
  5
B73
330
17
100
AcDbEntity
  8
GEOMETRY
100
AcDbLine
 10
3.8358267716535437
 20
1.6043307086614174
 30
0.0
 11
3.8358267716535437
 21
1.6066929133858268
 31
0.0
  0
LINE
  5
B74
330
17
100
AcDbEntity
  8
GEOMETRY
100
AcDbLine
 10
3.8358267716535437
 20
1.6157480314960637
 30
0.0
 11
3.8358267716535437
 21
1.6677165354330714
 31
0.0
  0
LINE
  5
B75
330
17
100
AcDbEntity
  8
GEOMETRY
100
AcDbLine
 10
3.8444881889763782
 20
1.6094488188976377
 30
0.0
 11
3.8444881889763782
 21
1.611811023622047
 31
0.0
  0
LINE
  5
B76
330
17
100
AcDbEntity
  8
GEOMETRY
100
AcDbLine
 10
3.8444881889763782
 20
1.620866141732284
 30
0.0
 11
3.8444881889763782
 21
1.6728346456692917
 31
0.0
  0
LINE
  5
B77
330
17
100
AcDbEntity
  8
GEOMETRY
100
AcDbLine
 10
3.853543307086614
 20
1.614566929133859
 30
0.0
 11
3.853543307086614
 21
1.6169291338582685
 31
0.0
  0
LINE
  5
B78
330
17
100
AcDbEntity
  8
GEOMETRY
100
AcDbLine
 10
3.853543307086614
 20
1.6259842519685044
 30
0.0
 11
3.853543307086614
 21
1.677952755905512
 31
0.0
  0
LINE
  5
B79
330
17
100
AcDbEntity
  8
GEOMETRY
100
AcDbLine
 10
3.8622047244094486
 20
1.6196850393700792
 30
0.0
 11
3.8622047244094486
 21
1.6220472440944889
 31
0.0
  0
LINE
  5
B7A
330
17
100
AcDbEntity
  8
GEOMETRY
100
AcDbLine
 10
3.8622047244094486
 20
1.6311023622047247
 30
0.0
 11
3.8622047244094486
 21
1.6830708661417322
 31
0.0
  0
LINE
  5
B7B
330
17
100
AcDbEntity
  8
GEOMETRY
100
AcDbLine
 10
3.870866141732283
 20
1.6248031496062996
 30
0.0
 11
3.870866141732283
 21
1.6271653543307092
 31
0.0
  0
LINE
  5
B7C
330
17
100
AcDbEntity
  8
GEOMETRY
100
AcDbLine
 10
3.870866141732283
 20
1.636220472440945
 30
0.0
 11
3.870866141732283
 21
1.6881889763779536
 31
0.0
  0
LINE
  5
B7D
330
17
100
AcDbEntity
  8
GEOMETRY
100
AcDbLine
 10
3.879527559055118
 20
1.6295275590551186
 30
0.0
 11
3.879527559055118
 21
1.6322834645669295
 31
0.0
  0
LINE
  5
B7E
330
17
100
AcDbEntity
  8
GEOMETRY
100
AcDbLine
 10
3.879527559055118
 20
1.640944881889764
 30
0.0
 11
3.879527559055118
 21
1.693307086614174
 31
0.0
  0
LINE
  5
B7F
330
17
100
AcDbEntity
  8
GEOMETRY
100
AcDbLine
 10
3.888582677165354
 20
1.634645669291339
 30
0.0
 11
3.888582677165354
 21
1.6374015748031496
 31
0.0
  0
LINE
  5
B80
330
17
100
AcDbEntity
  8
GEOMETRY
100
AcDbLine
 10
3.888582677165354
 20
1.6460629921259844
 30
0.0
 11
3.888582677165354
 21
1.6984251968503943
 31
0.0
  0
LINE
  5
B81
330
17
100
AcDbEntity
  8
GEOMETRY
100
AcDbLine
 10
3.8972440944881885
 20
1.6397637795275593
 30
0.0
 11
3.8972440944881885
 21
1.642519685039371
 31
0.0
  0
LINE
  5
B82
330
17
100
AcDbEntity
  8
GEOMETRY
100
AcDbLine
 10
3.8972440944881885
 20
1.6511811023622058
 30
0.0
 11
3.8972440944881885
 21
1.7031496062992133
 31
0.0
  0
LINE
  5
B83
330
17
100
AcDbEntity
  8
GEOMETRY
100
AcDbLine
 10
3.9059055118110235
 20
1.6448818897637796
 30
0.0
 11
3.9059055118110235
 21
1.647244094488189
 31
0.0
  0
LINE
  5
B84
330
17
100
AcDbEntity
  8
GEOMETRY
100
AcDbLine
 10
3.9059055118110235
 20
1.656299212598426
 30
0.0
 11
3.9059055118110235
 21
1.7082677165354336
 31
0.0
  0
LINE
  5
B85
330
17
100
AcDbEntity
  8
GEOMETRY
100
AcDbLine
 10
3.91496062992126
 20
1.650000000000001
 30
0.0
 11
3.91496062992126
 21
1.6523622047244104
 31
0.0
  0
LINE
  5
B86
330
17
100
AcDbEntity
  8
GEOMETRY
100
AcDbLine
 10
3.91496062992126
 20
1.6614173228346463
 30
0.0
 11
3.91496062992126
 21
1.713385826771654
 31
0.0
  0
LINE
  5
B87
330
17
100
AcDbEntity
  8
GEOMETRY
100
AcDbLine
 10
3.9236220472440944
 20
1.6551181102362214
 30
0.0
 11
3.9236220472440944
 21
1.6574803149606308
 31
0.0
  0
LINE
  5
B88
330
17
100
AcDbEntity
  8
GEOMETRY
100
AcDbLine
 10
3.9236220472440944
 20
1.6665354330708666
 30
0.0
 11
3.9236220472440944
 21
1.7185039370078743
 31
0.0
  0
LINE
  5
B89
330
17
100
AcDbEntity
  8
GEOMETRY
100
AcDbLine
 10
3.932283464566929
 20
1.6602362204724415
 30
0.0
 11
3.932283464566929
 21
1.662598425196851
 31
0.0
  0
LINE
  5
B8A
330
17
100
AcDbEntity
  8
GEOMETRY
100
AcDbLine
 10
3.932283464566929
 20
1.671653543307087
 30
0.0
 11
3.932283464566929
 21
1.7236220472440944
 31
0.0
  0
LINE
  5
B8B
330
17
100
AcDbEntity
  8
GEOMETRY
100
AcDbLine
 10
3.941338582677165
 20
1.6653543307086618
 30
0.0
 11
3.941338582677165
 21
1.6677165354330714
 31
0.0
  0
LINE
  5
B8C
330
17
100
AcDbEntity
  8
GEOMETRY
100
AcDbLine
 10
3.941338582677165
 20
1.6767716535433073
 30
0.0
 11
3.941338582677165
 21
1.7287401574803158
 31
0.0
  0
LINE
  5
B8D
330
17
100
AcDbEntity
  8
GEOMETRY
100
AcDbLine
 10
3.9499999999999997
 20
1.6700787401574808
 30
0.0
 11
3.9499999999999997
 21
1.6728346456692917
 31
0.0
  0
LINE
  5
B8E
330
17
100
AcDbEntity
  8
GEOMETRY
100
AcDbLine
 10
3.9499999999999997
 20
1.6814960629921263
 30
0.0
 11
3.9499999999999997
 21
1.7338582677165362
 31
0.0
  0
LINE
  5
B8F
330
17
100
AcDbEntity
  8
GEOMETRY
100
AcDbLine
 10
3.9586614173228343
 20
1.6751968503937011
 30
0.0
 11
3.9586614173228343
 21
1.677952755905512
 31
0.0
  0
LINE
  5
B90
330
17
100
AcDbEntity
  8
GEOMETRY
100
AcDbLine
 10
3.9586614173228343
 20
1.6866141732283466
 30
0.0
 11
3.9586614173228343
 21
1.7389763779527565
 31
0.0
  0
LINE
  5
B91
330
17
100
AcDbEntity
  8
GEOMETRY
100
AcDbLine
 10
3.9673228346456693
 20
1.6803149606299215
 30
0.0
 11
3.9673228346456693
 21
1.6830708661417322
 31
0.0
  0
LINE
  5
B92
330
17
100
AcDbEntity
  8
GEOMETRY
100
AcDbLine
 10
3.9673228346456693
 20
1.691732283464568
 30
0.0
 11
3.9673228346456693
 21
1.7437007874015755
 31
0.0
  0
LINE
  5
B93
330
17
100
AcDbEntity
  8
GEOMETRY
100
AcDbLine
 10
3.9763779527559056
 20
1.6854330708661418
 30
0.0
 11
3.9763779527559056
 21
1.6877952755905514
 31
0.0
  0
LINE
  5
B94
330
17
100
AcDbEntity
  8
GEOMETRY
100
AcDbLine
 10
3.9763779527559056
 20
1.6968503937007884
 30
0.0
 11
3.9763779527559056
 21
1.7488188976377959
 31
0.0
  0
LINE
  5
B95
330
17
100
AcDbEntity
  8
GEOMETRY
100
AcDbLine
 10
3.98503937007874
 20
1.6905511811023632
 30
0.0
 11
3.98503937007874
 21
1.6929133858267715
 31
0.0
  0
LINE
  5
B96
330
17
100
AcDbEntity
  8
GEOMETRY
100
AcDbLine
 10
3.98503937007874
 20
1.7019685039370085
 30
0.0
 11
3.98503937007874
 21
1.7539370078740162
 31
0.0
  0
LINE
  5
B97
330
17
100
AcDbEntity
  8
GEOMETRY
100
AcDbLine
 10
3.9937007874015746
 20
1.6956692913385836
 30
0.0
 11
3.9937007874015746
 21
1.698031496062993
 31
0.0
  0
LINE
  5
B98
330
17
100
AcDbEntity
  8
GEOMETRY
100
AcDbLine
 10
3.9937007874015746
 20
1.7070866141732288
 30
0.0
 11
3.9937007874015746
 21
1.7590551181102365
 31
0.0
  0
LINE
  5
B99
330
17
100
AcDbEntity
  8
GEOMETRY
100
AcDbLine
 10
4.002755905511811
 20
1.700787401574804
 30
0.0
 11
4.002755905511811
 21
1.7031496062992133
 31
0.0
  0
LINE
  5
B9A
330
17
100
AcDbEntity
  8
GEOMETRY
100
AcDbLine
 10
4.002755905511811
 20
1.7122047244094492
 30
0.0
 11
4.002755905511811
 21
1.7641732283464568
 31
0.0
  0
LINE
  5
B9B
330
17
100
AcDbEntity
  8
GEOMETRY
100
AcDbLine
 10
4.011417322834646
 20
1.705511811023623
 30
0.0
 11
4.011417322834646
 21
1.7082677165354336
 31
0.0
  0
LINE
  5
B9C
330
17
100
AcDbEntity
  8
GEOMETRY
100
AcDbLine
 10
4.011417322834646
 20
1.7173228346456695
 30
0.0
 11
4.011417322834646
 21
1.769291338582678
 31
0.0
  0
LINE
  5
B9D
330
17
100
AcDbEntity
  8
GEOMETRY
100
AcDbLine
 10
4.02007874015748
 20
1.7106299212598433
 30
0.0
 11
4.02007874015748
 21
1.713385826771654
 31
0.0
  0
LINE
  5
B9E
330
17
100
AcDbEntity
  8
GEOMETRY
100
AcDbLine
 10
4.02007874015748
 20
1.7220472440944885
 30
0.0
 11
4.02007874015748
 21
1.7744094488188984
 31
0.0
  0
LINE
  5
B9F
330
17
100
AcDbEntity
  8
GEOMETRY
100
AcDbLine
 10
4.029133858267716
 20
1.7157480314960634
 30
0.0
 11
4.029133858267716
 21
1.7185039370078743
 31
0.0
  0
LINE
  5
BA0
330
17
100
AcDbEntity
  8
GEOMETRY
100
AcDbLine
 10
4.029133858267716
 20
1.7271653543307088
 30
0.0
 11
4.029133858267716
 21
1.7795275590551187
 31
0.0
  0
LINE
  5
BA1
330
17
100
AcDbEntity
  8
GEOMETRY
100
AcDbLine
 10
4.037795275590551
 20
1.7208661417322837
 30
0.0
 11
4.037795275590551
 21
1.7236220472440944
 31
0.0
  0
LINE
  5
BA2
330
17
100
AcDbEntity
  8
GEOMETRY
100
AcDbLine
 10
4.037795275590551
 20
1.7322834645669292
 30
0.0
 11
4.037795275590551
 21
1.7842519685039377
 31
0.0
  0
LINE
  5
BA3
330
17
100
AcDbEntity
  8
GEOMETRY
100
AcDbLine
 10
4.046456692913385
 20
1.725984251968504
 30
0.0
 11
4.046456692913385
 21
1.7283464566929136
 31
0.0
  0
LINE
  5
BA4
330
17
100
AcDbEntity
  8
GEOMETRY
100
AcDbLine
 10
4.046456692913385
 20
1.7374015748031506
 30
0.0
 11
4.046456692913385
 21
1.789370078740158
 31
0.0
  0
LINE
  5
BA5
330
17
100
AcDbEntity
  8
GEOMETRY
100
AcDbLine
 10
4.05511811023622
 20
1.7311023622047255
 30
0.0
 11
4.05511811023622
 21
1.733464566929134
 31
0.0
  0
LINE
  5
BA6
330
17
100
AcDbEntity
  8
GEOMETRY
100
AcDbLine
 10
4.05511811023622
 20
1.7425196850393707
 30
0.0
 11
4.05511811023622
 21
1.7944881889763784
 31
0.0
  0
LINE
  5
BA7
330
17
100
AcDbEntity
  8
GEOMETRY
100
AcDbLine
 10
4.064173228346457
 20
1.7362204724409458
 30
0.0
 11
4.064173228346457
 21
1.7385826771653552
 31
0.0
  0
LINE
  5
BA8
330
17
100
AcDbEntity
  8
GEOMETRY
100
AcDbLine
 10
4.064173228346457
 20
1.747637795275591
 30
0.0
 11
4.064173228346457
 21
1.7996062992125987
 31
0.0
  0
LINE
  5
BA9
330
17
100
AcDbEntity
  8
GEOMETRY
100
AcDbLine
 10
4.072834645669292
 20
1.7413385826771661
 30
0.0
 11
4.072834645669292
 21
1.7437007874015755
 31
0.0
  0
LINE
  5
BAA
330
17
100
AcDbEntity
  8
GEOMETRY
100
AcDbLine
 10
4.072834645669292
 20
1.7527559055118114
 30
0.0
 11
4.072834645669292
 21
1.804724409448819
 31
0.0
  0
LINE
  5
BAB
330
17
100
AcDbEntity
  8
GEOMETRY
100
AcDbLine
 10
4.081496062992126
 20
1.7460629921259851
 30
0.0
 11
4.081496062992126
 21
1.7488188976377959
 31
0.0
  0
LINE
  5
BAC
330
17
100
AcDbEntity
  8
GEOMETRY
100
AcDbLine
 10
4.081496062992126
 20
1.7578740157480317
 30
0.0
 11
4.081496062992126
 21
1.8098425196850405
 31
0.0
  0
LINE
  5
BAD
330
17
100
AcDbEntity
  8
GEOMETRY
100
AcDbLine
 10
4.090551181102362
 20
1.7511811023622055
 30
0.0
 11
4.090551181102362
 21
1.7539370078740162
 31
0.0
  0
LINE
  5
BAE
330
17
100
AcDbEntity
  8
GEOMETRY
100
AcDbLine
 10
4.090551181102362
 20
1.7625984251968507
 30
0.0
 11
4.090551181102362
 21
1.8149606299212606
 31
0.0
  0
LINE
  5
BAF
330
17
100
AcDbEntity
  8
GEOMETRY
100
AcDbLine
 10
4.099212598425197
 20
1.7562992125984258
 30
0.0
 11
4.099212598425197
 21
1.7590551181102365
 31
0.0
  0
LINE
  5
BB0
330
17
100
AcDbEntity
  8
GEOMETRY
100
AcDbLine
 10
4.099212598425197
 20
1.767716535433071
 30
0.0
 11
4.099212598425197
 21
1.820078740157481
 31
0.0
  0
LINE
  5
BB1
330
17
100
AcDbEntity
  8
GEOMETRY
100
AcDbLine
 10
4.107874015748032
 20
1.761417322834646
 30
0.0
 11
4.107874015748032
 21
1.7641732283464568
 31
0.0
  0
LINE
  5
BB2
330
17
100
AcDbEntity
  8
GEOMETRY
100
AcDbLine
 10
4.107874015748032
 20
1.7728346456692914
 30
0.0
 11
4.107874015748032
 21
1.8248031496063002
 31
0.0
  0
LINE
  5
BB3
330
17
100
AcDbEntity
  8
GEOMETRY
100
AcDbLine
 10
4.116535433070866
 20
1.7665354330708662
 30
0.0
 11
4.116535433070866
 21
1.7688976377952759
 31
0.0
  0
LINE
  5
BB4
330
17
100
AcDbEntity
  8
GEOMETRY
100
AcDbLine
 10
4.116535433070866
 20
1.7779527559055128
 30
0.0
 11
4.116535433070866
 21
1.8299212598425203
 31
0.0
  0
LINE
  5
BB5
330
17
100
AcDbEntity
  8
GEOMETRY
100
AcDbLine
 10
4.125590551181102
 20
1.7716535433070866
 30
0.0
 11
4.125590551181102
 21
1.7740157480314962
 31
0.0
  0
LINE
  5
BB6
330
17
100
AcDbEntity
  8
GEOMETRY
100
AcDbLine
 10
4.125590551181102
 20
1.7830708661417332
 30
0.0
 11
4.125590551181102
 21
1.8350393700787406
 31
0.0
  0
LINE
  5
BB7
330
17
100
AcDbEntity
  8
GEOMETRY
100
AcDbLine
 10
4.134251968503937
 20
1.776771653543308
 30
0.0
 11
4.134251968503937
 21
1.7791338582677176
 31
0.0
  0
LINE
  5
BB8
330
17
100
AcDbEntity
  8
GEOMETRY
100
AcDbLine
 10
4.134251968503937
 20
1.7881889763779533
 30
0.0
 11
4.134251968503937
 21
1.840157480314961
 31
0.0
  0
LINE
  5
BB9
330
17
100
AcDbEntity
  8
GEOMETRY
100
AcDbLine
 10
4.1429133858267715
 20
1.7818897637795283
 30
0.0
 11
4.1429133858267715
 21
1.7842519685039377
 31
0.0
  0
LINE
  5
BBA
330
17
100
AcDbEntity
  8
GEOMETRY
100
AcDbLine
 10
4.1429133858267715
 20
1.7933070866141736
 30
0.0
 11
4.1429133858267715
 21
1.8452755905511813
 31
0.0
  0
LINE
  5
BBB
330
17
100
AcDbEntity
  8
GEOMETRY
100
AcDbLine
 10
4.151968503937008
 20
1.7866141732283474
 30
0.0
 11
4.151968503937008
 21
1.789370078740158
 31
0.0
  0
LINE
  5
BBC
330
17
100
AcDbEntity
  8
GEOMETRY
100
AcDbLine
 10
4.151968503937008
 20
1.7980314960629926
 30
0.0
 11
4.151968503937008
 21
1.8503937007874016
 31
0.0
  0
LINE
  5
BBD
330
17
100
AcDbEntity
  8
GEOMETRY
100
AcDbLine
 10
4.160629921259843
 20
1.7917322834645677
 30
0.0
 11
4.160629921259843
 21
1.7944881889763784
 31
0.0
  0
LINE
  5
BBE
330
17
100
AcDbEntity
  8
GEOMETRY
100
AcDbLine
 10
4.160629921259843
 20
1.803149606299213
 30
0.0
 11
4.160629921259843
 21
1.855511811023623
 31
0.0
  0
LINE
  5
BBF
330
17
100
AcDbEntity
  8
GEOMETRY
100
AcDbLine
 10
4.169291338582678
 20
1.796850393700788
 30
0.0
 11
4.169291338582678
 21
1.7996062992125987
 31
0.0
  0
LINE
  5
BC0
330
17
100
AcDbEntity
  8
GEOMETRY
100
AcDbLine
 10
4.169291338582678
 20
1.8082677165354333
 30
0.0
 11
4.169291338582678
 21
1.8606299212598432
 31
0.0
  0
LINE
  5
BC1
330
17
100
AcDbEntity
  8
GEOMETRY
100
AcDbLine
 10
4.178346456692913
 20
1.8019685039370084
 30
0.0
 11
4.178346456692913
 21
1.804724409448819
 31
0.0
  0
LINE
  5
BC2
330
17
100
AcDbEntity
  8
GEOMETRY
100
AcDbLine
 10
4.178346456692913
 20
1.8133858267716536
 30
0.0
 11
4.178346456692913
 21
1.8653543307086624
 31
0.0
  0
LINE
  5
BC3
330
17
100
AcDbEntity
  8
GEOMETRY
100
AcDbLine
 10
4.187007874015748
 20
1.8070866141732285
 30
0.0
 11
4.187007874015748
 21
1.809448818897638
 31
0.0
  0
LINE
  5
BC4
330
17
100
AcDbEntity
  8
GEOMETRY
100
AcDbLine
 10
4.187007874015748
 20
1.818503937007875
 30
0.0
 11
4.187007874015748
 21
1.8704724409448825
 31
0.0
  0
LINE
  5
BC5
330
17
100
AcDbEntity
  8
GEOMETRY
100
AcDbLine
 10
4.195669291338582
 20
1.8122047244094488
 30
0.0
 11
4.195669291338582
 21
1.8145669291338584
 31
0.0
  0
LINE
  5
BC6
330
17
100
AcDbEntity
  8
GEOMETRY
100
AcDbLine
 10
4.195669291338582
 20
1.8236220472440954
 30
0.0
 11
4.195669291338582
 21
1.8755905511811028
 31
0.0
  0
LINE
  5
BC7
330
17
100
AcDbEntity
  8
GEOMETRY
100
AcDbLine
 10
4.204330708661417
 20
1.8173228346456702
 30
0.0
 11
4.204330708661417
 21
1.8196850393700799
 31
0.0
  0
LINE
  5
BC8
330
17
100
AcDbEntity
  8
GEOMETRY
100
AcDbLine
 10
4.204330708661417
 20
1.8287401574803157
 30
0.0
 11
4.204330708661417
 21
1.8807086614173232
 31
0.0
  0
LINE
  5
BC9
330
17
100
AcDbEntity
  8
GEOMETRY
100
AcDbLine
 10
4.2133858267716535
 20
1.8224409448818906
 30
0.0
 11
4.2133858267716535
 21
1.8248031496063002
 31
0.0
  0
LINE
  5
BCA
330
17
100
AcDbEntity
  8
GEOMETRY
100
AcDbLine
 10
4.2133858267716535
 20
1.8338582677165358
 30
0.0
 11
4.2133858267716535
 21
1.8858267716535435
 31
0.0
  0
LINE
  5
BCB
330
17
100
AcDbEntity
  8
GEOMETRY
100
AcDbLine
 10
4.222047244094488
 20
1.8271653543307096
 30
0.0
 11
4.222047244094488
 21
1.8299212598425203
 31
0.0
  0
LINE
  5
BCC
330
17
100
AcDbEntity
  8
GEOMETRY
100
AcDbLine
 10
4.222047244094488
 20
1.838582677165355
 30
0.0
 11
4.222047244094488
 21
1.8909448818897638
 31
0.0
  0
LINE
  5
BCD
330
17
100
AcDbEntity
  8
GEOMETRY
100
AcDbLine
 10
4.230708661417323
 20
1.83228346456693
 30
0.0
 11
4.230708661417323
 21
1.8350393700787406
 31
0.0
  0
LINE
  5
BCE
330
17
100
AcDbEntity
  8
GEOMETRY
100
AcDbLine
 10
4.230708661417323
 20
1.8437007874015752
 30
0.0
 11
4.230708661417323
 21
1.8960629921259853
 31
0.0
  0
LINE
  5
BCF
330
17
100
AcDbEntity
  8
GEOMETRY
100
AcDbLine
 10
4.239763779527559
 20
1.8374015748031503
 30
0.0
 11
4.239763779527559
 21
1.840157480314961
 31
0.0
  0
LINE
  5
BD0
330
17
100
AcDbEntity
  8
GEOMETRY
100
AcDbLine
 10
4.239763779527559
 20
1.8488188976377955
 30
0.0
 11
4.239763779527559
 21
1.9007874015748032
 31
0.0
  0
LINE
  5
BD1
330
17
100
AcDbEntity
  8
GEOMETRY
100
AcDbLine
 10
4.248425196850394
 20
1.8425196850393706
 30
0.0
 11
4.248425196850394
 21
1.8452755905511813
 31
0.0
  0
LINE
  5
BD2
330
17
100
AcDbEntity
  8
GEOMETRY
100
AcDbLine
 10
4.248425196850394
 20
1.8539370078740158
 30
0.0
 11
4.248425196850394
 21
1.9059055118110246
 31
0.0
  0
LINE
  5
BD3
330
17
100
AcDbEntity
  8
GEOMETRY
100
AcDbLine
 10
4.257086614173228
 20
1.8476377952755907
 30
0.0
 11
4.257086614173228
 21
1.8500000000000003
 31
0.0
  0
LINE
  5
BD4
330
17
100
AcDbEntity
  8
GEOMETRY
100
AcDbLine
 10
4.257086614173228
 20
1.8590551181102373
 30
0.0
 11
4.257086614173228
 21
1.911023622047245
 31
0.0
  0
LINE
  5
BD5
330
17
100
AcDbEntity
  8
GEOMETRY
100
AcDbLine
 10
4.266141732283464
 20
1.852755905511811
 30
0.0
 11
4.266141732283464
 21
1.8551181102362206
 31
0.0
  0
LINE
  5
BD6
330
17
100
AcDbEntity
  8
GEOMETRY
100
AcDbLine
 10
4.266141732283464
 20
1.8641732283464576
 30
0.0
 11
4.266141732283464
 21
1.916141732283465
 31
0.0
  0
LINE
  5
BD7
330
17
100
AcDbEntity
  8
GEOMETRY
100
AcDbLine
 10
4.274803149606299
 20
1.8578740157480325
 30
0.0
 11
4.274803149606299
 21
1.860236220472441
 31
0.0
  0
LINE
  5
BD8
330
17
100
AcDbEntity
  8
GEOMETRY
100
AcDbLine
 10
4.274803149606299
 20
1.869291338582678
 30
0.0
 11
4.274803149606299
 21
1.9212598425196854
 31
0.0
  0
LINE
  5
BD9
330
17
100
AcDbEntity
  8
GEOMETRY
100
AcDbLine
 10
4.283464566929133
 20
1.8629921259842528
 30
0.0
 11
4.283464566929133
 21
1.8653543307086624
 31
0.0
  0
LINE
  5
BDA
330
17
100
AcDbEntity
  8
GEOMETRY
100
AcDbLine
 10
4.283464566929133
 20
1.874409448818898
 30
0.0
 11
4.283464566929133
 21
1.9263779527559057
 31
0.0
  0
LINE
  5
BDB
330
17
100
AcDbEntity
  8
GEOMETRY
100
AcDbLine
 10
4.292125984251968
 20
1.8677165354330718
 30
0.0
 11
4.292125984251968
 21
1.8704724409448825
 31
0.0
  0
LINE
  5
BDC
330
17
100
AcDbEntity
  8
GEOMETRY
100
AcDbLine
 10
4.292125984251968
 20
1.8791338582677173
 30
0.0
 11
4.292125984251968
 21
1.931496062992126
 31
0.0
  0
LINE
  5
BDD
330
17
100
AcDbEntity
  8
GEOMETRY
100
AcDbLine
 10
4.301181102362205
 20
1.8728346456692921
 30
0.0
 11
4.301181102362205
 21
1.8755905511811028
 31
0.0
  0
LINE
  5
BDE
330
17
100
AcDbEntity
  8
GEOMETRY
100
AcDbLine
 10
4.301181102362205
 20
1.8842519685039376
 30
0.0
 11
4.301181102362205
 21
1.9366141732283475
 31
0.0
  0
LINE
  5
BDF
330
17
100
AcDbEntity
  8
GEOMETRY
100
AcDbLine
 10
4.30984251968504
 20
1.8779527559055125
 30
0.0
 11
4.30984251968504
 21
1.8807086614173232
 31
0.0
  0
LINE
  5
BE0
330
17
100
AcDbEntity
  8
GEOMETRY
100
AcDbLine
 10
4.30984251968504
 20
1.8893700787401577
 30
0.0
 11
4.30984251968504
 21
1.9413385826771654
 31
0.0
  0
LINE
  5
BE1
330
17
100
AcDbEntity
  8
GEOMETRY
100
AcDbLine
 10
4.318503937007874
 20
1.8830708661417328
 30
0.0
 11
4.318503937007874
 21
1.8858267716535435
 31
0.0
  0
LINE
  5
BE2
330
17
100
AcDbEntity
  8
GEOMETRY
100
AcDbLine
 10
4.318503937007874
 20
1.894488188976378
 30
0.0
 11
4.318503937007874
 21
1.9464566929133869
 31
0.0
  0
LINE
  5
BE3
330
17
100
AcDbEntity
  8
GEOMETRY
100
AcDbLine
 10
4.32755905511811
 20
1.8881889763779531
 30
0.0
 11
4.32755905511811
 21
1.8905511811023625
 31
0.0
  0
LINE
  5
BE4
330
17
100
AcDbEntity
  8
GEOMETRY
100
AcDbLine
 10
4.32755905511811
 20
1.8996062992125984
 30
0.0
 11
4.32755905511811
 21
1.9515748031496072
 31
0.0
  0
LINE
  5
BE5
330
17
100
AcDbEntity
  8
GEOMETRY
100
AcDbLine
 10
4.336220472440945
 20
1.8933070866141732
 30
0.0
 11
4.336220472440945
 21
1.8956692913385829
 31
0.0
  0
LINE
  5
BE6
330
17
100
AcDbEntity
  8
GEOMETRY
100
AcDbLine
 10
4.336220472440945
 20
1.9047244094488198
 30
0.0
 11
4.336220472440945
 21
1.9566929133858275
 31
0.0
  0
LINE
  5
BE7
330
17
100
AcDbEntity
  8
GEOMETRY
100
AcDbLine
 10
4.344881889763779
 20
1.8984251968503947
 30
0.0
 11
4.344881889763779
 21
1.9007874015748032
 31
0.0
  0
LINE
  5
BE8
330
17
100
AcDbEntity
  8
GEOMETRY
100
AcDbLine
 10
4.344881889763779
 20
1.9098425196850402
 30
0.0
 11
4.344881889763779
 21
1.9618110236220476
 31
0.0
  0
LINE
  5
BE9
330
17
100
AcDbEntity
  8
GEOMETRY
100
AcDbLine
 10
4.353937007874015
 20
1.903543307086615
 30
0.0
 11
4.353937007874015
 21
1.9059055118110246
 31
0.0
  0
LINE
  5
BEA
330
17
100
AcDbEntity
  8
GEOMETRY
100
AcDbLine
 10
4.353937007874015
 20
1.9149606299212605
 30
0.0
 11
4.353937007874015
 21
1.966929133858268
 31
0.0
  0
LINE
  5
BEB
330
17
100
AcDbEntity
  8
GEOMETRY
100
AcDbLine
 10
4.36259842519685
 20
1.908267716535434
 30
0.0
 11
4.36259842519685
 21
1.911023622047245
 31
0.0
  0
LINE
  5
BEC
330
17
100
AcDbEntity
  8
GEOMETRY
100
AcDbLine
 10
4.36259842519685
 20
1.9196850393700795
 30
0.0
 11
4.36259842519685
 21
1.9720472440944883
 31
0.0
  0
LINE
  5
BED
330
17
100
AcDbEntity
  8
GEOMETRY
100
AcDbLine
 10
4.371259842519685
 20
1.9133858267716544
 30
0.0
 11
4.371259842519685
 21
1.916141732283465
 31
0.0
  0
LINE
  5
BEE
330
17
100
AcDbEntity
  8
GEOMETRY
100
AcDbLine
 10
4.371259842519685
 20
1.9248031496062998
 30
0.0
 11
4.371259842519685
 21
1.9771653543307097
 31
0.0
  0
LINE
  5
BEF
330
17
100
AcDbEntity
  8
GEOMETRY
100
AcDbLine
 10
4.3799212598425195
 20
1.9185039370078747
 30
0.0
 11
4.3799212598425195
 21
1.9212598425196854
 31
0.0
  0
LINE
  5
BF0
330
17
100
AcDbEntity
  8
GEOMETRY
100
AcDbLine
 10
4.3799212598425195
 20
1.9299212598425202
 30
0.0
 11
4.3799212598425195
 21
1.9818897637795276
 31
0.0
  0
LINE
  5
BF1
330
17
100
AcDbEntity
  8
GEOMETRY
100
AcDbLine
 10
4.388976377952756
 20
1.923622047244095
 30
0.0
 11
4.388976377952756
 21
1.9259842519685046
 31
0.0
  0
LINE
  5
BF2
330
17
100
AcDbEntity
  8
GEOMETRY
100
AcDbLine
 10
4.388976377952756
 20
1.9350393700787403
 30
0.0
 11
4.388976377952756
 21
1.987007874015749
 31
0.0
  0
LINE
  5
BF3
330
17
100
AcDbEntity
  8
GEOMETRY
100
AcDbLine
 10
4.397637795275591
 20
1.9287401574803154
 30
0.0
 11
4.397637795275591
 21
1.9311023622047248
 31
0.0
  0
LINE
  5
BF4
330
17
100
AcDbEntity
  8
GEOMETRY
100
AcDbLine
 10
4.397637795275591
 20
1.9401574803149606
 30
0.0
 11
4.397637795275591
 21
1.9921259842519694
 31
0.0
  0
LINE
  5
BF5
330
17
100
AcDbEntity
  8
GEOMETRY
100
AcDbLine
 10
4.406299212598425
 20
1.9338582677165357
 30
0.0
 11
4.406299212598425
 21
1.936220472440945
 31
0.0
  0
LINE
  5
BF6
330
17
100
AcDbEntity
  8
GEOMETRY
100
AcDbLine
 10
4.406299212598425
 20
1.945275590551182
 30
0.0
 11
4.406299212598425
 21
1.9972440944881897
 31
0.0
  0
LINE
  5
BF7
330
17
100
AcDbEntity
  8
GEOMETRY
100
AcDbLine
 10
4.415354330708662
 20
1.9389763779527558
 30
0.0
 11
4.415354330708662
 21
1.9413385826771654
 31
0.0
  0
LINE
  5
BF8
330
17
100
AcDbEntity
  8
GEOMETRY
100
AcDbLine
 10
4.415354330708662
 20
1.9503937007874024
 30
0.0
 11
4.415354330708662
 21
2.00236220472441
 31
0.0
  0
LINE
  5
BF9
330
17
100
AcDbEntity
  8
GEOMETRY
100
AcDbLine
 10
4.424015748031496
 20
1.9440944881889772
 30
0.0
 11
4.424015748031496
 21
1.9464566929133869
 31
0.0
  0
LINE
  5
BFA
330
17
100
AcDbEntity
  8
GEOMETRY
100
AcDbLine
 10
4.424015748031496
 20
1.9555118110236227
 30
0.0
 11
4.424015748031496
 21
2.00748031496063
 31
0.0
  0
LINE
  5
BFB
330
17
100
AcDbEntity
  8
GEOMETRY
100
AcDbLine
 10
4.432677165354331
 20
1.9488188976377951
 30
0.0
 11
4.432677165354331
 21
1.9515748031496072
 31
0.0
  0
LINE
  5
BFC
330
17
100
AcDbEntity
  8
GEOMETRY
100
AcDbLine
 10
4.432677165354331
 20
1.9602362204724417
 30
0.0
 11
4.432677165354331
 21
2.0125984251968507
 31
0.0
  0
LINE
  5
BFD
330
17
100
AcDbEntity
  8
GEOMETRY
100
AcDbLine
 10
4.441338582677165
 20
1.9539370078740166
 30
0.0
 11
4.441338582677165
 21
1.9566929133858275
 31
0.0
  0
LINE
  5
BFE
330
17
100
AcDbEntity
  8
GEOMETRY
100
AcDbLine
 10
4.441338582677165
 20
1.965354330708662
 30
0.0
 11
4.441338582677165
 21
2.017716535433071
 31
0.0
  0
LINE
  5
BFF
330
17
100
AcDbEntity
  8
GEOMETRY
100
AcDbLine
 10
4.4503937007874015
 20
1.959055118110237
 30
0.0
 11
4.4503937007874015
 21
1.9618110236220476
 31
0.0
  0
LINE
  5
C00
330
17
100
AcDbEntity
  8
GEOMETRY
100
AcDbLine
 10
4.4503937007874015
 20
1.9704724409448824
 30
0.0
 11
4.4503937007874015
 21
2.02244094488189
 31
0.0
  0
LINE
  5
C01
330
17
100
AcDbEntity
  8
GEOMETRY
100
AcDbLine
 10
4.4590551181102365
 20
1.9641732283464572
 30
0.0
 11
4.4590551181102365
 21
1.9665354330708669
 31
0.0
  0
LINE
  5
C02
330
17
100
AcDbEntity
  8
GEOMETRY
100
AcDbLine
 10
4.4590551181102365
 20
1.9755905511811025
 30
0.0
 11
4.4590551181102365
 21
2.02755905511811
 31
0.0
  0
LINE
  5
C03
330
17
100
AcDbEntity
  8
GEOMETRY
100
AcDbLine
 10
4.467716535433071
 20
1.9692913385826776
 30
0.0
 11
4.467716535433071
 21
1.971653543307087
 31
0.0
  0
LINE
  5
C04
330
17
100
AcDbEntity
  8
GEOMETRY
100
AcDbLine
 10
4.467716535433071
 20
1.9807086614173228
 30
0.0
 11
4.467716535433071
 21
2.0326771653543316
 31
0.0
  0
LINE
  5
C05
330
17
100
AcDbEntity
  8
GEOMETRY
100
AcDbLine
 10
4.476771653543307
 20
1.974409448818898
 30
0.0
 11
4.476771653543307
 21
1.9767716535433073
 31
0.0
  0
LINE
  5
C06
330
17
100
AcDbEntity
  8
GEOMETRY
100
AcDbLine
 10
4.476771653543307
 20
1.9858267716535443
 30
0.0
 11
4.476771653543307
 21
2.0377952755905517
 31
0.0
  0
LINE
  5
C07
330
17
100
AcDbEntity
  8
GEOMETRY
100
AcDbLine
 10
4.485433070866142
 20
1.9795275590551182
 30
0.0
 11
4.485433070866142
 21
1.9818897637795276
 31
0.0
  0
LINE
  5
C08
330
17
100
AcDbEntity
  8
GEOMETRY
100
AcDbLine
 10
4.485433070866142
 20
1.9909448818897646
 30
0.0
 11
4.485433070866142
 21
2.0429133858267723
 31
0.0
  0
LINE
  5
C09
330
17
100
AcDbEntity
  8
GEOMETRY
100
AcDbLine
 10
4.494094488188977
 20
1.9846456692913395
 30
0.0
 11
4.494094488188977
 21
1.987007874015749
 31
0.0
  0
LINE
  5
C0A
330
17
100
AcDbEntity
  8
GEOMETRY
100
AcDbLine
 10
4.494094488188977
 20
1.996062992125985
 30
0.0
 11
4.494094488188977
 21
2.0480314960629924
 31
0.0
  0
LINE
  5
C0B
330
17
100
AcDbEntity
  8
GEOMETRY
100
AcDbLine
 10
4.503149606299212
 20
1.9893700787401576
 30
0.0
 11
4.503149606299212
 21
1.9921259842519694
 31
0.0
  0
LINE
  5
C0C
330
17
100
AcDbEntity
  8
GEOMETRY
100
AcDbLine
 10
4.503149606299212
 20
2.000787401574804
 30
0.0
 11
4.503149606299212
 21
2.053149606299213
 31
0.0
  0
LINE
  5
C0D
330
17
100
AcDbEntity
  8
GEOMETRY
100
AcDbLine
 10
4.511811023622047
 20
1.9944881889763788
 30
0.0
 11
4.511811023622047
 21
1.9972440944881897
 31
0.0
  0
LINE
  5
C0E
330
17
100
AcDbEntity
  8
GEOMETRY
100
AcDbLine
 10
4.511811023622047
 20
2.005905511811024
 30
0.0
 11
4.511811023622047
 21
2.058267716535433
 31
0.0
  0
LINE
  5
C0F
330
17
100
AcDbEntity
  8
GEOMETRY
100
AcDbLine
 10
4.520472440944881
 20
1.9996062992125991
 30
0.0
 11
4.520472440944881
 21
2.00236220472441
 31
0.0
  0
LINE
  5
C10
330
17
100
AcDbEntity
  8
GEOMETRY
100
AcDbLine
 10
4.520472440944881
 20
2.0110236220472446
 30
0.0
 11
4.520472440944881
 21
2.0629921259842523
 31
0.0
  0
LINE
  5
C11
330
17
100
AcDbEntity
  8
GEOMETRY
100
AcDbLine
 10
4.529133858267716
 20
2.0047244094488197
 30
0.0
 11
4.529133858267716
 21
2.007086614173229
 31
0.0
  0
LINE
  5
C12
330
17
100
AcDbEntity
  8
GEOMETRY
100
AcDbLine
 10
4.529133858267716
 20
2.0161417322834647
 30
0.0
 11
4.529133858267716
 21
2.0681102362204724
 31
0.0
  0
LINE
  5
C13
330
17
100
AcDbEntity
  8
GEOMETRY
100
AcDbLine
 10
4.538188976377953
 20
2.00984251968504
 30
0.0
 11
4.538188976377953
 21
2.0122047244094494
 31
0.0
  0
LINE
  5
C14
330
17
100
AcDbEntity
  8
GEOMETRY
100
AcDbLine
 10
4.538188976377953
 20
2.0212598425196853
 30
0.0
 11
4.538188976377953
 21
2.073228346456694
 31
0.0
  0
LINE
  5
C15
330
17
100
AcDbEntity
  8
GEOMETRY
100
AcDbLine
 10
4.546850393700787
 20
2.01496062992126
 30
0.0
 11
4.546850393700787
 21
2.0173228346456695
 31
0.0
  0
LINE
  5
C16
330
17
100
AcDbEntity
  8
GEOMETRY
100
AcDbLine
 10
4.546850393700787
 20
2.0263779527559067
 30
0.0
 11
4.546850393700787
 21
2.078346456692914
 31
0.0
  0
LINE
  5
C17
330
17
100
AcDbEntity
  8
GEOMETRY
100
AcDbLine
 10
4.555511811023622
 20
2.0200787401574805
 30
0.0
 11
4.555511811023622
 21
2.02244094488189
 31
0.0
  0
LINE
  5
C18
330
17
100
AcDbEntity
  8
GEOMETRY
100
AcDbLine
 10
4.555511811023622
 20
2.031496062992127
 30
0.0
 11
4.555511811023622
 21
2.0834645669291345
 31
0.0
  0
LINE
  5
C19
330
17
100
AcDbEntity
  8
GEOMETRY
100
AcDbLine
 10
4.564566929133858
 20
2.0248031496062993
 30
0.0
 11
4.564566929133858
 21
2.02755905511811
 31
0.0
  0
LINE
  5
C1A
330
17
100
AcDbEntity
  8
GEOMETRY
100
AcDbLine
 10
4.564566929133858
 20
2.036614173228347
 30
0.0
 11
4.564566929133858
 21
2.0885826771653546
 31
0.0
  0
LINE
  5
C1B
330
17
100
AcDbEntity
  8
GEOMETRY
100
AcDbLine
 10
4.573228346456693
 20
2.02992125984252
 30
0.0
 11
4.573228346456693
 21
2.0326771653543316
 31
0.0
  0
LINE
  5
C1C
330
17
100
AcDbEntity
  8
GEOMETRY
100
AcDbLine
 10
4.573228346456693
 20
2.041338582677166
 30
0.0
 11
4.573228346456693
 21
2.093700787401575
 31
0.0
  0
LINE
  5
C1D
330
17
100
AcDbEntity
  8
GEOMETRY
100
AcDbLine
 10
4.581889763779527
 20
2.0350393700787412
 30
0.0
 11
4.581889763779527
 21
2.0377952755905517
 31
0.0
  0
LINE
  5
C1E
330
17
100
AcDbEntity
  8
GEOMETRY
100
AcDbLine
 10
4.590944881889763
 20
2.0401574803149614
 30
0.0
 11
4.590944881889763
 21
2.1035433070866145
 31
0.0
  0
LINE
  5
C1F
330
17
100
AcDbEntity
  8
GEOMETRY
100
AcDbLine
 10
4.599606299212598
 20
2.045275590551182
 30
0.0
 11
4.599606299212598
 21
2.1086614173228346
 31
0.0
  0
LINE
  5
C20
330
17
100
AcDbEntity
  8
GEOMETRY
100
AcDbLine
 10
4.608267716535433
 20
2.050393700787402
 30
0.0
 11
4.608267716535433
 21
2.113779527559056
 31
0.0
  0
LINE
  5
C21
330
17
100
AcDbEntity
  8
GEOMETRY
100
AcDbLine
 10
4.616929133858267
 20
2.055511811023622
 30
0.0
 11
4.616929133858267
 21
2.1188976377952766
 31
0.0
  0
LINE
  5
C22
330
17
100
AcDbEntity
  8
GEOMETRY
100
AcDbLine
 10
4.625984251968504
 20
2.0606299212598427
 30
0.0
 11
4.625984251968504
 21
2.1240157480314967
 31
0.0
  0
LINE
  5
C23
330
17
100
AcDbEntity
  8
GEOMETRY
100
AcDbLine
 10
3.9263779527559057
 20
1.7519685039370079
 30
0.0
 11
3.9263779527559057
 21
1.7523622047244103
 31
0.0
  0
LINE
  5
C24
330
17
100
AcDbEntity
  8
GEOMETRY
100
AcDbLine
 10
3.9263779527559057
 20
1.7606299212598435
 30
0.0
 11
3.9263779527559057
 21
1.7625984251968507
 31
0.0
  0
LINE
  5
C25
330
17
100
AcDbEntity
  8
GEOMETRY
100
AcDbLine
 10
3.9263779527559057
 20
1.764566929133859
 30
0.0
 11
3.9263779527559057
 21
1.764566929133859
 31
0.0
  0
LINE
  5
C26
330
17
100
AcDbEntity
  8
GEOMETRY
100
AcDbLine
 10
3.9330708661417324
 20
1.755511811023622
 30
0.0
 11
3.9330708661417324
 21
1.7562992125984258
 31
0.0
  0
LINE
  5
C27
330
17
100
AcDbEntity
  8
GEOMETRY
100
AcDbLine
 10
3.9330708661417324
 20
1.764566929133859
 30
0.0
 11
3.9330708661417324
 21
1.7661417322834652
 31
0.0
  0
LINE
  5
C28
330
17
100
AcDbEntity
  8
GEOMETRY
100
AcDbLine
 10
3.9330708661417324
 20
1.7681102362204735
 30
0.0
 11
3.9330708661417324
 21
1.7685039370078746
 31
0.0
  0
LINE
  5
C29
330
17
100
AcDbEntity
  8
GEOMETRY
100
AcDbLine
 10
1.8716535433070867
 20
1.8814960629921267
 30
0.0
 11
1.8716535433070867
 21
2.553937007874016
 31
0.0
  0
LINE
  5
C2A
330
17
100
AcDbEntity
  8
GEOMETRY
100
AcDbLine
 10
1.8716535433070867
 20
2.5578740157480326
 30
0.0
 11
1.8716535433070867
 21
2.560236220472441
 31
0.0
  0
LINE
  5
C2B
330
17
100
AcDbEntity
  8
GEOMETRY
100
AcDbLine
 10
1.8716535433070867
 20
2.5641732283464576
 30
0.0
 11
1.8716535433070867
 21
2.5673228346456693
 31
0.0
  0
LINE
  5
C2C
330
17
100
AcDbEntity
  8
GEOMETRY
100
AcDbLine
 10
1.8807086614173227
 20
1.886614173228347
 30
0.0
 11
1.8807086614173227
 21
2.5488188976377955
 31
0.0
  0
LINE
  5
C2D
330
17
100
AcDbEntity
  8
GEOMETRY
100
AcDbLine
 10
1.8807086614173227
 20
2.552755905511811
 30
0.0
 11
1.8807086614173227
 21
2.555118110236221
 31
0.0
  0
LINE
  5
C2E
330
17
100
AcDbEntity
  8
GEOMETRY
100
AcDbLine
 10
1.8807086614173227
 20
2.559055118110236
 30
0.0
 11
1.8807086614173227
 21
2.5614173228346457
 31
0.0
  0
LINE
  5
C2F
330
17
100
AcDbEntity
  8
GEOMETRY
100
AcDbLine
 10
1.8807086614173227
 20
2.5653543307086624
 30
0.0
 11
1.8807086614173227
 21
2.567716535433072
 31
0.0
  0
LINE
  5
C30
330
17
100
AcDbEntity
  8
GEOMETRY
100
AcDbLine
 10
1.8893700787401573
 20
1.891338582677166
 30
0.0
 11
1.8893700787401573
 21
2.5437007874015753
 31
0.0
  0
LINE
  5
C31
330
17
100
AcDbEntity
  8
GEOMETRY
100
AcDbLine
 10
1.8893700787401573
 20
2.5476377952755906
 30
0.0
 11
1.8893700787401573
 21
2.5500000000000003
 31
0.0
  0
LINE
  5
C32
330
17
100
AcDbEntity
  8
GEOMETRY
100
AcDbLine
 10
1.8893700787401573
 20
2.553937007874016
 30
0.0
 11
1.8893700787401573
 21
2.5562992125984256
 31
0.0
  0
LINE
  5
C33
330
17
100
AcDbEntity
  8
GEOMETRY
100
AcDbLine
 10
1.8893700787401573
 20
2.560236220472441
 30
0.0
 11
1.8893700787401573
 21
2.5625984251968505
 31
0.0
  0
LINE
  5
C34
330
17
100
AcDbEntity
  8
GEOMETRY
100
AcDbLine
 10
1.898031496062992
 20
1.8964566929133864
 30
0.0
 11
1.898031496062992
 21
2.538582677165355
 31
0.0
  0
LINE
  5
C35
330
17
100
AcDbEntity
  8
GEOMETRY
100
AcDbLine
 10
1.898031496062992
 20
2.5425196850393705
 30
0.0
 11
1.898031496062992
 21
2.54488188976378
 31
0.0
  0
LINE
  5
C36
330
17
100
AcDbEntity
  8
GEOMETRY
100
AcDbLine
 10
1.898031496062992
 20
2.5488188976377955
 30
0.0
 11
1.898031496062992
 21
2.551181102362205
 31
0.0
  0
LINE
  5
C37
330
17
100
AcDbEntity
  8
GEOMETRY
100
AcDbLine
 10
1.898031496062992
 20
2.555118110236221
 30
0.0
 11
1.898031496062992
 21
2.5578740157480326
 31
0.0
  0
LINE
  5
C38
330
17
100
AcDbEntity
  8
GEOMETRY
100
AcDbLine
 10
1.9070866141732283
 20
1.9015748031496067
 30
0.0
 11
1.9070866141732283
 21
2.5334645669291347
 31
0.0
  0
LINE
  5
C39
330
17
100
AcDbEntity
  8
GEOMETRY
100
AcDbLine
 10
1.9070866141732283
 20
2.5374015748031504
 30
0.0
 11
1.9070866141732283
 21
2.5397637795275596
 31
0.0
  0
LINE
  5
C3A
330
17
100
AcDbEntity
  8
GEOMETRY
100
AcDbLine
 10
1.9070866141732283
 20
2.5437007874015753
 30
0.0
 11
1.9070866141732283
 21
2.5464566929133863
 31
0.0
  0
LINE
  5
C3B
330
17
100
AcDbEntity
  8
GEOMETRY
100
AcDbLine
 10
1.9070866141732283
 20
2.5500000000000003
 30
0.0
 11
1.9070866141732283
 21
2.552755905511811
 31
0.0
  0
LINE
  5
C3C
330
17
100
AcDbEntity
  8
GEOMETRY
100
AcDbLine
 10
1.9157480314960629
 20
1.906692913385827
 30
0.0
 11
1.9157480314960629
 21
2.5283464566929146
 31
0.0
  0
LINE
  5
C3D
330
17
100
AcDbEntity
  8
GEOMETRY
100
AcDbLine
 10
1.9157480314960629
 20
2.53228346456693
 30
0.0
 11
1.9157480314960629
 21
2.535039370078741
 31
0.0
  0
LINE
  5
C3E
330
17
100
AcDbEntity
  8
GEOMETRY
100
AcDbLine
 10
1.9157480314960629
 20
2.538582677165355
 30
0.0
 11
1.9157480314960629
 21
2.5413385826771657
 31
0.0
  0
LINE
  5
C3F
330
17
100
AcDbEntity
  8
GEOMETRY
100
AcDbLine
 10
1.9157480314960629
 20
2.54488188976378
 30
0.0
 11
1.9157480314960629
 21
2.5476377952755906
 31
0.0
  0
LINE
  5
C40
330
17
100
AcDbEntity
  8
GEOMETRY
100
AcDbLine
 10
1.9244094488188974
 20
1.9118110236220474
 30
0.0
 11
1.9244094488188974
 21
2.5236220472440953
 31
0.0
  0
LINE
  5
C41
330
17
100
AcDbEntity
  8
GEOMETRY
100
AcDbLine
 10
1.9244094488188974
 20
2.5271653543307098
 30
0.0
 11
1.9244094488188974
 21
2.5299212598425203
 31
0.0
  0
LINE
  5
C42
330
17
100
AcDbEntity
  8
GEOMETRY
100
AcDbLine
 10
1.9244094488188974
 20
2.5334645669291347
 30
0.0
 11
1.9244094488188974
 21
2.5362204724409456
 31
0.0
  0
LINE
  5
C43
330
17
100
AcDbEntity
  8
GEOMETRY
100
AcDbLine
 10
1.9244094488188974
 20
2.540157480314961
 30
0.0
 11
1.9244094488188974
 21
2.5425196850393705
 31
0.0
  0
LINE
  5
C44
330
17
100
AcDbEntity
  8
GEOMETRY
100
AcDbLine
 10
1.9330708661417324
 20
1.9169291338582688
 30
0.0
 11
1.9330708661417324
 21
2.5185039370078752
 31
0.0
  0
LINE
  5
C45
330
17
100
AcDbEntity
  8
GEOMETRY
100
AcDbLine
 10
1.9330708661417324
 20
2.5220472440944883
 30
0.0
 11
1.9330708661417324
 21
2.5248031496063
 31
0.0
  0
LINE
  5
C46
330
17
100
AcDbEntity
  8
GEOMETRY
100
AcDbLine
 10
1.9330708661417324
 20
2.5287401574803154
 30
0.0
 11
1.9330708661417324
 21
2.531102362204725
 31
0.0
  0
LINE
  5
C47
330
17
100
AcDbEntity
  8
GEOMETRY
100
AcDbLine
 10
1.9330708661417324
 20
2.535039370078741
 30
0.0
 11
1.9330708661417324
 21
2.5374015748031504
 31
0.0
  0
LINE
  5
C48
330
17
100
AcDbEntity
  8
GEOMETRY
100
AcDbLine
 10
1.9421259842519685
 20
1.922047244094489
 30
0.0
 11
1.9421259842519685
 21
2.513385826771654
 31
0.0
  0
LINE
  5
C49
330
17
100
AcDbEntity
  8
GEOMETRY
100
AcDbLine
 10
1.9421259842519685
 20
2.5173228346456704
 30
0.0
 11
1.9421259842519685
 21
2.5196850393700787
 31
0.0
  0
LINE
  5
C4A
330
17
100
AcDbEntity
  8
GEOMETRY
100
AcDbLine
 10
1.9421259842519685
 20
2.5236220472440953
 30
0.0
 11
1.9421259842519685
 21
2.525984251968505
 31
0.0
  0
LINE
  5
C4B
330
17
100
AcDbEntity
  8
GEOMETRY
100
AcDbLine
 10
1.9421259842519685
 20
2.5299212598425203
 30
0.0
 11
1.9421259842519685
 21
2.53228346456693
 31
0.0
  0
LINE
  5
C4C
330
17
100
AcDbEntity
  8
GEOMETRY
100
AcDbLine
 10
1.950787401574803
 20
1.9271653543307092
 30
0.0
 11
1.950787401574803
 21
2.5082677165354332
 31
0.0
  0
LINE
  5
C4D
330
17
100
AcDbEntity
  8
GEOMETRY
100
AcDbLine
 10
1.950787401574803
 20
2.512204724409449
 30
0.0
 11
1.950787401574803
 21
2.5145669291338586
 31
0.0
  0
LINE
  5
C4E
330
17
100
AcDbEntity
  8
GEOMETRY
100
AcDbLine
 10
1.950787401574803
 20
2.5185039370078752
 30
0.0
 11
1.950787401574803
 21
2.5208661417322835
 31
0.0
  0
LINE
  5
C4F
330
17
100
AcDbEntity
  8
GEOMETRY
100
AcDbLine
 10
1.950787401574803
 20
2.5248031496063
 30
0.0
 11
1.950787401574803
 21
2.5271653543307098
 31
0.0
  0
LINE
  5
C50
330
17
100
AcDbEntity
  8
GEOMETRY
100
AcDbLine
 10
1.9594488188976376
 20
1.9318897637795285
 30
0.0
 11
1.9594488188976376
 21
2.503149606299213
 31
0.0
  0
LINE
  5
C51
330
17
100
AcDbEntity
  8
GEOMETRY
100
AcDbLine
 10
1.9594488188976376
 20
2.5070866141732284
 30
0.0
 11
1.9594488188976376
 21
2.509448818897638
 31
0.0
  0
LINE
  5
C52
330
17
100
AcDbEntity
  8
GEOMETRY
100
AcDbLine
 10
1.9594488188976376
 20
2.513385826771654
 30
0.0
 11
1.9594488188976376
 21
2.515748031496063
 31
0.0
  0
LINE
  5
C53
330
17
100
AcDbEntity
  8
GEOMETRY
100
AcDbLine
 10
1.9594488188976376
 20
2.5196850393700787
 30
0.0
 11
1.9594488188976376
 21
2.5220472440944883
 31
0.0
  0
LINE
  5
C54
330
17
100
AcDbEntity
  8
GEOMETRY
100
AcDbLine
 10
1.9594488188976376
 20
2.6090551181102364
 30
0.0
 11
1.9594488188976376
 21
2.6110236220472447
 31
0.0
  0
LINE
  5
C55
330
17
100
AcDbEntity
  8
GEOMETRY
100
AcDbLine
 10
1.968503937007874
 20
1.9370078740157486
 30
0.0
 11
1.968503937007874
 21
2.4980314960629926
 31
0.0
  0
LINE
  5
C56
330
17
100
AcDbEntity
  8
GEOMETRY
100
AcDbLine
 10
1.968503937007874
 20
2.5019685039370083
 30
0.0
 11
1.968503937007874
 21
2.504330708661418
 31
0.0
  0
LINE
  5
C57
330
17
100
AcDbEntity
  8
GEOMETRY
100
AcDbLine
 10
1.968503937007874
 20
2.5082677165354332
 30
0.0
 11
1.968503937007874
 21
2.510629921259843
 31
0.0
  0
LINE
  5
C58
330
17
100
AcDbEntity
  8
GEOMETRY
100
AcDbLine
 10
1.968503937007874
 20
2.5145669291338586
 30
0.0
 11
1.968503937007874
 21
2.5173228346456704
 31
0.0
  0
LINE
  5
C59
330
17
100
AcDbEntity
  8
GEOMETRY
100
AcDbLine
 10
1.968503937007874
 20
2.6043307086614176
 30
0.0
 11
1.968503937007874
 21
2.6059055118110246
 31
0.0
  0
LINE
  5
C5A
330
17
100
AcDbEntity
  8
GEOMETRY
100
AcDbLine
 10
1.968503937007874
 20
2.614173228346457
 30
0.0
 11
1.968503937007874
 21
2.6161417322834652
 31
0.0
  0
LINE
  5
C5B
330
17
100
AcDbEntity
  8
GEOMETRY
100
AcDbLine
 10
1.9771653543307086
 20
1.942125984251969
 30
0.0
 11
1.9771653543307086
 21
2.4929133858267725
 31
0.0
  0
LINE
  5
C5C
330
17
100
AcDbEntity
  8
GEOMETRY
100
AcDbLine
 10
1.9771653543307086
 20
2.496850393700788
 30
0.0
 11
1.9771653543307086
 21
2.4992125984251974
 31
0.0
  0
LINE
  5
C5D
330
17
100
AcDbEntity
  8
GEOMETRY
100
AcDbLine
 10
1.9771653543307086
 20
2.503149606299213
 30
0.0
 11
1.9771653543307086
 21
2.5059055118110236
 31
0.0
  0
LINE
  5
C5E
330
17
100
AcDbEntity
  8
GEOMETRY
100
AcDbLine
 10
1.9771653543307086
 20
2.509448818897638
 30
0.0
 11
1.9771653543307086
 21
2.512204724409449
 31
0.0
  0
LINE
  5
C5F
330
17
100
AcDbEntity
  8
GEOMETRY
100
AcDbLine
 10
1.9771653543307086
 20
2.599212598425197
 30
0.0
 11
1.9771653543307086
 21
2.600787401574803
 31
0.0
  0
LINE
  5
C60
330
17
100
AcDbEntity
  8
GEOMETRY
100
AcDbLine
 10
1.9771653543307086
 20
2.6094488188976377
 30
0.0
 11
1.9771653543307086
 21
2.6110236220472447
 31
0.0
  0
LINE
  5
C61
330
17
100
AcDbEntity
  8
GEOMETRY
100
AcDbLine
 10
1.9771653543307086
 20
2.619291338582677
 30
0.0
 11
1.9771653543307086
 21
2.6212598425196854
 31
0.0
  0
LINE
  5
C62
330
17
100
AcDbEntity
  8
GEOMETRY
100
AcDbLine
 10
1.9771653543307086
 20
2.6232283464566937
 30
0.0
 11
1.9771653543307086
 21
2.6232283464566937
 31
0.0
  0
LINE
  5
C63
330
17
100
AcDbEntity
  8
GEOMETRY
100
AcDbLine
 10
1.9858267716535432
 20
1.9472440944881892
 30
0.0
 11
1.9858267716535432
 21
2.4877952755905524
 31
0.0
  0
LINE
  5
C64
330
17
100
AcDbEntity
  8
GEOMETRY
100
AcDbLine
 10
1.9858267716535432
 20
2.4917322834645677
 30
0.0
 11
1.9858267716535432
 21
2.4944881889763786
 31
0.0
  0
LINE
  5
C65
330
17
100
AcDbEntity
  8
GEOMETRY
100
AcDbLine
 10
1.9858267716535432
 20
2.4980314960629926
 30
0.0
 11
1.9858267716535432
 21
2.5007874015748035
 31
0.0
  0
LINE
  5
C66
330
17
100
AcDbEntity
  8
GEOMETRY
100
AcDbLine
 10
1.9858267716535432
 20
2.504330708661418
 30
0.0
 11
1.9858267716535432
 21
2.5070866141732284
 31
0.0
  0
LINE
  5
C67
330
17
100
AcDbEntity
  8
GEOMETRY
100
AcDbLine
 10
1.9858267716535432
 20
2.594094488188977
 30
0.0
 11
1.9858267716535432
 21
2.595669291338583
 31
0.0
  0
LINE
  5
C68
330
17
100
AcDbEntity
  8
GEOMETRY
100
AcDbLine
 10
1.9858267716535432
 20
2.6043307086614176
 30
0.0
 11
1.9858267716535432
 21
2.6059055118110246
 31
0.0
  0
LINE
  5
C69
330
17
100
AcDbEntity
  8
GEOMETRY
100
AcDbLine
 10
1.9858267716535432
 20
2.614173228346457
 30
0.0
 11
1.9858267716535432
 21
2.6161417322834652
 31
0.0
  0
LINE
  5
C6A
330
17
100
AcDbEntity
  8
GEOMETRY
100
AcDbLine
 10
1.9858267716535432
 20
2.6181102362204722
 30
0.0
 11
1.9858267716535432
 21
2.6181102362204722
 31
0.0
  0
LINE
  5
C6B
330
17
100
AcDbEntity
  8
GEOMETRY
100
AcDbLine
 10
1.9948818897637797
 20
1.9523622047244096
 30
0.0
 11
1.9948818897637797
 21
2.483070866141733
 31
0.0
  0
LINE
  5
C6C
330
17
100
AcDbEntity
  8
GEOMETRY
100
AcDbLine
 10
1.9948818897637797
 20
2.4866141732283475
 30
0.0
 11
1.9948818897637797
 21
2.489370078740158
 31
0.0
  0
LINE
  5
C6D
330
17
100
AcDbEntity
  8
GEOMETRY
100
AcDbLine
 10
1.9948818897637797
 20
2.4929133858267725
 30
0.0
 11
1.9948818897637797
 21
2.4956692913385834
 31
0.0
  0
LINE
  5
C6E
330
17
100
AcDbEntity
  8
GEOMETRY
100
AcDbLine
 10
1.9948818897637797
 20
2.4996062992125987
 30
0.0
 11
1.9948818897637797
 21
2.5019685039370083
 31
0.0
  0
LINE
  5
C6F
330
17
100
AcDbEntity
  8
GEOMETRY
100
AcDbLine
 10
1.9948818897637797
 20
2.588976377952757
 30
0.0
 11
1.9948818897637797
 21
2.5905511811023625
 31
0.0
  0
LINE
  5
C70
330
17
100
AcDbEntity
  8
GEOMETRY
100
AcDbLine
 10
1.9948818897637797
 20
2.599212598425197
 30
0.0
 11
1.9948818897637797
 21
2.600787401574803
 31
0.0
  0
LINE
  5
C71
330
17
100
AcDbEntity
  8
GEOMETRY
100
AcDbLine
 10
1.9948818897637797
 20
2.6094488188976377
 30
0.0
 11
1.9948818897637797
 21
2.6110236220472447
 31
0.0
  0
LINE
  5
C72
330
17
100
AcDbEntity
  8
GEOMETRY
100
AcDbLine
 10
1.9948818897637797
 20
2.612992125984252
 30
0.0
 11
1.9948818897637797
 21
2.612992125984252
 31
0.0
  0
LINE
  5
C73
330
17
100
AcDbEntity
  8
GEOMETRY
100
AcDbLine
 10
2.003543307086614
 20
1.957480314960631
 30
0.0
 11
2.003543307086614
 21
2.477952755905513
 31
0.0
  0
LINE
  5
C74
330
17
100
AcDbEntity
  8
GEOMETRY
100
AcDbLine
 10
2.003543307086614
 20
2.481496062992126
 30
0.0
 11
2.003543307086614
 21
2.484251968503938
 31
0.0
  0
LINE
  5
C75
330
17
100
AcDbEntity
  8
GEOMETRY
100
AcDbLine
 10
2.003543307086614
 20
2.488188976377953
 30
0.0
 11
2.003543307086614
 21
2.490551181102363
 31
0.0
  0
LINE
  5
C76
330
17
100
AcDbEntity
  8
GEOMETRY
100
AcDbLine
 10
2.003543307086614
 20
2.4944881889763786
 30
0.0
 11
2.003543307086614
 21
2.496850393700788
 31
0.0
  0
LINE
  5
C77
330
17
100
AcDbEntity
  8
GEOMETRY
100
AcDbLine
 10
2.003543307086614
 20
2.5838582677165363
 30
0.0
 11
2.003543307086614
 21
2.5858267716535437
 31
0.0
  0
LINE
  5
C78
330
17
100
AcDbEntity
  8
GEOMETRY
100
AcDbLine
 10
2.003543307086614
 20
2.594094488188977
 30
0.0
 11
2.003543307086614
 21
2.595669291338583
 31
0.0
  0
LINE
  5
C79
330
17
100
AcDbEntity
  8
GEOMETRY
100
AcDbLine
 10
2.003543307086614
 20
2.6043307086614176
 30
0.0
 11
2.003543307086614
 21
2.6059055118110246
 31
0.0
  0
LINE
  5
C7A
330
17
100
AcDbEntity
  8
GEOMETRY
100
AcDbLine
 10
2.003543307086614
 20
2.607874015748032
 30
0.0
 11
2.003543307086614
 21
2.607874015748032
 31
0.0
  0
LINE
  5
C7B
330
17
100
AcDbEntity
  8
GEOMETRY
100
AcDbLine
 10
2.012204724409449
 20
1.9625984251968513
 30
0.0
 11
2.012204724409449
 21
2.4728346456692916
 31
0.0
  0
LINE
  5
C7C
330
17
100
AcDbEntity
  8
GEOMETRY
100
AcDbLine
 10
2.012204724409449
 20
2.476771653543308
 30
0.0
 11
2.012204724409449
 21
2.4791338582677174
 31
0.0
  0
LINE
  5
C7D
330
17
100
AcDbEntity
  8
GEOMETRY
100
AcDbLine
 10
2.012204724409449
 20
2.483070866141733
 30
0.0
 11
2.012204724409449
 21
2.4854330708661427
 31
0.0
  0
LINE
  5
C7E
330
17
100
AcDbEntity
  8
GEOMETRY
100
AcDbLine
 10
2.012204724409449
 20
2.489370078740158
 30
0.0
 11
2.012204724409449
 21
2.4917322834645677
 31
0.0
  0
LINE
  5
C7F
330
17
100
AcDbEntity
  8
GEOMETRY
100
AcDbLine
 10
2.012204724409449
 20
2.578740157480315
 30
0.0
 11
2.012204724409449
 21
2.580708661417323
 31
0.0
  0
LINE
  5
C80
330
17
100
AcDbEntity
  8
GEOMETRY
100
AcDbLine
 10
2.012204724409449
 20
2.588976377952757
 30
0.0
 11
2.012204724409449
 21
2.590944881889764
 31
0.0
  0
LINE
  5
C81
330
17
100
AcDbEntity
  8
GEOMETRY
100
AcDbLine
 10
2.012204724409449
 20
2.599212598425197
 30
0.0
 11
2.012204724409449
 21
2.600787401574803
 31
0.0
  0
LINE
  5
C82
330
17
100
AcDbEntity
  8
GEOMETRY
100
AcDbLine
 10
2.012204724409449
 20
2.6027559055118115
 30
0.0
 11
2.012204724409449
 21
2.6031496062992128
 31
0.0
  0
LINE
  5
C83
330
17
100
AcDbEntity
  8
GEOMETRY
100
AcDbLine
 10
2.0208661417322835
 20
1.9677165354330715
 30
0.0
 11
2.0208661417322835
 21
2.467716535433071
 31
0.0
  0
LINE
  5
C84
330
17
100
AcDbEntity
  8
GEOMETRY
100
AcDbLine
 10
2.0208661417322835
 20
2.4716535433070868
 30
0.0
 11
2.0208661417322835
 21
2.4740157480314964
 31
0.0
  0
LINE
  5
C85
330
17
100
AcDbEntity
  8
GEOMETRY
100
AcDbLine
 10
2.0208661417322835
 20
2.477952755905513
 30
0.0
 11
2.0208661417322835
 21
2.4803149606299213
 31
0.0
  0
LINE
  5
C86
330
17
100
AcDbEntity
  8
GEOMETRY
100
AcDbLine
 10
2.0208661417322835
 20
2.484251968503938
 30
0.0
 11
2.0208661417322835
 21
2.4866141732283475
 31
0.0
  0
LINE
  5
C87
330
17
100
AcDbEntity
  8
GEOMETRY
100
AcDbLine
 10
2.0208661417322835
 20
2.5736220472440947
 30
0.0
 11
2.0208661417322835
 21
2.575590551181103
 31
0.0
  0
LINE
  5
C88
330
17
100
AcDbEntity
  8
GEOMETRY
100
AcDbLine
 10
2.0208661417322835
 20
2.5838582677165363
 30
0.0
 11
2.0208661417322835
 21
2.5858267716535437
 31
0.0
  0
LINE
  5
C89
330
17
100
AcDbEntity
  8
GEOMETRY
100
AcDbLine
 10
2.0208661417322835
 20
2.594094488188977
 30
0.0
 11
2.0208661417322835
 21
2.595669291338583
 31
0.0
  0
LINE
  5
C8A
330
17
100
AcDbEntity
  8
GEOMETRY
100
AcDbLine
 10
2.0208661417322835
 20
2.5976377952755914
 30
0.0
 11
2.0208661417322835
 21
2.5980314960629927
 31
0.0
  0
LINE
  5
C8B
330
17
100
AcDbEntity
  8
GEOMETRY
100
AcDbLine
 10
2.02992125984252
 20
1.9724409448818907
 30
0.0
 11
2.02992125984252
 21
2.462598425196851
 31
0.0
  0
LINE
  5
C8C
330
17
100
AcDbEntity
  8
GEOMETRY
100
AcDbLine
 10
2.02992125984252
 20
2.466535433070866
 30
0.0
 11
2.02992125984252
 21
2.468897637795276
 31
0.0
  0
LINE
  5
C8D
330
17
100
AcDbEntity
  8
GEOMETRY
100
AcDbLine
 10
2.02992125984252
 20
2.4728346456692916
 30
0.0
 11
2.02992125984252
 21
2.4751968503937007
 31
0.0
  0
LINE
  5
C8E
330
17
100
AcDbEntity
  8
GEOMETRY
100
AcDbLine
 10
2.02992125984252
 20
2.4791338582677174
 30
0.0
 11
2.02992125984252
 21
2.4818897637795283
 31
0.0
  0
LINE
  5
C8F
330
17
100
AcDbEntity
  8
GEOMETRY
100
AcDbLine
 10
2.02992125984252
 20
2.568503937007874
 30
0.0
 11
2.02992125984252
 21
2.5704724409448825
 31
0.0
  0
LINE
  5
C90
330
17
100
AcDbEntity
  8
GEOMETRY
100
AcDbLine
 10
2.02992125984252
 20
2.578740157480315
 30
0.0
 11
2.02992125984252
 21
2.580708661417323
 31
0.0
  0
LINE
  5
C91
330
17
100
AcDbEntity
  8
GEOMETRY
100
AcDbLine
 10
2.02992125984252
 20
2.588976377952757
 30
0.0
 11
2.02992125984252
 21
2.590944881889764
 31
0.0
  0
LINE
  5
C92
330
17
100
AcDbEntity
  8
GEOMETRY
100
AcDbLine
 10
2.02992125984252
 20
2.592519685039371
 30
0.0
 11
2.02992125984252
 21
2.592913385826772
 31
0.0
  0
LINE
  5
C93
330
17
100
AcDbEntity
  8
GEOMETRY
100
AcDbLine
 10
2.0385826771653544
 20
1.977559055118111
 30
0.0
 11
2.0385826771653544
 21
2.4574803149606304
 31
0.0
  0
LINE
  5
C94
330
17
100
AcDbEntity
  8
GEOMETRY
100
AcDbLine
 10
2.0385826771653544
 20
2.461417322834646
 30
0.0
 11
2.0385826771653544
 21
2.4637795275590557
 31
0.0
  0
LINE
  5
C95
330
17
100
AcDbEntity
  8
GEOMETRY
100
AcDbLine
 10
2.0385826771653544
 20
2.467716535433071
 30
0.0
 11
2.0385826771653544
 21
2.470472440944882
 31
0.0
  0
LINE
  5
C96
330
17
100
AcDbEntity
  8
GEOMETRY
100
AcDbLine
 10
2.0385826771653544
 20
2.4740157480314964
 30
0.0
 11
2.0385826771653544
 21
2.476771653543308
 31
0.0
  0
LINE
  5
C97
330
17
100
AcDbEntity
  8
GEOMETRY
100
AcDbLine
 10
2.0385826771653544
 20
2.5637795275590554
 30
0.0
 11
2.0385826771653544
 21
2.5653543307086624
 31
0.0
  0
LINE
  5
C98
330
17
100
AcDbEntity
  8
GEOMETRY
100
AcDbLine
 10
2.0385826771653544
 20
2.5736220472440947
 30
0.0
 11
2.0385826771653544
 21
2.575590551181103
 31
0.0
  0
LINE
  5
C99
330
17
100
AcDbEntity
  8
GEOMETRY
100
AcDbLine
 10
2.0385826771653544
 20
2.5838582677165363
 30
0.0
 11
2.0385826771653544
 21
2.5858267716535437
 31
0.0
  0
LINE
  5
C9A
330
17
100
AcDbEntity
  8
GEOMETRY
100
AcDbLine
 10
2.0385826771653544
 20
2.587795275590552
 30
0.0
 11
2.0385826771653544
 21
2.587795275590552
 31
0.0
  0
LINE
  5
C9B
330
17
100
AcDbEntity
  8
GEOMETRY
100
AcDbLine
 10
2.047244094488189
 20
1.9826771653543311
 30
0.0
 11
2.047244094488189
 21
2.4523622047244102
 31
0.0
  0
LINE
  5
C9C
330
17
100
AcDbEntity
  8
GEOMETRY
100
AcDbLine
 10
2.047244094488189
 20
2.4562992125984255
 30
0.0
 11
2.047244094488189
 21
2.4590551181102365
 31
0.0
  0
LINE
  5
C9D
330
17
100
AcDbEntity
  8
GEOMETRY
100
AcDbLine
 10
2.047244094488189
 20
2.462598425196851
 30
0.0
 11
2.047244094488189
 21
2.4653543307086614
 31
0.0
  0
LINE
  5
C9E
330
17
100
AcDbEntity
  8
GEOMETRY
100
AcDbLine
 10
2.047244094488189
 20
2.468897637795276
 30
0.0
 11
2.047244094488189
 21
2.4716535433070868
 31
0.0
  0
LINE
  5
C9F
330
17
100
AcDbEntity
  8
GEOMETRY
100
AcDbLine
 10
2.047244094488189
 20
2.558661417322835
 30
0.0
 11
2.047244094488189
 21
2.560236220472441
 31
0.0
  0
LINE
  5
CA0
330
17
100
AcDbEntity
  8
GEOMETRY
100
AcDbLine
 10
2.047244094488189
 20
2.5688976377952755
 30
0.0
 11
2.047244094488189
 21
2.5704724409448825
 31
0.0
  0
LINE
  5
CA1
330
17
100
AcDbEntity
  8
GEOMETRY
100
AcDbLine
 10
2.047244094488189
 20
2.578740157480315
 30
0.0
 11
2.047244094488189
 21
2.580708661417323
 31
0.0
  0
LINE
  5
CA2
330
17
100
AcDbEntity
  8
GEOMETRY
100
AcDbLine
 10
2.047244094488189
 20
2.5826771653543314
 30
0.0
 11
2.047244094488189
 21
2.5826771653543314
 31
0.0
  0
LINE
  5
CA3
330
17
100
AcDbEntity
  8
GEOMETRY
100
AcDbLine
 10
2.056299212598425
 20
1.9877952755905515
 30
0.0
 11
2.056299212598425
 21
2.447637795275591
 31
0.0
  0
LINE
  5
CA4
330
17
100
AcDbEntity
  8
GEOMETRY
100
AcDbLine
 10
2.056299212598425
 20
2.4511811023622054
 30
0.0
 11
2.056299212598425
 21
2.4539370078740164
 31
0.0
  0
LINE
  5
CA5
330
17
100
AcDbEntity
  8
GEOMETRY
100
AcDbLine
 10
2.056299212598425
 20
2.4574803149606304
 30
0.0
 11
2.056299212598425
 21
2.4602362204724413
 31
0.0
  0
LINE
  5
CA6
330
17
100
AcDbEntity
  8
GEOMETRY
100
AcDbLine
 10
2.056299212598425
 20
2.4637795275590557
 30
0.0
 11
2.056299212598425
 21
2.466535433070866
 31
0.0
  0
LINE
  5
CA7
330
17
100
AcDbEntity
  8
GEOMETRY
100
AcDbLine
 10
2.056299212598425
 20
2.5535433070866147
 30
0.0
 11
2.056299212598425
 21
2.555118110236221
 31
0.0
  0
LINE
  5
CA8
330
17
100
AcDbEntity
  8
GEOMETRY
100
AcDbLine
 10
2.056299212598425
 20
2.5637795275590554
 30
0.0
 11
2.056299212598425
 21
2.5653543307086624
 31
0.0
  0
LINE
  5
CA9
330
17
100
AcDbEntity
  8
GEOMETRY
100
AcDbLine
 10
2.056299212598425
 20
2.5736220472440947
 30
0.0
 11
2.056299212598425
 21
2.575590551181103
 31
0.0
  0
LINE
  5
CAA
330
17
100
AcDbEntity
  8
GEOMETRY
100
AcDbLine
 10
2.056299212598425
 20
2.5775590551181113
 30
0.0
 11
2.056299212598425
 21
2.5775590551181113
 31
0.0
  0
LINE
  5
CAB
330
17
100
AcDbEntity
  8
GEOMETRY
100
AcDbLine
 10
2.0649606299212597
 20
1.9929133858267718
 30
0.0
 11
2.0649606299212597
 21
2.442519685039371
 31
0.0
  0
LINE
  5
CAC
330
17
100
AcDbEntity
  8
GEOMETRY
100
AcDbLine
 10
2.0649606299212597
 20
2.4460629921259853
 30
0.0
 11
2.0649606299212597
 21
2.448818897637796
 31
0.0
  0
LINE
  5
CAD
330
17
100
AcDbEntity
  8
GEOMETRY
100
AcDbLine
 10
2.0649606299212597
 20
2.4523622047244102
 30
0.0
 11
2.0649606299212597
 21
2.455118110236221
 31
0.0
  0
LINE
  5
CAE
330
17
100
AcDbEntity
  8
GEOMETRY
100
AcDbLine
 10
2.0649606299212597
 20
2.4590551181102365
 30
0.0
 11
2.0649606299212597
 21
2.461417322834646
 31
0.0
  0
LINE
  5
CAF
330
17
100
AcDbEntity
  8
GEOMETRY
100
AcDbLine
 10
2.0649606299212597
 20
2.5484251968503946
 30
0.0
 11
2.0649606299212597
 21
2.5500000000000003
 31
0.0
  0
LINE
  5
CB0
330
17
100
AcDbEntity
  8
GEOMETRY
100
AcDbLine
 10
2.0649606299212597
 20
2.558661417322835
 30
0.0
 11
2.0649606299212597
 21
2.560236220472441
 31
0.0
  0
LINE
  5
CB1
330
17
100
AcDbEntity
  8
GEOMETRY
100
AcDbLine
 10
2.0649606299212597
 20
2.5688976377952755
 30
0.0
 11
2.0649606299212597
 21
2.5704724409448825
 31
0.0
  0
LINE
  5
CB2
330
17
100
AcDbEntity
  8
GEOMETRY
100
AcDbLine
 10
2.0649606299212597
 20
2.57244094488189
 30
0.0
 11
2.0649606299212597
 21
2.57244094488189
 31
0.0
  0
LINE
  5
CB3
330
17
100
AcDbEntity
  8
GEOMETRY
100
AcDbLine
 10
2.0736220472440947
 20
1.9980314960629921
 30
0.0
 11
2.0736220472440947
 21
2.4374015748031503
 31
0.0
  0
LINE
  5
CB4
330
17
100
AcDbEntity
  8
GEOMETRY
100
AcDbLine
 10
2.0736220472440947
 20
2.440944881889764
 30
0.0
 11
2.0736220472440947
 21
2.4437007874015757
 31
0.0
  0
LINE
  5
CB5
330
17
100
AcDbEntity
  8
GEOMETRY
100
AcDbLine
 10
2.0736220472440947
 20
2.447637795275591
 30
0.0
 11
2.0736220472440947
 21
2.4500000000000006
 31
0.0
  0
LINE
  5
CB6
330
17
100
AcDbEntity
  8
GEOMETRY
100
AcDbLine
 10
2.0736220472440947
 20
2.4539370078740164
 30
0.0
 11
2.0736220472440947
 21
2.4562992125984255
 31
0.0
  0
LINE
  5
CB7
330
17
100
AcDbEntity
  8
GEOMETRY
100
AcDbLine
 10
2.0736220472440947
 20
2.543307086614174
 30
0.0
 11
2.0736220472440947
 21
2.5452755905511815
 31
0.0
  0
LINE
  5
CB8
330
17
100
AcDbEntity
  8
GEOMETRY
100
AcDbLine
 10
2.0736220472440947
 20
2.5535433070866147
 30
0.0
 11
2.0736220472440947
 21
2.555118110236221
 31
0.0
  0
LINE
  5
CB9
330
17
100
AcDbEntity
  8
GEOMETRY
100
AcDbLine
 10
2.0736220472440947
 20
2.5637795275590554
 30
0.0
 11
2.0736220472440947
 21
2.5653543307086624
 31
0.0
  0
LINE
  5
CBA
330
17
100
AcDbEntity
  8
GEOMETRY
100
AcDbLine
 10
2.0736220472440947
 20
2.5673228346456693
 30
0.0
 11
2.0736220472440947
 21
2.5673228346456693
 31
0.0
  0
LINE
  5
CBB
330
17
100
AcDbEntity
  8
GEOMETRY
100
AcDbLine
 10
2.0822834645669293
 20
2.0031496062992136
 30
0.0
 11
2.0822834645669293
 21
2.4322834645669293
 31
0.0
  0
LINE
  5
CBC
330
17
100
AcDbEntity
  8
GEOMETRY
100
AcDbLine
 10
2.0822834645669293
 20
2.436220472440946
 30
0.0
 11
2.0822834645669293
 21
2.438582677165355
 31
0.0
  0
LINE
  5
CBD
330
17
100
AcDbEntity
  8
GEOMETRY
100
AcDbLine
 10
2.0822834645669293
 20
2.442519685039371
 30
0.0
 11
2.0822834645669293
 21
2.4448818897637805
 31
0.0
  0
LINE
  5
CBE
330
17
100
AcDbEntity
  8
GEOMETRY
100
AcDbLine
 10
2.0822834645669293
 20
2.448818897637796
 30
0.0
 11
2.0822834645669293
 21
2.4511811023622054
 31
0.0
  0
LINE
  5
CBF
330
17
100
AcDbEntity
  8
GEOMETRY
100
AcDbLine
 10
2.0822834645669293
 20
2.538188976377954
 30
0.0
 11
2.0822834645669293
 21
2.540157480314961
 31
0.0
  0
LINE
  5
CC0
330
17
100
AcDbEntity
  8
GEOMETRY
100
AcDbLine
 10
2.0822834645669293
 20
2.5484251968503946
 30
0.0
 11
2.0822834645669293
 21
2.5503937007874016
 31
0.0
  0
LINE
  5
CC1
330
17
100
AcDbEntity
  8
GEOMETRY
100
AcDbLine
 10
2.0822834645669293
 20
2.558661417322835
 30
0.0
 11
2.0822834645669293
 21
2.560236220472441
 31
0.0
  0
LINE
  5
CC2
330
17
100
AcDbEntity
  8
GEOMETRY
100
AcDbLine
 10
2.0822834645669293
 20
2.5622047244094492
 30
0.0
 11
2.0822834645669293
 21
2.5625984251968505
 31
0.0
  0
LINE
  5
CC3
330
17
100
AcDbEntity
  8
GEOMETRY
100
AcDbLine
 10
2.0913385826771655
 20
2.0082677165354337
 30
0.0
 11
2.0913385826771655
 21
2.427165354330709
 31
0.0
  0
LINE
  5
CC4
330
17
100
AcDbEntity
  8
GEOMETRY
100
AcDbLine
 10
2.0913385826771655
 20
2.4311023622047245
 30
0.0
 11
2.0913385826771655
 21
2.4334645669291337
 31
0.0
  0
LINE
  5
CC5
330
17
100
AcDbEntity
  8
GEOMETRY
100
AcDbLine
 10
2.0913385826771655
 20
2.4374015748031503
 30
0.0
 11
2.0913385826771655
 21
2.43976377952756
 31
0.0
  0
LINE
  5
CC6
330
17
100
AcDbEntity
  8
GEOMETRY
100
AcDbLine
 10
2.0913385826771655
 20
2.4437007874015757
 30
0.0
 11
2.0913385826771655
 21
2.4460629921259853
 31
0.0
  0
LINE
  5
CC7
330
17
100
AcDbEntity
  8
GEOMETRY
100
AcDbLine
 10
2.0913385826771655
 20
2.5330708661417325
 30
0.0
 11
2.0913385826771655
 21
2.535039370078741
 31
0.0
  0
LINE
  5
CC8
330
17
100
AcDbEntity
  8
GEOMETRY
100
AcDbLine
 10
2.0913385826771655
 20
2.543307086614174
 30
0.0
 11
2.0913385826771655
 21
2.5452755905511815
 31
0.0
  0
LINE
  5
CC9
330
17
100
AcDbEntity
  8
GEOMETRY
100
AcDbLine
 10
2.0913385826771655
 20
2.5535433070866147
 30
0.0
 11
2.0913385826771655
 21
2.555118110236221
 31
0.0
  0
LINE
  5
CCA
330
17
100
AcDbEntity
  8
GEOMETRY
100
AcDbLine
 10
2.0913385826771655
 20
2.557086614173229
 30
0.0
 11
2.0913385826771655
 21
2.55748031496063
 31
0.0
  0
LINE
  5
CCB
330
17
100
AcDbEntity
  8
GEOMETRY
100
AcDbLine
 10
2.1
 20
2.012992125984253
 30
0.0
 11
2.1
 21
2.4220472440944887
 31
0.0
  0
LINE
  5
CCC
330
17
100
AcDbEntity
  8
GEOMETRY
100
AcDbLine
 10
2.1
 20
2.425984251968504
 30
0.0
 11
2.1
 21
2.4283464566929136
 31
0.0
  0
LINE
  5
CCD
330
17
100
AcDbEntity
  8
GEOMETRY
100
AcDbLine
 10
2.1
 20
2.4322834645669293
 30
0.0
 11
2.1
 21
2.4346456692913385
 31
0.0
  0
LINE
  5
CCE
330
17
100
AcDbEntity
  8
GEOMETRY
100
AcDbLine
 10
2.1
 20
2.438582677165355
 30
0.0
 11
2.1
 21
2.441338582677166
 31
0.0
  0
LINE
  5
CCF
330
17
100
AcDbEntity
  8
GEOMETRY
100
AcDbLine
 10
2.1
 20
2.527952755905512
 30
0.0
 11
2.1
 21
2.5299212598425203
 31
0.0
  0
LINE
  5
CD0
330
17
100
AcDbEntity
  8
GEOMETRY
100
AcDbLine
 10
2.1
 20
2.538188976377954
 30
0.0
 11
2.1
 21
2.540157480314961
 31
0.0
  0
LINE
  5
CD1
330
17
100
AcDbEntity
  8
GEOMETRY
100
AcDbLine
 10
2.1
 20
2.5484251968503946
 30
0.0
 11
2.1
 21
2.5503937007874016
 31
0.0
  0
LINE
  5
CD2
330
17
100
AcDbEntity
  8
GEOMETRY
100
AcDbLine
 10
2.1
 20
2.5519685039370086
 30
0.0
 11
2.1
 21
2.55236220472441
 31
0.0
  0
LINE
  5
CD3
330
17
100
AcDbEntity
  8
GEOMETRY
100
AcDbLine
 10
2.1086614173228346
 20
2.018110236220473
 30
0.0
 11
2.1086614173228346
 21
2.416929133858268
 31
0.0
  0
LINE
  5
CD4
330
17
100
AcDbEntity
  8
GEOMETRY
100
AcDbLine
 10
2.1086614173228346
 20
2.420866141732284
 30
0.0
 11
2.1086614173228346
 21
2.4232283464566935
 31
0.0
  0
LINE
  5
CD5
330
17
100
AcDbEntity
  8
GEOMETRY
100
AcDbLine
 10
2.1086614173228346
 20
2.427165354330709
 30
0.0
 11
2.1086614173228346
 21
2.4299212598425206
 31
0.0
  0
LINE
  5
CD6
330
17
100
AcDbEntity
  8
GEOMETRY
100
AcDbLine
 10
2.1086614173228346
 20
2.4334645669291337
 30
0.0
 11
2.1086614173228346
 21
2.436220472440946
 31
0.0
  0
LINE
  5
CD7
330
17
100
AcDbEntity
  8
GEOMETRY
100
AcDbLine
 10
2.1086614173228346
 20
2.523228346456693
 30
0.0
 11
2.1086614173228346
 21
2.5248031496063
 31
0.0
  0
LINE
  5
CD8
330
17
100
AcDbEntity
  8
GEOMETRY
100
AcDbLine
 10
2.1086614173228346
 20
2.5330708661417325
 30
0.0
 11
2.1086614173228346
 21
2.535039370078741
 31
0.0
  0
LINE
  5
CD9
330
17
100
AcDbEntity
  8
GEOMETRY
100
AcDbLine
 10
2.1086614173228346
 20
2.543307086614174
 30
0.0
 11
2.1086614173228346
 21
2.5452755905511815
 31
0.0
  0
LINE
  5
CDA
330
17
100
AcDbEntity
  8
GEOMETRY
100
AcDbLine
 10
2.1086614173228346
 20
2.54724409448819
 30
0.0
 11
2.1086614173228346
 21
2.54724409448819
 31
0.0
  0
LINE
  5
CDB
330
17
100
AcDbEntity
  8
GEOMETRY
100
AcDbLine
 10
2.117716535433071
 20
2.0232283464566936
 30
0.0
 11
2.117716535433071
 21
2.411811023622048
 31
0.0
  0
LINE
  5
CDC
330
17
100
AcDbEntity
  8
GEOMETRY
100
AcDbLine
 10
2.117716535433071
 20
2.4157480314960633
 30
0.0
 11
2.117716535433071
 21
2.4185039370078742
 31
0.0
  0
LINE
  5
CDD
330
17
100
AcDbEntity
  8
GEOMETRY
100
AcDbLine
 10
2.117716535433071
 20
2.4220472440944887
 30
0.0
 11
2.117716535433071
 21
2.424803149606299
 31
0.0
  0
LINE
  5
CDE
330
17
100
AcDbEntity
  8
GEOMETRY
100
AcDbLine
 10
2.117716535433071
 20
2.4283464566929136
 30
0.0
 11
2.117716535433071
 21
2.4311023622047245
 31
0.0
  0
LINE
  5
CDF
330
17
100
AcDbEntity
  8
GEOMETRY
100
AcDbLine
 10
2.117716535433071
 20
2.5181102362204726
 30
0.0
 11
2.117716535433071
 21
2.5196850393700787
 31
0.0
  0
LINE
  5
CE0
330
17
100
AcDbEntity
  8
GEOMETRY
100
AcDbLine
 10
2.117716535433071
 20
2.5283464566929146
 30
0.0
 11
2.117716535433071
 21
2.5299212598425203
 31
0.0
  0
LINE
  5
CE1
330
17
100
AcDbEntity
  8
GEOMETRY
100
AcDbLine
 10
2.117716535433071
 20
2.538188976377954
 30
0.0
 11
2.117716535433071
 21
2.540157480314961
 31
0.0
  0
LINE
  5
CE2
330
17
100
AcDbEntity
  8
GEOMETRY
100
AcDbLine
 10
2.117716535433071
 20
2.5421259842519692
 30
0.0
 11
2.117716535433071
 21
2.5421259842519692
 31
0.0
  0
LINE
  5
CE3
330
17
100
AcDbEntity
  8
GEOMETRY
100
AcDbLine
 10
2.1263779527559055
 20
2.0283464566929137
 30
0.0
 11
2.1263779527559055
 21
2.407086614173229
 31
0.0
  0
LINE
  5
CE4
330
17
100
AcDbEntity
  8
GEOMETRY
100
AcDbLine
 10
2.1263779527559055
 20
2.410629921259843
 30
0.0
 11
2.1263779527559055
 21
2.413385826771654
 31
0.0
  0
LINE
  5
CE5
330
17
100
AcDbEntity
  8
GEOMETRY
100
AcDbLine
 10
2.1263779527559055
 20
2.416929133858268
 30
0.0
 11
2.1263779527559055
 21
2.419685039370079
 31
0.0
  0
LINE
  5
CE6
330
17
100
AcDbEntity
  8
GEOMETRY
100
AcDbLine
 10
2.1263779527559055
 20
2.4232283464566935
 30
0.0
 11
2.1263779527559055
 21
2.425984251968504
 31
0.0
  0
LINE
  5
CE7
330
17
100
AcDbEntity
  8
GEOMETRY
100
AcDbLine
 10
2.1263779527559055
 20
2.5129921259842525
 30
0.0
 11
2.1263779527559055
 21
2.5145669291338586
 31
0.0
  0
LINE
  5
CE8
330
17
100
AcDbEntity
  8
GEOMETRY
100
AcDbLine
 10
2.1263779527559055
 20
2.523228346456693
 30
0.0
 11
2.1263779527559055
 21
2.5248031496063
 31
0.0
  0
LINE
  5
CE9
330
17
100
AcDbEntity
  8
GEOMETRY
100
AcDbLine
 10
2.1263779527559055
 20
2.5330708661417325
 30
0.0
 11
2.1263779527559055
 21
2.535039370078741
 31
0.0
  0
LINE
  5
CEA
330
17
100
AcDbEntity
  8
GEOMETRY
100
AcDbLine
 10
2.1263779527559055
 20
2.537007874015749
 30
0.0
 11
2.1263779527559055
 21
2.537007874015749
 31
0.0
  0
LINE
  5
CEB
330
17
100
AcDbEntity
  8
GEOMETRY
100
AcDbLine
 10
2.1350393700787405
 20
2.0334645669291342
 30
0.0
 11
2.1350393700787405
 21
2.4019685039370087
 31
0.0
  0
LINE
  5
CEC
330
17
100
AcDbEntity
  8
GEOMETRY
100
AcDbLine
 10
2.1350393700787405
 20
2.405511811023623
 30
0.0
 11
2.1350393700787405
 21
2.4082677165354336
 31
0.0
  0
LINE
  5
CED
330
17
100
AcDbEntity
  8
GEOMETRY
100
AcDbLine
 10
2.1350393700787405
 20
2.411811023622048
 30
0.0
 11
2.1350393700787405
 21
2.4145669291338585
 31
0.0
  0
LINE
  5
CEE
330
17
100
AcDbEntity
  8
GEOMETRY
100
AcDbLine
 10
2.1350393700787405
 20
2.4185039370078742
 30
0.0
 11
2.1350393700787405
 21
2.420866141732284
 31
0.0
  0
LINE
  5
CEF
330
17
100
AcDbEntity
  8
GEOMETRY
100
AcDbLine
 10
2.1350393700787405
 20
2.507874015748032
 30
0.0
 11
2.1350393700787405
 21
2.5098425196850394
 31
0.0
  0
LINE
  5
CF0
330
17
100
AcDbEntity
  8
GEOMETRY
100
AcDbLine
 10
2.1350393700787405
 20
2.5181102362204726
 30
0.0
 11
2.1350393700787405
 21
2.5196850393700787
 31
0.0
  0
LINE
  5
CF1
330
17
100
AcDbEntity
  8
GEOMETRY
100
AcDbLine
 10
2.1350393700787405
 20
2.5283464566929146
 30
0.0
 11
2.1350393700787405
 21
2.5299212598425203
 31
0.0
  0
LINE
  5
CF2
330
17
100
AcDbEntity
  8
GEOMETRY
100
AcDbLine
 10
2.1350393700787405
 20
2.5318897637795277
 30
0.0
 11
2.1350393700787405
 21
2.5318897637795277
 31
0.0
  0
LINE
  5
CF3
330
17
100
AcDbEntity
  8
GEOMETRY
100
AcDbLine
 10
2.1440944881889763
 20
2.0385826771653544
 30
0.0
 11
2.1440944881889763
 21
2.396850393700788
 31
0.0
  0
LINE
  5
CF4
330
17
100
AcDbEntity
  8
GEOMETRY
100
AcDbLine
 10
2.1440944881889763
 20
2.4003937007874026
 30
0.0
 11
2.1440944881889763
 21
2.4031496062992135
 31
0.0
  0
LINE
  5
CF5
330
17
100
AcDbEntity
  8
GEOMETRY
100
AcDbLine
 10
2.1440944881889763
 20
2.407086614173229
 30
0.0
 11
2.1440944881889763
 21
2.4094488188976384
 31
0.0
  0
LINE
  5
CF6
330
17
100
AcDbEntity
  8
GEOMETRY
100
AcDbLine
 10
2.1440944881889763
 20
2.413385826771654
 30
0.0
 11
2.1440944881889763
 21
2.4157480314960633
 31
0.0
  0
LINE
  5
CF7
330
17
100
AcDbEntity
  8
GEOMETRY
100
AcDbLine
 10
2.1440944881889763
 20
2.502755905511812
 30
0.0
 11
2.1440944881889763
 21
2.5047244094488192
 31
0.0
  0
LINE
  5
CF8
330
17
100
AcDbEntity
  8
GEOMETRY
100
AcDbLine
 10
2.1440944881889763
 20
2.5129921259842525
 30
0.0
 11
2.1440944881889763
 21
2.5145669291338586
 31
0.0
  0
LINE
  5
CF9
330
17
100
AcDbEntity
  8
GEOMETRY
100
AcDbLine
 10
2.1440944881889763
 20
2.523228346456693
 30
0.0
 11
2.1440944881889763
 21
2.5248031496063
 31
0.0
  0
LINE
  5
CFA
330
17
100
AcDbEntity
  8
GEOMETRY
100
AcDbLine
 10
2.1440944881889763
 20
2.526771653543307
 30
0.0
 11
2.1440944881889763
 21
2.526771653543307
 31
0.0
  0
LINE
  5
CFB
330
17
100
AcDbEntity
  8
GEOMETRY
100
AcDbLine
 10
2.152755905511811
 20
2.043700787401576
 30
0.0
 11
2.152755905511811
 21
2.3917322834645667
 31
0.0
  0
LINE
  5
CFC
330
17
100
AcDbEntity
  8
GEOMETRY
100
AcDbLine
 10
2.152755905511811
 20
2.3956692913385838
 30
0.0
 11
2.152755905511811
 21
2.398031496062993
 31
0.0
  0
LINE
  5
CFD
330
17
100
AcDbEntity
  8
GEOMETRY
100
AcDbLine
 10
2.152755905511811
 20
2.4019685039370087
 30
0.0
 11
2.152755905511811
 21
2.4043307086614183
 31
0.0
  0
LINE
  5
CFE
330
17
100
AcDbEntity
  8
GEOMETRY
100
AcDbLine
 10
2.152755905511811
 20
2.4082677165354336
 30
0.0
 11
2.152755905511811
 21
2.410629921259843
 31
0.0
  0
LINE
  5
CFF
330
17
100
AcDbEntity
  8
GEOMETRY
100
AcDbLine
 10
2.152755905511811
 20
2.4976377952755917
 30
0.0
 11
2.152755905511811
 21
2.4996062992125987
 31
0.0
  0
LINE
  5
D00
330
17
100
AcDbEntity
  8
GEOMETRY
100
AcDbLine
 10
2.152755905511811
 20
2.507874015748032
 30
0.0
 11
2.152755905511811
 21
2.5098425196850394
 31
0.0
  0
LINE
  5
D01
330
17
100
AcDbEntity
  8
GEOMETRY
100
AcDbLine
 10
2.152755905511811
 20
2.5181102362204726
 30
0.0
 11
2.152755905511811
 21
2.5196850393700787
 31
0.0
  0
LINE
  5
D02
330
17
100
AcDbEntity
  8
GEOMETRY
100
AcDbLine
 10
2.152755905511811
 20
2.521653543307087
 30
0.0
 11
2.152755905511811
 21
2.5220472440944883
 31
0.0
  0
LINE
  5
D03
330
17
100
AcDbEntity
  8
GEOMETRY
100
AcDbLine
 10
2.1614173228346454
 20
2.048818897637796
 30
0.0
 11
2.1614173228346454
 21
2.3866141732283466
 31
0.0
  0
LINE
  5
D04
330
17
100
AcDbEntity
  8
GEOMETRY
100
AcDbLine
 10
2.1614173228346454
 20
2.390551181102363
 30
0.0
 11
2.1614173228346454
 21
2.3929133858267715
 31
0.0
  0
LINE
  5
D05
330
17
100
AcDbEntity
  8
GEOMETRY
100
AcDbLine
 10
2.1614173228346454
 20
2.396850393700788
 30
0.0
 11
2.1614173228346454
 21
2.3992125984251977
 31
0.0
  0
LINE
  5
D06
330
17
100
AcDbEntity
  8
GEOMETRY
100
AcDbLine
 10
2.1614173228346454
 20
2.4031496062992135
 30
0.0
 11
2.1614173228346454
 21
2.405511811023623
 31
0.0
  0
LINE
  5
D07
330
17
100
AcDbEntity
  8
GEOMETRY
100
AcDbLine
 10
2.1614173228346454
 20
2.4925196850393703
 30
0.0
 11
2.1614173228346454
 21
2.4944881889763786
 31
0.0
  0
LINE
  5
D08
330
17
100
AcDbEntity
  8
GEOMETRY
100
AcDbLine
 10
2.1614173228346454
 20
2.502755905511812
 30
0.0
 11
2.1614173228346454
 21
2.5047244094488192
 31
0.0
  0
LINE
  5
D09
330
17
100
AcDbEntity
  8
GEOMETRY
100
AcDbLine
 10
2.1614173228346454
 20
2.5129921259842525
 30
0.0
 11
2.1614173228346454
 21
2.514960629921261
 31
0.0
  0
LINE
  5
D0A
330
17
100
AcDbEntity
  8
GEOMETRY
100
AcDbLine
 10
2.1614173228346454
 20
2.516535433070867
 30
0.0
 11
2.1614173228346454
 21
2.5169291338582678
 31
0.0
  0
LINE
  5
D0B
330
17
100
AcDbEntity
  8
GEOMETRY
100
AcDbLine
 10
2.1700787401574804
 20
2.053543307086615
 30
0.0
 11
2.1700787401574804
 21
2.3814960629921265
 31
0.0
  0
LINE
  5
D0C
330
17
100
AcDbEntity
  8
GEOMETRY
100
AcDbLine
 10
2.1700787401574804
 20
2.3854330708661418
 30
0.0
 11
2.1700787401574804
 21
2.3877952755905514
 31
0.0
  0
LINE
  5
D0D
330
17
100
AcDbEntity
  8
GEOMETRY
100
AcDbLine
 10
2.1700787401574804
 20
2.3917322834645667
 30
0.0
 11
2.1700787401574804
 21
2.3940944881889763
 31
0.0
  0
LINE
  5
D0E
330
17
100
AcDbEntity
  8
GEOMETRY
100
AcDbLine
 10
2.1700787401574804
 20
2.398031496062993
 30
0.0
 11
2.1700787401574804
 21
2.400787401574804
 31
0.0
  0
LINE
  5
D0F
330
17
100
AcDbEntity
  8
GEOMETRY
100
AcDbLine
 10
2.1700787401574804
 20
2.4877952755905524
 30
0.0
 11
2.1700787401574804
 21
2.489370078740158
 31
0.0
  0
LINE
  5
D10
330
17
100
AcDbEntity
  8
GEOMETRY
100
AcDbLine
 10
2.1700787401574804
 20
2.4976377952755917
 30
0.0
 11
2.1700787401574804
 21
2.4996062992125987
 31
0.0
  0
LINE
  5
D11
330
17
100
AcDbEntity
  8
GEOMETRY
100
AcDbLine
 10
2.1700787401574804
 20
2.507874015748032
 30
0.0
 11
2.1700787401574804
 21
2.5098425196850394
 31
0.0
  0
LINE
  5
D12
330
17
100
AcDbEntity
  8
GEOMETRY
100
AcDbLine
 10
2.1700787401574804
 20
2.5114173228346464
 30
0.0
 11
2.1700787401574804
 21
2.5118110236220477
 31
0.0
  0
LINE
  5
D13
330
17
100
AcDbEntity
  8
GEOMETRY
100
AcDbLine
 10
2.1791338582677167
 20
2.0586614173228353
 30
0.0
 11
2.1791338582677167
 21
2.376377952755906
 31
0.0
  0
LINE
  5
D14
330
17
100
AcDbEntity
  8
GEOMETRY
100
AcDbLine
 10
2.1791338582677167
 20
2.3803149606299217
 30
0.0
 11
2.1791338582677167
 21
2.3826771653543313
 31
0.0
  0
LINE
  5
D15
330
17
100
AcDbEntity
  8
GEOMETRY
100
AcDbLine
 10
2.1791338582677167
 20
2.3866141732283466
 30
0.0
 11
2.1791338582677167
 21
2.3893700787401584
 31
0.0
  0
LINE
  5
D16
330
17
100
AcDbEntity
  8
GEOMETRY
100
AcDbLine
 10
2.1791338582677167
 20
2.3929133858267715
 30
0.0
 11
2.1791338582677167
 21
2.3956692913385838
 31
0.0
  0
LINE
  5
D17
330
17
100
AcDbEntity
  8
GEOMETRY
100
AcDbLine
 10
2.1791338582677167
 20
2.482677165354331
 30
0.0
 11
2.1791338582677167
 21
2.484251968503938
 31
0.0
  0
LINE
  5
D18
330
17
100
AcDbEntity
  8
GEOMETRY
100
AcDbLine
 10
2.1791338582677167
 20
2.4925196850393703
 30
0.0
 11
2.1791338582677167
 21
2.4944881889763786
 31
0.0
  0
LINE
  5
D19
330
17
100
AcDbEntity
  8
GEOMETRY
100
AcDbLine
 10
2.1791338582677167
 20
2.502755905511812
 30
0.0
 11
2.1791338582677167
 21
2.5047244094488192
 31
0.0
  0
LINE
  5
D1A
330
17
100
AcDbEntity
  8
GEOMETRY
100
AcDbLine
 10
2.1791338582677167
 20
2.5066929133858276
 30
0.0
 11
2.1791338582677167
 21
2.5066929133858276
 31
0.0
  0
LINE
  5
D1B
330
17
100
AcDbEntity
  8
GEOMETRY
100
AcDbLine
 10
2.187795275590551
 20
2.063779527559056
 30
0.0
 11
2.187795275590551
 21
2.371259842519686
 31
0.0
  0
LINE
  5
D1C
330
17
100
AcDbEntity
  8
GEOMETRY
100
AcDbLine
 10
2.187795275590551
 20
2.375196850393701
 30
0.0
 11
2.187795275590551
 21
2.377952755905512
 31
0.0
  0
LINE
  5
D1D
330
17
100
AcDbEntity
  8
GEOMETRY
100
AcDbLine
 10
2.187795275590551
 20
2.3814960629921265
 30
0.0
 11
2.187795275590551
 21
2.384251968503937
 31
0.0
  0
LINE
  5
D1E
330
17
100
AcDbEntity
  8
GEOMETRY
100
AcDbLine
 10
2.187795275590551
 20
2.3877952755905514
 30
0.0
 11
2.187795275590551
 21
2.390551181102363
 31
0.0
  0
LINE
  5
D1F
330
17
100
AcDbEntity
  8
GEOMETRY
100
AcDbLine
 10
2.187795275590551
 20
2.4775590551181104
 30
0.0
 11
2.187795275590551
 21
2.4791338582677174
 31
0.0
  0
LINE
  5
D20
330
17
100
AcDbEntity
  8
GEOMETRY
100
AcDbLine
 10
2.187795275590551
 20
2.4877952755905524
 30
0.0
 11
2.187795275590551
 21
2.489370078740158
 31
0.0
  0
LINE
  5
D21
330
17
100
AcDbEntity
  8
GEOMETRY
100
AcDbLine
 10
2.187795275590551
 20
2.4976377952755917
 30
0.0
 11
2.187795275590551
 21
2.4996062992125987
 31
0.0
  0
LINE
  5
D22
330
17
100
AcDbEntity
  8
GEOMETRY
100
AcDbLine
 10
2.187795275590551
 20
2.501574803149607
 30
0.0
 11
2.187795275590551
 21
2.501574803149607
 31
0.0
  0
LINE
  5
D23
330
17
100
AcDbEntity
  8
GEOMETRY
100
AcDbLine
 10
2.1964566929133857
 20
2.068897637795276
 30
0.0
 11
2.1964566929133857
 21
2.3665354330708666
 31
0.0
  0
LINE
  5
D24
330
17
100
AcDbEntity
  8
GEOMETRY
100
AcDbLine
 10
2.1964566929133857
 20
2.370078740157481
 30
0.0
 11
2.1964566929133857
 21
2.372834645669292
 31
0.0
  0
LINE
  5
D25
330
17
100
AcDbEntity
  8
GEOMETRY
100
AcDbLine
 10
2.1964566929133857
 20
2.376377952755906
 30
0.0
 11
2.1964566929133857
 21
2.379133858267717
 31
0.0
  0
LINE
  5
D26
330
17
100
AcDbEntity
  8
GEOMETRY
100
AcDbLine
 10
2.1964566929133857
 20
2.3826771653543313
 30
0.0
 11
2.1964566929133857
 21
2.3854330708661418
 31
0.0
  0
LINE
  5
D27
330
17
100
AcDbEntity
  8
GEOMETRY
100
AcDbLine
 10
2.1964566929133857
 20
2.4724409448818903
 30
0.0
 11
2.1964566929133857
 21
2.4740157480314964
 31
0.0
  0
LINE
  5
D28
330
17
100
AcDbEntity
  8
GEOMETRY
100
AcDbLine
 10
2.1964566929133857
 20
2.482677165354331
 30
0.0
 11
2.1964566929133857
 21
2.484251968503938
 31
0.0
  0
LINE
  5
D29
330
17
100
AcDbEntity
  8
GEOMETRY
100
AcDbLine
 10
2.1964566929133857
 20
2.4929133858267725
 30
0.0
 11
2.1964566929133857
 21
2.4944881889763786
 31
0.0
  0
LINE
  5
D2A
330
17
100
AcDbEntity
  8
GEOMETRY
100
AcDbLine
 10
2.1964566929133857
 20
2.496456692913387
 30
0.0
 11
2.1964566929133857
 21
2.496456692913387
 31
0.0
  0
LINE
  5
D2B
330
17
100
AcDbEntity
  8
GEOMETRY
100
AcDbLine
 10
2.205511811023622
 20
2.0740157480314965
 30
0.0
 11
2.205511811023622
 21
2.3614173228346464
 31
0.0
  0
LINE
  5
D2C
330
17
100
AcDbEntity
  8
GEOMETRY
100
AcDbLine
 10
2.205511811023622
 20
2.364960629921261
 30
0.0
 11
2.205511811023622
 21
2.3677165354330714
 31
0.0
  0
LINE
  5
D2D
330
17
100
AcDbEntity
  8
GEOMETRY
100
AcDbLine
 10
2.205511811023622
 20
2.371259842519686
 30
0.0
 11
2.205511811023622
 21
2.3740157480314963
 31
0.0
  0
LINE
  5
D2E
330
17
100
AcDbEntity
  8
GEOMETRY
100
AcDbLine
 10
2.205511811023622
 20
2.377952755905512
 30
0.0
 11
2.205511811023622
 21
2.3803149606299217
 31
0.0
  0
LINE
  5
D2F
330
17
100
AcDbEntity
  8
GEOMETRY
100
AcDbLine
 10
2.205511811023622
 20
2.4673228346456697
 30
0.0
 11
2.205511811023622
 21
2.469291338582678
 31
0.0
  0
LINE
  5
D30
330
17
100
AcDbEntity
  8
GEOMETRY
100
AcDbLine
 10
2.205511811023622
 20
2.4775590551181104
 30
0.0
 11
2.205511811023622
 21
2.4791338582677174
 31
0.0
  0
LINE
  5
D31
330
17
100
AcDbEntity
  8
GEOMETRY
100
AcDbLine
 10
2.205511811023622
 20
2.4877952755905524
 30
0.0
 11
2.205511811023622
 21
2.489370078740158
 31
0.0
  0
LINE
  5
D32
330
17
100
AcDbEntity
  8
GEOMETRY
100
AcDbLine
 10
2.205511811023622
 20
2.4913385826771655
 30
0.0
 11
2.205511811023622
 21
2.4913385826771655
 31
0.0
  0
LINE
  5
D33
330
17
100
AcDbEntity
  8
GEOMETRY
100
AcDbLine
 10
2.2141732283464566
 20
2.0791338582677166
 30
0.0
 11
2.2141732283464566
 21
2.356299212598426
 31
0.0
  0
LINE
  5
D34
330
17
100
AcDbEntity
  8
GEOMETRY
100
AcDbLine
 10
2.2141732283464566
 20
2.3598425196850403
 30
0.0
 11
2.2141732283464566
 21
2.3625984251968513
 31
0.0
  0
LINE
  5
D35
330
17
100
AcDbEntity
  8
GEOMETRY
100
AcDbLine
 10
2.2141732283464566
 20
2.3665354330708666
 30
0.0
 11
2.2141732283464566
 21
2.368897637795276
 31
0.0
  0
LINE
  5
D36
330
17
100
AcDbEntity
  8
GEOMETRY
100
AcDbLine
 10
2.2141732283464566
 20
2.372834645669292
 30
0.0
 11
2.2141732283464566
 21
2.375196850393701
 31
0.0
  0
LINE
  5
D37
330
17
100
AcDbEntity
  8
GEOMETRY
100
AcDbLine
 10
2.2141732283464566
 20
2.4622047244094496
 30
0.0
 11
2.2141732283464566
 21
2.4641732283464566
 31
0.0
  0
LINE
  5
D38
330
17
100
AcDbEntity
  8
GEOMETRY
100
AcDbLine
 10
2.2141732283464566
 20
2.4724409448818903
 30
0.0
 11
2.2141732283464566
 21
2.4740157480314964
 31
0.0
  0
LINE
  5
D39
330
17
100
AcDbEntity
  8
GEOMETRY
100
AcDbLine
 10
2.2141732283464566
 20
2.482677165354331
 30
0.0
 11
2.2141732283464566
 21
2.484251968503938
 31
0.0
  0
LINE
  5
D3A
330
17
100
AcDbEntity
  8
GEOMETRY
100
AcDbLine
 10
2.2141732283464566
 20
2.486220472440945
 30
0.0
 11
2.2141732283464566
 21
2.486220472440945
 31
0.0
  0
LINE
  5
D3B
330
17
100
AcDbEntity
  8
GEOMETRY
100
AcDbLine
 10
2.222834645669291
 20
2.084251968503938
 30
0.0
 11
2.222834645669291
 21
2.351181102362206
 31
0.0
  0
LINE
  5
D3C
330
17
100
AcDbEntity
  8
GEOMETRY
100
AcDbLine
 10
2.222834645669291
 20
2.355118110236221
 30
0.0
 11
2.222834645669291
 21
2.3574803149606307
 31
0.0
  0
LINE
  5
D3D
330
17
100
AcDbEntity
  8
GEOMETRY
100
AcDbLine
 10
2.222834645669291
 20
2.3614173228346464
 30
0.0
 11
2.222834645669291
 21
2.363779527559056
 31
0.0
  0
LINE
  5
D3E
330
17
100
AcDbEntity
  8
GEOMETRY
100
AcDbLine
 10
2.222834645669291
 20
2.3677165354330714
 30
0.0
 11
2.222834645669291
 21
2.370078740157481
 31
0.0
  0
LINE
  5
D3F
330
17
100
AcDbEntity
  8
GEOMETRY
100
AcDbLine
 10
2.222834645669291
 20
2.4570866141732295
 30
0.0
 11
2.222834645669291
 21
2.4590551181102365
 31
0.0
  0
LINE
  5
D40
330
17
100
AcDbEntity
  8
GEOMETRY
100
AcDbLine
 10
2.222834645669291
 20
2.4673228346456697
 30
0.0
 11
2.222834645669291
 21
2.469291338582678
 31
0.0
  0
LINE
  5
D41
330
17
100
AcDbEntity
  8
GEOMETRY
100
AcDbLine
 10
2.222834645669291
 20
2.4775590551181104
 30
0.0
 11
2.222834645669291
 21
2.4791338582677174
 31
0.0
  0
LINE
  5
D42
330
17
100
AcDbEntity
  8
GEOMETRY
100
AcDbLine
 10
2.222834645669291
 20
2.481102362204725
 30
0.0
 11
2.222834645669291
 21
2.481496062992126
 31
0.0
  0
LINE
  5
D43
330
17
100
AcDbEntity
  8
GEOMETRY
100
AcDbLine
 10
2.2318897637795274
 20
2.089370078740158
 30
0.0
 11
2.2318897637795274
 21
2.3460629921259843
 31
0.0
  0
LINE
  5
D44
330
17
100
AcDbEntity
  8
GEOMETRY
100
AcDbLine
 10
2.2318897637795274
 20
2.350000000000001
 30
0.0
 11
2.2318897637795274
 21
2.3523622047244093
 31
0.0
  0
LINE
  5
D45
330
17
100
AcDbEntity
  8
GEOMETRY
100
AcDbLine
 10
2.2318897637795274
 20
2.356299212598426
 30
0.0
 11
2.2318897637795274
 21
2.3586614173228355
 31
0.0
  0
LINE
  5
D46
330
17
100
AcDbEntity
  8
GEOMETRY
100
AcDbLine
 10
2.2318897637795274
 20
2.3625984251968513
 30
0.0
 11
2.2318897637795274
 21
2.364960629921261
 31
0.0
  0
LINE
  5
D47
330
17
100
AcDbEntity
  8
GEOMETRY
100
AcDbLine
 10
2.2318897637795274
 20
2.451968503937008
 30
0.0
 11
2.2318897637795274
 21
2.4539370078740164
 31
0.0
  0
LINE
  5
D48
330
17
100
AcDbEntity
  8
GEOMETRY
100
AcDbLine
 10
2.2318897637795274
 20
2.4622047244094496
 30
0.0
 11
2.2318897637795274
 21
2.4641732283464566
 31
0.0
  0
LINE
  5
D49
330
17
100
AcDbEntity
  8
GEOMETRY
100
AcDbLine
 10
2.2318897637795274
 20
2.4724409448818903
 30
0.0
 11
2.2318897637795274
 21
2.4744094488188986
 31
0.0
  0
LINE
  5
D4A
330
17
100
AcDbEntity
  8
GEOMETRY
100
AcDbLine
 10
2.2318897637795274
 20
2.4759842519685047
 30
0.0
 11
2.2318897637795274
 21
2.4763779527559056
 31
0.0
  0
LINE
  5
D4B
330
17
100
AcDbEntity
  8
GEOMETRY
100
AcDbLine
 10
2.240551181102362
 20
2.0940944881889774
 30
0.0
 11
2.240551181102362
 21
2.3409448818897642
 31
0.0
  0
LINE
  5
D4C
330
17
100
AcDbEntity
  8
GEOMETRY
100
AcDbLine
 10
2.240551181102362
 20
2.3448818897637795
 30
0.0
 11
2.240551181102362
 21
2.347244094488189
 31
0.0
  0
LINE
  5
D4D
330
17
100
AcDbEntity
  8
GEOMETRY
100
AcDbLine
 10
2.240551181102362
 20
2.351181102362206
 30
0.0
 11
2.240551181102362
 21
2.353543307086614
 31
0.0
  0
LINE
  5
D4E
330
17
100
AcDbEntity
  8
GEOMETRY
100
AcDbLine
 10
2.240551181102362
 20
2.3574803149606307
 30
0.0
 11
2.240551181102362
 21
2.3602362204724416
 31
0.0
  0
LINE
  5
D4F
330
17
100
AcDbEntity
  8
GEOMETRY
100
AcDbLine
 10
2.240551181102362
 20
2.44724409448819
 30
0.0
 11
2.240551181102362
 21
2.448818897637796
 31
0.0
  0
LINE
  5
D50
330
17
100
AcDbEntity
  8
GEOMETRY
100
AcDbLine
 10
2.240551181102362
 20
2.4570866141732295
 30
0.0
 11
2.240551181102362
 21
2.4590551181102365
 31
0.0
  0
LINE
  5
D51
330
17
100
AcDbEntity
  8
GEOMETRY
100
AcDbLine
 10
2.240551181102362
 20
2.4673228346456697
 30
0.0
 11
2.240551181102362
 21
2.469291338582678
 31
0.0
  0
LINE
  5
D52
330
17
100
AcDbEntity
  8
GEOMETRY
100
AcDbLine
 10
2.240551181102362
 20
2.470866141732284
 30
0.0
 11
2.240551181102362
 21
2.4712598425196854
 31
0.0
  0
LINE
  5
D53
330
17
100
AcDbEntity
  8
GEOMETRY
100
AcDbLine
 10
2.2492125984251965
 20
2.0992125984251975
 30
0.0
 11
2.2492125984251965
 21
2.3358267716535437
 31
0.0
  0
LINE
  5
D54
330
17
100
AcDbEntity
  8
GEOMETRY
100
AcDbLine
 10
2.2492125984251965
 20
2.3397637795275594
 30
0.0
 11
2.2492125984251965
 21
2.342125984251969
 31
0.0
  0
LINE
  5
D55
330
17
100
AcDbEntity
  8
GEOMETRY
100
AcDbLine
 10
2.2492125984251965
 20
2.3460629921259843
 30
0.0
 11
2.2492125984251965
 21
2.348818897637796
 31
0.0
  0
LINE
  5
D56
330
17
100
AcDbEntity
  8
GEOMETRY
100
AcDbLine
 10
2.2492125984251965
 20
2.3523622047244093
 30
0.0
 11
2.2492125984251965
 21
2.355118110236221
 31
0.0
  0
LINE
  5
D57
330
17
100
AcDbEntity
  8
GEOMETRY
100
AcDbLine
 10
2.2492125984251965
 20
2.4421259842519687
 30
0.0
 11
2.2492125984251965
 21
2.4437007874015757
 31
0.0
  0
LINE
  5
D58
330
17
100
AcDbEntity
  8
GEOMETRY
100
AcDbLine
 10
2.2492125984251965
 20
2.451968503937008
 30
0.0
 11
2.2492125984251965
 21
2.4539370078740164
 31
0.0
  0
LINE
  5
D59
330
17
100
AcDbEntity
  8
GEOMETRY
100
AcDbLine
 10
2.2492125984251965
 20
2.4622047244094496
 30
0.0
 11
2.2492125984251965
 21
2.4641732283464566
 31
0.0
  0
LINE
  5
D5A
330
17
100
AcDbEntity
  8
GEOMETRY
100
AcDbLine
 10
2.2492125984251965
 20
2.466141732283465
 30
0.0
 11
2.2492125984251965
 21
2.466141732283465
 31
0.0
  0
LINE
  5
D5B
330
17
100
AcDbEntity
  8
GEOMETRY
100
AcDbLine
 10
2.2578740157480315
 20
2.104330708661418
 30
0.0
 11
2.2578740157480315
 21
2.3307086614173236
 31
0.0
  0
LINE
  5
D5C
330
17
100
AcDbEntity
  8
GEOMETRY
100
AcDbLine
 10
2.2578740157480315
 20
2.334645669291339
 30
0.0
 11
2.2578740157480315
 21
2.33740157480315
 31
0.0
  0
LINE
  5
D5D
330
17
100
AcDbEntity
  8
GEOMETRY
100
AcDbLine
 10
2.2578740157480315
 20
2.3409448818897642
 30
0.0
 11
2.2578740157480315
 21
2.3437007874015747
 31
0.0
  0
LINE
  5
D5E
330
17
100
AcDbEntity
  8
GEOMETRY
100
AcDbLine
 10
2.2578740157480315
 20
2.347244094488189
 30
0.0
 11
2.2578740157480315
 21
2.350000000000001
 31
0.0
  0
LINE
  5
D5F
330
17
100
AcDbEntity
  8
GEOMETRY
100
AcDbLine
 10
2.2578740157480315
 20
2.437007874015748
 30
0.0
 11
2.2578740157480315
 21
2.438582677165355
 31
0.0
  0
LINE
  5
D60
330
17
100
AcDbEntity
  8
GEOMETRY
100
AcDbLine
 10
2.2578740157480315
 20
2.44724409448819
 30
0.0
 11
2.2578740157480315
 21
2.448818897637796
 31
0.0
  0
LINE
  5
D61
330
17
100
AcDbEntity
  8
GEOMETRY
100
AcDbLine
 10
2.2578740157480315
 20
2.4570866141732295
 30
0.0
 11
2.2578740157480315
 21
2.4590551181102365
 31
0.0
  0
LINE
  5
D62
330
17
100
AcDbEntity
  8
GEOMETRY
100
AcDbLine
 10
2.2578740157480315
 20
2.461023622047245
 30
0.0
 11
2.2578740157480315
 21
2.461023622047245
 31
0.0
  0
LINE
  5
D63
330
17
100
AcDbEntity
  8
GEOMETRY
100
AcDbLine
 10
2.2669291338582678
 20
2.109448818897638
 30
0.0
 11
2.2669291338582678
 21
2.3259842519685043
 31
0.0
  0
LINE
  5
D64
330
17
100
AcDbEntity
  8
GEOMETRY
100
AcDbLine
 10
2.2669291338582678
 20
2.3295275590551188
 30
0.0
 11
2.2669291338582678
 21
2.3322834645669293
 31
0.0
  0
LINE
  5
D65
330
17
100
AcDbEntity
  8
GEOMETRY
100
AcDbLine
 10
2.2669291338582678
 20
2.3358267716535437
 30
0.0
 11
2.2669291338582678
 21
2.3385826771653546
 31
0.0
  0
LINE
  5
D66
330
17
100
AcDbEntity
  8
GEOMETRY
100
AcDbLine
 10
2.2669291338582678
 20
2.342125984251969
 30
0.0
 11
2.2669291338582678
 21
2.3448818897637795
 31
0.0
  0
LINE
  5
D67
330
17
100
AcDbEntity
  8
GEOMETRY
100
AcDbLine
 10
2.2669291338582678
 20
2.431889763779528
 30
0.0
 11
2.2669291338582678
 21
2.4334645669291337
 31
0.0
  0
LINE
  5
D68
330
17
100
AcDbEntity
  8
GEOMETRY
100
AcDbLine
 10
2.2669291338582678
 20
2.4421259842519687
 30
0.0
 11
2.2669291338582678
 21
2.4437007874015757
 31
0.0
  0
LINE
  5
D69
330
17
100
AcDbEntity
  8
GEOMETRY
100
AcDbLine
 10
2.2669291338582678
 20
2.4523622047244102
 30
0.0
 11
2.2669291338582678
 21
2.4539370078740164
 31
0.0
  0
LINE
  5
D6A
330
17
100
AcDbEntity
  8
GEOMETRY
100
AcDbLine
 10
2.2669291338582678
 20
2.4559055118110247
 30
0.0
 11
2.2669291338582678
 21
2.4559055118110247
 31
0.0
  0
LINE
  5
D6B
330
17
100
AcDbEntity
  8
GEOMETRY
100
AcDbLine
 10
2.2755905511811023
 20
2.1145669291338587
 30
0.0
 11
2.2755905511811023
 21
2.3208661417322842
 31
0.0
  0
LINE
  5
D6C
330
17
100
AcDbEntity
  8
GEOMETRY
100
AcDbLine
 10
2.2755905511811023
 20
2.324409448818898
 30
0.0
 11
2.2755905511811023
 21
2.327165354330709
 31
0.0
  0
LINE
  5
D6D
330
17
100
AcDbEntity
  8
GEOMETRY
100
AcDbLine
 10
2.2755905511811023
 20
2.3307086614173236
 30
0.0
 11
2.2755905511811023
 21
2.333464566929134
 31
0.0
  0
LINE
  5
D6E
330
17
100
AcDbEntity
  8
GEOMETRY
100
AcDbLine
 10
2.2755905511811023
 20
2.33740157480315
 30
0.0
 11
2.2755905511811023
 21
2.3397637795275594
 31
0.0
  0
LINE
  5
D6F
330
17
100
AcDbEntity
  8
GEOMETRY
100
AcDbLine
 10
2.2755905511811023
 20
2.4267716535433075
 30
0.0
 11
2.2755905511811023
 21
2.428740157480316
 31
0.0
  0
LINE
  5
D70
330
17
100
AcDbEntity
  8
GEOMETRY
100
AcDbLine
 10
2.2755905511811023
 20
2.437007874015748
 30
0.0
 11
2.2755905511811023
 21
2.438582677165355
 31
0.0
  0
LINE
  5
D71
330
17
100
AcDbEntity
  8
GEOMETRY
100
AcDbLine
 10
2.2755905511811023
 20
2.44724409448819
 30
0.0
 11
2.2755905511811023
 21
2.448818897637796
 31
0.0
  0
LINE
  5
D72
330
17
100
AcDbEntity
  8
GEOMETRY
100
AcDbLine
 10
2.2755905511811023
 20
2.4507874015748032
 30
0.0
 11
2.2755905511811023
 21
2.4507874015748032
 31
0.0
  0
LINE
  5
D73
330
17
100
AcDbEntity
  8
GEOMETRY
100
AcDbLine
 10
2.284251968503937
 20
2.119685039370079
 30
0.0
 11
2.284251968503937
 21
2.3157480314960637
 31
0.0
  0
LINE
  5
D74
330
17
100
AcDbEntity
  8
GEOMETRY
100
AcDbLine
 10
2.284251968503937
 20
2.319291338582678
 30
0.0
 11
2.284251968503937
 21
2.322047244094489
 31
0.0
  0
LINE
  5
D75
330
17
100
AcDbEntity
  8
GEOMETRY
100
AcDbLine
 10
2.284251968503937
 20
2.3259842519685043
 30
0.0
 11
2.284251968503937
 21
2.328346456692914
 31
0.0
  0
LINE
  5
D76
330
17
100
AcDbEntity
  8
GEOMETRY
100
AcDbLine
 10
2.284251968503937
 20
2.3322834645669293
 30
0.0
 11
2.284251968503937
 21
2.334645669291339
 31
0.0
  0
LINE
  5
D77
330
17
100
AcDbEntity
  8
GEOMETRY
100
AcDbLine
 10
2.284251968503937
 20
2.4216535433070874
 30
0.0
 11
2.284251968503937
 21
2.4236220472440944
 31
0.0
  0
LINE
  5
D78
330
17
100
AcDbEntity
  8
GEOMETRY
100
AcDbLine
 10
2.284251968503937
 20
2.431889763779528
 30
0.0
 11
2.284251968503937
 21
2.4334645669291337
 31
0.0
  0
LINE
  5
D79
330
17
100
AcDbEntity
  8
GEOMETRY
100
AcDbLine
 10
2.284251968503937
 20
2.4421259842519687
 30
0.0
 11
2.284251968503937
 21
2.4437007874015757
 31
0.0
  0
LINE
  5
D7A
330
17
100
AcDbEntity
  8
GEOMETRY
100
AcDbLine
 10
2.284251968503937
 20
2.4456692913385827
 30
0.0
 11
2.284251968503937
 21
2.4456692913385827
 31
0.0
  0
LINE
  5
D7B
330
17
100
AcDbEntity
  8
GEOMETRY
100
AcDbLine
 10
2.293307086614173
 20
2.1248031496063002
 30
0.0
 11
2.293307086614173
 21
2.3106299212598436
 31
0.0
  0
LINE
  5
D7C
330
17
100
AcDbEntity
  8
GEOMETRY
100
AcDbLine
 10
2.293307086614173
 20
2.314566929133859
 30
0.0
 11
2.293307086614173
 21
2.3169291338582685
 31
0.0
  0
LINE
  5
D7D
330
17
100
AcDbEntity
  8
GEOMETRY
100
AcDbLine
 10
2.293307086614173
 20
2.3208661417322842
 30
0.0
 11
2.293307086614173
 21
2.323228346456694
 31
0.0
  0
LINE
  5
D7E
330
17
100
AcDbEntity
  8
GEOMETRY
100
AcDbLine
 10
2.293307086614173
 20
2.327165354330709
 30
0.0
 11
2.293307086614173
 21
2.3295275590551188
 31
0.0
  0
LINE
  5
D7F
330
17
100
AcDbEntity
  8
GEOMETRY
100
AcDbLine
 10
2.293307086614173
 20
2.4165354330708673
 30
0.0
 11
2.293307086614173
 21
2.4185039370078742
 31
0.0
  0
LINE
  5
D80
330
17
100
AcDbEntity
  8
GEOMETRY
100
AcDbLine
 10
2.293307086614173
 20
2.4267716535433075
 30
0.0
 11
2.293307086614173
 21
2.428740157480316
 31
0.0
  0
LINE
  5
D81
330
17
100
AcDbEntity
  8
GEOMETRY
100
AcDbLine
 10
2.293307086614173
 20
2.437007874015748
 30
0.0
 11
2.293307086614173
 21
2.438582677165355
 31
0.0
  0
LINE
  5
D82
330
17
100
AcDbEntity
  8
GEOMETRY
100
AcDbLine
 10
2.293307086614173
 20
2.4405511811023626
 30
0.0
 11
2.293307086614173
 21
2.440944881889764
 31
0.0
  0
LINE
  5
D83
330
17
100
AcDbEntity
  8
GEOMETRY
100
AcDbLine
 10
2.3019685039370077
 20
2.129527559055118
 30
0.0
 11
2.3019685039370077
 21
2.305511811023622
 31
0.0
  0
LINE
  5
D84
330
17
100
AcDbEntity
  8
GEOMETRY
100
AcDbLine
 10
2.3019685039370077
 20
2.3094488188976388
 30
0.0
 11
2.3019685039370077
 21
2.3118110236220484
 31
0.0
  0
LINE
  5
D85
330
17
100
AcDbEntity
  8
GEOMETRY
100
AcDbLine
 10
2.3019685039370077
 20
2.3157480314960637
 30
0.0
 11
2.3019685039370077
 21
2.3181102362204733
 31
0.0
  0
LINE
  5
D86
330
17
100
AcDbEntity
  8
GEOMETRY
100
AcDbLine
 10
2.3019685039370077
 20
2.322047244094489
 30
0.0
 11
2.3019685039370077
 21
2.324409448818898
 31
0.0
  0
LINE
  5
D87
330
17
100
AcDbEntity
  8
GEOMETRY
100
AcDbLine
 10
2.3019685039370077
 20
2.411417322834646
 30
0.0
 11
2.3019685039370077
 21
2.413385826771654
 31
0.0
  0
LINE
  5
D88
330
17
100
AcDbEntity
  8
GEOMETRY
100
AcDbLine
 10
2.3019685039370077
 20
2.4216535433070874
 30
0.0
 11
2.3019685039370077
 21
2.4236220472440944
 31
0.0
  0
LINE
  5
D89
330
17
100
AcDbEntity
  8
GEOMETRY
100
AcDbLine
 10
2.3019685039370077
 20
2.431889763779528
 30
0.0
 11
2.3019685039370077
 21
2.4338582677165363
 31
0.0
  0
LINE
  5
D8A
330
17
100
AcDbEntity
  8
GEOMETRY
100
AcDbLine
 10
2.3019685039370077
 20
2.435433070866142
 30
0.0
 11
2.3019685039370077
 21
2.4358267716535433
 31
0.0
  0
LINE
  5
D8B
330
17
100
AcDbEntity
  8
GEOMETRY
100
AcDbLine
 10
2.3106299212598422
 20
2.1346456692913396
 30
0.0
 11
2.3106299212598422
 21
2.300393700787402
 31
0.0
  0
LINE
  5
D8C
330
17
100
AcDbEntity
  8
GEOMETRY
100
AcDbLine
 10
2.3106299212598422
 20
2.3043307086614173
 30
0.0
 11
2.3106299212598422
 21
2.306692913385827
 31
0.0
  0
LINE
  5
D8D
330
17
100
AcDbEntity
  8
GEOMETRY
100
AcDbLine
 10
2.3106299212598422
 20
2.3106299212598436
 30
0.0
 11
2.3106299212598422
 21
2.312992125984252
 31
0.0
  0
LINE
  5
D8E
330
17
100
AcDbEntity
  8
GEOMETRY
100
AcDbLine
 10
2.3106299212598422
 20
2.3169291338582685
 30
0.0
 11
2.3106299212598422
 21
2.3196850393700794
 31
0.0
  0
LINE
  5
D8F
330
17
100
AcDbEntity
  8
GEOMETRY
100
AcDbLine
 10
2.3106299212598422
 20
2.4066929133858275
 30
0.0
 11
2.3106299212598422
 21
2.4082677165354336
 31
0.0
  0
LINE
  5
D90
330
17
100
AcDbEntity
  8
GEOMETRY
100
AcDbLine
 10
2.3106299212598422
 20
2.4165354330708673
 30
0.0
 11
2.3106299212598422
 21
2.4185039370078742
 31
0.0
  0
LINE
  5
D91
330
17
100
AcDbEntity
  8
GEOMETRY
100
AcDbLine
 10
2.3106299212598422
 20
2.4267716535433075
 30
0.0
 11
2.3106299212598422
 21
2.428740157480316
 31
0.0
  0
LINE
  5
D92
330
17
100
AcDbEntity
  8
GEOMETRY
100
AcDbLine
 10
2.3106299212598422
 20
2.4307086614173232
 30
0.0
 11
2.3106299212598422
 21
2.4307086614173232
 31
0.0
  0
LINE
  5
D93
330
17
100
AcDbEntity
  8
GEOMETRY
100
AcDbLine
 10
2.319291338582677
 20
2.13976377952756
 30
0.0
 11
2.319291338582677
 21
2.2952755905511815
 31
0.0
  0
LINE
  5
D94
330
17
100
AcDbEntity
  8
GEOMETRY
100
AcDbLine
 10
2.319291338582677
 20
2.299212598425197
 30
0.0
 11
2.319291338582677
 21
2.3015748031496064
 31
0.0
  0
LINE
  5
D95
330
17
100
AcDbEntity
  8
GEOMETRY
100
AcDbLine
 10
2.319291338582677
 20
2.305511811023622
 30
0.0
 11
2.319291338582677
 21
2.308267716535434
 31
0.0
  0
LINE
  5
D96
330
17
100
AcDbEntity
  8
GEOMETRY
100
AcDbLine
 10
2.319291338582677
 20
2.3118110236220484
 30
0.0
 11
2.319291338582677
 21
2.314566929133859
 31
0.0
  0
LINE
  5
D97
330
17
100
AcDbEntity
  8
GEOMETRY
100
AcDbLine
 10
2.319291338582677
 20
2.4015748031496065
 30
0.0
 11
2.319291338582677
 21
2.4031496062992135
 31
0.0
  0
LINE
  5
D98
330
17
100
AcDbEntity
  8
GEOMETRY
100
AcDbLine
 10
2.319291338582677
 20
2.411417322834646
 30
0.0
 11
2.319291338582677
 21
2.413385826771654
 31
0.0
  0
LINE
  5
D99
330
17
100
AcDbEntity
  8
GEOMETRY
100
AcDbLine
 10
2.319291338582677
 20
2.4216535433070874
 30
0.0
 11
2.319291338582677
 21
2.4236220472440944
 31
0.0
  0
LINE
  5
D9A
330
17
100
AcDbEntity
  8
GEOMETRY
100
AcDbLine
 10
2.319291338582677
 20
2.4255905511811027
 30
0.0
 11
2.319291338582677
 21
2.4255905511811027
 31
0.0
  0
LINE
  5
D9B
330
17
100
AcDbEntity
  8
GEOMETRY
100
AcDbLine
 10
2.3283464566929135
 20
2.1448818897637802
 30
0.0
 11
2.3283464566929135
 21
2.2901574803149614
 31
0.0
  0
LINE
  5
D9C
330
17
100
AcDbEntity
  8
GEOMETRY
100
AcDbLine
 10
2.3283464566929135
 20
2.2940944881889767
 30
0.0
 11
2.3283464566929135
 21
2.2968503937007876
 31
0.0
  0
LINE
  5
D9D
330
17
100
AcDbEntity
  8
GEOMETRY
100
AcDbLine
 10
2.3283464566929135
 20
2.300393700787402
 30
0.0
 11
2.3283464566929135
 21
2.3031496062992125
 31
0.0
  0
LINE
  5
D9E
330
17
100
AcDbEntity
  8
GEOMETRY
100
AcDbLine
 10
2.3283464566929135
 20
2.306692913385827
 30
0.0
 11
2.3283464566929135
 21
2.3094488188976388
 31
0.0
  0
LINE
  5
D9F
330
17
100
AcDbEntity
  8
GEOMETRY
100
AcDbLine
 10
2.3283464566929135
 20
2.396456692913386
 30
0.0
 11
2.3283464566929135
 21
2.398031496062993
 31
0.0
  0
LINE
  5
DA0
330
17
100
AcDbEntity
  8
GEOMETRY
100
AcDbLine
 10
2.3283464566929135
 20
2.4066929133858275
 30
0.0
 11
2.3283464566929135
 21
2.4082677165354336
 31
0.0
  0
LINE
  5
DA1
330
17
100
AcDbEntity
  8
GEOMETRY
100
AcDbLine
 10
2.3283464566929135
 20
2.4165354330708673
 30
0.0
 11
2.3283464566929135
 21
2.4185039370078742
 31
0.0
  0
LINE
  5
DA2
330
17
100
AcDbEntity
  8
GEOMETRY
100
AcDbLine
 10
2.3283464566929135
 20
2.4204724409448826
 30
0.0
 11
2.3283464566929135
 21
2.4204724409448826
 31
0.0
  0
LINE
  5
DA3
330
17
100
AcDbEntity
  8
GEOMETRY
100
AcDbLine
 10
2.337007874015748
 20
2.1500000000000004
 30
0.0
 11
2.337007874015748
 21
2.285433070866142
 31
0.0
  0
LINE
  5
DA4
330
17
100
AcDbEntity
  8
GEOMETRY
100
AcDbLine
 10
2.337007874015748
 20
2.2889763779527565
 30
0.0
 11
2.337007874015748
 21
2.291732283464567
 31
0.0
  0
LINE
  5
DA5
330
17
100
AcDbEntity
  8
GEOMETRY
100
AcDbLine
 10
2.337007874015748
 20
2.2952755905511815
 30
0.0
 11
2.337007874015748
 21
2.2980314960629924
 31
0.0
  0
LINE
  5
DA6
330
17
100
AcDbEntity
  8
GEOMETRY
100
AcDbLine
 10
2.337007874015748
 20
2.3015748031496064
 30
0.0
 11
2.337007874015748
 21
2.3043307086614173
 31
0.0
  0
LINE
  5
DA7
330
17
100
AcDbEntity
  8
GEOMETRY
100
AcDbLine
 10
2.337007874015748
 20
2.391338582677166
 30
0.0
 11
2.337007874015748
 21
2.3929133858267715
 31
0.0
  0
LINE
  5
DA8
330
17
100
AcDbEntity
  8
GEOMETRY
100
AcDbLine
 10
2.337007874015748
 20
2.4015748031496065
 30
0.0
 11
2.337007874015748
 21
2.4031496062992135
 31
0.0
  0
LINE
  5
DA9
330
17
100
AcDbEntity
  8
GEOMETRY
100
AcDbLine
 10
2.337007874015748
 20
2.411811023622048
 30
0.0
 11
2.337007874015748
 21
2.413385826771654
 31
0.0
  0
LINE
  5
DAA
330
17
100
AcDbEntity
  8
GEOMETRY
100
AcDbLine
 10
2.337007874015748
 20
2.4153543307086625
 30
0.0
 11
2.337007874015748
 21
2.4153543307086625
 31
0.0
  0
LINE
  5
DAB
330
17
100
AcDbEntity
  8
GEOMETRY
100
AcDbLine
 10
2.3456692913385826
 20
2.155118110236221
 30
0.0
 11
2.3456692913385826
 21
2.280314960629922
 31
0.0
  0
LINE
  5
DAC
330
17
100
AcDbEntity
  8
GEOMETRY
100
AcDbLine
 10
2.3456692913385826
 20
2.283858267716536
 30
0.0
 11
2.3456692913385826
 21
2.286614173228347
 31
0.0
  0
LINE
  5
DAD
330
17
100
AcDbEntity
  8
GEOMETRY
100
AcDbLine
 10
2.3456692913385826
 20
2.2901574803149614
 30
0.0
 11
2.3456692913385826
 21
2.292913385826772
 31
0.0
  0
LINE
  5
DAE
330
17
100
AcDbEntity
  8
GEOMETRY
100
AcDbLine
 10
2.3456692913385826
 20
2.2968503937007876
 30
0.0
 11
2.3456692913385826
 21
2.299212598425197
 31
0.0
  0
LINE
  5
DAF
330
17
100
AcDbEntity
  8
GEOMETRY
100
AcDbLine
 10
2.3456692913385826
 20
2.3862204724409453
 30
0.0
 11
2.3456692913385826
 21
2.3881889763779536
 31
0.0
  0
LINE
  5
DB0
330
17
100
AcDbEntity
  8
GEOMETRY
100
AcDbLine
 10
2.3456692913385826
 20
2.396456692913386
 30
0.0
 11
2.3456692913385826
 21
2.398031496062993
 31
0.0
  0
LINE
  5
DB1
330
17
100
AcDbEntity
  8
GEOMETRY
100
AcDbLine
 10
2.3456692913385826
 20
2.4066929133858275
 30
0.0
 11
2.3456692913385826
 21
2.4082677165354336
 31
0.0
  0
LINE
  5
DB2
330
17
100
AcDbEntity
  8
GEOMETRY
100
AcDbLine
 10
2.3456692913385826
 20
2.410236220472442
 30
0.0
 11
2.3456692913385826
 21
2.410236220472442
 31
0.0
  0
LINE
  5
DB3
330
17
100
AcDbEntity
  8
GEOMETRY
100
AcDbLine
 10
2.354724409448819
 20
2.160236220472441
 30
0.0
 11
2.354724409448819
 21
2.2751968503937015
 31
0.0
  0
LINE
  5
DB4
330
17
100
AcDbEntity
  8
GEOMETRY
100
AcDbLine
 10
2.354724409448819
 20
2.278740157480316
 30
0.0
 11
2.354724409448819
 21
2.281496062992127
 31
0.0
  0
LINE
  5
DB5
330
17
100
AcDbEntity
  8
GEOMETRY
100
AcDbLine
 10
2.354724409448819
 20
2.285433070866142
 30
0.0
 11
2.354724409448819
 21
2.2877952755905517
 31
0.0
  0
LINE
  5
DB6
330
17
100
AcDbEntity
  8
GEOMETRY
100
AcDbLine
 10
2.354724409448819
 20
2.291732283464567
 30
0.0
 11
2.354724409448819
 21
2.2940944881889767
 31
0.0
  0
LINE
  5
DB7
330
17
100
AcDbEntity
  8
GEOMETRY
100
AcDbLine
 10
2.354724409448819
 20
2.381102362204725
 30
0.0
 11
2.354724409448819
 21
2.383070866141732
 31
0.0
  0
LINE
  5
DB8
330
17
100
AcDbEntity
  8
GEOMETRY
100
AcDbLine
 10
2.354724409448819
 20
2.391338582677166
 30
0.0
 11
2.354724409448819
 21
2.3929133858267715
 31
0.0
  0
LINE
  5
DB9
330
17
100
AcDbEntity
  8
GEOMETRY
100
AcDbLine
 10
2.354724409448819
 20
2.4015748031496065
 30
0.0
 11
2.354724409448819
 21
2.4031496062992135
 31
0.0
  0
LINE
  5
DBA
330
17
100
AcDbEntity
  8
GEOMETRY
100
AcDbLine
 10
2.354724409448819
 20
2.4051181102362205
 30
0.0
 11
2.354724409448819
 21
2.4051181102362205
 31
0.0
  0
LINE
  5
DBB
330
17
100
AcDbEntity
  8
GEOMETRY
100
AcDbLine
 10
2.3633858267716534
 20
2.1653543307086616
 30
0.0
 11
2.3633858267716534
 21
2.2700787401574813
 31
0.0
  0
LINE
  5
DBC
330
17
100
AcDbEntity
  8
GEOMETRY
100
AcDbLine
 10
2.3633858267716534
 20
2.2740157480314966
 30
0.0
 11
2.3633858267716534
 21
2.2763779527559063
 31
0.0
  0
LINE
  5
DBD
330
17
100
AcDbEntity
  8
GEOMETRY
100
AcDbLine
 10
2.3633858267716534
 20
2.280314960629922
 30
0.0
 11
2.3633858267716534
 21
2.282677165354331
 31
0.0
  0
LINE
  5
DBE
330
17
100
AcDbEntity
  8
GEOMETRY
100
AcDbLine
 10
2.3633858267716534
 20
2.286614173228347
 30
0.0
 11
2.3633858267716534
 21
2.2889763779527565
 31
0.0
  0
LINE
  5
DBF
330
17
100
AcDbEntity
  8
GEOMETRY
100
AcDbLine
 10
2.3633858267716534
 20
2.3759842519685046
 30
0.0
 11
2.3633858267716534
 21
2.377952755905512
 31
0.0
  0
LINE
  5
DC0
330
17
100
AcDbEntity
  8
GEOMETRY
100
AcDbLine
 10
2.3633858267716534
 20
2.3862204724409453
 30
0.0
 11
2.3633858267716534
 21
2.3881889763779536
 31
0.0
  0
LINE
  5
DC1
330
17
100
AcDbEntity
  8
GEOMETRY
100
AcDbLine
 10
2.3633858267716534
 20
2.396456692913386
 30
0.0
 11
2.3633858267716534
 21
2.398031496062993
 31
0.0
  0
LINE
  5
DC2
330
17
100
AcDbEntity
  8
GEOMETRY
100
AcDbLine
 10
2.3633858267716534
 20
2.4000000000000004
 30
0.0
 11
2.3633858267716534
 21
2.4003937007874026
 31
0.0
  0
LINE
  5
DC3
330
17
100
AcDbEntity
  8
GEOMETRY
100
AcDbLine
 10
2.372047244094488
 20
2.1700787401574804
 30
0.0
 11
2.372047244094488
 21
2.26496062992126
 31
0.0
  0
LINE
  5
DC4
330
17
100
AcDbEntity
  8
GEOMETRY
100
AcDbLine
 10
2.372047244094488
 20
2.2688976377952765
 30
0.0
 11
2.372047244094488
 21
2.271259842519686
 31
0.0
  0
LINE
  5
DC5
330
17
100
AcDbEntity
  8
GEOMETRY
100
AcDbLine
 10
2.372047244094488
 20
2.2751968503937015
 30
0.0
 11
2.372047244094488
 21
2.277559055118111
 31
0.0
  0
LINE
  5
DC6
330
17
100
AcDbEntity
  8
GEOMETRY
100
AcDbLine
 10
2.372047244094488
 20
2.281496062992127
 30
0.0
 11
2.372047244094488
 21
2.283858267716536
 31
0.0
  0
LINE
  5
DC7
330
17
100
AcDbEntity
  8
GEOMETRY
100
AcDbLine
 10
2.372047244094488
 20
2.3708661417322845
 30
0.0
 11
2.372047244094488
 21
2.372834645669292
 31
0.0
  0
LINE
  5
DC8
330
17
100
AcDbEntity
  8
GEOMETRY
100
AcDbLine
 10
2.372047244094488
 20
2.381102362204725
 30
0.0
 11
2.372047244094488
 21
2.383070866141732
 31
0.0
  0
LINE
  5
DC9
330
17
100
AcDbEntity
  8
GEOMETRY
100
AcDbLine
 10
2.372047244094488
 20
2.391338582677166
 30
0.0
 11
2.372047244094488
 21
2.393307086614174
 31
0.0
  0
LINE
  5
DCA
330
17
100
AcDbEntity
  8
GEOMETRY
100
AcDbLine
 10
2.372047244094488
 20
2.39488188976378
 30
0.0
 11
2.372047244094488
 21
2.395275590551181
 31
0.0
  0
LINE
  5
DCB
330
17
100
AcDbEntity
  8
GEOMETRY
100
AcDbLine
 10
2.3811023622047247
 20
2.175196850393701
 30
0.0
 11
2.3811023622047247
 21
2.2598425196850394
 31
0.0
  0
LINE
  5
DCC
330
17
100
AcDbEntity
  8
GEOMETRY
100
AcDbLine
 10
2.3811023622047247
 20
2.263779527559055
 30
0.0
 11
2.3811023622047247
 21
2.2661417322834647
 31
0.0
  0
LINE
  5
DCD
330
17
100
AcDbEntity
  8
GEOMETRY
100
AcDbLine
 10
2.3811023622047247
 20
2.2700787401574813
 30
0.0
 11
2.3811023622047247
 21
2.272440944881891
 31
0.0
  0
LINE
  5
DCE
330
17
100
AcDbEntity
  8
GEOMETRY
100
AcDbLine
 10
2.3811023622047247
 20
2.2763779527559063
 30
0.0
 11
2.3811023622047247
 21
2.279133858267717
 31
0.0
  0
LINE
  5
DCF
330
17
100
AcDbEntity
  8
GEOMETRY
100
AcDbLine
 10
2.3811023622047247
 20
2.3661417322834652
 30
0.0
 11
2.3811023622047247
 21
2.3677165354330714
 31
0.0
  0
LINE
  5
DD0
330
17
100
AcDbEntity
  8
GEOMETRY
100
AcDbLine
 10
2.3811023622047247
 20
2.3759842519685046
 30
0.0
 11
2.3811023622047247
 21
2.377952755905512
 31
0.0
  0
LINE
  5
DD1
330
17
100
AcDbEntity
  8
GEOMETRY
100
AcDbLine
 10
2.3811023622047247
 20
2.3862204724409453
 30
0.0
 11
2.3811023622047247
 21
2.3881889763779536
 31
0.0
  0
LINE
  5
DD2
330
17
100
AcDbEntity
  8
GEOMETRY
100
AcDbLine
 10
2.3811023622047247
 20
2.390157480314961
 30
0.0
 11
2.3811023622047247
 21
2.390157480314961
 31
0.0
  0
LINE
  5
DD3
330
17
100
AcDbEntity
  8
GEOMETRY
100
AcDbLine
 10
2.3897637795275593
 20
2.1803149606299224
 30
0.0
 11
2.3897637795275593
 21
2.2547244094488192
 31
0.0
  0
LINE
  5
DD4
330
17
100
AcDbEntity
  8
GEOMETRY
100
AcDbLine
 10
2.3897637795275593
 20
2.258661417322835
 30
0.0
 11
2.3897637795275593
 21
2.261023622047244
 31
0.0
  0
LINE
  5
DD5
330
17
100
AcDbEntity
  8
GEOMETRY
100
AcDbLine
 10
2.3897637795275593
 20
2.26496062992126
 30
0.0
 11
2.3897637795275593
 21
2.2677165354330717
 31
0.0
  0
LINE
  5
DD6
330
17
100
AcDbEntity
  8
GEOMETRY
100
AcDbLine
 10
2.3897637795275593
 20
2.271259842519686
 30
0.0
 11
2.3897637795275593
 21
2.2740157480314966
 31
0.0
  0
LINE
  5
DD7
330
17
100
AcDbEntity
  8
GEOMETRY
100
AcDbLine
 10
2.3897637795275593
 20
2.361023622047245
 30
0.0
 11
2.3897637795275593
 21
2.3625984251968513
 31
0.0
  0
LINE
  5
DD8
330
17
100
AcDbEntity
  8
GEOMETRY
100
AcDbLine
 10
2.3897637795275593
 20
2.3708661417322845
 30
0.0
 11
2.3897637795275593
 21
2.372834645669292
 31
0.0
  0
LINE
  5
DD9
330
17
100
AcDbEntity
  8
GEOMETRY
100
AcDbLine
 10
2.3897637795275593
 20
2.381102362204725
 30
0.0
 11
2.3897637795275593
 21
2.383070866141732
 31
0.0
  0
LINE
  5
DDA
330
17
100
AcDbEntity
  8
GEOMETRY
100
AcDbLine
 10
2.3897637795275593
 20
2.3850393700787405
 30
0.0
 11
2.3897637795275593
 21
2.3850393700787405
 31
0.0
  0
LINE
  5
DDB
330
17
100
AcDbEntity
  8
GEOMETRY
100
AcDbLine
 10
2.398425196850394
 20
2.1854330708661425
 30
0.0
 11
2.398425196850394
 21
2.249606299212599
 31
0.0
  0
LINE
  5
DDC
330
17
100
AcDbEntity
  8
GEOMETRY
100
AcDbLine
 10
2.398425196850394
 20
2.2535433070866144
 30
0.0
 11
2.398425196850394
 21
2.2562992125984254
 31
0.0
  0
LINE
  5
DDD
330
17
100
AcDbEntity
  8
GEOMETRY
100
AcDbLine
 10
2.398425196850394
 20
2.2598425196850394
 30
0.0
 11
2.398425196850394
 21
2.2625984251968516
 31
0.0
  0
LINE
  5
DDE
330
17
100
AcDbEntity
  8
GEOMETRY
100
AcDbLine
 10
2.398425196850394
 20
2.2661417322834647
 30
0.0
 11
2.398425196850394
 21
2.2688976377952765
 31
0.0
  0
LINE
  5
DDF
330
17
100
AcDbEntity
  8
GEOMETRY
100
AcDbLine
 10
2.398425196850394
 20
2.3559055118110237
 30
0.0
 11
2.398425196850394
 21
2.3574803149606307
 31
0.0
  0
LINE
  5
DE0
330
17
100
AcDbEntity
  8
GEOMETRY
100
AcDbLine
 10
2.398425196850394
 20
2.3661417322834652
 30
0.0
 11
2.398425196850394
 21
2.3677165354330714
 31
0.0
  0
LINE
  5
DE1
330
17
100
AcDbEntity
  8
GEOMETRY
100
AcDbLine
 10
2.398425196850394
 20
2.3759842519685046
 30
0.0
 11
2.398425196850394
 21
2.377952755905512
 31
0.0
  0
LINE
  5
DE2
330
17
100
AcDbEntity
  8
GEOMETRY
100
AcDbLine
 10
2.398425196850394
 20
2.3799212598425203
 30
0.0
 11
2.398425196850394
 21
2.3799212598425203
 31
0.0
  0
LINE
  5
DE3
330
17
100
AcDbEntity
  8
GEOMETRY
100
AcDbLine
 10
2.4070866141732283
 20
2.1905511811023626
 30
0.0
 11
2.4070866141732283
 21
2.24488188976378
 31
0.0
  0
LINE
  5
DE4
330
17
100
AcDbEntity
  8
GEOMETRY
100
AcDbLine
 10
2.4070866141732283
 20
2.2484251968503943
 30
0.0
 11
2.4070866141732283
 21
2.251181102362205
 31
0.0
  0
LINE
  5
DE5
330
17
100
AcDbEntity
  8
GEOMETRY
100
AcDbLine
 10
2.4070866141732283
 20
2.2547244094488192
 30
0.0
 11
2.4070866141732283
 21
2.25748031496063
 31
0.0
  0
LINE
  5
DE6
330
17
100
AcDbEntity
  8
GEOMETRY
100
AcDbLine
 10
2.4070866141732283
 20
2.261417322834647
 30
0.0
 11
2.4070866141732283
 21
2.263779527559055
 31
0.0
  0
LINE
  5
DE7
330
17
100
AcDbEntity
  8
GEOMETRY
100
AcDbLine
 10
2.4070866141732283
 20
2.3507874015748036
 30
0.0
 11
2.4070866141732283
 21
2.3523622047244093
 31
0.0
  0
LINE
  5
DE8
330
17
100
AcDbEntity
  8
GEOMETRY
100
AcDbLine
 10
2.4070866141732283
 20
2.361023622047245
 30
0.0
 11
2.4070866141732283
 21
2.3625984251968513
 31
0.0
  0
LINE
  5
DE9
330
17
100
AcDbEntity
  8
GEOMETRY
100
AcDbLine
 10
2.4070866141732283
 20
2.371259842519686
 30
0.0
 11
2.4070866141732283
 21
2.372834645669292
 31
0.0
  0
LINE
  5
DEA
330
17
100
AcDbEntity
  8
GEOMETRY
100
AcDbLine
 10
2.4070866141732283
 20
2.3748031496063002
 30
0.0
 11
2.4070866141732283
 21
2.3748031496063002
 31
0.0
  0
LINE
  5
DEB
330
17
100
AcDbEntity
  8
GEOMETRY
100
AcDbLine
 10
2.4161417322834646
 20
2.195669291338583
 30
0.0
 11
2.4161417322834646
 21
2.23976377952756
 31
0.0
  0
LINE
  5
DEC
330
17
100
AcDbEntity
  8
GEOMETRY
100
AcDbLine
 10
2.4161417322834646
 20
2.2433070866141738
 30
0.0
 11
2.4161417322834646
 21
2.2460629921259847
 31
0.0
  0
LINE
  5
DED
330
17
100
AcDbEntity
  8
GEOMETRY
100
AcDbLine
 10
2.4161417322834646
 20
2.25
 30
0.0
 11
2.4161417322834646
 21
2.2523622047244096
 31
0.0
  0
LINE
  5
DEE
330
17
100
AcDbEntity
  8
GEOMETRY
100
AcDbLine
 10
2.4161417322834646
 20
2.2562992125984254
 30
0.0
 11
2.4161417322834646
 21
2.258661417322835
 31
0.0
  0
LINE
  5
DEF
330
17
100
AcDbEntity
  8
GEOMETRY
100
AcDbLine
 10
2.4161417322834646
 20
2.345669291338583
 30
0.0
 11
2.4161417322834646
 21
2.3476377952755914
 31
0.0
  0
LINE
  5
DF0
330
17
100
AcDbEntity
  8
GEOMETRY
100
AcDbLine
 10
2.4161417322834646
 20
2.3559055118110237
 30
0.0
 11
2.4161417322834646
 21
2.3574803149606307
 31
0.0
  0
LINE
  5
DF1
330
17
100
AcDbEntity
  8
GEOMETRY
100
AcDbLine
 10
2.4161417322834646
 20
2.3661417322834652
 30
0.0
 11
2.4161417322834646
 21
2.3677165354330714
 31
0.0
  0
LINE
  5
DF2
330
17
100
AcDbEntity
  8
GEOMETRY
100
AcDbLine
 10
2.4161417322834646
 20
2.3696850393700797
 30
0.0
 11
2.4161417322834646
 21
2.3696850393700797
 31
0.0
  0
LINE
  5
DF3
330
17
100
AcDbEntity
  8
GEOMETRY
100
AcDbLine
 10
2.424803149606299
 20
2.2007874015748032
 30
0.0
 11
2.424803149606299
 21
2.2346456692913392
 31
0.0
  0
LINE
  5
DF4
330
17
100
AcDbEntity
  8
GEOMETRY
100
AcDbLine
 10
2.424803149606299
 20
2.238582677165355
 30
0.0
 11
2.424803149606299
 21
2.2409448818897646
 31
0.0
  0
LINE
  5
DF5
330
17
100
AcDbEntity
  8
GEOMETRY
100
AcDbLine
 10
2.424803149606299
 20
2.24488188976378
 30
0.0
 11
2.424803149606299
 21
2.2472440944881895
 31
0.0
  0
LINE
  5
DF6
330
17
100
AcDbEntity
  8
GEOMETRY
100
AcDbLine
 10
2.424803149606299
 20
2.251181102362205
 30
0.0
 11
2.424803149606299
 21
2.2535433070866144
 31
0.0
  0
LINE
  5
DF7
330
17
100
AcDbEntity
  8
GEOMETRY
100
AcDbLine
 10
2.424803149606299
 20
2.340551181102363
 30
0.0
 11
2.424803149606299
 21
2.34251968503937
 31
0.0
  0
LINE
  5
DF8
330
17
100
AcDbEntity
  8
GEOMETRY
100
AcDbLine
 10
2.424803149606299
 20
2.3507874015748036
 30
0.0
 11
2.424803149606299
 21
2.352755905511812
 31
0.0
  0
LINE
  5
DF9
330
17
100
AcDbEntity
  8
GEOMETRY
100
AcDbLine
 10
2.424803149606299
 20
2.361023622047245
 30
0.0
 11
2.424803149606299
 21
2.3625984251968513
 31
0.0
  0
LINE
  5
DFA
330
17
100
AcDbEntity
  8
GEOMETRY
100
AcDbLine
 10
2.424803149606299
 20
2.3645669291338582
 30
0.0
 11
2.424803149606299
 21
2.3645669291338582
 31
0.0
  0
LINE
  5
DFB
330
17
100
AcDbEntity
  8
GEOMETRY
100
AcDbLine
 10
2.4334645669291337
 20
2.205905511811024
 30
0.0
 11
2.4334645669291337
 21
2.229527559055119
 31
0.0
  0
LINE
  5
DFC
330
17
100
AcDbEntity
  8
GEOMETRY
100
AcDbLine
 10
2.4334645669291337
 20
2.2334645669291344
 30
0.0
 11
2.4334645669291337
 21
2.235826771653544
 31
0.0
  0
LINE
  5
DFD
330
17
100
AcDbEntity
  8
GEOMETRY
100
AcDbLine
 10
2.4334645669291337
 20
2.23976377952756
 30
0.0
 11
2.4334645669291337
 21
2.242125984251969
 31
0.0
  0
LINE
  5
DFE
330
17
100
AcDbEntity
  8
GEOMETRY
100
AcDbLine
 10
2.4334645669291337
 20
2.2460629921259847
 30
0.0
 11
2.4334645669291337
 21
2.2484251968503943
 31
0.0
  0
LINE
  5
DFF
330
17
100
AcDbEntity
  8
GEOMETRY
100
AcDbLine
 10
2.4334645669291337
 20
2.3354330708661424
 30
0.0
 11
2.4334645669291337
 21
2.33740157480315
 31
0.0
  0
LINE
  5
E00
330
17
100
AcDbEntity
  8
GEOMETRY
100
AcDbLine
 10
2.4334645669291337
 20
2.345669291338583
 30
0.0
 11
2.4334645669291337
 21
2.3476377952755914
 31
0.0
  0
LINE
  5
E01
330
17
100
AcDbEntity
  8
GEOMETRY
100
AcDbLine
 10
2.4334645669291337
 20
2.3559055118110237
 30
0.0
 11
2.4334645669291337
 21
2.3574803149606307
 31
0.0
  0
LINE
  5
E02
330
17
100
AcDbEntity
  8
GEOMETRY
100
AcDbLine
 10
2.4334645669291337
 20
2.359448818897638
 30
0.0
 11
2.4334645669291337
 21
2.3598425196850403
 31
0.0
  0
LINE
  5
E03
330
17
100
AcDbEntity
  8
GEOMETRY
100
AcDbLine
 10
2.44251968503937
 20
2.2106299212598426
 30
0.0
 11
2.44251968503937
 21
2.2244094488188977
 31
0.0
  0
LINE
  5
E04
330
17
100
AcDbEntity
  8
GEOMETRY
100
AcDbLine
 10
2.44251968503937
 20
2.2283464566929143
 30
0.0
 11
2.44251968503937
 21
2.230708661417324
 31
0.0
  0
LINE
  5
E05
330
17
100
AcDbEntity
  8
GEOMETRY
100
AcDbLine
 10
2.44251968503937
 20
2.2346456692913392
 30
0.0
 11
2.44251968503937
 21
2.237007874015749
 31
0.0
  0
LINE
  5
E06
330
17
100
AcDbEntity
  8
GEOMETRY
100
AcDbLine
 10
2.44251968503937
 20
2.2409448818897646
 30
0.0
 11
2.44251968503937
 21
2.2433070866141738
 31
0.0
  0
LINE
  5
E07
330
17
100
AcDbEntity
  8
GEOMETRY
100
AcDbLine
 10
2.44251968503937
 20
2.3303149606299223
 30
0.0
 11
2.44251968503937
 21
2.3322834645669293
 31
0.0
  0
LINE
  5
E08
330
17
100
AcDbEntity
  8
GEOMETRY
100
AcDbLine
 10
2.44251968503937
 20
2.340551181102363
 30
0.0
 11
2.44251968503937
 21
2.34251968503937
 31
0.0
  0
LINE
  5
E09
330
17
100
AcDbEntity
  8
GEOMETRY
100
AcDbLine
 10
2.44251968503937
 20
2.3507874015748036
 30
0.0
 11
2.44251968503937
 21
2.352755905511812
 31
0.0
  0
LINE
  5
E0A
330
17
100
AcDbEntity
  8
GEOMETRY
100
AcDbLine
 10
2.44251968503937
 20
2.3543307086614176
 30
0.0
 11
2.44251968503937
 21
2.354724409448819
 31
0.0
  0
LINE
  5
E0B
330
17
100
AcDbEntity
  8
GEOMETRY
100
AcDbLine
 10
2.4511811023622045
 20
2.215748031496063
 30
0.0
 11
2.4511811023622045
 21
2.219291338582677
 31
0.0
  0
LINE
  5
E0C
330
17
100
AcDbEntity
  8
GEOMETRY
100
AcDbLine
 10
2.4511811023622045
 20
2.2232283464566938
 30
0.0
 11
2.4511811023622045
 21
2.2255905511811025
 31
0.0
  0
LINE
  5
E0D
330
17
100
AcDbEntity
  8
GEOMETRY
100
AcDbLine
 10
2.4511811023622045
 20
2.229527559055119
 30
0.0
 11
2.4511811023622045
 21
2.2318897637795287
 31
0.0
  0
LINE
  5
E0E
330
17
100
AcDbEntity
  8
GEOMETRY
100
AcDbLine
 10
2.4511811023622045
 20
2.235826771653544
 30
0.0
 11
2.4511811023622045
 21
2.238582677165355
 31
0.0
  0
LINE
  5
E0F
330
17
100
AcDbEntity
  8
GEOMETRY
100
AcDbLine
 10
2.4511811023622045
 20
2.325590551181103
 30
0.0
 11
2.4511811023622045
 21
2.327165354330709
 31
0.0
  0
LINE
  5
E10
330
17
100
AcDbEntity
  8
GEOMETRY
100
AcDbLine
 10
2.4511811023622045
 20
2.3354330708661424
 30
0.0
 11
2.4511811023622045
 21
2.33740157480315
 31
0.0
  0
LINE
  5
E11
330
17
100
AcDbEntity
  8
GEOMETRY
100
AcDbLine
 10
2.4511811023622045
 20
2.345669291338583
 30
0.0
 11
2.4511811023622045
 21
2.3476377952755914
 31
0.0
  0
LINE
  5
E12
330
17
100
AcDbEntity
  8
GEOMETRY
100
AcDbLine
 10
2.4511811023622045
 20
2.349606299212599
 30
0.0
 11
2.4511811023622045
 21
2.349606299212599
 31
0.0
  0
LINE
  5
E13
330
17
100
AcDbEntity
  8
GEOMETRY
100
AcDbLine
 10
2.459842519685039
 20
2.2244094488188977
 30
0.0
 11
2.459842519685039
 21
2.2271653543307095
 31
0.0
  0
LINE
  5
E14
330
17
100
AcDbEntity
  8
GEOMETRY
100
AcDbLine
 10
2.459842519685039
 20
2.230708661417324
 30
0.0
 11
2.459842519685039
 21
2.2334645669291344
 31
0.0
  0
LINE
  5
E15
330
17
100
AcDbEntity
  8
GEOMETRY
100
AcDbLine
 10
2.459842519685039
 20
2.320472440944883
 30
0.0
 11
2.459842519685039
 21
2.322047244094489
 31
0.0
  0
LINE
  5
E16
330
17
100
AcDbEntity
  8
GEOMETRY
100
AcDbLine
 10
2.459842519685039
 20
2.3307086614173236
 30
0.0
 11
2.459842519685039
 21
2.3322834645669293
 31
0.0
  0
LINE
  5
E17
330
17
100
AcDbEntity
  8
GEOMETRY
100
AcDbLine
 10
2.459842519685039
 20
2.340551181102363
 30
0.0
 11
2.459842519685039
 21
2.34251968503937
 31
0.0
  0
LINE
  5
E18
330
17
100
AcDbEntity
  8
GEOMETRY
100
AcDbLine
 10
2.459842519685039
 20
2.3444881889763782
 30
0.0
 11
2.459842519685039
 21
2.3444881889763782
 31
0.0
  0
LINE
  5
E19
330
17
100
AcDbEntity
  8
GEOMETRY
100
AcDbLine
 10
2.4688976377952754
 20
2.2259842519685047
 30
0.0
 11
2.4688976377952754
 21
2.2283464566929143
 31
0.0
  0
LINE
  5
E1A
330
17
100
AcDbEntity
  8
GEOMETRY
100
AcDbLine
 10
2.4688976377952754
 20
2.3153543307086615
 30
0.0
 11
2.4688976377952754
 21
2.3169291338582685
 31
0.0
  0
LINE
  5
E1B
330
17
100
AcDbEntity
  8
GEOMETRY
100
AcDbLine
 10
2.4688976377952754
 20
2.325590551181103
 30
0.0
 11
2.4688976377952754
 21
2.327165354330709
 31
0.0
  0
LINE
  5
E1C
330
17
100
AcDbEntity
  8
GEOMETRY
100
AcDbLine
 10
2.4688976377952754
 20
2.3354330708661424
 30
0.0
 11
2.4688976377952754
 21
2.33740157480315
 31
0.0
  0
LINE
  5
E1D
330
17
100
AcDbEntity
  8
GEOMETRY
100
AcDbLine
 10
2.4688976377952754
 20
2.339370078740158
 30
0.0
 11
2.4688976377952754
 21
2.339370078740158
 31
0.0
  0
LINE
  5
E1E
330
17
100
AcDbEntity
  8
GEOMETRY
100
AcDbLine
 10
2.4775590551181104
 20
2.3102362204724414
 30
0.0
 11
2.4775590551181104
 21
2.3118110236220484
 31
0.0
  0
LINE
  5
E1F
330
17
100
AcDbEntity
  8
GEOMETRY
100
AcDbLine
 10
2.4775590551181104
 20
2.320472440944883
 30
0.0
 11
2.4775590551181104
 21
2.322047244094489
 31
0.0
  0
LINE
  5
E20
330
17
100
AcDbEntity
  8
GEOMETRY
100
AcDbLine
 10
2.4775590551181104
 20
2.3307086614173236
 30
0.0
 11
2.4775590551181104
 21
2.3322834645669293
 31
0.0
  0
LINE
  5
E21
330
17
100
AcDbEntity
  8
GEOMETRY
100
AcDbLine
 10
2.4775590551181104
 20
2.3342519685039376
 30
0.0
 11
2.4775590551181104
 21
2.3342519685039376
 31
0.0
  0
LINE
  5
E22
330
17
100
AcDbEntity
  8
GEOMETRY
100
AcDbLine
 10
2.486220472440945
 20
2.305118110236221
 30
0.0
 11
2.486220472440945
 21
2.307086614173229
 31
0.0
  0
LINE
  5
E23
330
17
100
AcDbEntity
  8
GEOMETRY
100
AcDbLine
 10
2.486220472440945
 20
2.3153543307086615
 30
0.0
 11
2.486220472440945
 21
2.3169291338582685
 31
0.0
  0
LINE
  5
E24
330
17
100
AcDbEntity
  8
GEOMETRY
100
AcDbLine
 10
2.486220472440945
 20
2.325590551181103
 30
0.0
 11
2.486220472440945
 21
2.327165354330709
 31
0.0
  0
LINE
  5
E25
330
17
100
AcDbEntity
  8
GEOMETRY
100
AcDbLine
 10
2.486220472440945
 20
2.3291338582677175
 30
0.0
 11
2.486220472440945
 21
2.3291338582677175
 31
0.0
  0
LINE
  5
E26
330
17
100
AcDbEntity
  8
GEOMETRY
100
AcDbLine
 10
2.4948818897637794
 20
2.3000000000000007
 30
0.0
 11
2.4948818897637794
 21
2.301968503937009
 31
0.0
  0
LINE
  5
E27
330
17
100
AcDbEntity
  8
GEOMETRY
100
AcDbLine
 10
2.4948818897637794
 20
2.3102362204724414
 30
0.0
 11
2.4948818897637794
 21
2.3122047244094497
 31
0.0
  0
LINE
  5
E28
330
17
100
AcDbEntity
  8
GEOMETRY
100
AcDbLine
 10
2.4948818897637794
 20
2.320472440944883
 30
0.0
 11
2.4948818897637794
 21
2.322047244094489
 31
0.0
  0
LINE
  5
E29
330
17
100
AcDbEntity
  8
GEOMETRY
100
AcDbLine
 10
2.4948818897637794
 20
2.324015748031496
 30
0.0
 11
2.4948818897637794
 21
2.324015748031496
 31
0.0
  0
LINE
  5
E2A
330
17
100
AcDbEntity
  8
GEOMETRY
100
AcDbLine
 10
2.5039370078740157
 20
2.29488188976378
 30
0.0
 11
2.5039370078740157
 21
2.2968503937007876
 31
0.0
  0
LINE
  5
E2B
330
17
100
AcDbEntity
  8
GEOMETRY
100
AcDbLine
 10
2.5039370078740157
 20
2.305118110236221
 30
0.0
 11
2.5039370078740157
 21
2.307086614173229
 31
0.0
  0
LINE
  5
E2C
330
17
100
AcDbEntity
  8
GEOMETRY
100
AcDbLine
 10
2.5039370078740157
 20
2.3153543307086615
 30
0.0
 11
2.5039370078740157
 21
2.3169291338582685
 31
0.0
  0
LINE
  5
E2D
330
17
100
AcDbEntity
  8
GEOMETRY
100
AcDbLine
 10
2.5039370078740157
 20
2.318897637795276
 30
0.0
 11
2.5039370078740157
 21
2.319291338582678
 31
0.0
  0
LINE
  5
E2E
330
17
100
AcDbEntity
  8
GEOMETRY
100
AcDbLine
 10
2.5125984251968503
 20
2.28976377952756
 30
0.0
 11
2.5125984251968503
 21
2.291732283464567
 31
0.0
  0
LINE
  5
E2F
330
17
100
AcDbEntity
  8
GEOMETRY
100
AcDbLine
 10
2.5125984251968503
 20
2.3000000000000007
 30
0.0
 11
2.5125984251968503
 21
2.301968503937009
 31
0.0
  0
LINE
  5
E30
330
17
100
AcDbEntity
  8
GEOMETRY
100
AcDbLine
 10
2.5125984251968503
 20
2.3102362204724414
 30
0.0
 11
2.5125984251968503
 21
2.3122047244094497
 31
0.0
  0
LINE
  5
E31
330
17
100
AcDbEntity
  8
GEOMETRY
100
AcDbLine
 10
2.5125984251968503
 20
2.3137795275590554
 30
0.0
 11
2.5125984251968503
 21
2.3141732283464567
 31
0.0
  0
LINE
  5
E32
330
17
100
AcDbEntity
  8
GEOMETRY
100
AcDbLine
 10
2.521259842519685
 20
2.285039370078741
 30
0.0
 11
2.521259842519685
 21
2.286614173228347
 31
0.0
  0
LINE
  5
E33
330
17
100
AcDbEntity
  8
GEOMETRY
100
AcDbLine
 10
2.521259842519685
 20
2.29488188976378
 30
0.0
 11
2.521259842519685
 21
2.2968503937007876
 31
0.0
  0
LINE
  5
E34
330
17
100
AcDbEntity
  8
GEOMETRY
100
AcDbLine
 10
2.521259842519685
 20
2.305118110236221
 30
0.0
 11
2.521259842519685
 21
2.307086614173229
 31
0.0
  0
LINE
  5
E35
330
17
100
AcDbEntity
  8
GEOMETRY
100
AcDbLine
 10
2.521259842519685
 20
2.3090551181102366
 30
0.0
 11
2.521259842519685
 21
2.3090551181102366
 31
0.0
  0
LINE
  5
E36
330
17
100
AcDbEntity
  8
GEOMETRY
100
AcDbLine
 10
2.5303149606299216
 20
2.2799212598425207
 30
0.0
 11
2.5303149606299216
 21
2.281496062992127
 31
0.0
  0
LINE
  5
E37
330
17
100
AcDbEntity
  8
GEOMETRY
100
AcDbLine
 10
2.5303149606299216
 20
2.2901574803149614
 30
0.0
 11
2.5303149606299216
 21
2.291732283464567
 31
0.0
  0
LINE
  5
E38
330
17
100
AcDbEntity
  8
GEOMETRY
100
AcDbLine
 10
2.5303149606299216
 20
2.3000000000000007
 30
0.0
 11
2.5303149606299216
 21
2.301968503937009
 31
0.0
  0
LINE
  5
E39
330
17
100
AcDbEntity
  8
GEOMETRY
100
AcDbLine
 10
2.5303149606299216
 20
2.303937007874016
 30
0.0
 11
2.5303149606299216
 21
2.303937007874016
 31
0.0
  0
LINE
  5
E3A
330
17
100
AcDbEntity
  8
GEOMETRY
100
AcDbLine
 10
2.538976377952756
 20
2.2748031496062993
 30
0.0
 11
2.538976377952756
 21
2.2763779527559063
 31
0.0
  0
LINE
  5
E3B
330
17
100
AcDbEntity
  8
GEOMETRY
100
AcDbLine
 10
2.538976377952756
 20
2.285039370078741
 30
0.0
 11
2.538976377952756
 21
2.286614173228347
 31
0.0
  0
LINE
  5
E3C
330
17
100
AcDbEntity
  8
GEOMETRY
100
AcDbLine
 10
2.538976377952756
 20
2.29488188976378
 30
0.0
 11
2.538976377952756
 21
2.2968503937007876
 31
0.0
  0
LINE
  5
E3D
330
17
100
AcDbEntity
  8
GEOMETRY
100
AcDbLine
 10
2.538976377952756
 20
2.298818897637796
 30
0.0
 11
2.538976377952756
 21
2.298818897637796
 31
0.0
  0
LINE
  5
E3E
330
17
100
AcDbEntity
  8
GEOMETRY
100
AcDbLine
 10
2.5476377952755906
 20
2.2799212598425207
 30
0.0
 11
2.5476377952755906
 21
2.281496062992127
 31
0.0
  0
LINE
  5
E3F
330
17
100
AcDbEntity
  8
GEOMETRY
100
AcDbLine
 10
2.5476377952755906
 20
2.2901574803149614
 30
0.0
 11
2.5476377952755906
 21
2.291732283464567
 31
0.0
  0
LINE
  5
E40
330
17
100
AcDbEntity
  8
GEOMETRY
100
AcDbLine
 10
2.5476377952755906
 20
2.2937007874015753
 30
0.0
 11
2.5476377952755906
 21
2.2937007874015753
 31
0.0
  0
LINE
  5
E41
330
17
100
AcDbEntity
  8
GEOMETRY
100
AcDbLine
 10
2.5566929133858265
 20
2.285039370078741
 30
0.0
 11
2.5566929133858265
 21
2.286614173228347
 31
0.0
  0
LINE
  5
E42
330
17
100
AcDbEntity
  8
GEOMETRY
100
AcDbLine
 10
2.5566929133858265
 20
2.2885826771653552
 30
0.0
 11
2.5566929133858265
 21
2.2885826771653552
 31
0.0
  0
LINE
  5
E43
330
17
100
AcDbEntity
  8
GEOMETRY
100
AcDbLine
 10
2.565354330708661
 20
2.283464566929134
 30
0.0
 11
2.565354330708661
 21
2.283858267716536
 31
0.0
  0
LINE
  5
E44
330
17
100
AcDbEntity
  8
GEOMETRY
100
AcDbLine
 10
1.8551181102362206
 20
1.7854330708661426
 30
0.0
 11
1.8551181102362206
 21
1.8539370078740158
 31
0.0
  0
LINE
  5
E45
330
17
100
AcDbEntity
  8
GEOMETRY
100
AcDbLine
 10
1.8641732283464567
 20
1.7905511811023629
 30
0.0
 11
1.8641732283464567
 21
1.8590551181102373
 31
0.0
  0
LINE
  5
E46
330
17
100
AcDbEntity
  8
GEOMETRY
100
AcDbLine
 10
1.8728346456692913
 20
1.7956692913385832
 30
0.0
 11
1.8728346456692913
 21
1.8641732283464576
 31
0.0
  0
LINE
  5
E47
330
17
100
AcDbEntity
  8
GEOMETRY
100
AcDbLine
 10
1.881496062992126
 20
1.8007874015748035
 30
0.0
 11
1.881496062992126
 21
1.869291338582678
 31
0.0
  0
LINE
  5
E48
330
17
100
AcDbEntity
  8
GEOMETRY
100
AcDbLine
 10
1.8901574803149608
 20
1.8059055118110239
 30
0.0
 11
1.8901574803149608
 21
1.874409448818898
 31
0.0
  0
LINE
  5
E49
330
17
100
AcDbEntity
  8
GEOMETRY
100
AcDbLine
 10
1.8992125984251966
 20
1.810629921259843
 30
0.0
 11
1.8992125984251966
 21
1.8795275590551184
 31
0.0
  0
LINE
  5
E4A
330
17
100
AcDbEntity
  8
GEOMETRY
100
AcDbLine
 10
1.9078740157480314
 20
1.8157480314960632
 30
0.0
 11
1.9078740157480314
 21
1.8842519685039376
 31
0.0
  0
LINE
  5
E4B
330
17
100
AcDbEntity
  8
GEOMETRY
100
AcDbLine
 10
1.9165354330708662
 20
1.8208661417322833
 30
0.0
 11
1.9165354330708662
 21
1.8893700787401577
 31
0.0
  0
LINE
  5
E4C
330
17
100
AcDbEntity
  8
GEOMETRY
100
AcDbLine
 10
1.9251968503937007
 20
1.8259842519685048
 30
0.0
 11
1.9251968503937007
 21
1.894488188976378
 31
0.0
  0
LINE
  5
E4D
330
17
100
AcDbEntity
  8
GEOMETRY
100
AcDbLine
 10
1.9342519685039368
 20
1.831102362204725
 30
0.0
 11
1.9342519685039368
 21
1.8996062992125984
 31
0.0
  0
LINE
  5
E4E
330
17
100
AcDbEntity
  8
GEOMETRY
100
AcDbLine
 10
1.9429133858267718
 20
1.8362204724409454
 30
0.0
 11
1.9429133858267718
 21
1.9047244094488198
 31
0.0
  0
LINE
  5
E4F
330
17
100
AcDbEntity
  8
GEOMETRY
100
AcDbLine
 10
1.9515748031496063
 20
1.8409448818897645
 30
0.0
 11
1.9515748031496063
 21
1.9098425196850402
 31
0.0
  0
LINE
  5
E50
330
17
100
AcDbEntity
  8
GEOMETRY
100
AcDbLine
 10
1.9602362204724408
 20
1.8460629921259848
 30
0.0
 11
1.9602362204724408
 21
1.9145669291338592
 31
0.0
  0
LINE
  5
E51
330
17
100
AcDbEntity
  8
GEOMETRY
100
AcDbLine
 10
1.969291338582677
 20
1.8511811023622051
 30
0.0
 11
1.969291338582677
 21
1.9196850393700795
 31
0.0
  0
LINE
  5
E52
330
17
100
AcDbEntity
  8
GEOMETRY
100
AcDbLine
 10
1.9779527559055117
 20
1.8562992125984255
 30
0.0
 11
1.9779527559055117
 21
1.9248031496062998
 31
0.0
  0
LINE
  5
E53
330
17
100
AcDbEntity
  8
GEOMETRY
100
AcDbLine
 10
1.9866141732283464
 20
1.8614173228346458
 30
0.0
 11
1.9866141732283464
 21
1.9299212598425202
 31
0.0
  0
LINE
  5
E54
330
17
100
AcDbEntity
  8
GEOMETRY
100
AcDbLine
 10
1.995275590551181
 20
1.866535433070867
 30
0.0
 11
1.995275590551181
 21
1.9350393700787403
 31
0.0
  0
LINE
  5
E55
330
17
100
AcDbEntity
  8
GEOMETRY
100
AcDbLine
 10
2.004330708661417
 20
1.8716535433070873
 30
0.0
 11
2.004330708661417
 21
1.9401574803149606
 31
0.0
  0
LINE
  5
E56
330
17
100
AcDbEntity
  8
GEOMETRY
100
AcDbLine
 10
2.0129921259842516
 20
1.8763779527559066
 30
0.0
 11
2.0129921259842516
 21
1.945275590551182
 31
0.0
  0
LINE
  5
E57
330
17
100
AcDbEntity
  8
GEOMETRY
100
AcDbLine
 10
2.0216535433070866
 20
1.8814960629921267
 30
0.0
 11
2.0216535433070866
 21
1.95
 31
0.0
  0
LINE
  5
E58
330
17
100
AcDbEntity
  8
GEOMETRY
100
AcDbLine
 10
2.030314960629921
 20
1.886614173228347
 30
0.0
 11
2.030314960629921
 21
1.9551181102362214
 31
0.0
  0
LINE
  5
E59
330
17
100
AcDbEntity
  8
GEOMETRY
100
AcDbLine
 10
2.0393700787401574
 20
1.8917322834645673
 30
0.0
 11
2.0393700787401574
 21
1.9602362204724417
 31
0.0
  0
LINE
  5
E5A
330
17
100
AcDbEntity
  8
GEOMETRY
100
AcDbLine
 10
2.048031496062992
 20
1.8968503937007877
 30
0.0
 11
2.048031496062992
 21
1.965354330708662
 31
0.0
  0
LINE
  5
E5B
330
17
100
AcDbEntity
  8
GEOMETRY
100
AcDbLine
 10
2.0566929133858265
 20
1.901968503937008
 30
0.0
 11
2.0566929133858265
 21
1.9704724409448824
 31
0.0
  0
LINE
  5
E5C
330
17
100
AcDbEntity
  8
GEOMETRY
100
AcDbLine
 10
2.0653543307086615
 20
1.906692913385827
 30
0.0
 11
2.0653543307086615
 21
1.9755905511811025
 31
0.0
  0
LINE
  5
E5D
330
17
100
AcDbEntity
  8
GEOMETRY
100
AcDbLine
 10
2.0744094488188973
 20
1.9118110236220474
 30
0.0
 11
2.0744094488188973
 21
1.9803149606299217
 31
0.0
  0
LINE
  5
E5E
330
17
100
AcDbEntity
  8
GEOMETRY
100
AcDbLine
 10
2.0830708661417323
 20
1.9169291338582688
 30
0.0
 11
2.0830708661417323
 21
1.985433070866142
 31
0.0
  0
LINE
  5
E5F
330
17
100
AcDbEntity
  8
GEOMETRY
100
AcDbLine
 10
2.091732283464567
 20
1.922047244094489
 30
0.0
 11
2.091732283464567
 21
1.9905511811023622
 31
0.0
  0
LINE
  5
E60
330
17
100
AcDbEntity
  8
GEOMETRY
100
AcDbLine
 10
2.1003937007874014
 20
1.9271653543307092
 30
0.0
 11
2.1003937007874014
 21
1.9956692913385836
 31
0.0
  0
LINE
  5
E61
330
17
100
AcDbEntity
  8
GEOMETRY
100
AcDbLine
 10
2.1094488188976377
 20
1.9322834645669296
 30
0.0
 11
2.1094488188976377
 21
2.000787401574804
 31
0.0
  0
LINE
  5
E62
330
17
100
AcDbEntity
  8
GEOMETRY
100
AcDbLine
 10
2.1181102362204722
 20
1.9370078740157486
 30
0.0
 11
2.1181102362204722
 21
2.005905511811024
 31
0.0
  0
LINE
  5
E63
330
17
100
AcDbEntity
  8
GEOMETRY
100
AcDbLine
 10
2.1267716535433068
 20
1.942125984251969
 30
0.0
 11
2.1267716535433068
 21
2.0110236220472446
 31
0.0
  0
LINE
  5
E64
330
17
100
AcDbEntity
  8
GEOMETRY
100
AcDbLine
 10
2.1354330708661413
 20
1.9472440944881892
 30
0.0
 11
2.1354330708661413
 21
2.015748031496064
 31
0.0
  0
LINE
  5
E65
330
17
100
AcDbEntity
  8
GEOMETRY
100
AcDbLine
 10
2.144488188976378
 20
1.9523622047244096
 30
0.0
 11
2.144488188976378
 21
2.020866141732284
 31
0.0
  0
LINE
  5
E66
330
17
100
AcDbEntity
  8
GEOMETRY
100
AcDbLine
 10
2.1531496062992126
 20
1.957480314960631
 30
0.0
 11
2.1531496062992126
 21
2.025984251968504
 31
0.0
  0
LINE
  5
E67
330
17
100
AcDbEntity
  8
GEOMETRY
100
AcDbLine
 10
2.161811023622047
 20
1.9625984251968513
 30
0.0
 11
2.161811023622047
 21
2.0311023622047246
 31
0.0
  0
LINE
  5
E68
330
17
100
AcDbEntity
  8
GEOMETRY
100
AcDbLine
 10
2.1704724409448817
 20
1.9677165354330715
 30
0.0
 11
2.1704724409448817
 21
2.036220472440946
 31
0.0
  0
LINE
  5
E69
330
17
100
AcDbEntity
  8
GEOMETRY
100
AcDbLine
 10
2.179527559055118
 20
1.9724409448818907
 30
0.0
 11
2.179527559055118
 21
2.041338582677166
 31
0.0
  0
LINE
  5
E6A
330
17
100
AcDbEntity
  8
GEOMETRY
100
AcDbLine
 10
2.1881889763779525
 20
1.977559055118111
 30
0.0
 11
2.1881889763779525
 21
2.0460629921259854
 31
0.0
  0
LINE
  5
E6B
330
17
100
AcDbEntity
  8
GEOMETRY
100
AcDbLine
 10
2.196850393700787
 20
1.9826771653543311
 30
0.0
 11
2.196850393700787
 21
2.0511811023622055
 31
0.0
  0
LINE
  5
E6C
330
17
100
AcDbEntity
  8
GEOMETRY
100
AcDbLine
 10
2.205511811023622
 20
1.9877952755905515
 30
0.0
 11
2.205511811023622
 21
2.056299212598426
 31
0.0
  0
LINE
  5
E6D
330
17
100
AcDbEntity
  8
GEOMETRY
100
AcDbLine
 10
2.2145669291338583
 20
1.9929133858267718
 30
0.0
 11
2.2145669291338583
 21
2.061417322834646
 31
0.0
  0
LINE
  5
E6E
330
17
100
AcDbEntity
  8
GEOMETRY
100
AcDbLine
 10
2.223228346456693
 20
1.9980314960629921
 30
0.0
 11
2.223228346456693
 21
2.0665354330708663
 31
0.0
  0
LINE
  5
E6F
330
17
100
AcDbEntity
  8
GEOMETRY
100
AcDbLine
 10
2.2318897637795274
 20
2.0027559055118114
 30
0.0
 11
2.2318897637795274
 21
2.071653543307087
 31
0.0
  0
LINE
  5
E70
330
17
100
AcDbEntity
  8
GEOMETRY
100
AcDbLine
 10
2.240551181102362
 20
2.0078740157480315
 30
0.0
 11
2.240551181102362
 21
2.076771653543307
 31
0.0
  0
LINE
  5
E71
330
17
100
AcDbEntity
  8
GEOMETRY
100
AcDbLine
 10
2.2496062992125982
 20
2.012992125984253
 30
0.0
 11
2.2496062992125982
 21
2.081496062992126
 31
0.0
  0
LINE
  5
E72
330
17
100
AcDbEntity
  8
GEOMETRY
100
AcDbLine
 10
2.2582677165354332
 20
2.018110236220473
 30
0.0
 11
2.2582677165354332
 21
2.0866141732283463
 31
0.0
  0
LINE
  5
E73
330
17
100
AcDbEntity
  8
GEOMETRY
100
AcDbLine
 10
2.2669291338582678
 20
2.0232283464566936
 30
0.0
 11
2.2669291338582678
 21
2.0917322834645677
 31
0.0
  0
LINE
  5
E74
330
17
100
AcDbEntity
  8
GEOMETRY
100
AcDbLine
 10
2.2755905511811023
 20
2.0283464566929137
 30
0.0
 11
2.2755905511811023
 21
2.0968503937007883
 31
0.0
  0
LINE
  5
E75
330
17
100
AcDbEntity
  8
GEOMETRY
100
AcDbLine
 10
2.2846456692913386
 20
2.0334645669291342
 30
0.0
 11
2.2846456692913386
 21
2.1019685039370084
 31
0.0
  0
LINE
  5
E76
330
17
100
AcDbEntity
  8
GEOMETRY
100
AcDbLine
 10
2.293307086614173
 20
2.038188976377953
 30
0.0
 11
2.293307086614173
 21
2.1070866141732285
 31
0.0
  0
LINE
  5
E77
330
17
100
AcDbEntity
  8
GEOMETRY
100
AcDbLine
 10
2.3019685039370077
 20
2.0433070866141736
 30
0.0
 11
2.3019685039370077
 21
2.1118110236220478
 31
0.0
  0
LINE
  5
E78
330
17
100
AcDbEntity
  8
GEOMETRY
100
AcDbLine
 10
2.3106299212598422
 20
2.0484251968503937
 30
0.0
 11
2.3106299212598422
 21
2.1169291338582683
 31
0.0
  0
LINE
  5
E79
330
17
100
AcDbEntity
  8
GEOMETRY
100
AcDbLine
 10
2.319685039370079
 20
2.053543307086615
 30
0.0
 11
2.319685039370079
 21
2.1220472440944884
 31
0.0
  0
LINE
  5
E7A
330
17
100
AcDbEntity
  8
GEOMETRY
100
AcDbLine
 10
2.3283464566929135
 20
2.0586614173228353
 30
0.0
 11
2.3283464566929135
 21
2.1271653543307085
 31
0.0
  0
LINE
  5
E7B
330
17
100
AcDbEntity
  8
GEOMETRY
100
AcDbLine
 10
2.337007874015748
 20
2.063779527559056
 30
0.0
 11
2.337007874015748
 21
2.13228346456693
 31
0.0
  0
LINE
  5
E7C
330
17
100
AcDbEntity
  8
GEOMETRY
100
AcDbLine
 10
2.3456692913385826
 20
2.0685039370078746
 30
0.0
 11
2.3456692913385826
 21
2.1374015748031505
 31
0.0
  0
LINE
  5
E7D
330
17
100
AcDbEntity
  8
GEOMETRY
100
AcDbLine
 10
2.354724409448819
 20
2.073622047244095
 30
0.0
 11
2.354724409448819
 21
2.1421259842519693
 31
0.0
  0
LINE
  5
E7E
330
17
100
AcDbEntity
  8
GEOMETRY
100
AcDbLine
 10
2.3633858267716534
 20
2.0787401574803153
 30
0.0
 11
2.3633858267716534
 21
2.14724409448819
 31
0.0
  0
LINE
  5
E7F
330
17
100
AcDbEntity
  8
GEOMETRY
100
AcDbLine
 10
2.372047244094488
 20
2.083858267716536
 30
0.0
 11
2.372047244094488
 21
2.15236220472441
 31
0.0
  0
LINE
  5
E80
330
17
100
AcDbEntity
  8
GEOMETRY
100
AcDbLine
 10
2.380708661417323
 20
2.088976377952756
 30
0.0
 11
2.380708661417323
 21
2.1574803149606305
 31
0.0
  0
LINE
  5
E81
330
17
100
AcDbEntity
  8
GEOMETRY
100
AcDbLine
 10
2.3897637795275593
 20
2.0940944881889774
 30
0.0
 11
2.3897637795275593
 21
2.1625984251968506
 31
0.0
  0
LINE
  5
E82
330
17
100
AcDbEntity
  8
GEOMETRY
100
AcDbLine
 10
2.398425196850394
 20
2.0992125984251975
 30
0.0
 11
2.398425196850394
 21
2.1677165354330707
 31
0.0
  0
LINE
  5
E83
330
17
100
AcDbEntity
  8
GEOMETRY
100
AcDbLine
 10
2.4070866141732283
 20
2.1039370078740167
 30
0.0
 11
2.4070866141732283
 21
2.172834645669292
 31
0.0
  0
LINE
  5
E84
330
17
100
AcDbEntity
  8
GEOMETRY
100
AcDbLine
 10
2.415748031496063
 20
2.109055118110237
 30
0.0
 11
2.415748031496063
 21
2.17755905511811
 31
0.0
  0
LINE
  5
E85
330
17
100
AcDbEntity
  8
GEOMETRY
100
AcDbLine
 10
2.424803149606299
 20
2.1141732283464574
 30
0.0
 11
2.424803149606299
 21
2.1826771653543315
 31
0.0
  0
LINE
  5
E86
330
17
100
AcDbEntity
  8
GEOMETRY
100
AcDbLine
 10
2.4334645669291337
 20
2.1192913385826775
 30
0.0
 11
2.4334645669291337
 21
2.187795275590552
 31
0.0
  0
LINE
  5
E87
330
17
100
AcDbEntity
  8
GEOMETRY
100
AcDbLine
 10
2.4421259842519687
 20
2.124409448818898
 30
0.0
 11
2.4421259842519687
 21
2.192913385826772
 31
0.0
  0
LINE
  5
E88
330
17
100
AcDbEntity
  8
GEOMETRY
100
AcDbLine
 10
2.4507874015748032
 20
2.129527559055118
 30
0.0
 11
2.4507874015748032
 21
2.1980314960629928
 31
0.0
  0
LINE
  5
E89
330
17
100
AcDbEntity
  8
GEOMETRY
100
AcDbLine
 10
2.459842519685039
 20
2.1342519685039374
 30
0.0
 11
2.459842519685039
 21
2.203149606299213
 31
0.0
  0
LINE
  5
E8A
330
17
100
AcDbEntity
  8
GEOMETRY
100
AcDbLine
 10
2.468503937007874
 20
2.1393700787401575
 30
0.0
 11
2.468503937007874
 21
2.207874015748032
 31
0.0
  0
LINE
  5
E8B
330
17
100
AcDbEntity
  8
GEOMETRY
100
AcDbLine
 10
2.4771653543307086
 20
2.144488188976379
 30
0.0
 11
2.4771653543307086
 21
2.2043307086614177
 31
0.0
  0
LINE
  5
E8C
330
17
100
AcDbEntity
  8
GEOMETRY
100
AcDbLine
 10
2.4771653543307086
 20
2.208267716535433
 30
0.0
 11
2.4771653543307086
 21
2.2106299212598426
 31
0.0
  0
LINE
  5
E8D
330
17
100
AcDbEntity
  8
GEOMETRY
100
AcDbLine
 10
2.485826771653543
 20
2.1496062992125995
 30
0.0
 11
2.485826771653543
 21
2.1992125984251976
 31
0.0
  0
LINE
  5
E8E
330
17
100
AcDbEntity
  8
GEOMETRY
100
AcDbLine
 10
2.485826771653543
 20
2.203149606299213
 30
0.0
 11
2.485826771653543
 21
2.2055118110236225
 31
0.0
  0
LINE
  5
E8F
330
17
100
AcDbEntity
  8
GEOMETRY
100
AcDbLine
 10
2.485826771653543
 20
2.209448818897638
 30
0.0
 11
2.485826771653543
 21
2.2118110236220474
 31
0.0
  0
LINE
  5
E90
330
17
100
AcDbEntity
  8
GEOMETRY
100
AcDbLine
 10
2.485826771653543
 20
2.215748031496063
 30
0.0
 11
2.485826771653543
 21
2.2181102362204728
 31
0.0
  0
LINE
  5
E91
330
17
100
AcDbEntity
  8
GEOMETRY
100
AcDbLine
 10
2.4948818897637794
 20
2.1547244094488196
 30
0.0
 11
2.4948818897637794
 21
2.194094488188977
 31
0.0
  0
LINE
  5
E92
330
17
100
AcDbEntity
  8
GEOMETRY
100
AcDbLine
 10
2.4948818897637794
 20
2.1980314960629928
 30
0.0
 11
2.4948818897637794
 21
2.200393700787402
 31
0.0
  0
LINE
  5
E93
330
17
100
AcDbEntity
  8
GEOMETRY
100
AcDbLine
 10
2.4948818897637794
 20
2.2043307086614177
 30
0.0
 11
2.4948818897637794
 21
2.2070866141732286
 31
0.0
  0
LINE
  5
E94
330
17
100
AcDbEntity
  8
GEOMETRY
100
AcDbLine
 10
2.4948818897637794
 20
2.2106299212598426
 30
0.0
 11
2.4948818897637794
 21
2.2133858267716544
 31
0.0
  0
LINE
  5
E95
330
17
100
AcDbEntity
  8
GEOMETRY
100
AcDbLine
 10
2.5035433070866144
 20
2.1598425196850397
 30
0.0
 11
2.5035433070866144
 21
2.1893700787401578
 31
0.0
  0
LINE
  5
E96
330
17
100
AcDbEntity
  8
GEOMETRY
100
AcDbLine
 10
2.5035433070866144
 20
2.192913385826772
 30
0.0
 11
2.5035433070866144
 21
2.195669291338583
 31
0.0
  0
LINE
  5
E97
330
17
100
AcDbEntity
  8
GEOMETRY
100
AcDbLine
 10
2.5035433070866144
 20
2.1992125984251976
 30
0.0
 11
2.5035433070866144
 21
2.201968503937008
 31
0.0
  0
LINE
  5
E98
330
17
100
AcDbEntity
  8
GEOMETRY
100
AcDbLine
 10
2.5035433070866144
 20
2.2055118110236225
 30
0.0
 11
2.5035433070866144
 21
2.208267716535433
 31
0.0
  0
LINE
  5
E99
330
17
100
AcDbEntity
  8
GEOMETRY
100
AcDbLine
 10
2.512204724409449
 20
2.1649606299212603
 30
0.0
 11
2.512204724409449
 21
2.1842519685039377
 31
0.0
  0
LINE
  5
E9A
330
17
100
AcDbEntity
  8
GEOMETRY
100
AcDbLine
 10
2.512204724409449
 20
2.187795275590552
 30
0.0
 11
2.512204724409449
 21
2.1905511811023626
 31
0.0
  0
LINE
  5
E9B
330
17
100
AcDbEntity
  8
GEOMETRY
100
AcDbLine
 10
2.512204724409449
 20
2.194094488188977
 30
0.0
 11
2.512204724409449
 21
2.196850393700788
 31
0.0
  0
LINE
  5
E9C
330
17
100
AcDbEntity
  8
GEOMETRY
100
AcDbLine
 10
2.512204724409449
 20
2.2007874015748032
 30
0.0
 11
2.512204724409449
 21
2.203149606299213
 31
0.0
  0
LINE
  5
E9D
330
17
100
AcDbEntity
  8
GEOMETRY
100
AcDbLine
 10
2.5208661417322835
 20
2.169685039370079
 30
0.0
 11
2.5208661417322835
 21
2.1791338582677175
 31
0.0
  0
LINE
  5
E9E
330
17
100
AcDbEntity
  8
GEOMETRY
100
AcDbLine
 10
2.5208661417322835
 20
2.183070866141733
 30
0.0
 11
2.5208661417322835
 21
2.1854330708661425
 31
0.0
  0
LINE
  5
E9F
330
17
100
AcDbEntity
  8
GEOMETRY
100
AcDbLine
 10
2.5208661417322835
 20
2.1893700787401578
 30
0.0
 11
2.5208661417322835
 21
2.1917322834645674
 31
0.0
  0
LINE
  5
EA0
330
17
100
AcDbEntity
  8
GEOMETRY
100
AcDbLine
 10
2.5208661417322835
 20
2.195669291338583
 30
0.0
 11
2.5208661417322835
 21
2.1980314960629928
 31
0.0
  0
LINE
  5
EA1
330
17
100
AcDbEntity
  8
GEOMETRY
100
AcDbLine
 10
2.5299212598425194
 20
2.1779527559055127
 30
0.0
 11
2.5299212598425194
 21
2.1803149606299224
 31
0.0
  0
LINE
  5
EA2
330
17
100
AcDbEntity
  8
GEOMETRY
100
AcDbLine
 10
2.5299212598425194
 20
2.1842519685039377
 30
0.0
 11
2.5299212598425194
 21
2.1866141732283473
 31
0.0
  0
LINE
  5
EA3
330
17
100
AcDbEntity
  8
GEOMETRY
100
AcDbLine
 10
2.5299212598425194
 20
2.1905511811023626
 30
0.0
 11
2.5299212598425194
 21
2.192913385826772
 31
0.0
  0
LINE
  5
EA4
330
17
100
AcDbEntity
  8
GEOMETRY
100
AcDbLine
 10
2.538582677165354
 20
2.1799212598425197
 30
0.0
 11
2.538582677165354
 21
2.1814960629921267
 31
0.0
  0
LINE
  5
EA5
330
17
100
AcDbEntity
  8
GEOMETRY
100
AcDbLine
 10
2.538582677165354
 20
2.1854330708661425
 30
0.0
 11
2.538582677165354
 21
2.1881889763779534
 31
0.0
  0
LINE
  5
EA6
330
17
100
AcDbEntity
  8
GEOMETRY
100
AcDbLine
 10
2.56496062992126
 20
2.2598425196850394
 30
0.0
 11
2.56496062992126
 21
2.261417322834647
 31
0.0
  0
LINE
  5
EA7
330
17
100
AcDbEntity
  8
GEOMETRY
100
AcDbLine
 10
2.56496062992126
 20
2.263385826771654
 30
0.0
 11
2.56496062992126
 21
2.263779527559055
 31
0.0
  0
LINE
  5
EA8
330
17
100
AcDbEntity
  8
GEOMETRY
100
AcDbLine
 10
2.5736220472440947
 20
2.2547244094488192
 30
0.0
 11
2.5736220472440947
 21
2.2566929133858276
 31
0.0
  0
LINE
  5
EA9
330
17
100
AcDbEntity
  8
GEOMETRY
100
AcDbLine
 10
2.5736220472440947
 20
2.26496062992126
 30
0.0
 11
2.5736220472440947
 21
2.266535433070867
 31
0.0
  0
LINE
  5
EAA
330
17
100
AcDbEntity
  8
GEOMETRY
100
AcDbLine
 10
2.5736220472440947
 20
2.2685039370078743
 30
0.0
 11
2.5736220472440947
 21
2.2688976377952765
 31
0.0
  0
LINE
  5
EAB
330
17
100
AcDbEntity
  8
GEOMETRY
100
AcDbLine
 10
2.5822834645669293
 20
2.249606299212599
 30
0.0
 11
2.5822834645669293
 21
2.2515748031496075
 31
0.0
  0
LINE
  5
EAC
330
17
100
AcDbEntity
  8
GEOMETRY
100
AcDbLine
 10
2.5822834645669293
 20
2.2598425196850394
 30
0.0
 11
2.5822834645669293
 21
2.2618110236220477
 31
0.0
  0
LINE
  5
EAD
330
17
100
AcDbEntity
  8
GEOMETRY
100
AcDbLine
 10
2.5822834645669293
 20
2.2700787401574813
 30
0.0
 11
2.5822834645669293
 21
2.2716535433070875
 31
0.0
  0
LINE
  5
EAE
330
17
100
AcDbEntity
  8
GEOMETRY
100
AcDbLine
 10
2.5822834645669293
 20
2.2736220472440944
 30
0.0
 11
2.5822834645669293
 21
2.2736220472440944
 31
0.0
  0
LINE
  5
EAF
330
17
100
AcDbEntity
  8
GEOMETRY
100
AcDbLine
 10
2.590944881889764
 20
2.2444881889763786
 30
0.0
 11
2.590944881889764
 21
2.246456692913386
 31
0.0
  0
LINE
  5
EB0
330
17
100
AcDbEntity
  8
GEOMETRY
100
AcDbLine
 10
2.590944881889764
 20
2.2547244094488192
 30
0.0
 11
2.590944881889764
 21
2.2566929133858276
 31
0.0
  0
LINE
  5
EB1
330
17
100
AcDbEntity
  8
GEOMETRY
100
AcDbLine
 10
2.590944881889764
 20
2.26496062992126
 30
0.0
 11
2.590944881889764
 21
2.266929133858268
 31
0.0
  0
LINE
  5
EB2
330
17
100
AcDbEntity
  8
GEOMETRY
100
AcDbLine
 10
2.590944881889764
 20
2.2685039370078743
 30
0.0
 11
2.590944881889764
 21
2.2688976377952765
 31
0.0
  0
LINE
  5
EB3
330
17
100
AcDbEntity
  8
GEOMETRY
100
AcDbLine
 10
2.5999999999999996
 20
2.23976377952756
 30
0.0
 11
2.5999999999999996
 21
2.2413385826771655
 31
0.0
  0
LINE
  5
EB4
330
17
100
AcDbEntity
  8
GEOMETRY
100
AcDbLine
 10
2.5999999999999996
 20
2.249606299212599
 30
0.0
 11
2.5999999999999996
 21
2.2515748031496075
 31
0.0
  0
LINE
  5
EB5
330
17
100
AcDbEntity
  8
GEOMETRY
100
AcDbLine
 10
2.5999999999999996
 20
2.2598425196850394
 30
0.0
 11
2.5999999999999996
 21
2.2618110236220477
 31
0.0
  0
LINE
  5
EB6
330
17
100
AcDbEntity
  8
GEOMETRY
100
AcDbLine
 10
2.5999999999999996
 20
2.263779527559055
 30
0.0
 11
2.5999999999999996
 21
2.263779527559055
 31
0.0
  0
LINE
  5
EB7
330
17
100
AcDbEntity
  8
GEOMETRY
100
AcDbLine
 10
2.608661417322834
 20
2.2346456692913392
 30
0.0
 11
2.608661417322834
 21
2.2362204724409454
 31
0.0
  0
LINE
  5
EB8
330
17
100
AcDbEntity
  8
GEOMETRY
100
AcDbLine
 10
2.608661417322834
 20
2.24488188976378
 30
0.0
 11
2.608661417322834
 21
2.246456692913386
 31
0.0
  0
LINE
  5
EB9
330
17
100
AcDbEntity
  8
GEOMETRY
100
AcDbLine
 10
2.608661417322834
 20
2.2547244094488192
 30
0.0
 11
2.608661417322834
 21
2.2566929133858276
 31
0.0
  0
LINE
  5
EBA
330
17
100
AcDbEntity
  8
GEOMETRY
100
AcDbLine
 10
2.608661417322834
 20
2.258661417322835
 30
0.0
 11
2.608661417322834
 21
2.258661417322835
 31
0.0
  0
LINE
  5
EBB
330
17
100
AcDbEntity
  8
GEOMETRY
100
AcDbLine
 10
2.6173228346456687
 20
2.229527559055119
 30
0.0
 11
2.6173228346456687
 21
2.231102362204725
 31
0.0
  0
LINE
  5
EBC
330
17
100
AcDbEntity
  8
GEOMETRY
100
AcDbLine
 10
2.6173228346456687
 20
2.23976377952756
 30
0.0
 11
2.6173228346456687
 21
2.2413385826771655
 31
0.0
  0
LINE
  5
EBD
330
17
100
AcDbEntity
  8
GEOMETRY
100
AcDbLine
 10
2.6173228346456687
 20
2.25
 30
0.0
 11
2.6173228346456687
 21
2.2515748031496075
 31
0.0
  0
LINE
  5
EBE
330
17
100
AcDbEntity
  8
GEOMETRY
100
AcDbLine
 10
2.6173228346456687
 20
2.2535433070866144
 30
0.0
 11
2.6173228346456687
 21
2.2535433070866144
 31
0.0
  0
LINE
  5
EBF
330
17
100
AcDbEntity
  8
GEOMETRY
100
AcDbLine
 10
2.625984251968504
 20
2.2346456692913392
 30
0.0
 11
2.625984251968504
 21
2.2362204724409454
 31
0.0
  0
LINE
  5
EC0
330
17
100
AcDbEntity
  8
GEOMETRY
100
AcDbLine
 10
2.625984251968504
 20
2.24488188976378
 30
0.0
 11
2.625984251968504
 21
2.246456692913386
 31
0.0
  0
LINE
  5
EC1
330
17
100
AcDbEntity
  8
GEOMETRY
100
AcDbLine
 10
2.625984251968504
 20
2.2484251968503943
 30
0.0
 11
2.625984251968504
 21
2.2484251968503943
 31
0.0
  0
LINE
  5
EC2
330
17
100
AcDbEntity
  8
GEOMETRY
100
AcDbLine
 10
2.6346456692913387
 20
2.23976377952756
 30
0.0
 11
2.6346456692913387
 21
2.2413385826771655
 31
0.0
  0
LINE
  5
EC3
330
17
100
AcDbEntity
  8
GEOMETRY
100
AcDbLine
 10
2.6346456692913387
 20
2.2433070866141738
 30
0.0
 11
2.6346456692913387
 21
2.2433070866141738
 31
0.0
  0
LINE
  5
EC4
330
17
100
AcDbEntity
  8
GEOMETRY
100
AcDbLine
 10
1.8519685039370077
 20
1.7685039370078746
 30
0.0
 11
1.8519685039370077
 21
1.7834645669291342
 31
0.0
  0
LINE
  5
EC5
330
17
100
AcDbEntity
  8
GEOMETRY
100
AcDbLine
 10
1.8606299212598427
 20
1.7732283464566938
 30
0.0
 11
1.8606299212598427
 21
1.7885826771653546
 31
0.0
  0
LINE
  5
EC6
330
17
100
AcDbEntity
  8
GEOMETRY
100
AcDbLine
 10
1.8692913385826773
 20
1.778346456692914
 30
0.0
 11
1.8692913385826773
 21
1.793700787401575
 31
0.0
  0
LINE
  5
EC7
330
17
100
AcDbEntity
  8
GEOMETRY
100
AcDbLine
 10
1.8783464566929133
 20
1.7834645669291342
 30
0.0
 11
1.8783464566929133
 21
1.7988188976377963
 31
0.0
  0
LINE
  5
EC8
330
17
100
AcDbEntity
  8
GEOMETRY
100
AcDbLine
 10
1.887007874015748
 20
1.7885826771653546
 30
0.0
 11
1.887007874015748
 21
1.8039370078740167
 31
0.0
  0
LINE
  5
EC9
330
17
100
AcDbEntity
  8
GEOMETRY
100
AcDbLine
 10
1.8956692913385826
 20
1.793700787401575
 30
0.0
 11
1.8956692913385826
 21
1.8086614173228357
 31
0.0
  0
LINE
  5
ECA
330
17
100
AcDbEntity
  8
GEOMETRY
100
AcDbLine
 10
1.9043307086614174
 20
1.798425196850394
 30
0.0
 11
1.9043307086614174
 21
1.813779527559056
 31
0.0
  0
LINE
  5
ECB
330
17
100
AcDbEntity
  8
GEOMETRY
100
AcDbLine
 10
1.9129921259842522
 20
1.8035433070866143
 30
0.0
 11
1.9129921259842522
 21
1.8188976377952761
 31
0.0
  0
LINE
  5
ECC
330
17
100
AcDbEntity
  8
GEOMETRY
100
AcDbLine
 10
1.9220472440944882
 20
1.8086614173228357
 30
0.0
 11
1.9220472440944882
 21
1.8240157480314965
 31
0.0
  0
LINE
  5
ECD
330
17
100
AcDbEntity
  8
GEOMETRY
100
AcDbLine
 10
1.9307086614173228
 20
1.813779527559056
 30
0.0
 11
1.9307086614173228
 21
1.8291338582677168
 31
0.0
  0
LINE
  5
ECE
330
17
100
AcDbEntity
  8
GEOMETRY
100
AcDbLine
 10
1.9393700787401578
 20
1.8188976377952761
 30
0.0
 11
1.9393700787401578
 21
1.8338582677165358
 31
0.0
  0
LINE
  5
ECF
330
17
100
AcDbEntity
  8
GEOMETRY
100
AcDbLine
 10
1.9480314960629923
 20
1.8240157480314965
 30
0.0
 11
1.9480314960629923
 21
1.8389763779527561
 31
0.0
  0
LINE
  5
ED0
330
17
100
AcDbEntity
  8
GEOMETRY
100
AcDbLine
 10
1.9566929133858268
 20
1.8287401574803157
 30
0.0
 11
1.9566929133858268
 21
1.8440944881889765
 31
0.0
  0
LINE
  5
ED1
330
17
100
AcDbEntity
  8
GEOMETRY
100
AcDbLine
 10
1.965748031496063
 20
1.8338582677165358
 30
0.0
 11
1.965748031496063
 21
1.849212598425198
 31
0.0
  0
LINE
  5
ED2
330
17
100
AcDbEntity
  8
GEOMETRY
100
AcDbLine
 10
1.9744094488188975
 20
1.8389763779527561
 30
0.0
 11
1.9744094488188975
 21
1.8543307086614182
 31
0.0
  0
LINE
  5
ED3
330
17
100
AcDbEntity
  8
GEOMETRY
100
AcDbLine
 10
1.9830708661417324
 20
1.8440944881889765
 30
0.0
 11
1.9830708661417324
 21
1.8594488188976386
 31
0.0
  0
LINE
  5
ED4
330
17
100
AcDbEntity
  8
GEOMETRY
100
AcDbLine
 10
1.991732283464567
 20
1.849212598425198
 30
0.0
 11
1.991732283464567
 21
1.8641732283464576
 31
0.0
  0
LINE
  5
ED5
330
17
100
AcDbEntity
  8
GEOMETRY
100
AcDbLine
 10
2.0003937007874018
 20
1.8539370078740158
 30
0.0
 11
2.0003937007874018
 21
1.869291338582678
 31
0.0
  0
LINE
  5
ED6
330
17
100
AcDbEntity
  8
GEOMETRY
100
AcDbLine
 10
2.0094488188976376
 20
1.8590551181102373
 30
0.0
 11
2.0094488188976376
 21
1.874409448818898
 31
0.0
  0
LINE
  5
ED7
330
17
100
AcDbEntity
  8
GEOMETRY
100
AcDbLine
 10
2.0181102362204726
 20
1.8641732283464576
 30
0.0
 11
2.0181102362204726
 21
1.8795275590551184
 31
0.0
  0
LINE
  5
ED8
330
17
100
AcDbEntity
  8
GEOMETRY
100
AcDbLine
 10
2.026771653543307
 20
1.869291338582678
 30
0.0
 11
2.026771653543307
 21
1.8846456692913387
 31
0.0
  0
LINE
  5
ED9
330
17
100
AcDbEntity
  8
GEOMETRY
100
AcDbLine
 10
2.0354330708661417
 20
1.874409448818898
 30
0.0
 11
2.0354330708661417
 21
1.8893700787401577
 31
0.0
  0
LINE
  5
EDA
330
17
100
AcDbEntity
  8
GEOMETRY
100
AcDbLine
 10
2.044094488188976
 20
1.8795275590551184
 30
0.0
 11
2.044094488188976
 21
1.894488188976378
 31
0.0
  0
LINE
  5
EDB
330
17
100
AcDbEntity
  8
GEOMETRY
100
AcDbLine
 10
2.0531496062992125
 20
1.8842519685039376
 30
0.0
 11
2.0531496062992125
 21
1.8996062992125984
 31
0.0
  0
LINE
  5
EDC
330
17
100
AcDbEntity
  8
GEOMETRY
100
AcDbLine
 10
2.0618110236220475
 20
1.8893700787401577
 30
0.0
 11
2.0618110236220475
 21
1.9047244094488198
 31
0.0
  0
LINE
  5
EDD
330
17
100
AcDbEntity
  8
GEOMETRY
100
AcDbLine
 10
2.070472440944882
 20
1.894488188976378
 30
0.0
 11
2.070472440944882
 21
1.9098425196850402
 31
0.0
  0
LINE
  5
EDE
330
17
100
AcDbEntity
  8
GEOMETRY
100
AcDbLine
 10
2.0791338582677166
 20
1.8996062992125984
 30
0.0
 11
2.0791338582677166
 21
1.9149606299212605
 31
0.0
  0
LINE
  5
EDF
330
17
100
AcDbEntity
  8
GEOMETRY
100
AcDbLine
 10
2.087795275590551
 20
1.9047244094488198
 30
0.0
 11
2.087795275590551
 21
1.9196850393700795
 31
0.0
  0
LINE
  5
EE0
330
17
100
AcDbEntity
  8
GEOMETRY
100
AcDbLine
 10
2.0968503937007874
 20
1.9094488188976377
 30
0.0
 11
2.0968503937007874
 21
1.9248031496062998
 31
0.0
  0
LINE
  5
EE1
330
17
100
AcDbEntity
  8
GEOMETRY
100
AcDbLine
 10
2.1055118110236224
 20
1.9145669291338592
 30
0.0
 11
2.1055118110236224
 21
1.9299212598425202
 31
0.0
  0
LINE
  5
EE2
330
17
100
AcDbEntity
  8
GEOMETRY
100
AcDbLine
 10
2.114173228346457
 20
1.9196850393700795
 30
0.0
 11
2.114173228346457
 21
1.9350393700787403
 31
0.0
  0
LINE
  5
EE3
330
17
100
AcDbEntity
  8
GEOMETRY
100
AcDbLine
 10
2.1228346456692915
 20
1.9248031496062998
 30
0.0
 11
2.1228346456692915
 21
1.9401574803149606
 31
0.0
  0
LINE
  5
EE4
330
17
100
AcDbEntity
  8
GEOMETRY
100
AcDbLine
 10
2.131496062992126
 20
1.9299212598425202
 30
0.0
 11
2.131496062992126
 21
1.9448818897637796
 31
0.0
  0
LINE
  5
EE5
330
17
100
AcDbEntity
  8
GEOMETRY
100
AcDbLine
 10
2.1405511811023623
 20
1.9350393700787403
 30
0.0
 11
2.1405511811023623
 21
1.95
 31
0.0
  0
LINE
  5
EE6
330
17
100
AcDbEntity
  8
GEOMETRY
100
AcDbLine
 10
2.149212598425197
 20
1.9397637795275595
 30
0.0
 11
2.149212598425197
 21
1.9551181102362214
 31
0.0
  0
LINE
  5
EE7
330
17
100
AcDbEntity
  8
GEOMETRY
100
AcDbLine
 10
2.1578740157480314
 20
1.9448818897637796
 30
0.0
 11
2.1578740157480314
 21
1.9602362204724417
 31
0.0
  0
LINE
  5
EE8
330
17
100
AcDbEntity
  8
GEOMETRY
100
AcDbLine
 10
2.166535433070866
 20
1.95
 30
0.0
 11
2.166535433070866
 21
1.965354330708662
 31
0.0
  0
LINE
  5
EE9
330
17
100
AcDbEntity
  8
GEOMETRY
100
AcDbLine
 10
2.175196850393701
 20
1.9551181102362214
 30
0.0
 11
2.175196850393701
 21
1.970078740157481
 31
0.0
  0
LINE
  5
EEA
330
17
100
AcDbEntity
  8
GEOMETRY
100
AcDbLine
 10
2.184251968503937
 20
1.9602362204724417
 30
0.0
 11
2.184251968503937
 21
1.9751968503937014
 31
0.0
  0
LINE
  5
EEB
330
17
100
AcDbEntity
  8
GEOMETRY
100
AcDbLine
 10
2.1929133858267718
 20
1.9649606299212607
 30
0.0
 11
2.1929133858267718
 21
1.9803149606299217
 31
0.0
  0
LINE
  5
EEC
330
17
100
AcDbEntity
  8
GEOMETRY
100
AcDbLine
 10
2.2015748031496063
 20
1.970078740157481
 30
0.0
 11
2.2015748031496063
 21
1.985433070866142
 31
0.0
  0
LINE
  5
EED
330
17
100
AcDbEntity
  8
GEOMETRY
100
AcDbLine
 10
2.210236220472441
 20
1.9751968503937014
 30
0.0
 11
2.210236220472441
 21
1.9905511811023622
 31
0.0
  0
LINE
  5
EEE
330
17
100
AcDbEntity
  8
GEOMETRY
100
AcDbLine
 10
2.2188976377952754
 20
1.9803149606299217
 30
0.0
 11
2.2188976377952754
 21
1.9956692913385836
 31
0.0
  0
LINE
  5
EEF
330
17
100
AcDbEntity
  8
GEOMETRY
100
AcDbLine
 10
2.227952755905512
 20
1.985433070866142
 30
0.0
 11
2.227952755905512
 21
2.0003937007874018
 31
0.0
  0
LINE
  5
EF0
330
17
100
AcDbEntity
  8
GEOMETRY
100
AcDbLine
 10
2.2366141732283467
 20
1.990157480314961
 30
0.0
 11
2.2366141732283467
 21
2.005511811023623
 31
0.0
  0
LINE
  5
EF1
330
17
100
AcDbEntity
  8
GEOMETRY
100
AcDbLine
 10
2.245275590551181
 20
1.9952755905511814
 30
0.0
 11
2.245275590551181
 21
2.0106299212598433
 31
0.0
  0
LINE
  5
EF2
330
17
100
AcDbEntity
  8
GEOMETRY
100
AcDbLine
 10
2.2539370078740157
 20
2.0003937007874018
 30
0.0
 11
2.2539370078740157
 21
2.015748031496064
 31
0.0
  0
LINE
  5
EF3
330
17
100
AcDbEntity
  8
GEOMETRY
100
AcDbLine
 10
2.2625984251968503
 20
2.005511811023623
 30
0.0
 11
2.2625984251968503
 21
2.020866141732284
 31
0.0
  0
LINE
  5
EF4
330
17
100
AcDbEntity
  8
GEOMETRY
100
AcDbLine
 10
2.2716535433070866
 20
2.0106299212598433
 30
0.0
 11
2.2716535433070866
 21
2.025590551181103
 31
0.0
  0
LINE
  5
EF5
330
17
100
AcDbEntity
  8
GEOMETRY
100
AcDbLine
 10
2.280314960629921
 20
2.015748031496064
 30
0.0
 11
2.280314960629921
 21
2.0307086614173233
 31
0.0
  0
LINE
  5
EF6
330
17
100
AcDbEntity
  8
GEOMETRY
100
AcDbLine
 10
2.288976377952756
 20
2.0204724409448827
 30
0.0
 11
2.288976377952756
 21
2.0358267716535434
 31
0.0
  0
LINE
  5
EF7
330
17
100
AcDbEntity
  8
GEOMETRY
100
AcDbLine
 10
2.2976377952755906
 20
2.025590551181103
 30
0.0
 11
2.2976377952755906
 21
2.040944881889764
 31
0.0
  0
LINE
  5
EF8
330
17
100
AcDbEntity
  8
GEOMETRY
100
AcDbLine
 10
2.306299212598425
 20
2.0307086614173233
 30
0.0
 11
2.306299212598425
 21
2.0460629921259854
 31
0.0
  0
LINE
  5
EF9
330
17
100
AcDbEntity
  8
GEOMETRY
100
AcDbLine
 10
2.3153543307086615
 20
2.0358267716535434
 30
0.0
 11
2.3153543307086615
 21
2.0511811023622055
 31
0.0
  0
LINE
  5
EFA
330
17
100
AcDbEntity
  8
GEOMETRY
100
AcDbLine
 10
2.324015748031496
 20
2.040944881889764
 30
0.0
 11
2.324015748031496
 21
2.0559055118110248
 31
0.0
  0
LINE
  5
EFB
330
17
100
AcDbEntity
  8
GEOMETRY
100
AcDbLine
 10
2.3326771653543306
 20
2.0456692913385828
 30
0.0
 11
2.3326771653543306
 21
2.061023622047245
 31
0.0
  0
LINE
  5
EFC
330
17
100
AcDbEntity
  8
GEOMETRY
100
AcDbLine
 10
2.341338582677165
 20
2.0507874015748033
 30
0.0
 11
2.341338582677165
 21
2.0661417322834654
 31
0.0
  0
LINE
  5
EFD
330
17
100
AcDbEntity
  8
GEOMETRY
100
AcDbLine
 10
2.35
 20
2.0559055118110248
 30
0.0
 11
2.35
 21
2.0712598425196855
 31
0.0
  0
LINE
  5
EFE
330
17
100
AcDbEntity
  8
GEOMETRY
100
AcDbLine
 10
2.3590551181102364
 20
2.061023622047245
 30
0.0
 11
2.3590551181102364
 21
2.0763779527559056
 31
0.0
  0
LINE
  5
EFF
330
17
100
AcDbEntity
  8
GEOMETRY
100
AcDbLine
 10
2.367716535433071
 20
2.0661417322834654
 30
0.0
 11
2.367716535433071
 21
2.081102362204725
 31
0.0
  0
LINE
  5
F00
330
17
100
AcDbEntity
  8
GEOMETRY
100
AcDbLine
 10
2.3763779527559055
 20
2.0712598425196855
 30
0.0
 11
2.3763779527559055
 21
2.086220472440945
 31
0.0
  0
LINE
  5
F01
330
17
100
AcDbEntity
  8
GEOMETRY
100
AcDbLine
 10
2.38503937007874
 20
2.075984251968505
 30
0.0
 11
2.38503937007874
 21
2.0913385826771655
 31
0.0
  0
LINE
  5
F02
330
17
100
AcDbEntity
  8
GEOMETRY
100
AcDbLine
 10
2.3937007874015745
 20
2.081102362204725
 30
0.0
 11
2.3937007874015745
 21
2.0964566929133857
 31
0.0
  0
LINE
  5
F03
330
17
100
AcDbEntity
  8
GEOMETRY
100
AcDbLine
 10
2.402755905511811
 20
2.086220472440945
 30
0.0
 11
2.402755905511811
 21
2.101574803149607
 31
0.0
  0
LINE
  5
F04
330
17
100
AcDbEntity
  8
GEOMETRY
100
AcDbLine
 10
2.411417322834646
 20
2.0913385826771655
 30
0.0
 11
2.411417322834646
 21
2.1066929133858276
 31
0.0
  0
LINE
  5
F05
330
17
100
AcDbEntity
  8
GEOMETRY
100
AcDbLine
 10
2.4200787401574804
 20
2.0964566929133857
 30
0.0
 11
2.4200787401574804
 21
2.1114173228346464
 31
0.0
  0
LINE
  5
F06
330
17
100
AcDbEntity
  8
GEOMETRY
100
AcDbLine
 10
2.428740157480315
 20
2.101181102362205
 30
0.0
 11
2.428740157480315
 21
2.116535433070867
 31
0.0
  0
LINE
  5
F07
330
17
100
AcDbEntity
  8
GEOMETRY
100
AcDbLine
 10
2.4374015748031495
 20
2.106299212598425
 30
0.0
 11
2.4374015748031495
 21
2.121653543307087
 31
0.0
  0
LINE
  5
F08
330
17
100
AcDbEntity
  8
GEOMETRY
100
AcDbLine
 10
2.4464566929133857
 20
2.1114173228346464
 30
0.0
 11
2.4464566929133857
 21
2.1267716535433077
 31
0.0
  0
LINE
  5
F09
330
17
100
AcDbEntity
  8
GEOMETRY
100
AcDbLine
 10
2.4551181102362203
 20
2.116535433070867
 30
0.0
 11
2.4551181102362203
 21
2.1318897637795278
 31
0.0
  0
LINE
  5
F0A
330
17
100
AcDbEntity
  8
GEOMETRY
100
AcDbLine
 10
2.463779527559055
 20
2.121653543307087
 30
0.0
 11
2.463779527559055
 21
2.136614173228347
 31
0.0
  0
LINE
  5
F0B
330
17
100
AcDbEntity
  8
GEOMETRY
100
AcDbLine
 10
2.47244094488189
 20
2.1267716535433077
 30
0.0
 11
2.47244094488189
 21
2.141732283464567
 31
0.0
  0
LINE
  5
F0C
330
17
100
AcDbEntity
  8
GEOMETRY
100
AcDbLine
 10
2.4811023622047244
 20
2.1314960629921265
 30
0.0
 11
2.4811023622047244
 21
2.1468503937007872
 31
0.0
  0
LINE
  5
F0D
330
17
100
AcDbEntity
  8
GEOMETRY
100
AcDbLine
 10
2.4901574803149606
 20
2.136614173228347
 30
0.0
 11
2.4901574803149606
 21
2.1519685039370087
 31
0.0
  0
LINE
  5
F0E
330
17
100
AcDbEntity
  8
GEOMETRY
100
AcDbLine
 10
2.498818897637795
 20
2.141732283464567
 30
0.0
 11
2.498818897637795
 21
2.1570866141732292
 31
0.0
  0
LINE
  5
F0F
330
17
100
AcDbEntity
  8
GEOMETRY
100
AcDbLine
 10
2.5074803149606297
 20
2.1468503937007872
 30
0.0
 11
2.5074803149606297
 21
2.1622047244094493
 31
0.0
  0
LINE
  5
F10
330
17
100
AcDbEntity
  8
GEOMETRY
100
AcDbLine
 10
2.5161417322834643
 20
2.1519685039370087
 30
0.0
 11
2.5161417322834643
 21
2.1669291338582686
 31
0.0
  0
LINE
  5
F11
330
17
100
AcDbEntity
  8
GEOMETRY
100
AcDbLine
 10
2.524803149606299
 20
2.1566929133858266
 30
0.0
 11
2.524803149606299
 21
2.1720472440944887
 31
0.0
  0
LINE
  5
F12
330
17
100
AcDbEntity
  8
GEOMETRY
100
AcDbLine
 10
2.5338582677165356
 20
2.161811023622048
 30
0.0
 11
2.5338582677165356
 21
2.1716535433070874
 31
0.0
  0
LINE
  5
F13
330
17
100
AcDbEntity
  8
GEOMETRY
100
AcDbLine
 10
2.5338582677165356
 20
2.175590551181103
 30
0.0
 11
2.5338582677165356
 21
2.1771653543307092
 31
0.0
  0
LINE
  5
F14
330
17
100
AcDbEntity
  8
GEOMETRY
100
AcDbLine
 10
2.54251968503937
 20
2.170472440944883
 30
0.0
 11
2.54251968503937
 21
2.1732283464566935
 31
0.0
  0
LINE
  5
F15
330
17
100
AcDbEntity
  8
GEOMETRY
100
AcDbLine
 10
2.54251968503937
 20
2.176771653543308
 30
0.0
 11
2.54251968503937
 21
2.1795275590551184
 31
0.0
  0
LINE
  5
F16
330
17
100
AcDbEntity
  8
GEOMETRY
100
AcDbLine
 10
2.5511811023622046
 20
2.1720472440944887
 30
0.0
 11
2.5511811023622046
 21
2.1744094488188983
 31
0.0
  0
LINE
  5
F17
330
17
100
AcDbEntity
  8
GEOMETRY
100
AcDbLine
 10
2.5511811023622046
 20
2.178346456692914
 30
0.0
 11
2.5511811023622046
 21
2.1807086614173232
 31
0.0
  0
LINE
  5
F18
330
17
100
AcDbEntity
  8
GEOMETRY
100
AcDbLine
 10
2.621259842519685
 20
2.2271653543307095
 30
0.0
 11
2.621259842519685
 21
2.227559055118111
 31
0.0
  0
LINE
  5
F19
330
17
100
AcDbEntity
  8
GEOMETRY
100
AcDbLine
 10
2.6299212598425195
 20
2.2224409448818903
 30
0.0
 11
2.6299212598425195
 21
2.2240157480314964
 31
0.0
  0
LINE
  5
F1A
330
17
100
AcDbEntity
  8
GEOMETRY
100
AcDbLine
 10
2.6299212598425195
 20
2.2322834645669296
 30
0.0
 11
2.6299212598425195
 21
2.232677165354331
 31
0.0
  0
LINE
  5
F1B
330
17
100
AcDbEntity
  8
GEOMETRY
100
AcDbLine
 10
2.638582677165355
 20
2.227559055118111
 30
0.0
 11
2.638582677165355
 21
2.2291338582677165
 31
0.0
  0
LINE
  5
F1C
330
17
100
AcDbEntity
  8
GEOMETRY
100
AcDbLine
 10
2.638582677165355
 20
2.23740157480315
 30
0.0
 11
2.638582677165355
 21
2.2377952755905515
 31
0.0
  0
LINE
  5
F1D
330
17
100
AcDbEntity
  8
GEOMETRY
100
AcDbLine
 10
2.6472440944881894
 20
2.232677165354331
 30
0.0
 11
2.6472440944881894
 21
2.234251968503937
 31
0.0
  0
LINE
  5
F1E
330
17
100
AcDbEntity
  8
GEOMETRY
100
AcDbLine
 10
2.6472440944881894
 20
2.2362204724409454
 30
0.0
 11
2.6472440944881894
 21
2.2362204724409454
 31
0.0
  0
LINE
  5
F1F
330
17
100
AcDbEntity
  8
GEOMETRY
100
AcDbLine
 10
2.655905511811024
 20
2.232677165354331
 30
0.0
 11
2.655905511811024
 21
2.233070866141733
 31
0.0
  0
LINE
  5
F20
330
17
100
AcDbEntity
  8
GEOMETRY
100
AcDbLine
 10
3.7043307086614172
 20
0.8236220472440952
 30
0.0
 11
3.7043307086614172
 21
1.5059055118110236
 31
0.0
  0
LINE
  5
F21
330
17
100
AcDbEntity
  8
GEOMETRY
100
AcDbLine
 10
3.712992125984252
 20
0.8283464566929142
 30
0.0
 11
3.712992125984252
 21
1.511023622047244
 31
0.0
  0
LINE
  5
F22
330
17
100
AcDbEntity
  8
GEOMETRY
100
AcDbLine
 10
3.7216535433070868
 20
0.8334645669291345
 30
0.0
 11
3.7216535433070868
 21
1.5161417322834643
 31
0.0
  0
LINE
  5
F23
330
17
100
AcDbEntity
  8
GEOMETRY
100
AcDbLine
 10
3.7303149606299213
 20
0.8385826771653547
 30
0.0
 11
3.7303149606299213
 21
0.8846456692913397
 31
0.0
  0
LINE
  5
F24
330
17
100
AcDbEntity
  8
GEOMETRY
100
AcDbLine
 10
3.7303149606299213
 20
1.4736220472440948
 30
0.0
 11
3.7303149606299213
 21
1.5212598425196844
 31
0.0
  0
LINE
  5
F25
330
17
100
AcDbEntity
  8
GEOMETRY
100
AcDbLine
 10
3.7393700787401576
 20
0.8437007874015751
 30
0.0
 11
3.7393700787401576
 21
0.8818897637795289
 31
0.0
  0
LINE
  5
F26
330
17
100
AcDbEntity
  8
GEOMETRY
100
AcDbLine
 10
3.7393700787401576
 20
1.478740157480315
 30
0.0
 11
3.7393700787401576
 21
1.526377952755907
 31
0.0
  0
LINE
  5
F27
330
17
100
AcDbEntity
  8
GEOMETRY
100
AcDbLine
 10
3.748031496062992
 20
0.8488188976377954
 30
0.0
 11
3.748031496062992
 21
0.8870078740157492
 31
0.0
  0
LINE
  5
F28
330
17
100
AcDbEntity
  8
GEOMETRY
100
AcDbLine
 10
3.748031496062992
 20
1.4838582677165353
 30
0.0
 11
3.748031496062992
 21
1.5314960629921273
 31
0.0
  0
LINE
  5
F29
330
17
100
AcDbEntity
  8
GEOMETRY
100
AcDbLine
 10
3.7566929133858267
 20
0.8539370078740156
 30
0.0
 11
3.7566929133858267
 21
0.8921259842519694
 31
0.0
  0
LINE
  5
F2A
330
17
100
AcDbEntity
  8
GEOMETRY
100
AcDbLine
 10
3.7566929133858267
 20
1.4889763779527556
 30
0.0
 11
3.7566929133858267
 21
1.5366141732283476
 31
0.0
  0
LINE
  5
F2B
330
17
100
AcDbEntity
  8
GEOMETRY
100
AcDbLine
 10
3.765748031496063
 20
0.8590551181102359
 30
0.0
 11
3.765748031496063
 21
0.8972440944881898
 31
0.0
  0
LINE
  5
F2C
330
17
100
AcDbEntity
  8
GEOMETRY
100
AcDbLine
 10
3.765748031496063
 20
1.494094488188976
 30
0.0
 11
3.765748031496063
 21
1.541732283464568
 31
0.0
  0
LINE
  5
F2D
330
17
100
AcDbEntity
  8
GEOMETRY
100
AcDbLine
 10
3.774409448818898
 20
0.8641732283464585
 30
0.0
 11
3.774409448818898
 21
0.9019685039370089
 31
0.0
  0
LINE
  5
F2E
330
17
100
AcDbEntity
  8
GEOMETRY
100
AcDbLine
 10
3.774409448818898
 20
0.9543307086614177
 30
0.0
 11
3.774409448818898
 21
0.9606299212598438
 31
0.0
  0
LINE
  5
F2F
330
17
100
AcDbEntity
  8
GEOMETRY
100
AcDbLine
 10
3.774409448818898
 20
1.4480314960629932
 30
0.0
 11
3.774409448818898
 21
1.4507874015748041
 31
0.0
  0
LINE
  5
F30
330
17
100
AcDbEntity
  8
GEOMETRY
100
AcDbLine
 10
3.774409448818898
 20
1.4992125984251985
 30
0.0
 11
3.774409448818898
 21
1.546456692913387
 31
0.0
  0
LINE
  5
F31
330
17
100
AcDbEntity
  8
GEOMETRY
100
AcDbLine
 10
3.7830708661417325
 20
0.8688976377952753
 30
0.0
 11
3.7830708661417325
 21
0.9070866141732291
 31
0.0
  0
LINE
  5
F32
330
17
100
AcDbEntity
  8
GEOMETRY
100
AcDbLine
 10
3.7830708661417325
 20
0.959448818897638
 30
0.0
 11
3.7830708661417325
 21
0.964173228346457
 31
0.0
  0
LINE
  5
F33
330
17
100
AcDbEntity
  8
GEOMETRY
100
AcDbLine
 10
3.7830708661417325
 20
1.4531496062992135
 30
0.0
 11
3.7830708661417325
 21
1.4559055118110242
 31
0.0
  0
LINE
  5
F34
330
17
100
AcDbEntity
  8
GEOMETRY
100
AcDbLine
 10
3.7830708661417325
 20
1.5039370078740153
 30
0.0
 11
3.7830708661417325
 21
1.5515748031496073
 31
0.0
  0
LINE
  5
F35
330
17
100
AcDbEntity
  8
GEOMETRY
100
AcDbLine
 10
3.7921259842519683
 20
0.8740157480314956
 30
0.0
 11
3.7921259842519683
 21
0.9122047244094494
 31
0.0
  0
LINE
  5
F36
330
17
100
AcDbEntity
  8
GEOMETRY
100
AcDbLine
 10
3.7921259842519683
 20
0.964173228346457
 30
0.0
 11
3.7921259842519683
 21
0.9692913385826774
 31
0.0
  0
LINE
  5
F37
330
17
100
AcDbEntity
  8
GEOMETRY
100
AcDbLine
 10
3.7921259842519683
 20
1.4582677165354339
 30
0.0
 11
3.7921259842519683
 21
1.4610236220472446
 31
0.0
  0
LINE
  5
F38
330
17
100
AcDbEntity
  8
GEOMETRY
100
AcDbLine
 10
3.7921259842519683
 20
1.5090551181102378
 30
0.0
 11
3.7921259842519683
 21
1.5566929133858276
 31
0.0
  0
LINE
  5
F39
330
17
100
AcDbEntity
  8
GEOMETRY
100
AcDbLine
 10
3.8007874015748033
 20
0.8791338582677182
 30
0.0
 11
3.8007874015748033
 21
0.9173228346456698
 31
0.0
  0
LINE
  5
F3A
330
17
100
AcDbEntity
  8
GEOMETRY
100
AcDbLine
 10
3.8007874015748033
 20
0.9692913385826774
 30
0.0
 11
3.8007874015748033
 21
0.9744094488188976
 31
0.0
  0
LINE
  5
F3B
330
17
100
AcDbEntity
  8
GEOMETRY
100
AcDbLine
 10
3.8007874015748033
 20
1.4633858267716542
 30
0.0
 11
3.8007874015748033
 21
1.466141732283465
 31
0.0
  0
LINE
  5
F3C
330
17
100
AcDbEntity
  8
GEOMETRY
100
AcDbLine
 10
3.8007874015748033
 20
1.5141732283464582
 30
0.0
 11
3.8007874015748033
 21
1.561811023622048
 31
0.0
  0
LINE
  5
F3D
330
17
100
AcDbEntity
  8
GEOMETRY
100
AcDbLine
 10
3.809448818897638
 20
0.8842519685039384
 30
0.0
 11
3.809448818897638
 21
0.92244094488189
 31
0.0
  0
LINE
  5
F3E
330
17
100
AcDbEntity
  8
GEOMETRY
100
AcDbLine
 10
3.809448818897638
 20
0.9744094488188976
 30
0.0
 11
3.809448818897638
 21
0.9795275590551179
 31
0.0
  0
LINE
  5
F3F
330
17
100
AcDbEntity
  8
GEOMETRY
100
AcDbLine
 10
3.809448818897638
 20
1.4685039370078745
 30
0.0
 11
3.809448818897638
 21
1.470866141732284
 31
0.0
  0
LINE
  5
F40
330
17
100
AcDbEntity
  8
GEOMETRY
100
AcDbLine
 10
3.809448818897638
 20
1.5192913385826785
 30
0.0
 11
3.809448818897638
 21
1.566929133858268
 31
0.0
  0
LINE
  5
F41
330
17
100
AcDbEntity
  8
GEOMETRY
100
AcDbLine
 10
3.8181102362204724
 20
0.8893700787401587
 30
0.0
 11
3.8181102362204724
 21
0.9275590551181103
 31
0.0
  0
LINE
  5
F42
330
17
100
AcDbEntity
  8
GEOMETRY
100
AcDbLine
 10
3.8181102362204724
 20
0.9795275590551179
 30
0.0
 11
3.8181102362204724
 21
0.9846456692913382
 31
0.0
  0
LINE
  5
F43
330
17
100
AcDbEntity
  8
GEOMETRY
100
AcDbLine
 10
3.8181102362204724
 20
1.4736220472440948
 30
0.0
 11
3.8181102362204724
 21
1.4759842519685042
 31
0.0
  0
LINE
  5
F44
330
17
100
AcDbEntity
  8
GEOMETRY
100
AcDbLine
 10
3.8181102362204724
 20
1.5244094488188986
 30
0.0
 11
3.8181102362204724
 21
1.5720472440944884
 31
0.0
  0
LINE
  5
F45
330
17
100
AcDbEntity
  8
GEOMETRY
100
AcDbLine
 10
3.8271653543307083
 20
0.894488188976379
 30
0.0
 11
3.8271653543307083
 21
0.9326771653543307
 31
0.0
  0
LINE
  5
F46
330
17
100
AcDbEntity
  8
GEOMETRY
100
AcDbLine
 10
3.8271653543307083
 20
0.9846456692913382
 30
0.0
 11
3.8271653543307083
 21
0.9897637795275585
 31
0.0
  0
LINE
  5
F47
330
17
100
AcDbEntity
  8
GEOMETRY
100
AcDbLine
 10
3.8271653543307083
 20
1.478740157480315
 30
0.0
 11
3.8271653543307083
 21
1.4811023622047246
 31
0.0
  0
LINE
  5
F48
330
17
100
AcDbEntity
  8
GEOMETRY
100
AcDbLine
 10
3.8271653543307083
 20
1.529527559055119
 30
0.0
 11
3.8271653543307083
 21
1.5771653543307087
 31
0.0
  0
LINE
  5
F49
330
17
100
AcDbEntity
  8
GEOMETRY
100
AcDbLine
 10
3.8358267716535437
 20
0.8996062992125993
 30
0.0
 11
3.8358267716535437
 21
0.9374015748031497
 31
0.0
  0
LINE
  5
F4A
330
17
100
AcDbEntity
  8
GEOMETRY
100
AcDbLine
 10
3.8358267716535437
 20
0.9897637795275585
 30
0.0
 11
3.8358267716535437
 21
0.994881889763781
 31
0.0
  0
LINE
  5
F4B
330
17
100
AcDbEntity
  8
GEOMETRY
100
AcDbLine
 10
3.8358267716535437
 20
1.4838582677165353
 30
0.0
 11
3.8358267716535437
 21
1.486220472440945
 31
0.0
  0
LINE
  5
F4C
330
17
100
AcDbEntity
  8
GEOMETRY
100
AcDbLine
 10
3.8358267716535437
 20
1.5346456692913393
 30
0.0
 11
3.8358267716535437
 21
1.582283464566929
 31
0.0
  0
LINE
  5
F4D
330
17
100
AcDbEntity
  8
GEOMETRY
100
AcDbLine
 10
3.8444881889763782
 20
0.9047244094488196
 30
0.0
 11
3.8444881889763782
 21
0.94251968503937
 31
0.0
  0
LINE
  5
F4E
330
17
100
AcDbEntity
  8
GEOMETRY
100
AcDbLine
 10
3.8444881889763782
 20
0.994881889763781
 30
0.0
 11
3.8444881889763782
 21
1.0000000000000013
 31
0.0
  0
LINE
  5
F4F
330
17
100
AcDbEntity
  8
GEOMETRY
100
AcDbLine
 10
3.8444881889763782
 20
1.4885826771653543
 30
0.0
 11
3.8444881889763782
 21
1.4913385826771652
 31
0.0
  0
LINE
  5
F50
330
17
100
AcDbEntity
  8
GEOMETRY
100
AcDbLine
 10
3.8444881889763782
 20
1.5393700787401583
 30
0.0
 11
3.8444881889763782
 21
1.587007874015748
 31
0.0
  0
LINE
  5
F51
330
17
100
AcDbEntity
  8
GEOMETRY
100
AcDbLine
 10
3.853543307086614
 20
0.9094488188976387
 30
0.0
 11
3.853543307086614
 21
0.9476377952755902
 31
0.0
  0
LINE
  5
F52
330
17
100
AcDbEntity
  8
GEOMETRY
100
AcDbLine
 10
3.853543307086614
 20
0.9996062992125979
 30
0.0
 11
3.853543307086614
 21
1.0047244094488204
 31
0.0
  0
LINE
  5
F53
330
17
100
AcDbEntity
  8
GEOMETRY
100
AcDbLine
 10
3.853543307086614
 20
1.4937007874015746
 30
0.0
 11
3.853543307086614
 21
1.4964566929133853
 31
0.0
  0
LINE
  5
F54
330
17
100
AcDbEntity
  8
GEOMETRY
100
AcDbLine
 10
3.853543307086614
 20
1.5444881889763786
 30
0.0
 11
3.853543307086614
 21
1.5921259842519684
 31
0.0
  0
LINE
  5
F55
330
17
100
AcDbEntity
  8
GEOMETRY
100
AcDbLine
 10
3.8622047244094486
 20
0.914566929133859
 30
0.0
 11
3.8622047244094486
 21
0.9527559055118106
 31
0.0
  0
LINE
  5
F56
330
17
100
AcDbEntity
  8
GEOMETRY
100
AcDbLine
 10
3.8622047244094486
 20
1.0047244094488204
 30
0.0
 11
3.8622047244094486
 21
1.0098425196850407
 31
0.0
  0
LINE
  5
F57
330
17
100
AcDbEntity
  8
GEOMETRY
100
AcDbLine
 10
3.8622047244094486
 20
1.498818897637795
 30
0.0
 11
3.8622047244094486
 21
1.5015748031496057
 31
0.0
  0
LINE
  5
F58
330
17
100
AcDbEntity
  8
GEOMETRY
100
AcDbLine
 10
3.8622047244094486
 20
1.549606299212599
 30
0.0
 11
3.8622047244094486
 21
1.5972440944881887
 31
0.0
  0
LINE
  5
F59
330
17
100
AcDbEntity
  8
GEOMETRY
100
AcDbLine
 10
3.870866141732283
 20
0.9196850393700793
 30
0.0
 11
3.870866141732283
 21
0.9578740157480331
 31
0.0
  0
LINE
  5
F5A
330
17
100
AcDbEntity
  8
GEOMETRY
100
AcDbLine
 10
3.870866141732283
 20
1.0098425196850407
 30
0.0
 11
3.870866141732283
 21
1.014960629921261
 31
0.0
  0
LINE
  5
F5B
330
17
100
AcDbEntity
  8
GEOMETRY
100
AcDbLine
 10
3.870866141732283
 20
1.5039370078740153
 30
0.0
 11
3.870866141732283
 21
1.5066929133858282
 31
0.0
  0
LINE
  5
F5C
330
17
100
AcDbEntity
  8
GEOMETRY
100
AcDbLine
 10
3.870866141732283
 20
1.5547244094488193
 30
0.0
 11
3.870866141732283
 21
1.602362204724409
 31
0.0
  0
LINE
  5
F5D
330
17
100
AcDbEntity
  8
GEOMETRY
100
AcDbLine
 10
3.879527559055118
 20
0.9248031496062996
 30
0.0
 11
3.879527559055118
 21
0.9629921259842534
 31
0.0
  0
LINE
  5
F5E
330
17
100
AcDbEntity
  8
GEOMETRY
100
AcDbLine
 10
3.879527559055118
 20
1.014960629921261
 30
0.0
 11
3.879527559055118
 21
1.0200787401574813
 31
0.0
  0
LINE
  5
F5F
330
17
100
AcDbEntity
  8
GEOMETRY
100
AcDbLine
 10
3.879527559055118
 20
1.5090551181102378
 30
0.0
 11
3.879527559055118
 21
1.511417322834645
 31
0.0
  0
LINE
  5
F60
330
17
100
AcDbEntity
  8
GEOMETRY
100
AcDbLine
 10
3.879527559055118
 20
1.5598425196850396
 30
0.0
 11
3.879527559055118
 21
1.6074803149606316
 31
0.0
  0
LINE
  5
F61
330
17
100
AcDbEntity
  8
GEOMETRY
100
AcDbLine
 10
3.888582677165354
 20
0.9299212598425198
 30
0.0
 11
3.888582677165354
 21
0.9681102362204737
 31
0.0
  0
LINE
  5
F62
330
17
100
AcDbEntity
  8
GEOMETRY
100
AcDbLine
 10
3.888582677165354
 20
1.0200787401574813
 30
0.0
 11
3.888582677165354
 21
1.0251968503937017
 31
0.0
  0
LINE
  5
F63
330
17
100
AcDbEntity
  8
GEOMETRY
100
AcDbLine
 10
3.888582677165354
 20
1.5141732283464582
 30
0.0
 11
3.888582677165354
 21
1.5165354330708676
 31
0.0
  0
LINE
  5
F64
330
17
100
AcDbEntity
  8
GEOMETRY
100
AcDbLine
 10
3.888582677165354
 20
1.5649606299212597
 30
0.0
 11
3.888582677165354
 21
1.6125984251968517
 31
0.0
  0
LINE
  5
F65
330
17
100
AcDbEntity
  8
GEOMETRY
100
AcDbLine
 10
3.8972440944881885
 20
0.9350393700787402
 30
0.0
 11
3.8972440944881885
 21
0.973228346456694
 31
0.0
  0
LINE
  5
F66
330
17
100
AcDbEntity
  8
GEOMETRY
100
AcDbLine
 10
3.8972440944881885
 20
1.0251968503937017
 30
0.0
 11
3.8972440944881885
 21
1.0303149606299218
 31
0.0
  0
LINE
  5
F67
330
17
100
AcDbEntity
  8
GEOMETRY
100
AcDbLine
 10
3.8972440944881885
 20
1.5192913385826785
 30
0.0
 11
3.8972440944881885
 21
1.521653543307088
 31
0.0
  0
LINE
  5
F68
330
17
100
AcDbEntity
  8
GEOMETRY
100
AcDbLine
 10
3.8972440944881885
 20
1.57007874015748
 30
0.0
 11
3.8972440944881885
 21
1.617716535433071
 31
0.0
  0
LINE
  5
F69
330
17
100
AcDbEntity
  8
GEOMETRY
100
AcDbLine
 10
3.9059055118110235
 20
0.9401574803149605
 30
0.0
 11
3.9059055118110235
 21
0.977952755905513
 31
0.0
  0
LINE
  5
F6A
330
17
100
AcDbEntity
  8
GEOMETRY
100
AcDbLine
 10
3.9059055118110235
 20
1.0303149606299218
 30
0.0
 11
3.9059055118110235
 21
1.0354330708661421
 31
0.0
  0
LINE
  5
F6B
330
17
100
AcDbEntity
  8
GEOMETRY
100
AcDbLine
 10
3.9059055118110235
 20
1.5244094488188986
 30
0.0
 11
3.9059055118110235
 21
1.5267716535433082
 31
0.0
  0
LINE
  5
F6C
330
17
100
AcDbEntity
  8
GEOMETRY
100
AcDbLine
 10
3.9059055118110235
 20
1.5751968503937004
 30
0.0
 11
3.9059055118110235
 21
1.6228346456692924
 31
0.0
  0
LINE
  5
F6D
330
17
100
AcDbEntity
  8
GEOMETRY
100
AcDbLine
 10
3.91496062992126
 20
0.9452755905511807
 30
0.0
 11
3.91496062992126
 21
0.9830708661417333
 31
0.0
  0
LINE
  5
F6E
330
17
100
AcDbEntity
  8
GEOMETRY
100
AcDbLine
 10
3.91496062992126
 20
1.0354330708661421
 30
0.0
 11
3.91496062992126
 21
1.0405511811023624
 31
0.0
  0
LINE
  5
F6F
330
17
100
AcDbEntity
  8
GEOMETRY
100
AcDbLine
 10
3.91496062992126
 20
1.5291338582677179
 30
0.0
 11
3.91496062992126
 21
1.5318897637795286
 31
0.0
  0
LINE
  5
F70
330
17
100
AcDbEntity
  8
GEOMETRY
100
AcDbLine
 10
3.91496062992126
 20
1.5799212598425194
 30
0.0
 11
3.91496062992126
 21
1.6275590551181103
 31
0.0
  0
LINE
  5
F71
330
17
100
AcDbEntity
  8
GEOMETRY
100
AcDbLine
 10
3.9236220472440944
 20
0.9499999999999998
 30
0.0
 11
3.9236220472440944
 21
0.9881889763779537
 31
0.0
  0
LINE
  5
F72
330
17
100
AcDbEntity
  8
GEOMETRY
100
AcDbLine
 10
3.9236220472440944
 20
1.0401574803149611
 30
0.0
 11
3.9236220472440944
 21
1.0452755905511815
 31
0.0
  0
LINE
  5
F73
330
17
100
AcDbEntity
  8
GEOMETRY
100
AcDbLine
 10
3.9236220472440944
 20
1.534251968503938
 30
0.0
 11
3.9236220472440944
 21
1.537007874015749
 31
0.0
  0
LINE
  5
F74
330
17
100
AcDbEntity
  8
GEOMETRY
100
AcDbLine
 10
3.9236220472440944
 20
1.5850393700787397
 30
0.0
 11
3.9236220472440944
 21
1.6326771653543317
 31
0.0
  0
LINE
  5
F75
330
17
100
AcDbEntity
  8
GEOMETRY
100
AcDbLine
 10
3.932283464566929
 20
0.9551181102362201
 30
0.0
 11
3.932283464566929
 21
0.9933070866141739
 31
0.0
  0
LINE
  5
F76
330
17
100
AcDbEntity
  8
GEOMETRY
100
AcDbLine
 10
3.932283464566929
 20
1.0452755905511815
 30
0.0
 11
3.932283464566929
 21
1.0503937007874018
 31
0.0
  0
LINE
  5
F77
330
17
100
AcDbEntity
  8
GEOMETRY
100
AcDbLine
 10
3.932283464566929
 20
1.5393700787401583
 30
0.0
 11
3.932283464566929
 21
1.542125984251969
 31
0.0
  0
LINE
  5
F78
330
17
100
AcDbEntity
  8
GEOMETRY
100
AcDbLine
 10
3.932283464566929
 20
1.59015748031496
 30
0.0
 11
3.932283464566929
 21
1.637795275590552
 31
0.0
  0
LINE
  5
F79
330
17
100
AcDbEntity
  8
GEOMETRY
100
AcDbLine
 10
3.941338582677165
 20
0.9602362204724404
 30
0.0
 11
3.941338582677165
 21
0.9984251968503942
 31
0.0
  0
LINE
  5
F7A
330
17
100
AcDbEntity
  8
GEOMETRY
100
AcDbLine
 10
3.941338582677165
 20
1.0503937007874018
 30
0.0
 11
3.941338582677165
 21
1.0555118110236221
 31
0.0
  0
LINE
  5
F7B
330
17
100
AcDbEntity
  8
GEOMETRY
100
AcDbLine
 10
3.941338582677165
 20
1.5444881889763786
 30
0.0
 11
3.941338582677165
 21
1.5472440944881893
 31
0.0
  0
LINE
  5
F7C
330
17
100
AcDbEntity
  8
GEOMETRY
100
AcDbLine
 10
3.941338582677165
 20
1.5952755905511826
 30
0.0
 11
3.941338582677165
 21
1.6429133858267724
 31
0.0
  0
LINE
  5
F7D
330
17
100
AcDbEntity
  8
GEOMETRY
100
AcDbLine
 10
3.9499999999999997
 20
0.9653543307086629
 30
0.0
 11
3.9499999999999997
 21
1.0035433070866144
 31
0.0
  0
LINE
  5
F7E
330
17
100
AcDbEntity
  8
GEOMETRY
100
AcDbLine
 10
3.9499999999999997
 20
1.0555118110236221
 30
0.0
 11
3.9499999999999997
 21
1.0606299212598425
 31
0.0
  0
LINE
  5
F7F
330
17
100
AcDbEntity
  8
GEOMETRY
100
AcDbLine
 10
3.9499999999999997
 20
1.549606299212599
 30
0.0
 11
3.9499999999999997
 21
1.5519685039370086
 31
0.0
  0
LINE
  5
F80
330
17
100
AcDbEntity
  8
GEOMETRY
100
AcDbLine
 10
3.9499999999999997
 20
1.600393700787403
 30
0.0
 11
3.9499999999999997
 21
1.6480314960629927
 31
0.0
  0
LINE
  5
F81
330
17
100
AcDbEntity
  8
GEOMETRY
100
AcDbLine
 10
3.9586614173228343
 20
0.9704724409448833
 30
0.0
 11
3.9586614173228343
 21
1.0086614173228348
 31
0.0
  0
LINE
  5
F82
330
17
100
AcDbEntity
  8
GEOMETRY
100
AcDbLine
 10
3.9586614173228343
 20
1.0606299212598425
 30
0.0
 11
3.9586614173228343
 21
1.0657480314960628
 31
0.0
  0
LINE
  5
F83
330
17
100
AcDbEntity
  8
GEOMETRY
100
AcDbLine
 10
3.9586614173228343
 20
1.5547244094488193
 30
0.0
 11
3.9586614173228343
 21
1.5570866141732287
 31
0.0
  0
LINE
  5
F84
330
17
100
AcDbEntity
  8
GEOMETRY
100
AcDbLine
 10
3.9586614173228343
 20
1.6055118110236233
 30
0.0
 11
3.9586614173228343
 21
1.653149606299213
 31
0.0
  0
LINE
  5
F85
330
17
100
AcDbEntity
  8
GEOMETRY
100
AcDbLine
 10
3.9673228346456693
 20
0.9755905511811035
 30
0.0
 11
3.9673228346456693
 21
1.013779527559055
 31
0.0
  0
LINE
  5
F86
330
17
100
AcDbEntity
  8
GEOMETRY
100
AcDbLine
 10
3.9673228346456693
 20
1.0657480314960628
 30
0.0
 11
3.9673228346456693
 21
1.070866141732283
 31
0.0
  0
LINE
  5
F87
330
17
100
AcDbEntity
  8
GEOMETRY
100
AcDbLine
 10
3.9673228346456693
 20
1.5598425196850396
 30
0.0
 11
3.9673228346456693
 21
1.562204724409449
 31
0.0
  0
LINE
  5
F88
330
17
100
AcDbEntity
  8
GEOMETRY
100
AcDbLine
 10
3.9673228346456693
 20
1.6106299212598434
 30
0.0
 11
3.9673228346456693
 21
1.6582677165354331
 31
0.0
  0
LINE
  5
F89
330
17
100
AcDbEntity
  8
GEOMETRY
100
AcDbLine
 10
3.9763779527559056
 20
0.9807086614173238
 30
0.0
 11
3.9763779527559056
 21
1.0185039370078741
 31
0.0
  0
LINE
  5
F8A
330
17
100
AcDbEntity
  8
GEOMETRY
100
AcDbLine
 10
3.9763779527559056
 20
1.070866141732283
 30
0.0
 11
3.9763779527559056
 21
1.0759842519685054
 31
0.0
  0
LINE
  5
F8B
330
17
100
AcDbEntity
  8
GEOMETRY
100
AcDbLine
 10
3.9763779527559056
 20
1.5649606299212597
 30
0.0
 11
3.9763779527559056
 21
1.5673228346456693
 31
0.0
  0
LINE
  5
F8C
330
17
100
AcDbEntity
  8
GEOMETRY
100
AcDbLine
 10
3.9763779527559056
 20
1.6157480314960637
 30
0.0
 11
3.9763779527559056
 21
1.6633858267716535
 31
0.0
  0
LINE
  5
F8D
330
17
100
AcDbEntity
  8
GEOMETRY
100
AcDbLine
 10
3.98503937007874
 20
0.9858267716535442
 30
0.0
 11
3.98503937007874
 21
1.0236220472440944
 31
0.0
  0
LINE
  5
F8E
330
17
100
AcDbEntity
  8
GEOMETRY
100
AcDbLine
 10
3.98503937007874
 20
1.0759842519685054
 30
0.0
 11
3.98503937007874
 21
1.0807086614173225
 31
0.0
  0
LINE
  5
F8F
330
17
100
AcDbEntity
  8
GEOMETRY
100
AcDbLine
 10
3.98503937007874
 20
1.569685039370079
 30
0.0
 11
3.98503937007874
 21
1.5724409448818897
 31
0.0
  0
LINE
  5
F90
330
17
100
AcDbEntity
  8
GEOMETRY
100
AcDbLine
 10
3.98503937007874
 20
1.6204724409448827
 30
0.0
 11
3.98503937007874
 21
1.6681102362204725
 31
0.0
  0
LINE
  5
F91
330
17
100
AcDbEntity
  8
GEOMETRY
100
AcDbLine
 10
3.9937007874015746
 20
0.9905511811023632
 30
0.0
 11
3.9937007874015746
 21
1.0287401574803148
 31
0.0
  0
LINE
  5
F92
330
17
100
AcDbEntity
  8
GEOMETRY
100
AcDbLine
 10
3.9937007874015746
 20
1.0807086614173225
 30
0.0
 11
3.9937007874015746
 21
1.0858267716535448
 31
0.0
  0
LINE
  5
F93
330
17
100
AcDbEntity
  8
GEOMETRY
100
AcDbLine
 10
3.9937007874015746
 20
1.574803149606299
 30
0.0
 11
3.9937007874015746
 21
1.57755905511811
 31
0.0
  0
LINE
  5
F94
330
17
100
AcDbEntity
  8
GEOMETRY
100
AcDbLine
 10
3.9937007874015746
 20
1.625590551181103
 30
0.0
 11
3.9937007874015746
 21
1.6732283464566928
 31
0.0
  0
LINE
  5
F95
330
17
100
AcDbEntity
  8
GEOMETRY
100
AcDbLine
 10
4.002755905511811
 20
0.9956692913385835
 30
0.0
 11
4.002755905511811
 21
1.033858267716535
 31
0.0
  0
LINE
  5
F96
330
17
100
AcDbEntity
  8
GEOMETRY
100
AcDbLine
 10
4.002755905511811
 20
1.0858267716535448
 30
0.0
 11
4.002755905511811
 21
1.0909448818897651
 31
0.0
  0
LINE
  5
F97
330
17
100
AcDbEntity
  8
GEOMETRY
100
AcDbLine
 10
4.002755905511811
 20
1.5799212598425194
 30
0.0
 11
4.002755905511811
 21
1.5826771653543303
 31
0.0
  0
LINE
  5
F98
330
17
100
AcDbEntity
  8
GEOMETRY
100
AcDbLine
 10
4.002755905511811
 20
1.6307086614173234
 30
0.0
 11
4.002755905511811
 21
1.6783464566929143
 31
0.0
  0
LINE
  5
F99
330
17
100
AcDbEntity
  8
GEOMETRY
100
AcDbLine
 10
4.011417322834646
 20
1.0007874015748037
 30
0.0
 11
4.011417322834646
 21
1.0389763779527554
 31
0.0
  0
LINE
  5
F9A
330
17
100
AcDbEntity
  8
GEOMETRY
100
AcDbLine
 10
4.011417322834646
 20
1.0909448818897651
 30
0.0
 11
4.011417322834646
 21
1.0960629921259855
 31
0.0
  0
LINE
  5
F9B
330
17
100
AcDbEntity
  8
GEOMETRY
100
AcDbLine
 10
4.011417322834646
 20
1.5850393700787397
 30
0.0
 11
4.011417322834646
 21
1.5874015748031494
 31
0.0
  0
LINE
  5
F9C
330
17
100
AcDbEntity
  8
GEOMETRY
100
AcDbLine
 10
4.011417322834646
 20
1.6358267716535437
 30
0.0
 11
4.011417322834646
 21
1.6834645669291346
 31
0.0
  0
LINE
  5
F9D
330
17
100
AcDbEntity
  8
GEOMETRY
100
AcDbLine
 10
4.02007874015748
 20
1.005905511811024
 30
0.0
 11
4.02007874015748
 21
1.044094488188978
 31
0.0
  0
LINE
  5
F9E
330
17
100
AcDbEntity
  8
GEOMETRY
100
AcDbLine
 10
4.02007874015748
 20
1.0960629921259855
 30
0.0
 11
4.02007874015748
 21
1.1011811023622058
 31
0.0
  0
LINE
  5
F9F
330
17
100
AcDbEntity
  8
GEOMETRY
100
AcDbLine
 10
4.02007874015748
 20
1.59015748031496
 30
0.0
 11
4.02007874015748
 21
1.5925196850393697
 31
0.0
  0
LINE
  5
FA0
330
17
100
AcDbEntity
  8
GEOMETRY
100
AcDbLine
 10
4.02007874015748
 20
1.640944881889764
 30
0.0
 11
4.02007874015748
 21
1.688582677165355
 31
0.0
  0
LINE
  5
FA1
330
17
100
AcDbEntity
  8
GEOMETRY
100
AcDbLine
 10
4.029133858267716
 20
1.0110236220472444
 30
0.0
 11
4.029133858267716
 21
1.049212598425198
 31
0.0
  0
LINE
  5
FA2
330
17
100
AcDbEntity
  8
GEOMETRY
100
AcDbLine
 10
4.029133858267716
 20
1.1011811023622058
 30
0.0
 11
4.029133858267716
 21
1.1062992125984261
 31
0.0
  0
LINE
  5
FA3
330
17
100
AcDbEntity
  8
GEOMETRY
100
AcDbLine
 10
4.029133858267716
 20
1.5952755905511826
 30
0.0
 11
4.029133858267716
 21
1.5976377952755922
 31
0.0
  0
LINE
  5
FA4
330
17
100
AcDbEntity
  8
GEOMETRY
100
AcDbLine
 10
4.029133858267716
 20
1.6460629921259844
 30
0.0
 11
4.029133858267716
 21
1.6937007874015753
 31
0.0
  0
LINE
  5
FA5
330
17
100
AcDbEntity
  8
GEOMETRY
100
AcDbLine
 10
4.037795275590551
 20
1.0161417322834647
 30
0.0
 11
4.037795275590551
 21
1.0543307086614184
 31
0.0
  0
LINE
  5
FA6
330
17
100
AcDbEntity
  8
GEOMETRY
100
AcDbLine
 10
4.037795275590551
 20
1.1062992125984261
 30
0.0
 11
4.037795275590551
 21
1.1114173228346464
 31
0.0
  0
LINE
  5
FA7
330
17
100
AcDbEntity
  8
GEOMETRY
100
AcDbLine
 10
4.037795275590551
 20
1.600393700787403
 30
0.0
 11
4.037795275590551
 21
1.6027559055118124
 31
0.0
  0
LINE
  5
FA8
330
17
100
AcDbEntity
  8
GEOMETRY
100
AcDbLine
 10
4.037795275590551
 20
1.6511811023622058
 30
0.0
 11
4.037795275590551
 21
1.6988188976377954
 31
0.0
  0
LINE
  5
FA9
330
17
100
AcDbEntity
  8
GEOMETRY
100
AcDbLine
 10
4.046456692913385
 20
1.021259842519685
 30
0.0
 11
4.046456692913385
 21
1.0590551181102374
 31
0.0
  0
LINE
  5
FAA
330
17
100
AcDbEntity
  8
GEOMETRY
100
AcDbLine
 10
4.046456692913385
 20
1.1114173228346464
 30
0.0
 11
4.046456692913385
 21
1.1165354330708666
 31
0.0
  0
LINE
  5
FAB
330
17
100
AcDbEntity
  8
GEOMETRY
100
AcDbLine
 10
4.046456692913385
 20
1.6055118110236233
 30
0.0
 11
4.046456692913385
 21
1.6078740157480327
 31
0.0
  0
LINE
  5
FAC
330
17
100
AcDbEntity
  8
GEOMETRY
100
AcDbLine
 10
4.046456692913385
 20
1.656299212598426
 30
0.0
 11
4.046456692913385
 21
1.7039370078740157
 31
0.0
  0
LINE
  5
FAD
330
17
100
AcDbEntity
  8
GEOMETRY
100
AcDbLine
 10
4.05511811023622
 20
1.0263779527559052
 30
0.0
 11
4.05511811023622
 21
1.0641732283464578
 31
0.0
  0
LINE
  5
FAE
330
17
100
AcDbEntity
  8
GEOMETRY
100
AcDbLine
 10
4.05511811023622
 20
1.1165354330708666
 30
0.0
 11
4.05511811023622
 21
1.1212598425196858
 31
0.0
  0
LINE
  5
FAF
330
17
100
AcDbEntity
  8
GEOMETRY
100
AcDbLine
 10
4.05511811023622
 20
1.6102362204724423
 30
0.0
 11
4.05511811023622
 21
1.612992125984253
 31
0.0
  0
LINE
  5
FB0
330
17
100
AcDbEntity
  8
GEOMETRY
100
AcDbLine
 10
4.05511811023622
 20
1.6610236220472452
 30
0.0
 11
4.05511811023622
 21
1.708661417322835
 31
0.0
  0
LINE
  5
FB1
330
17
100
AcDbEntity
  8
GEOMETRY
100
AcDbLine
 10
4.064173228346457
 20
1.0311023622047244
 30
0.0
 11
4.064173228346457
 21
1.069291338582678
 31
0.0
  0
LINE
  5
FB2
330
17
100
AcDbEntity
  8
GEOMETRY
100
AcDbLine
 10
4.064173228346457
 20
1.1212598425196858
 30
0.0
 11
4.064173228346457
 21
1.1263779527559061
 31
0.0
  0
LINE
  5
FB3
330
17
100
AcDbEntity
  8
GEOMETRY
100
AcDbLine
 10
4.064173228346457
 20
1.6153543307086615
 30
0.0
 11
4.064173228346457
 21
1.6181102362204733
 31
0.0
  0
LINE
  5
FB4
330
17
100
AcDbEntity
  8
GEOMETRY
100
AcDbLine
 10
4.064173228346457
 20
1.6661417322834653
 30
0.0
 11
4.064173228346457
 21
1.713779527559055
 31
0.0
  0
LINE
  5
FB5
330
17
100
AcDbEntity
  8
GEOMETRY
100
AcDbLine
 10
4.072834645669292
 20
1.0362204724409445
 30
0.0
 11
4.072834645669292
 21
1.0744094488188984
 31
0.0
  0
LINE
  5
FB6
330
17
100
AcDbEntity
  8
GEOMETRY
100
AcDbLine
 10
4.072834645669292
 20
1.1263779527559061
 30
0.0
 11
4.072834645669292
 21
1.1314960629921262
 31
0.0
  0
LINE
  5
FB7
330
17
100
AcDbEntity
  8
GEOMETRY
100
AcDbLine
 10
4.072834645669292
 20
1.6204724409448827
 30
0.0
 11
4.072834645669292
 21
1.6232283464566937
 31
0.0
  0
LINE
  5
FB8
330
17
100
AcDbEntity
  8
GEOMETRY
100
AcDbLine
 10
4.072834645669292
 20
1.6712598425196856
 30
0.0
 11
4.072834645669292
 21
1.7188976377952765
 31
0.0
  0
LINE
  5
FB9
330
17
100
AcDbEntity
  8
GEOMETRY
100
AcDbLine
 10
4.081496062992126
 20
1.0413385826771648
 30
0.0
 11
4.081496062992126
 21
1.0795275590551188
 31
0.0
  0
LINE
  5
FBA
330
17
100
AcDbEntity
  8
GEOMETRY
100
AcDbLine
 10
4.081496062992126
 20
1.1314960629921262
 30
0.0
 11
4.081496062992126
 21
1.1366141732283466
 31
0.0
  0
LINE
  5
FBB
330
17
100
AcDbEntity
  8
GEOMETRY
100
AcDbLine
 10
4.081496062992126
 20
1.625590551181103
 30
0.0
 11
4.081496062992126
 21
1.6279527559055127
 31
0.0
  0
LINE
  5
FBC
330
17
100
AcDbEntity
  8
GEOMETRY
100
AcDbLine
 10
4.081496062992126
 20
1.676377952755906
 30
0.0
 11
4.081496062992126
 21
1.7240157480314968
 31
0.0
  0
LINE
  5
FBD
330
17
100
AcDbEntity
  8
GEOMETRY
100
AcDbLine
 10
4.090551181102362
 20
1.0464566929133874
 30
0.0
 11
4.090551181102362
 21
1.084645669291339
 31
0.0
  0
LINE
  5
FBE
330
17
100
AcDbEntity
  8
GEOMETRY
100
AcDbLine
 10
4.090551181102362
 20
1.1366141732283466
 30
0.0
 11
4.090551181102362
 21
1.141732283464567
 31
0.0
  0
LINE
  5
FBF
330
17
100
AcDbEntity
  8
GEOMETRY
100
AcDbLine
 10
4.090551181102362
 20
1.6307086614173234
 30
0.0
 11
4.090551181102362
 21
1.633070866141733
 31
0.0
  0
LINE
  5
FC0
330
17
100
AcDbEntity
  8
GEOMETRY
100
AcDbLine
 10
4.090551181102362
 20
1.6814960629921263
 30
0.0
 11
4.090551181102362
 21
1.7291338582677171
 31
0.0
  0
LINE
  5
FC1
330
17
100
AcDbEntity
  8
GEOMETRY
100
AcDbLine
 10
4.099212598425197
 20
1.0515748031496077
 30
0.0
 11
4.099212598425197
 21
1.0897637795275592
 31
0.0
  0
LINE
  5
FC2
330
17
100
AcDbEntity
  8
GEOMETRY
100
AcDbLine
 10
4.099212598425197
 20
1.141732283464567
 30
0.0
 11
4.099212598425197
 21
1.1468503937007872
 31
0.0
  0
LINE
  5
FC3
330
17
100
AcDbEntity
  8
GEOMETRY
100
AcDbLine
 10
4.099212598425197
 20
1.6358267716535437
 30
0.0
 11
4.099212598425197
 21
1.6381889763779534
 31
0.0
  0
LINE
  5
FC4
330
17
100
AcDbEntity
  8
GEOMETRY
100
AcDbLine
 10
4.099212598425197
 20
1.6866141732283466
 30
0.0
 11
4.099212598425197
 21
1.7342519685039375
 31
0.0
  0
LINE
  5
FC5
330
17
100
AcDbEntity
  8
GEOMETRY
100
AcDbLine
 10
4.107874015748032
 20
1.056692913385828
 30
0.0
 11
4.107874015748032
 21
1.0948818897637795
 31
0.0
  0
LINE
  5
FC6
330
17
100
AcDbEntity
  8
GEOMETRY
100
AcDbLine
 10
4.107874015748032
 20
1.1468503937007872
 30
0.0
 11
4.107874015748032
 21
1.1519685039370076
 31
0.0
  0
LINE
  5
FC7
330
17
100
AcDbEntity
  8
GEOMETRY
100
AcDbLine
 10
4.107874015748032
 20
1.640944881889764
 30
0.0
 11
4.107874015748032
 21
1.6433070866141735
 31
0.0
  0
LINE
  5
FC8
330
17
100
AcDbEntity
  8
GEOMETRY
100
AcDbLine
 10
4.107874015748032
 20
1.691732283464568
 30
0.0
 11
4.107874015748032
 21
1.7393700787401578
 31
0.0
  0
LINE
  5
FC9
330
17
100
AcDbEntity
  8
GEOMETRY
100
AcDbLine
 10
4.116535433070866
 20
1.0618110236220484
 30
0.0
 11
4.116535433070866
 21
1.0996062992125988
 31
0.0
  0
LINE
  5
FCA
330
17
100
AcDbEntity
  8
GEOMETRY
100
AcDbLine
 10
4.116535433070866
 20
1.1519685039370076
 30
0.0
 11
4.116535433070866
 21
1.157086614173228
 31
0.0
  0
LINE
  5
FCB
330
17
100
AcDbEntity
  8
GEOMETRY
100
AcDbLine
 10
4.116535433070866
 20
1.6460629921259844
 30
0.0
 11
4.116535433070866
 21
1.6484251968503938
 31
0.0
  0
LINE
  5
FCC
330
17
100
AcDbEntity
  8
GEOMETRY
100
AcDbLine
 10
4.116535433070866
 20
1.6968503937007884
 30
0.0
 11
4.116535433070866
 21
1.744488188976378
 31
0.0
  0
LINE
  5
FCD
330
17
100
AcDbEntity
  8
GEOMETRY
100
AcDbLine
 10
4.125590551181102
 20
1.0669291338582687
 30
0.0
 11
4.125590551181102
 21
1.104724409448819
 31
0.0
  0
LINE
  5
FCE
330
17
100
AcDbEntity
  8
GEOMETRY
100
AcDbLine
 10
4.125590551181102
 20
1.157086614173228
 30
0.0
 11
4.125590551181102
 21
1.161811023622047
 31
0.0
  0
LINE
  5
FCF
330
17
100
AcDbEntity
  8
GEOMETRY
100
AcDbLine
 10
4.125590551181102
 20
1.6507874015748034
 30
0.0
 11
4.125590551181102
 21
1.6535433070866141
 31
0.0
  0
LINE
  5
FD0
330
17
100
AcDbEntity
  8
GEOMETRY
100
AcDbLine
 10
4.125590551181102
 20
1.7015748031496074
 30
0.0
 11
4.125590551181102
 21
1.7492125984251972
 31
0.0
  0
LINE
  5
FD1
330
17
100
AcDbEntity
  8
GEOMETRY
100
AcDbLine
 10
4.134251968503937
 20
1.0716535433070877
 30
0.0
 11
4.134251968503937
 21
1.1098425196850392
 31
0.0
  0
LINE
  5
FD2
330
17
100
AcDbEntity
  8
GEOMETRY
100
AcDbLine
 10
4.134251968503937
 20
1.161811023622047
 30
0.0
 11
4.134251968503937
 21
1.1669291338582672
 31
0.0
  0
LINE
  5
FD3
330
17
100
AcDbEntity
  8
GEOMETRY
100
AcDbLine
 10
4.134251968503937
 20
1.6559055118110237
 30
0.0
 11
4.134251968503937
 21
1.6586614173228356
 31
0.0
  0
LINE
  5
FD4
330
17
100
AcDbEntity
  8
GEOMETRY
100
AcDbLine
 10
4.134251968503937
 20
1.7066929133858277
 30
0.0
 11
4.134251968503937
 21
1.7543307086614175
 31
0.0
  0
LINE
  5
FD5
330
17
100
AcDbEntity
  8
GEOMETRY
100
AcDbLine
 10
4.1429133858267715
 20
1.076771653543308
 30
0.0
 11
4.1429133858267715
 21
1.1149606299212595
 31
0.0
  0
LINE
  5
FD6
330
17
100
AcDbEntity
  8
GEOMETRY
100
AcDbLine
 10
4.1429133858267715
 20
1.1669291338582672
 30
0.0
 11
4.1429133858267715
 21
1.1720472440944898
 31
0.0
  0
LINE
  5
FD7
330
17
100
AcDbEntity
  8
GEOMETRY
100
AcDbLine
 10
4.1429133858267715
 20
1.6610236220472452
 30
0.0
 11
4.1429133858267715
 21
1.663779527559056
 31
0.0
  0
LINE
  5
FD8
330
17
100
AcDbEntity
  8
GEOMETRY
100
AcDbLine
 10
4.1429133858267715
 20
1.7118110236220478
 30
0.0
 11
4.1429133858267715
 21
1.7594488188976387
 31
0.0
  0
LINE
  5
FD9
330
17
100
AcDbEntity
  8
GEOMETRY
100
AcDbLine
 10
4.151968503937008
 20
1.0818897637795282
 30
0.0
 11
4.151968503937008
 21
1.1200787401574799
 31
0.0
  0
LINE
  5
FDA
330
17
100
AcDbEntity
  8
GEOMETRY
100
AcDbLine
 10
4.151968503937008
 20
1.1720472440944898
 30
0.0
 11
4.151968503937008
 21
1.17716535433071
 31
0.0
  0
LINE
  5
FDB
330
17
100
AcDbEntity
  8
GEOMETRY
100
AcDbLine
 10
4.151968503937008
 20
1.6661417322834653
 30
0.0
 11
4.151968503937008
 21
1.668503937007875
 31
0.0
  0
LINE
  5
FDC
330
17
100
AcDbEntity
  8
GEOMETRY
100
AcDbLine
 10
4.151968503937008
 20
1.7169291338582682
 30
0.0
 11
4.151968503937008
 21
1.764566929133859
 31
0.0
  0
LINE
  5
FDD
330
17
100
AcDbEntity
  8
GEOMETRY
100
AcDbLine
 10
4.160629921259843
 20
1.0870078740157485
 30
0.0
 11
4.160629921259843
 21
1.1251968503937024
 31
0.0
  0
LINE
  5
FDE
330
17
100
AcDbEntity
  8
GEOMETRY
100
AcDbLine
 10
4.160629921259843
 20
1.17716535433071
 30
0.0
 11
4.160629921259843
 21
1.1822834645669302
 31
0.0
  0
LINE
  5
FDF
330
17
100
AcDbEntity
  8
GEOMETRY
100
AcDbLine
 10
4.160629921259843
 20
1.6712598425196856
 30
0.0
 11
4.160629921259843
 21
1.6736220472440952
 31
0.0
  0
LINE
  5
FE0
330
17
100
AcDbEntity
  8
GEOMETRY
100
AcDbLine
 10
4.160629921259843
 20
1.7220472440944885
 30
0.0
 11
4.160629921259843
 21
1.7696850393700794
 31
0.0
  0
LINE
  5
FE1
330
17
100
AcDbEntity
  8
GEOMETRY
100
AcDbLine
 10
4.169291338582678
 20
1.0921259842519688
 30
0.0
 11
4.169291338582678
 21
1.1303149606299228
 31
0.0
  0
LINE
  5
FE2
330
17
100
AcDbEntity
  8
GEOMETRY
100
AcDbLine
 10
4.169291338582678
 20
1.1822834645669302
 30
0.0
 11
4.169291338582678
 21
1.1874015748031506
 31
0.0
  0
LINE
  5
FE3
330
17
100
AcDbEntity
  8
GEOMETRY
100
AcDbLine
 10
4.169291338582678
 20
1.676377952755906
 30
0.0
 11
4.169291338582678
 21
1.6787401574803156
 31
0.0
  0
LINE
  5
FE4
330
17
100
AcDbEntity
  8
GEOMETRY
100
AcDbLine
 10
4.169291338582678
 20
1.7271653543307088
 30
0.0
 11
4.169291338582678
 21
1.7748031496062997
 31
0.0
  0
LINE
  5
FE5
330
17
100
AcDbEntity
  8
GEOMETRY
100
AcDbLine
 10
4.178346456692913
 20
1.0972440944881892
 30
0.0
 11
4.178346456692913
 21
1.1354330708661429
 31
0.0
  0
LINE
  5
FE6
330
17
100
AcDbEntity
  8
GEOMETRY
100
AcDbLine
 10
4.178346456692913
 20
1.1874015748031506
 30
0.0
 11
4.178346456692913
 21
1.192519685039371
 31
0.0
  0
LINE
  5
FE7
330
17
100
AcDbEntity
  8
GEOMETRY
100
AcDbLine
 10
4.178346456692913
 20
1.6814960629921263
 30
0.0
 11
4.178346456692913
 21
1.683858267716536
 31
0.0
  0
LINE
  5
FE8
330
17
100
AcDbEntity
  8
GEOMETRY
100
AcDbLine
 10
4.178346456692913
 20
1.7322834645669292
 30
0.0
 11
4.178346456692913
 21
1.77992125984252
 31
0.0
  0
LINE
  5
FE9
330
17
100
AcDbEntity
  8
GEOMETRY
100
AcDbLine
 10
4.187007874015748
 20
1.1023622047244095
 30
0.0
 11
4.187007874015748
 21
1.1401574803149621
 31
0.0
  0
LINE
  5
FEA
330
17
100
AcDbEntity
  8
GEOMETRY
100
AcDbLine
 10
4.187007874015748
 20
1.192519685039371
 30
0.0
 11
4.187007874015748
 21
1.1976377952755912
 31
0.0
  0
LINE
  5
FEB
330
17
100
AcDbEntity
  8
GEOMETRY
100
AcDbLine
 10
4.187007874015748
 20
1.6866141732283466
 30
0.0
 11
4.187007874015748
 21
1.688976377952756
 31
0.0
  0
LINE
  5
FEC
330
17
100
AcDbEntity
  8
GEOMETRY
100
AcDbLine
 10
4.187007874015748
 20
1.7374015748031506
 30
0.0
 11
4.187007874015748
 21
1.7850393700787404
 31
0.0
  0
LINE
  5
FED
330
17
100
AcDbEntity
  8
GEOMETRY
100
AcDbLine
 10
4.195669291338582
 20
1.1074803149606298
 30
0.0
 11
4.195669291338582
 21
1.1452755905511824
 31
0.0
  0
LINE
  5
FEE
330
17
100
AcDbEntity
  8
GEOMETRY
100
AcDbLine
 10
4.195669291338582
 20
1.1976377952755912
 30
0.0
 11
4.195669291338582
 21
1.2023622047244102
 31
0.0
  0
LINE
  5
FEF
330
17
100
AcDbEntity
  8
GEOMETRY
100
AcDbLine
 10
4.195669291338582
 20
1.6913385826771656
 30
0.0
 11
4.195669291338582
 21
1.6940944881889763
 31
0.0
  0
LINE
  5
FF0
330
17
100
AcDbEntity
  8
GEOMETRY
100
AcDbLine
 10
4.195669291338582
 20
1.7421259842519685
 30
0.0
 11
4.195669291338582
 21
1.7897637795275594
 31
0.0
  0
LINE
  5
FF1
330
17
100
AcDbEntity
  8
GEOMETRY
100
AcDbLine
 10
4.204330708661417
 20
1.1122047244094488
 30
0.0
 11
4.204330708661417
 21
1.1503937007874026
 31
0.0
  0
LINE
  5
FF2
330
17
100
AcDbEntity
  8
GEOMETRY
100
AcDbLine
 10
4.204330708661417
 20
1.2023622047244102
 30
0.0
 11
4.204330708661417
 21
1.2074803149606306
 31
0.0
  0
LINE
  5
FF3
330
17
100
AcDbEntity
  8
GEOMETRY
100
AcDbLine
 10
4.204330708661417
 20
1.696456692913386
 30
0.0
 11
4.204330708661417
 21
1.6992125984251978
 31
0.0
  0
LINE
  5
FF4
330
17
100
AcDbEntity
  8
GEOMETRY
100
AcDbLine
 10
4.204330708661417
 20
1.74724409448819
 30
0.0
 11
4.204330708661417
 21
1.7948818897637797
 31
0.0
  0
LINE
  5
FF5
330
17
100
AcDbEntity
  8
GEOMETRY
100
AcDbLine
 10
4.2133858267716535
 20
1.1173228346456692
 30
0.0
 11
4.2133858267716535
 21
1.1555118110236229
 31
0.0
  0
LINE
  5
FF6
330
17
100
AcDbEntity
  8
GEOMETRY
100
AcDbLine
 10
4.2133858267716535
 20
1.2074803149606306
 30
0.0
 11
4.2133858267716535
 21
1.212598425196851
 31
0.0
  0
LINE
  5
FF7
330
17
100
AcDbEntity
  8
GEOMETRY
100
AcDbLine
 10
4.2133858267716535
 20
1.7015748031496074
 30
0.0
 11
4.2133858267716535
 21
1.7043307086614181
 31
0.0
  0
LINE
  5
FF8
330
17
100
AcDbEntity
  8
GEOMETRY
100
AcDbLine
 10
4.2133858267716535
 20
1.7523622047244103
 30
0.0
 11
4.2133858267716535
 21
1.8000000000000012
 31
0.0
  0
LINE
  5
FF9
330
17
100
AcDbEntity
  8
GEOMETRY
100
AcDbLine
 10
4.222047244094488
 20
1.1224409448818893
 30
0.0
 11
4.222047244094488
 21
1.1606299212598432
 31
0.0
  0
LINE
  5
FFA
330
17
100
AcDbEntity
  8
GEOMETRY
100
AcDbLine
 10
4.222047244094488
 20
1.212598425196851
 30
0.0
 11
4.222047244094488
 21
1.217716535433071
 31
0.0
  0
LINE
  5
FFB
330
17
100
AcDbEntity
  8
GEOMETRY
100
AcDbLine
 10
4.222047244094488
 20
1.7066929133858277
 30
0.0
 11
4.222047244094488
 21
1.7090551181102371
 31
0.0
  0
LINE
  5
FFC
330
17
100
AcDbEntity
  8
GEOMETRY
100
AcDbLine
 10
4.222047244094488
 20
1.7574803149606304
 30
0.0
 11
4.222047244094488
 21
1.8051181102362213
 31
0.0
  0
LINE
  5
FFD
330
17
100
AcDbEntity
  8
GEOMETRY
100
AcDbLine
 10
4.230708661417323
 20
1.1275590551181096
 30
0.0
 11
4.230708661417323
 21
1.1657480314960635
 31
0.0
  0
LINE
  5
FFE
330
17
100
AcDbEntity
  8
GEOMETRY
100
AcDbLine
 10
4.230708661417323
 20
1.217716535433071
 30
0.0
 11
4.230708661417323
 21
1.2228346456692913
 31
0.0
  0
LINE
  5
FFF
330
17
100
AcDbEntity
  8
GEOMETRY
100
AcDbLine
 10
4.230708661417323
 20
1.7118110236220478
 30
0.0
 11
4.230708661417323
 21
1.7141732283464575
 31
0.0
  0
LINE
  5
1000
330
17
100
AcDbEntity
  8
GEOMETRY
100
AcDbLine
 10
4.230708661417323
 20
1.7625984251968507
 30
0.0
 11
4.230708661417323
 21
1.8102362204724416
 31
0.0
  0
LINE
  5
1001
330
17
100
AcDbEntity
  8
GEOMETRY
100
AcDbLine
 10
4.239763779527559
 20
1.1326771653543322
 30
0.0
 11
4.239763779527559
 21
1.1708661417322839
 31
0.0
  0
LINE
  5
1002
330
17
100
AcDbEntity
  8
GEOMETRY
100
AcDbLine
 10
4.239763779527559
 20
1.2228346456692913
 30
0.0
 11
4.239763779527559
 21
1.2279527559055117
 31
0.0
  0
LINE
  5
1003
330
17
100
AcDbEntity
  8
GEOMETRY
100
AcDbLine
 10
4.239763779527559
 20
1.7169291338582682
 30
0.0
 11
4.239763779527559
 21
1.7192913385826778
 31
0.0
  0
LINE
  5
1004
330
17
100
AcDbEntity
  8
GEOMETRY
100
AcDbLine
 10
4.239763779527559
 20
1.767716535433071
 30
0.0
 11
4.239763779527559
 21
1.815354330708662
 31
0.0
  0
LINE
  5
1005
330
17
100
AcDbEntity
  8
GEOMETRY
100
AcDbLine
 10
4.248425196850394
 20
1.1377952755905525
 30
0.0
 11
4.248425196850394
 21
1.1759842519685042
 31
0.0
  0
LINE
  5
1006
330
17
100
AcDbEntity
  8
GEOMETRY
100
AcDbLine
 10
4.248425196850394
 20
1.2279527559055117
 30
0.0
 11
4.248425196850394
 21
1.233070866141732
 31
0.0
  0
LINE
  5
1007
330
17
100
AcDbEntity
  8
GEOMETRY
100
AcDbLine
 10
4.248425196850394
 20
1.7220472440944885
 30
0.0
 11
4.248425196850394
 21
1.7244094488188981
 31
0.0
  0
LINE
  5
1008
330
17
100
AcDbEntity
  8
GEOMETRY
100
AcDbLine
 10
4.248425196850394
 20
1.7728346456692914
 30
0.0
 11
4.248425196850394
 21
1.8204724409448823
 31
0.0
  0
LINE
  5
1009
330
17
100
AcDbEntity
  8
GEOMETRY
100
AcDbLine
 10
4.257086614173228
 20
1.1429133858267728
 30
0.0
 11
4.257086614173228
 21
1.1807086614173232
 31
0.0
  0
LINE
  5
100A
330
17
100
AcDbEntity
  8
GEOMETRY
100
AcDbLine
 10
4.257086614173228
 20
1.233070866141732
 30
0.0
 11
4.257086614173228
 21
1.2381889763779523
 31
0.0
  0
LINE
  5
100B
330
17
100
AcDbEntity
  8
GEOMETRY
100
AcDbLine
 10
4.257086614173228
 20
1.7267716535433075
 30
0.0
 11
4.257086614173228
 21
1.7295275590551185
 31
0.0
  0
LINE
  5
100C
330
17
100
AcDbEntity
  8
GEOMETRY
100
AcDbLine
 10
4.257086614173228
 20
1.7779527559055128
 30
0.0
 11
4.257086614173228
 21
1.8251968503937013
 31
0.0
  0
LINE
  5
100D
330
17
100
AcDbEntity
  8
GEOMETRY
100
AcDbLine
 10
4.266141732283464
 20
1.1476377952755918
 30
0.0
 11
4.266141732283464
 21
1.1858267716535436
 31
0.0
  0
LINE
  5
100E
330
17
100
AcDbEntity
  8
GEOMETRY
100
AcDbLine
 10
4.266141732283464
 20
1.2381889763779523
 30
0.0
 11
4.266141732283464
 21
1.2429133858267714
 31
0.0
  0
LINE
  5
100F
330
17
100
AcDbEntity
  8
GEOMETRY
100
AcDbLine
 10
4.266141732283464
 20
1.7318897637795279
 30
0.0
 11
4.266141732283464
 21
1.7346456692913386
 31
0.0
  0
LINE
  5
1010
330
17
100
AcDbEntity
  8
GEOMETRY
100
AcDbLine
 10
4.266141732283464
 20
1.7826771653543307
 30
0.0
 11
4.266141732283464
 21
1.8303149606299216
 31
0.0
  0
LINE
  5
1011
330
17
100
AcDbEntity
  8
GEOMETRY
100
AcDbLine
 10
4.274803149606299
 20
1.1527559055118122
 30
0.0
 11
4.274803149606299
 21
1.1909448818897637
 31
0.0
  0
LINE
  5
1012
330
17
100
AcDbEntity
  8
GEOMETRY
100
AcDbLine
 10
4.274803149606299
 20
1.2429133858267714
 30
0.0
 11
4.274803149606299
 21
1.2480314960629917
 31
0.0
  0
LINE
  5
1013
330
17
100
AcDbEntity
  8
GEOMETRY
100
AcDbLine
 10
4.274803149606299
 20
1.7370078740157482
 30
0.0
 11
4.274803149606299
 21
1.73976377952756
 31
0.0
  0
LINE
  5
1014
330
17
100
AcDbEntity
  8
GEOMETRY
100
AcDbLine
 10
4.274803149606299
 20
1.7877952755905522
 30
0.0
 11
4.274803149606299
 21
1.835433070866142
 31
0.0
  0
LINE
  5
1015
330
17
100
AcDbEntity
  8
GEOMETRY
100
AcDbLine
 10
4.283464566929133
 20
1.1578740157480325
 30
0.0
 11
4.283464566929133
 21
1.196062992125984
 31
0.0
  0
LINE
  5
1016
330
17
100
AcDbEntity
  8
GEOMETRY
100
AcDbLine
 10
4.283464566929133
 20
1.2480314960629917
 30
0.0
 11
4.283464566929133
 21
1.2531496062992142
 31
0.0
  0
LINE
  5
1017
330
17
100
AcDbEntity
  8
GEOMETRY
100
AcDbLine
 10
4.283464566929133
 20
1.7421259842519685
 30
0.0
 11
4.283464566929133
 21
1.7448818897637803
 31
0.0
  0
LINE
  5
1018
330
17
100
AcDbEntity
  8
GEOMETRY
100
AcDbLine
 10
4.283464566929133
 20
1.7929133858267725
 30
0.0
 11
4.283464566929133
 21
1.8405511811023623
 31
0.0
  0
LINE
  5
1019
330
17
100
AcDbEntity
  8
GEOMETRY
100
AcDbLine
 10
4.292125984251968
 20
1.1629921259842528
 30
0.0
 11
4.292125984251968
 21
1.2011811023622043
 31
0.0
  0
LINE
  5
101A
330
17
100
AcDbEntity
  8
GEOMETRY
100
AcDbLine
 10
4.292125984251968
 20
1.2531496062992142
 30
0.0
 11
4.292125984251968
 21
1.2582677165354346
 31
0.0
  0
LINE
  5
101B
330
17
100
AcDbEntity
  8
GEOMETRY
100
AcDbLine
 10
4.292125984251968
 20
1.74724409448819
 30
0.0
 11
4.292125984251968
 21
1.7496062992125994
 31
0.0
  0
LINE
  5
101C
330
17
100
AcDbEntity
  8
GEOMETRY
100
AcDbLine
 10
4.292125984251968
 20
1.7980314960629926
 30
0.0
 11
4.292125984251968
 21
1.8456692913385835
 31
0.0
  0
LINE
  5
101D
330
17
100
AcDbEntity
  8
GEOMETRY
100
AcDbLine
 10
4.301181102362205
 20
1.168110236220473
 30
0.0
 11
4.301181102362205
 21
1.2062992125984247
 31
0.0
  0
LINE
  5
101E
330
17
100
AcDbEntity
  8
GEOMETRY
100
AcDbLine
 10
4.301181102362205
 20
1.2582677165354346
 30
0.0
 11
4.301181102362205
 21
1.2633858267716547
 31
0.0
  0
LINE
  5
101F
330
17
100
AcDbEntity
  8
GEOMETRY
100
AcDbLine
 10
4.301181102362205
 20
1.7523622047244103
 30
0.0
 11
4.301181102362205
 21
1.7547244094488197
 31
0.0
  0
LINE
  5
1020
330
17
100
AcDbEntity
  8
GEOMETRY
100
AcDbLine
 10
4.301181102362205
 20
1.803149606299213
 30
0.0
 11
4.301181102362205
 21
1.8507874015748038
 31
0.0
  0
LINE
  5
1021
330
17
100
AcDbEntity
  8
GEOMETRY
100
AcDbLine
 10
4.30984251968504
 20
1.1732283464566933
 30
0.0
 11
4.30984251968504
 21
1.2114173228346472
 31
0.0
  0
LINE
  5
1022
330
17
100
AcDbEntity
  8
GEOMETRY
100
AcDbLine
 10
4.30984251968504
 20
1.2633858267716547
 30
0.0
 11
4.30984251968504
 21
1.268503937007875
 31
0.0
  0
LINE
  5
1023
330
17
100
AcDbEntity
  8
GEOMETRY
100
AcDbLine
 10
4.30984251968504
 20
1.7574803149606304
 30
0.0
 11
4.30984251968504
 21
1.75984251968504
 31
0.0
  0
LINE
  5
1024
330
17
100
AcDbEntity
  8
GEOMETRY
100
AcDbLine
 10
4.30984251968504
 20
1.8082677165354333
 30
0.0
 11
4.30984251968504
 21
1.8559055118110241
 31
0.0
  0
LINE
  5
1025
330
17
100
AcDbEntity
  8
GEOMETRY
100
AcDbLine
 10
4.318503937007874
 20
1.1783464566929136
 30
0.0
 11
4.318503937007874
 21
1.2165354330708675
 31
0.0
  0
LINE
  5
1026
330
17
100
AcDbEntity
  8
GEOMETRY
100
AcDbLine
 10
4.318503937007874
 20
1.268503937007875
 30
0.0
 11
4.318503937007874
 21
1.2736220472440953
 31
0.0
  0
LINE
  5
1027
330
17
100
AcDbEntity
  8
GEOMETRY
100
AcDbLine
 10
4.318503937007874
 20
1.7625984251968507
 30
0.0
 11
4.318503937007874
 21
1.7649606299212603
 31
0.0
  0
LINE
  5
1028
330
17
100
AcDbEntity
  8
GEOMETRY
100
AcDbLine
 10
4.318503937007874
 20
1.8133858267716536
 30
0.0
 11
4.318503937007874
 21
1.8610236220472445
 31
0.0
  0
LINE
  5
1029
330
17
100
AcDbEntity
  8
GEOMETRY
100
AcDbLine
 10
4.32755905511811
 20
1.183464566929134
 30
0.0
 11
4.32755905511811
 21
1.2212598425196866
 31
0.0
  0
LINE
  5
102A
330
17
100
AcDbEntity
  8
GEOMETRY
100
AcDbLine
 10
4.32755905511811
 20
1.2736220472440953
 30
0.0
 11
4.32755905511811
 21
1.2787401574803157
 31
0.0
  0
LINE
  5
102B
330
17
100
AcDbEntity
  8
GEOMETRY
100
AcDbLine
 10
4.32755905511811
 20
1.7673228346456697
 30
0.0
 11
4.32755905511811
 21
1.7700787401574807
 31
0.0
  0
LINE
  5
102C
330
17
100
AcDbEntity
  8
GEOMETRY
100
AcDbLine
 10
4.32755905511811
 20
1.818503937007875
 30
0.0
 11
4.32755905511811
 21
1.8657480314960635
 31
0.0
  0
LINE
  5
102D
330
17
100
AcDbEntity
  8
GEOMETRY
100
AcDbLine
 10
4.336220472440945
 20
1.188188976377953
 30
0.0
 11
4.336220472440945
 21
1.2263779527559069
 31
0.0
  0
LINE
  5
102E
330
17
100
AcDbEntity
  8
GEOMETRY
100
AcDbLine
 10
4.336220472440945
 20
1.2787401574803157
 30
0.0
 11
4.336220472440945
 21
1.2834645669291347
 31
0.0
  0
LINE
  5
102F
330
17
100
AcDbEntity
  8
GEOMETRY
100
AcDbLine
 10
4.336220472440945
 20
1.77244094488189
 30
0.0
 11
4.336220472440945
 21
1.7751968503937008
 31
0.0
  0
LINE
  5
1030
330
17
100
AcDbEntity
  8
GEOMETRY
100
AcDbLine
 10
4.336220472440945
 20
1.823228346456693
 30
0.0
 11
4.336220472440945
 21
1.8708661417322838
 31
0.0
  0
LINE
  5
1031
330
17
100
AcDbEntity
  8
GEOMETRY
100
AcDbLine
 10
4.344881889763779
 20
1.1933070866141733
 30
0.0
 11
4.344881889763779
 21
1.2314960629921272
 31
0.0
  0
LINE
  5
1032
330
17
100
AcDbEntity
  8
GEOMETRY
100
AcDbLine
 10
4.344881889763779
 20
1.2834645669291347
 30
0.0
 11
4.344881889763779
 21
1.288582677165355
 31
0.0
  0
LINE
  5
1033
330
17
100
AcDbEntity
  8
GEOMETRY
100
AcDbLine
 10
4.344881889763779
 20
1.7775590551181104
 30
0.0
 11
4.344881889763779
 21
1.7803149606299222
 31
0.0
  0
LINE
  5
1034
330
17
100
AcDbEntity
  8
GEOMETRY
100
AcDbLine
 10
4.344881889763779
 20
1.8283464566929144
 30
0.0
 11
4.344881889763779
 21
1.8759842519685042
 31
0.0
  0
LINE
  5
1035
330
17
100
AcDbEntity
  8
GEOMETRY
100
AcDbLine
 10
4.353937007874015
 20
1.1984251968503936
 30
0.0
 11
4.353937007874015
 21
1.2366141732283473
 31
0.0
  0
LINE
  5
1036
330
17
100
AcDbEntity
  8
GEOMETRY
100
AcDbLine
 10
4.353937007874015
 20
1.288582677165355
 30
0.0
 11
4.353937007874015
 21
1.2937007874015753
 31
0.0
  0
LINE
  5
1037
330
17
100
AcDbEntity
  8
GEOMETRY
100
AcDbLine
 10
4.353937007874015
 20
1.7826771653543307
 30
0.0
 11
4.353937007874015
 21
1.7854330708661426
 31
0.0
  0
LINE
  5
1038
330
17
100
AcDbEntity
  8
GEOMETRY
100
AcDbLine
 10
4.353937007874015
 20
1.8334645669291347
 30
0.0
 11
4.353937007874015
 21
1.8811023622047245
 31
0.0
  0
LINE
  5
1039
330
17
100
AcDbEntity
  8
GEOMETRY
100
AcDbLine
 10
4.36259842519685
 20
1.203543307086614
 30
0.0
 11
4.36259842519685
 21
1.2417322834645677
 31
0.0
  0
LINE
  5
103A
330
17
100
AcDbEntity
  8
GEOMETRY
100
AcDbLine
 10
4.36259842519685
 20
1.2937007874015753
 30
0.0
 11
4.36259842519685
 21
1.2988188976377957
 31
0.0
  0
LINE
  5
103B
330
17
100
AcDbEntity
  8
GEOMETRY
100
AcDbLine
 10
4.36259842519685
 20
1.7877952755905522
 30
0.0
 11
4.36259842519685
 21
1.7901574803149616
 31
0.0
  0
LINE
  5
103C
330
17
100
AcDbEntity
  8
GEOMETRY
100
AcDbLine
 10
4.36259842519685
 20
1.838582677165355
 30
0.0
 11
4.36259842519685
 21
1.886220472440946
 31
0.0
  0
LINE
  5
103D
330
17
100
AcDbEntity
  8
GEOMETRY
100
AcDbLine
 10
4.371259842519685
 20
1.2086614173228343
 30
0.0
 11
4.371259842519685
 21
1.246850393700788
 31
0.0
  0
LINE
  5
103E
330
17
100
AcDbEntity
  8
GEOMETRY
100
AcDbLine
 10
4.371259842519685
 20
1.2988188976377957
 30
0.0
 11
4.371259842519685
 21
1.303937007874016
 31
0.0
  0
LINE
  5
103F
330
17
100
AcDbEntity
  8
GEOMETRY
100
AcDbLine
 10
4.371259842519685
 20
1.7929133858267725
 30
0.0
 11
4.371259842519685
 21
1.795275590551182
 31
0.0
  0
LINE
  5
1040
330
17
100
AcDbEntity
  8
GEOMETRY
100
AcDbLine
 10
4.371259842519685
 20
1.8437007874015752
 30
0.0
 11
4.371259842519685
 21
1.891338582677166
 31
0.0
  0
LINE
  5
1041
330
17
100
AcDbEntity
  8
GEOMETRY
100
AcDbLine
 10
4.3799212598425195
 20
1.2137795275590566
 30
0.0
 11
4.3799212598425195
 21
1.2519685039370083
 31
0.0
  0
LINE
  5
1042
330
17
100
AcDbEntity
  8
GEOMETRY
100
AcDbLine
 10
4.3799212598425195
 20
1.303937007874016
 30
0.0
 11
4.3799212598425195
 21
1.3090551181102361
 31
0.0
  0
LINE
  5
1043
330
17
100
AcDbEntity
  8
GEOMETRY
100
AcDbLine
 10
4.3799212598425195
 20
1.7980314960629926
 30
0.0
 11
4.3799212598425195
 21
1.8003937007874022
 31
0.0
  0
LINE
  5
1044
330
17
100
AcDbEntity
  8
GEOMETRY
100
AcDbLine
 10
4.3799212598425195
 20
1.8488188976377955
 30
0.0
 11
4.3799212598425195
 21
1.8964566929133864
 31
0.0
  0
LINE
  5
1045
330
17
100
AcDbEntity
  8
GEOMETRY
100
AcDbLine
 10
4.388976377952756
 20
1.218897637795277
 30
0.0
 11
4.388976377952756
 21
1.2566929133858273
 31
0.0
  0
LINE
  5
1046
330
17
100
AcDbEntity
  8
GEOMETRY
100
AcDbLine
 10
4.388976377952756
 20
1.3090551181102361
 30
0.0
 11
4.388976377952756
 21
1.3141732283464564
 31
0.0
  0
LINE
  5
1047
330
17
100
AcDbEntity
  8
GEOMETRY
100
AcDbLine
 10
4.388976377952756
 20
1.803149606299213
 30
0.0
 11
4.388976377952756
 21
1.8055118110236226
 31
0.0
  0
LINE
  5
1048
330
17
100
AcDbEntity
  8
GEOMETRY
100
AcDbLine
 10
4.388976377952756
 20
1.8539370078740158
 30
0.0
 11
4.388976377952756
 21
1.9015748031496067
 31
0.0
  0
LINE
  5
1049
330
17
100
AcDbEntity
  8
GEOMETRY
100
AcDbLine
 10
4.397637795275591
 20
1.2240157480314973
 30
0.0
 11
4.397637795275591
 21
1.2618110236220477
 31
0.0
  0
LINE
  5
104A
330
17
100
AcDbEntity
  8
GEOMETRY
100
AcDbLine
 10
4.397637795275591
 20
1.3141732283464564
 30
0.0
 11
4.397637795275591
 21
1.3192913385826768
 31
0.0
  0
LINE
  5
104B
330
17
100
AcDbEntity
  8
GEOMETRY
100
AcDbLine
 10
4.397637795275591
 20
1.8078740157480322
 30
0.0
 11
4.397637795275591
 21
1.810629921259843
 31
0.0
  0
LINE
  5
104C
330
17
100
AcDbEntity
  8
GEOMETRY
100
AcDbLine
 10
4.397637795275591
 20
1.8586614173228349
 30
0.0
 11
4.397637795275591
 21
1.9062992125984257
 31
0.0
  0
LINE
  5
104D
330
17
100
AcDbEntity
  8
GEOMETRY
100
AcDbLine
 10
4.406299212598425
 20
1.2287401574803163
 30
0.0
 11
4.406299212598425
 21
1.266929133858268
 31
0.0
  0
LINE
  5
104E
330
17
100
AcDbEntity
  8
GEOMETRY
100
AcDbLine
 10
4.406299212598425
 20
1.3188976377952755
 30
0.0
 11
4.406299212598425
 21
1.3240157480314958
 31
0.0
  0
LINE
  5
104F
330
17
100
AcDbEntity
  8
GEOMETRY
100
AcDbLine
 10
4.406299212598425
 20
1.8129921259842523
 30
0.0
 11
4.406299212598425
 21
1.8157480314960632
 31
0.0
  0
LINE
  5
1050
330
17
100
AcDbEntity
  8
GEOMETRY
100
AcDbLine
 10
4.406299212598425
 20
1.8637795275590552
 30
0.0
 11
4.406299212598425
 21
1.911417322834646
 31
0.0
  0
LINE
  5
1051
330
17
100
AcDbEntity
  8
GEOMETRY
100
AcDbLine
 10
4.415354330708662
 20
1.2338582677165366
 30
0.0
 11
4.415354330708662
 21
1.2720472440944883
 31
0.0
  0
LINE
  5
1052
330
17
100
AcDbEntity
  8
GEOMETRY
100
AcDbLine
 10
4.415354330708662
 20
1.3240157480314958
 30
0.0
 11
4.415354330708662
 21
1.3291338582677161
 31
0.0
  0
LINE
  5
1053
330
17
100
AcDbEntity
  8
GEOMETRY
100
AcDbLine
 10
4.415354330708662
 20
1.8181102362204726
 30
0.0
 11
4.415354330708662
 21
1.8208661417322833
 31
0.0
  0
LINE
  5
1054
330
17
100
AcDbEntity
  8
GEOMETRY
100
AcDbLine
 10
4.415354330708662
 20
1.8688976377952766
 30
0.0
 11
4.415354330708662
 21
1.9165354330708664
 31
0.0
  0
LINE
  5
1055
330
17
100
AcDbEntity
  8
GEOMETRY
100
AcDbLine
 10
4.424015748031496
 20
1.238976377952757
 30
0.0
 11
4.424015748031496
 21
1.2771653543307087
 31
0.0
  0
LINE
  5
1056
330
17
100
AcDbEntity
  8
GEOMETRY
100
AcDbLine
 10
4.424015748031496
 20
1.3291338582677161
 30
0.0
 11
4.424015748031496
 21
1.3342519685039365
 31
0.0
  0
LINE
  5
1057
330
17
100
AcDbEntity
  8
GEOMETRY
100
AcDbLine
 10
4.424015748031496
 20
1.823228346456693
 30
0.0
 11
4.424015748031496
 21
1.8259842519685048
 31
0.0
  0
LINE
  5
1058
330
17
100
AcDbEntity
  8
GEOMETRY
100
AcDbLine
 10
4.424015748031496
 20
1.874015748031497
 30
0.0
 11
4.424015748031496
 21
1.9216535433070867
 31
0.0
  0
LINE
  5
1059
330
17
100
AcDbEntity
  8
GEOMETRY
100
AcDbLine
 10
4.432677165354331
 20
1.2440944881889773
 30
0.0
 11
4.432677165354331
 21
1.2822834645669288
 31
0.0
  0
LINE
  5
105A
330
17
100
AcDbEntity
  8
GEOMETRY
100
AcDbLine
 10
4.432677165354331
 20
1.3342519685039365
 30
0.0
 11
4.432677165354331
 21
1.339370078740159
 31
0.0
  0
LINE
  5
105B
330
17
100
AcDbEntity
  8
GEOMETRY
100
AcDbLine
 10
4.432677165354331
 20
1.8283464566929144
 30
0.0
 11
4.432677165354331
 21
1.830708661417323
 31
0.0
  0
LINE
  5
105C
330
17
100
AcDbEntity
  8
GEOMETRY
100
AcDbLine
 10
4.432677165354331
 20
1.8791338582677173
 30
0.0
 11
4.432677165354331
 21
1.9267716535433081
 31
0.0
  0
LINE
  5
105D
330
17
100
AcDbEntity
  8
GEOMETRY
100
AcDbLine
 10
4.441338582677165
 20
1.2492125984251976
 30
0.0
 11
4.441338582677165
 21
1.287401574803149
 31
0.0
  0
LINE
  5
105E
330
17
100
AcDbEntity
  8
GEOMETRY
100
AcDbLine
 10
4.441338582677165
 20
1.339370078740159
 30
0.0
 11
4.441338582677165
 21
1.3444881889763793
 31
0.0
  0
LINE
  5
105F
330
17
100
AcDbEntity
  8
GEOMETRY
100
AcDbLine
 10
4.441338582677165
 20
1.8334645669291347
 30
0.0
 11
4.441338582677165
 21
1.8358267716535441
 31
0.0
  0
LINE
  5
1060
330
17
100
AcDbEntity
  8
GEOMETRY
100
AcDbLine
 10
4.441338582677165
 20
1.8842519685039376
 30
0.0
 11
4.441338582677165
 21
1.9318897637795285
 31
0.0
  0
LINE
  5
1061
330
17
100
AcDbEntity
  8
GEOMETRY
100
AcDbLine
 10
4.4503937007874015
 20
1.254330708661418
 30
0.0
 11
4.4503937007874015
 21
1.2925196850393716
 31
0.0
  0
LINE
  5
1062
330
17
100
AcDbEntity
  8
GEOMETRY
100
AcDbLine
 10
4.4503937007874015
 20
1.3444881889763793
 30
0.0
 11
4.4503937007874015
 21
1.3496062992125997
 31
0.0
  0
LINE
  5
1063
330
17
100
AcDbEntity
  8
GEOMETRY
100
AcDbLine
 10
4.4503937007874015
 20
1.838582677165355
 30
0.0
 11
4.4503937007874015
 21
1.8409448818897645
 31
0.0
  0
LINE
  5
1064
330
17
100
AcDbEntity
  8
GEOMETRY
100
AcDbLine
 10
4.4503937007874015
 20
1.8893700787401577
 30
0.0
 11
4.4503937007874015
 21
1.9370078740157486
 31
0.0
  0
LINE
  5
1065
330
17
100
AcDbEntity
  8
GEOMETRY
100
AcDbLine
 10
4.4590551181102365
 20
1.259448818897638
 30
0.0
 11
4.4590551181102365
 21
1.2972440944881884
 31
0.0
  0
LINE
  5
1066
330
17
100
AcDbEntity
  8
GEOMETRY
100
AcDbLine
 10
4.4590551181102365
 20
1.3496062992125997
 30
0.0
 11
4.4590551181102365
 21
1.3547244094488198
 31
0.0
  0
LINE
  5
1067
330
17
100
AcDbEntity
  8
GEOMETRY
100
AcDbLine
 10
4.4590551181102365
 20
1.8437007874015752
 30
0.0
 11
4.4590551181102365
 21
1.8460629921259848
 31
0.0
  0
LINE
  5
1068
330
17
100
AcDbEntity
  8
GEOMETRY
100
AcDbLine
 10
4.4590551181102365
 20
1.894488188976378
 30
0.0
 11
4.4590551181102365
 21
1.942125984251969
 31
0.0
  0
LINE
  5
1069
330
17
100
AcDbEntity
  8
GEOMETRY
100
AcDbLine
 10
4.467716535433071
 20
1.2645669291338584
 30
0.0
 11
4.467716535433071
 21
1.302362204724411
 31
0.0
  0
LINE
  5
106A
330
17
100
AcDbEntity
  8
GEOMETRY
100
AcDbLine
 10
4.467716535433071
 20
1.3547244094488198
 30
0.0
 11
4.467716535433071
 21
1.35984251968504
 31
0.0
  0
LINE
  5
106B
330
17
100
AcDbEntity
  8
GEOMETRY
100
AcDbLine
 10
4.467716535433071
 20
1.8484251968503944
 30
0.0
 11
4.467716535433071
 21
1.8511811023622051
 31
0.0
  0
LINE
  5
106C
330
17
100
AcDbEntity
  8
GEOMETRY
100
AcDbLine
 10
4.467716535433071
 20
1.899212598425197
 30
0.0
 11
4.467716535433071
 21
1.946850393700788
 31
0.0
  0
LINE
  5
106D
330
17
100
AcDbEntity
  8
GEOMETRY
100
AcDbLine
 10
4.476771653543307
 20
1.2692913385826774
 30
0.0
 11
4.476771653543307
 21
1.3074803149606313
 31
0.0
  0
LINE
  5
106E
330
17
100
AcDbEntity
  8
GEOMETRY
100
AcDbLine
 10
4.476771653543307
 20
1.359448818897639
 30
0.0
 11
4.476771653543307
 21
1.3645669291338591
 31
0.0
  0
LINE
  5
106F
330
17
100
AcDbEntity
  8
GEOMETRY
100
AcDbLine
 10
4.476771653543307
 20
1.8535433070866147
 30
0.0
 11
4.476771653543307
 21
1.8562992125984255
 31
0.0
  0
LINE
  5
1070
330
17
100
AcDbEntity
  8
GEOMETRY
100
AcDbLine
 10
4.476771653543307
 20
1.9043307086614174
 30
0.0
 11
4.476771653543307
 21
1.9519685039370083
 31
0.0
  0
LINE
  5
1071
330
17
100
AcDbEntity
  8
GEOMETRY
100
AcDbLine
 10
4.485433070866142
 20
1.2744094488188977
 30
0.0
 11
4.485433070866142
 21
1.3125984251968517
 31
0.0
  0
LINE
  5
1072
330
17
100
AcDbEntity
  8
GEOMETRY
100
AcDbLine
 10
4.485433070866142
 20
1.3645669291338591
 30
0.0
 11
4.485433070866142
 21
1.3696850393700795
 31
0.0
  0
LINE
  5
1073
330
17
100
AcDbEntity
  8
GEOMETRY
100
AcDbLine
 10
4.485433070866142
 20
1.8586614173228349
 30
0.0
 11
4.485433070866142
 21
1.8614173228346458
 31
0.0
  0
LINE
  5
1074
330
17
100
AcDbEntity
  8
GEOMETRY
100
AcDbLine
 10
4.485433070866142
 20
1.9094488188976377
 30
0.0
 11
4.485433070866142
 21
1.9570866141732286
 31
0.0
  0
LINE
  5
1075
330
17
100
AcDbEntity
  8
GEOMETRY
100
AcDbLine
 10
4.494094488188977
 20
1.279527559055118
 30
0.0
 11
4.494094488188977
 21
1.317716535433072
 31
0.0
  0
LINE
  5
1076
330
17
100
AcDbEntity
  8
GEOMETRY
100
AcDbLine
 10
4.494094488188977
 20
1.3696850393700795
 30
0.0
 11
4.494094488188977
 21
1.3748031496062998
 31
0.0
  0
LINE
  5
1077
330
17
100
AcDbEntity
  8
GEOMETRY
100
AcDbLine
 10
4.494094488188977
 20
1.8637795275590552
 30
0.0
 11
4.494094488188977
 21
1.866535433070867
 31
0.0
  0
LINE
  5
1078
330
17
100
AcDbEntity
  8
GEOMETRY
100
AcDbLine
 10
4.494094488188977
 20
1.9145669291338592
 30
0.0
 11
4.494094488188977
 21
1.962204724409449
 31
0.0
  0
LINE
  5
1079
330
17
100
AcDbEntity
  8
GEOMETRY
100
AcDbLine
 10
4.503149606299212
 20
1.2846456692913384
 30
0.0
 11
4.503149606299212
 21
1.3228346456692923
 31
0.0
  0
LINE
  5
107A
330
17
100
AcDbEntity
  8
GEOMETRY
100
AcDbLine
 10
4.503149606299212
 20
1.3748031496062998
 30
0.0
 11
4.503149606299212
 21
1.3799212598425201
 31
0.0
  0
LINE
  5
107B
330
17
100
AcDbEntity
  8
GEOMETRY
100
AcDbLine
 10
4.503149606299212
 20
1.8688976377952766
 30
0.0
 11
4.503149606299212
 21
1.8712598425196851
 31
0.0
  0
LINE
  5
107C
330
17
100
AcDbEntity
  8
GEOMETRY
100
AcDbLine
 10
4.503149606299212
 20
1.9196850393700795
 30
0.0
 11
4.503149606299212
 21
1.9673228346456704
 31
0.0
  0
LINE
  5
107D
330
17
100
AcDbEntity
  8
GEOMETRY
100
AcDbLine
 10
4.511811023622047
 20
1.2897637795275587
 30
0.0
 11
4.511811023622047
 21
1.3279527559055124
 31
0.0
  0
LINE
  5
107E
330
17
100
AcDbEntity
  8
GEOMETRY
100
AcDbLine
 10
4.511811023622047
 20
1.3799212598425201
 30
0.0
 11
4.511811023622047
 21
1.3850393700787405
 31
0.0
  0
LINE
  5
107F
330
17
100
AcDbEntity
  8
GEOMETRY
100
AcDbLine
 10
4.511811023622047
 20
1.874015748031497
 30
0.0
 11
4.511811023622047
 21
1.8763779527559066
 31
0.0
  0
LINE
  5
1080
330
17
100
AcDbEntity
  8
GEOMETRY
100
AcDbLine
 10
4.511811023622047
 20
1.9248031496062998
 30
0.0
 11
4.511811023622047
 21
1.9724409448818907
 31
0.0
  0
LINE
  5
1081
330
17
100
AcDbEntity
  8
GEOMETRY
100
AcDbLine
 10
4.520472440944881
 20
1.294881889763779
 30
0.0
 11
4.520472440944881
 21
1.3330708661417328
 31
0.0
  0
LINE
  5
1082
330
17
100
AcDbEntity
  8
GEOMETRY
100
AcDbLine
 10
4.520472440944881
 20
1.3850393700787405
 30
0.0
 11
4.520472440944881
 21
1.3901574803149608
 31
0.0
  0
LINE
  5
1083
330
17
100
AcDbEntity
  8
GEOMETRY
100
AcDbLine
 10
4.520472440944881
 20
1.8791338582677173
 30
0.0
 11
4.520472440944881
 21
1.8814960629921267
 31
0.0
  0
LINE
  5
1084
330
17
100
AcDbEntity
  8
GEOMETRY
100
AcDbLine
 10
4.520472440944881
 20
1.9299212598425202
 30
0.0
 11
4.520472440944881
 21
1.977559055118111
 31
0.0
  0
LINE
  5
1085
330
17
100
AcDbEntity
  8
GEOMETRY
100
AcDbLine
 10
4.529133858267716
 20
1.3000000000000016
 30
0.0
 11
4.529133858267716
 21
1.3377952755905518
 31
0.0
  0
LINE
  5
1086
330
17
100
AcDbEntity
  8
GEOMETRY
100
AcDbLine
 10
4.529133858267716
 20
1.3901574803149608
 30
0.0
 11
4.529133858267716
 21
1.3952755905511809
 31
0.0
  0
LINE
  5
1087
330
17
100
AcDbEntity
  8
GEOMETRY
100
AcDbLine
 10
4.529133858267716
 20
1.8842519685039376
 30
0.0
 11
4.529133858267716
 21
1.886614173228347
 31
0.0
  0
LINE
  5
1088
330
17
100
AcDbEntity
  8
GEOMETRY
100
AcDbLine
 10
4.529133858267716
 20
1.9350393700787403
 30
0.0
 11
4.529133858267716
 21
1.9826771653543311
 31
0.0
  0
LINE
  5
1089
330
17
100
AcDbEntity
  8
GEOMETRY
100
AcDbLine
 10
4.538188976377953
 20
1.3051181102362217
 30
0.0
 11
4.538188976377953
 21
1.342913385826772
 31
0.0
  0
LINE
  5
108A
330
17
100
AcDbEntity
  8
GEOMETRY
100
AcDbLine
 10
4.538188976377953
 20
1.3952755905511809
 30
0.0
 11
4.538188976377953
 21
1.4000000000000001
 31
0.0
  0
LINE
  5
108B
330
17
100
AcDbEntity
  8
GEOMETRY
100
AcDbLine
 10
4.538188976377953
 20
1.8889763779527566
 30
0.0
 11
4.538188976377953
 21
1.8917322834645673
 31
0.0
  0
LINE
  5
108C
330
17
100
AcDbEntity
  8
GEOMETRY
100
AcDbLine
 10
4.538188976377953
 20
1.9397637795275595
 30
0.0
 11
4.538188976377953
 21
1.9874015748031504
 31
0.0
  0
LINE
  5
108D
330
17
100
AcDbEntity
  8
GEOMETRY
100
AcDbLine
 10
4.546850393700787
 20
1.309842519685041
 30
0.0
 11
4.546850393700787
 21
1.3480314960629924
 31
0.0
  0
LINE
  5
108E
330
17
100
AcDbEntity
  8
GEOMETRY
100
AcDbLine
 10
4.546850393700787
 20
1.4000000000000001
 30
0.0
 11
4.546850393700787
 21
1.4051181102362205
 31
0.0
  0
LINE
  5
108F
330
17
100
AcDbEntity
  8
GEOMETRY
100
AcDbLine
 10
4.546850393700787
 20
1.894094488188977
 30
0.0
 11
4.546850393700787
 21
1.8968503937007877
 31
0.0
  0
LINE
  5
1090
330
17
100
AcDbEntity
  8
GEOMETRY
100
AcDbLine
 10
4.546850393700787
 20
1.9448818897637796
 30
0.0
 11
4.546850393700787
 21
1.9925196850393705
 31
0.0
  0
LINE
  5
1091
330
17
100
AcDbEntity
  8
GEOMETRY
100
AcDbLine
 10
4.555511811023622
 20
1.314960629921261
 30
0.0
 11
4.555511811023622
 21
1.3531496062992128
 31
0.0
  0
LINE
  5
1092
330
17
100
AcDbEntity
  8
GEOMETRY
100
AcDbLine
 10
4.555511811023622
 20
1.4051181102362205
 30
0.0
 11
4.555511811023622
 21
1.4102362204724406
 31
0.0
  0
LINE
  5
1093
330
17
100
AcDbEntity
  8
GEOMETRY
100
AcDbLine
 10
4.555511811023622
 20
1.899212598425197
 30
0.0
 11
4.555511811023622
 21
1.901968503937008
 31
0.0
  0
LINE
  5
1094
330
17
100
AcDbEntity
  8
GEOMETRY
100
AcDbLine
 10
4.555511811023622
 20
1.95
 30
0.0
 11
4.555511811023622
 21
1.9976377952755908
 31
0.0
  0
LINE
  5
1095
330
17
100
AcDbEntity
  8
GEOMETRY
100
AcDbLine
 10
4.564566929133858
 20
1.3200787401574814
 30
0.0
 11
4.564566929133858
 21
1.358267716535433
 31
0.0
  0
LINE
  5
1096
330
17
100
AcDbEntity
  8
GEOMETRY
100
AcDbLine
 10
4.564566929133858
 20
1.4102362204724406
 30
0.0
 11
4.564566929133858
 21
1.415354330708661
 31
0.0
  0
LINE
  5
1097
330
17
100
AcDbEntity
  8
GEOMETRY
100
AcDbLine
 10
4.564566929133858
 20
1.899212598425197
 30
0.0
 11
4.564566929133858
 21
1.906692913385827
 31
0.0
  0
LINE
  5
1098
330
17
100
AcDbEntity
  8
GEOMETRY
100
AcDbLine
 10
4.564566929133858
 20
1.9551181102362214
 30
0.0
 11
4.564566929133858
 21
2.0027559055118114
 31
0.0
  0
LINE
  5
1099
330
17
100
AcDbEntity
  8
GEOMETRY
100
AcDbLine
 10
4.573228346456693
 20
1.3251968503937017
 30
0.0
 11
4.573228346456693
 21
1.3633858267716534
 31
0.0
  0
LINE
  5
109A
330
17
100
AcDbEntity
  8
GEOMETRY
100
AcDbLine
 10
4.573228346456693
 20
1.9602362204724417
 30
0.0
 11
4.573228346456693
 21
2.0078740157480315
 31
0.0
  0
LINE
  5
109B
330
17
100
AcDbEntity
  8
GEOMETRY
100
AcDbLine
 10
4.581889763779527
 20
1.330314960629922
 30
0.0
 11
4.581889763779527
 21
1.3685039370078735
 31
0.0
  0
LINE
  5
109C
330
17
100
AcDbEntity
  8
GEOMETRY
100
AcDbLine
 10
4.581889763779527
 20
1.965354330708662
 30
0.0
 11
4.581889763779527
 21
2.012992125984253
 31
0.0
  0
LINE
  5
109D
330
17
100
AcDbEntity
  8
GEOMETRY
100
AcDbLine
 10
4.590944881889763
 20
1.3354330708661424
 30
0.0
 11
4.590944881889763
 21
1.3736220472440939
 31
0.0
  0
LINE
  5
109E
330
17
100
AcDbEntity
  8
GEOMETRY
100
AcDbLine
 10
4.590944881889763
 20
1.9704724409448824
 30
0.0
 11
4.590944881889763
 21
2.018110236220473
 31
0.0
  0
LINE
  5
109F
330
17
100
AcDbEntity
  8
GEOMETRY
100
AcDbLine
 10
4.599606299212598
 20
1.3405511811023627
 30
0.0
 11
4.599606299212598
 21
1.3783464566929131
 31
0.0
  0
LINE
  5
10A0
330
17
100
AcDbEntity
  8
GEOMETRY
100
AcDbLine
 10
4.599606299212598
 20
1.9755905511811025
 30
0.0
 11
4.599606299212598
 21
2.0232283464566936
 31
0.0
  0
LINE
  5
10A1
330
17
100
AcDbEntity
  8
GEOMETRY
100
AcDbLine
 10
4.608267716535433
 20
1.3456692913385828
 30
0.0
 11
4.608267716535433
 21
1.3834645669291332
 31
0.0
  0
LINE
  5
10A2
330
17
100
AcDbEntity
  8
GEOMETRY
100
AcDbLine
 10
4.608267716535433
 20
1.9751968503937014
 30
0.0
 11
4.608267716535433
 21
2.0279527559055124
 31
0.0
  0
LINE
  5
10A3
330
17
100
AcDbEntity
  8
GEOMETRY
100
AcDbLine
 10
4.616929133858267
 20
1.350393700787402
 30
0.0
 11
4.616929133858267
 21
2.033070866141733
 31
0.0
  0
LINE
  5
10A4
330
17
100
AcDbEntity
  8
GEOMETRY
100
AcDbLine
 10
4.625984251968504
 20
1.3555118110236224
 30
0.0
 11
4.625984251968504
 21
2.038188976377953
 31
0.0
  0
LINE
  5
10A5
330
17
100
AcDbEntity
  8
GEOMETRY
100
AcDbLine
 10
3.7039370078740155
 20
0.7181102362204728
 30
0.0
 11
3.7039370078740155
 21
0.7866141732283471
 31
0.0
  0
LINE
  5
10A6
330
17
100
AcDbEntity
  8
GEOMETRY
100
AcDbLine
 10
3.712992125984252
 20
0.7232283464566931
 30
0.0
 11
3.712992125984252
 21
0.7917322834645675
 31
0.0
  0
LINE
  5
10A7
330
17
100
AcDbEntity
  8
GEOMETRY
100
AcDbLine
 10
3.7216535433070868
 20
0.7283464566929134
 30
0.0
 11
3.7216535433070868
 21
0.7968503937007877
 31
0.0
  0
LINE
  5
10A8
330
17
100
AcDbEntity
  8
GEOMETRY
100
AcDbLine
 10
3.7303149606299213
 20
0.7330708661417324
 30
0.0
 11
3.7303149606299213
 21
0.801968503937008
 31
0.0
  0
LINE
  5
10A9
330
17
100
AcDbEntity
  8
GEOMETRY
100
AcDbLine
 10
3.738976377952756
 20
0.7381889763779528
 30
0.0
 11
3.738976377952756
 21
0.8066929133858272
 31
0.0
  0
LINE
  5
10AA
330
17
100
AcDbEntity
  8
GEOMETRY
100
AcDbLine
 10
3.748031496062992
 20
0.743307086614173
 30
0.0
 11
3.748031496062992
 21
0.8118110236220474
 31
0.0
  0
LINE
  5
10AB
330
17
100
AcDbEntity
  8
GEOMETRY
100
AcDbLine
 10
3.7566929133858267
 20
0.7484251968503933
 30
0.0
 11
3.7566929133858267
 21
0.8169291338582677
 31
0.0
  0
LINE
  5
10AC
330
17
100
AcDbEntity
  8
GEOMETRY
100
AcDbLine
 10
3.765354330708661
 20
0.7535433070866137
 30
0.0
 11
3.765354330708661
 21
0.822047244094488
 31
0.0
  0
LINE
  5
10AD
330
17
100
AcDbEntity
  8
GEOMETRY
100
AcDbLine
 10
3.774015748031496
 20
0.7586614173228339
 30
0.0
 11
3.774015748031496
 21
0.8271653543307083
 31
0.0
  0
LINE
  5
10AE
330
17
100
AcDbEntity
  8
GEOMETRY
100
AcDbLine
 10
3.7830708661417325
 20
0.763385826771653
 30
0.0
 11
3.7830708661417325
 21
0.8322834645669286
 31
0.0
  0
LINE
  5
10AF
330
17
100
AcDbEntity
  8
GEOMETRY
100
AcDbLine
 10
3.791732283464567
 20
0.7685039370078733
 30
0.0
 11
3.791732283464567
 21
0.8370078740157476
 31
0.0
  0
LINE
  5
10B0
330
17
100
AcDbEntity
  8
GEOMETRY
100
AcDbLine
 10
3.8003937007874016
 20
0.7736220472440958
 30
0.0
 11
3.8003937007874016
 21
0.8421259842519679
 31
0.0
  0
LINE
  5
10B1
330
17
100
AcDbEntity
  8
GEOMETRY
100
AcDbLine
 10
3.809055118110236
 20
0.7787401574803161
 30
0.0
 11
3.809055118110236
 21
0.8472440944881883
 31
0.0
  0
LINE
  5
10B2
330
17
100
AcDbEntity
  8
GEOMETRY
100
AcDbLine
 10
3.8181102362204724
 20
0.7838582677165364
 30
0.0
 11
3.8181102362204724
 21
0.8523622047244108
 31
0.0
  0
LINE
  5
10B3
330
17
100
AcDbEntity
  8
GEOMETRY
100
AcDbLine
 10
3.826771653543307
 20
0.7889763779527567
 30
0.0
 11
3.826771653543307
 21
0.857480314960631
 31
0.0
  0
LINE
  5
10B4
330
17
100
AcDbEntity
  8
GEOMETRY
100
AcDbLine
 10
3.835433070866142
 20
0.794094488188977
 30
0.0
 11
3.835433070866142
 21
0.8625984251968514
 31
0.0
  0
LINE
  5
10B5
330
17
100
AcDbEntity
  8
GEOMETRY
100
AcDbLine
 10
3.8440944881889765
 20
0.7988188976377961
 30
0.0
 11
3.8440944881889765
 21
0.8677165354330717
 31
0.0
  0
LINE
  5
10B6
330
17
100
AcDbEntity
  8
GEOMETRY
100
AcDbLine
 10
3.8531496062992128
 20
0.8039370078740163
 30
0.0
 11
3.8531496062992128
 21
0.8724409448818907
 31
0.0
  0
LINE
  5
10B7
330
17
100
AcDbEntity
  8
GEOMETRY
100
AcDbLine
 10
3.8618110236220473
 20
0.8090551181102367
 30
0.0
 11
3.8618110236220473
 21
0.877559055118111
 31
0.0
  0
LINE
  5
10B8
330
17
100
AcDbEntity
  8
GEOMETRY
100
AcDbLine
 10
3.870472440944882
 20
0.814173228346457
 30
0.0
 11
3.870472440944882
 21
0.8826771653543313
 31
0.0
  0
LINE
  5
10B9
330
17
100
AcDbEntity
  8
GEOMETRY
100
AcDbLine
 10
3.8791338582677164
 20
0.8192913385826772
 30
0.0
 11
3.8791338582677164
 21
0.8877952755905516
 31
0.0
  0
LINE
  5
10BA
330
17
100
AcDbEntity
  8
GEOMETRY
100
AcDbLine
 10
3.8881889763779527
 20
0.8244094488188976
 30
0.0
 11
3.8881889763779527
 21
0.8929133858267719
 31
0.0
  0
LINE
  5
10BB
330
17
100
AcDbEntity
  8
GEOMETRY
100
AcDbLine
 10
3.8968503937007877
 20
0.8291338582677166
 30
0.0
 11
3.8968503937007877
 21
0.8980314960629922
 31
0.0
  0
LINE
  5
10BC
330
17
100
AcDbEntity
  8
GEOMETRY
100
AcDbLine
 10
3.905511811023622
 20
0.8342519685039369
 30
0.0
 11
3.905511811023622
 21
0.9027559055118113
 31
0.0
  0
LINE
  5
10BD
330
17
100
AcDbEntity
  8
GEOMETRY
100
AcDbLine
 10
3.9141732283464568
 20
0.8393700787401572
 30
0.0
 11
3.9141732283464568
 21
0.9078740157480316
 31
0.0
  0
LINE
  5
10BE
330
17
100
AcDbEntity
  8
GEOMETRY
100
AcDbLine
 10
3.923228346456693
 20
0.8444881889763798
 30
0.0
 11
3.923228346456693
 21
0.9129921259842518
 31
0.0
  0
LINE
  5
10BF
330
17
100
AcDbEntity
  8
GEOMETRY
100
AcDbLine
 10
3.9318897637795276
 20
0.8496062992126
 30
0.0
 11
3.9318897637795276
 21
0.9181102362204722
 31
0.0
  0
LINE
  5
10C0
330
17
100
AcDbEntity
  8
GEOMETRY
100
AcDbLine
 10
3.940551181102362
 20
0.8547244094488203
 30
0.0
 11
3.940551181102362
 21
0.9232283464566925
 31
0.0
  0
LINE
  5
10C1
330
17
100
AcDbEntity
  8
GEOMETRY
100
AcDbLine
 10
3.9492125984251967
 20
0.8598425196850407
 30
0.0
 11
3.9492125984251967
 21
0.9283464566929149
 31
0.0
  0
LINE
  5
10C2
330
17
100
AcDbEntity
  8
GEOMETRY
100
AcDbLine
 10
3.9582677165354334
 20
0.8645669291338597
 30
0.0
 11
3.9582677165354334
 21
0.9334645669291353
 31
0.0
  0
LINE
  5
10C3
330
17
100
AcDbEntity
  8
GEOMETRY
100
AcDbLine
 10
3.966929133858268
 20
0.86968503937008
 30
0.0
 11
3.966929133858268
 21
0.9381889763779544
 31
0.0
  0
LINE
  5
10C4
330
17
100
AcDbEntity
  8
GEOMETRY
100
AcDbLine
 10
3.9755905511811025
 20
0.8748031496063002
 30
0.0
 11
3.9755905511811025
 21
0.9433070866141746
 31
0.0
  0
LINE
  5
10C5
330
17
100
AcDbEntity
  8
GEOMETRY
100
AcDbLine
 10
3.984251968503937
 20
0.8799212598425206
 30
0.0
 11
3.984251968503937
 21
0.948425196850395
 31
0.0
  0
LINE
  5
10C6
330
17
100
AcDbEntity
  8
GEOMETRY
100
AcDbLine
 10
3.9933070866141733
 20
0.8850393700787409
 30
0.0
 11
3.9933070866141733
 21
0.9535433070866153
 31
0.0
  0
LINE
  5
10C7
330
17
100
AcDbEntity
  8
GEOMETRY
100
AcDbLine
 10
4.001968503937008
 20
0.8901574803149611
 30
0.0
 11
4.001968503937008
 21
0.9586614173228355
 31
0.0
  0
LINE
  5
10C8
330
17
100
AcDbEntity
  8
GEOMETRY
100
AcDbLine
 10
4.010629921259842
 20
0.8948818897637802
 30
0.0
 11
4.010629921259842
 21
0.9637795275590558
 31
0.0
  0
LINE
  5
10C9
330
17
100
AcDbEntity
  8
GEOMETRY
100
AcDbLine
 10
4.019291338582677
 20
0.9000000000000006
 30
0.0
 11
4.019291338582677
 21
0.9685039370078748
 31
0.0
  0
LINE
  5
10CA
330
17
100
AcDbEntity
  8
GEOMETRY
100
AcDbLine
 10
4.028346456692913
 20
0.9051181102362208
 30
0.0
 11
4.028346456692913
 21
0.9736220472440952
 31
0.0
  0
LINE
  5
10CB
330
17
100
AcDbEntity
  8
GEOMETRY
100
AcDbLine
 10
4.037007874015748
 20
0.9102362204724411
 30
0.0
 11
4.037007874015748
 21
0.9787401574803155
 31
0.0
  0
LINE
  5
10CC
330
17
100
AcDbEntity
  8
GEOMETRY
100
AcDbLine
 10
4.045669291338583
 20
0.9153543307086615
 30
0.0
 11
4.045669291338583
 21
0.9838582677165357
 31
0.0
  0
LINE
  5
10CD
330
17
100
AcDbEntity
  8
GEOMETRY
100
AcDbLine
 10
4.054330708661418
 20
0.9204724409448817
 30
0.0
 11
4.054330708661418
 21
0.9889763779527561
 31
0.0
  0
LINE
  5
10CE
330
17
100
AcDbEntity
  8
GEOMETRY
100
AcDbLine
 10
4.063385826771653
 20
0.9251968503937008
 30
0.0
 11
4.063385826771653
 21
0.9940944881889764
 31
0.0
  0
LINE
  5
10CF
330
17
100
AcDbEntity
  8
GEOMETRY
100
AcDbLine
 10
4.072047244094488
 20
0.930314960629921
 30
0.0
 11
4.072047244094488
 21
0.9992125984251966
 31
0.0
  0
LINE
  5
10D0
330
17
100
AcDbEntity
  8
GEOMETRY
100
AcDbLine
 10
4.080708661417323
 20
0.9354330708661414
 30
0.0
 11
4.080708661417323
 21
1.0039370078740157
 31
0.0
  0
LINE
  5
10D1
330
17
100
AcDbEntity
  8
GEOMETRY
100
AcDbLine
 10
4.089370078740157
 20
0.9405511811023617
 30
0.0
 11
4.089370078740157
 21
1.009055118110236
 31
0.0
  0
LINE
  5
10D2
330
17
100
AcDbEntity
  8
GEOMETRY
100
AcDbLine
 10
4.0984251968503935
 20
0.9456692913385842
 30
0.0
 11
4.0984251968503935
 21
1.0141732283464564
 31
0.0
  0
LINE
  5
10D3
330
17
100
AcDbEntity
  8
GEOMETRY
100
AcDbLine
 10
4.107086614173228
 20
0.9507874015748045
 30
0.0
 11
4.107086614173228
 21
1.0192913385826765
 31
0.0
  0
LINE
  5
10D4
330
17
100
AcDbEntity
  8
GEOMETRY
100
AcDbLine
 10
4.1157480314960635
 20
0.9559055118110248
 30
0.0
 11
4.1157480314960635
 21
1.024409448818899
 31
0.0
  0
LINE
  5
10D5
330
17
100
AcDbEntity
  8
GEOMETRY
100
AcDbLine
 10
4.124409448818898
 20
0.9606299212598438
 30
0.0
 11
4.124409448818898
 21
1.0295275590551194
 31
0.0
  0
LINE
  5
10D6
330
17
100
AcDbEntity
  8
GEOMETRY
100
AcDbLine
 10
4.133464566929134
 20
0.9657480314960641
 30
0.0
 11
4.133464566929134
 21
1.0342519685039384
 31
0.0
  0
LINE
  5
10D7
330
17
100
AcDbEntity
  8
GEOMETRY
100
AcDbLine
 10
4.142125984251968
 20
0.9708661417322845
 30
0.0
 11
4.142125984251968
 21
1.0393700787401587
 31
0.0
  0
LINE
  5
10D8
330
17
100
AcDbEntity
  8
GEOMETRY
100
AcDbLine
 10
4.150787401574803
 20
0.9759842519685047
 30
0.0
 11
4.150787401574803
 21
1.044488188976379
 31
0.0
  0
LINE
  5
10D9
330
17
100
AcDbEntity
  8
GEOMETRY
100
AcDbLine
 10
4.159448818897638
 20
0.981102362204725
 30
0.0
 11
4.159448818897638
 21
1.0496062992125994
 31
0.0
  0
LINE
  5
10DA
330
17
100
AcDbEntity
  8
GEOMETRY
100
AcDbLine
 10
4.168503937007873
 20
0.9862204724409454
 30
0.0
 11
4.168503937007873
 21
1.0547244094488197
 31
0.0
  0
LINE
  5
10DB
330
17
100
AcDbEntity
  8
GEOMETRY
100
AcDbLine
 10
4.177165354330708
 20
0.9909448818897644
 30
0.0
 11
4.177165354330708
 21
1.05984251968504
 31
0.0
  0
LINE
  5
10DC
330
17
100
AcDbEntity
  8
GEOMETRY
100
AcDbLine
 10
4.185826771653543
 20
0.9960629921259847
 30
0.0
 11
4.185826771653543
 21
1.0649606299212602
 31
0.0
  0
LINE
  5
10DD
330
17
100
AcDbEntity
  8
GEOMETRY
100
AcDbLine
 10
4.194488188976378
 20
1.001181102362205
 30
0.0
 11
4.194488188976378
 21
1.0696850393700794
 31
0.0
  0
LINE
  5
10DE
330
17
100
AcDbEntity
  8
GEOMETRY
100
AcDbLine
 10
4.203543307086614
 20
1.0062992125984254
 30
0.0
 11
4.203543307086614
 21
1.0748031496062997
 31
0.0
  0
LINE
  5
10DF
330
17
100
AcDbEntity
  8
GEOMETRY
100
AcDbLine
 10
4.212204724409449
 20
1.0114173228346455
 30
0.0
 11
4.212204724409449
 21
1.0799212598425199
 31
0.0
  0
LINE
  5
10E0
330
17
100
AcDbEntity
  8
GEOMETRY
100
AcDbLine
 10
4.220866141732283
 20
1.0165354330708658
 30
0.0
 11
4.220866141732283
 21
1.0850393700787402
 31
0.0
  0
LINE
  5
10E1
330
17
100
AcDbEntity
  8
GEOMETRY
100
AcDbLine
 10
4.229527559055119
 20
1.0216535433070861
 30
0.0
 11
4.229527559055119
 21
1.0901574803149605
 31
0.0
  0
LINE
  5
10E2
330
17
100
AcDbEntity
  8
GEOMETRY
100
AcDbLine
 10
4.238582677165354
 20
1.0263779527559052
 30
0.0
 11
4.238582677165354
 21
1.0952755905511808
 31
0.0
  0
LINE
  5
10E3
330
17
100
AcDbEntity
  8
GEOMETRY
100
AcDbLine
 10
4.247244094488189
 20
1.0314960629921255
 30
0.0
 11
4.247244094488189
 21
1.0999999999999999
 31
0.0
  0
LINE
  5
10E4
330
17
100
AcDbEntity
  8
GEOMETRY
100
AcDbLine
 10
4.255905511811023
 20
1.036614173228348
 30
0.0
 11
4.255905511811023
 21
1.1051181102362202
 31
0.0
  0
LINE
  5
10E5
330
17
100
AcDbEntity
  8
GEOMETRY
100
AcDbLine
 10
4.264566929133858
 20
1.0417322834645684
 30
0.0
 11
4.264566929133858
 21
1.1102362204724405
 31
0.0
  0
LINE
  5
10E6
330
17
100
AcDbEntity
  8
GEOMETRY
100
AcDbLine
 10
4.2736220472440944
 20
1.0468503937007887
 30
0.0
 11
4.2736220472440944
 21
1.115354330708663
 31
0.0
  0
LINE
  5
10E7
330
17
100
AcDbEntity
  8
GEOMETRY
100
AcDbLine
 10
4.2822834645669285
 20
1.051968503937009
 30
0.0
 11
4.2822834645669285
 21
1.1204724409448834
 31
0.0
  0
LINE
  5
10E8
330
17
100
AcDbEntity
  8
GEOMETRY
100
AcDbLine
 10
4.2909448818897635
 20
1.056692913385828
 30
0.0
 11
4.2909448818897635
 21
1.1255905511811035
 31
0.0
  0
LINE
  5
10E9
330
17
100
AcDbEntity
  8
GEOMETRY
100
AcDbLine
 10
4.2996062992125985
 20
1.0618110236220484
 30
0.0
 11
4.2996062992125985
 21
1.1307086614173238
 31
0.0
  0
LINE
  5
10EA
330
17
100
AcDbEntity
  8
GEOMETRY
100
AcDbLine
 10
4.308661417322835
 20
1.0669291338582687
 30
0.0
 11
4.308661417322835
 21
1.1354330708661429
 31
0.0
  0
LINE
  5
10EB
330
17
100
AcDbEntity
  8
GEOMETRY
100
AcDbLine
 10
4.317322834645669
 20
1.0720472440944888
 30
0.0
 11
4.317322834645669
 21
1.1405511811023632
 31
0.0
  0
LINE
  5
10EC
330
17
100
AcDbEntity
  8
GEOMETRY
100
AcDbLine
 10
4.325984251968504
 20
1.0771653543307091
 30
0.0
 11
4.325984251968504
 21
1.1456692913385835
 31
0.0
  0
LINE
  5
10ED
330
17
100
AcDbEntity
  8
GEOMETRY
100
AcDbLine
 10
4.334645669291338
 20
1.0822834645669295
 30
0.0
 11
4.334645669291338
 21
1.1507874015748039
 31
0.0
  0
LINE
  5
10EE
330
17
100
AcDbEntity
  8
GEOMETRY
100
AcDbLine
 10
4.343700787401574
 20
1.0874015748031498
 30
0.0
 11
4.343700787401574
 21
1.1559055118110242
 31
0.0
  0
LINE
  5
10EF
330
17
100
AcDbEntity
  8
GEOMETRY
100
AcDbLine
 10
4.352362204724409
 20
1.0921259842519688
 30
0.0
 11
4.352362204724409
 21
1.1610236220472445
 31
0.0
  0
LINE
  5
10F0
330
17
100
AcDbEntity
  8
GEOMETRY
100
AcDbLine
 10
4.361023622047244
 20
1.0972440944881892
 30
0.0
 11
4.361023622047244
 21
1.1657480314960635
 31
0.0
  0
LINE
  5
10F1
330
17
100
AcDbEntity
  8
GEOMETRY
100
AcDbLine
 10
4.369685039370078
 20
1.1023622047244095
 30
0.0
 11
4.369685039370078
 21
1.1708661417322839
 31
0.0
  0
LINE
  5
10F2
330
17
100
AcDbEntity
  8
GEOMETRY
100
AcDbLine
 10
4.378740157480315
 20
1.1074803149606298
 30
0.0
 11
4.378740157480315
 21
1.1759842519685042
 31
0.0
  0
LINE
  5
10F3
330
17
100
AcDbEntity
  8
GEOMETRY
100
AcDbLine
 10
4.38740157480315
 20
1.11259842519685
 30
0.0
 11
4.38740157480315
 21
1.1811023622047243
 31
0.0
  0
LINE
  5
10F4
330
17
100
AcDbEntity
  8
GEOMETRY
100
AcDbLine
 10
4.396062992125984
 20
1.1177165354330703
 30
0.0
 11
4.396062992125984
 21
1.1862204724409446
 31
0.0
  0
LINE
  5
10F5
330
17
100
AcDbEntity
  8
GEOMETRY
100
AcDbLine
 10
4.404724409448819
 20
1.1224409448818893
 30
0.0
 11
4.404724409448819
 21
1.191338582677165
 31
0.0
  0
LINE
  5
10F6
330
17
100
AcDbEntity
  8
GEOMETRY
100
AcDbLine
 10
4.413779527559055
 20
1.1275590551181096
 30
0.0
 11
4.413779527559055
 21
1.196062992125984
 31
0.0
  0
LINE
  5
10F7
330
17
100
AcDbEntity
  8
GEOMETRY
100
AcDbLine
 10
4.42244094488189
 20
1.1326771653543322
 30
0.0
 11
4.42244094488189
 21
1.2011811023622043
 31
0.0
  0
LINE
  5
10F8
330
17
100
AcDbEntity
  8
GEOMETRY
100
AcDbLine
 10
4.431102362204724
 20
1.1377952755905525
 30
0.0
 11
4.431102362204724
 21
1.2062992125984247
 31
0.0
  0
LINE
  5
10F9
330
17
100
AcDbEntity
  8
GEOMETRY
100
AcDbLine
 10
4.439763779527559
 20
1.1429133858267728
 30
0.0
 11
4.439763779527559
 21
1.2114173228346472
 31
0.0
  0
LINE
  5
10FA
330
17
100
AcDbEntity
  8
GEOMETRY
100
AcDbLine
 10
4.448818897637795
 20
1.1480314960629932
 30
0.0
 11
4.448818897637795
 21
1.2165354330708675
 31
0.0
  0
LINE
  5
10FB
330
17
100
AcDbEntity
  8
GEOMETRY
100
AcDbLine
 10
4.4574803149606295
 20
1.1531496062992135
 30
0.0
 11
4.4574803149606295
 21
1.2216535433070879
 31
0.0
  0
LINE
  5
10FC
330
17
100
AcDbEntity
  8
GEOMETRY
100
AcDbLine
 10
4.4661417322834644
 20
1.1578740157480325
 30
0.0
 11
4.4661417322834644
 21
1.226771653543308
 31
0.0
  0
LINE
  5
10FD
330
17
100
AcDbEntity
  8
GEOMETRY
100
AcDbLine
 10
4.474803149606299
 20
1.1629921259842528
 30
0.0
 11
4.474803149606299
 21
1.2314960629921272
 31
0.0
  0
LINE
  5
10FE
330
17
100
AcDbEntity
  8
GEOMETRY
100
AcDbLine
 10
4.483858267716536
 20
1.168110236220473
 30
0.0
 11
4.483858267716536
 21
1.2366141732283473
 31
0.0
  0
LINE
  5
10FF
330
17
100
AcDbEntity
  8
GEOMETRY
100
AcDbLine
 10
4.49251968503937
 20
1.1732283464566933
 30
0.0
 11
4.49251968503937
 21
1.2417322834645677
 31
0.0
  0
LINE
  5
1100
330
17
100
AcDbEntity
  8
GEOMETRY
100
AcDbLine
 10
4.501181102362205
 20
1.1783464566929136
 30
0.0
 11
4.501181102362205
 21
1.246850393700788
 31
0.0
  0
LINE
  5
1101
330
17
100
AcDbEntity
  8
GEOMETRY
100
AcDbLine
 10
4.509842519685039
 20
1.183464566929134
 30
0.0
 11
4.509842519685039
 21
1.2519685039370083
 31
0.0
  0
LINE
  5
1102
330
17
100
AcDbEntity
  8
GEOMETRY
100
AcDbLine
 10
4.518897637795275
 20
1.188188976377953
 30
0.0
 11
4.518897637795275
 21
1.2570866141732286
 31
0.0
  0
LINE
  5
1103
330
17
100
AcDbEntity
  8
GEOMETRY
100
AcDbLine
 10
4.52755905511811
 20
1.1933070866141733
 30
0.0
 11
4.52755905511811
 21
1.2618110236220477
 31
0.0
  0
LINE
  5
1104
330
17
100
AcDbEntity
  8
GEOMETRY
100
AcDbLine
 10
4.536220472440945
 20
1.1984251968503936
 30
0.0
 11
4.536220472440945
 21
1.266929133858268
 31
0.0
  0
LINE
  5
1105
330
17
100
AcDbEntity
  8
GEOMETRY
100
AcDbLine
 10
4.544881889763779
 20
1.203543307086614
 30
0.0
 11
4.544881889763779
 21
1.2720472440944883
 31
0.0
  0
LINE
  5
1106
330
17
100
AcDbEntity
  8
GEOMETRY
100
AcDbLine
 10
4.553937007874016
 20
1.2086614173228343
 30
0.0
 11
4.553937007874016
 21
1.2771653543307087
 31
0.0
  0
LINE
  5
1107
330
17
100
AcDbEntity
  8
GEOMETRY
100
AcDbLine
 10
4.5625984251968505
 20
1.2137795275590566
 30
0.0
 11
4.5625984251968505
 21
1.2822834645669288
 31
0.0
  0
LINE
  5
1108
330
17
100
AcDbEntity
  8
GEOMETRY
100
AcDbLine
 10
4.571259842519685
 20
1.218897637795277
 30
0.0
 11
4.571259842519685
 21
1.287401574803149
 31
0.0
  0
LINE
  5
1109
330
17
100
AcDbEntity
  8
GEOMETRY
100
AcDbLine
 10
4.57992125984252
 20
1.2236220472440962
 30
0.0
 11
4.57992125984252
 21
1.2925196850393716
 31
0.0
  0
LINE
  5
110A
330
17
100
AcDbEntity
  8
GEOMETRY
100
AcDbLine
 10
4.588976377952756
 20
1.2287401574803163
 30
0.0
 11
4.588976377952756
 21
1.2972440944881884
 31
0.0
  0
LINE
  5
110B
330
17
100
AcDbEntity
  8
GEOMETRY
100
AcDbLine
 10
4.597637795275591
 20
1.2338582677165366
 30
0.0
 11
4.597637795275591
 21
1.302362204724411
 31
0.0
  0
LINE
  5
110C
330
17
100
AcDbEntity
  8
GEOMETRY
100
AcDbLine
 10
4.606299212598425
 20
1.238976377952757
 30
0.0
 11
4.606299212598425
 21
1.3074803149606313
 31
0.0
  0
LINE
  5
110D
330
17
100
AcDbEntity
  8
GEOMETRY
100
AcDbLine
 10
4.61496062992126
 20
1.2440944881889773
 30
0.0
 11
4.61496062992126
 21
1.3125984251968517
 31
0.0
  0
LINE
  5
110E
330
17
100
AcDbEntity
  8
GEOMETRY
100
AcDbLine
 10
4.624015748031496
 20
1.2492125984251976
 30
0.0
 11
4.624015748031496
 21
1.317716535433072
 31
0.0
  0
LINE
  5
110F
330
17
100
AcDbEntity
  8
GEOMETRY
100
AcDbLine
 10
4.63267716535433
 20
1.2539370078740166
 30
0.0
 11
4.63267716535433
 21
1.3228346456692923
 31
0.0
  0
LINE
  5
1110
330
17
100
AcDbEntity
  8
GEOMETRY
100
AcDbLine
 10
4.641338582677165
 20
1.259055118110237
 30
0.0
 11
4.641338582677165
 21
1.3275590551181113
 31
0.0
  0
LINE
  5
1111
330
17
100
AcDbEntity
  8
GEOMETRY
100
AcDbLine
 10
4.65
 20
1.2641732283464573
 30
0.0
 11
4.65
 21
1.3326771653543317
 31
0.0
  0
LINE
  5
1112
330
17
100
AcDbEntity
  8
GEOMETRY
100
AcDbLine
 10
4.659055118110237
 20
1.2692913385826774
 30
0.0
 11
4.659055118110237
 21
1.3377952755905518
 31
0.0
  0
LINE
  5
1113
330
17
100
AcDbEntity
  8
GEOMETRY
100
AcDbLine
 10
3.7039370078740155
 20
0.6988188976377953
 30
0.0
 11
3.7039370078740155
 21
0.7141732283464561
 31
0.0
  0
LINE
  5
1114
330
17
100
AcDbEntity
  8
GEOMETRY
100
AcDbLine
 10
3.712992125984252
 20
0.7039370078740156
 30
0.0
 11
3.712992125984252
 21
0.7192913385826765
 31
0.0
  0
LINE
  5
1115
330
17
100
AcDbEntity
  8
GEOMETRY
100
AcDbLine
 10
3.7216535433070868
 20
0.7090551181102358
 30
0.0
 11
3.7216535433070868
 21
0.724409448818899
 31
0.0
  0
LINE
  5
1116
330
17
100
AcDbEntity
  8
GEOMETRY
100
AcDbLine
 10
3.7303149606299213
 20
0.7141732283464561
 30
0.0
 11
3.7303149606299213
 21
0.7295275590551192
 31
0.0
  0
LINE
  5
1117
330
17
100
AcDbEntity
  8
GEOMETRY
100
AcDbLine
 10
3.738976377952756
 20
0.7192913385826765
 30
0.0
 11
3.738976377952756
 21
0.7342519685039384
 31
0.0
  0
LINE
  5
1118
330
17
100
AcDbEntity
  8
GEOMETRY
100
AcDbLine
 10
3.7476377952755904
 20
0.724409448818899
 30
0.0
 11
3.7476377952755904
 21
0.7393700787401586
 31
0.0
  0
LINE
  5
1119
330
17
100
AcDbEntity
  8
GEOMETRY
100
AcDbLine
 10
3.7566929133858267
 20
0.7291338582677158
 30
0.0
 11
3.7566929133858267
 21
0.7444881889763789
 31
0.0
  0
LINE
  5
111A
330
17
100
AcDbEntity
  8
GEOMETRY
100
AcDbLine
 10
3.765354330708661
 20
0.7342519685039384
 30
0.0
 11
3.765354330708661
 21
0.7496062992125992
 31
0.0
  0
LINE
  5
111B
330
17
100
AcDbEntity
  8
GEOMETRY
100
AcDbLine
 10
3.774015748031496
 20
0.7393700787401586
 30
0.0
 11
3.774015748031496
 21
0.7547244094488195
 31
0.0
  0
LINE
  5
111C
330
17
100
AcDbEntity
  8
GEOMETRY
100
AcDbLine
 10
3.7826771653543307
 20
0.7444881889763789
 30
0.0
 11
3.7826771653543307
 21
0.7594488188976386
 31
0.0
  0
LINE
  5
111D
330
17
100
AcDbEntity
  8
GEOMETRY
100
AcDbLine
 10
3.7913385826771653
 20
0.7496062992125992
 30
0.0
 11
3.7913385826771653
 21
0.7645669291338589
 31
0.0
  0
LINE
  5
111E
330
17
100
AcDbEntity
  8
GEOMETRY
100
AcDbLine
 10
3.8003937007874016
 20
0.7543307086614183
 30
0.0
 11
3.8003937007874016
 21
0.7696850393700791
 31
0.0
  0
LINE
  5
111F
330
17
100
AcDbEntity
  8
GEOMETRY
100
AcDbLine
 10
3.809055118110236
 20
0.7594488188976386
 30
0.0
 11
3.809055118110236
 21
0.7748031496062995
 31
0.0
  0
LINE
  5
1120
330
17
100
AcDbEntity
  8
GEOMETRY
100
AcDbLine
 10
3.8177165354330707
 20
0.7645669291338589
 30
0.0
 11
3.8177165354330707
 21
0.7799212598425198
 31
0.0
  0
LINE
  5
1121
330
17
100
AcDbEntity
  8
GEOMETRY
100
AcDbLine
 10
3.826377952755905
 20
0.7696850393700791
 30
0.0
 11
3.826377952755905
 21
0.78503937007874
 31
0.0
  0
LINE
  5
1122
330
17
100
AcDbEntity
  8
GEOMETRY
100
AcDbLine
 10
3.83503937007874
 20
0.7748031496062995
 30
0.0
 11
3.83503937007874
 21
0.7897637795275592
 31
0.0
  0
LINE
  5
1123
330
17
100
AcDbEntity
  8
GEOMETRY
100
AcDbLine
 10
3.8440944881889765
 20
0.7795275590551185
 30
0.0
 11
3.8440944881889765
 21
0.7948818897637794
 31
0.0
  0
LINE
  5
1124
330
17
100
AcDbEntity
  8
GEOMETRY
100
AcDbLine
 10
3.852755905511811
 20
0.7846456692913388
 30
0.0
 11
3.852755905511811
 21
0.7999999999999997
 31
0.0
  0
LINE
  5
1125
330
17
100
AcDbEntity
  8
GEOMETRY
100
AcDbLine
 10
3.8614173228346456
 20
0.7897637795275592
 30
0.0
 11
3.8614173228346456
 21
0.8051181102362223
 31
0.0
  0
LINE
  5
1126
330
17
100
AcDbEntity
  8
GEOMETRY
100
AcDbLine
 10
3.87007874015748
 20
0.7948818897637794
 30
0.0
 11
3.87007874015748
 21
0.8102362204724426
 31
0.0
  0
LINE
  5
1127
330
17
100
AcDbEntity
  8
GEOMETRY
100
AcDbLine
 10
3.8787401574803146
 20
0.7999999999999997
 30
0.0
 11
3.8787401574803146
 21
0.8149606299212616
 31
0.0
  0
LINE
  5
1128
330
17
100
AcDbEntity
  8
GEOMETRY
100
AcDbLine
 10
3.887795275590551
 20
0.8051181102362223
 30
0.0
 11
3.887795275590551
 21
0.820078740157482
 31
0.0
  0
LINE
  5
1129
330
17
100
AcDbEntity
  8
GEOMETRY
100
AcDbLine
 10
3.896456692913386
 20
0.8098425196850391
 30
0.0
 11
3.896456692913386
 21
0.8251968503937022
 31
0.0
  0
LINE
  5
112A
330
17
100
AcDbEntity
  8
GEOMETRY
100
AcDbLine
 10
3.9051181102362205
 20
0.8149606299212616
 30
0.0
 11
3.9051181102362205
 21
0.8303149606299225
 31
0.0
  0
LINE
  5
112B
330
17
100
AcDbEntity
  8
GEOMETRY
100
AcDbLine
 10
3.913779527559055
 20
0.820078740157482
 30
0.0
 11
3.913779527559055
 21
0.8354330708661428
 31
0.0
  0
LINE
  5
112C
330
17
100
AcDbEntity
  8
GEOMETRY
100
AcDbLine
 10
3.9224409448818895
 20
0.8251968503937022
 30
0.0
 11
3.9224409448818895
 21
0.840551181102363
 31
0.0
  0
LINE
  5
112D
330
17
100
AcDbEntity
  8
GEOMETRY
100
AcDbLine
 10
3.931496062992126
 20
0.8303149606299225
 30
0.0
 11
3.931496062992126
 21
0.8452755905511822
 31
0.0
  0
LINE
  5
112E
330
17
100
AcDbEntity
  8
GEOMETRY
100
AcDbLine
 10
3.9401574803149604
 20
0.8350393700787416
 30
0.0
 11
3.9401574803149604
 21
0.8503937007874025
 31
0.0
  0
LINE
  5
112F
330
17
100
AcDbEntity
  8
GEOMETRY
100
AcDbLine
 10
3.948818897637795
 20
0.8401574803149618
 30
0.0
 11
3.948818897637795
 21
0.8555118110236227
 31
0.0
  0
LINE
  5
1130
330
17
100
AcDbEntity
  8
GEOMETRY
100
AcDbLine
 10
3.95748031496063
 20
0.8452755905511822
 30
0.0
 11
3.95748031496063
 21
0.8606299212598431
 31
0.0
  0
LINE
  5
1131
330
17
100
AcDbEntity
  8
GEOMETRY
100
AcDbLine
 10
3.9661417322834644
 20
0.8503937007874025
 30
0.0
 11
3.9661417322834644
 21
0.8657480314960634
 31
0.0
  0
LINE
  5
1132
330
17
100
AcDbEntity
  8
GEOMETRY
100
AcDbLine
 10
3.9751968503937007
 20
0.8555118110236227
 30
0.0
 11
3.9751968503937007
 21
0.8704724409448824
 31
0.0
  0
LINE
  5
1133
330
17
100
AcDbEntity
  8
GEOMETRY
100
AcDbLine
 10
3.9838582677165353
 20
0.8606299212598431
 30
0.0
 11
3.9838582677165353
 21
0.8755905511811027
 31
0.0
  0
LINE
  5
1134
330
17
100
AcDbEntity
  8
GEOMETRY
100
AcDbLine
 10
3.99251968503937
 20
0.8653543307086621
 30
0.0
 11
3.99251968503937
 21
0.880708661417323
 31
0.0
  0
LINE
  5
1135
330
17
100
AcDbEntity
  8
GEOMETRY
100
AcDbLine
 10
4.001181102362205
 20
0.8704724409448824
 30
0.0
 11
4.001181102362205
 21
0.8858267716535433
 31
0.0
  0
LINE
  5
1136
330
17
100
AcDbEntity
  8
GEOMETRY
100
AcDbLine
 10
4.009842519685039
 20
0.8755905511811027
 30
0.0
 11
4.009842519685039
 21
0.8909448818897636
 31
0.0
  0
LINE
  5
1137
330
17
100
AcDbEntity
  8
GEOMETRY
100
AcDbLine
 10
4.018897637795275
 20
0.880708661417323
 30
0.0
 11
4.018897637795275
 21
0.8960629921259838
 31
0.0
  0
LINE
  5
1138
330
17
100
AcDbEntity
  8
GEOMETRY
100
AcDbLine
 10
4.02755905511811
 20
0.8858267716535433
 30
0.0
 11
4.02755905511811
 21
0.900787401574803
 31
0.0
  0
LINE
  5
1139
330
17
100
AcDbEntity
  8
GEOMETRY
100
AcDbLine
 10
4.036220472440944
 20
0.8905511811023624
 30
0.0
 11
4.036220472440944
 21
0.9059055118110233
 31
0.0
  0
LINE
  5
113A
330
17
100
AcDbEntity
  8
GEOMETRY
100
AcDbLine
 10
4.044881889763779
 20
0.8956692913385826
 30
0.0
 11
4.044881889763779
 21
0.9110236220472435
 31
0.0
  0
LINE
  5
113B
330
17
100
AcDbEntity
  8
GEOMETRY
100
AcDbLine
 10
4.053543307086614
 20
0.900787401574803
 30
0.0
 11
4.053543307086614
 21
0.9161417322834661
 31
0.0
  0
LINE
  5
113C
330
17
100
AcDbEntity
  8
GEOMETRY
100
AcDbLine
 10
4.0625984251968505
 20
0.9059055118110233
 30
0.0
 11
4.0625984251968505
 21
0.9212598425196864
 31
0.0
  0
LINE
  5
113D
330
17
100
AcDbEntity
  8
GEOMETRY
100
AcDbLine
 10
4.071259842519685
 20
0.9110236220472435
 30
0.0
 11
4.071259842519685
 21
0.9259842519685054
 31
0.0
  0
LINE
  5
113E
330
17
100
AcDbEntity
  8
GEOMETRY
100
AcDbLine
 10
4.07992125984252
 20
0.9161417322834661
 30
0.0
 11
4.07992125984252
 21
0.9311023622047258
 31
0.0
  0
LINE
  5
113F
330
17
100
AcDbEntity
  8
GEOMETRY
100
AcDbLine
 10
4.088582677165354
 20
0.9208661417322829
 30
0.0
 11
4.088582677165354
 21
0.9362204724409461
 31
0.0
  0
LINE
  5
1140
330
17
100
AcDbEntity
  8
GEOMETRY
100
AcDbLine
 10
4.097244094488189
 20
0.9259842519685054
 30
0.0
 11
4.097244094488189
 21
0.9413385826771663
 31
0.0
  0
LINE
  5
1141
330
17
100
AcDbEntity
  8
GEOMETRY
100
AcDbLine
 10
4.106299212598425
 20
0.9311023622047258
 30
0.0
 11
4.106299212598425
 21
0.9464566929133866
 31
0.0
  0
LINE
  5
1142
330
17
100
AcDbEntity
  8
GEOMETRY
100
AcDbLine
 10
4.11496062992126
 20
0.9362204724409461
 30
0.0
 11
4.11496062992126
 21
0.951574803149607
 31
0.0
  0
LINE
  5
1143
330
17
100
AcDbEntity
  8
GEOMETRY
100
AcDbLine
 10
4.123622047244094
 20
0.9413385826771663
 30
0.0
 11
4.123622047244094
 21
0.956299212598426
 31
0.0
  0
LINE
  5
1144
330
17
100
AcDbEntity
  8
GEOMETRY
100
AcDbLine
 10
4.132283464566929
 20
0.9460629921259854
 30
0.0
 11
4.132283464566929
 21
0.9614173228346463
 31
0.0
  0
LINE
  5
1145
330
17
100
AcDbEntity
  8
GEOMETRY
100
AcDbLine
 10
4.140944881889764
 20
0.9511811023622057
 30
0.0
 11
4.140944881889764
 21
0.9665354330708665
 31
0.0
  0
LINE
  5
1146
330
17
100
AcDbEntity
  8
GEOMETRY
100
AcDbLine
 10
4.1499999999999995
 20
0.956299212598426
 30
0.0
 11
4.1499999999999995
 21
0.9716535433070869
 31
0.0
  0
LINE
  5
1147
330
17
100
AcDbEntity
  8
GEOMETRY
100
AcDbLine
 10
4.1586614173228345
 20
0.9614173228346463
 30
0.0
 11
4.1586614173228345
 21
0.9767716535433072
 31
0.0
  0
LINE
  5
1148
330
17
100
AcDbEntity
  8
GEOMETRY
100
AcDbLine
 10
4.167322834645669
 20
0.9665354330708665
 30
0.0
 11
4.167322834645669
 21
0.9814960629921262
 31
0.0
  0
LINE
  5
1149
330
17
100
AcDbEntity
  8
GEOMETRY
100
AcDbLine
 10
4.1759842519685035
 20
0.9716535433070869
 30
0.0
 11
4.1759842519685035
 21
0.9866141732283465
 31
0.0
  0
LINE
  5
114A
330
17
100
AcDbEntity
  8
GEOMETRY
100
AcDbLine
 10
4.1846456692913385
 20
0.976377952755906
 30
0.0
 11
4.1846456692913385
 21
0.9917322834645669
 31
0.0
  0
LINE
  5
114B
330
17
100
AcDbEntity
  8
GEOMETRY
100
AcDbLine
 10
4.193700787401575
 20
0.9814960629921262
 30
0.0
 11
4.193700787401575
 21
0.9968503937007871
 31
0.0
  0
LINE
  5
114C
330
17
100
AcDbEntity
  8
GEOMETRY
100
AcDbLine
 10
4.202362204724409
 20
0.9866141732283465
 30
0.0
 11
4.202362204724409
 21
1.0019685039370074
 31
0.0
  0
LINE
  5
114D
330
17
100
AcDbEntity
  8
GEOMETRY
100
AcDbLine
 10
4.211023622047244
 20
0.9917322834645669
 30
0.0
 11
4.211023622047244
 21
1.00708661417323
 31
0.0
  0
LINE
  5
114E
330
17
100
AcDbEntity
  8
GEOMETRY
100
AcDbLine
 10
4.219685039370079
 20
0.9968503937007871
 30
0.0
 11
4.219685039370079
 21
1.0118110236220468
 31
0.0
  0
LINE
  5
114F
330
17
100
AcDbEntity
  8
GEOMETRY
100
AcDbLine
 10
4.228346456692914
 20
1.0015748031496061
 30
0.0
 11
4.228346456692914
 21
1.0169291338582693
 31
0.0
  0
LINE
  5
1150
330
17
100
AcDbEntity
  8
GEOMETRY
100
AcDbLine
 10
4.237401574803149
 20
1.0066929133858264
 30
0.0
 11
4.237401574803149
 21
1.0220472440944897
 31
0.0
  0
LINE
  5
1151
330
17
100
AcDbEntity
  8
GEOMETRY
100
AcDbLine
 10
4.246062992125984
 20
1.0118110236220468
 30
0.0
 11
4.246062992125984
 21
1.02716535433071
 31
0.0
  0
LINE
  5
1152
330
17
100
AcDbEntity
  8
GEOMETRY
100
AcDbLine
 10
4.254724409448818
 20
1.0169291338582693
 30
0.0
 11
4.254724409448818
 21
1.03228346456693
 31
0.0
  0
LINE
  5
1153
330
17
100
AcDbEntity
  8
GEOMETRY
100
AcDbLine
 10
4.263385826771653
 20
1.0220472440944897
 30
0.0
 11
4.263385826771653
 21
1.0370078740157493
 31
0.0
  0
LINE
  5
1154
330
17
100
AcDbEntity
  8
GEOMETRY
100
AcDbLine
 10
4.272047244094488
 20
1.02716535433071
 30
0.0
 11
4.272047244094488
 21
1.0421259842519697
 31
0.0
  0
LINE
  5
1155
330
17
100
AcDbEntity
  8
GEOMETRY
100
AcDbLine
 10
4.281102362204724
 20
1.031889763779529
 30
0.0
 11
4.281102362204724
 21
1.0472440944881898
 31
0.0
  0
LINE
  5
1156
330
17
100
AcDbEntity
  8
GEOMETRY
100
AcDbLine
 10
4.289763779527559
 20
1.0370078740157493
 30
0.0
 11
4.289763779527559
 21
1.05236220472441
 31
0.0
  0
LINE
  5
1157
330
17
100
AcDbEntity
  8
GEOMETRY
100
AcDbLine
 10
4.298425196850394
 20
1.0421259842519697
 30
0.0
 11
4.298425196850394
 21
1.0574803149606304
 31
0.0
  0
LINE
  5
1158
330
17
100
AcDbEntity
  8
GEOMETRY
100
AcDbLine
 10
4.307086614173229
 20
1.0472440944881898
 30
0.0
 11
4.307086614173229
 21
1.0622047244094495
 31
0.0
  0
LINE
  5
1159
330
17
100
AcDbEntity
  8
GEOMETRY
100
AcDbLine
 10
4.315748031496063
 20
1.05236220472441
 30
0.0
 11
4.315748031496063
 21
1.0673228346456698
 31
0.0
  0
LINE
  5
115A
330
17
100
AcDbEntity
  8
GEOMETRY
100
AcDbLine
 10
4.324803149606299
 20
1.0570866141732291
 30
0.0
 11
4.324803149606299
 21
1.0724409448818901
 31
0.0
  0
LINE
  5
115B
330
17
100
AcDbEntity
  8
GEOMETRY
100
AcDbLine
 10
4.333464566929133
 20
1.0622047244094495
 30
0.0
 11
4.333464566929133
 21
1.0775590551181105
 31
0.0
  0
LINE
  5
115C
330
17
100
AcDbEntity
  8
GEOMETRY
100
AcDbLine
 10
4.342125984251969
 20
1.0673228346456698
 30
0.0
 11
4.342125984251969
 21
1.0826771653543308
 31
0.0
  0
LINE
  5
115D
330
17
100
AcDbEntity
  8
GEOMETRY
100
AcDbLine
 10
4.350787401574803
 20
1.0724409448818901
 30
0.0
 11
4.350787401574803
 21
1.087795275590551
 31
0.0
  0
LINE
  5
115E
330
17
100
AcDbEntity
  8
GEOMETRY
100
AcDbLine
 10
4.359448818897638
 20
1.0775590551181105
 30
0.0
 11
4.359448818897638
 21
1.0925196850393701
 31
0.0
  0
LINE
  5
115F
330
17
100
AcDbEntity
  8
GEOMETRY
100
AcDbLine
 10
4.3685039370078735
 20
1.0826771653543308
 30
0.0
 11
4.3685039370078735
 21
1.0976377952755905
 31
0.0
  0
LINE
  5
1160
330
17
100
AcDbEntity
  8
GEOMETRY
100
AcDbLine
 10
4.3771653543307085
 20
1.0874015748031498
 30
0.0
 11
4.3771653543307085
 21
1.1027559055118106
 31
0.0
  0
LINE
  5
1161
330
17
100
AcDbEntity
  8
GEOMETRY
100
AcDbLine
 10
4.3858267716535435
 20
1.0925196850393701
 30
0.0
 11
4.3858267716535435
 21
1.107874015748031
 31
0.0
  0
LINE
  5
1162
330
17
100
AcDbEntity
  8
GEOMETRY
100
AcDbLine
 10
4.3944881889763785
 20
1.0976377952755905
 30
0.0
 11
4.3944881889763785
 21
1.1129921259842535
 31
0.0
  0
LINE
  5
1163
330
17
100
AcDbEntity
  8
GEOMETRY
100
AcDbLine
 10
4.403149606299213
 20
1.1027559055118106
 30
0.0
 11
4.403149606299213
 21
1.1177165354330703
 31
0.0
  0
LINE
  5
1164
330
17
100
AcDbEntity
  8
GEOMETRY
100
AcDbLine
 10
4.412204724409449
 20
1.107874015748031
 30
0.0
 11
4.412204724409449
 21
1.1228346456692928
 31
0.0
  0
LINE
  5
1165
330
17
100
AcDbEntity
  8
GEOMETRY
100
AcDbLine
 10
4.420866141732284
 20
1.11259842519685
 30
0.0
 11
4.420866141732284
 21
1.1279527559055131
 31
0.0
  0
LINE
  5
1166
330
17
100
AcDbEntity
  8
GEOMETRY
100
AcDbLine
 10
4.429527559055118
 20
1.1177165354330703
 30
0.0
 11
4.429527559055118
 21
1.1330708661417335
 31
0.0
  0
LINE
  5
1167
330
17
100
AcDbEntity
  8
GEOMETRY
100
AcDbLine
 10
4.438188976377953
 20
1.1228346456692928
 30
0.0
 11
4.438188976377953
 21
1.1381889763779538
 31
0.0
  0
LINE
  5
1168
330
17
100
AcDbEntity
  8
GEOMETRY
100
AcDbLine
 10
4.446850393700787
 20
1.1279527559055131
 30
0.0
 11
4.446850393700787
 21
1.1433070866141741
 31
0.0
  0
LINE
  5
1169
330
17
100
AcDbEntity
  8
GEOMETRY
100
AcDbLine
 10
4.455905511811024
 20
1.1330708661417335
 30
0.0
 11
4.455905511811024
 21
1.1480314960629932
 31
0.0
  0
LINE
  5
116A
330
17
100
AcDbEntity
  8
GEOMETRY
100
AcDbLine
 10
4.464566929133858
 20
1.1377952755905525
 30
0.0
 11
4.464566929133858
 21
1.1531496062992135
 31
0.0
  0
LINE
  5
116B
330
17
100
AcDbEntity
  8
GEOMETRY
100
AcDbLine
 10
4.473228346456693
 20
1.1429133858267728
 30
0.0
 11
4.473228346456693
 21
1.1582677165354336
 31
0.0
  0
LINE
  5
116C
330
17
100
AcDbEntity
  8
GEOMETRY
100
AcDbLine
 10
4.481889763779527
 20
1.1480314960629932
 30
0.0
 11
4.481889763779527
 21
1.163385826771654
 31
0.0
  0
LINE
  5
116D
330
17
100
AcDbEntity
  8
GEOMETRY
100
AcDbLine
 10
4.490551181102362
 20
1.1531496062992135
 30
0.0
 11
4.490551181102362
 21
1.1685039370078742
 31
0.0
  0
LINE
  5
116E
330
17
100
AcDbEntity
  8
GEOMETRY
100
AcDbLine
 10
4.499606299212599
 20
1.1582677165354336
 30
0.0
 11
4.499606299212599
 21
1.1732283464566933
 31
0.0
  0
LINE
  5
116F
330
17
100
AcDbEntity
  8
GEOMETRY
100
AcDbLine
 10
4.508267716535433
 20
1.163385826771654
 30
0.0
 11
4.508267716535433
 21
1.1783464566929136
 31
0.0
  0
LINE
  5
1170
330
17
100
AcDbEntity
  8
GEOMETRY
100
AcDbLine
 10
4.516929133858268
 20
1.168110236220473
 30
0.0
 11
4.516929133858268
 21
1.183464566929134
 31
0.0
  0
LINE
  5
1171
330
17
100
AcDbEntity
  8
GEOMETRY
100
AcDbLine
 10
4.525590551181103
 20
1.1732283464566933
 30
0.0
 11
4.525590551181103
 21
1.1885826771653543
 31
0.0
  0
LINE
  5
1172
330
17
100
AcDbEntity
  8
GEOMETRY
100
AcDbLine
 10
4.534251968503937
 20
1.1783464566929136
 30
0.0
 11
4.534251968503937
 21
1.1937007874015746
 31
0.0
  0
LINE
  5
1173
330
17
100
AcDbEntity
  8
GEOMETRY
100
AcDbLine
 10
4.543307086614173
 20
1.183464566929134
 30
0.0
 11
4.543307086614173
 21
1.1988188976377947
 31
0.0
  0
LINE
  5
1174
330
17
100
AcDbEntity
  8
GEOMETRY
100
AcDbLine
 10
4.551968503937008
 20
1.1885826771653543
 30
0.0
 11
4.551968503937008
 21
1.203543307086614
 31
0.0
  0
LINE
  5
1175
330
17
100
AcDbEntity
  8
GEOMETRY
100
AcDbLine
 10
4.560629921259842
 20
1.1933070866141733
 30
0.0
 11
4.560629921259842
 21
1.2086614173228343
 31
0.0
  0
LINE
  5
1176
330
17
100
AcDbEntity
  8
GEOMETRY
100
AcDbLine
 10
4.569291338582677
 20
1.1984251968503936
 30
0.0
 11
4.569291338582677
 21
1.2137795275590566
 31
0.0
  0
LINE
  5
1177
330
17
100
AcDbEntity
  8
GEOMETRY
100
AcDbLine
 10
4.577952755905512
 20
1.203543307086614
 30
0.0
 11
4.577952755905512
 21
1.218897637795277
 31
0.0
  0
LINE
  5
1178
330
17
100
AcDbEntity
  8
GEOMETRY
100
AcDbLine
 10
4.5870078740157485
 20
1.2086614173228343
 30
0.0
 11
4.5870078740157485
 21
1.2240157480314973
 31
0.0
  0
LINE
  5
1179
330
17
100
AcDbEntity
  8
GEOMETRY
100
AcDbLine
 10
4.595669291338583
 20
1.2137795275590566
 30
0.0
 11
4.595669291338583
 21
1.2287401574803163
 31
0.0
  0
LINE
  5
117A
330
17
100
AcDbEntity
  8
GEOMETRY
100
AcDbLine
 10
4.604330708661418
 20
1.218897637795277
 30
0.0
 11
4.604330708661418
 21
1.2338582677165366
 31
0.0
  0
LINE
  5
117B
330
17
100
AcDbEntity
  8
GEOMETRY
100
AcDbLine
 10
4.612992125984252
 20
1.2236220472440962
 30
0.0
 11
4.612992125984252
 21
1.238976377952757
 31
0.0
  0
LINE
  5
117C
330
17
100
AcDbEntity
  8
GEOMETRY
100
AcDbLine
 10
4.621653543307087
 20
1.2287401574803163
 30
0.0
 11
4.621653543307087
 21
1.2440944881889773
 31
0.0
  0
LINE
  5
117D
330
17
100
AcDbEntity
  8
GEOMETRY
100
AcDbLine
 10
4.630708661417323
 20
1.2338582677165366
 30
0.0
 11
4.630708661417323
 21
1.2492125984251976
 31
0.0
  0
LINE
  5
117E
330
17
100
AcDbEntity
  8
GEOMETRY
100
AcDbLine
 10
4.639370078740158
 20
1.238976377952757
 30
0.0
 11
4.639370078740158
 21
1.254330708661418
 31
0.0
  0
LINE
  5
117F
330
17
100
AcDbEntity
  8
GEOMETRY
100
AcDbLine
 10
4.648031496062992
 20
1.2440944881889773
 30
0.0
 11
4.648031496062992
 21
1.259055118110237
 31
0.0
  0
LINE
  5
1180
330
17
100
AcDbEntity
  8
GEOMETRY
100
AcDbLine
 10
4.656692913385827
 20
1.2488188976377963
 30
0.0
 11
4.656692913385827
 21
1.2641732283464573
 31
0.0
  0
LINE
  5
1181
330
17
100
AcDbEntity
  8
GEOMETRY
100
AcDbLine
 10
4.665354330708661
 20
1.2539370078740166
 30
0.0
 11
4.665354330708661
 21
1.2692913385826774
 31
0.0
  0
TEXT
  5
1182
330
17
100
AcDbEntity
  8
TEXT
100
AcDbText
 10
6.299212598425196
 20
4.21259842519685
 30
0.0
 40
0.09070866141732283
  1
KEY
 11
6.299212598425196
 21
4.21259842519685
 31
0.0
100
AcDbText
  0
LINE
  5
1183
330
17
100
AcDbEntity
  8
GEOMETRY
100
AcDbLine
 10
6.299212598425196
 20
4.153543307086614
 30
0.0
 11
7.480314960629921
 21
4.153543307086614
 31
0.0
  0
TEXT
  5
1184
330
17
100
AcDbEntity
  8
TEXT
100
AcDbText
 10
6.299212598425196
 20
4.023622047244094
 30
0.0
 40
0.048188976377952754
  1
PARTS OF THE DESK
 11
6.299212598425196
 21
4.023622047244094
 31
0.0
100
AcDbText
  0
CIRCLE
  5
1185
330
17
100
AcDbEntity
  8
GEOMETRY
100
AcDbCircle
 10
6.377952755905512
 20
3.779527559055118
 30
0.0
 40
0.07874015748031496
  0
TEXT
  5
1186
330
17
100
AcDbEntity
  8
TEXT
100
AcDbText
 10
6.377952755905512
 20
3.75
 30
0.0
 40
0.05669291338582677
  1
1
 72
1
 11
6.377952755905512
 21
3.75
 31
0.0
100
AcDbText
  0
TEXT
  5
1187
330
17
100
AcDbEntity
  8
TEXT
100
AcDbText
 10
6.535433070866142
 20
3.7519685039370083
 30
0.0
 40
0.048188976377952754
  1
Top — plain teak, reeded edge
 11
6.535433070866142
 21
3.7519685039370083
 31
0.0
100
AcDbText
  0
CIRCLE
  5
1188
330
17
100
AcDbEntity
  8
GEOMETRY
100
AcDbCircle
 10
6.377952755905512
 20
3.5748031496062995
 30
0.0
 40
0.07874015748031496
  0
TEXT
  5
1189
330
17
100
AcDbEntity
  8
TEXT
100
AcDbText
 10
6.377952755905512
 20
3.5452755905511815
 30
0.0
 40
0.05669291338582677
  1
2
 72
1
 11
6.377952755905512
 21
3.5452755905511815
 31
0.0
100
AcDbText
  0
TEXT
  5
118A
330
17
100
AcDbEntity
  8
TEXT
100
AcDbText
 10
6.535433070866142
 20
3.547244094488189
 30
0.0
 40
0.048188976377952754
  1
Plain stile at the kneehole — no bracket
 11
6.535433070866142
 21
3.547244094488189
 31
0.0
100
AcDbText
  0
CIRCLE
  5
118B
330
17
100
AcDbEntity
  8
GEOMETRY
100
AcDbCircle
 10
6.377952755905512
 20
3.37007874015748
 30
0.0
 40
0.07874015748031496
  0
TEXT
  5
118C
330
17
100
AcDbEntity
  8
TEXT
100
AcDbText
 10
6.377952755905512
 20
3.340551181102362
 30
0.0
 40
0.05669291338582677
  1
3
 72
1
 11
6.377952755905512
 21
3.340551181102362
 31
0.0
100
AcDbText
  0
TEXT
  5
118D
330
17
100
AcDbEntity
  8
TEXT
100
AcDbText
 10
6.535433070866142
 20
3.3425196850393704
 30
0.0
 40
0.048188976377952754
  1
Frieze drawer, push-to-open
 11
6.535433070866142
 21
3.3425196850393704
 31
0.0
100
AcDbText
  0
CIRCLE
  5
118E
330
17
100
AcDbEntity
  8
GEOMETRY
100
AcDbCircle
 10
6.377952755905512
 20
3.1653543307086616
 30
0.0
 40
0.07874015748031496
  0
TEXT
  5
118F
330
17
100
AcDbEntity
  8
TEXT
100
AcDbText
 10
6.377952755905512
 20
3.1358267716535435
 30
0.0
 40
0.05669291338582677
  1
4
 72
1
 11
6.377952755905512
 21
3.1358267716535435
 31
0.0
100
AcDbText
  0
TEXT
  5
1190
330
17
100
AcDbEntity
  8
TEXT
100
AcDbText
 10
6.535433070866142
 20
3.1377952755905505
 30
0.0
 40
0.048188976377952754
  1
Reeded rail
 11
6.535433070866142
 21
3.1377952755905505
 31
0.0
100
AcDbText
  0
CIRCLE
  5
1191
330
17
100
AcDbEntity
  8
GEOMETRY
100
AcDbCircle
 10
6.377952755905512
 20
2.960629921259842
 30
0.0
 40
0.07874015748031496
  0
TEXT
  5
1192
330
17
100
AcDbEntity
  8
TEXT
100
AcDbText
 10
6.377952755905512
 20
2.931102362204724
 30
0.0
 40
0.05669291338582677
  1
5
 72
1
 11
6.377952755905512
 21
2.931102362204724
 31
0.0
100
AcDbText
  0
TEXT
  5
1193
330
17
100
AcDbEntity
  8
TEXT
100
AcDbText
 10
6.535433070866142
 20
2.9330708661417324
 30
0.0
 40
0.048188976377952754
  1
Square corner — plain, no moulding
 11
6.535433070866142
 21
2.9330708661417324
 31
0.0
100
AcDbText
  0
CIRCLE
  5
1194
330
17
100
AcDbEntity
  8
GEOMETRY
100
AcDbCircle
 10
6.377952755905512
 20
2.7559055118110236
 30
0.0
 40
0.07874015748031496
  0
TEXT
  5
1195
330
17
100
AcDbEntity
  8
TEXT
100
AcDbText
 10
6.377952755905512
 20
2.7263779527559056
 30
0.0
 40
0.05669291338582677
  1
6
 72
1
 11
6.377952755905512
 21
2.7263779527559056
 31
0.0
100
AcDbText
  0
TEXT
  5
1196
330
17
100
AcDbEntity
  8
TEXT
100
AcDbText
 10
6.535433070866142
 20
2.728346456692914
 30
0.0
 40
0.048188976377952754
  1
Pedestal — three drawers each side
 11
6.535433070866142
 21
2.728346456692914
 31
0.0
100
AcDbText
  0
CIRCLE
  5
1197
330
17
100
AcDbEntity
  8
GEOMETRY
100
AcDbCircle
 10
6.377952755905512
 20
2.551181102362205
 30
0.0
 40
0.07874015748031496
  0
TEXT
  5
1198
330
17
100
AcDbEntity
  8
TEXT
100
AcDbText
 10
6.377952755905512
 20
2.521653543307087
 30
0.0
 40
0.05669291338582677
  1
7
 72
1
 11
6.377952755905512
 21
2.521653543307087
 31
0.0
100
AcDbText
  0
TEXT
  5
1199
330
17
100
AcDbEntity
  8
TEXT
100
AcDbText
 10
6.535433070866142
 20
2.5236220472440944
 30
0.0
 40
0.048188976377952754
  1
Swan-neck handle + keyhole, every drawer
 11
6.535433070866142
 21
2.5236220472440944
 31
0.0
100
AcDbText
  0
CIRCLE
  5
119A
330
17
100
AcDbEntity
  8
GEOMETRY
100
AcDbCircle
 10
6.377952755905512
 20
2.3464566929133857
 30
0.0
 40
0.07874015748031496
  0
TEXT
  5
119B
330
17
100
AcDbEntity
  8
TEXT
100
AcDbText
 10
6.377952755905512
 20
2.3169291338582676
 30
0.0
 40
0.05669291338582677
  1
8
 72
1
 11
6.377952755905512
 21
2.3169291338582676
 31
0.0
100
AcDbText
  0
TEXT
  5
119C
330
17
100
AcDbEntity
  8
TEXT
100
AcDbText
 10
6.535433070866142
 20
2.318897637795276
 30
0.0
 40
0.048188976377952754
  1
Moulded plinth
 11
6.535433070866142
 21
2.318897637795276
 31
0.0
100
AcDbText
  0
CIRCLE
  5
119D
330
17
100
AcDbEntity
  8
GEOMETRY
100
AcDbCircle
 10
6.377952755905512
 20
2.141732283464567
 30
0.0
 40
0.07874015748031496
  0
TEXT
  5
119E
330
17
100
AcDbEntity
  8
TEXT
100
AcDbText
 10
6.377952755905512
 20
2.112204724409449
 30
0.0
 40
0.05669291338582677
  1
9
 72
1
 11
6.377952755905512
 21
2.112204724409449
 31
0.0
100
AcDbText
  0
TEXT
  5
119F
330
17
100
AcDbEntity
  8
TEXT
100
AcDbText
 10
6.535433070866142
 20
2.114173228346456
 30
0.0
 40
0.048188976377952754
  1
Modesty panel in kneehole
 11
6.535433070866142
 21
2.114173228346456
 31
0.0
100
AcDbText
  0
TEXT
  5
11A0
330
17
100
AcDbEntity
  8
TEXT
100
AcDbText
 10
9.291338582677165
 20
4.21259842519685
 30
0.0
 40
0.09070866141732283
  1
NOTES
 11
9.291338582677165
 21
4.21259842519685
 31
0.0
100
AcDbText
  0
LINE
  5
11A1
330
17
100
AcDbEntity
  8
GEOMETRY
100
AcDbLine
 10
9.291338582677165
 20
4.153543307086614
 30
0.0
 11
10.866141732283465
 21
4.153543307086614
 31
0.0
  0
TEXT
  5
11A2
330
17
100
AcDbEntity
  8
TEXT
100
AcDbText
 10
9.291338582677165
 20
4.023622047244094
 30
0.0
 40
0.048188976377952754
  1
READ BEFORE MAKING
 11
9.291338582677165
 21
4.023622047244094
 31
0.0
100
AcDbText
  0
TEXT
  5
11A3
330
17
100
AcDbEntity
  8
TEXT
100
AcDbText
 10
9.291338582677165
 20
3.779527559055118
 30
0.0
 40
0.04535433070866141
  1
Dimensions in feet and inches. Do not scale.
 11
9.291338582677165
 21
3.779527559055118
 31
0.0
100
AcDbText
  0
TEXT
  5
11A4
330
17
100
AcDbEntity
  8
TEXT
100
AcDbText
 10
9.291338582677165
 20
3.6102362204724403
 30
0.0
 40
0.04535433070866141
  1
THE PLAIN DESK — SELECTED. Square corners, no carving,
 11
9.291338582677165
 21
3.6102362204724403
 31
0.0
100
AcDbText
  0
TEXT
  5
11A5
330
17
100
AcDbEntity
  8
TEXT
100
AcDbText
 10
9.291338582677165
 20
3.440944881889764
 30
0.0
 40
0.04535433070866141
  1
no corner mouldings: just the square panel mouldings,
 11
9.291338582677165
 21
3.440944881889764
 31
0.0
100
AcDbText
  0
TEXT
  5
11A6
330
17
100
AcDbEntity
  8
TEXT
100
AcDbText
 10
9.291338582677165
 20
3.271653543307086
 30
0.0
 40
0.04535433070866141
  1
reeded top edge, frieze, reeded rail and plinth.
 11
9.291338582677165
 21
3.271653543307086
 31
0.0
100
AcDbText
  0
TEXT
  5
11A7
330
17
100
AcDbEntity
  8
TEXT
100
AcDbText
 10
9.291338582677165
 20
3.1023622047244097
 30
0.0
 40
0.04535433070866141
  1
Stiles a plain 1½ in, so the pedestal drawers are wider.
 11
9.291338582677165
 21
3.1023622047244097
 31
0.0
100
AcDbText
  0
TEXT
  5
11A8
330
17
100
AcDbEntity
  8
TEXT
100
AcDbText
 10
9.291338582677165
 20
2.9330708661417324
 30
0.0
 40
0.04535433070866141
  1
MONITOR CLAMP BAY at the back centre, 10 in wide: the
 11
9.291338582677165
 21
2.9330708661417324
 31
0.0
100
AcDbText
  0
TEXT
  5
11A9
330
17
100
AcDbEntity
  8
TEXT
100
AcDbText
 10
9.291338582677165
 20
2.7637795275590546
 30
0.0
 40
0.04535433070866141
  1
underside of the top clear 4 in in from the back edge
 11
9.291338582677165
 21
2.7637795275590546
 31
0.0
100
AcDbText
  0
TEXT
  5
11AA
330
17
100
AcDbEntity
  8
TEXT
100
AcDbText
 10
9.291338582677165
 20
2.5944881889763782
 30
0.0
 40
0.04535433070866141
  1
and 3½ in down; the clamp's body in the 2 in gap to
 11
9.291338582677165
 21
2.5944881889763782
 31
0.0
100
AcDbText
  0
TEXT
  5
11AB
330
17
100
AcDbEntity
  8
TEXT
100
AcDbText
 10
9.291338582677165
 20
2.4251968503937005
 30
0.0
 40
0.04535433070866141
  1
the glass. Top 1⅝ in solid teak.
 11
9.291338582677165
 21
2.4251968503937005
 31
0.0
100
AcDbText
  0
TEXT
  5
11AC
330
17
100
AcDbEntity
  8
TEXT
100
AcDbText
 10
9.291338582677165
 20
2.255905511811024
 30
0.0
 40
0.04535433070866141
  1
First-angle projection.
 11
9.291338582677165
 21
2.255905511811024
 31
0.0
100
AcDbText
  0
LWPOLYLINE
  5
11AD
330
17
100
AcDbEntity
  8
GEOMETRY
100
AcDbPolyline
 90
5
 70
0
 10
11.811023622047244
 20
2.283464566929135
 10
16.22047244094488
 20
2.283464566929135
 10
16.22047244094488
 20
0.31496062992126106
 10
11.811023622047244
 20
0.31496062992126106
 10
11.811023622047244
 20
2.283464566929135
  0
LINE
  5
11AE
330
17
100
AcDbEntity
  8
GEOMETRY
100
AcDbLine
 10
11.811023622047244
 20
1.7322834645669292
 30
0.0
 11
16.22047244094488
 21
1.7322834645669292
 31
0.0
  0
LINE
  5
11AF
330
17
100
AcDbEntity
  8
GEOMETRY
100
AcDbLine
 10
11.811023622047244
 20
1.1023622047244095
 30
0.0
 11
16.22047244094488
 21
1.1023622047244095
 31
0.0
  0
LINE
  5
11B0
330
17
100
AcDbEntity
  8
GEOMETRY
100
AcDbLine
 10
11.811023622047244
 20
0.7086614173228346
 30
0.0
 11
16.22047244094488
 21
0.7086614173228346
 31
0.0
  0
LINE
  5
11B1
330
17
100
AcDbEntity
  8
GEOMETRY
100
AcDbLine
 10
14.015748031496063
 20
1.1023622047244095
 30
0.0
 11
14.015748031496063
 21
0.31496062992125984
 31
0.0
  0
TEXT
  5
11B2
330
17
100
AcDbEntity
  8
TEXT
100
AcDbText
 10
11.929133858267717
 20
2.02755905511811
 30
0.0
 40
0.09637795275590551
  1
A STUDY IN TEAK
 11
11.929133858267717
 21
2.02755905511811
 31
0.0
100
AcDbText
  0
TEXT
  5
11B3
330
17
100
AcDbEntity
  8
TEXT
100
AcDbText
 10
11.929133858267717
 20
1.8503937007874016
 30
0.0
 40
0.05385826771653543
  1
Particulars of the room
 11
11.929133858267717
 21
1.8503937007874016
 31
0.0
100
AcDbText
  0
TEXT
  5
11B4
330
17
100
AcDbEntity
  8
TEXT
100
AcDbText
 10
11.929133858267717
 20
1.4763779527559056
 30
0.0
 40
0.09637795275590551
  1
DESK (PLAIN, SQUARE) — GENERAL ARRANGEMENT
 11
11.929133858267717
 21
1.4763779527559056
 31
0.0
100
AcDbText
  0
TEXT
  5
11B5
330
17
100
AcDbEntity
  8
TEXT
100
AcDbText
 10
11.929133858267717
 20
1.2598425196850394
 30
0.0
 40
0.05669291338582677
  1
Front · End · Section · Plan · Back · Axo
 11
11.929133858267717
 21
1.2598425196850394
 31
0.0
100
AcDbText
  0
TEXT
  5
11B6
330
17
100
AcDbEntity
  8
TEXT
100
AcDbText
 10
11.929133858267717
 20
0.9448818897637795
 30
0.0
 40
0.04251968503937008
  1
SCALE
 11
11.929133858267717
 21
0.9448818897637795
 31
0.0
100
AcDbText
  0
TEXT
  5
11B7
330
17
100
AcDbEntity
  8
TEXT
100
AcDbText
 10
11.929133858267717
 20
0.7874015748031495
 30
0.0
 40
0.05952755905511811
  1
AS NOTED @ A3
 11
11.929133858267717
 21
0.7874015748031495
 31
0.0
100
AcDbText
  0
TEXT
  5
11B8
330
17
100
AcDbEntity
  8
TEXT
100
AcDbText
 10
14.133858267716535
 20
0.9448818897637795
 30
0.0
 40
0.04251968503937008
  1
DATE
 11
14.133858267716535
 21
0.9448818897637795
 31
0.0
100
AcDbText
  0
TEXT
  5
11B9
330
17
100
AcDbEntity
  8
TEXT
100
AcDbText
 10
14.133858267716535
 20
0.7874015748031495
 30
0.0
 40
0.05952755905511811
  1
02.10.2026
 11
14.133858267716535
 21
0.7874015748031495
 31
0.0
100
AcDbText
  0
TEXT
  5
11BA
330
17
100
AcDbEntity
  8
TEXT
100
AcDbText
 10
11.929133858267717
 20
0.5511811023622047
 30
0.0
 40
0.04251968503937008
  1
REV
 11
11.929133858267717
 21
0.5511811023622047
 31
0.0
100
AcDbText
  0
TEXT
  5
11BB
330
17
100
AcDbEntity
  8
TEXT
100
AcDbText
 10
11.929133858267717
 20
0.39370078740157477
 30
0.0
 40
0.05012847078325735
  1
2 — no corner mouldings, wider drawers, monitor clamp bay
 11
11.929133858267717
 21
0.39370078740157477
 31
0.0
100
AcDbText
  0
TEXT
  5
11BC
330
17
100
AcDbEntity
  8
TEXT
100
AcDbText
 10
14.133858267716535
 20
0.5511811023622047
 30
0.0
 40
0.04251968503937008
  1
DWG
 11
14.133858267716535
 21
0.5511811023622047
 31
0.0
100
AcDbText
  0
TEXT
  5
11BD
330
17
100
AcDbEntity
  8
TEXT
100
AcDbText
 10
14.133858267716535
 20
0.39370078740157477
 30
0.0
 40
0.05952755905511811
  1
AST-DR-031
 11
14.133858267716535
 21
0.39370078740157477
 31
0.0
100
AcDbText
  0
ENDSEC
  0
SECTION
  2
OBJECTS
  0
DICTIONARY
  5
A
330
0
100
AcDbDictionary
281
1
  3
ACAD_COLOR
350
B
  3
ACAD_GROUP
350
C
  3
ACAD_LAYOUT
350
D
  3
ACAD_MATERIAL
350
E
  3
ACAD_MLEADERSTYLE
350
F
  3
ACAD_MLINESTYLE
350
10
  3
ACAD_PLOTSETTINGS
350
11
  3
ACAD_PLOTSTYLENAME
350
12
  3
ACAD_SCALELIST
350
14
  3
ACAD_TABLESTYLE
350
15
  3
ACAD_VISUALSTYLE
350
16
  3
EZDXF_META
350
2D
  0
DICTIONARY
  5
B
330
A
100
AcDbDictionary
281
1
  0
DICTIONARY
  5
C
330
A
100
AcDbDictionary
281
1
  0
DICTIONARY
  5
D
330
A
100
AcDbDictionary
281
1
  3
Model
350
1A
  3
Layout1
350
1E
  0
DICTIONARY
  5
E
330
A
100
AcDbDictionary
281
1
  3
ByBlock
350
1F
  3
ByLayer
350
20
  3
Global
350
21
  0
DICTIONARY
  5
F
330
A
100
AcDbDictionary
281
1
  3
Standard
350
2C
  0
DICTIONARY
  5
10
330
A
100
AcDbDictionary
281
1
  3
Standard
350
22
  0
DICTIONARY
  5
11
330
A
100
AcDbDictionary
281
1
  0
ACDBDICTIONARYWDFLT
  5
12
330
A
100
AcDbDictionary
281
1
  3
Normal
350
13
100
AcDbDictionaryWithDefault
340
13
  0
ACDBPLACEHOLDER
  5
13
330
12
  0
DICTIONARY
  5
14
330
A
100
AcDbDictionary
281
1
  0
DICTIONARY
  5
15
330
A
100
AcDbDictionary
281
1
  0
DICTIONARY
  5
16
330
A
100
AcDbDictionary
281
1
  3
2dWireframe
350
5A
  3
Basic
350
5B
  3
Brighten
350
5C
  3
ColorChange
350
5D
  3
Conceptual
350
5E
  3
Dim
350
5F
  3
EdgeColorOff
350
60
  3
Facepattern
350
61
  3
Flat
350
62
  3
FlatWithEdges
350
63
  3
Gouraud
350
64
  3
GouraudWithEdges
350
65
  3
Hidden
350
66
  3
JitterOff
350
67
  3
Linepattern
350
68
  3
Modeling
350
69
  3
OverhangOff
350
6A
  3
Realistic
350
6B
  3
Shaded
350
6C
  3
Shaded with edges
350
6D
  3
Shades of Gray
350
6E
  3
Sketchy
350
6F
  3
Thicken
350
70
  3
Wireframe
350
71
  3
X-Ray
350
72
  0
LAYOUT
  5
1A
330
D
100
AcDbPlotSettings
  1

  4
A3
  6

 40
7.5
 41
20.0
 42
7.5
 43
20.0
 44
420.0
 45
297.0
 46
0.0
 47
0.0
 48
0.0
 49
0.0
140
0.0
141
0.0
142
1.0
143
1.0
 70
1024
 72
1
 73
0
 74
5
  7

 75
16
 76
0
 77
2
 78
300
147
1.0
148
0.0
149
0.0
100
AcDbLayout
  1
Model
 70
1
 71
0
 10
0.0
 20
0.0
 11
420.0
 21
297.0
 12
0.0
 22
0.0
 32
0.0
 14
1e+20
 24
1e+20
 34
1e+20
 15
-1e+20
 25
-1e+20
 35
-1e+20
146
0.0
 13
0.0
 23
0.0
 33
0.0
 16
1.0
 26
0.0
 36
0.0
 17
0.0
 27
1.0
 37
0.0
 76
1
330
17
  0
LAYOUT
  5
1E
330
D
100
AcDbPlotSettings
  1

  4
A3
  6

 40
7.5
 41
20.0
 42
7.5
 43
20.0
 44
420.0
 45
297.0
 46
0.0
 47
0.0
 48
0.0
 49
0.0
140
0.0
141
0.0
142
1.0
143
1.0
 70
0
 72
1
 73
0
 74
5
  7

 75
16
 76
0
 77
2
 78
300
147
1.0
148
0.0
149
0.0
100
AcDbLayout
  1
Layout1
 70
1
 71
1
 10
0.0
 20
0.0
 11
420.0
 21
297.0
 12
0.0
 22
0.0
 32
0.0
 14
1e+20
 24
1e+20
 34
1e+20
 15
-1e+20
 25
-1e+20
 35
-1e+20
146
0.0
 13
0.0
 23
0.0
 33
0.0
 16
1.0
 26
0.0
 36
0.0
 17
0.0
 27
1.0
 37
0.0
 76
1
330
1B
  0
MATERIAL
  5
1F
102
{ACAD_REACTORS
330
E
102
}
330
E
100
AcDbMaterial
  1
ByBlock
  2

 70
0
 40
1.0
 71
1
 41
1.0
 91
-1023410177
 42
1.0
 72
1
  3

 73
1
 74
1
 75
1
 44
0.5
 73
0
 45
1.0
 46
1.0
 77
1
  4

 78
1
 79
1
170
1
 48
1.0
171
1
  6

172
1
173
1
174
1
140
1.0
141
1.0
175
1
  7

176
1
177
1
178
1
143
1.0
179
1
  8

270
1
271
1
272
1
145
1.0
146
1.0
273
1
  9

274
1
275
1
276
1
 42
1.0
 72
1
  3

 73
1
 74
1
 75
1
 94
63
  0
MATERIAL
  5
20
102
{ACAD_REACTORS
330
E
102
}
330
E
100
AcDbMaterial
  1
ByLayer
  2

 70
0
 40
1.0
 71
1
 41
1.0
 91
-1023410177
 42
1.0
 72
1
  3

 73
1
 74
1
 75
1
 44
0.5
 73
0
 45
1.0
 46
1.0
 77
1
  4

 78
1
 79
1
170
1
 48
1.0
171
1
  6

172
1
173
1
174
1
140
1.0
141
1.0
175
1
  7

176
1
177
1
178
1
143
1.0
179
1
  8

270
1
271
1
272
1
145
1.0
146
1.0
273
1
  9

274
1
275
1
276
1
 42
1.0
 72
1
  3

 73
1
 74
1
 75
1
 94
63
  0
MATERIAL
  5
21
102
{ACAD_REACTORS
330
E
102
}
330
E
100
AcDbMaterial
  1
Global
  2

 70
0
 40
1.0
 71
1
 41
1.0
 91
-1023410177
 42
1.0
 72
1
  3

 73
1
 74
1
 75
1
 44
0.5
 73
0
 45
1.0
 46
1.0
 77
1
  4

 78
1
 79
1
170
1
 48
1.0
171
1
  6

172
1
173
1
174
1
140
1.0
141
1.0
175
1
  7

176
1
177
1
178
1
143
1.0
179
1
  8

270
1
271
1
272
1
145
1.0
146
1.0
273
1
  9

274
1
275
1
276
1
 42
1.0
 72
1
  3

 73
1
 74
1
 75
1
 94
63
  0
MLINESTYLE
  5
22
102
{ACAD_REACTORS
330
10
102
}
330
10
100
AcDbMlineStyle
  2
Standard
 70
0
  3

 62
256
 51
90.0
 52
90.0
 71
2
 49
0.5
 62
256
  6
BYLAYER
 49
-0.5
 62
256
  6
BYLAYER
  0
MLEADERSTYLE
  5
2C
102
{ACAD_REACTORS
330
F
102
}
330
F
100
AcDbMLeaderStyle
179
2
170
2
171
1
172
0
 90
2
 40
0.0
 41
0.0
173
1
 91
-1056964608
 92
-2
290
1
 42
2.0
291
1
 43
8.0
  3
Standard
 44
4.0
300

342
29
174
1
175
1
176
0
178
1
 93
-1056964608
 45
4.0
292
0
297
0
 46
4.0
 94
-1056964608
 47
1.0
 49
1.0
140
1.0
294
1
141
0.0
177
0
142
1.0
295
0
296
0
143
3.75
271
0
272
9
273
9
  0
DICTIONARY
  5
2D
330
A
100
AcDbDictionary
280
1
281
1
  3
CREATED_BY_EZDXF
350
2E
  3
WRITTEN_BY_EZDXF
350
11C0
  0
DICTIONARYVAR
  5
2E
330
2D
100
DictionaryVariables
280
0
  1
1.4.2 @ 2026-10-09T11:56:55.060602+00:00
  0
VISUALSTYLE
  5
5A
102
{ACAD_REACTORS
330
16
102
}
330
16
100
AcDbVisualStyle
  2
2dWireframe
 70
4
 90
0
 40
0.6
 62
7
290
0
291
0
  0
VISUALSTYLE
  5
5B
102
{ACAD_REACTORS
330
16
102
}
330
16
100
AcDbVisualStyle
  2
Basic
 70
7
 90
1
 40
0.6
 62
7
290
0
291
1
  0
VISUALSTYLE
  5
5C
102
{ACAD_REACTORS
330
16
102
}
330
16
100
AcDbVisualStyle
  2
Brighten
 70
12
 90
2
 40
0.6
 62
7
290
0
291
1
  0
VISUALSTYLE
  5
5D
102
{ACAD_REACTORS
330
16
102
}
330
16
100
AcDbVisualStyle
  2
ColorChange
 70
16
 90
2
 40
0.6
 62
8
290
0
291
1
  0
VISUALSTYLE
  5
5E
102
{ACAD_REACTORS
330
16
102
}
330
16
100
AcDbVisualStyle
  2
Conceptual
 70
9
 90
3
 40
0.6
 62
7
290
0
291
0
  0
VISUALSTYLE
  5
5F
102
{ACAD_REACTORS
330
16
102
}
330
16
100
AcDbVisualStyle
  2
Dim
 70
11
 90
2
 40
0.6
 62
7
290
0
291
1
  0
VISUALSTYLE
  5
60
102
{ACAD_REACTORS
330
16
102
}
330
16
100
AcDbVisualStyle
  2
EdgeColorOff
 70
22
 90
2
 40
0.6
 62
7
290
0
291
1
  0
VISUALSTYLE
  5
61
102
{ACAD_REACTORS
330
16
102
}
330
16
100
AcDbVisualStyle
  2
Facepattern
 70
15
 90
2
 40
0.6
 62
7
290
0
291
1
  0
VISUALSTYLE
  5
62
102
{ACAD_REACTORS
330
16
102
}
330
16
100
AcDbVisualStyle
  2
Flat
 70
0
 90
2
 40
0.6
 62
7
290
0
291
1
  0
VISUALSTYLE
  5
63
102
{ACAD_REACTORS
330
16
102
}
330
16
100
AcDbVisualStyle
  2
FlatWithEdges
 70
1
 90
2
 40
0.6
 62
7
290
0
291
1
  0
VISUALSTYLE
  5
64
102
{ACAD_REACTORS
330
16
102
}
330
16
100
AcDbVisualStyle
  2
Gouraud
 70
2
 90
2
 40
0.6
 62
7
290
0
291
1
  0
VISUALSTYLE
  5
65
102
{ACAD_REACTORS
330
16
102
}
330
16
100
AcDbVisualStyle
  2
GouraudWithEdges
 70
3
 90
2
 40
0.6
 62
7
290
0
291
1
  0
VISUALSTYLE
  5
66
102
{ACAD_REACTORS
330
16
102
}
330
16
100
AcDbVisualStyle
  2
Hidden
 70
6
 90
1
 40
0.6
 62
7
290
0
291
0
  0
VISUALSTYLE
  5
67
102
{ACAD_REACTORS
330
16
102
}
330
16
100
AcDbVisualStyle
  2
JitterOff
 70
20
 90
2
 40
0.6
 62
7
290
0
291
1
  0
VISUALSTYLE
  5
68
102
{ACAD_REACTORS
330
16
102
}
330
16
100
AcDbVisualStyle
  2
Linepattern
 70
14
 90
2
 40
0.6
 62
7
290
0
291
1
  0
VISUALSTYLE
  5
69
102
{ACAD_REACTORS
330
16
102
}
330
16
100
AcDbVisualStyle
  2
Modeling
 70
10
 90
2
 40
0.6
 62
7
290
0
291
0
  0
VISUALSTYLE
  5
6A
102
{ACAD_REACTORS
330
16
102
}
330
16
100
AcDbVisualStyle
  2
OverhangOff
 70
21
 90
2
 40
0.6
 62
7
290
0
291
1
  0
VISUALSTYLE
  5
6B
102
{ACAD_REACTORS
330
16
102
}
330
16
100
AcDbVisualStyle
  2
Realistic
 70
8
 90
2
 40
0.6
 62
7
290
0
291
0
  0
VISUALSTYLE
  5
6C
102
{ACAD_REACTORS
330
16
102
}
330
16
100
AcDbVisualStyle
  2
Shaded
 70
27
 90
2
 40
0.6
 62
7
290
0
291
0
  0
VISUALSTYLE
  5
6D
102
{ACAD_REACTORS
330
16
102
}
330
16
100
AcDbVisualStyle
  2
Shaded with edges
 70
26
 90
2
 40
0.6
 62
7
290
0
291
0
  0
VISUALSTYLE
  5
6E
102
{ACAD_REACTORS
330
16
102
}
330
16
100
AcDbVisualStyle
  2
Shades of Gray
 70
23
 90
2
 40
0.6
 62
7
290
0
291
0
  0
VISUALSTYLE
  5
6F
102
{ACAD_REACTORS
330
16
102
}
330
16
100
AcDbVisualStyle
  2
Sketchy
 70
24
 90
1
 40
0.6
 62
7
290
0
291
0
  0
VISUALSTYLE
  5
70
102
{ACAD_REACTORS
330
16
102
}
330
16
100
AcDbVisualStyle
  2
Thicken
 70
13
 90
2
 40
0.6
 62
7
290
0
291
1
  0
VISUALSTYLE
  5
71
102
{ACAD_REACTORS
330
16
102
}
330
16
100
AcDbVisualStyle
  2
Wireframe
 70
5
 90
0
 40
0.6
 62
7
290
0
291
0
  0
VISUALSTYLE
  5
72
102
{ACAD_REACTORS
330
16
102
}
330
16
100
AcDbVisualStyle
  2
X-Ray
 70
25
 90
2
 40
0.5
 62
7
290
0
291
0
  0
DICTIONARYVAR
  5
11C0
330
2D
100
DictionaryVariables
280
0
  1
1.4.2 @ 2026-10-09T11:56:55.253866+00:00
  0
ENDSEC
  0
EOF
