  0
SECTION
  2
HEADER
  9
$ACADVER
  1
AC1024
  9
$ACADMAINTVER
 70
6
  9
$DWGCODEPAGE
  3
ANSI_1252
  9
$LASTSAVEDBY
  1
ezdxf
  9
$INSBASE
 10
0.0
 20
0.0
 30
0.0
  9
$EXTMIN
 10
1e+20
 20
1e+20
 30
1e+20
  9
$EXTMAX
 10
-1e+20
 20
-1e+20
 30
-1e+20
  9
$LIMMIN
 10
0.0
 20
0.0
  9
$LIMMAX
 10
420.0
 20
297.0
  9
$ORTHOMODE
 70
0
  9
$REGENMODE
 70
1
  9
$FILLMODE
 70
1
  9
$QTEXTMODE
 70
0
  9
$MIRRTEXT
 70
1
  9
$LTSCALE
 40
1.0
  9
$ATTMODE
 70
1
  9
$TEXTSIZE
 40
2.5
  9
$TRACEWID
 40
1.0
  9
$TEXTSTYLE
  7
OpenSans
  9
$CLAYER
  8
0
  9
$CELTYPE
  6
ByLayer
  9
$CECOLOR
 62
256
  9
$CELTSCALE
 40
1.0
  9
$DISPSILH
 70
0
  9
$DIMSCALE
 40
1.0
  9
$DIMASZ
 40
0.175
  9
$DIMEXO
 40
0.125
  9
$DIMDLI
 40
3.75
  9
$DIMRND
 40
0.0
  9
$DIMDLE
 40
0.0
  9
$DIMEXE
 40
0.375
  9
$DIMTP
 40
0.0
  9
$DIMTM
 40
0.0
  9
$DIMTXT
 40
0.25
  9
$DIMCEN
 40
2.5
  9
$DIMTSZ
 40
0.0
  9
$DIMTOL
 70
0
  9
$DIMLIM
 70
0
  9
$DIMTIH
 70
0
  9
$DIMTOH
 70
0
  9
$DIMSE1
 70
0
  9
$DIMSE2
 70
0
  9
$DIMTAD
 70
1
  9
$DIMZIN
 70
12
  9
$DIMBLK
  1
ARCHTICK
  9
$DIMASO
 70
1
  9
$DIMSHO
 70
1
  9
$DIMPOST
  1

  9
$DIMAPOST
  1

  9
$DIMALT
 70
0
  9
$DIMALTD
 70
3
  9
$DIMALTF
 40
0.03937007874
  9
$DIMLFAC
 40
100.0
  9
$DIMTOFL
 70
1
  9
$DIMTVP
 40
0.0
  9
$DIMTIX
 70
0
  9
$DIMSOXD
 70
0
  9
$DIMSAH
 70
0
  9
$DIMBLK1
  1

  9
$DIMBLK2
  1

  9
$DIMSTYLE
  2
EZDXF
  9
$DIMCLRD
 70
0
  9
$DIMCLRE
 70
0
  9
$DIMCLRT
 70
0
  9
$DIMTFAC
 40
0.5
  9
$DIMGAP
 40
0.1
  9
$DIMJUST
 70
0
  9
$DIMSD1
 70
0
  9
$DIMSD2
 70
0
  9
$DIMTOLJ
 70
0
  9
$DIMTZIN
 70
8
  9
$DIMALTZ
 70
0
  9
$DIMALTTZ
 70
0
  9
$DIMUPT
 70
1
  9
$DIMDEC
 70
2
  9
$DIMTDEC
 70
2
  9
$DIMALTU
 70
2
  9
$DIMALTTD
 70
3
  9
$DIMTXSTY
  7
OpenSansCondensed-Light
  9
$DIMAUNIT
 70
0
  9
$DIMADEC
 70
2
  9
$DIMALTRND
 40
0.0
  9
$DIMAZIN
 70
3
  9
$DIMDSEP
 70
46
  9
$DIMATFIT
 70
3
  9
$DIMFRAC
 70
0
  9
$DIMLDRBLK
  1

  9
$DIMLUNIT
 70
2
  9
$DIMLWD
 70
-2
  9
$DIMLWE
 70
-2
  9
$DIMTMOVE
 70
2
  9
$DIMFXL
 40
1.0
  9
$DIMFXLON
 70
0
  9
$DIMJOGANG
 40
0.785398163397
  9
$DIMTFILL
 70
0
  9
$DIMTFILLCLR
 70
0
  9
$DIMARCSYM
 70
0
  9
$DIMLTYPE
  6

  9
$DIMLTEX1
  6

  9
$DIMLTEX2
  6

  9
$DIMTXTDIRECTION
 70
0
  9
$LUNITS
 70
4
  9
$LUPREC
 70
4
  9
$SKETCHINC
 40
1.0
  9
$FILLETRAD
 40
10.0
  9
$AUNITS
 70
0
  9
$AUPREC
 70
3
  9
$MENU
  1
.
  9
$ELEVATION
 40
0.0
  9
$PELEVATION
 40
0.0
  9
$THICKNESS
 40
0.0
  9
$LIMCHECK
 70
0
  9
$CHAMFERA
 40
0.0
  9
$CHAMFERB
 40
0.0
  9
$CHAMFERC
 40
0.0
  9
$CHAMFERD
 40
0.0
  9
$SKPOLY
 70
0
  9
$TDCREATE
 40
2461302.928599537
  9
$TDUCREATE
 40
2458532.153996898
  9
$TDUPDATE
 40
2461302.928611111
  9
$TDUUPDATE
 40
2458532.1544311
  9
$TDINDWG
 40
0.0
  9
$TDUSRTIMER
 40
0.0
  9
$USRTIMER
 70
1
  9
$ANGBASE
 50
0.0
  9
$ANGDIR
 70
0
  9
$PDMODE
 70
0
  9
$PDSIZE
 40
0.0
  9
$PLINEWID
 40
0.0
  9
$SPLFRAME
 70
0
  9
$SPLINETYPE
 70
6
  9
$SPLINESEGS
 70
8
  9
$HANDSEED
  5
396
  9
$SURFTAB1
 70
6
  9
$SURFTAB2
 70
6
  9
$SURFTYPE
 70
6
  9
$SURFU
 70
6
  9
$SURFV
 70
6
  9
$UCSBASE
  2

  9
$UCSNAME
  2

  9
$UCSORG
 10
0.0
 20
0.0
 30
0.0
  9
$UCSXDIR
 10
1.0
 20
0.0
 30
0.0
  9
$UCSYDIR
 10
0.0
 20
1.0
 30
0.0
  9
$UCSORTHOREF
  2

  9
$UCSORTHOVIEW
 70
0
  9
$UCSORGTOP
 10
0.0
 20
0.0
 30
0.0
  9
$UCSORGBOTTOM
 10
0.0
 20
0.0
 30
0.0
  9
$UCSORGLEFT
 10
0.0
 20
0.0
 30
0.0
  9
$UCSORGRIGHT
 10
0.0
 20
0.0
 30
0.0
  9
$UCSORGFRONT
 10
0.0
 20
0.0
 30
0.0
  9
$UCSORGBACK
 10
0.0
 20
0.0
 30
0.0
  9
$PUCSBASE
  2

  9
$PUCSNAME
  2

  9
$PUCSORG
 10
0.0
 20
0.0
 30
0.0
  9
$PUCSXDIR
 10
1.0
 20
0.0
 30
0.0
  9
$PUCSYDIR
 10
0.0
 20
1.0
 30
0.0
  9
$PUCSORTHOREF
  2

  9
$PUCSORTHOVIEW
 70
0
  9
$PUCSORGTOP
 10
0.0
 20
0.0
 30
0.0
  9
$PUCSORGBOTTOM
 10
0.0
 20
0.0
 30
0.0
  9
$PUCSORGLEFT
 10
0.0
 20
0.0
 30
0.0
  9
$PUCSORGRIGHT
 10
0.0
 20
0.0
 30
0.0
  9
$PUCSORGFRONT
 10
0.0
 20
0.0
 30
0.0
  9
$PUCSORGBACK
 10
0.0
 20
0.0
 30
0.0
  9
$USERI1
 70
0
  9
$USERI2
 70
0
  9
$USERI3
 70
0
  9
$USERI4
 70
0
  9
$USERI5
 70
0
  9
$USERR1
 40
0.0
  9
$USERR2
 40
0.0
  9
$USERR3
 40
0.0
  9
$USERR4
 40
0.0
  9
$USERR5
 40
0.0
  9
$WORLDVIEW
 70
1
  9
$SHADEDGE
 70
3
  9
$SHADEDIF
 70
70
  9
$TILEMODE
 70
1
  9
$MAXACTVP
 70
64
  9
$PINSBASE
 10
0.0
 20
0.0
 30
0.0
  9
$PLIMCHECK
 70
0
  9
$PEXTMIN
 10
1e+20
 20
1e+20
 30
1e+20
  9
$PEXTMAX
 10
-1e+20
 20
-1e+20
 30
-1e+20
  9
$PLIMMIN
 10
0.0
 20
0.0
  9
$PLIMMAX
 10
420.0
 20
297.0
  9
$UNITMODE
 70
0
  9
$VISRETAIN
 70
1
  9
$PLINEGEN
 70
0
  9
$PSLTSCALE
 70
1
  9
$TREEDEPTH
 70
3020
  9
$CMLSTYLE
  2
Standard
  9
$CMLJUST
 70
0
  9
$CMLSCALE
 40
20.0
  9
$PROXYGRAPHICS
 70
1
  9
$MEASUREMENT
 70
0
  9
$CELWEIGHT
370
-1
  9
$ENDCAPS
280
0
  9
$JOINSTYLE
280
0
  9
$LWDISPLAY
290
0
  9
$INSUNITS
 70
1
  9
$HYPERLINKBASE
  1

  9
$STYLESHEET
  1

  9
$XEDIT
290
1
  9
$CEPSNTYPE
380
0
  9
$PSTYLEMODE
290
1
  9
$FINGERPRINTGUID
  2
{6DC9C788-E62F-4E69-B395-8950BA8E8E9C}
  9
$VERSIONGUID
  2
{218BE439-CE47-4F9E-9FBB-F47134041D35}
  9
$EXTNAMES
290
1
  9
$PSVPSCALE
 40
0.0
  9
$OLESTARTUP
290
0
  9
$SORTENTS
280
127
  9
$INDEXCTL
280
0
  9
$HIDETEXT
280
1
  9
$XCLIPFRAME
280
1
  9
$HALOGAP
280
0
  9
$OBSCOLOR
 70
257
  9
$OBSLTYPE
280
0
  9
$INTERSECTIONDISPLAY
280
0
  9
$INTERSECTIONCOLOR
 70
257
  9
$DIMASSOC
280
2
  9
$PROJECTNAME
  1

  9
$CAMERADISPLAY
290
0
  9
$LENSLENGTH
 40
50.0
  9
$CAMERAHEIGHT
 40
0.0
  9
$STEPSPERSEC
 40
24.0
  9
$STEPSIZE
 40
100.0
  9
$3DDWFPREC
 40
2.0
  9
$PSOLWIDTH
 40
0.005
  9
$PSOLHEIGHT
 40
0.08
  9
$LOFTANG1
 40
1.570796326795
  9
$LOFTANG2
 40
1.570796326795
  9
$LOFTMAG1
 40
0.0
  9
$LOFTMAG2
 40
0.0
  9
$LOFTPARAM
 70
7
  9
$LOFTNORMALS
280
1
  9
$LATITUDE
 40
37.795
  9
$LONGITUDE
 40
-122.394
  9
$NORTHDIRECTION
 40
0.0
  9
$TIMEZONE
 70
-8000
  9
$LIGHTGLYPHDISPLAY
280
1
  9
$TILEMODELIGHTSYNCH
280
1
  9
$CMATERIAL
347
20
  9
$SOLIDHIST
280
0
  9
$SHOWHIST
280
1
  9
$DWFFRAME
280
2
  9
$DGNFRAME
280
2
  9
$REALWORLDSCALE
290
1
  9
$INTERFERECOLOR
 62
256
  9
$CSHADOW
280
0
  9
$SHADOWPLANELOCATION
 40
0.0
  0
ENDSEC
  0
SECTION
  2
CLASSES
  0
CLASS
  1
ACDBDICTIONARYWDFLT
  2
AcDbDictionaryWithDefault
  3
ObjectDBX Classes
 90
0
 91
0
280
0
281
0
  0
CLASS
  1
SUN
  2
AcDbSun
  3
SCENEOE
 90
1153
 91
0
280
0
281
0
  0
CLASS
  1
VISUALSTYLE
  2
AcDbVisualStyle
  3
ObjectDBX Classes
 90
4095
 91
0
280
0
281
0
  0
CLASS
  1
MATERIAL
  2
AcDbMaterial
  3
ObjectDBX Classes
 90
1153
 91
0
280
0
281
0
  0
CLASS
  1
SCALE
  2
AcDbScale
  3
ObjectDBX Classes
 90
1153
 91
0
280
0
281
0
  0
CLASS
  1
TABLESTYLE
  2
AcDbTableStyle
  3
ObjectDBX Classes
 90
4095
 91
0
280
0
281
0
  0
CLASS
  1
MLEADERSTYLE
  2
AcDbMLeaderStyle
  3
ACDB_MLEADERSTYLE_CLASS
 90
4095
 91
0
280
0
281
0
  0
CLASS
  1
DICTIONARYVAR
  2
AcDbDictionaryVar
  3
ObjectDBX Classes
 90
0
 91
0
280
0
281
0
  0
CLASS
  1
CELLSTYLEMAP
  2
AcDbCellStyleMap
  3
ObjectDBX Classes
 90
1152
 91
0
280
0
281
0
  0
CLASS
  1
MENTALRAYRENDERSETTINGS
  2
AcDbMentalRayRenderSettings
  3
SCENEOE
 90
1024
 91
0
280
0
281
0
  0
CLASS
  1
ACDBDETAILVIEWSTYLE
  2
AcDbDetailViewStyle
  3
ObjectDBX Classes
 90
1025
 91
0
280
0
281
0
  0
CLASS
  1
ACDBSECTIONVIEWSTYLE
  2
AcDbSectionViewStyle
  3
ObjectDBX Classes
 90
1025
 91
0
280
0
281
0
  0
CLASS
  1
RASTERVARIABLES
  2
AcDbRasterVariables
  3
ISM
 90
0
 91
0
280
0
281
0
  0
CLASS
  1
ACDBPLACEHOLDER
  2
AcDbPlaceHolder
  3
ObjectDBX Classes
 90
0
 91
0
280
0
281
0
  0
CLASS
  1
LAYOUT
  2
AcDbLayout
  3
ObjectDBX Classes
 90
0
 91
0
280
0
281
0
  0
ENDSEC
  0
SECTION
  2
TABLES
  0
TABLE
  2
VPORT
  5
8
330
0
100
AcDbSymbolTable
 70
1
  0
VPORT
  5
23
330
8
100
AcDbSymbolTableRecord
100
AcDbViewportTableRecord
  2
*Active
 70
0
 10
0.0
 20
0.0
 11
1.0
 21
1.0
 12
0.0
 22
0.0
 13
0.0
 23
0.0
 14
0.5
 24
0.5
 15
0.5
 25
0.5
 16
0.0
 26
0.0
 36
1.0
 17
0.0
 27
0.0
 37
0.0
 40
1000.0
 41
1.34
 42
50.0
 43
0.0
 44
0.0
 50
0.0
 51
0.0
 71
0
 72
1000
 73
1
 74
3
 75
0
 76
0
 77
0
 78
0
281
0
 65
0
146
0.0
  0
ENDTAB
  0
TABLE
  2
LTYPE
  5
2
330
0
100
AcDbSymbolTable
 70
21
  0
LTYPE
  5
24
330
2
100
AcDbSymbolTableRecord
100
AcDbLinetypeTableRecord
  2
ByBlock
 70
0
  3

 72
65
 73
0
 40
0.0
  0
LTYPE
  5
25
330
2
100
AcDbSymbolTableRecord
100
AcDbLinetypeTableRecord
  2
ByLayer
 70
0
  3

 72
65
 73
0
 40
0.0
  0
LTYPE
  5
26
330
2
100
AcDbSymbolTableRecord
100
AcDbLinetypeTableRecord
  2
Continuous
 70
0
  3

 72
65
 73
0
 40
0.0
  0
LTYPE
  5
2F
330
2
100
AcDbSymbolTableRecord
100
AcDbLinetypeTableRecord
  2
CENTER
 70
0
  3
Center ____ _ ____ _ ____ _ ____ _ ____ _ ____
 72
65
 73
4
 40
2.0
 49
1.25
 74
0
 49
-0.25
 74
0
 49
0.25
 74
0
 49
-0.25
 74
0
  0
LTYPE
  5
30
330
2
100
AcDbSymbolTableRecord
100
AcDbLinetypeTableRecord
  2
CENTERX2
 70
0
  3
Center (2x) ________  __  ________  __  ________
 72
65
 73
4
 40
3.5
 49
2.5
 74
0
 49
-0.25
 74
0
 49
0.5
 74
0
 49
-0.25
 74
0
  0
LTYPE
  5
31
330
2
100
AcDbSymbolTableRecord
100
AcDbLinetypeTableRecord
  2
CENTER2
 70
0
  3
Center (.5x) ____ _ ____ _ ____ _ ____ _ ____
 72
65
 73
4
 40
1.0
 49
0.625
 74
0
 49
-0.125
 74
0
 49
0.125
 74
0
 49
-0.125
 74
0
  0
LTYPE
  5
32
330
2
100
AcDbSymbolTableRecord
100
AcDbLinetypeTableRecord
  2
DASHED
 70
0
  3
Dashed __ __ __ __ __ __ __ __ __ __ __ __ __ _
 72
65
 73
2
 40
0.6
 49
0.5
 74
0
 49
-0.1
 74
0
  0
LTYPE
  5
33
330
2
100
AcDbSymbolTableRecord
100
AcDbLinetypeTableRecord
  2
DASHEDX2
 70
0
  3
Dashed (2x) ____  ____  ____  ____  ____  ____
 72
65
 73
2
 40
1.2
 49
1.0
 74
0
 49
-0.2
 74
0
  0
LTYPE
  5
34
330
2
100
AcDbSymbolTableRecord
100
AcDbLinetypeTableRecord
  2
DASHED2
 70
0
  3
Dashed (.5x) _ _ _ _ _ _ _ _ _ _ _ _ _ _
 72
65
 73
2
 40
0.3
 49
0.25
 74
0
 49
-0.05
 74
0
  0
LTYPE
  5
35
330
2
100
AcDbSymbolTableRecord
100
AcDbLinetypeTableRecord
  2
PHANTOM
 70
0
  3
Phantom ______  __  __  ______  __  __  ______
 72
65
 73
6
 40
2.5
 49
1.25
 74
0
 49
-0.25
 74
0
 49
0.25
 74
0
 49
-0.25
 74
0
 49
0.25
 74
0
 49
-0.25
 74
0
  0
LTYPE
  5
36
330
2
100
AcDbSymbolTableRecord
100
AcDbLinetypeTableRecord
  2
PHANTOMX2
 70
0
  3
Phantom (2x)____________    ____    ____    ____________
 72
65
 73
6
 40
4.25
 49
2.5
 74
0
 49
-0.25
 74
0
 49
0.5
 74
0
 49
-0.25
 74
0
 49
0.5
 74
0
 49
-0.25
 74
0
  0
LTYPE
  5
37
330
2
100
AcDbSymbolTableRecord
100
AcDbLinetypeTableRecord
  2
PHANTOM2
 70
0
  3
Phantom (.5x) ___ _ _ ___ _ _ ___ _ _ ___ _ _ ___
 72
65
 73
6
 40
1.25
 49
0.625
 74
0
 49
-0.125
 74
0
 49
0.125
 74
0
 49
-0.125
 74
0
 49
0.125
 74
0
 49
-0.125
 74
0
  0
LTYPE
  5
38
330
2
100
AcDbSymbolTableRecord
100
AcDbLinetypeTableRecord
  2
DASHDOT
 70
0
  3
Dash dot __ . __ . __ . __ . __ . __ . __ . __
 72
65
 73
4
 40
1.4
 49
1.0
 74
0
 49
-0.2
 74
0
 49
0.0
 74
0
 49
-0.2
 74
0
  0
LTYPE
  5
39
330
2
100
AcDbSymbolTableRecord
100
AcDbLinetypeTableRecord
  2
DASHDOTX2
 70
0
  3
Dash dot (2x) ____  .  ____  .  ____  .  ____
 72
65
 73
4
 40
2.4
 49
2.0
 74
0
 49
-0.2
 74
0
 49
0.0
 74
0
 49
-0.2
 74
0
  0
LTYPE
  5
3A
330
2
100
AcDbSymbolTableRecord
100
AcDbLinetypeTableRecord
  2
DASHDOT2
 70
0
  3
Dash dot (.5x) _ . _ . _ . _ . _ . _ . _ . _
 72
65
 73
4
 40
0.7
 49
0.5
 74
0
 49
-0.1
 74
0
 49
0.0
 74
0
 49
-0.1
 74
0
  0
LTYPE
  5
3B
330
2
100
AcDbSymbolTableRecord
100
AcDbLinetypeTableRecord
  2
DOT
 70
0
  3
Dot .  .  .  .  .  .  .  .  .  .  .  .  .  .  .  .
 72
65
 73
2
 40
0.2
 49
0.0
 74
0
 49
-0.2
 74
0
  0
LTYPE
  5
3C
330
2
100
AcDbSymbolTableRecord
100
AcDbLinetypeTableRecord
  2
DOTX2
 70
0
  3
Dot (2x) .    .    .    .    .    .    .    . 
 72
65
 73
2
 40
0.4
 49
0.0
 74
0
 49
-0.4
 74
0
  0
LTYPE
  5
3D
330
2
100
AcDbSymbolTableRecord
100
AcDbLinetypeTableRecord
  2
DOT2
 70
0
  3
Dot (.5) . . . . . . . . . . . . . . . . . . . 
 72
65
 73
2
 40
0.1
 49
0.0
 74
0
 49
-0.1
 74
0
  0
LTYPE
  5
3E
330
2
100
AcDbSymbolTableRecord
100
AcDbLinetypeTableRecord
  2
DIVIDE
 70
0
  3
Divide __ . . __ . . __ . . __ . . __ . . __
 72
65
 73
6
 40
1.6
 49
1.0
 74
0
 49
-0.2
 74
0
 49
0.0
 74
0
 49
-0.2
 74
0
 49
0.0
 74
0
 49
-0.2
 74
0
  0
LTYPE
  5
3F
330
2
100
AcDbSymbolTableRecord
100
AcDbLinetypeTableRecord
  2
DIVIDEX2
 70
0
  3
Divide (2x) ____  . .  ____  . .  ____  . .  ____
 72
65
 73
6
 40
2.6
 49
2.0
 74
0
 49
-0.2
 74
0
 49
0.0
 74
0
 49
-0.2
 74
0
 49
0.0
 74
0
 49
-0.2
 74
0
  0
LTYPE
  5
40
330
2
100
AcDbSymbolTableRecord
100
AcDbLinetypeTableRecord
  2
DIVIDE2
 70
0
  3
Divide(.5x) _ . _ . _ . _ . _ . _ . _ . _
 72
65
 73
6
 40
0.8
 49
0.5
 74
0
 49
-0.1
 74
0
 49
0.0
 74
0
 49
-0.1
 74
0
 49
0.0
 74
0
 49
-0.1
 74
0
  0
ENDTAB
  0
TABLE
  2
LAYER
  5
1
330
0
100
AcDbSymbolTable
 70
10
  0
LAYER
  5
27
330
1
100
AcDbSymbolTableRecord
100
AcDbLayerTableRecord
  2
0
 70
0
 62
7
  6
Continuous
370
-3
390
13
347
21
  0
LAYER
  5
28
330
1
100
AcDbSymbolTableRecord
100
AcDbLayerTableRecord
  2
Defpoints
 70
0
 62
7
  6
Continuous
290
0
370
-3
390
13
347
21
  0
LAYER
  5
8A
330
1
100
AcDbSymbolTableRecord
100
AcDbLayerTableRecord
  2
Partition plan
 70
0
 62
7
  6
Continuous
370
-3
390
13
347
21
  0
LAYER
  5
8B
330
1
100
AcDbSymbolTableRecord
100
AcDbLayerTableRecord
  2
Partition plan hatch
 70
0
 62
8
  6
Continuous
370
-3
390
13
347
21
  0
LAYER
  5
95
330
1
100
AcDbSymbolTableRecord
100
AcDbLayerTableRecord
  2
Partition elevation
 70
0
 62
7
  6
Continuous
370
-3
390
13
347
21
  0
LAYER
  5
96
330
1
100
AcDbSymbolTableRecord
100
AcDbLayerTableRecord
  2
Partition elevation hatch
 70
0
 62
8
  6
Continuous
370
-3
390
13
347
21
  0
LAYER
  5
211
330
1
100
AcDbSymbolTableRecord
100
AcDbLayerTableRecord
  2
Elevation with television
 70
0
 62
7
  6
Continuous
370
-3
390
13
347
21
  0
LAYER
  5
212
330
1
100
AcDbSymbolTableRecord
100
AcDbLayerTableRecord
  2
Elevation with television hatch
 70
0
 62
8
  6
Continuous
370
-3
390
13
347
21
  0
LAYER
  5
38D
330
1
100
AcDbSymbolTableRecord
100
AcDbLayerTableRecord
  2
Curve detail
 70
0
 62
7
  6
Continuous
370
-3
390
13
347
21
  0
LAYER
  5
38E
330
1
100
AcDbSymbolTableRecord
100
AcDbLayerTableRecord
  2
Curve detail hatch
 70
0
 62
8
  6
Continuous
370
-3
390
13
347
21
  0
ENDTAB
  0
TABLE
  2
STYLE
  5
5
330
0
100
AcDbSymbolTable
 70
26
  0
STYLE
  5
29
330
5
100
AcDbSymbolTableRecord
100
AcDbTextStyleTableRecord
  2
Standard
 70
0
 40
0.0
 41
1.0
 50
0.0
 71
0
 42
2.5
  3
txt
  4

  0
STYLE
  5
41
330
5
100
AcDbSymbolTableRecord
100
AcDbTextStyleTableRecord
  2
OpenSans-Light
 70
0
 40
0.0
 41
1.0
 50
0.0
 71
0
 42
2.5
  3
OpenSans-Light.ttf
  4

  0
STYLE
  5
42
330
5
100
AcDbSymbolTableRecord
100
AcDbTextStyleTableRecord
  2
OpenSans-Light-Italic
 70
0
 40
0.0
 41
1.0
 50
0.0
 71
0
 42
2.5
  3
OpenSans-LightItalic.ttf
  4

  0
STYLE
  5
43
330
5
100
AcDbSymbolTableRecord
100
AcDbTextStyleTableRecord
  2
OpenSans
 70
0
 40
0.0
 41
1.0
 50
0.0
 71
0
 42
2.5
  3
OpenSans-Regular.ttf
  4

  0
STYLE
  5
44
330
5
100
AcDbSymbolTableRecord
100
AcDbTextStyleTableRecord
  2
OpenSans-Italic
 70
0
 40
0.0
 41
1.0
 50
0.0
 71
0
 42
2.5
  3
OpenSans-Italic.ttf
  4

  0
STYLE
  5
45
330
5
100
AcDbSymbolTableRecord
100
AcDbTextStyleTableRecord
  2
OpenSans-SemiBold
 70
0
 40
0.0
 41
1.0
 50
0.0
 71
0
 42
2.5
  3
OpenSans-SemiBold.ttf
  4

  0
STYLE
  5
46
330
5
100
AcDbSymbolTableRecord
100
AcDbTextStyleTableRecord
  2
OpenSans-SemiBoldItalic
 70
0
 40
0.0
 41
1.0
 50
0.0
 71
0
 42
2.5
  3
OpenSans-SemiBoldItalic.ttf
  4

  0
STYLE
  5
47
330
5
100
AcDbSymbolTableRecord
100
AcDbTextStyleTableRecord
  2
OpenSans-Bold
 70
0
 40
0.0
 41
1.0
 50
0.0
 71
0
 42
2.5
  3
OpenSans-Bold.ttf
  4

  0
STYLE
  5
48
330
5
100
AcDbSymbolTableRecord
100
AcDbTextStyleTableRecord
  2
OpenSans-BoldItalic
 70
0
 40
0.0
 41
1.0
 50
0.0
 71
0
 42
2.5
  3
OpenSans-BoldItalic.ttf
  4

  0
STYLE
  5
49
330
5
100
AcDbSymbolTableRecord
100
AcDbTextStyleTableRecord
  2
OpenSans-ExtraBold
 70
0
 40
0.0
 41
1.0
 50
0.0
 71
0
 42
2.5
  3
OpenSans-ExtraBold.ttf
  4

  0
STYLE
  5
4A
330
5
100
AcDbSymbolTableRecord
100
AcDbTextStyleTableRecord
  2
OpenSans-ExtraBoldItalic
 70
0
 40
0.0
 41
1.0
 50
0.0
 71
0
 42
2.5
  3
OpenSans-ExtraBoldItalic.ttf
  4

  0
STYLE
  5
4B
330
5
100
AcDbSymbolTableRecord
100
AcDbTextStyleTableRecord
  2
OpenSansCondensed-Bold
 70
0
 40
0.0
 41
1.0
 50
0.0
 71
0
 42
2.5
  3
OpenSansCondensed-Bold.ttf
  4

  0
STYLE
  5
4C
330
5
100
AcDbSymbolTableRecord
100
AcDbTextStyleTableRecord
  2
OpenSansCondensed-Light
 70
0
 40
0.0
 41
1.0
 50
0.0
 71
0
 42
2.5
  3
OpenSansCondensed-Light.ttf
  4

  0
STYLE
  5
4D
330
5
100
AcDbSymbolTableRecord
100
AcDbTextStyleTableRecord
  2
OpenSansCondensed-Italic
 70
0
 40
0.0
 41
1.0
 50
0.0
 71
0
 42
2.5
  3
OpenSansCondensed-LightItalic.ttf
  4

  0
STYLE
  5
4E
330
5
100
AcDbSymbolTableRecord
100
AcDbTextStyleTableRecord
  2
LiberationSans
 70
0
 40
0.0
 41
1.0
 50
0.0
 71
0
 42
2.5
  3
LiberationSans-Regular.ttf
  4

  0
STYLE
  5
4F
330
5
100
AcDbSymbolTableRecord
100
AcDbTextStyleTableRecord
  2
LiberationSans-Bold
 70
0
 40
0.0
 41
1.0
 50
0.0
 71
0
 42
2.5
  3
LiberationSans-Bold.ttf
  4

  0
STYLE
  5
50
330
5
100
AcDbSymbolTableRecord
100
AcDbTextStyleTableRecord
  2
LiberationSans-BoldItalic
 70
0
 40
0.0
 41
1.0
 50
0.0
 71
0
 42
2.5
  3
LiberationSans-BoldItalic.ttf
  4

  0
STYLE
  5
51
330
5
100
AcDbSymbolTableRecord
100
AcDbTextStyleTableRecord
  2
LiberationSans-Italic
 70
0
 40
0.0
 41
1.0
 50
0.0
 71
0
 42
2.5
  3
LiberationSans-Italic.ttf
  4

  0
STYLE
  5
52
330
5
100
AcDbSymbolTableRecord
100
AcDbTextStyleTableRecord
  2
LiberationSerif
 70
0
 40
0.0
 41
1.0
 50
0.0
 71
0
 42
2.5
  3
LiberationSerif-Regular.ttf
  4

  0
STYLE
  5
53
330
5
100
AcDbSymbolTableRecord
100
AcDbTextStyleTableRecord
  2
LiberationSerif-Bold
 70
0
 40
0.0
 41
1.0
 50
0.0
 71
0
 42
2.5
  3
LiberationSerif-Bold.ttf
  4

  0
STYLE
  5
54
330
5
100
AcDbSymbolTableRecord
100
AcDbTextStyleTableRecord
  2
LiberationSerif-BoldItalic
 70
0
 40
0.0
 41
1.0
 50
0.0
 71
0
 42
2.5
  3
LiberationSerif-BoldItalic.ttf
  4

  0
STYLE
  5
55
330
5
100
AcDbSymbolTableRecord
100
AcDbTextStyleTableRecord
  2
LiberationSerif-Italic
 70
0
 40
0.0
 41
1.0
 50
0.0
 71
0
 42
2.5
  3
LiberationSerif-Italic.ttf
  4

  0
STYLE
  5
56
330
5
100
AcDbSymbolTableRecord
100
AcDbTextStyleTableRecord
  2
LiberationMono
 70
0
 40
0.0
 41
1.0
 50
0.0
 71
0
 42
2.5
  3
LiberationMono-Regular.ttf
  4

  0
STYLE
  5
57
330
5
100
AcDbSymbolTableRecord
100
AcDbTextStyleTableRecord
  2
LiberationMono-Bold
 70
0
 40
0.0
 41
1.0
 50
0.0
 71
0
 42
2.5
  3
LiberationMono-Bold.ttf
  4

  0
STYLE
  5
58
330
5
100
AcDbSymbolTableRecord
100
AcDbTextStyleTableRecord
  2
LiberationMono-BoldItalic
 70
0
 40
0.0
 41
1.0
 50
0.0
 71
0
 42
2.5
  3
LiberationMono-BoldItalic.ttf
  4

  0
STYLE
  5
59
330
5
100
AcDbSymbolTableRecord
100
AcDbTextStyleTableRecord
  2
LiberationMono-Italic
 70
0
 40
0.0
 41
1.0
 50
0.0
 71
0
 42
2.5
  3
LiberationMono-Italic.ttf
  4

  0
ENDTAB
  0
TABLE
  2
VIEW
  5
7
330
0
100
AcDbSymbolTable
 70
0
  0
ENDTAB
  0
TABLE
  2
UCS
  5
6
330
0
100
AcDbSymbolTable
 70
0
  0
ENDTAB
  0
TABLE
  2
APPID
  5
3
330
0
100
AcDbSymbolTable
 70
3
  0
APPID
  5
2A
330
3
100
AcDbSymbolTableRecord
100
AcDbRegAppTableRecord
  2
ACAD
 70
0
  0
APPID
  5
393
330
3
100
AcDbSymbolTableRecord
100
AcDbRegAppTableRecord
  2
HATCHBACKGROUNDCOLOR
 70
0
  0
APPID
  5
394
330
3
100
AcDbSymbolTableRecord
100
AcDbRegAppTableRecord
  2
EZDXF
 70
0
  0
ENDTAB
  0
TABLE
  2
DIMSTYLE
  5
4
330
0
100
AcDbSymbolTable
 70
12
100
AcDbDimStyleTable
  0
DIMSTYLE
105
2B
330
4
100
AcDbSymbolTableRecord
100
AcDbDimStyleTableRecord
  2
Standard
 70
0
 40
1.0
 41
2.5
 42
0.625
 43
3.75
 44
1.25
 45
0.0
 46
0.0
 47
0.0
 48
0.0
 49
2.5
140
2.5
141
2.5
142
0.0
143
0.03937007874
144
1.0
145
0.0
146
1.0
147
0.625
148
0.0
 69
0
 70
0
 71
0
 72
0
 73
0
 74
0
 75
0
 76
0
 77
1
 78
8
 79
3
170
0
171
3
172
1
173
0
174
0
175
0
176
0
177
0
178
0
179
2
271
2
272
2
273
2
274
3
275
0
276
0
277
2
278
44
279
0
280
0
281
0
282
0
283
0
284
8
285
0
286
0
288
0
289
3
290
0
371
-2
372
-2
  0
DIMSTYLE
105
73
330
4
100
AcDbSymbolTableRecord
100
AcDbDimStyleTableRecord
  2
EZDXF
 70
0
 40
1.0
 41
0.175
 42
0.125
 43
3.75
 44
0.375
 45
0.0
 46
0.0
 47
0.0
 48
0.0
 49
2.5
140
0.25
141
2.5
142
0.0
143
0.03937007874
144
100.0
145
0.0
146
0.5
147
0.1
148
0.0
 69
0
 70
0
 71
0
 72
0
 73
0
 74
0
 75
0
 76
0
 77
1
 78
12
 79
3
170
0
171
3
172
1
173
0
174
0
175
0
176
0
177
0
178
0
179
2
271
2
272
2
273
2
274
3
275
0
276
0
277
2
278
46
279
2
280
0
281
0
282
0
283
0
284
8
285
0
286
0
288
1
289
3
290
0
340
4C
342
74
371
-2
372
-2
  0
DIMSTYLE
105
7C
330
4
100
AcDbSymbolTableRecord
100
AcDbDimStyleTableRecord
  2
EZ_M_100_H25_CM
 70
0
 40
1.0
 41
0.25
 42
0.125
 43
3.75
 44
0.375
 45
0.0
 46
0.0
 47
0.0
 48
0.0
 49
2.5
140
0.25
141
2.5
142
0.125
143
0.03937007874
144
100.0
145
0.0
146
0.5
147
0.1
148
0.0
 69
0
 70
0
 71
0
 72
0
 73
0
 74
0
 75
0
 76
0
 77
1
 78
12
 79
3
170
0
171
3
172
1
173
0
174
0
175
0
176
0
177
0
178
0
179
2
271
2
272
2
273
2
274
3
275
0
276
0
277
2
278
46
279
2
280
0
281
0
282
0
283
0
284
8
285
0
286
0
288
1
289
3
290
0
340
4C
371
-2
372
-2
  0
DIMSTYLE
105
7D
330
4
100
AcDbSymbolTableRecord
100
AcDbDimStyleTableRecord
  2
EZ_M_50_H25_CM
 70
0
 40
1.0
 41
0.125
 42
0.0625
 43
3.75
 44
0.1875
 45
0.0
 46
0.0
 47
0.0
 48
0.0
 49
2.5
140
0.125
141
2.5
142
0.0625
143
0.03937007874
144
100.0
145
0.0
146
0.5
147
0.05
148
0.0
 69
0
 70
0
 71
0
 72
0
 73
0
 74
0
 75
0
 76
0
 77
1
 78
12
 79
3
170
0
171
3
172
1
173
0
174
0
175
0
176
0
177
0
178
0
179
2
271
2
272
2
273
2
274
3
275
0
276
0
277
2
278
46
279
2
280
0
281
0
282
0
283
0
284
8
285
0
286
0
288
1
289
3
290
0
340
4C
371
-2
372
-2
  0
DIMSTYLE
105
7E
330
4
100
AcDbSymbolTableRecord
100
AcDbDimStyleTableRecord
  2
EZ_M_25_H25_CM
 70
0
 40
1.0
 41
0.0625
 42
0.03125
 43
3.75
 44
0.09375
 45
0.0
 46
0.0
 47
0.0
 48
0.0
 49
2.5
140
0.0625
141
2.5
142
0.03125
143
0.03937007874
144
100.0
145
0.0
146
0.5
147
0.025
148
0.0
 69
0
 70
0
 71
0
 72
0
 73
0
 74
0
 75
0
 76
0
 77
1
 78
12
 79
3
170
0
171
3
172
1
173
0
174
0
175
0
176
0
177
0
178
0
179
2
271
2
272
2
273
2
274
3
275
0
276
0
277
2
278
46
279
2
280
0
281
0
282
0
283
0
284
8
285
0
286
0
288
1
289
3
290
0
340
4C
371
-2
372
-2
  0
DIMSTYLE
105
7F
330
4
100
AcDbSymbolTableRecord
100
AcDbDimStyleTableRecord
  2
EZ_M_20_H25_CM
 70
0
 40
1.0
 41
0.05
 42
0.025
 43
3.75
 44
0.07500000000000001
 45
0.0
 46
0.0
 47
0.0
 48
0.0
 49
2.5
140
0.05
141
2.5
142
0.025
143
0.03937007874
144
100.0
145
0.0
146
0.5
147
0.020000000000000004
148
0.0
 69
0
 70
0
 71
0
 72
0
 73
0
 74
0
 75
0
 76
0
 77
1
 78
12
 79
3
170
0
171
3
172
1
173
0
174
0
175
0
176
0
177
0
178
0
179
2
271
2
272
2
273
2
274
3
275
0
276
0
277
2
278
46
279
2
280
0
281
0
282
0
283
0
284
8
285
0
286
0
288
1
289
3
290
0
340
4C
371
-2
372
-2
  0
DIMSTYLE
105
80
330
4
100
AcDbSymbolTableRecord
100
AcDbDimStyleTableRecord
  2
EZ_M_10_H25_CM
 70
0
 40
1.0
 41
0.025
 42
0.0125
 43
3.75
 44
0.037500000000000006
 45
0.0
 46
0.0
 47
0.0
 48
0.0
 49
2.5
140
0.025
141
2.5
142
0.0125
143
0.03937007874
144
100.0
145
0.0
146
0.5
147
0.010000000000000002
148
0.0
 69
0
 70
0
 71
0
 72
0
 73
0
 74
0
 75
0
 76
0
 77
1
 78
12
 79
3
170
0
171
3
172
1
173
0
174
0
175
0
176
0
177
0
178
0
179
2
271
2
272
2
273
2
274
3
275
0
276
0
277
2
278
46
279
2
280
0
281
0
282
0
283
0
284
8
285
0
286
0
288
1
289
3
290
0
340
4C
371
-2
372
-2
  0
DIMSTYLE
105
81
330
4
100
AcDbSymbolTableRecord
100
AcDbDimStyleTableRecord
  2
EZ_M_5_H25_CM
 70
0
 40
1.0
 41
0.0125
 42
0.00625
 43
3.75
 44
0.018750000000000003
 45
0.0
 46
0.0
 47
0.0
 48
0.0
 49
2.5
140
0.0125
141
2.5
142
0.00625
143
0.03937007874
144
100.0
145
0.0
146
0.5
147
0.005000000000000001
148
0.0
 69
0
 70
0
 71
0
 72
0
 73
0
 74
0
 75
0
 76
0
 77
1
 78
12
 79
3
170
0
171
3
172
1
173
0
174
0
175
0
176
0
177
0
178
0
179
2
271
2
272
2
273
2
274
3
275
0
276
0
277
2
278
46
279
2
280
0
281
0
282
0
283
0
284
8
285
0
286
0
288
1
289
3
290
0
340
4C
371
-2
372
-2
  0
DIMSTYLE
105
82
330
4
100
AcDbSymbolTableRecord
100
AcDbDimStyleTableRecord
  2
EZ_M_1_H25_CM
 70
0
 40
1.0
 41
0.0025
 42
0.00125
 43
3.75
 44
0.00375
 45
0.0
 46
0.0
 47
0.0
 48
0.0
 49
2.5
140
0.0025
141
2.5
142
0.00125
143
0.03937007874
144
100.0
145
0.0
146
0.5
147
0.001
148
0.0
 69
0
 70
0
 71
0
 72
0
 73
0
 74
0
 75
0
 76
0
 77
1
 78
12
 79
3
170
0
171
3
172
1
173
0
174
0
175
0
176
0
177
0
178
0
179
2
271
2
272
2
273
2
274
3
275
0
276
0
277
2
278
46
279
2
280
0
281
0
282
0
283
0
284
8
285
0
286
0
288
1
289
3
290
0
340
4C
371
-2
372
-2
  0
DIMSTYLE
105
83
330
4
100
AcDbSymbolTableRecord
100
AcDbDimStyleTableRecord
  2
EZ_RADIUS
 70
0
 40
1.0
 41
0.25
 42
0.125
 43
3.75
 44
0.375
 45
0.0
 46
0.0
 47
0.0
 48
0.0
 49
2.5
140
0.25
141
0.0
142
0.0
143
0.03937007874
144
100.0
145
0.0
146
0.5
147
0.1
148
0.0
 69
0
 70
0
 71
0
 72
0
 73
0
 74
0
 75
0
 76
0
 77
1
 78
12
 79
3
170
0
171
3
172
0
173
0
174
0
175
0
176
0
177
0
178
0
179
2
271
2
272
2
273
2
274
3
275
0
276
0
277
2
278
46
279
1
280
0
281
0
282
0
283
0
284
8
285
0
286
0
288
1
289
3
290
0
340
4C
342
84
371
-2
372
-2
  0
DIMSTYLE
105
88
330
4
100
AcDbSymbolTableRecord
100
AcDbDimStyleTableRecord
  2
EZ_RADIUS_INSIDE
 70
0
 40
1.0
 41
0.25
 42
0.125
 43
3.75
 44
0.375
 45
0.0
 46
0.0
 47
0.0
 48
0.0
 49
2.5
140
0.25
141
0.0
142
0.0
143
0.03937007874
144
100.0
145
0.0
146
0.5
147
0.1
148
0.0
 69
0
 70
0
 71
0
 72
0
 73
0
 74
0
 75
0
 76
0
 77
0
 78
12
 79
3
170
0
171
3
172
0
173
0
174
1
175
0
176
0
177
0
178
0
179
2
271
2
272
2
273
2
274
3
275
0
276
0
277
2
278
46
279
0
280
0
281
0
282
0
283
0
284
8
285
0
286
0
288
1
289
0
290
0
340
4C
342
84
371
-2
372
-2
  0
DIMSTYLE
105
89
330
4
100
AcDbSymbolTableRecord
100
AcDbDimStyleTableRecord
  2
EZ_CURVED
 70
0
 40
1.0
 41
0.25
 42
0.125
 43
3.75
 44
0.375
 45
0.0
 46
0.0
 47
0.0
 48
0.0
 49
2.5
140
0.25
141
2.5
142
0.0
143
0.03937007874
144
100.0
145
0.0
146
0.5
147
0.1
148
0.0
 69
0
 70
0
 71
0
 72
0
 73
0
 74
0
 75
0
 76
0
 77
1
 78
12
 79
2
 90
2
170
0
171
3
172
1
173
0
174
0
175
0
176
0
177
0
178
0
179
2
271
2
272
2
273
2
274
3
275
0
276
0
277
2
278
46
279
2
280
0
281
0
282
0
283
0
284
8
285
0
286
0
288
1
289
3
290
0
340
4C
371
-2
372
-2
  0
ENDTAB
  0
TABLE
  2
BLOCK_RECORD
  5
9
330
0
100
AcDbSymbolTable
 70
5
  0
BLOCK_RECORD
  5
17
330
9
100
AcDbSymbolTableRecord
100
AcDbBlockTableRecord
  2
*Model_Space
340
1A
 70
0
280
1
281
0
  0
BLOCK_RECORD
  5
1B
330
9
100
AcDbSymbolTableRecord
100
AcDbBlockTableRecord
  2
*Paper_Space
340
1E
 70
0
280
1
281
0
  0
BLOCK_RECORD
  5
74
330
9
100
AcDbSymbolTableRecord
100
AcDbBlockTableRecord
  2
_ARCHTICK
340
0
 70
0
280
1
281
0
  0
BLOCK_RECORD
  5
78
330
9
100
AcDbSymbolTableRecord
100
AcDbBlockTableRecord
  2
_CLOSEDFILLED
340
0
 70
0
280
1
281
0
  0
BLOCK_RECORD
  5
84
330
9
100
AcDbSymbolTableRecord
100
AcDbBlockTableRecord
  2
_CLOSEDBLANK
340
0
 70
0
280
1
281
0
  0
ENDTAB
  0
ENDSEC
  0
SECTION
  2
BLOCKS
  0
BLOCK
  5
18
330
17
100
AcDbEntity
  8
0
100
AcDbBlockBegin
  2
*Model_Space
 70
0
 10
0.0
 20
0.0
 30
0.0
  3
*Model_Space
  1

  0
ENDBLK
  5
19
330
17
100
AcDbEntity
  8
0
100
AcDbBlockEnd
  0
BLOCK
  5
1C
330
1B
100
AcDbEntity
  8
0
100
AcDbBlockBegin
  2
*Paper_Space
 70
0
 10
0.0
 20
0.0
 30
0.0
  3
*Paper_Space
  1

  0
ENDBLK
  5
1D
330
1B
100
AcDbEntity
  8
0
100
AcDbBlockEnd
  0
BLOCK
  5
75
330
74
100
AcDbEntity
  8
0
100
AcDbBlockBegin
  2
_ARCHTICK
 70
0
 10
0.0
 20
0.0
 30
0.0
  3
_ARCHTICK
  1

  0
LWPOLYLINE
  5
77
330
74
100
AcDbEntity
  8
0
  6
BYBLOCK
 62
0
100
AcDbPolyline
 90
2
 70
0
 43
0.15
 10
-0.5
 20
-0.5
 10
0.5
 20
0.5
  0
ENDBLK
  5
76
330
74
100
AcDbEntity
  8
0
100
AcDbBlockEnd
  0
BLOCK
  5
79
330
78
100
AcDbEntity
  8
0
100
AcDbBlockBegin
  2
_CLOSEDFILLED
 70
0
 10
0.0
 20
0.0
 30
0.0
  3
_CLOSEDFILLED
  1

  0
SOLID
  5
7B
330
78
100
AcDbEntity
  8
0
  6
BYBLOCK
 62
0
100
AcDbTrace
 10
-1.0
 20
0.16439898372402537
 30
0.0
 11
0.0
 21
0.0
 31
0.0
 12
-1.0
 22
-0.16439898372402537
 32
0.0
 13
-1.0
 23
-0.16439898372402537
 33
0.0
  0
ENDBLK
  5
7A
330
78
100
AcDbEntity
  8
0
100
AcDbBlockEnd
  0
BLOCK
  5
85
330
84
100
AcDbEntity
  8
0
100
AcDbBlockBegin
  2
_CLOSEDBLANK
 70
0
 10
0.0
 20
0.0
 30
0.0
  3
_CLOSEDBLANK
  1

  0
LWPOLYLINE
  5
87
330
84
100
AcDbEntity
  8
0
  6
BYBLOCK
 62
0
100
AcDbPolyline
 90
3
 70
1
 10
-1.0
 20
0.16439898372402537
 10
0.0
 20
0.0
 10
-1.0
 20
-0.16439898372402537
  0
ENDBLK
  5
86
330
84
100
AcDbEntity
  8
0
100
AcDbBlockEnd
  0
ENDSEC
  0
SECTION
  2
ENTITIES
  0
LWPOLYLINE
  5
8C
330
17
100
AcDbEntity
  8
Partition plan
100
AcDbPolyline
 90
141
 70
0
 10
0.0
 20
1.3968503937007881
 10
0.43622047244095086
 20
1.9921259842519667
 10
0.9157480314960651
 20
2.619291338582677
 10
1.3779527559055111
 20
3.19527559055118
 10
1.8952755905511864
 20
3.791338582677165
 10
2.4255905511811093
 20
4.376377952755905
 10
2.935826771653552
 20
4.909842519685039
 10
3.501574803149609
 20
5.460629921259843
 10
4.078740157480318
 20
5.999606299212599
 10
4.633858267716533
 20
6.4862204724409445
 10
5.243307086614173
 20
6.988188976377952
 10
5.863385826771655
 20
7.476771653543307
 10
6.45866141732283
 20
7.913385826771653
 10
7.107874015748031
 20
8.36259842519685
 10
7.766535433070864
 20
8.797637795275591
 10
8.397637795275585
 20
9.180708661417322
 10
9.082283464566927
 20
9.574015748031496
 10
9.775196850393705
 20
9.953149606299212
 10
10.437007874015748
 20
10.279527559055119
 10
11.151968503937013
 20
10.614566929133858
 10
11.827559055118115
 20
10.911811023622047
 10
12.562204724409447
 20
11.201574803149606
 10
13.302755905511816
 20
11.475984251968503
 10
14.001574803149609
 20
11.712992125984252
 10
14.757480314960631
 20
11.94055118110236
 10
15.518503937007878
 20
12.151968503937008
 10
16.235433070866144
 20
12.32755905511811
 10
17.00787401574803
 20
12.491338582677164
 10
17.783464566929137
 20
12.638188976377952
 10
18.51299212598425
 20
12.750787401574803
 10
19.296456692913388
 20
12.849212598425197
 10
20.08188976377953
 20
12.931102362204724
 10
20.818503937007875
 20
12.979527559055118
 10
21.60708661417323
 20
13.012204724409449
 10
22.370866141732282
 20
13.028740157480314
 10
23.109055118110238
 20
13.028740157480314
 10
23.84724409448819
 20
13.028740157480314
 10
24.58543307086614
 20
13.028740157480314
 10
25.323622047244093
 20
13.028740157480314
 10
26.06181102362205
 20
13.028740157480314
 10
26.8
 20
13.028740157480314
 10
27.53779527559055
 20
13.028740157480314
 10
28.275984251968506
 20
13.028740157480314
 10
29.014173228346458
 20
13.028740157480314
 10
29.75236220472441
 20
13.028740157480314
 10
30.49055118110236
 20
13.028740157480314
 10
31.228740157480317
 20
13.028740157480314
 10
31.96692913385827
 20
13.028740157480314
 10
32.70511811023622
 20
13.028740157480314
 10
33.443307086614176
 20
13.028740157480314
 10
34.181496062992125
 20
13.028740157480314
 10
34.91968503937008
 20
13.028740157480314
 10
35.657874015748035
 20
13.028740157480314
 10
36.395669291338585
 20
13.028740157480314
 10
37.13385826771653
 20
13.028740157480314
 10
37.87204724409449
 20
13.028740157480314
 10
38.610236220472444
 20
13.028740157480314
 10
39.34842519685039
 20
13.028740157480314
 10
40.08661417322835
 20
13.028740157480314
 10
40.824803149606296
 20
13.028740157480314
 10
41.56299212598425
 20
13.028740157480314
 10
42.30118110236221
 20
13.028740157480314
 10
43.039370078740156
 20
13.028740157480314
 10
43.77755905511811
 20
13.028740157480314
 10
44.51574803149607
 20
13.028740157480314
 10
45.253543307086616
 20
13.028740157480314
 10
45.99173228346457
 20
13.028740157480314
 10
46.72992125984252
 20
13.028740157480314
 10
47.468110236220475
 20
13.028740157480314
 10
48.206299212598424
 20
13.028740157480314
 10
48.94448818897638
 20
13.028740157480314
 10
49.682677165354335
 20
13.028740157480314
 10
50.42086614173228
 20
13.028740157480314
 10
51.15905511811024
 20
13.028740157480314
 10
51.89724409448819
 20
13.028740157480314
 10
52.63543307086614
 20
13.028740157480314
 10
53.37322834645669
 20
13.028740157480314
 10
54.11141732283465
 20
13.028740157480314
 10
54.8496062992126
 20
13.028740157480314
 10
55.58779527559055
 20
13.028740157480314
 10
56.32598425196851
 20
13.028740157480314
 10
57.06417322834646
 20
13.028740157480314
 10
57.80236220472441
 20
13.028740157480314
 10
58.540551181102366
 20
13.028740157480314
 10
59.278740157480314
 20
13.028740157480314
 10
60.01692913385827
 20
13.028740157480314
 10
60.755118110236225
 20
13.028740157480314
 10
61.49330708661417
 20
13.028740157480314
 10
62.23110236220472
 20
13.028740157480314
 10
62.96929133858268
 20
13.028740157480314
 10
63.707480314960634
 20
13.028740157480314
 10
64.44566929133859
 20
13.028740157480314
 10
65.18385826771654
 20
13.028740157480314
 10
65.92204724409449
 20
13.028740157480314
 10
66.66023622047244
 20
13.028740157480314
 10
67.3984251968504
 20
13.028740157480314
 10
68.13661417322835
 20
13.028740157480314
 10
68.8748031496063
 20
13.028740157480314
 10
69.61299212598425
 20
13.028740157480314
 10
70.3511811023622
 20
13.028740157480314
 10
71.08897637795276
 20
13.028740157480314
 10
71.8271653543307
 20
13.028740157480314
 10
72.56535433070866
 20
13.028740157480314
 10
73.30354330708661
 20
13.028740157480314
 10
74.04173228346457
 20
13.028740157480314
 10
74.77992125984252
 20
13.028740157480314
 10
75.51811023622048
 20
13.028740157480314
 10
76.28188976377953
 20
13.012204724409449
 10
77.07047244094488
 20
12.979527559055118
 10
77.80708661417323
 20
12.931102362204724
 10
78.59251968503938
 20
12.849212598425197
 10
79.3759842519685
 20
12.750787401574803
 10
80.10551181102362
 20
12.638188976377952
 10
80.88110236220473
 20
12.491338582677164
 10
81.65354330708661
 20
12.32755905511811
 10
82.37047244094488
 20
12.151968503937008
 10
83.13149606299213
 20
11.94055118110236
 10
83.88740157480315
 20
11.712992125984252
 10
84.58622047244094
 20
11.475984251968503
 10
85.32677165354332
 20
11.201574803149606
 10
86.06141732283464
 20
10.911811023622047
 10
86.73700787401575
 20
10.614566929133858
 10
87.45196850393701
 20
10.279527559055119
 10
88.11377952755905
 20
9.953149606299212
 10
88.80669291338583
 20
9.574015748031496
 10
89.49133858267717
 20
9.180708661417322
 10
90.1224409448819
 20
8.797637795275591
 10
90.78110236220473
 20
8.36259842519685
 10
91.43031496062993
 20
7.913385826771653
 10
92.0255905511811
 20
7.476771653543307
 10
92.64566929133858
 20
6.988188976377952
 10
93.25511811023622
 20
6.4862204724409445
 10
93.81023622047243
 20
5.999606299212599
 10
94.38740157480315
 20
5.460629921259843
 10
94.9531496062992
 20
4.909842519685039
 10
95.46338582677166
 20
4.376377952755905
 10
95.99370078740156
 20
3.791338582677165
 10
96.51102362204725
 20
3.19527559055118
 10
96.9732283464567
 20
2.619291338582677
 10
97.45275590551181
 20
1.9921259842519667
 10
97.88897637795276
 20
1.3968503937007881
  0
LWPOLYLINE
  5
8D
330
17
100
AcDbEntity
  8
Partition plan
100
AcDbPolyline
 90
141
 70
0
 10
1.904724409448825
 20
0.0
 10
2.3413385826771673
 20
0.5952755905511804
 10
2.7578740157480297
 20
1.140944881889764
 10
3.2200787401574757
 20
1.7165354330708666
 10
3.6712598425196816
 20
2.233858267716535
 10
4.131889763779526
 20
2.742913385826771
 10
4.642519685039375
 20
3.2763779527559045
 10
5.135039370078744
 20
3.754330708661417
 10
5.636220472440947
 20
4.223622047244094
 10
6.191338582677162
 20
4.71023622047244
 10
6.7216535433070845
 20
5.145669291338582
 10
7.260236220472443
 20
5.571653543307086
 10
7.855511811023618
 20
6.008267716535433
 10
8.420078740157486
 20
6.398425196850393
 10
8.99212598425197
 20
6.778346456692914
 10
9.623228346456692
 20
7.161417322834645
 10
10.218503937007874
 20
7.503149606299212
 10
10.819685039370079
 20
7.834251968503937
 10
11.481889763779535
 20
8.161023622047244
 10
12.103543307086618
 20
8.452362204724409
 10
12.77913385826772
 20
8.749606299212598
 10
13.418503937007877
 20
9.0
 10
14.061811023622049
 20
9.238976377952756
 10
14.761023622047247
 20
9.476377952755906
 10
15.418503937007877
 20
9.67283464566929
 10
16.07992125984252
 20
9.857480314960629
 10
16.796850393700794
 20
10.033070866141731
 10
17.468503937007874
 20
10.174409448818897
 10
18.142913385826773
 20
10.303543307086613
 10
18.87244094488189
 20
10.415748031496063
 10
19.553543307086617
 20
10.501181102362205
 10
20.236220472440944
 20
10.574015748031496
 10
20.97283464566929
 20
10.62244094488189
 10
21.65866141732284
 20
10.650787401574803
 10
22.370866141732282
 20
10.666535433070866
 10
23.109055118110238
 20
10.666535433070866
 10
23.84724409448819
 20
10.666535433070866
 10
24.58543307086614
 20
10.666535433070866
 10
25.323622047244093
 20
10.666535433070866
 10
26.06181102362205
 20
10.666535433070866
 10
26.8
 20
10.666535433070866
 10
27.53779527559055
 20
10.666535433070866
 10
28.275984251968506
 20
10.666535433070866
 10
29.014173228346458
 20
10.666535433070866
 10
29.75236220472441
 20
10.666535433070866
 10
30.49055118110236
 20
10.666535433070866
 10
31.228740157480317
 20
10.666535433070866
 10
31.96692913385827
 20
10.666535433070866
 10
32.70511811023622
 20
10.666535433070866
 10
33.443307086614176
 20
10.666535433070866
 10
34.181496062992125
 20
10.666535433070866
 10
34.91968503937008
 20
10.666535433070866
 10
35.657874015748035
 20
10.666535433070866
 10
36.395669291338585
 20
10.666535433070866
 10
37.13385826771653
 20
10.666535433070866
 10
37.87204724409449
 20
10.666535433070866
 10
38.610236220472444
 20
10.666535433070866
 10
39.34842519685039
 20
10.666535433070866
 10
40.08661417322835
 20
10.666535433070866
 10
40.824803149606296
 20
10.666535433070866
 10
41.56299212598425
 20
10.666535433070866
 10
42.30118110236221
 20
10.666535433070866
 10
43.039370078740156
 20
10.666535433070866
 10
43.77755905511811
 20
10.666535433070866
 10
44.51574803149607
 20
10.666535433070866
 10
45.253543307086616
 20
10.666535433070866
 10
45.99173228346457
 20
10.666535433070866
 10
46.72992125984252
 20
10.666535433070866
 10
47.468110236220475
 20
10.666535433070866
 10
48.206299212598424
 20
10.666535433070866
 10
48.94448818897638
 20
10.666535433070866
 10
49.682677165354335
 20
10.666535433070866
 10
50.42086614173228
 20
10.666535433070866
 10
51.15905511811024
 20
10.666535433070866
 10
51.89724409448819
 20
10.666535433070866
 10
52.63543307086614
 20
10.666535433070866
 10
53.37322834645669
 20
10.666535433070866
 10
54.11141732283465
 20
10.666535433070866
 10
54.8496062992126
 20
10.666535433070866
 10
55.58779527559055
 20
10.666535433070866
 10
56.32598425196851
 20
10.666535433070866
 10
57.06417322834646
 20
10.666535433070866
 10
57.80236220472441
 20
10.666535433070866
 10
58.540551181102366
 20
10.666535433070866
 10
59.278740157480314
 20
10.666535433070866
 10
60.01692913385827
 20
10.666535433070866
 10
60.755118110236225
 20
10.666535433070866
 10
61.49330708661417
 20
10.666535433070866
 10
62.23110236220472
 20
10.666535433070866
 10
62.96929133858268
 20
10.666535433070866
 10
63.707480314960634
 20
10.666535433070866
 10
64.44566929133859
 20
10.666535433070866
 10
65.18385826771654
 20
10.666535433070866
 10
65.92204724409449
 20
10.666535433070866
 10
66.66023622047244
 20
10.666535433070866
 10
67.3984251968504
 20
10.666535433070866
 10
68.13661417322835
 20
10.666535433070866
 10
68.8748031496063
 20
10.666535433070866
 10
69.61299212598425
 20
10.666535433070866
 10
70.3511811023622
 20
10.666535433070866
 10
71.08897637795276
 20
10.666535433070866
 10
71.8271653543307
 20
10.666535433070866
 10
72.56535433070866
 20
10.666535433070866
 10
73.30354330708661
 20
10.666535433070866
 10
74.04173228346457
 20
10.666535433070866
 10
74.77992125984252
 20
10.666535433070866
 10
75.51811023622048
 20
10.666535433070866
 10
76.23031496062993
 20
10.650787401574803
 10
76.91614173228346
 20
10.62244094488189
 10
77.65275590551181
 20
10.574015748031496
 10
78.33543307086615
 20
10.501181102362205
 10
79.01653543307087
 20
10.415748031496063
 10
79.74606299212599
 20
10.303543307086613
 10
80.42047244094488
 20
10.174409448818897
 10
81.09212598425196
 20
10.033070866141731
 10
81.80905511811024
 20
9.857480314960629
 10
82.47047244094489
 20
9.67283464566929
 10
83.12795275590551
 20
9.476377952755906
 10
83.8271653543307
 20
9.238976377952756
 10
84.47047244094489
 20
9.0
 10
85.10984251968503
 20
8.749606299212598
 10
85.78543307086613
 20
8.452362204724409
 10
86.40708661417322
 20
8.161023622047244
 10
87.06929133858267
 20
7.834251968503937
 10
87.67047244094488
 20
7.503149606299212
 10
88.26574803149606
 20
7.161417322834645
 10
88.89685039370079
 20
6.778346456692914
 10
89.46889763779527
 20
6.398425196850393
 10
90.03346456692914
 20
6.008267716535433
 10
90.62874015748031
 20
5.571653543307086
 10
91.16732283464567
 20
5.145669291338582
 10
91.6976377952756
 20
4.71023622047244
 10
92.2527559055118
 20
4.223622047244094
 10
92.75393700787401
 20
3.754330708661417
 10
93.24645669291338
 20
3.2763779527559045
 10
93.75708661417323
 20
2.742913385826771
 10
94.21771653543308
 20
2.233858267716535
 10
94.66889763779528
 20
1.7165354330708666
 10
95.13110236220473
 20
1.140944881889764
 10
95.54763779527559
 20
0.5952755905511804
 10
95.98425196850394
 20
0.0
  0
LINE
  5
8E
330
17
100
AcDbEntity
  8
Partition plan
100
AcDbLine
 10
0.0
 20
1.3968503937007881
 30
0.0
 11
1.9047244094488232
 21
0.0
 31
0.0
  0
LINE
  5
8F
330
17
100
AcDbEntity
  8
Partition plan
100
AcDbLine
 10
97.88897637795276
 20
1.3968503937007881
 30
0.0
 11
95.98425196850394
 21
0.0
 31
0.0
  0
LINE
  5
90
330
17
100
AcDbEntity
  8
Partition plan
100
AcDbLine
 10
17.784251968503938
 20
12.638582677165353
 30
0.0
 11
18.143700787401574
 21
10.303937007874017
 31
0.0
  0
LINE
  5
91
330
17
100
AcDbEntity
  8
Partition plan
100
AcDbLine
 10
38.611811023622046
 20
13.028740157480316
 30
0.0
 11
38.611811023622046
 21
10.666535433070866
 31
0.0
  0
LINE
  5
92
330
17
100
AcDbEntity
  8
Partition plan
100
AcDbLine
 10
59.28110236220473
 20
13.028740157480316
 30
0.0
 11
59.28110236220473
 21
10.666535433070866
 31
0.0
  0
LINE
  5
93
330
17
100
AcDbEntity
  8
Partition plan
100
AcDbLine
 10
80.10866141732284
 20
12.637795275590552
 30
0.0
 11
79.7492125984252
 21
10.303149606299211
 31
0.0
  0
TEXT
  5
94
330
17
100
AcDbEntity
  8
LABELS
100
AcDbText
 10
0.0
 20
15.390944881889764
 30
0.0
 40
1.9577795275590553
  1
PARTITION PLAN  (1:1, inches)
 11
0.0
 21
15.390944881889764
 31
0.0
100
AcDbText
  0
LWPOLYLINE
  5
97
330
17
100
AcDbEntity
  8
Partition elevation
100
AcDbPolyline
 90
5
 70
0
 10
113.91090551181102
 20
109.01574803149606
 10
217.2565748031496
 20
109.01574803149606
 10
217.2565748031496
 20
0.0
 10
113.91090551181102
 20
0.0
 10
113.91090551181102
 20
109.01574803149606
  0
LINE
  5
98
330
17
100
AcDbEntity
  8
Partition elevation
100
AcDbLine
 10
116.58807086614173
 20
109.01574803149606
 30
0.0
 11
116.58807086614173
 21
0.0
 31
0.0
  0
LINE
  5
99
330
17
100
AcDbEntity
  8
Partition elevation
100
AcDbLine
 10
131.903031496063
 20
109.01574803149606
 30
0.0
 11
131.903031496063
 21
0.0
 31
0.0
  0
LINE
  5
9A
330
17
100
AcDbEntity
  8
Partition elevation
100
AcDbLine
 10
113.91090551181102
 20
97.20472440944881
 30
0.0
 11
134.5801968503937
 21
97.20472440944881
 31
0.0
  0
LINE
  5
9B
330
17
100
AcDbEntity
  8
Partition elevation
100
AcDbLine
 10
113.91090551181102
 20
107.35590551181103
 30
0.0
 11
134.5801968503937
 21
107.35590551181103
 31
0.0
  0
LINE
  5
9C
330
17
100
AcDbEntity
  8
Partition elevation
100
AcDbLine
 10
113.91090551181102
 20
99.88188976377953
 30
0.0
 11
134.5801968503937
 21
99.88188976377953
 31
0.0
  0
LINE
  5
9D
330
17
100
AcDbEntity
  8
Partition elevation
100
AcDbLine
 10
119.65106299212599
 20
109.01574803149606
 30
0.0
 11
119.65106299212599
 21
107.35590551181103
 31
0.0
  0
LINE
  5
9E
330
17
100
AcDbEntity
  8
Partition elevation
100
AcDbLine
 10
122.71405511811022
 20
109.01574803149606
 30
0.0
 11
122.71405511811022
 21
107.35590551181103
 31
0.0
  0
LINE
  5
9F
330
17
100
AcDbEntity
  8
Partition elevation
100
AcDbLine
 10
125.77704724409449
 20
109.01574803149606
 30
0.0
 11
125.77704724409449
 21
107.35590551181103
 31
0.0
  0
LINE
  5
A0
330
17
100
AcDbEntity
  8
Partition elevation
100
AcDbLine
 10
128.84003937007873
 20
109.01574803149606
 30
0.0
 11
128.84003937007873
 21
107.35590551181103
 31
0.0
  0
LINE
  5
A1
330
17
100
AcDbEntity
  8
Partition elevation
100
AcDbLine
 10
121.69318897637795
 20
107.35590551181103
 30
0.0
 11
121.69318897637795
 21
99.88188976377953
 31
0.0
  0
LINE
  5
A2
330
17
100
AcDbEntity
  8
Partition elevation
100
AcDbLine
 10
126.79791338582676
 20
107.35590551181103
 30
0.0
 11
126.79791338582676
 21
99.88188976377953
 31
0.0
  0
LINE
  5
A3
330
17
100
AcDbEntity
  8
Partition elevation
100
AcDbLine
 10
121.69318897637795
 20
99.88188976377953
 30
0.0
 11
121.69318897637795
 21
97.20472440944881
 31
0.0
  0
LINE
  5
A4
330
17
100
AcDbEntity
  8
Partition elevation
100
AcDbLine
 10
126.79791338582676
 20
99.88188976377953
 30
0.0
 11
126.79791338582676
 21
97.20472440944881
 31
0.0
  0
LWPOLYLINE
  5
A5
330
17
100
AcDbEntity
  8
Partition elevation
100
AcDbPolyline
 90
5
 70
0
 10
112.57232283464568
 20
99.88188976377953
 10
115.24948818897637
 20
99.88188976377953
 10
115.24948818897637
 20
97.20472440944881
 10
112.57232283464568
 20
97.20472440944881
 10
112.57232283464568
 20
99.88188976377953
  0
LINE
  5
A6
330
17
100
AcDbEntity
  8
Partition elevation
100
AcDbLine
 10
112.57232283464566
 20
99.88188976377953
 30
0.0
 11
115.24948818897637
 21
97.20472440944881
 31
0.0
  0
LINE
  5
A7
330
17
100
AcDbEntity
  8
Partition elevation
100
AcDbLine
 10
115.24948818897637
 20
99.88188976377953
 30
0.0
 11
112.57232283464566
 21
97.20472440944881
 31
0.0
  0
LWPOLYLINE
  5
A8
330
17
100
AcDbEntity
  8
Partition elevation
100
AcDbPolyline
 90
5
 70
0
 10
113.56287401574804
 20
98.89133858267716
 10
114.25893700787401
 20
98.89133858267716
 10
114.25893700787401
 20
98.19527559055118
 10
113.56287401574804
 20
98.19527559055118
 10
113.56287401574804
 20
98.89133858267716
  0
LWPOLYLINE
  5
A9
330
17
100
AcDbEntity
  8
Partition elevation
100
AcDbPolyline
 90
5
 70
0
 10
130.56444881889763
 20
99.88188976377953
 10
133.24161417322836
 20
99.88188976377953
 10
133.24161417322836
 20
97.20472440944881
 10
130.56444881889763
 20
97.20472440944881
 10
130.56444881889763
 20
99.88188976377953
  0
LINE
  5
AA
330
17
100
AcDbEntity
  8
Partition elevation
100
AcDbLine
 10
130.56444881889763
 20
99.88188976377953
 30
0.0
 11
133.24161417322836
 21
97.20472440944881
 31
0.0
  0
LINE
  5
AB
330
17
100
AcDbEntity
  8
Partition elevation
100
AcDbLine
 10
133.24161417322836
 20
99.88188976377953
 30
0.0
 11
130.56444881889763
 21
97.20472440944881
 31
0.0
  0
LWPOLYLINE
  5
AC
330
17
100
AcDbEntity
  8
Partition elevation
100
AcDbPolyline
 90
5
 70
0
 10
131.555
 20
98.89133858267716
 10
132.25106299212598
 20
98.89133858267716
 10
132.25106299212598
 20
98.19527559055118
 10
131.555
 20
98.19527559055118
 10
131.555
 20
98.89133858267716
  0
LINE
  5
AD
330
17
100
AcDbEntity
  8
Partition elevation
100
AcDbLine
 10
122.74948818897637
 20
97.20472440944881
 30
0.0
 11
122.74948818897637
 21
86.27440944881889
 31
0.0
  0
LINE
  5
AE
330
17
100
AcDbEntity
  8
Partition elevation
100
AcDbLine
 10
125.74161417322834
 20
97.20472440944881
 30
0.0
 11
125.74161417322834
 21
86.27440944881889
 31
0.0
  0
LINE
  5
AF
330
17
100
AcDbEntity
  8
Partition elevation
100
AcDbLine
 10
122.74948818897637
 20
86.27440944881889
 30
0.0
 11
125.74161417322834
 21
86.27440944881889
 31
0.0
  0
LINE
  5
B0
330
17
100
AcDbEntity
  8
Partition elevation
100
AcDbLine
 10
113.91090551181102
 20
11.811023622047244
 30
0.0
 11
134.5801968503937
 21
11.811023622047244
 31
0.0
  0
LINE
  5
B1
330
17
100
AcDbEntity
  8
Partition elevation
100
AcDbLine
 10
113.91090551181102
 20
1.6598425196850337
 30
0.0
 11
134.5801968503937
 21
1.6598425196850337
 31
0.0
  0
LINE
  5
B2
330
17
100
AcDbEntity
  8
Partition elevation
100
AcDbLine
 10
113.91090551181102
 20
9.133858267716535
 30
0.0
 11
134.5801968503937
 21
9.133858267716535
 31
0.0
  0
LINE
  5
B3
330
17
100
AcDbEntity
  8
Partition elevation
100
AcDbLine
 10
119.65106299212599
 20
0.0
 30
0.0
 11
119.65106299212599
 21
1.6598425196850337
 31
0.0
  0
LINE
  5
B4
330
17
100
AcDbEntity
  8
Partition elevation
100
AcDbLine
 10
122.71405511811022
 20
0.0
 30
0.0
 11
122.71405511811022
 21
1.6598425196850337
 31
0.0
  0
LINE
  5
B5
330
17
100
AcDbEntity
  8
Partition elevation
100
AcDbLine
 10
125.77704724409449
 20
0.0
 30
0.0
 11
125.77704724409449
 21
1.6598425196850337
 31
0.0
  0
LINE
  5
B6
330
17
100
AcDbEntity
  8
Partition elevation
100
AcDbLine
 10
128.84003937007873
 20
0.0
 30
0.0
 11
128.84003937007873
 21
1.6598425196850337
 31
0.0
  0
LINE
  5
B7
330
17
100
AcDbEntity
  8
Partition elevation
100
AcDbLine
 10
121.69318897637795
 20
1.6598425196850337
 30
0.0
 11
121.69318897637795
 21
9.133858267716535
 31
0.0
  0
LINE
  5
B8
330
17
100
AcDbEntity
  8
Partition elevation
100
AcDbLine
 10
126.79791338582676
 20
1.6598425196850337
 30
0.0
 11
126.79791338582676
 21
9.133858267716535
 31
0.0
  0
LINE
  5
B9
330
17
100
AcDbEntity
  8
Partition elevation
100
AcDbLine
 10
121.69318897637795
 20
9.133858267716535
 30
0.0
 11
121.69318897637795
 21
11.811023622047244
 31
0.0
  0
LINE
  5
BA
330
17
100
AcDbEntity
  8
Partition elevation
100
AcDbLine
 10
126.79791338582676
 20
9.133858267716535
 30
0.0
 11
126.79791338582676
 21
11.811023622047244
 31
0.0
  0
LWPOLYLINE
  5
BB
330
17
100
AcDbEntity
  8
Partition elevation
100
AcDbPolyline
 90
5
 70
0
 10
112.57232283464568
 20
11.811023622047244
 10
115.24948818897637
 20
11.811023622047244
 10
115.24948818897637
 20
9.133858267716533
 10
112.57232283464568
 20
9.133858267716533
 10
112.57232283464568
 20
11.811023622047244
  0
LINE
  5
BC
330
17
100
AcDbEntity
  8
Partition elevation
100
AcDbLine
 10
112.57232283464566
 20
11.811023622047244
 30
0.0
 11
115.24948818897637
 21
9.133858267716535
 31
0.0
  0
LINE
  5
BD
330
17
100
AcDbEntity
  8
Partition elevation
100
AcDbLine
 10
115.24948818897637
 20
11.811023622047244
 30
0.0
 11
112.57232283464566
 21
9.133858267716535
 31
0.0
  0
LWPOLYLINE
  5
BE
330
17
100
AcDbEntity
  8
Partition elevation
100
AcDbPolyline
 90
5
 70
0
 10
113.56287401574804
 20
10.820472440944883
 10
114.25893700787401
 20
10.820472440944883
 10
114.25893700787401
 20
10.12440944881891
 10
113.56287401574804
 20
10.12440944881891
 10
113.56287401574804
 20
10.820472440944883
  0
LWPOLYLINE
  5
BF
330
17
100
AcDbEntity
  8
Partition elevation
100
AcDbPolyline
 90
5
 70
0
 10
130.56444881889763
 20
11.811023622047244
 10
133.24161417322836
 20
11.811023622047244
 10
133.24161417322836
 20
9.133858267716533
 10
130.56444881889763
 20
9.133858267716533
 10
130.56444881889763
 20
11.811023622047244
  0
LINE
  5
C0
330
17
100
AcDbEntity
  8
Partition elevation
100
AcDbLine
 10
130.56444881889763
 20
11.811023622047244
 30
0.0
 11
133.24161417322836
 21
9.133858267716535
 31
0.0
  0
LINE
  5
C1
330
17
100
AcDbEntity
  8
Partition elevation
100
AcDbLine
 10
133.24161417322836
 20
11.811023622047244
 30
0.0
 11
130.56444881889763
 21
9.133858267716535
 31
0.0
  0
LWPOLYLINE
  5
C2
330
17
100
AcDbEntity
  8
Partition elevation
100
AcDbPolyline
 90
5
 70
0
 10
131.555
 20
10.820472440944883
 10
132.25106299212598
 20
10.820472440944883
 10
132.25106299212598
 20
10.12440944881891
 10
131.555
 20
10.12440944881891
 10
131.555
 20
10.820472440944883
  0
LINE
  5
C3
330
17
100
AcDbEntity
  8
Partition elevation
100
AcDbLine
 10
122.74948818897637
 20
11.811023622047244
 30
0.0
 11
122.74948818897637
 21
22.74133858267717
 31
0.0
  0
LINE
  5
C4
330
17
100
AcDbEntity
  8
Partition elevation
100
AcDbLine
 10
125.74161417322834
 20
11.811023622047244
 30
0.0
 11
125.74161417322834
 21
22.74133858267717
 31
0.0
  0
LINE
  5
C5
330
17
100
AcDbEntity
  8
Partition elevation
100
AcDbLine
 10
122.74948818897637
 20
22.74133858267717
 30
0.0
 11
125.74161417322834
 21
22.74133858267717
 31
0.0
  0
LWPOLYLINE
  5
C6
330
17
100
AcDbEntity
  8
Partition elevation
100
AcDbPolyline
 90
5
 70
0
 10
112.57232283464568
 20
77.19488188976378
 10
115.24948818897637
 20
77.19488188976378
 10
115.24948818897637
 20
74.51771653543307
 10
112.57232283464568
 20
74.51771653543307
 10
112.57232283464568
 20
77.19488188976378
  0
LINE
  5
C7
330
17
100
AcDbEntity
  8
Partition elevation
100
AcDbLine
 10
112.57232283464566
 20
77.19488188976378
 30
0.0
 11
115.24948818897637
 21
74.51771653543307
 31
0.0
  0
LINE
  5
C8
330
17
100
AcDbEntity
  8
Partition elevation
100
AcDbLine
 10
115.24948818897637
 20
77.19488188976378
 30
0.0
 11
112.57232283464566
 21
74.51771653543307
 31
0.0
  0
LWPOLYLINE
  5
C9
330
17
100
AcDbEntity
  8
Partition elevation
100
AcDbPolyline
 90
5
 70
0
 10
113.56287401574804
 20
76.20433070866142
 10
114.25893700787401
 20
76.20433070866142
 10
114.25893700787401
 20
75.50826771653544
 10
113.56287401574804
 20
75.50826771653544
 10
113.56287401574804
 20
76.20433070866142
  0
LWPOLYLINE
  5
CA
330
17
100
AcDbEntity
  8
Partition elevation
100
AcDbPolyline
 90
5
 70
0
 10
130.56444881889763
 20
77.19488188976378
 10
133.24161417322836
 20
77.19488188976378
 10
133.24161417322836
 20
74.51771653543307
 10
130.56444881889763
 20
74.51771653543307
 10
130.56444881889763
 20
77.19488188976378
  0
LINE
  5
CB
330
17
100
AcDbEntity
  8
Partition elevation
100
AcDbLine
 10
130.56444881889763
 20
77.19488188976378
 30
0.0
 11
133.24161417322836
 21
74.51771653543307
 31
0.0
  0
LINE
  5
CC
330
17
100
AcDbEntity
  8
Partition elevation
100
AcDbLine
 10
133.24161417322836
 20
77.19488188976378
 30
0.0
 11
130.56444881889763
 21
74.51771653543307
 31
0.0
  0
LWPOLYLINE
  5
CD
330
17
100
AcDbEntity
  8
Partition elevation
100
AcDbPolyline
 90
5
 70
0
 10
131.555
 20
76.20433070866142
 10
132.25106299212598
 20
76.20433070866142
 10
132.25106299212598
 20
75.50826771653544
 10
131.555
 20
75.50826771653544
 10
131.555
 20
76.20433070866142
  0
LWPOLYLINE
  5
CE
330
17
100
AcDbEntity
  8
Partition elevation
100
AcDbPolyline
 90
5
 70
0
 10
112.57232283464568
 20
55.846456692913385
 10
115.24948818897637
 20
55.846456692913385
 10
115.24948818897637
 20
53.169291338582674
 10
112.57232283464568
 20
53.169291338582674
 10
112.57232283464568
 20
55.846456692913385
  0
LINE
  5
CF
330
17
100
AcDbEntity
  8
Partition elevation
100
AcDbLine
 10
112.57232283464566
 20
55.846456692913385
 30
0.0
 11
115.24948818897637
 21
53.169291338582674
 31
0.0
  0
LINE
  5
D0
330
17
100
AcDbEntity
  8
Partition elevation
100
AcDbLine
 10
115.24948818897637
 20
55.846456692913385
 30
0.0
 11
112.57232283464566
 21
53.169291338582674
 31
0.0
  0
LWPOLYLINE
  5
D1
330
17
100
AcDbEntity
  8
Partition elevation
100
AcDbPolyline
 90
5
 70
0
 10
113.56287401574804
 20
54.85590551181102
 10
114.25893700787401
 20
54.85590551181102
 10
114.25893700787401
 20
54.15984251968503
 10
113.56287401574804
 20
54.15984251968503
 10
113.56287401574804
 20
54.85590551181102
  0
LWPOLYLINE
  5
D2
330
17
100
AcDbEntity
  8
Partition elevation
100
AcDbPolyline
 90
5
 70
0
 10
130.56444881889763
 20
55.846456692913385
 10
133.24161417322836
 20
55.846456692913385
 10
133.24161417322836
 20
53.169291338582674
 10
130.56444881889763
 20
53.169291338582674
 10
130.56444881889763
 20
55.846456692913385
  0
LINE
  5
D3
330
17
100
AcDbEntity
  8
Partition elevation
100
AcDbLine
 10
130.56444881889763
 20
55.846456692913385
 30
0.0
 11
133.24161417322836
 21
53.169291338582674
 31
0.0
  0
LINE
  5
D4
330
17
100
AcDbEntity
  8
Partition elevation
100
AcDbLine
 10
133.24161417322836
 20
55.846456692913385
 30
0.0
 11
130.56444881889763
 21
53.169291338582674
 31
0.0
  0
LWPOLYLINE
  5
D5
330
17
100
AcDbEntity
  8
Partition elevation
100
AcDbPolyline
 90
5
 70
0
 10
131.555
 20
54.85590551181102
 10
132.25106299212598
 20
54.85590551181102
 10
132.25106299212598
 20
54.15984251968503
 10
131.555
 20
54.15984251968503
 10
131.555
 20
54.85590551181102
  0
LWPOLYLINE
  5
D6
330
17
100
AcDbEntity
  8
Partition elevation
100
AcDbPolyline
 90
5
 70
0
 10
112.57232283464568
 20
34.49803149606299
 10
115.24948818897637
 20
34.49803149606299
 10
115.24948818897637
 20
31.82086614173228
 10
112.57232283464568
 20
31.82086614173228
 10
112.57232283464568
 20
34.49803149606299
  0
LINE
  5
D7
330
17
100
AcDbEntity
  8
Partition elevation
100
AcDbLine
 10
112.57232283464566
 20
34.49803149606299
 30
0.0
 11
115.24948818897637
 21
31.82086614173228
 31
0.0
  0
LINE
  5
D8
330
17
100
AcDbEntity
  8
Partition elevation
100
AcDbLine
 10
115.24948818897637
 20
34.49803149606299
 30
0.0
 11
112.57232283464566
 21
31.82086614173228
 31
0.0
  0
LWPOLYLINE
  5
D9
330
17
100
AcDbEntity
  8
Partition elevation
100
AcDbPolyline
 90
5
 70
0
 10
113.56287401574804
 20
33.50748031496063
 10
114.25893700787401
 20
33.50748031496063
 10
114.25893700787401
 20
32.81141732283464
 10
113.56287401574804
 20
32.81141732283464
 10
113.56287401574804
 20
33.50748031496063
  0
LWPOLYLINE
  5
DA
330
17
100
AcDbEntity
  8
Partition elevation
100
AcDbPolyline
 90
5
 70
0
 10
130.56444881889763
 20
34.49803149606299
 10
133.24161417322836
 20
34.49803149606299
 10
133.24161417322836
 20
31.82086614173228
 10
130.56444881889763
 20
31.82086614173228
 10
130.56444881889763
 20
34.49803149606299
  0
LINE
  5
DB
330
17
100
AcDbEntity
  8
Partition elevation
100
AcDbLine
 10
130.56444881889763
 20
34.49803149606299
 30
0.0
 11
133.24161417322836
 21
31.82086614173228
 31
0.0
  0
LINE
  5
DC
330
17
100
AcDbEntity
  8
Partition elevation
100
AcDbLine
 10
133.24161417322836
 20
34.49803149606299
 30
0.0
 11
130.56444881889763
 21
31.82086614173228
 31
0.0
  0
LWPOLYLINE
  5
DD
330
17
100
AcDbEntity
  8
Partition elevation
100
AcDbPolyline
 90
5
 70
0
 10
131.555
 20
33.50748031496063
 10
132.25106299212598
 20
33.50748031496063
 10
132.25106299212598
 20
32.81141732283464
 10
131.555
 20
32.81141732283464
 10
131.555
 20
33.50748031496063
  0
LINE
  5
DE
330
17
100
AcDbEntity
  8
Partition elevation
100
AcDbLine
 10
137.25736220472442
 20
109.01574803149606
 30
0.0
 11
137.25736220472442
 21
0.0
 31
0.0
  0
LINE
  5
DF
330
17
100
AcDbEntity
  8
Partition elevation
100
AcDbLine
 10
152.57192913385828
 20
109.01574803149606
 30
0.0
 11
152.57192913385828
 21
0.0
 31
0.0
  0
LINE
  5
E0
330
17
100
AcDbEntity
  8
Partition elevation
100
AcDbLine
 10
134.5801968503937
 20
97.20472440944881
 30
0.0
 11
155.24909448818897
 21
97.20472440944881
 31
0.0
  0
LINE
  5
E1
330
17
100
AcDbEntity
  8
Partition elevation
100
AcDbLine
 10
134.5801968503937
 20
107.35590551181103
 30
0.0
 11
155.24909448818897
 21
107.35590551181103
 31
0.0
  0
LINE
  5
E2
330
17
100
AcDbEntity
  8
Partition elevation
100
AcDbLine
 10
134.5801968503937
 20
99.88188976377953
 30
0.0
 11
155.24909448818897
 21
99.88188976377953
 31
0.0
  0
LINE
  5
E3
330
17
100
AcDbEntity
  8
Partition elevation
100
AcDbLine
 10
140.32035433070865
 20
109.01574803149606
 30
0.0
 11
140.32035433070865
 21
107.35590551181103
 31
0.0
  0
LINE
  5
E4
330
17
100
AcDbEntity
  8
Partition elevation
100
AcDbLine
 10
143.38334645669292
 20
109.01574803149606
 30
0.0
 11
143.38334645669292
 21
107.35590551181103
 31
0.0
  0
LINE
  5
E5
330
17
100
AcDbEntity
  8
Partition elevation
100
AcDbLine
 10
146.44594488188974
 20
109.01574803149606
 30
0.0
 11
146.44594488188974
 21
107.35590551181103
 31
0.0
  0
LINE
  5
E6
330
17
100
AcDbEntity
  8
Partition elevation
100
AcDbLine
 10
149.508937007874
 20
109.01574803149606
 30
0.0
 11
149.508937007874
 21
107.35590551181103
 31
0.0
  0
LINE
  5
E7
330
17
100
AcDbEntity
  8
Partition elevation
100
AcDbLine
 10
142.36208661417322
 20
107.35590551181103
 30
0.0
 11
142.36208661417322
 21
99.88188976377953
 31
0.0
  0
LINE
  5
E8
330
17
100
AcDbEntity
  8
Partition elevation
100
AcDbLine
 10
147.46720472440944
 20
107.35590551181103
 30
0.0
 11
147.46720472440944
 21
99.88188976377953
 31
0.0
  0
LINE
  5
E9
330
17
100
AcDbEntity
  8
Partition elevation
100
AcDbLine
 10
142.36208661417322
 20
99.88188976377953
 30
0.0
 11
142.36208661417322
 21
97.20472440944881
 31
0.0
  0
LINE
  5
EA
330
17
100
AcDbEntity
  8
Partition elevation
100
AcDbLine
 10
147.46720472440944
 20
99.88188976377953
 30
0.0
 11
147.46720472440944
 21
97.20472440944881
 31
0.0
  0
LWPOLYLINE
  5
EB
330
17
100
AcDbEntity
  8
Partition elevation
100
AcDbPolyline
 90
5
 70
0
 10
133.24161417322836
 20
99.88188976377953
 10
135.91877952755905
 20
99.88188976377953
 10
135.91877952755905
 20
97.20472440944881
 10
133.24161417322836
 20
97.20472440944881
 10
133.24161417322836
 20
99.88188976377953
  0
LINE
  5
EC
330
17
100
AcDbEntity
  8
Partition elevation
100
AcDbLine
 10
133.24161417322836
 20
99.88188976377953
 30
0.0
 11
135.91877952755905
 21
97.20472440944881
 31
0.0
  0
LINE
  5
ED
330
17
100
AcDbEntity
  8
Partition elevation
100
AcDbLine
 10
135.91877952755905
 20
99.88188976377953
 30
0.0
 11
133.24161417322836
 21
97.20472440944881
 31
0.0
  0
LWPOLYLINE
  5
EE
330
17
100
AcDbEntity
  8
Partition elevation
100
AcDbPolyline
 90
5
 70
0
 10
134.2321653543307
 20
98.89133858267716
 10
134.92822834645668
 20
98.89133858267716
 10
134.92822834645668
 20
98.19527559055118
 10
134.2321653543307
 20
98.19527559055118
 10
134.2321653543307
 20
98.89133858267716
  0
LWPOLYLINE
  5
EF
330
17
100
AcDbEntity
  8
Partition elevation
100
AcDbPolyline
 90
5
 70
0
 10
151.2333464566929
 20
99.88188976377953
 10
153.91051181102364
 20
99.88188976377953
 10
153.91051181102364
 20
97.20472440944881
 10
151.2333464566929
 20
97.20472440944881
 10
151.2333464566929
 20
99.88188976377953
  0
LINE
  5
F0
330
17
100
AcDbEntity
  8
Partition elevation
100
AcDbLine
 10
151.2333464566929
 20
99.88188976377953
 30
0.0
 11
153.91051181102364
 21
97.20472440944881
 31
0.0
  0
LINE
  5
F1
330
17
100
AcDbEntity
  8
Partition elevation
100
AcDbLine
 10
153.91051181102364
 20
99.88188976377953
 30
0.0
 11
151.2333464566929
 21
97.20472440944881
 31
0.0
  0
LWPOLYLINE
  5
F2
330
17
100
AcDbEntity
  8
Partition elevation
100
AcDbPolyline
 90
5
 70
0
 10
152.2238976377953
 20
98.89133858267716
 10
152.91996062992126
 20
98.89133858267716
 10
152.91996062992126
 20
98.19527559055118
 10
152.2238976377953
 20
98.19527559055118
 10
152.2238976377953
 20
98.89133858267716
  0
LINE
  5
F3
330
17
100
AcDbEntity
  8
Partition elevation
100
AcDbLine
 10
143.41838582677167
 20
97.20472440944881
 30
0.0
 11
143.41838582677167
 21
86.27440944881889
 31
0.0
  0
LINE
  5
F4
330
17
100
AcDbEntity
  8
Partition elevation
100
AcDbLine
 10
146.41051181102364
 20
97.20472440944881
 30
0.0
 11
146.41051181102364
 21
86.27440944881889
 31
0.0
  0
LINE
  5
F5
330
17
100
AcDbEntity
  8
Partition elevation
100
AcDbLine
 10
143.41838582677167
 20
86.27440944881889
 30
0.0
 11
146.41051181102364
 21
86.27440944881889
 31
0.0
  0
LINE
  5
F6
330
17
100
AcDbEntity
  8
Partition elevation
100
AcDbLine
 10
134.5801968503937
 20
11.811023622047244
 30
0.0
 11
155.24909448818897
 21
11.811023622047244
 31
0.0
  0
LINE
  5
F7
330
17
100
AcDbEntity
  8
Partition elevation
100
AcDbLine
 10
134.5801968503937
 20
1.6598425196850337
 30
0.0
 11
155.24909448818897
 21
1.6598425196850337
 31
0.0
  0
LINE
  5
F8
330
17
100
AcDbEntity
  8
Partition elevation
100
AcDbLine
 10
134.5801968503937
 20
9.133858267716535
 30
0.0
 11
155.24909448818897
 21
9.133858267716535
 31
0.0
  0
LINE
  5
F9
330
17
100
AcDbEntity
  8
Partition elevation
100
AcDbLine
 10
140.32035433070865
 20
0.0
 30
0.0
 11
140.32035433070865
 21
1.6598425196850337
 31
0.0
  0
LINE
  5
FA
330
17
100
AcDbEntity
  8
Partition elevation
100
AcDbLine
 10
143.38334645669292
 20
0.0
 30
0.0
 11
143.38334645669292
 21
1.6598425196850337
 31
0.0
  0
LINE
  5
FB
330
17
100
AcDbEntity
  8
Partition elevation
100
AcDbLine
 10
146.44594488188974
 20
0.0
 30
0.0
 11
146.44594488188974
 21
1.6598425196850337
 31
0.0
  0
LINE
  5
FC
330
17
100
AcDbEntity
  8
Partition elevation
100
AcDbLine
 10
149.508937007874
 20
0.0
 30
0.0
 11
149.508937007874
 21
1.6598425196850337
 31
0.0
  0
LINE
  5
FD
330
17
100
AcDbEntity
  8
Partition elevation
100
AcDbLine
 10
142.36208661417322
 20
1.6598425196850337
 30
0.0
 11
142.36208661417322
 21
9.133858267716535
 31
0.0
  0
LINE
  5
FE
330
17
100
AcDbEntity
  8
Partition elevation
100
AcDbLine
 10
147.46720472440944
 20
1.6598425196850337
 30
0.0
 11
147.46720472440944
 21
9.133858267716535
 31
0.0
  0
LINE
  5
FF
330
17
100
AcDbEntity
  8
Partition elevation
100
AcDbLine
 10
142.36208661417322
 20
9.133858267716535
 30
0.0
 11
142.36208661417322
 21
11.811023622047244
 31
0.0
  0
LINE
  5
100
330
17
100
AcDbEntity
  8
Partition elevation
100
AcDbLine
 10
147.46720472440944
 20
9.133858267716535
 30
0.0
 11
147.46720472440944
 21
11.811023622047244
 31
0.0
  0
LWPOLYLINE
  5
101
330
17
100
AcDbEntity
  8
Partition elevation
100
AcDbPolyline
 90
5
 70
0
 10
133.24161417322836
 20
11.811023622047244
 10
135.91877952755905
 20
11.811023622047244
 10
135.91877952755905
 20
9.133858267716533
 10
133.24161417322836
 20
9.133858267716533
 10
133.24161417322836
 20
11.811023622047244
  0
LINE
  5
102
330
17
100
AcDbEntity
  8
Partition elevation
100
AcDbLine
 10
133.24161417322836
 20
11.811023622047244
 30
0.0
 11
135.91877952755905
 21
9.133858267716535
 31
0.0
  0
LINE
  5
103
330
17
100
AcDbEntity
  8
Partition elevation
100
AcDbLine
 10
135.91877952755905
 20
11.811023622047244
 30
0.0
 11
133.24161417322836
 21
9.133858267716535
 31
0.0
  0
LWPOLYLINE
  5
104
330
17
100
AcDbEntity
  8
Partition elevation
100
AcDbPolyline
 90
5
 70
0
 10
134.2321653543307
 20
10.820472440944883
 10
134.92822834645668
 20
10.820472440944883
 10
134.92822834645668
 20
10.12440944881891
 10
134.2321653543307
 20
10.12440944881891
 10
134.2321653543307
 20
10.820472440944883
  0
LWPOLYLINE
  5
105
330
17
100
AcDbEntity
  8
Partition elevation
100
AcDbPolyline
 90
5
 70
0
 10
151.2333464566929
 20
11.811023622047244
 10
153.91051181102364
 20
11.811023622047244
 10
153.91051181102364
 20
9.133858267716533
 10
151.2333464566929
 20
9.133858267716533
 10
151.2333464566929
 20
11.811023622047244
  0
LINE
  5
106
330
17
100
AcDbEntity
  8
Partition elevation
100
AcDbLine
 10
151.2333464566929
 20
11.811023622047244
 30
0.0
 11
153.91051181102364
 21
9.133858267716535
 31
0.0
  0
LINE
  5
107
330
17
100
AcDbEntity
  8
Partition elevation
100
AcDbLine
 10
153.91051181102364
 20
11.811023622047244
 30
0.0
 11
151.2333464566929
 21
9.133858267716535
 31
0.0
  0
LWPOLYLINE
  5
108
330
17
100
AcDbEntity
  8
Partition elevation
100
AcDbPolyline
 90
5
 70
0
 10
152.2238976377953
 20
10.820472440944883
 10
152.91996062992126
 20
10.820472440944883
 10
152.91996062992126
 20
10.12440944881891
 10
152.2238976377953
 20
10.12440944881891
 10
152.2238976377953
 20
10.820472440944883
  0
LINE
  5
109
330
17
100
AcDbEntity
  8
Partition elevation
100
AcDbLine
 10
143.41838582677167
 20
11.811023622047244
 30
0.0
 11
143.41838582677167
 21
22.74133858267717
 31
0.0
  0
LINE
  5
10A
330
17
100
AcDbEntity
  8
Partition elevation
100
AcDbLine
 10
146.41051181102364
 20
11.811023622047244
 30
0.0
 11
146.41051181102364
 21
22.74133858267717
 31
0.0
  0
LINE
  5
10B
330
17
100
AcDbEntity
  8
Partition elevation
100
AcDbLine
 10
143.41838582677167
 20
22.74133858267717
 30
0.0
 11
146.41051181102364
 21
22.74133858267717
 31
0.0
  0
LWPOLYLINE
  5
10C
330
17
100
AcDbEntity
  8
Partition elevation
100
AcDbPolyline
 90
5
 70
0
 10
133.24161417322836
 20
77.19488188976378
 10
135.91877952755905
 20
77.19488188976378
 10
135.91877952755905
 20
74.51771653543307
 10
133.24161417322836
 20
74.51771653543307
 10
133.24161417322836
 20
77.19488188976378
  0
LINE
  5
10D
330
17
100
AcDbEntity
  8
Partition elevation
100
AcDbLine
 10
133.24161417322836
 20
77.19488188976378
 30
0.0
 11
135.91877952755905
 21
74.51771653543307
 31
0.0
  0
LINE
  5
10E
330
17
100
AcDbEntity
  8
Partition elevation
100
AcDbLine
 10
135.91877952755905
 20
77.19488188976378
 30
0.0
 11
133.24161417322836
 21
74.51771653543307
 31
0.0
  0
LWPOLYLINE
  5
10F
330
17
100
AcDbEntity
  8
Partition elevation
100
AcDbPolyline
 90
5
 70
0
 10
134.2321653543307
 20
76.20433070866142
 10
134.92822834645668
 20
76.20433070866142
 10
134.92822834645668
 20
75.50826771653544
 10
134.2321653543307
 20
75.50826771653544
 10
134.2321653543307
 20
76.20433070866142
  0
LWPOLYLINE
  5
110
330
17
100
AcDbEntity
  8
Partition elevation
100
AcDbPolyline
 90
5
 70
0
 10
151.2333464566929
 20
77.19488188976378
 10
153.91051181102364
 20
77.19488188976378
 10
153.91051181102364
 20
74.51771653543307
 10
151.2333464566929
 20
74.51771653543307
 10
151.2333464566929
 20
77.19488188976378
  0
LINE
  5
111
330
17
100
AcDbEntity
  8
Partition elevation
100
AcDbLine
 10
151.2333464566929
 20
77.19488188976378
 30
0.0
 11
153.91051181102364
 21
74.51771653543307
 31
0.0
  0
LINE
  5
112
330
17
100
AcDbEntity
  8
Partition elevation
100
AcDbLine
 10
153.91051181102364
 20
77.19488188976378
 30
0.0
 11
151.2333464566929
 21
74.51771653543307
 31
0.0
  0
LWPOLYLINE
  5
113
330
17
100
AcDbEntity
  8
Partition elevation
100
AcDbPolyline
 90
5
 70
0
 10
152.2238976377953
 20
76.20433070866142
 10
152.91996062992126
 20
76.20433070866142
 10
152.91996062992126
 20
75.50826771653544
 10
152.2238976377953
 20
75.50826771653544
 10
152.2238976377953
 20
76.20433070866142
  0
LWPOLYLINE
  5
114
330
17
100
AcDbEntity
  8
Partition elevation
100
AcDbPolyline
 90
5
 70
0
 10
133.24161417322836
 20
55.846456692913385
 10
135.91877952755905
 20
55.846456692913385
 10
135.91877952755905
 20
53.169291338582674
 10
133.24161417322836
 20
53.169291338582674
 10
133.24161417322836
 20
55.846456692913385
  0
LINE
  5
115
330
17
100
AcDbEntity
  8
Partition elevation
100
AcDbLine
 10
133.24161417322836
 20
55.846456692913385
 30
0.0
 11
135.91877952755905
 21
53.169291338582674
 31
0.0
  0
LINE
  5
116
330
17
100
AcDbEntity
  8
Partition elevation
100
AcDbLine
 10
135.91877952755905
 20
55.846456692913385
 30
0.0
 11
133.24161417322836
 21
53.169291338582674
 31
0.0
  0
LWPOLYLINE
  5
117
330
17
100
AcDbEntity
  8
Partition elevation
100
AcDbPolyline
 90
5
 70
0
 10
134.2321653543307
 20
54.85590551181102
 10
134.92822834645668
 20
54.85590551181102
 10
134.92822834645668
 20
54.15984251968503
 10
134.2321653543307
 20
54.15984251968503
 10
134.2321653543307
 20
54.85590551181102
  0
LWPOLYLINE
  5
118
330
17
100
AcDbEntity
  8
Partition elevation
100
AcDbPolyline
 90
5
 70
0
 10
151.2333464566929
 20
55.846456692913385
 10
153.91051181102364
 20
55.846456692913385
 10
153.91051181102364
 20
53.169291338582674
 10
151.2333464566929
 20
53.169291338582674
 10
151.2333464566929
 20
55.846456692913385
  0
LINE
  5
119
330
17
100
AcDbEntity
  8
Partition elevation
100
AcDbLine
 10
151.2333464566929
 20
55.846456692913385
 30
0.0
 11
153.91051181102364
 21
53.169291338582674
 31
0.0
  0
LINE
  5
11A
330
17
100
AcDbEntity
  8
Partition elevation
100
AcDbLine
 10
153.91051181102364
 20
55.846456692913385
 30
0.0
 11
151.2333464566929
 21
53.169291338582674
 31
0.0
  0
LWPOLYLINE
  5
11B
330
17
100
AcDbEntity
  8
Partition elevation
100
AcDbPolyline
 90
5
 70
0
 10
152.2238976377953
 20
54.85590551181102
 10
152.91996062992126
 20
54.85590551181102
 10
152.91996062992126
 20
54.15984251968503
 10
152.2238976377953
 20
54.15984251968503
 10
152.2238976377953
 20
54.85590551181102
  0
LWPOLYLINE
  5
11C
330
17
100
AcDbEntity
  8
Partition elevation
100
AcDbPolyline
 90
5
 70
0
 10
133.24161417322836
 20
34.49803149606299
 10
135.91877952755905
 20
34.49803149606299
 10
135.91877952755905
 20
31.82086614173228
 10
133.24161417322836
 20
31.82086614173228
 10
133.24161417322836
 20
34.49803149606299
  0
LINE
  5
11D
330
17
100
AcDbEntity
  8
Partition elevation
100
AcDbLine
 10
133.24161417322836
 20
34.49803149606299
 30
0.0
 11
135.91877952755905
 21
31.82086614173228
 31
0.0
  0
LINE
  5
11E
330
17
100
AcDbEntity
  8
Partition elevation
100
AcDbLine
 10
135.91877952755905
 20
34.49803149606299
 30
0.0
 11
133.24161417322836
 21
31.82086614173228
 31
0.0
  0
LWPOLYLINE
  5
11F
330
17
100
AcDbEntity
  8
Partition elevation
100
AcDbPolyline
 90
5
 70
0
 10
134.2321653543307
 20
33.50748031496063
 10
134.92822834645668
 20
33.50748031496063
 10
134.92822834645668
 20
32.81141732283464
 10
134.2321653543307
 20
32.81141732283464
 10
134.2321653543307
 20
33.50748031496063
  0
LWPOLYLINE
  5
120
330
17
100
AcDbEntity
  8
Partition elevation
100
AcDbPolyline
 90
5
 70
0
 10
151.2333464566929
 20
34.49803149606299
 10
153.91051181102364
 20
34.49803149606299
 10
153.91051181102364
 20
31.82086614173228
 10
151.2333464566929
 20
31.82086614173228
 10
151.2333464566929
 20
34.49803149606299
  0
LINE
  5
121
330
17
100
AcDbEntity
  8
Partition elevation
100
AcDbLine
 10
151.2333464566929
 20
34.49803149606299
 30
0.0
 11
153.91051181102364
 21
31.82086614173228
 31
0.0
  0
LINE
  5
122
330
17
100
AcDbEntity
  8
Partition elevation
100
AcDbLine
 10
153.91051181102364
 20
34.49803149606299
 30
0.0
 11
151.2333464566929
 21
31.82086614173228
 31
0.0
  0
LWPOLYLINE
  5
123
330
17
100
AcDbEntity
  8
Partition elevation
100
AcDbPolyline
 90
5
 70
0
 10
152.2238976377953
 20
33.50748031496063
 10
152.91996062992126
 20
33.50748031496063
 10
152.91996062992126
 20
32.81141732283464
 10
152.2238976377953
 20
32.81141732283464
 10
152.2238976377953
 20
33.50748031496063
  0
LINE
  5
124
330
17
100
AcDbEntity
  8
Partition elevation
100
AcDbLine
 10
157.9262598425197
 20
109.01574803149606
 30
0.0
 11
157.9262598425197
 21
0.0
 31
0.0
  0
LINE
  5
125
330
17
100
AcDbEntity
  8
Partition elevation
100
AcDbLine
 10
173.24122047244094
 20
109.01574803149606
 30
0.0
 11
173.24122047244094
 21
0.0
 31
0.0
  0
LINE
  5
126
330
17
100
AcDbEntity
  8
Partition elevation
100
AcDbLine
 10
155.24909448818897
 20
97.20472440944881
 30
0.0
 11
175.91838582677167
 21
97.20472440944881
 31
0.0
  0
LINE
  5
127
330
17
100
AcDbEntity
  8
Partition elevation
100
AcDbLine
 10
155.24909448818897
 20
107.35590551181103
 30
0.0
 11
175.91838582677167
 21
107.35590551181103
 31
0.0
  0
LINE
  5
128
330
17
100
AcDbEntity
  8
Partition elevation
100
AcDbLine
 10
155.24909448818897
 20
99.88188976377953
 30
0.0
 11
175.91838582677167
 21
99.88188976377953
 31
0.0
  0
LINE
  5
129
330
17
100
AcDbEntity
  8
Partition elevation
100
AcDbLine
 10
160.98925196850394
 20
109.01574803149606
 30
0.0
 11
160.98925196850394
 21
107.35590551181103
 31
0.0
  0
LINE
  5
12A
330
17
100
AcDbEntity
  8
Partition elevation
100
AcDbLine
 10
164.05224409448817
 20
109.01574803149606
 30
0.0
 11
164.05224409448817
 21
107.35590551181103
 31
0.0
  0
LINE
  5
12B
330
17
100
AcDbEntity
  8
Partition elevation
100
AcDbLine
 10
167.11523622047244
 20
109.01574803149606
 30
0.0
 11
167.11523622047244
 21
107.35590551181103
 31
0.0
  0
LINE
  5
12C
330
17
100
AcDbEntity
  8
Partition elevation
100
AcDbLine
 10
170.1782283464567
 20
109.01574803149606
 30
0.0
 11
170.1782283464567
 21
107.35590551181103
 31
0.0
  0
LINE
  5
12D
330
17
100
AcDbEntity
  8
Partition elevation
100
AcDbLine
 10
163.03137795275592
 20
107.35590551181103
 30
0.0
 11
163.03137795275592
 21
99.88188976377953
 31
0.0
  0
LINE
  5
12E
330
17
100
AcDbEntity
  8
Partition elevation
100
AcDbLine
 10
168.13610236220472
 20
107.35590551181103
 30
0.0
 11
168.13610236220472
 21
99.88188976377953
 31
0.0
  0
LINE
  5
12F
330
17
100
AcDbEntity
  8
Partition elevation
100
AcDbLine
 10
163.03137795275592
 20
99.88188976377953
 30
0.0
 11
163.03137795275592
 21
97.20472440944881
 31
0.0
  0
LINE
  5
130
330
17
100
AcDbEntity
  8
Partition elevation
100
AcDbLine
 10
168.13610236220472
 20
99.88188976377953
 30
0.0
 11
168.13610236220472
 21
97.20472440944881
 31
0.0
  0
LWPOLYLINE
  5
131
330
17
100
AcDbEntity
  8
Partition elevation
100
AcDbPolyline
 90
5
 70
0
 10
153.91051181102364
 20
99.88188976377953
 10
156.58767716535434
 20
99.88188976377953
 10
156.58767716535434
 20
97.20472440944881
 10
153.91051181102364
 20
97.20472440944881
 10
153.91051181102364
 20
99.88188976377953
  0
LINE
  5
132
330
17
100
AcDbEntity
  8
Partition elevation
100
AcDbLine
 10
153.91051181102364
 20
99.88188976377953
 30
0.0
 11
156.58767716535434
 21
97.20472440944881
 31
0.0
  0
LINE
  5
133
330
17
100
AcDbEntity
  8
Partition elevation
100
AcDbLine
 10
156.58767716535434
 20
99.88188976377953
 30
0.0
 11
153.91051181102364
 21
97.20472440944881
 31
0.0
  0
LWPOLYLINE
  5
134
330
17
100
AcDbEntity
  8
Partition elevation
100
AcDbPolyline
 90
5
 70
0
 10
154.901062992126
 20
98.89133858267716
 10
155.597125984252
 20
98.89133858267716
 10
155.597125984252
 20
98.19527559055118
 10
154.901062992126
 20
98.19527559055118
 10
154.901062992126
 20
98.89133858267716
  0
LWPOLYLINE
  5
135
330
17
100
AcDbEntity
  8
Partition elevation
100
AcDbPolyline
 90
5
 70
0
 10
171.90263779527558
 20
99.88188976377953
 10
174.5798031496063
 20
99.88188976377953
 10
174.5798031496063
 20
97.20472440944881
 10
171.90263779527558
 20
97.20472440944881
 10
171.90263779527558
 20
99.88188976377953
  0
LINE
  5
136
330
17
100
AcDbEntity
  8
Partition elevation
100
AcDbLine
 10
171.9026377952756
 20
99.88188976377953
 30
0.0
 11
174.5798031496063
 21
97.20472440944881
 31
0.0
  0
LINE
  5
137
330
17
100
AcDbEntity
  8
Partition elevation
100
AcDbLine
 10
174.5798031496063
 20
99.88188976377953
 30
0.0
 11
171.9026377952756
 21
97.20472440944881
 31
0.0
  0
LWPOLYLINE
  5
138
330
17
100
AcDbEntity
  8
Partition elevation
100
AcDbPolyline
 90
5
 70
0
 10
172.89318897637796
 20
98.89133858267716
 10
173.58925196850396
 20
98.89133858267716
 10
173.58925196850396
 20
98.19527559055118
 10
172.89318897637796
 20
98.19527559055118
 10
172.89318897637796
 20
98.89133858267716
  0
LINE
  5
139
330
17
100
AcDbEntity
  8
Partition elevation
100
AcDbLine
 10
164.08767716535434
 20
97.20472440944881
 30
0.0
 11
164.08767716535434
 21
86.27440944881889
 31
0.0
  0
LINE
  5
13A
330
17
100
AcDbEntity
  8
Partition elevation
100
AcDbLine
 10
167.0798031496063
 20
97.20472440944881
 30
0.0
 11
167.0798031496063
 21
86.27440944881889
 31
0.0
  0
LINE
  5
13B
330
17
100
AcDbEntity
  8
Partition elevation
100
AcDbLine
 10
164.08767716535434
 20
86.27440944881889
 30
0.0
 11
167.0798031496063
 21
86.27440944881889
 31
0.0
  0
LINE
  5
13C
330
17
100
AcDbEntity
  8
Partition elevation
100
AcDbLine
 10
155.24909448818897
 20
11.811023622047244
 30
0.0
 11
175.91838582677167
 21
11.811023622047244
 31
0.0
  0
LINE
  5
13D
330
17
100
AcDbEntity
  8
Partition elevation
100
AcDbLine
 10
155.24909448818897
 20
1.6598425196850337
 30
0.0
 11
175.91838582677167
 21
1.6598425196850337
 31
0.0
  0
LINE
  5
13E
330
17
100
AcDbEntity
  8
Partition elevation
100
AcDbLine
 10
155.24909448818897
 20
9.133858267716535
 30
0.0
 11
175.91838582677167
 21
9.133858267716535
 31
0.0
  0
LINE
  5
13F
330
17
100
AcDbEntity
  8
Partition elevation
100
AcDbLine
 10
160.98925196850394
 20
0.0
 30
0.0
 11
160.98925196850394
 21
1.6598425196850337
 31
0.0
  0
LINE
  5
140
330
17
100
AcDbEntity
  8
Partition elevation
100
AcDbLine
 10
164.05224409448817
 20
0.0
 30
0.0
 11
164.05224409448817
 21
1.6598425196850337
 31
0.0
  0
LINE
  5
141
330
17
100
AcDbEntity
  8
Partition elevation
100
AcDbLine
 10
167.11523622047244
 20
0.0
 30
0.0
 11
167.11523622047244
 21
1.6598425196850337
 31
0.0
  0
LINE
  5
142
330
17
100
AcDbEntity
  8
Partition elevation
100
AcDbLine
 10
170.1782283464567
 20
0.0
 30
0.0
 11
170.1782283464567
 21
1.6598425196850337
 31
0.0
  0
LINE
  5
143
330
17
100
AcDbEntity
  8
Partition elevation
100
AcDbLine
 10
163.03137795275592
 20
1.6598425196850337
 30
0.0
 11
163.03137795275592
 21
9.133858267716535
 31
0.0
  0
LINE
  5
144
330
17
100
AcDbEntity
  8
Partition elevation
100
AcDbLine
 10
168.13610236220472
 20
1.6598425196850337
 30
0.0
 11
168.13610236220472
 21
9.133858267716535
 31
0.0
  0
LINE
  5
145
330
17
100
AcDbEntity
  8
Partition elevation
100
AcDbLine
 10
163.03137795275592
 20
9.133858267716535
 30
0.0
 11
163.03137795275592
 21
11.811023622047244
 31
0.0
  0
LINE
  5
146
330
17
100
AcDbEntity
  8
Partition elevation
100
AcDbLine
 10
168.13610236220472
 20
9.133858267716535
 30
0.0
 11
168.13610236220472
 21
11.811023622047244
 31
0.0
  0
LWPOLYLINE
  5
147
330
17
100
AcDbEntity
  8
Partition elevation
100
AcDbPolyline
 90
5
 70
0
 10
153.91051181102364
 20
11.811023622047244
 10
156.58767716535434
 20
11.811023622047244
 10
156.58767716535434
 20
9.133858267716533
 10
153.91051181102364
 20
9.133858267716533
 10
153.91051181102364
 20
11.811023622047244
  0
LINE
  5
148
330
17
100
AcDbEntity
  8
Partition elevation
100
AcDbLine
 10
153.91051181102364
 20
11.811023622047244
 30
0.0
 11
156.58767716535434
 21
9.133858267716535
 31
0.0
  0
LINE
  5
149
330
17
100
AcDbEntity
  8
Partition elevation
100
AcDbLine
 10
156.58767716535434
 20
11.811023622047244
 30
0.0
 11
153.91051181102364
 21
9.133858267716535
 31
0.0
  0
LWPOLYLINE
  5
14A
330
17
100
AcDbEntity
  8
Partition elevation
100
AcDbPolyline
 90
5
 70
0
 10
154.901062992126
 20
10.820472440944883
 10
155.597125984252
 20
10.820472440944883
 10
155.597125984252
 20
10.12440944881891
 10
154.901062992126
 20
10.12440944881891
 10
154.901062992126
 20
10.820472440944883
  0
LWPOLYLINE
  5
14B
330
17
100
AcDbEntity
  8
Partition elevation
100
AcDbPolyline
 90
5
 70
0
 10
171.90263779527558
 20
11.811023622047244
 10
174.5798031496063
 20
11.811023622047244
 10
174.5798031496063
 20
9.133858267716533
 10
171.90263779527558
 20
9.133858267716533
 10
171.90263779527558
 20
11.811023622047244
  0
LINE
  5
14C
330
17
100
AcDbEntity
  8
Partition elevation
100
AcDbLine
 10
171.9026377952756
 20
11.811023622047244
 30
0.0
 11
174.5798031496063
 21
9.133858267716535
 31
0.0
  0
LINE
  5
14D
330
17
100
AcDbEntity
  8
Partition elevation
100
AcDbLine
 10
174.5798031496063
 20
11.811023622047244
 30
0.0
 11
171.9026377952756
 21
9.133858267716535
 31
0.0
  0
LWPOLYLINE
  5
14E
330
17
100
AcDbEntity
  8
Partition elevation
100
AcDbPolyline
 90
5
 70
0
 10
172.89318897637796
 20
10.820472440944883
 10
173.58925196850396
 20
10.820472440944883
 10
173.58925196850396
 20
10.12440944881891
 10
172.89318897637796
 20
10.12440944881891
 10
172.89318897637796
 20
10.820472440944883
  0
LINE
  5
14F
330
17
100
AcDbEntity
  8
Partition elevation
100
AcDbLine
 10
164.08767716535434
 20
11.811023622047244
 30
0.0
 11
164.08767716535434
 21
22.74133858267717
 31
0.0
  0
LINE
  5
150
330
17
100
AcDbEntity
  8
Partition elevation
100
AcDbLine
 10
167.0798031496063
 20
11.811023622047244
 30
0.0
 11
167.0798031496063
 21
22.74133858267717
 31
0.0
  0
LINE
  5
151
330
17
100
AcDbEntity
  8
Partition elevation
100
AcDbLine
 10
164.08767716535434
 20
22.74133858267717
 30
0.0
 11
167.0798031496063
 21
22.74133858267717
 31
0.0
  0
LWPOLYLINE
  5
152
330
17
100
AcDbEntity
  8
Partition elevation
100
AcDbPolyline
 90
5
 70
0
 10
153.91051181102364
 20
77.19488188976378
 10
156.58767716535434
 20
77.19488188976378
 10
156.58767716535434
 20
74.51771653543307
 10
153.91051181102364
 20
74.51771653543307
 10
153.91051181102364
 20
77.19488188976378
  0
LINE
  5
153
330
17
100
AcDbEntity
  8
Partition elevation
100
AcDbLine
 10
153.91051181102364
 20
77.19488188976378
 30
0.0
 11
156.58767716535434
 21
74.51771653543307
 31
0.0
  0
LINE
  5
154
330
17
100
AcDbEntity
  8
Partition elevation
100
AcDbLine
 10
156.58767716535434
 20
77.19488188976378
 30
0.0
 11
153.91051181102364
 21
74.51771653543307
 31
0.0
  0
LWPOLYLINE
  5
155
330
17
100
AcDbEntity
  8
Partition elevation
100
AcDbPolyline
 90
5
 70
0
 10
154.901062992126
 20
76.20433070866142
 10
155.597125984252
 20
76.20433070866142
 10
155.597125984252
 20
75.50826771653544
 10
154.901062992126
 20
75.50826771653544
 10
154.901062992126
 20
76.20433070866142
  0
LWPOLYLINE
  5
156
330
17
100
AcDbEntity
  8
Partition elevation
100
AcDbPolyline
 90
5
 70
0
 10
171.90263779527558
 20
77.19488188976378
 10
174.5798031496063
 20
77.19488188976378
 10
174.5798031496063
 20
74.51771653543307
 10
171.90263779527558
 20
74.51771653543307
 10
171.90263779527558
 20
77.19488188976378
  0
LINE
  5
157
330
17
100
AcDbEntity
  8
Partition elevation
100
AcDbLine
 10
171.9026377952756
 20
77.19488188976378
 30
0.0
 11
174.5798031496063
 21
74.51771653543307
 31
0.0
  0
LINE
  5
158
330
17
100
AcDbEntity
  8
Partition elevation
100
AcDbLine
 10
174.5798031496063
 20
77.19488188976378
 30
0.0
 11
171.9026377952756
 21
74.51771653543307
 31
0.0
  0
LWPOLYLINE
  5
159
330
17
100
AcDbEntity
  8
Partition elevation
100
AcDbPolyline
 90
5
 70
0
 10
172.89318897637796
 20
76.20433070866142
 10
173.58925196850396
 20
76.20433070866142
 10
173.58925196850396
 20
75.50826771653544
 10
172.89318897637796
 20
75.50826771653544
 10
172.89318897637796
 20
76.20433070866142
  0
LWPOLYLINE
  5
15A
330
17
100
AcDbEntity
  8
Partition elevation
100
AcDbPolyline
 90
5
 70
0
 10
153.91051181102364
 20
55.846456692913385
 10
156.58767716535434
 20
55.846456692913385
 10
156.58767716535434
 20
53.169291338582674
 10
153.91051181102364
 20
53.169291338582674
 10
153.91051181102364
 20
55.846456692913385
  0
LINE
  5
15B
330
17
100
AcDbEntity
  8
Partition elevation
100
AcDbLine
 10
153.91051181102364
 20
55.846456692913385
 30
0.0
 11
156.58767716535434
 21
53.169291338582674
 31
0.0
  0
LINE
  5
15C
330
17
100
AcDbEntity
  8
Partition elevation
100
AcDbLine
 10
156.58767716535434
 20
55.846456692913385
 30
0.0
 11
153.91051181102364
 21
53.169291338582674
 31
0.0
  0
LWPOLYLINE
  5
15D
330
17
100
AcDbEntity
  8
Partition elevation
100
AcDbPolyline
 90
5
 70
0
 10
154.901062992126
 20
54.85590551181102
 10
155.597125984252
 20
54.85590551181102
 10
155.597125984252
 20
54.15984251968503
 10
154.901062992126
 20
54.15984251968503
 10
154.901062992126
 20
54.85590551181102
  0
LWPOLYLINE
  5
15E
330
17
100
AcDbEntity
  8
Partition elevation
100
AcDbPolyline
 90
5
 70
0
 10
171.90263779527558
 20
55.846456692913385
 10
174.5798031496063
 20
55.846456692913385
 10
174.5798031496063
 20
53.169291338582674
 10
171.90263779527558
 20
53.169291338582674
 10
171.90263779527558
 20
55.846456692913385
  0
LINE
  5
15F
330
17
100
AcDbEntity
  8
Partition elevation
100
AcDbLine
 10
171.9026377952756
 20
55.846456692913385
 30
0.0
 11
174.5798031496063
 21
53.169291338582674
 31
0.0
  0
LINE
  5
160
330
17
100
AcDbEntity
  8
Partition elevation
100
AcDbLine
 10
174.5798031496063
 20
55.846456692913385
 30
0.0
 11
171.9026377952756
 21
53.169291338582674
 31
0.0
  0
LWPOLYLINE
  5
161
330
17
100
AcDbEntity
  8
Partition elevation
100
AcDbPolyline
 90
5
 70
0
 10
172.89318897637796
 20
54.85590551181102
 10
173.58925196850396
 20
54.85590551181102
 10
173.58925196850396
 20
54.15984251968503
 10
172.89318897637796
 20
54.15984251968503
 10
172.89318897637796
 20
54.85590551181102
  0
LWPOLYLINE
  5
162
330
17
100
AcDbEntity
  8
Partition elevation
100
AcDbPolyline
 90
5
 70
0
 10
153.91051181102364
 20
34.49803149606299
 10
156.58767716535434
 20
34.49803149606299
 10
156.58767716535434
 20
31.82086614173228
 10
153.91051181102364
 20
31.82086614173228
 10
153.91051181102364
 20
34.49803149606299
  0
LINE
  5
163
330
17
100
AcDbEntity
  8
Partition elevation
100
AcDbLine
 10
153.91051181102364
 20
34.49803149606299
 30
0.0
 11
156.58767716535434
 21
31.82086614173228
 31
0.0
  0
LINE
  5
164
330
17
100
AcDbEntity
  8
Partition elevation
100
AcDbLine
 10
156.58767716535434
 20
34.49803149606299
 30
0.0
 11
153.91051181102364
 21
31.82086614173228
 31
0.0
  0
LWPOLYLINE
  5
165
330
17
100
AcDbEntity
  8
Partition elevation
100
AcDbPolyline
 90
5
 70
0
 10
154.901062992126
 20
33.50748031496063
 10
155.597125984252
 20
33.50748031496063
 10
155.597125984252
 20
32.81141732283464
 10
154.901062992126
 20
32.81141732283464
 10
154.901062992126
 20
33.50748031496063
  0
LWPOLYLINE
  5
166
330
17
100
AcDbEntity
  8
Partition elevation
100
AcDbPolyline
 90
5
 70
0
 10
171.90263779527558
 20
34.49803149606299
 10
174.5798031496063
 20
34.49803149606299
 10
174.5798031496063
 20
31.82086614173228
 10
171.90263779527558
 20
31.82086614173228
 10
171.90263779527558
 20
34.49803149606299
  0
LINE
  5
167
330
17
100
AcDbEntity
  8
Partition elevation
100
AcDbLine
 10
171.9026377952756
 20
34.49803149606299
 30
0.0
 11
174.5798031496063
 21
31.82086614173228
 31
0.0
  0
LINE
  5
168
330
17
100
AcDbEntity
  8
Partition elevation
100
AcDbLine
 10
174.5798031496063
 20
34.49803149606299
 30
0.0
 11
171.9026377952756
 21
31.82086614173228
 31
0.0
  0
LWPOLYLINE
  5
169
330
17
100
AcDbEntity
  8
Partition elevation
100
AcDbPolyline
 90
5
 70
0
 10
172.89318897637796
 20
33.50748031496063
 10
173.58925196850396
 20
33.50748031496063
 10
173.58925196850396
 20
32.81141732283464
 10
172.89318897637796
 20
32.81141732283464
 10
172.89318897637796
 20
33.50748031496063
  0
LINE
  5
16A
330
17
100
AcDbEntity
  8
Partition elevation
100
AcDbLine
 10
178.59555118110237
 20
109.01574803149606
 30
0.0
 11
178.59555118110237
 21
0.0
 31
0.0
  0
LINE
  5
16B
330
17
100
AcDbEntity
  8
Partition elevation
100
AcDbLine
 10
193.91051181102364
 20
109.01574803149606
 30
0.0
 11
193.91051181102364
 21
0.0
 31
0.0
  0
LINE
  5
16C
330
17
100
AcDbEntity
  8
Partition elevation
100
AcDbLine
 10
175.91838582677167
 20
97.20472440944881
 30
0.0
 11
196.5876771653543
 21
97.20472440944881
 31
0.0
  0
LINE
  5
16D
330
17
100
AcDbEntity
  8
Partition elevation
100
AcDbLine
 10
175.91838582677167
 20
107.35590551181103
 30
0.0
 11
196.5876771653543
 21
107.35590551181103
 31
0.0
  0
LINE
  5
16E
330
17
100
AcDbEntity
  8
Partition elevation
100
AcDbLine
 10
175.91838582677167
 20
99.88188976377953
 30
0.0
 11
196.5876771653543
 21
99.88188976377953
 31
0.0
  0
LINE
  5
16F
330
17
100
AcDbEntity
  8
Partition elevation
100
AcDbLine
 10
181.65854330708663
 20
109.01574803149606
 30
0.0
 11
181.65854330708663
 21
107.35590551181103
 31
0.0
  0
LINE
  5
170
330
17
100
AcDbEntity
  8
Partition elevation
100
AcDbLine
 10
184.72153543307084
 20
109.01574803149606
 30
0.0
 11
184.72153543307084
 21
107.35590551181103
 31
0.0
  0
LINE
  5
171
330
17
100
AcDbEntity
  8
Partition elevation
100
AcDbLine
 10
187.7845275590551
 20
109.01574803149606
 30
0.0
 11
187.7845275590551
 21
107.35590551181103
 31
0.0
  0
LINE
  5
172
330
17
100
AcDbEntity
  8
Partition elevation
100
AcDbLine
 10
190.84751968503937
 20
109.01574803149606
 30
0.0
 11
190.84751968503937
 21
107.35590551181103
 31
0.0
  0
LINE
  5
173
330
17
100
AcDbEntity
  8
Partition elevation
100
AcDbLine
 10
183.70066929133858
 20
107.35590551181103
 30
0.0
 11
183.70066929133858
 21
99.88188976377953
 31
0.0
  0
LINE
  5
174
330
17
100
AcDbEntity
  8
Partition elevation
100
AcDbLine
 10
188.8053937007874
 20
107.35590551181103
 30
0.0
 11
188.8053937007874
 21
99.88188976377953
 31
0.0
  0
LINE
  5
175
330
17
100
AcDbEntity
  8
Partition elevation
100
AcDbLine
 10
183.70066929133858
 20
99.88188976377953
 30
0.0
 11
183.70066929133858
 21
97.20472440944881
 31
0.0
  0
LINE
  5
176
330
17
100
AcDbEntity
  8
Partition elevation
100
AcDbLine
 10
188.8053937007874
 20
99.88188976377953
 30
0.0
 11
188.8053937007874
 21
97.20472440944881
 31
0.0
  0
LWPOLYLINE
  5
177
330
17
100
AcDbEntity
  8
Partition elevation
100
AcDbPolyline
 90
5
 70
0
 10
174.5798031496063
 20
99.88188976377953
 10
177.256968503937
 20
99.88188976377953
 10
177.256968503937
 20
97.20472440944881
 10
174.5798031496063
 20
97.20472440944881
 10
174.5798031496063
 20
99.88188976377953
  0
LINE
  5
178
330
17
100
AcDbEntity
  8
Partition elevation
100
AcDbLine
 10
174.5798031496063
 20
99.88188976377953
 30
0.0
 11
177.256968503937
 21
97.20472440944881
 31
0.0
  0
LINE
  5
179
330
17
100
AcDbEntity
  8
Partition elevation
100
AcDbLine
 10
177.256968503937
 20
99.88188976377953
 30
0.0
 11
174.5798031496063
 21
97.20472440944881
 31
0.0
  0
LWPOLYLINE
  5
17A
330
17
100
AcDbEntity
  8
Partition elevation
100
AcDbPolyline
 90
5
 70
0
 10
175.57035433070865
 20
98.89133858267716
 10
176.26641732283466
 20
98.89133858267716
 10
176.26641732283466
 20
98.19527559055118
 10
175.57035433070865
 20
98.19527559055118
 10
175.57035433070865
 20
98.89133858267716
  0
LWPOLYLINE
  5
17B
330
17
100
AcDbEntity
  8
Partition elevation
100
AcDbPolyline
 90
5
 70
0
 10
192.57192913385825
 20
99.88188976377953
 10
195.24909448818897
 20
99.88188976377953
 10
195.24909448818897
 20
97.20472440944881
 10
192.57192913385825
 20
97.20472440944881
 10
192.57192913385825
 20
99.88188976377953
  0
LINE
  5
17C
330
17
100
AcDbEntity
  8
Partition elevation
100
AcDbLine
 10
192.57192913385828
 20
99.88188976377953
 30
0.0
 11
195.24909448818894
 21
97.20472440944881
 31
0.0
  0
LINE
  5
17D
330
17
100
AcDbEntity
  8
Partition elevation
100
AcDbLine
 10
195.24909448818894
 20
99.88188976377953
 30
0.0
 11
192.57192913385828
 21
97.20472440944881
 31
0.0
  0
LWPOLYLINE
  5
17E
330
17
100
AcDbEntity
  8
Partition elevation
100
AcDbPolyline
 90
5
 70
0
 10
193.56248031496062
 20
98.89133858267716
 10
194.25854330708663
 20
98.89133858267716
 10
194.25854330708663
 20
98.19527559055118
 10
193.56248031496062
 20
98.19527559055118
 10
193.56248031496062
 20
98.89133858267716
  0
LINE
  5
17F
330
17
100
AcDbEntity
  8
Partition elevation
100
AcDbLine
 10
184.756968503937
 20
97.20472440944881
 30
0.0
 11
184.756968503937
 21
86.27440944881889
 31
0.0
  0
LINE
  5
180
330
17
100
AcDbEntity
  8
Partition elevation
100
AcDbLine
 10
187.74909448818897
 20
97.20472440944881
 30
0.0
 11
187.74909448818897
 21
86.27440944881889
 31
0.0
  0
LINE
  5
181
330
17
100
AcDbEntity
  8
Partition elevation
100
AcDbLine
 10
184.756968503937
 20
86.27440944881889
 30
0.0
 11
187.74909448818897
 21
86.27440944881889
 31
0.0
  0
LINE
  5
182
330
17
100
AcDbEntity
  8
Partition elevation
100
AcDbLine
 10
175.91838582677167
 20
11.811023622047244
 30
0.0
 11
196.5876771653543
 21
11.811023622047244
 31
0.0
  0
LINE
  5
183
330
17
100
AcDbEntity
  8
Partition elevation
100
AcDbLine
 10
175.91838582677167
 20
1.6598425196850337
 30
0.0
 11
196.5876771653543
 21
1.6598425196850337
 31
0.0
  0
LINE
  5
184
330
17
100
AcDbEntity
  8
Partition elevation
100
AcDbLine
 10
175.91838582677167
 20
9.133858267716535
 30
0.0
 11
196.5876771653543
 21
9.133858267716535
 31
0.0
  0
LINE
  5
185
330
17
100
AcDbEntity
  8
Partition elevation
100
AcDbLine
 10
181.65854330708663
 20
0.0
 30
0.0
 11
181.65854330708663
 21
1.6598425196850337
 31
0.0
  0
LINE
  5
186
330
17
100
AcDbEntity
  8
Partition elevation
100
AcDbLine
 10
184.72153543307084
 20
0.0
 30
0.0
 11
184.72153543307084
 21
1.6598425196850337
 31
0.0
  0
LINE
  5
187
330
17
100
AcDbEntity
  8
Partition elevation
100
AcDbLine
 10
187.7845275590551
 20
0.0
 30
0.0
 11
187.7845275590551
 21
1.6598425196850337
 31
0.0
  0
LINE
  5
188
330
17
100
AcDbEntity
  8
Partition elevation
100
AcDbLine
 10
190.84751968503937
 20
0.0
 30
0.0
 11
190.84751968503937
 21
1.6598425196850337
 31
0.0
  0
LINE
  5
189
330
17
100
AcDbEntity
  8
Partition elevation
100
AcDbLine
 10
183.70066929133858
 20
1.6598425196850337
 30
0.0
 11
183.70066929133858
 21
9.133858267716535
 31
0.0
  0
LINE
  5
18A
330
17
100
AcDbEntity
  8
Partition elevation
100
AcDbLine
 10
188.8053937007874
 20
1.6598425196850337
 30
0.0
 11
188.8053937007874
 21
9.133858267716535
 31
0.0
  0
LINE
  5
18B
330
17
100
AcDbEntity
  8
Partition elevation
100
AcDbLine
 10
183.70066929133858
 20
9.133858267716535
 30
0.0
 11
183.70066929133858
 21
11.811023622047244
 31
0.0
  0
LINE
  5
18C
330
17
100
AcDbEntity
  8
Partition elevation
100
AcDbLine
 10
188.8053937007874
 20
9.133858267716535
 30
0.0
 11
188.8053937007874
 21
11.811023622047244
 31
0.0
  0
LWPOLYLINE
  5
18D
330
17
100
AcDbEntity
  8
Partition elevation
100
AcDbPolyline
 90
5
 70
0
 10
174.5798031496063
 20
11.811023622047244
 10
177.256968503937
 20
11.811023622047244
 10
177.256968503937
 20
9.133858267716533
 10
174.5798031496063
 20
9.133858267716533
 10
174.5798031496063
 20
11.811023622047244
  0
LINE
  5
18E
330
17
100
AcDbEntity
  8
Partition elevation
100
AcDbLine
 10
174.5798031496063
 20
11.811023622047244
 30
0.0
 11
177.256968503937
 21
9.133858267716535
 31
0.0
  0
LINE
  5
18F
330
17
100
AcDbEntity
  8
Partition elevation
100
AcDbLine
 10
177.256968503937
 20
11.811023622047244
 30
0.0
 11
174.5798031496063
 21
9.133858267716535
 31
0.0
  0
LWPOLYLINE
  5
190
330
17
100
AcDbEntity
  8
Partition elevation
100
AcDbPolyline
 90
5
 70
0
 10
175.57035433070865
 20
10.820472440944883
 10
176.26641732283466
 20
10.820472440944883
 10
176.26641732283466
 20
10.12440944881891
 10
175.57035433070865
 20
10.12440944881891
 10
175.57035433070865
 20
10.820472440944883
  0
LWPOLYLINE
  5
191
330
17
100
AcDbEntity
  8
Partition elevation
100
AcDbPolyline
 90
5
 70
0
 10
192.57192913385825
 20
11.811023622047244
 10
195.24909448818897
 20
11.811023622047244
 10
195.24909448818897
 20
9.133858267716533
 10
192.57192913385825
 20
9.133858267716533
 10
192.57192913385825
 20
11.811023622047244
  0
LINE
  5
192
330
17
100
AcDbEntity
  8
Partition elevation
100
AcDbLine
 10
192.57192913385828
 20
11.811023622047244
 30
0.0
 11
195.24909448818894
 21
9.133858267716535
 31
0.0
  0
LINE
  5
193
330
17
100
AcDbEntity
  8
Partition elevation
100
AcDbLine
 10
195.24909448818894
 20
11.811023622047244
 30
0.0
 11
192.57192913385828
 21
9.133858267716535
 31
0.0
  0
LWPOLYLINE
  5
194
330
17
100
AcDbEntity
  8
Partition elevation
100
AcDbPolyline
 90
5
 70
0
 10
193.56248031496062
 20
10.820472440944883
 10
194.25854330708663
 20
10.820472440944883
 10
194.25854330708663
 20
10.12440944881891
 10
193.56248031496062
 20
10.12440944881891
 10
193.56248031496062
 20
10.820472440944883
  0
LINE
  5
195
330
17
100
AcDbEntity
  8
Partition elevation
100
AcDbLine
 10
184.756968503937
 20
11.811023622047244
 30
0.0
 11
184.756968503937
 21
22.74133858267717
 31
0.0
  0
LINE
  5
196
330
17
100
AcDbEntity
  8
Partition elevation
100
AcDbLine
 10
187.74909448818897
 20
11.811023622047244
 30
0.0
 11
187.74909448818897
 21
22.74133858267717
 31
0.0
  0
LINE
  5
197
330
17
100
AcDbEntity
  8
Partition elevation
100
AcDbLine
 10
184.756968503937
 20
22.74133858267717
 30
0.0
 11
187.74909448818897
 21
22.74133858267717
 31
0.0
  0
LWPOLYLINE
  5
198
330
17
100
AcDbEntity
  8
Partition elevation
100
AcDbPolyline
 90
5
 70
0
 10
174.5798031496063
 20
77.19488188976378
 10
177.256968503937
 20
77.19488188976378
 10
177.256968503937
 20
74.51771653543307
 10
174.5798031496063
 20
74.51771653543307
 10
174.5798031496063
 20
77.19488188976378
  0
LINE
  5
199
330
17
100
AcDbEntity
  8
Partition elevation
100
AcDbLine
 10
174.5798031496063
 20
77.19488188976378
 30
0.0
 11
177.256968503937
 21
74.51771653543307
 31
0.0
  0
LINE
  5
19A
330
17
100
AcDbEntity
  8
Partition elevation
100
AcDbLine
 10
177.256968503937
 20
77.19488188976378
 30
0.0
 11
174.5798031496063
 21
74.51771653543307
 31
0.0
  0
LWPOLYLINE
  5
19B
330
17
100
AcDbEntity
  8
Partition elevation
100
AcDbPolyline
 90
5
 70
0
 10
175.57035433070865
 20
76.20433070866142
 10
176.26641732283466
 20
76.20433070866142
 10
176.26641732283466
 20
75.50826771653544
 10
175.57035433070865
 20
75.50826771653544
 10
175.57035433070865
 20
76.20433070866142
  0
LWPOLYLINE
  5
19C
330
17
100
AcDbEntity
  8
Partition elevation
100
AcDbPolyline
 90
5
 70
0
 10
192.57192913385825
 20
77.19488188976378
 10
195.24909448818897
 20
77.19488188976378
 10
195.24909448818897
 20
74.51771653543307
 10
192.57192913385825
 20
74.51771653543307
 10
192.57192913385825
 20
77.19488188976378
  0
LINE
  5
19D
330
17
100
AcDbEntity
  8
Partition elevation
100
AcDbLine
 10
192.57192913385828
 20
77.19488188976378
 30
0.0
 11
195.24909448818894
 21
74.51771653543307
 31
0.0
  0
LINE
  5
19E
330
17
100
AcDbEntity
  8
Partition elevation
100
AcDbLine
 10
195.24909448818894
 20
77.19488188976378
 30
0.0
 11
192.57192913385828
 21
74.51771653543307
 31
0.0
  0
LWPOLYLINE
  5
19F
330
17
100
AcDbEntity
  8
Partition elevation
100
AcDbPolyline
 90
5
 70
0
 10
193.56248031496062
 20
76.20433070866142
 10
194.25854330708663
 20
76.20433070866142
 10
194.25854330708663
 20
75.50826771653544
 10
193.56248031496062
 20
75.50826771653544
 10
193.56248031496062
 20
76.20433070866142
  0
LWPOLYLINE
  5
1A0
330
17
100
AcDbEntity
  8
Partition elevation
100
AcDbPolyline
 90
5
 70
0
 10
174.5798031496063
 20
55.846456692913385
 10
177.256968503937
 20
55.846456692913385
 10
177.256968503937
 20
53.169291338582674
 10
174.5798031496063
 20
53.169291338582674
 10
174.5798031496063
 20
55.846456692913385
  0
LINE
  5
1A1
330
17
100
AcDbEntity
  8
Partition elevation
100
AcDbLine
 10
174.5798031496063
 20
55.846456692913385
 30
0.0
 11
177.256968503937
 21
53.169291338582674
 31
0.0
  0
LINE
  5
1A2
330
17
100
AcDbEntity
  8
Partition elevation
100
AcDbLine
 10
177.256968503937
 20
55.846456692913385
 30
0.0
 11
174.5798031496063
 21
53.169291338582674
 31
0.0
  0
LWPOLYLINE
  5
1A3
330
17
100
AcDbEntity
  8
Partition elevation
100
AcDbPolyline
 90
5
 70
0
 10
175.57035433070865
 20
54.85590551181102
 10
176.26641732283466
 20
54.85590551181102
 10
176.26641732283466
 20
54.15984251968503
 10
175.57035433070865
 20
54.15984251968503
 10
175.57035433070865
 20
54.85590551181102
  0
LWPOLYLINE
  5
1A4
330
17
100
AcDbEntity
  8
Partition elevation
100
AcDbPolyline
 90
5
 70
0
 10
192.57192913385825
 20
55.846456692913385
 10
195.24909448818897
 20
55.846456692913385
 10
195.24909448818897
 20
53.169291338582674
 10
192.57192913385825
 20
53.169291338582674
 10
192.57192913385825
 20
55.846456692913385
  0
LINE
  5
1A5
330
17
100
AcDbEntity
  8
Partition elevation
100
AcDbLine
 10
192.57192913385828
 20
55.846456692913385
 30
0.0
 11
195.24909448818894
 21
53.169291338582674
 31
0.0
  0
LINE
  5
1A6
330
17
100
AcDbEntity
  8
Partition elevation
100
AcDbLine
 10
195.24909448818894
 20
55.846456692913385
 30
0.0
 11
192.57192913385828
 21
53.169291338582674
 31
0.0
  0
LWPOLYLINE
  5
1A7
330
17
100
AcDbEntity
  8
Partition elevation
100
AcDbPolyline
 90
5
 70
0
 10
193.56248031496062
 20
54.85590551181102
 10
194.25854330708663
 20
54.85590551181102
 10
194.25854330708663
 20
54.15984251968503
 10
193.56248031496062
 20
54.15984251968503
 10
193.56248031496062
 20
54.85590551181102
  0
LWPOLYLINE
  5
1A8
330
17
100
AcDbEntity
  8
Partition elevation
100
AcDbPolyline
 90
5
 70
0
 10
174.5798031496063
 20
34.49803149606299
 10
177.256968503937
 20
34.49803149606299
 10
177.256968503937
 20
31.82086614173228
 10
174.5798031496063
 20
31.82086614173228
 10
174.5798031496063
 20
34.49803149606299
  0
LINE
  5
1A9
330
17
100
AcDbEntity
  8
Partition elevation
100
AcDbLine
 10
174.5798031496063
 20
34.49803149606299
 30
0.0
 11
177.256968503937
 21
31.82086614173228
 31
0.0
  0
LINE
  5
1AA
330
17
100
AcDbEntity
  8
Partition elevation
100
AcDbLine
 10
177.256968503937
 20
34.49803149606299
 30
0.0
 11
174.5798031496063
 21
31.82086614173228
 31
0.0
  0
LWPOLYLINE
  5
1AB
330
17
100
AcDbEntity
  8
Partition elevation
100
AcDbPolyline
 90
5
 70
0
 10
175.57035433070865
 20
33.50748031496063
 10
176.26641732283466
 20
33.50748031496063
 10
176.26641732283466
 20
32.81141732283464
 10
175.57035433070865
 20
32.81141732283464
 10
175.57035433070865
 20
33.50748031496063
  0
LWPOLYLINE
  5
1AC
330
17
100
AcDbEntity
  8
Partition elevation
100
AcDbPolyline
 90
5
 70
0
 10
192.57192913385825
 20
34.49803149606299
 10
195.24909448818897
 20
34.49803149606299
 10
195.24909448818897
 20
31.82086614173228
 10
192.57192913385825
 20
31.82086614173228
 10
192.57192913385825
 20
34.49803149606299
  0
LINE
  5
1AD
330
17
100
AcDbEntity
  8
Partition elevation
100
AcDbLine
 10
192.57192913385828
 20
34.49803149606299
 30
0.0
 11
195.24909448818894
 21
31.82086614173228
 31
0.0
  0
LINE
  5
1AE
330
17
100
AcDbEntity
  8
Partition elevation
100
AcDbLine
 10
195.24909448818894
 20
34.49803149606299
 30
0.0
 11
192.57192913385828
 21
31.82086614173228
 31
0.0
  0
LWPOLYLINE
  5
1AF
330
17
100
AcDbEntity
  8
Partition elevation
100
AcDbPolyline
 90
5
 70
0
 10
193.56248031496062
 20
33.50748031496063
 10
194.25854330708663
 20
33.50748031496063
 10
194.25854330708663
 20
32.81141732283464
 10
193.56248031496062
 20
32.81141732283464
 10
193.56248031496062
 20
33.50748031496063
  0
LINE
  5
1B0
330
17
100
AcDbEntity
  8
Partition elevation
100
AcDbLine
 10
199.264842519685
 20
109.01574803149606
 30
0.0
 11
199.264842519685
 21
0.0
 31
0.0
  0
LINE
  5
1B1
330
17
100
AcDbEntity
  8
Partition elevation
100
AcDbLine
 10
214.5794094488189
 20
109.01574803149606
 30
0.0
 11
214.5794094488189
 21
0.0
 31
0.0
  0
LINE
  5
1B2
330
17
100
AcDbEntity
  8
Partition elevation
100
AcDbLine
 10
196.5876771653543
 20
97.20472440944881
 30
0.0
 11
217.2565748031496
 21
97.20472440944881
 31
0.0
  0
LINE
  5
1B3
330
17
100
AcDbEntity
  8
Partition elevation
100
AcDbLine
 10
196.5876771653543
 20
107.35590551181103
 30
0.0
 11
217.2565748031496
 21
107.35590551181103
 31
0.0
  0
LINE
  5
1B4
330
17
100
AcDbEntity
  8
Partition elevation
100
AcDbLine
 10
196.5876771653543
 20
99.88188976377953
 30
0.0
 11
217.2565748031496
 21
99.88188976377953
 31
0.0
  0
LINE
  5
1B5
330
17
100
AcDbEntity
  8
Partition elevation
100
AcDbLine
 10
202.3278346456693
 20
109.01574803149606
 30
0.0
 11
202.3278346456693
 21
107.35590551181103
 31
0.0
  0
LINE
  5
1B6
330
17
100
AcDbEntity
  8
Partition elevation
100
AcDbLine
 10
205.39082677165354
 20
109.01574803149606
 30
0.0
 11
205.39082677165354
 21
107.35590551181103
 31
0.0
  0
LINE
  5
1B7
330
17
100
AcDbEntity
  8
Partition elevation
100
AcDbLine
 10
208.45342519685042
 20
109.01574803149606
 30
0.0
 11
208.45342519685042
 21
107.35590551181103
 31
0.0
  0
LINE
  5
1B8
330
17
100
AcDbEntity
  8
Partition elevation
100
AcDbLine
 10
211.51641732283463
 20
109.01574803149606
 30
0.0
 11
211.51641732283463
 21
107.35590551181103
 31
0.0
  0
LINE
  5
1B9
330
17
100
AcDbEntity
  8
Partition elevation
100
AcDbLine
 10
204.36956692913387
 20
107.35590551181103
 30
0.0
 11
204.36956692913387
 21
99.88188976377953
 31
0.0
  0
LINE
  5
1BA
330
17
100
AcDbEntity
  8
Partition elevation
100
AcDbLine
 10
209.4746850393701
 20
107.35590551181103
 30
0.0
 11
209.4746850393701
 21
99.88188976377953
 31
0.0
  0
LINE
  5
1BB
330
17
100
AcDbEntity
  8
Partition elevation
100
AcDbLine
 10
204.36956692913387
 20
99.88188976377953
 30
0.0
 11
204.36956692913387
 21
97.20472440944881
 31
0.0
  0
LINE
  5
1BC
330
17
100
AcDbEntity
  8
Partition elevation
100
AcDbLine
 10
209.4746850393701
 20
99.88188976377953
 30
0.0
 11
209.4746850393701
 21
97.20472440944881
 31
0.0
  0
LWPOLYLINE
  5
1BD
330
17
100
AcDbEntity
  8
Partition elevation
100
AcDbPolyline
 90
5
 70
0
 10
195.24909448818897
 20
99.88188976377953
 10
197.92625984251967
 20
99.88188976377953
 10
197.92625984251967
 20
97.20472440944881
 10
195.24909448818897
 20
97.20472440944881
 10
195.24909448818897
 20
99.88188976377953
  0
LINE
  5
1BE
330
17
100
AcDbEntity
  8
Partition elevation
100
AcDbLine
 10
195.24909448818894
 20
99.88188976377953
 30
0.0
 11
197.92625984251964
 21
97.20472440944881
 31
0.0
  0
LINE
  5
1BF
330
17
100
AcDbEntity
  8
Partition elevation
100
AcDbLine
 10
197.92625984251964
 20
99.88188976377953
 30
0.0
 11
195.24909448818894
 21
97.20472440944881
 31
0.0
  0
LWPOLYLINE
  5
1C0
330
17
100
AcDbEntity
  8
Partition elevation
100
AcDbPolyline
 90
5
 70
0
 10
196.23964566929135
 20
98.89133858267716
 10
196.93570866141732
 20
98.89133858267716
 10
196.93570866141732
 20
98.19527559055118
 10
196.23964566929135
 20
98.19527559055118
 10
196.23964566929135
 20
98.89133858267716
  0
LWPOLYLINE
  5
1C1
330
17
100
AcDbEntity
  8
Partition elevation
100
AcDbPolyline
 90
5
 70
0
 10
213.24082677165353
 20
99.88188976377953
 10
215.91799212598426
 20
99.88188976377953
 10
215.91799212598426
 20
97.20472440944881
 10
213.24082677165353
 20
97.20472440944881
 10
213.24082677165353
 20
99.88188976377953
  0
LINE
  5
1C2
330
17
100
AcDbEntity
  8
Partition elevation
100
AcDbLine
 10
213.24082677165353
 20
99.88188976377953
 30
0.0
 11
215.91799212598426
 21
97.20472440944881
 31
0.0
  0
LINE
  5
1C3
330
17
100
AcDbEntity
  8
Partition elevation
100
AcDbLine
 10
215.91799212598426
 20
99.88188976377953
 30
0.0
 11
213.24082677165353
 21
97.20472440944881
 31
0.0
  0
LWPOLYLINE
  5
1C4
330
17
100
AcDbEntity
  8
Partition elevation
100
AcDbPolyline
 90
5
 70
0
 10
214.2313779527559
 20
98.89133858267716
 10
214.92744094488188
 20
98.89133858267716
 10
214.92744094488188
 20
98.19527559055118
 10
214.2313779527559
 20
98.19527559055118
 10
214.2313779527559
 20
98.89133858267716
  0
LINE
  5
1C5
330
17
100
AcDbEntity
  8
Partition elevation
100
AcDbLine
 10
205.42586614173229
 20
97.20472440944881
 30
0.0
 11
205.42586614173229
 21
86.27440944881889
 31
0.0
  0
LINE
  5
1C6
330
17
100
AcDbEntity
  8
Partition elevation
100
AcDbLine
 10
208.41799212598426
 20
97.20472440944881
 30
0.0
 11
208.41799212598426
 21
86.27440944881889
 31
0.0
  0
LINE
  5
1C7
330
17
100
AcDbEntity
  8
Partition elevation
100
AcDbLine
 10
205.42586614173229
 20
86.27440944881889
 30
0.0
 11
208.41799212598426
 21
86.27440944881889
 31
0.0
  0
LINE
  5
1C8
330
17
100
AcDbEntity
  8
Partition elevation
100
AcDbLine
 10
196.5876771653543
 20
11.811023622047244
 30
0.0
 11
217.2565748031496
 21
11.811023622047244
 31
0.0
  0
LINE
  5
1C9
330
17
100
AcDbEntity
  8
Partition elevation
100
AcDbLine
 10
196.5876771653543
 20
1.6598425196850337
 30
0.0
 11
217.2565748031496
 21
1.6598425196850337
 31
0.0
  0
LINE
  5
1CA
330
17
100
AcDbEntity
  8
Partition elevation
100
AcDbLine
 10
196.5876771653543
 20
9.133858267716535
 30
0.0
 11
217.2565748031496
 21
9.133858267716535
 31
0.0
  0
LINE
  5
1CB
330
17
100
AcDbEntity
  8
Partition elevation
100
AcDbLine
 10
202.3278346456693
 20
0.0
 30
0.0
 11
202.3278346456693
 21
1.6598425196850337
 31
0.0
  0
LINE
  5
1CC
330
17
100
AcDbEntity
  8
Partition elevation
100
AcDbLine
 10
205.39082677165354
 20
0.0
 30
0.0
 11
205.39082677165354
 21
1.6598425196850337
 31
0.0
  0
LINE
  5
1CD
330
17
100
AcDbEntity
  8
Partition elevation
100
AcDbLine
 10
208.45342519685042
 20
0.0
 30
0.0
 11
208.45342519685042
 21
1.6598425196850337
 31
0.0
  0
LINE
  5
1CE
330
17
100
AcDbEntity
  8
Partition elevation
100
AcDbLine
 10
211.51641732283463
 20
0.0
 30
0.0
 11
211.51641732283463
 21
1.6598425196850337
 31
0.0
  0
LINE
  5
1CF
330
17
100
AcDbEntity
  8
Partition elevation
100
AcDbLine
 10
204.36956692913387
 20
1.6598425196850337
 30
0.0
 11
204.36956692913387
 21
9.133858267716535
 31
0.0
  0
LINE
  5
1D0
330
17
100
AcDbEntity
  8
Partition elevation
100
AcDbLine
 10
209.4746850393701
 20
1.6598425196850337
 30
0.0
 11
209.4746850393701
 21
9.133858267716535
 31
0.0
  0
LINE
  5
1D1
330
17
100
AcDbEntity
  8
Partition elevation
100
AcDbLine
 10
204.36956692913387
 20
9.133858267716535
 30
0.0
 11
204.36956692913387
 21
11.811023622047244
 31
0.0
  0
LINE
  5
1D2
330
17
100
AcDbEntity
  8
Partition elevation
100
AcDbLine
 10
209.4746850393701
 20
9.133858267716535
 30
0.0
 11
209.4746850393701
 21
11.811023622047244
 31
0.0
  0
LWPOLYLINE
  5
1D3
330
17
100
AcDbEntity
  8
Partition elevation
100
AcDbPolyline
 90
5
 70
0
 10
195.24909448818897
 20
11.811023622047244
 10
197.92625984251967
 20
11.811023622047244
 10
197.92625984251967
 20
9.133858267716533
 10
195.24909448818897
 20
9.133858267716533
 10
195.24909448818897
 20
11.811023622047244
  0
LINE
  5
1D4
330
17
100
AcDbEntity
  8
Partition elevation
100
AcDbLine
 10
195.24909448818894
 20
11.811023622047244
 30
0.0
 11
197.92625984251964
 21
9.133858267716535
 31
0.0
  0
LINE
  5
1D5
330
17
100
AcDbEntity
  8
Partition elevation
100
AcDbLine
 10
197.92625984251964
 20
11.811023622047244
 30
0.0
 11
195.24909448818894
 21
9.133858267716535
 31
0.0
  0
LWPOLYLINE
  5
1D6
330
17
100
AcDbEntity
  8
Partition elevation
100
AcDbPolyline
 90
5
 70
0
 10
196.23964566929135
 20
10.820472440944883
 10
196.93570866141732
 20
10.820472440944883
 10
196.93570866141732
 20
10.12440944881891
 10
196.23964566929135
 20
10.12440944881891
 10
196.23964566929135
 20
10.820472440944883
  0
LWPOLYLINE
  5
1D7
330
17
100
AcDbEntity
  8
Partition elevation
100
AcDbPolyline
 90
5
 70
0
 10
213.24082677165353
 20
11.811023622047244
 10
215.91799212598426
 20
11.811023622047244
 10
215.91799212598426
 20
9.133858267716533
 10
213.24082677165353
 20
9.133858267716533
 10
213.24082677165353
 20
11.811023622047244
  0
LINE
  5
1D8
330
17
100
AcDbEntity
  8
Partition elevation
100
AcDbLine
 10
213.24082677165353
 20
11.811023622047244
 30
0.0
 11
215.91799212598426
 21
9.133858267716535
 31
0.0
  0
LINE
  5
1D9
330
17
100
AcDbEntity
  8
Partition elevation
100
AcDbLine
 10
215.91799212598426
 20
11.811023622047244
 30
0.0
 11
213.24082677165353
 21
9.133858267716535
 31
0.0
  0
LWPOLYLINE
  5
1DA
330
17
100
AcDbEntity
  8
Partition elevation
100
AcDbPolyline
 90
5
 70
0
 10
214.2313779527559
 20
10.820472440944883
 10
214.92744094488188
 20
10.820472440944883
 10
214.92744094488188
 20
10.12440944881891
 10
214.2313779527559
 20
10.12440944881891
 10
214.2313779527559
 20
10.820472440944883
  0
LINE
  5
1DB
330
17
100
AcDbEntity
  8
Partition elevation
100
AcDbLine
 10
205.42586614173229
 20
11.811023622047244
 30
0.0
 11
205.42586614173229
 21
22.74133858267717
 31
0.0
  0
LINE
  5
1DC
330
17
100
AcDbEntity
  8
Partition elevation
100
AcDbLine
 10
208.41799212598426
 20
11.811023622047244
 30
0.0
 11
208.41799212598426
 21
22.74133858267717
 31
0.0
  0
LINE
  5
1DD
330
17
100
AcDbEntity
  8
Partition elevation
100
AcDbLine
 10
205.42586614173229
 20
22.74133858267717
 30
0.0
 11
208.41799212598426
 21
22.74133858267717
 31
0.0
  0
LWPOLYLINE
  5
1DE
330
17
100
AcDbEntity
  8
Partition elevation
100
AcDbPolyline
 90
5
 70
0
 10
195.24909448818897
 20
77.19488188976378
 10
197.92625984251967
 20
77.19488188976378
 10
197.92625984251967
 20
74.51771653543307
 10
195.24909448818897
 20
74.51771653543307
 10
195.24909448818897
 20
77.19488188976378
  0
LINE
  5
1DF
330
17
100
AcDbEntity
  8
Partition elevation
100
AcDbLine
 10
195.24909448818894
 20
77.19488188976378
 30
0.0
 11
197.92625984251964
 21
74.51771653543307
 31
0.0
  0
LINE
  5
1E0
330
17
100
AcDbEntity
  8
Partition elevation
100
AcDbLine
 10
197.92625984251964
 20
77.19488188976378
 30
0.0
 11
195.24909448818894
 21
74.51771653543307
 31
0.0
  0
LWPOLYLINE
  5
1E1
330
17
100
AcDbEntity
  8
Partition elevation
100
AcDbPolyline
 90
5
 70
0
 10
196.23964566929135
 20
76.20433070866142
 10
196.93570866141732
 20
76.20433070866142
 10
196.93570866141732
 20
75.50826771653544
 10
196.23964566929135
 20
75.50826771653544
 10
196.23964566929135
 20
76.20433070866142
  0
LWPOLYLINE
  5
1E2
330
17
100
AcDbEntity
  8
Partition elevation
100
AcDbPolyline
 90
5
 70
0
 10
213.24082677165353
 20
77.19488188976378
 10
215.91799212598426
 20
77.19488188976378
 10
215.91799212598426
 20
74.51771653543307
 10
213.24082677165353
 20
74.51771653543307
 10
213.24082677165353
 20
77.19488188976378
  0
LINE
  5
1E3
330
17
100
AcDbEntity
  8
Partition elevation
100
AcDbLine
 10
213.24082677165353
 20
77.19488188976378
 30
0.0
 11
215.91799212598426
 21
74.51771653543307
 31
0.0
  0
LINE
  5
1E4
330
17
100
AcDbEntity
  8
Partition elevation
100
AcDbLine
 10
215.91799212598426
 20
77.19488188976378
 30
0.0
 11
213.24082677165353
 21
74.51771653543307
 31
0.0
  0
LWPOLYLINE
  5
1E5
330
17
100
AcDbEntity
  8
Partition elevation
100
AcDbPolyline
 90
5
 70
0
 10
214.2313779527559
 20
76.20433070866142
 10
214.92744094488188
 20
76.20433070866142
 10
214.92744094488188
 20
75.50826771653544
 10
214.2313779527559
 20
75.50826771653544
 10
214.2313779527559
 20
76.20433070866142
  0
LWPOLYLINE
  5
1E6
330
17
100
AcDbEntity
  8
Partition elevation
100
AcDbPolyline
 90
5
 70
0
 10
195.24909448818897
 20
55.846456692913385
 10
197.92625984251967
 20
55.846456692913385
 10
197.92625984251967
 20
53.169291338582674
 10
195.24909448818897
 20
53.169291338582674
 10
195.24909448818897
 20
55.846456692913385
  0
LINE
  5
1E7
330
17
100
AcDbEntity
  8
Partition elevation
100
AcDbLine
 10
195.24909448818894
 20
55.846456692913385
 30
0.0
 11
197.92625984251964
 21
53.169291338582674
 31
0.0
  0
LINE
  5
1E8
330
17
100
AcDbEntity
  8
Partition elevation
100
AcDbLine
 10
197.92625984251964
 20
55.846456692913385
 30
0.0
 11
195.24909448818894
 21
53.169291338582674
 31
0.0
  0
LWPOLYLINE
  5
1E9
330
17
100
AcDbEntity
  8
Partition elevation
100
AcDbPolyline
 90
5
 70
0
 10
196.23964566929135
 20
54.85590551181102
 10
196.93570866141732
 20
54.85590551181102
 10
196.93570866141732
 20
54.15984251968503
 10
196.23964566929135
 20
54.15984251968503
 10
196.23964566929135
 20
54.85590551181102
  0
LWPOLYLINE
  5
1EA
330
17
100
AcDbEntity
  8
Partition elevation
100
AcDbPolyline
 90
5
 70
0
 10
213.24082677165353
 20
55.846456692913385
 10
215.91799212598426
 20
55.846456692913385
 10
215.91799212598426
 20
53.169291338582674
 10
213.24082677165353
 20
53.169291338582674
 10
213.24082677165353
 20
55.846456692913385
  0
LINE
  5
1EB
330
17
100
AcDbEntity
  8
Partition elevation
100
AcDbLine
 10
213.24082677165353
 20
55.846456692913385
 30
0.0
 11
215.91799212598426
 21
53.169291338582674
 31
0.0
  0
LINE
  5
1EC
330
17
100
AcDbEntity
  8
Partition elevation
100
AcDbLine
 10
215.91799212598426
 20
55.846456692913385
 30
0.0
 11
213.24082677165353
 21
53.169291338582674
 31
0.0
  0
LWPOLYLINE
  5
1ED
330
17
100
AcDbEntity
  8
Partition elevation
100
AcDbPolyline
 90
5
 70
0
 10
214.2313779527559
 20
54.85590551181102
 10
214.92744094488188
 20
54.85590551181102
 10
214.92744094488188
 20
54.15984251968503
 10
214.2313779527559
 20
54.15984251968503
 10
214.2313779527559
 20
54.85590551181102
  0
LWPOLYLINE
  5
1EE
330
17
100
AcDbEntity
  8
Partition elevation
100
AcDbPolyline
 90
5
 70
0
 10
195.24909448818897
 20
34.49803149606299
 10
197.92625984251967
 20
34.49803149606299
 10
197.92625984251967
 20
31.82086614173228
 10
195.24909448818897
 20
31.82086614173228
 10
195.24909448818897
 20
34.49803149606299
  0
LINE
  5
1EF
330
17
100
AcDbEntity
  8
Partition elevation
100
AcDbLine
 10
195.24909448818894
 20
34.49803149606299
 30
0.0
 11
197.92625984251964
 21
31.82086614173228
 31
0.0
  0
LINE
  5
1F0
330
17
100
AcDbEntity
  8
Partition elevation
100
AcDbLine
 10
197.92625984251964
 20
34.49803149606299
 30
0.0
 11
195.24909448818894
 21
31.82086614173228
 31
0.0
  0
LWPOLYLINE
  5
1F1
330
17
100
AcDbEntity
  8
Partition elevation
100
AcDbPolyline
 90
5
 70
0
 10
196.23964566929135
 20
33.50748031496063
 10
196.93570866141732
 20
33.50748031496063
 10
196.93570866141732
 20
32.81141732283464
 10
196.23964566929135
 20
32.81141732283464
 10
196.23964566929135
 20
33.50748031496063
  0
LWPOLYLINE
  5
1F2
330
17
100
AcDbEntity
  8
Partition elevation
100
AcDbPolyline
 90
5
 70
0
 10
213.24082677165353
 20
34.49803149606299
 10
215.91799212598426
 20
34.49803149606299
 10
215.91799212598426
 20
31.82086614173228
 10
213.24082677165353
 20
31.82086614173228
 10
213.24082677165353
 20
34.49803149606299
  0
LINE
  5
1F3
330
17
100
AcDbEntity
  8
Partition elevation
100
AcDbLine
 10
213.24082677165353
 20
34.49803149606299
 30
0.0
 11
215.91799212598426
 21
31.82086614173228
 31
0.0
  0
LINE
  5
1F4
330
17
100
AcDbEntity
  8
Partition elevation
100
AcDbLine
 10
215.91799212598426
 20
34.49803149606299
 30
0.0
 11
213.24082677165353
 21
31.82086614173228
 31
0.0
  0
LWPOLYLINE
  5
1F5
330
17
100
AcDbEntity
  8
Partition elevation
100
AcDbPolyline
 90
5
 70
0
 10
214.2313779527559
 20
33.50748031496063
 10
214.92744094488188
 20
33.50748031496063
 10
214.92744094488188
 20
32.81141732283464
 10
214.2313779527559
 20
32.81141732283464
 10
214.2313779527559
 20
33.50748031496063
  0
LINE
  5
1F6
330
17
100
AcDbEntity
  8
Partition elevation
100
AcDbLine
 10
134.5801968503937
 20
109.01574803149606
 30
0.0
 11
134.5801968503937
 21
0.0
 31
0.0
  0
LINE
  5
1F7
330
17
100
AcDbEntity
  8
Partition elevation
100
AcDbLine
 10
155.24909448818897
 20
109.01574803149606
 30
0.0
 11
155.24909448818897
 21
0.0
 31
0.0
  0
LINE
  5
1F8
330
17
100
AcDbEntity
  8
Partition elevation
100
AcDbLine
 10
175.91838582677167
 20
109.01574803149606
 30
0.0
 11
175.91838582677167
 21
0.0
 31
0.0
  0
LINE
  5
1F9
330
17
100
AcDbEntity
  8
Partition elevation
100
AcDbLine
 10
196.5876771653543
 20
109.01574803149606
 30
0.0
 11
196.5876771653543
 21
0.0
 31
0.0
  0
LWPOLYLINE
  5
1FA
330
17
100
AcDbEntity
  8
Partition elevation
100
AcDbPolyline
 90
5
 70
0
 10
119.81641732283464
 20
103.11023622047244
 10
211.351062992126
 20
103.11023622047244
 10
211.351062992126
 20
5.905511811023615
 10
119.81641732283464
 20
5.905511811023615
 10
119.81641732283464
 20
103.11023622047244
  0
LWPOLYLINE
  5
1FB
330
17
100
AcDbEntity
  8
Partition elevation
100
AcDbPolyline
 90
5
 70
0
 10
130.44633858267716
 20
90.90551181102362
 10
200.72114173228346
 20
90.90551181102362
 10
200.72114173228346
 20
18.110236220472444
 10
130.44633858267716
 20
18.110236220472444
 10
130.44633858267716
 20
90.90551181102362
  0
LINE
  5
1FC
330
17
100
AcDbEntity
  8
Partition elevation
100
AcDbLine
 10
165.58374015748032
 20
103.11023622047244
 30
0.0
 11
165.58374015748032
 21
90.90551181102362
 31
0.0
  0
LINE
  5
1FD
330
17
100
AcDbEntity
  8
Partition elevation
100
AcDbLine
 10
165.58374015748032
 20
18.11023622047244
 30
0.0
 11
165.58374015748032
 21
5.905511811023622
 31
0.0
  0
LINE
  5
1FE
330
17
100
AcDbEntity
  8
Partition elevation
100
AcDbLine
 10
119.81641732283464
 20
54.50787401574803
 30
0.0
 11
130.44633858267716
 21
54.50787401574803
 31
0.0
  0
LINE
  5
1FF
330
17
100
AcDbEntity
  8
Partition elevation
100
AcDbLine
 10
200.72114173228346
 20
54.50787401574803
 30
0.0
 11
211.35106299212597
 21
54.50787401574803
 31
0.0
  0
LWPOLYLINE
  5
200
330
17
100
AcDbEntity
  8
Partition elevation
100
AcDbPolyline
 90
5
 70
0
 10
127.69043307086613
 20
93.66141732283464
 10
133.20224409448818
 20
93.66141732283464
 10
133.20224409448818
 20
88.14960629921259
 10
127.69043307086613
 20
88.14960629921259
 10
127.69043307086613
 20
93.66141732283464
  0
LINE
  5
201
330
17
100
AcDbEntity
  8
Partition elevation
100
AcDbLine
 10
127.69043307086613
 20
93.66141732283464
 30
0.0
 11
133.20224409448818
 21
88.14960629921259
 31
0.0
  0
LINE
  5
202
330
17
100
AcDbEntity
  8
Partition elevation
100
AcDbLine
 10
133.20224409448818
 20
93.66141732283464
 30
0.0
 11
127.69043307086613
 21
88.14960629921259
 31
0.0
  0
LWPOLYLINE
  5
203
330
17
100
AcDbEntity
  8
Partition elevation
100
AcDbPolyline
 90
5
 70
0
 10
129.7298031496063
 20
91.62204724409449
 10
131.16287401574803
 20
91.62204724409449
 10
131.16287401574803
 20
90.18897637795276
 10
129.7298031496063
 20
90.18897637795276
 10
129.7298031496063
 20
91.62204724409449
  0
LWPOLYLINE
  5
204
330
17
100
AcDbEntity
  8
Partition elevation
100
AcDbPolyline
 90
5
 70
0
 10
197.96523622047243
 20
93.66141732283464
 10
203.47704724409448
 20
93.66141732283464
 10
203.47704724409448
 20
88.14960629921259
 10
197.96523622047243
 20
88.14960629921259
 10
197.96523622047243
 20
93.66141732283464
  0
LINE
  5
205
330
17
100
AcDbEntity
  8
Partition elevation
100
AcDbLine
 10
197.96523622047243
 20
93.66141732283464
 30
0.0
 11
203.47704724409448
 21
88.14960629921259
 31
0.0
  0
LINE
  5
206
330
17
100
AcDbEntity
  8
Partition elevation
100
AcDbLine
 10
203.47704724409448
 20
93.66141732283464
 30
0.0
 11
197.96523622047243
 21
88.14960629921259
 31
0.0
  0
LWPOLYLINE
  5
207
330
17
100
AcDbEntity
  8
Partition elevation
100
AcDbPolyline
 90
5
 70
0
 10
200.0046062992126
 20
91.62204724409449
 10
201.43767716535433
 20
91.62204724409449
 10
201.43767716535433
 20
90.18897637795276
 10
200.0046062992126
 20
90.18897637795276
 10
200.0046062992126
 20
91.62204724409449
  0
LWPOLYLINE
  5
208
330
17
100
AcDbEntity
  8
Partition elevation
100
AcDbPolyline
 90
5
 70
0
 10
127.69043307086613
 20
20.866141732283467
 10
133.20224409448818
 20
20.866141732283467
 10
133.20224409448818
 20
15.354330708661422
 10
127.69043307086613
 20
15.354330708661422
 10
127.69043307086613
 20
20.866141732283467
  0
LINE
  5
209
330
17
100
AcDbEntity
  8
Partition elevation
100
AcDbLine
 10
127.69043307086613
 20
20.866141732283463
 30
0.0
 11
133.20224409448818
 21
15.354330708661417
 31
0.0
  0
LINE
  5
20A
330
17
100
AcDbEntity
  8
Partition elevation
100
AcDbLine
 10
133.20224409448818
 20
20.866141732283463
 30
0.0
 11
127.69043307086613
 21
15.354330708661417
 31
0.0
  0
LWPOLYLINE
  5
20B
330
17
100
AcDbEntity
  8
Partition elevation
100
AcDbPolyline
 90
5
 70
0
 10
129.7298031496063
 20
18.826771653543304
 10
131.16287401574803
 20
18.826771653543304
 10
131.16287401574803
 20
17.393700787401556
 10
129.7298031496063
 20
17.393700787401556
 10
129.7298031496063
 20
18.826771653543304
  0
LWPOLYLINE
  5
20C
330
17
100
AcDbEntity
  8
Partition elevation
100
AcDbPolyline
 90
5
 70
0
 10
197.96523622047243
 20
20.866141732283467
 10
203.47704724409448
 20
20.866141732283467
 10
203.47704724409448
 20
15.354330708661422
 10
197.96523622047243
 20
15.354330708661422
 10
197.96523622047243
 20
20.866141732283467
  0
LINE
  5
20D
330
17
100
AcDbEntity
  8
Partition elevation
100
AcDbLine
 10
197.96523622047243
 20
20.866141732283463
 30
0.0
 11
203.47704724409448
 21
15.354330708661417
 31
0.0
  0
LINE
  5
20E
330
17
100
AcDbEntity
  8
Partition elevation
100
AcDbLine
 10
203.47704724409448
 20
20.866141732283463
 30
0.0
 11
197.96523622047243
 21
15.354330708661417
 31
0.0
  0
LWPOLYLINE
  5
20F
330
17
100
AcDbEntity
  8
Partition elevation
100
AcDbPolyline
 90
5
 70
0
 10
200.0046062992126
 20
18.826771653543304
 10
201.43767716535433
 20
18.826771653543304
 10
201.43767716535433
 20
17.393700787401556
 10
200.0046062992126
 20
17.393700787401556
 10
200.0046062992126
 20
18.826771653543304
  0
TEXT
  5
210
330
17
100
AcDbEntity
  8
LABELS
100
AcDbText
 10
112.57232283464566
 20
111.37795275590551
 30
0.0
 40
2.0936850393700785
  1
PARTITION ELEVATION  (1:1, inches)
 11
112.57232283464566
 21
111.37795275590551
 31
0.0
100
AcDbText
  0
LWPOLYLINE
  5
213
330
17
100
AcDbEntity
  8
Elevation with television
100
AcDbPolyline
 90
5
 70
0
 10
234.29779527559057
 20
109.01574803149606
 10
337.64346456692914
 20
109.01574803149606
 10
337.64346456692914
 20
0.0
 10
234.29779527559057
 20
0.0
 10
234.29779527559057
 20
109.01574803149606
  0
LINE
  5
214
330
17
100
AcDbEntity
  8
Elevation with television
100
AcDbLine
 10
236.97496062992127
 20
109.01574803149606
 30
0.0
 11
236.97496062992127
 21
0.0
 31
0.0
  0
LINE
  5
215
330
17
100
AcDbEntity
  8
Elevation with television
100
AcDbLine
 10
252.28992125984254
 20
109.01574803149606
 30
0.0
 11
252.28992125984254
 21
0.0
 31
0.0
  0
LINE
  5
216
330
17
100
AcDbEntity
  8
Elevation with television
100
AcDbLine
 10
234.29779527559057
 20
97.20472440944881
 30
0.0
 11
254.96708661417324
 21
97.20472440944881
 31
0.0
  0
LINE
  5
217
330
17
100
AcDbEntity
  8
Elevation with television
100
AcDbLine
 10
234.29779527559057
 20
107.35590551181103
 30
0.0
 11
254.96708661417324
 21
107.35590551181103
 31
0.0
  0
LINE
  5
218
330
17
100
AcDbEntity
  8
Elevation with television
100
AcDbLine
 10
234.29779527559057
 20
99.88188976377953
 30
0.0
 11
254.96708661417324
 21
99.88188976377953
 31
0.0
  0
LINE
  5
219
330
17
100
AcDbEntity
  8
Elevation with television
100
AcDbLine
 10
240.03795275590554
 20
109.01574803149606
 30
0.0
 11
240.03795275590554
 21
107.35590551181103
 31
0.0
  0
LINE
  5
21A
330
17
100
AcDbEntity
  8
Elevation with television
100
AcDbLine
 10
243.1009448818898
 20
109.01574803149606
 30
0.0
 11
243.1009448818898
 21
107.35590551181103
 31
0.0
  0
LINE
  5
21B
330
17
100
AcDbEntity
  8
Elevation with television
100
AcDbLine
 10
246.163937007874
 20
109.01574803149606
 30
0.0
 11
246.163937007874
 21
107.35590551181103
 31
0.0
  0
LINE
  5
21C
330
17
100
AcDbEntity
  8
Elevation with television
100
AcDbLine
 10
249.22692913385828
 20
109.01574803149606
 30
0.0
 11
249.22692913385828
 21
107.35590551181103
 31
0.0
  0
LINE
  5
21D
330
17
100
AcDbEntity
  8
Elevation with television
100
AcDbLine
 10
242.08007874015752
 20
107.35590551181103
 30
0.0
 11
242.08007874015752
 21
99.88188976377953
 31
0.0
  0
LINE
  5
21E
330
17
100
AcDbEntity
  8
Elevation with television
100
AcDbLine
 10
247.18480314960632
 20
107.35590551181103
 30
0.0
 11
247.18480314960632
 21
99.88188976377953
 31
0.0
  0
LINE
  5
21F
330
17
100
AcDbEntity
  8
Elevation with television
100
AcDbLine
 10
242.08007874015752
 20
99.88188976377953
 30
0.0
 11
242.08007874015752
 21
97.20472440944881
 31
0.0
  0
LINE
  5
220
330
17
100
AcDbEntity
  8
Elevation with television
100
AcDbLine
 10
247.18480314960632
 20
99.88188976377953
 30
0.0
 11
247.18480314960632
 21
97.20472440944881
 31
0.0
  0
LWPOLYLINE
  5
221
330
17
100
AcDbEntity
  8
Elevation with television
100
AcDbPolyline
 90
5
 70
0
 10
232.9592125984252
 20
99.88188976377953
 10
235.63637795275594
 20
99.88188976377953
 10
235.63637795275594
 20
97.20472440944881
 10
232.9592125984252
 20
97.20472440944881
 10
232.9592125984252
 20
99.88188976377953
  0
LINE
  5
222
330
17
100
AcDbEntity
  8
Elevation with television
100
AcDbLine
 10
232.9592125984252
 20
99.88188976377953
 30
0.0
 11
235.63637795275594
 21
97.20472440944881
 31
0.0
  0
LINE
  5
223
330
17
100
AcDbEntity
  8
Elevation with television
100
AcDbLine
 10
235.63637795275594
 20
99.88188976377953
 30
0.0
 11
232.9592125984252
 21
97.20472440944881
 31
0.0
  0
LWPOLYLINE
  5
224
330
17
100
AcDbEntity
  8
Elevation with television
100
AcDbPolyline
 90
5
 70
0
 10
233.9497637795276
 20
98.89133858267716
 10
234.64582677165356
 20
98.89133858267716
 10
234.64582677165356
 20
98.19527559055118
 10
233.9497637795276
 20
98.19527559055118
 10
233.9497637795276
 20
98.89133858267716
  0
LWPOLYLINE
  5
225
330
17
100
AcDbEntity
  8
Elevation with television
100
AcDbPolyline
 90
5
 70
0
 10
250.95133858267718
 20
99.88188976377953
 10
253.6285039370079
 20
99.88188976377953
 10
253.6285039370079
 20
97.20472440944881
 10
250.95133858267718
 20
97.20472440944881
 10
250.95133858267718
 20
99.88188976377953
  0
LINE
  5
226
330
17
100
AcDbEntity
  8
Elevation with television
100
AcDbLine
 10
250.95133858267718
 20
99.88188976377953
 30
0.0
 11
253.6285039370079
 21
97.20472440944881
 31
0.0
  0
LINE
  5
227
330
17
100
AcDbEntity
  8
Elevation with television
100
AcDbLine
 10
253.6285039370079
 20
99.88188976377953
 30
0.0
 11
250.95133858267718
 21
97.20472440944881
 31
0.0
  0
LWPOLYLINE
  5
228
330
17
100
AcDbEntity
  8
Elevation with television
100
AcDbPolyline
 90
5
 70
0
 10
251.94188976377956
 20
98.89133858267716
 10
252.63795275590553
 20
98.89133858267716
 10
252.63795275590553
 20
98.19527559055118
 10
251.94188976377956
 20
98.19527559055118
 10
251.94188976377956
 20
98.89133858267716
  0
LINE
  5
229
330
17
100
AcDbEntity
  8
Elevation with television
100
AcDbLine
 10
243.13637795275594
 20
97.20472440944881
 30
0.0
 11
243.13637795275594
 21
86.27440944881889
 31
0.0
  0
LINE
  5
22A
330
17
100
AcDbEntity
  8
Elevation with television
100
AcDbLine
 10
246.1285039370079
 20
97.20472440944881
 30
0.0
 11
246.1285039370079
 21
86.27440944881889
 31
0.0
  0
LINE
  5
22B
330
17
100
AcDbEntity
  8
Elevation with television
100
AcDbLine
 10
243.13637795275594
 20
86.27440944881889
 30
0.0
 11
246.1285039370079
 21
86.27440944881889
 31
0.0
  0
LINE
  5
22C
330
17
100
AcDbEntity
  8
Elevation with television
100
AcDbLine
 10
234.29779527559057
 20
11.811023622047244
 30
0.0
 11
254.96708661417324
 21
11.811023622047244
 31
0.0
  0
LINE
  5
22D
330
17
100
AcDbEntity
  8
Elevation with television
100
AcDbLine
 10
234.29779527559057
 20
1.6598425196850337
 30
0.0
 11
254.96708661417324
 21
1.6598425196850337
 31
0.0
  0
LINE
  5
22E
330
17
100
AcDbEntity
  8
Elevation with television
100
AcDbLine
 10
234.29779527559057
 20
9.133858267716535
 30
0.0
 11
254.96708661417324
 21
9.133858267716535
 31
0.0
  0
LINE
  5
22F
330
17
100
AcDbEntity
  8
Elevation with television
100
AcDbLine
 10
240.03795275590554
 20
0.0
 30
0.0
 11
240.03795275590554
 21
1.6598425196850337
 31
0.0
  0
LINE
  5
230
330
17
100
AcDbEntity
  8
Elevation with television
100
AcDbLine
 10
243.1009448818898
 20
0.0
 30
0.0
 11
243.1009448818898
 21
1.6598425196850337
 31
0.0
  0
LINE
  5
231
330
17
100
AcDbEntity
  8
Elevation with television
100
AcDbLine
 10
246.163937007874
 20
0.0
 30
0.0
 11
246.163937007874
 21
1.6598425196850337
 31
0.0
  0
LINE
  5
232
330
17
100
AcDbEntity
  8
Elevation with television
100
AcDbLine
 10
249.22692913385828
 20
0.0
 30
0.0
 11
249.22692913385828
 21
1.6598425196850337
 31
0.0
  0
LINE
  5
233
330
17
100
AcDbEntity
  8
Elevation with television
100
AcDbLine
 10
242.08007874015752
 20
1.6598425196850337
 30
0.0
 11
242.08007874015752
 21
9.133858267716535
 31
0.0
  0
LINE
  5
234
330
17
100
AcDbEntity
  8
Elevation with television
100
AcDbLine
 10
247.18480314960632
 20
1.6598425196850337
 30
0.0
 11
247.18480314960632
 21
9.133858267716535
 31
0.0
  0
LINE
  5
235
330
17
100
AcDbEntity
  8
Elevation with television
100
AcDbLine
 10
242.08007874015752
 20
9.133858267716535
 30
0.0
 11
242.08007874015752
 21
11.811023622047244
 31
0.0
  0
LINE
  5
236
330
17
100
AcDbEntity
  8
Elevation with television
100
AcDbLine
 10
247.18480314960632
 20
9.133858267716535
 30
0.0
 11
247.18480314960632
 21
11.811023622047244
 31
0.0
  0
LWPOLYLINE
  5
237
330
17
100
AcDbEntity
  8
Elevation with television
100
AcDbPolyline
 90
5
 70
0
 10
232.9592125984252
 20
11.811023622047244
 10
235.63637795275594
 20
11.811023622047244
 10
235.63637795275594
 20
9.133858267716533
 10
232.9592125984252
 20
9.133858267716533
 10
232.9592125984252
 20
11.811023622047244
  0
LINE
  5
238
330
17
100
AcDbEntity
  8
Elevation with television
100
AcDbLine
 10
232.9592125984252
 20
11.811023622047244
 30
0.0
 11
235.63637795275594
 21
9.133858267716535
 31
0.0
  0
LINE
  5
239
330
17
100
AcDbEntity
  8
Elevation with television
100
AcDbLine
 10
235.63637795275594
 20
11.811023622047244
 30
0.0
 11
232.9592125984252
 21
9.133858267716535
 31
0.0
  0
LWPOLYLINE
  5
23A
330
17
100
AcDbEntity
  8
Elevation with television
100
AcDbPolyline
 90
5
 70
0
 10
233.9497637795276
 20
10.820472440944883
 10
234.64582677165356
 20
10.820472440944883
 10
234.64582677165356
 20
10.12440944881891
 10
233.9497637795276
 20
10.12440944881891
 10
233.9497637795276
 20
10.820472440944883
  0
LWPOLYLINE
  5
23B
330
17
100
AcDbEntity
  8
Elevation with television
100
AcDbPolyline
 90
5
 70
0
 10
250.95133858267718
 20
11.811023622047244
 10
253.6285039370079
 20
11.811023622047244
 10
253.6285039370079
 20
9.133858267716533
 10
250.95133858267718
 20
9.133858267716533
 10
250.95133858267718
 20
11.811023622047244
  0
LINE
  5
23C
330
17
100
AcDbEntity
  8
Elevation with television
100
AcDbLine
 10
250.95133858267718
 20
11.811023622047244
 30
0.0
 11
253.6285039370079
 21
9.133858267716535
 31
0.0
  0
LINE
  5
23D
330
17
100
AcDbEntity
  8
Elevation with television
100
AcDbLine
 10
253.6285039370079
 20
11.811023622047244
 30
0.0
 11
250.95133858267718
 21
9.133858267716535
 31
0.0
  0
LWPOLYLINE
  5
23E
330
17
100
AcDbEntity
  8
Elevation with television
100
AcDbPolyline
 90
5
 70
0
 10
251.94188976377956
 20
10.820472440944883
 10
252.63795275590553
 20
10.820472440944883
 10
252.63795275590553
 20
10.12440944881891
 10
251.94188976377956
 20
10.12440944881891
 10
251.94188976377956
 20
10.820472440944883
  0
LINE
  5
23F
330
17
100
AcDbEntity
  8
Elevation with television
100
AcDbLine
 10
243.13637795275594
 20
11.811023622047244
 30
0.0
 11
243.13637795275594
 21
22.74133858267717
 31
0.0
  0
LINE
  5
240
330
17
100
AcDbEntity
  8
Elevation with television
100
AcDbLine
 10
246.1285039370079
 20
11.811023622047244
 30
0.0
 11
246.1285039370079
 21
22.74133858267717
 31
0.0
  0
LINE
  5
241
330
17
100
AcDbEntity
  8
Elevation with television
100
AcDbLine
 10
243.13637795275594
 20
22.74133858267717
 30
0.0
 11
246.1285039370079
 21
22.74133858267717
 31
0.0
  0
LWPOLYLINE
  5
242
330
17
100
AcDbEntity
  8
Elevation with television
100
AcDbPolyline
 90
5
 70
0
 10
232.9592125984252
 20
77.19488188976378
 10
235.63637795275594
 20
77.19488188976378
 10
235.63637795275594
 20
74.51771653543307
 10
232.9592125984252
 20
74.51771653543307
 10
232.9592125984252
 20
77.19488188976378
  0
LINE
  5
243
330
17
100
AcDbEntity
  8
Elevation with television
100
AcDbLine
 10
232.9592125984252
 20
77.19488188976378
 30
0.0
 11
235.63637795275594
 21
74.51771653543307
 31
0.0
  0
LINE
  5
244
330
17
100
AcDbEntity
  8
Elevation with television
100
AcDbLine
 10
235.63637795275594
 20
77.19488188976378
 30
0.0
 11
232.9592125984252
 21
74.51771653543307
 31
0.0
  0
LWPOLYLINE
  5
245
330
17
100
AcDbEntity
  8
Elevation with television
100
AcDbPolyline
 90
5
 70
0
 10
233.9497637795276
 20
76.20433070866142
 10
234.64582677165356
 20
76.20433070866142
 10
234.64582677165356
 20
75.50826771653544
 10
233.9497637795276
 20
75.50826771653544
 10
233.9497637795276
 20
76.20433070866142
  0
LWPOLYLINE
  5
246
330
17
100
AcDbEntity
  8
Elevation with television
100
AcDbPolyline
 90
5
 70
0
 10
250.95133858267718
 20
77.19488188976378
 10
253.6285039370079
 20
77.19488188976378
 10
253.6285039370079
 20
74.51771653543307
 10
250.95133858267718
 20
74.51771653543307
 10
250.95133858267718
 20
77.19488188976378
  0
LINE
  5
247
330
17
100
AcDbEntity
  8
Elevation with television
100
AcDbLine
 10
250.95133858267718
 20
77.19488188976378
 30
0.0
 11
253.6285039370079
 21
74.51771653543307
 31
0.0
  0
LINE
  5
248
330
17
100
AcDbEntity
  8
Elevation with television
100
AcDbLine
 10
253.6285039370079
 20
77.19488188976378
 30
0.0
 11
250.95133858267718
 21
74.51771653543307
 31
0.0
  0
LWPOLYLINE
  5
249
330
17
100
AcDbEntity
  8
Elevation with television
100
AcDbPolyline
 90
5
 70
0
 10
251.94188976377956
 20
76.20433070866142
 10
252.63795275590553
 20
76.20433070866142
 10
252.63795275590553
 20
75.50826771653544
 10
251.94188976377956
 20
75.50826771653544
 10
251.94188976377956
 20
76.20433070866142
  0
LWPOLYLINE
  5
24A
330
17
100
AcDbEntity
  8
Elevation with television
100
AcDbPolyline
 90
5
 70
0
 10
232.9592125984252
 20
55.846456692913385
 10
235.63637795275594
 20
55.846456692913385
 10
235.63637795275594
 20
53.169291338582674
 10
232.9592125984252
 20
53.169291338582674
 10
232.9592125984252
 20
55.846456692913385
  0
LINE
  5
24B
330
17
100
AcDbEntity
  8
Elevation with television
100
AcDbLine
 10
232.9592125984252
 20
55.846456692913385
 30
0.0
 11
235.63637795275594
 21
53.169291338582674
 31
0.0
  0
LINE
  5
24C
330
17
100
AcDbEntity
  8
Elevation with television
100
AcDbLine
 10
235.63637795275594
 20
55.846456692913385
 30
0.0
 11
232.9592125984252
 21
53.169291338582674
 31
0.0
  0
LWPOLYLINE
  5
24D
330
17
100
AcDbEntity
  8
Elevation with television
100
AcDbPolyline
 90
5
 70
0
 10
233.9497637795276
 20
54.85590551181102
 10
234.64582677165356
 20
54.85590551181102
 10
234.64582677165356
 20
54.15984251968503
 10
233.9497637795276
 20
54.15984251968503
 10
233.9497637795276
 20
54.85590551181102
  0
LWPOLYLINE
  5
24E
330
17
100
AcDbEntity
  8
Elevation with television
100
AcDbPolyline
 90
5
 70
0
 10
250.95133858267718
 20
55.846456692913385
 10
253.6285039370079
 20
55.846456692913385
 10
253.6285039370079
 20
53.169291338582674
 10
250.95133858267718
 20
53.169291338582674
 10
250.95133858267718
 20
55.846456692913385
  0
LINE
  5
24F
330
17
100
AcDbEntity
  8
Elevation with television
100
AcDbLine
 10
250.95133858267718
 20
55.846456692913385
 30
0.0
 11
253.6285039370079
 21
53.169291338582674
 31
0.0
  0
LINE
  5
250
330
17
100
AcDbEntity
  8
Elevation with television
100
AcDbLine
 10
253.6285039370079
 20
55.846456692913385
 30
0.0
 11
250.95133858267718
 21
53.169291338582674
 31
0.0
  0
LWPOLYLINE
  5
251
330
17
100
AcDbEntity
  8
Elevation with television
100
AcDbPolyline
 90
5
 70
0
 10
251.94188976377956
 20
54.85590551181102
 10
252.63795275590553
 20
54.85590551181102
 10
252.63795275590553
 20
54.15984251968503
 10
251.94188976377956
 20
54.15984251968503
 10
251.94188976377956
 20
54.85590551181102
  0
LWPOLYLINE
  5
252
330
17
100
AcDbEntity
  8
Elevation with television
100
AcDbPolyline
 90
5
 70
0
 10
232.9592125984252
 20
34.49803149606299
 10
235.63637795275594
 20
34.49803149606299
 10
235.63637795275594
 20
31.82086614173228
 10
232.9592125984252
 20
31.82086614173228
 10
232.9592125984252
 20
34.49803149606299
  0
LINE
  5
253
330
17
100
AcDbEntity
  8
Elevation with television
100
AcDbLine
 10
232.9592125984252
 20
34.49803149606299
 30
0.0
 11
235.63637795275594
 21
31.82086614173228
 31
0.0
  0
LINE
  5
254
330
17
100
AcDbEntity
  8
Elevation with television
100
AcDbLine
 10
235.63637795275594
 20
34.49803149606299
 30
0.0
 11
232.9592125984252
 21
31.82086614173228
 31
0.0
  0
LWPOLYLINE
  5
255
330
17
100
AcDbEntity
  8
Elevation with television
100
AcDbPolyline
 90
5
 70
0
 10
233.9497637795276
 20
33.50748031496063
 10
234.64582677165356
 20
33.50748031496063
 10
234.64582677165356
 20
32.81141732283464
 10
233.9497637795276
 20
32.81141732283464
 10
233.9497637795276
 20
33.50748031496063
  0
LWPOLYLINE
  5
256
330
17
100
AcDbEntity
  8
Elevation with television
100
AcDbPolyline
 90
5
 70
0
 10
250.95133858267718
 20
34.49803149606299
 10
253.6285039370079
 20
34.49803149606299
 10
253.6285039370079
 20
31.82086614173228
 10
250.95133858267718
 20
31.82086614173228
 10
250.95133858267718
 20
34.49803149606299
  0
LINE
  5
257
330
17
100
AcDbEntity
  8
Elevation with television
100
AcDbLine
 10
250.95133858267718
 20
34.49803149606299
 30
0.0
 11
253.6285039370079
 21
31.82086614173228
 31
0.0
  0
LINE
  5
258
330
17
100
AcDbEntity
  8
Elevation with television
100
AcDbLine
 10
253.6285039370079
 20
34.49803149606299
 30
0.0
 11
250.95133858267718
 21
31.82086614173228
 31
0.0
  0
LWPOLYLINE
  5
259
330
17
100
AcDbEntity
  8
Elevation with television
100
AcDbPolyline
 90
5
 70
0
 10
251.94188976377956
 20
33.50748031496063
 10
252.63795275590553
 20
33.50748031496063
 10
252.63795275590553
 20
32.81141732283464
 10
251.94188976377956
 20
32.81141732283464
 10
251.94188976377956
 20
33.50748031496063
  0
LINE
  5
25A
330
17
100
AcDbEntity
  8
Elevation with television
100
AcDbLine
 10
257.64425196850397
 20
109.01574803149606
 30
0.0
 11
257.64425196850397
 21
0.0
 31
0.0
  0
LINE
  5
25B
330
17
100
AcDbEntity
  8
Elevation with television
100
AcDbLine
 10
272.9588188976378
 20
109.01574803149606
 30
0.0
 11
272.9588188976378
 21
0.0
 31
0.0
  0
LINE
  5
25C
330
17
100
AcDbEntity
  8
Elevation with television
100
AcDbLine
 10
254.96708661417324
 20
97.20472440944881
 30
0.0
 11
275.6359842519685
 21
97.20472440944881
 31
0.0
  0
LINE
  5
25D
330
17
100
AcDbEntity
  8
Elevation with television
100
AcDbLine
 10
254.96708661417324
 20
107.35590551181103
 30
0.0
 11
275.6359842519685
 21
107.35590551181103
 31
0.0
  0
LINE
  5
25E
330
17
100
AcDbEntity
  8
Elevation with television
100
AcDbLine
 10
254.96708661417324
 20
99.88188976377953
 30
0.0
 11
275.6359842519685
 21
99.88188976377953
 31
0.0
  0
LINE
  5
25F
330
17
100
AcDbEntity
  8
Elevation with television
100
AcDbLine
 10
260.7072440944882
 20
109.01574803149606
 30
0.0
 11
260.7072440944882
 21
107.35590551181103
 31
0.0
  0
LINE
  5
260
330
17
100
AcDbEntity
  8
Elevation with television
100
AcDbLine
 10
263.7702362204725
 20
109.01574803149606
 30
0.0
 11
263.7702362204725
 21
107.35590551181103
 31
0.0
  0
LINE
  5
261
330
17
100
AcDbEntity
  8
Elevation with television
100
AcDbLine
 10
266.8328346456693
 20
109.01574803149606
 30
0.0
 11
266.8328346456693
 21
107.35590551181103
 31
0.0
  0
LINE
  5
262
330
17
100
AcDbEntity
  8
Elevation with television
100
AcDbLine
 10
269.89582677165356
 20
109.01574803149606
 30
0.0
 11
269.89582677165356
 21
107.35590551181103
 31
0.0
  0
LINE
  5
263
330
17
100
AcDbEntity
  8
Elevation with television
100
AcDbLine
 10
262.7489763779528
 20
107.35590551181103
 30
0.0
 11
262.7489763779528
 21
99.88188976377953
 31
0.0
  0
LINE
  5
264
330
17
100
AcDbEntity
  8
Elevation with television
100
AcDbLine
 10
267.854094488189
 20
107.35590551181103
 30
0.0
 11
267.854094488189
 21
99.88188976377953
 31
0.0
  0
LINE
  5
265
330
17
100
AcDbEntity
  8
Elevation with television
100
AcDbLine
 10
262.7489763779528
 20
99.88188976377953
 30
0.0
 11
262.7489763779528
 21
97.20472440944881
 31
0.0
  0
LINE
  5
266
330
17
100
AcDbEntity
  8
Elevation with television
100
AcDbLine
 10
267.854094488189
 20
99.88188976377953
 30
0.0
 11
267.854094488189
 21
97.20472440944881
 31
0.0
  0
LWPOLYLINE
  5
267
330
17
100
AcDbEntity
  8
Elevation with television
100
AcDbPolyline
 90
5
 70
0
 10
253.6285039370079
 20
99.88188976377953
 10
256.30566929133863
 20
99.88188976377953
 10
256.30566929133863
 20
97.20472440944881
 10
253.6285039370079
 20
97.20472440944881
 10
253.6285039370079
 20
99.88188976377953
  0
LINE
  5
268
330
17
100
AcDbEntity
  8
Elevation with television
100
AcDbLine
 10
253.6285039370079
 20
99.88188976377953
 30
0.0
 11
256.30566929133863
 21
97.20472440944881
 31
0.0
  0
LINE
  5
269
330
17
100
AcDbEntity
  8
Elevation with television
100
AcDbLine
 10
256.30566929133863
 20
99.88188976377953
 30
0.0
 11
253.6285039370079
 21
97.20472440944881
 31
0.0
  0
LWPOLYLINE
  5
26A
330
17
100
AcDbEntity
  8
Elevation with television
100
AcDbPolyline
 90
5
 70
0
 10
254.61905511811025
 20
98.89133858267716
 10
255.31511811023623
 20
98.89133858267716
 10
255.31511811023623
 20
98.19527559055118
 10
254.61905511811025
 20
98.19527559055118
 10
254.61905511811025
 20
98.89133858267716
  0
LWPOLYLINE
  5
26B
330
17
100
AcDbEntity
  8
Elevation with television
100
AcDbPolyline
 90
5
 70
0
 10
271.62023622047246
 20
99.88188976377953
 10
274.2974015748032
 20
99.88188976377953
 10
274.2974015748032
 20
97.20472440944881
 10
271.62023622047246
 20
97.20472440944881
 10
271.62023622047246
 20
99.88188976377953
  0
LINE
  5
26C
330
17
100
AcDbEntity
  8
Elevation with television
100
AcDbLine
 10
271.62023622047246
 20
99.88188976377953
 30
0.0
 11
274.2974015748032
 21
97.20472440944881
 31
0.0
  0
LINE
  5
26D
330
17
100
AcDbEntity
  8
Elevation with television
100
AcDbLine
 10
274.2974015748032
 20
99.88188976377953
 30
0.0
 11
271.62023622047246
 21
97.20472440944881
 31
0.0
  0
LWPOLYLINE
  5
26E
330
17
100
AcDbEntity
  8
Elevation with television
100
AcDbPolyline
 90
5
 70
0
 10
272.61078740157484
 20
98.89133858267716
 10
273.3068503937008
 20
98.89133858267716
 10
273.3068503937008
 20
98.19527559055118
 10
272.61078740157484
 20
98.19527559055118
 10
272.61078740157484
 20
98.89133858267716
  0
LINE
  5
26F
330
17
100
AcDbEntity
  8
Elevation with television
100
AcDbLine
 10
263.8052755905512
 20
97.20472440944881
 30
0.0
 11
263.8052755905512
 21
86.27440944881889
 31
0.0
  0
LINE
  5
270
330
17
100
AcDbEntity
  8
Elevation with television
100
AcDbLine
 10
266.7974015748032
 20
97.20472440944881
 30
0.0
 11
266.7974015748032
 21
86.27440944881889
 31
0.0
  0
LINE
  5
271
330
17
100
AcDbEntity
  8
Elevation with television
100
AcDbLine
 10
263.8052755905512
 20
86.27440944881889
 30
0.0
 11
266.7974015748032
 21
86.27440944881889
 31
0.0
  0
LINE
  5
272
330
17
100
AcDbEntity
  8
Elevation with television
100
AcDbLine
 10
254.96708661417324
 20
11.811023622047244
 30
0.0
 11
275.6359842519685
 21
11.811023622047244
 31
0.0
  0
LINE
  5
273
330
17
100
AcDbEntity
  8
Elevation with television
100
AcDbLine
 10
254.96708661417324
 20
1.6598425196850337
 30
0.0
 11
275.6359842519685
 21
1.6598425196850337
 31
0.0
  0
LINE
  5
274
330
17
100
AcDbEntity
  8
Elevation with television
100
AcDbLine
 10
254.96708661417324
 20
9.133858267716535
 30
0.0
 11
275.6359842519685
 21
9.133858267716535
 31
0.0
  0
LINE
  5
275
330
17
100
AcDbEntity
  8
Elevation with television
100
AcDbLine
 10
260.7072440944882
 20
0.0
 30
0.0
 11
260.7072440944882
 21
1.6598425196850337
 31
0.0
  0
LINE
  5
276
330
17
100
AcDbEntity
  8
Elevation with television
100
AcDbLine
 10
263.7702362204725
 20
0.0
 30
0.0
 11
263.7702362204725
 21
1.6598425196850337
 31
0.0
  0
LINE
  5
277
330
17
100
AcDbEntity
  8
Elevation with television
100
AcDbLine
 10
266.8328346456693
 20
0.0
 30
0.0
 11
266.8328346456693
 21
1.6598425196850337
 31
0.0
  0
LINE
  5
278
330
17
100
AcDbEntity
  8
Elevation with television
100
AcDbLine
 10
269.89582677165356
 20
0.0
 30
0.0
 11
269.89582677165356
 21
1.6598425196850337
 31
0.0
  0
LINE
  5
279
330
17
100
AcDbEntity
  8
Elevation with television
100
AcDbLine
 10
262.7489763779528
 20
1.6598425196850337
 30
0.0
 11
262.7489763779528
 21
9.133858267716535
 31
0.0
  0
LINE
  5
27A
330
17
100
AcDbEntity
  8
Elevation with television
100
AcDbLine
 10
267.854094488189
 20
1.6598425196850337
 30
0.0
 11
267.854094488189
 21
9.133858267716535
 31
0.0
  0
LINE
  5
27B
330
17
100
AcDbEntity
  8
Elevation with television
100
AcDbLine
 10
262.7489763779528
 20
9.133858267716535
 30
0.0
 11
262.7489763779528
 21
11.811023622047244
 31
0.0
  0
LINE
  5
27C
330
17
100
AcDbEntity
  8
Elevation with television
100
AcDbLine
 10
267.854094488189
 20
9.133858267716535
 30
0.0
 11
267.854094488189
 21
11.811023622047244
 31
0.0
  0
LWPOLYLINE
  5
27D
330
17
100
AcDbEntity
  8
Elevation with television
100
AcDbPolyline
 90
5
 70
0
 10
253.6285039370079
 20
11.811023622047244
 10
256.30566929133863
 20
11.811023622047244
 10
256.30566929133863
 20
9.133858267716533
 10
253.6285039370079
 20
9.133858267716533
 10
253.6285039370079
 20
11.811023622047244
  0
LINE
  5
27E
330
17
100
AcDbEntity
  8
Elevation with television
100
AcDbLine
 10
253.6285039370079
 20
11.811023622047244
 30
0.0
 11
256.30566929133863
 21
9.133858267716535
 31
0.0
  0
LINE
  5
27F
330
17
100
AcDbEntity
  8
Elevation with television
100
AcDbLine
 10
256.30566929133863
 20
11.811023622047244
 30
0.0
 11
253.6285039370079
 21
9.133858267716535
 31
0.0
  0
LWPOLYLINE
  5
280
330
17
100
AcDbEntity
  8
Elevation with television
100
AcDbPolyline
 90
5
 70
0
 10
254.61905511811025
 20
10.820472440944883
 10
255.31511811023623
 20
10.820472440944883
 10
255.31511811023623
 20
10.12440944881891
 10
254.61905511811025
 20
10.12440944881891
 10
254.61905511811025
 20
10.820472440944883
  0
LWPOLYLINE
  5
281
330
17
100
AcDbEntity
  8
Elevation with television
100
AcDbPolyline
 90
5
 70
0
 10
271.62023622047246
 20
11.811023622047244
 10
274.2974015748032
 20
11.811023622047244
 10
274.2974015748032
 20
9.133858267716533
 10
271.62023622047246
 20
9.133858267716533
 10
271.62023622047246
 20
11.811023622047244
  0
LINE
  5
282
330
17
100
AcDbEntity
  8
Elevation with television
100
AcDbLine
 10
271.62023622047246
 20
11.811023622047244
 30
0.0
 11
274.2974015748032
 21
9.133858267716535
 31
0.0
  0
LINE
  5
283
330
17
100
AcDbEntity
  8
Elevation with television
100
AcDbLine
 10
274.2974015748032
 20
11.811023622047244
 30
0.0
 11
271.62023622047246
 21
9.133858267716535
 31
0.0
  0
LWPOLYLINE
  5
284
330
17
100
AcDbEntity
  8
Elevation with television
100
AcDbPolyline
 90
5
 70
0
 10
272.61078740157484
 20
10.820472440944883
 10
273.3068503937008
 20
10.820472440944883
 10
273.3068503937008
 20
10.12440944881891
 10
272.61078740157484
 20
10.12440944881891
 10
272.61078740157484
 20
10.820472440944883
  0
LINE
  5
285
330
17
100
AcDbEntity
  8
Elevation with television
100
AcDbLine
 10
263.8052755905512
 20
11.811023622047244
 30
0.0
 11
263.8052755905512
 21
22.74133858267717
 31
0.0
  0
LINE
  5
286
330
17
100
AcDbEntity
  8
Elevation with television
100
AcDbLine
 10
266.7974015748032
 20
11.811023622047244
 30
0.0
 11
266.7974015748032
 21
22.74133858267717
 31
0.0
  0
LINE
  5
287
330
17
100
AcDbEntity
  8
Elevation with television
100
AcDbLine
 10
263.8052755905512
 20
22.74133858267717
 30
0.0
 11
266.7974015748032
 21
22.74133858267717
 31
0.0
  0
LWPOLYLINE
  5
288
330
17
100
AcDbEntity
  8
Elevation with television
100
AcDbPolyline
 90
5
 70
0
 10
253.6285039370079
 20
77.19488188976378
 10
256.30566929133863
 20
77.19488188976378
 10
256.30566929133863
 20
74.51771653543307
 10
253.6285039370079
 20
74.51771653543307
 10
253.6285039370079
 20
77.19488188976378
  0
LINE
  5
289
330
17
100
AcDbEntity
  8
Elevation with television
100
AcDbLine
 10
253.6285039370079
 20
77.19488188976378
 30
0.0
 11
256.30566929133863
 21
74.51771653543307
 31
0.0
  0
LINE
  5
28A
330
17
100
AcDbEntity
  8
Elevation with television
100
AcDbLine
 10
256.30566929133863
 20
77.19488188976378
 30
0.0
 11
253.6285039370079
 21
74.51771653543307
 31
0.0
  0
LWPOLYLINE
  5
28B
330
17
100
AcDbEntity
  8
Elevation with television
100
AcDbPolyline
 90
5
 70
0
 10
254.61905511811025
 20
76.20433070866142
 10
255.31511811023623
 20
76.20433070866142
 10
255.31511811023623
 20
75.50826771653544
 10
254.61905511811025
 20
75.50826771653544
 10
254.61905511811025
 20
76.20433070866142
  0
LWPOLYLINE
  5
28C
330
17
100
AcDbEntity
  8
Elevation with television
100
AcDbPolyline
 90
5
 70
0
 10
271.62023622047246
 20
77.19488188976378
 10
274.2974015748032
 20
77.19488188976378
 10
274.2974015748032
 20
74.51771653543307
 10
271.62023622047246
 20
74.51771653543307
 10
271.62023622047246
 20
77.19488188976378
  0
LINE
  5
28D
330
17
100
AcDbEntity
  8
Elevation with television
100
AcDbLine
 10
271.62023622047246
 20
77.19488188976378
 30
0.0
 11
274.2974015748032
 21
74.51771653543307
 31
0.0
  0
LINE
  5
28E
330
17
100
AcDbEntity
  8
Elevation with television
100
AcDbLine
 10
274.2974015748032
 20
77.19488188976378
 30
0.0
 11
271.62023622047246
 21
74.51771653543307
 31
0.0
  0
LWPOLYLINE
  5
28F
330
17
100
AcDbEntity
  8
Elevation with television
100
AcDbPolyline
 90
5
 70
0
 10
272.61078740157484
 20
76.20433070866142
 10
273.3068503937008
 20
76.20433070866142
 10
273.3068503937008
 20
75.50826771653544
 10
272.61078740157484
 20
75.50826771653544
 10
272.61078740157484
 20
76.20433070866142
  0
LWPOLYLINE
  5
290
330
17
100
AcDbEntity
  8
Elevation with television
100
AcDbPolyline
 90
5
 70
0
 10
253.6285039370079
 20
55.846456692913385
 10
256.30566929133863
 20
55.846456692913385
 10
256.30566929133863
 20
53.169291338582674
 10
253.6285039370079
 20
53.169291338582674
 10
253.6285039370079
 20
55.846456692913385
  0
LINE
  5
291
330
17
100
AcDbEntity
  8
Elevation with television
100
AcDbLine
 10
253.6285039370079
 20
55.846456692913385
 30
0.0
 11
256.30566929133863
 21
53.169291338582674
 31
0.0
  0
LINE
  5
292
330
17
100
AcDbEntity
  8
Elevation with television
100
AcDbLine
 10
256.30566929133863
 20
55.846456692913385
 30
0.0
 11
253.6285039370079
 21
53.169291338582674
 31
0.0
  0
LWPOLYLINE
  5
293
330
17
100
AcDbEntity
  8
Elevation with television
100
AcDbPolyline
 90
5
 70
0
 10
254.61905511811025
 20
54.85590551181102
 10
255.31511811023623
 20
54.85590551181102
 10
255.31511811023623
 20
54.15984251968503
 10
254.61905511811025
 20
54.15984251968503
 10
254.61905511811025
 20
54.85590551181102
  0
LWPOLYLINE
  5
294
330
17
100
AcDbEntity
  8
Elevation with television
100
AcDbPolyline
 90
5
 70
0
 10
271.62023622047246
 20
55.846456692913385
 10
274.2974015748032
 20
55.846456692913385
 10
274.2974015748032
 20
53.169291338582674
 10
271.62023622047246
 20
53.169291338582674
 10
271.62023622047246
 20
55.846456692913385
  0
LINE
  5
295
330
17
100
AcDbEntity
  8
Elevation with television
100
AcDbLine
 10
271.62023622047246
 20
55.846456692913385
 30
0.0
 11
274.2974015748032
 21
53.169291338582674
 31
0.0
  0
LINE
  5
296
330
17
100
AcDbEntity
  8
Elevation with television
100
AcDbLine
 10
274.2974015748032
 20
55.846456692913385
 30
0.0
 11
271.62023622047246
 21
53.169291338582674
 31
0.0
  0
LWPOLYLINE
  5
297
330
17
100
AcDbEntity
  8
Elevation with television
100
AcDbPolyline
 90
5
 70
0
 10
272.61078740157484
 20
54.85590551181102
 10
273.3068503937008
 20
54.85590551181102
 10
273.3068503937008
 20
54.15984251968503
 10
272.61078740157484
 20
54.15984251968503
 10
272.61078740157484
 20
54.85590551181102
  0
LWPOLYLINE
  5
298
330
17
100
AcDbEntity
  8
Elevation with television
100
AcDbPolyline
 90
5
 70
0
 10
253.6285039370079
 20
34.49803149606299
 10
256.30566929133863
 20
34.49803149606299
 10
256.30566929133863
 20
31.82086614173228
 10
253.6285039370079
 20
31.82086614173228
 10
253.6285039370079
 20
34.49803149606299
  0
LINE
  5
299
330
17
100
AcDbEntity
  8
Elevation with television
100
AcDbLine
 10
253.6285039370079
 20
34.49803149606299
 30
0.0
 11
256.30566929133863
 21
31.82086614173228
 31
0.0
  0
LINE
  5
29A
330
17
100
AcDbEntity
  8
Elevation with television
100
AcDbLine
 10
256.30566929133863
 20
34.49803149606299
 30
0.0
 11
253.6285039370079
 21
31.82086614173228
 31
0.0
  0
LWPOLYLINE
  5
29B
330
17
100
AcDbEntity
  8
Elevation with television
100
AcDbPolyline
 90
5
 70
0
 10
254.61905511811025
 20
33.50748031496063
 10
255.31511811023623
 20
33.50748031496063
 10
255.31511811023623
 20
32.81141732283464
 10
254.61905511811025
 20
32.81141732283464
 10
254.61905511811025
 20
33.50748031496063
  0
LWPOLYLINE
  5
29C
330
17
100
AcDbEntity
  8
Elevation with television
100
AcDbPolyline
 90
5
 70
0
 10
271.62023622047246
 20
34.49803149606299
 10
274.2974015748032
 20
34.49803149606299
 10
274.2974015748032
 20
31.82086614173228
 10
271.62023622047246
 20
31.82086614173228
 10
271.62023622047246
 20
34.49803149606299
  0
LINE
  5
29D
330
17
100
AcDbEntity
  8
Elevation with television
100
AcDbLine
 10
271.62023622047246
 20
34.49803149606299
 30
0.0
 11
274.2974015748032
 21
31.82086614173228
 31
0.0
  0
LINE
  5
29E
330
17
100
AcDbEntity
  8
Elevation with television
100
AcDbLine
 10
274.2974015748032
 20
34.49803149606299
 30
0.0
 11
271.62023622047246
 21
31.82086614173228
 31
0.0
  0
LWPOLYLINE
  5
29F
330
17
100
AcDbEntity
  8
Elevation with television
100
AcDbPolyline
 90
5
 70
0
 10
272.61078740157484
 20
33.50748031496063
 10
273.3068503937008
 20
33.50748031496063
 10
273.3068503937008
 20
32.81141732283464
 10
272.61078740157484
 20
32.81141732283464
 10
272.61078740157484
 20
33.50748031496063
  0
LINE
  5
2A0
330
17
100
AcDbEntity
  8
Elevation with television
100
AcDbLine
 10
278.31314960629925
 20
109.01574803149606
 30
0.0
 11
278.31314960629925
 21
0.0
 31
0.0
  0
LINE
  5
2A1
330
17
100
AcDbEntity
  8
Elevation with television
100
AcDbLine
 10
293.6281102362205
 20
109.01574803149606
 30
0.0
 11
293.6281102362205
 21
0.0
 31
0.0
  0
LINE
  5
2A2
330
17
100
AcDbEntity
  8
Elevation with television
100
AcDbLine
 10
275.6359842519685
 20
97.20472440944881
 30
0.0
 11
296.3052755905512
 21
97.20472440944881
 31
0.0
  0
LINE
  5
2A3
330
17
100
AcDbEntity
  8
Elevation with television
100
AcDbLine
 10
275.6359842519685
 20
107.35590551181103
 30
0.0
 11
296.3052755905512
 21
107.35590551181103
 31
0.0
  0
LINE
  5
2A4
330
17
100
AcDbEntity
  8
Elevation with television
100
AcDbLine
 10
275.6359842519685
 20
99.88188976377953
 30
0.0
 11
296.3052755905512
 21
99.88188976377953
 31
0.0
  0
LINE
  5
2A5
330
17
100
AcDbEntity
  8
Elevation with television
100
AcDbLine
 10
281.3761417322835
 20
109.01574803149606
 30
0.0
 11
281.3761417322835
 21
107.35590551181103
 31
0.0
  0
LINE
  5
2A6
330
17
100
AcDbEntity
  8
Elevation with television
100
AcDbLine
 10
284.4391338582677
 20
109.01574803149606
 30
0.0
 11
284.4391338582677
 21
107.35590551181103
 31
0.0
  0
LINE
  5
2A7
330
17
100
AcDbEntity
  8
Elevation with television
100
AcDbLine
 10
287.502125984252
 20
109.01574803149606
 30
0.0
 11
287.502125984252
 21
107.35590551181103
 31
0.0
  0
LINE
  5
2A8
330
17
100
AcDbEntity
  8
Elevation with television
100
AcDbLine
 10
290.56511811023626
 20
109.01574803149606
 30
0.0
 11
290.56511811023626
 21
107.35590551181103
 31
0.0
  0
LINE
  5
2A9
330
17
100
AcDbEntity
  8
Elevation with television
100
AcDbLine
 10
283.41826771653547
 20
107.35590551181103
 30
0.0
 11
283.41826771653547
 21
99.88188976377953
 31
0.0
  0
LINE
  5
2AA
330
17
100
AcDbEntity
  8
Elevation with television
100
AcDbLine
 10
288.5229921259843
 20
107.35590551181103
 30
0.0
 11
288.5229921259843
 21
99.88188976377953
 31
0.0
  0
LINE
  5
2AB
330
17
100
AcDbEntity
  8
Elevation with television
100
AcDbLine
 10
283.41826771653547
 20
99.88188976377953
 30
0.0
 11
283.41826771653547
 21
97.20472440944881
 31
0.0
  0
LINE
  5
2AC
330
17
100
AcDbEntity
  8
Elevation with television
100
AcDbLine
 10
288.5229921259843
 20
99.88188976377953
 30
0.0
 11
288.5229921259843
 21
97.20472440944881
 31
0.0
  0
LWPOLYLINE
  5
2AD
330
17
100
AcDbEntity
  8
Elevation with television
100
AcDbPolyline
 90
5
 70
0
 10
274.2974015748032
 20
99.88188976377953
 10
276.97456692913386
 20
99.88188976377953
 10
276.97456692913386
 20
97.20472440944881
 10
274.2974015748032
 20
97.20472440944881
 10
274.2974015748032
 20
99.88188976377953
  0
LINE
  5
2AE
330
17
100
AcDbEntity
  8
Elevation with television
100
AcDbLine
 10
274.2974015748032
 20
99.88188976377953
 30
0.0
 11
276.97456692913386
 21
97.20472440944881
 31
0.0
  0
LINE
  5
2AF
330
17
100
AcDbEntity
  8
Elevation with television
100
AcDbLine
 10
276.97456692913386
 20
99.88188976377953
 30
0.0
 11
274.2974015748032
 21
97.20472440944881
 31
0.0
  0
LWPOLYLINE
  5
2B0
330
17
100
AcDbEntity
  8
Elevation with television
100
AcDbPolyline
 90
5
 70
0
 10
275.2879527559055
 20
98.89133858267716
 10
275.98401574803154
 20
98.89133858267716
 10
275.98401574803154
 20
98.19527559055118
 10
275.2879527559055
 20
98.19527559055118
 10
275.2879527559055
 20
98.89133858267716
  0
LWPOLYLINE
  5
2B1
330
17
100
AcDbEntity
  8
Elevation with television
100
AcDbPolyline
 90
5
 70
0
 10
292.28952755905516
 20
99.88188976377953
 10
294.9666929133858
 20
99.88188976377953
 10
294.9666929133858
 20
97.20472440944881
 10
292.28952755905516
 20
97.20472440944881
 10
292.28952755905516
 20
99.88188976377953
  0
LINE
  5
2B2
330
17
100
AcDbEntity
  8
Elevation with television
100
AcDbLine
 10
292.28952755905516
 20
99.88188976377953
 30
0.0
 11
294.9666929133858
 21
97.20472440944881
 31
0.0
  0
LINE
  5
2B3
330
17
100
AcDbEntity
  8
Elevation with television
100
AcDbLine
 10
294.9666929133858
 20
99.88188976377953
 30
0.0
 11
292.28952755905516
 21
97.20472440944881
 31
0.0
  0
LWPOLYLINE
  5
2B4
330
17
100
AcDbEntity
  8
Elevation with television
100
AcDbPolyline
 90
5
 70
0
 10
293.2800787401575
 20
98.89133858267716
 10
293.9761417322835
 20
98.89133858267716
 10
293.9761417322835
 20
98.19527559055118
 10
293.2800787401575
 20
98.19527559055118
 10
293.2800787401575
 20
98.89133858267716
  0
LINE
  5
2B5
330
17
100
AcDbEntity
  8
Elevation with television
100
AcDbLine
 10
284.47456692913386
 20
97.20472440944881
 30
0.0
 11
284.47456692913386
 21
86.27440944881889
 31
0.0
  0
LINE
  5
2B6
330
17
100
AcDbEntity
  8
Elevation with television
100
AcDbLine
 10
287.4666929133858
 20
97.20472440944881
 30
0.0
 11
287.4666929133858
 21
86.27440944881889
 31
0.0
  0
LINE
  5
2B7
330
17
100
AcDbEntity
  8
Elevation with television
100
AcDbLine
 10
284.47456692913386
 20
86.27440944881889
 30
0.0
 11
287.4666929133858
 21
86.27440944881889
 31
0.0
  0
LINE
  5
2B8
330
17
100
AcDbEntity
  8
Elevation with television
100
AcDbLine
 10
275.6359842519685
 20
11.811023622047244
 30
0.0
 11
296.3052755905512
 21
11.811023622047244
 31
0.0
  0
LINE
  5
2B9
330
17
100
AcDbEntity
  8
Elevation with television
100
AcDbLine
 10
275.6359842519685
 20
1.6598425196850337
 30
0.0
 11
296.3052755905512
 21
1.6598425196850337
 31
0.0
  0
LINE
  5
2BA
330
17
100
AcDbEntity
  8
Elevation with television
100
AcDbLine
 10
275.6359842519685
 20
9.133858267716535
 30
0.0
 11
296.3052755905512
 21
9.133858267716535
 31
0.0
  0
LINE
  5
2BB
330
17
100
AcDbEntity
  8
Elevation with television
100
AcDbLine
 10
281.3761417322835
 20
0.0
 30
0.0
 11
281.3761417322835
 21
1.6598425196850337
 31
0.0
  0
LINE
  5
2BC
330
17
100
AcDbEntity
  8
Elevation with television
100
AcDbLine
 10
284.4391338582677
 20
0.0
 30
0.0
 11
284.4391338582677
 21
1.6598425196850337
 31
0.0
  0
LINE
  5
2BD
330
17
100
AcDbEntity
  8
Elevation with television
100
AcDbLine
 10
287.502125984252
 20
0.0
 30
0.0
 11
287.502125984252
 21
1.6598425196850337
 31
0.0
  0
LINE
  5
2BE
330
17
100
AcDbEntity
  8
Elevation with television
100
AcDbLine
 10
290.56511811023626
 20
0.0
 30
0.0
 11
290.56511811023626
 21
1.6598425196850337
 31
0.0
  0
LINE
  5
2BF
330
17
100
AcDbEntity
  8
Elevation with television
100
AcDbLine
 10
283.41826771653547
 20
1.6598425196850337
 30
0.0
 11
283.41826771653547
 21
9.133858267716535
 31
0.0
  0
LINE
  5
2C0
330
17
100
AcDbEntity
  8
Elevation with television
100
AcDbLine
 10
288.5229921259843
 20
1.6598425196850337
 30
0.0
 11
288.5229921259843
 21
9.133858267716535
 31
0.0
  0
LINE
  5
2C1
330
17
100
AcDbEntity
  8
Elevation with television
100
AcDbLine
 10
283.41826771653547
 20
9.133858267716535
 30
0.0
 11
283.41826771653547
 21
11.811023622047244
 31
0.0
  0
LINE
  5
2C2
330
17
100
AcDbEntity
  8
Elevation with television
100
AcDbLine
 10
288.5229921259843
 20
9.133858267716535
 30
0.0
 11
288.5229921259843
 21
11.811023622047244
 31
0.0
  0
LWPOLYLINE
  5
2C3
330
17
100
AcDbEntity
  8
Elevation with television
100
AcDbPolyline
 90
5
 70
0
 10
274.2974015748032
 20
11.811023622047244
 10
276.97456692913386
 20
11.811023622047244
 10
276.97456692913386
 20
9.133858267716533
 10
274.2974015748032
 20
9.133858267716533
 10
274.2974015748032
 20
11.811023622047244
  0
LINE
  5
2C4
330
17
100
AcDbEntity
  8
Elevation with television
100
AcDbLine
 10
274.2974015748032
 20
11.811023622047244
 30
0.0
 11
276.97456692913386
 21
9.133858267716535
 31
0.0
  0
LINE
  5
2C5
330
17
100
AcDbEntity
  8
Elevation with television
100
AcDbLine
 10
276.97456692913386
 20
11.811023622047244
 30
0.0
 11
274.2974015748032
 21
9.133858267716535
 31
0.0
  0
LWPOLYLINE
  5
2C6
330
17
100
AcDbEntity
  8
Elevation with television
100
AcDbPolyline
 90
5
 70
0
 10
275.2879527559055
 20
10.820472440944883
 10
275.98401574803154
 20
10.820472440944883
 10
275.98401574803154
 20
10.12440944881891
 10
275.2879527559055
 20
10.12440944881891
 10
275.2879527559055
 20
10.820472440944883
  0
LWPOLYLINE
  5
2C7
330
17
100
AcDbEntity
  8
Elevation with television
100
AcDbPolyline
 90
5
 70
0
 10
292.28952755905516
 20
11.811023622047244
 10
294.9666929133858
 20
11.811023622047244
 10
294.9666929133858
 20
9.133858267716533
 10
292.28952755905516
 20
9.133858267716533
 10
292.28952755905516
 20
11.811023622047244
  0
LINE
  5
2C8
330
17
100
AcDbEntity
  8
Elevation with television
100
AcDbLine
 10
292.28952755905516
 20
11.811023622047244
 30
0.0
 11
294.9666929133858
 21
9.133858267716535
 31
0.0
  0
LINE
  5
2C9
330
17
100
AcDbEntity
  8
Elevation with television
100
AcDbLine
 10
294.9666929133858
 20
11.811023622047244
 30
0.0
 11
292.28952755905516
 21
9.133858267716535
 31
0.0
  0
LWPOLYLINE
  5
2CA
330
17
100
AcDbEntity
  8
Elevation with television
100
AcDbPolyline
 90
5
 70
0
 10
293.2800787401575
 20
10.820472440944883
 10
293.9761417322835
 20
10.820472440944883
 10
293.9761417322835
 20
10.12440944881891
 10
293.2800787401575
 20
10.12440944881891
 10
293.2800787401575
 20
10.820472440944883
  0
LINE
  5
2CB
330
17
100
AcDbEntity
  8
Elevation with television
100
AcDbLine
 10
284.47456692913386
 20
11.811023622047244
 30
0.0
 11
284.47456692913386
 21
22.74133858267717
 31
0.0
  0
LINE
  5
2CC
330
17
100
AcDbEntity
  8
Elevation with television
100
AcDbLine
 10
287.4666929133858
 20
11.811023622047244
 30
0.0
 11
287.4666929133858
 21
22.74133858267717
 31
0.0
  0
LINE
  5
2CD
330
17
100
AcDbEntity
  8
Elevation with television
100
AcDbLine
 10
284.47456692913386
 20
22.74133858267717
 30
0.0
 11
287.4666929133858
 21
22.74133858267717
 31
0.0
  0
LWPOLYLINE
  5
2CE
330
17
100
AcDbEntity
  8
Elevation with television
100
AcDbPolyline
 90
5
 70
0
 10
274.2974015748032
 20
77.19488188976378
 10
276.97456692913386
 20
77.19488188976378
 10
276.97456692913386
 20
74.51771653543307
 10
274.2974015748032
 20
74.51771653543307
 10
274.2974015748032
 20
77.19488188976378
  0
LINE
  5
2CF
330
17
100
AcDbEntity
  8
Elevation with television
100
AcDbLine
 10
274.2974015748032
 20
77.19488188976378
 30
0.0
 11
276.97456692913386
 21
74.51771653543307
 31
0.0
  0
LINE
  5
2D0
330
17
100
AcDbEntity
  8
Elevation with television
100
AcDbLine
 10
276.97456692913386
 20
77.19488188976378
 30
0.0
 11
274.2974015748032
 21
74.51771653543307
 31
0.0
  0
LWPOLYLINE
  5
2D1
330
17
100
AcDbEntity
  8
Elevation with television
100
AcDbPolyline
 90
5
 70
0
 10
275.2879527559055
 20
76.20433070866142
 10
275.98401574803154
 20
76.20433070866142
 10
275.98401574803154
 20
75.50826771653544
 10
275.2879527559055
 20
75.50826771653544
 10
275.2879527559055
 20
76.20433070866142
  0
LWPOLYLINE
  5
2D2
330
17
100
AcDbEntity
  8
Elevation with television
100
AcDbPolyline
 90
5
 70
0
 10
292.28952755905516
 20
77.19488188976378
 10
294.9666929133858
 20
77.19488188976378
 10
294.9666929133858
 20
74.51771653543307
 10
292.28952755905516
 20
74.51771653543307
 10
292.28952755905516
 20
77.19488188976378
  0
LINE
  5
2D3
330
17
100
AcDbEntity
  8
Elevation with television
100
AcDbLine
 10
292.28952755905516
 20
77.19488188976378
 30
0.0
 11
294.9666929133858
 21
74.51771653543307
 31
0.0
  0
LINE
  5
2D4
330
17
100
AcDbEntity
  8
Elevation with television
100
AcDbLine
 10
294.9666929133858
 20
77.19488188976378
 30
0.0
 11
292.28952755905516
 21
74.51771653543307
 31
0.0
  0
LWPOLYLINE
  5
2D5
330
17
100
AcDbEntity
  8
Elevation with television
100
AcDbPolyline
 90
5
 70
0
 10
293.2800787401575
 20
76.20433070866142
 10
293.9761417322835
 20
76.20433070866142
 10
293.9761417322835
 20
75.50826771653544
 10
293.2800787401575
 20
75.50826771653544
 10
293.2800787401575
 20
76.20433070866142
  0
LWPOLYLINE
  5
2D6
330
17
100
AcDbEntity
  8
Elevation with television
100
AcDbPolyline
 90
5
 70
0
 10
274.2974015748032
 20
55.846456692913385
 10
276.97456692913386
 20
55.846456692913385
 10
276.97456692913386
 20
53.169291338582674
 10
274.2974015748032
 20
53.169291338582674
 10
274.2974015748032
 20
55.846456692913385
  0
LINE
  5
2D7
330
17
100
AcDbEntity
  8
Elevation with television
100
AcDbLine
 10
274.2974015748032
 20
55.846456692913385
 30
0.0
 11
276.97456692913386
 21
53.169291338582674
 31
0.0
  0
LINE
  5
2D8
330
17
100
AcDbEntity
  8
Elevation with television
100
AcDbLine
 10
276.97456692913386
 20
55.846456692913385
 30
0.0
 11
274.2974015748032
 21
53.169291338582674
 31
0.0
  0
LWPOLYLINE
  5
2D9
330
17
100
AcDbEntity
  8
Elevation with television
100
AcDbPolyline
 90
5
 70
0
 10
275.2879527559055
 20
54.85590551181102
 10
275.98401574803154
 20
54.85590551181102
 10
275.98401574803154
 20
54.15984251968503
 10
275.2879527559055
 20
54.15984251968503
 10
275.2879527559055
 20
54.85590551181102
  0
LWPOLYLINE
  5
2DA
330
17
100
AcDbEntity
  8
Elevation with television
100
AcDbPolyline
 90
5
 70
0
 10
292.28952755905516
 20
55.846456692913385
 10
294.9666929133858
 20
55.846456692913385
 10
294.9666929133858
 20
53.169291338582674
 10
292.28952755905516
 20
53.169291338582674
 10
292.28952755905516
 20
55.846456692913385
  0
LINE
  5
2DB
330
17
100
AcDbEntity
  8
Elevation with television
100
AcDbLine
 10
292.28952755905516
 20
55.846456692913385
 30
0.0
 11
294.9666929133858
 21
53.169291338582674
 31
0.0
  0
LINE
  5
2DC
330
17
100
AcDbEntity
  8
Elevation with television
100
AcDbLine
 10
294.9666929133858
 20
55.846456692913385
 30
0.0
 11
292.28952755905516
 21
53.169291338582674
 31
0.0
  0
LWPOLYLINE
  5
2DD
330
17
100
AcDbEntity
  8
Elevation with television
100
AcDbPolyline
 90
5
 70
0
 10
293.2800787401575
 20
54.85590551181102
 10
293.9761417322835
 20
54.85590551181102
 10
293.9761417322835
 20
54.15984251968503
 10
293.2800787401575
 20
54.15984251968503
 10
293.2800787401575
 20
54.85590551181102
  0
LWPOLYLINE
  5
2DE
330
17
100
AcDbEntity
  8
Elevation with television
100
AcDbPolyline
 90
5
 70
0
 10
274.2974015748032
 20
34.49803149606299
 10
276.97456692913386
 20
34.49803149606299
 10
276.97456692913386
 20
31.82086614173228
 10
274.2974015748032
 20
31.82086614173228
 10
274.2974015748032
 20
34.49803149606299
  0
LINE
  5
2DF
330
17
100
AcDbEntity
  8
Elevation with television
100
AcDbLine
 10
274.2974015748032
 20
34.49803149606299
 30
0.0
 11
276.97456692913386
 21
31.82086614173228
 31
0.0
  0
LINE
  5
2E0
330
17
100
AcDbEntity
  8
Elevation with television
100
AcDbLine
 10
276.97456692913386
 20
34.49803149606299
 30
0.0
 11
274.2974015748032
 21
31.82086614173228
 31
0.0
  0
LWPOLYLINE
  5
2E1
330
17
100
AcDbEntity
  8
Elevation with television
100
AcDbPolyline
 90
5
 70
0
 10
275.2879527559055
 20
33.50748031496063
 10
275.98401574803154
 20
33.50748031496063
 10
275.98401574803154
 20
32.81141732283464
 10
275.2879527559055
 20
32.81141732283464
 10
275.2879527559055
 20
33.50748031496063
  0
LWPOLYLINE
  5
2E2
330
17
100
AcDbEntity
  8
Elevation with television
100
AcDbPolyline
 90
5
 70
0
 10
292.28952755905516
 20
34.49803149606299
 10
294.9666929133858
 20
34.49803149606299
 10
294.9666929133858
 20
31.82086614173228
 10
292.28952755905516
 20
31.82086614173228
 10
292.28952755905516
 20
34.49803149606299
  0
LINE
  5
2E3
330
17
100
AcDbEntity
  8
Elevation with television
100
AcDbLine
 10
292.28952755905516
 20
34.49803149606299
 30
0.0
 11
294.9666929133858
 21
31.82086614173228
 31
0.0
  0
LINE
  5
2E4
330
17
100
AcDbEntity
  8
Elevation with television
100
AcDbLine
 10
294.9666929133858
 20
34.49803149606299
 30
0.0
 11
292.28952755905516
 21
31.82086614173228
 31
0.0
  0
LWPOLYLINE
  5
2E5
330
17
100
AcDbEntity
  8
Elevation with television
100
AcDbPolyline
 90
5
 70
0
 10
293.2800787401575
 20
33.50748031496063
 10
293.9761417322835
 20
33.50748031496063
 10
293.9761417322835
 20
32.81141732283464
 10
293.2800787401575
 20
32.81141732283464
 10
293.2800787401575
 20
33.50748031496063
  0
LINE
  5
2E6
330
17
100
AcDbEntity
  8
Elevation with television
100
AcDbLine
 10
298.9824409448819
 20
109.01574803149606
 30
0.0
 11
298.9824409448819
 21
0.0
 31
0.0
  0
LINE
  5
2E7
330
17
100
AcDbEntity
  8
Elevation with television
100
AcDbLine
 10
314.2974015748032
 20
109.01574803149606
 30
0.0
 11
314.2974015748032
 21
0.0
 31
0.0
  0
LINE
  5
2E8
330
17
100
AcDbEntity
  8
Elevation with television
100
AcDbLine
 10
296.3052755905512
 20
97.20472440944881
 30
0.0
 11
316.97456692913386
 21
97.20472440944881
 31
0.0
  0
LINE
  5
2E9
330
17
100
AcDbEntity
  8
Elevation with television
100
AcDbLine
 10
296.3052755905512
 20
107.35590551181103
 30
0.0
 11
316.97456692913386
 21
107.35590551181103
 31
0.0
  0
LINE
  5
2EA
330
17
100
AcDbEntity
  8
Elevation with television
100
AcDbLine
 10
296.3052755905512
 20
99.88188976377953
 30
0.0
 11
316.97456692913386
 21
99.88188976377953
 31
0.0
  0
LINE
  5
2EB
330
17
100
AcDbEntity
  8
Elevation with television
100
AcDbLine
 10
302.0454330708662
 20
109.01574803149606
 30
0.0
 11
302.0454330708662
 21
107.35590551181103
 31
0.0
  0
LINE
  5
2EC
330
17
100
AcDbEntity
  8
Elevation with television
100
AcDbLine
 10
305.1084251968504
 20
109.01574803149606
 30
0.0
 11
305.1084251968504
 21
107.35590551181103
 31
0.0
  0
LINE
  5
2ED
330
17
100
AcDbEntity
  8
Elevation with television
100
AcDbLine
 10
308.17141732283466
 20
109.01574803149606
 30
0.0
 11
308.17141732283466
 21
107.35590551181103
 31
0.0
  0
LINE
  5
2EE
330
17
100
AcDbEntity
  8
Elevation with television
100
AcDbLine
 10
311.23440944881895
 20
109.01574803149606
 30
0.0
 11
311.23440944881895
 21
107.35590551181103
 31
0.0
  0
LINE
  5
2EF
330
17
100
AcDbEntity
  8
Elevation with television
100
AcDbLine
 10
304.0875590551181
 20
107.35590551181103
 30
0.0
 11
304.0875590551181
 21
99.88188976377953
 31
0.0
  0
LINE
  5
2F0
330
17
100
AcDbEntity
  8
Elevation with television
100
AcDbLine
 10
309.1922834645669
 20
107.35590551181103
 30
0.0
 11
309.1922834645669
 21
99.88188976377953
 31
0.0
  0
LINE
  5
2F1
330
17
100
AcDbEntity
  8
Elevation with television
100
AcDbLine
 10
304.0875590551181
 20
99.88188976377953
 30
0.0
 11
304.0875590551181
 21
97.20472440944881
 31
0.0
  0
LINE
  5
2F2
330
17
100
AcDbEntity
  8
Elevation with television
100
AcDbLine
 10
309.1922834645669
 20
99.88188976377953
 30
0.0
 11
309.1922834645669
 21
97.20472440944881
 31
0.0
  0
LWPOLYLINE
  5
2F3
330
17
100
AcDbEntity
  8
Elevation with television
100
AcDbPolyline
 90
5
 70
0
 10
294.9666929133858
 20
99.88188976377953
 10
297.64385826771655
 20
99.88188976377953
 10
297.64385826771655
 20
97.20472440944881
 10
294.9666929133858
 20
97.20472440944881
 10
294.9666929133858
 20
99.88188976377953
  0
LINE
  5
2F4
330
17
100
AcDbEntity
  8
Elevation with television
100
AcDbLine
 10
294.9666929133858
 20
99.88188976377953
 30
0.0
 11
297.64385826771655
 21
97.20472440944881
 31
0.0
  0
LINE
  5
2F5
330
17
100
AcDbEntity
  8
Elevation with television
100
AcDbLine
 10
297.64385826771655
 20
99.88188976377953
 30
0.0
 11
294.9666929133858
 21
97.20472440944881
 31
0.0
  0
LWPOLYLINE
  5
2F6
330
17
100
AcDbEntity
  8
Elevation with television
100
AcDbPolyline
 90
5
 70
0
 10
295.9572440944882
 20
98.89133858267716
 10
296.6533070866142
 20
98.89133858267716
 10
296.6533070866142
 20
98.19527559055118
 10
295.9572440944882
 20
98.19527559055118
 10
295.9572440944882
 20
98.89133858267716
  0
LWPOLYLINE
  5
2F7
330
17
100
AcDbEntity
  8
Elevation with television
100
AcDbPolyline
 90
5
 70
0
 10
312.9588188976378
 20
99.88188976377953
 10
315.6359842519685
 20
99.88188976377953
 10
315.6359842519685
 20
97.20472440944881
 10
312.9588188976378
 20
97.20472440944881
 10
312.9588188976378
 20
99.88188976377953
  0
LINE
  5
2F8
330
17
100
AcDbEntity
  8
Elevation with television
100
AcDbLine
 10
312.9588188976378
 20
99.88188976377953
 30
0.0
 11
315.6359842519685
 21
97.20472440944881
 31
0.0
  0
LINE
  5
2F9
330
17
100
AcDbEntity
  8
Elevation with television
100
AcDbLine
 10
315.6359842519685
 20
99.88188976377953
 30
0.0
 11
312.9588188976378
 21
97.20472440944881
 31
0.0
  0
LWPOLYLINE
  5
2FA
330
17
100
AcDbEntity
  8
Elevation with television
100
AcDbPolyline
 90
5
 70
0
 10
313.9493700787402
 20
98.89133858267716
 10
314.64543307086615
 20
98.89133858267716
 10
314.64543307086615
 20
98.19527559055118
 10
313.9493700787402
 20
98.19527559055118
 10
313.9493700787402
 20
98.89133858267716
  0
LINE
  5
2FB
330
17
100
AcDbEntity
  8
Elevation with television
100
AcDbLine
 10
305.14385826771655
 20
97.20472440944881
 30
0.0
 11
305.14385826771655
 21
86.27440944881889
 31
0.0
  0
LINE
  5
2FC
330
17
100
AcDbEntity
  8
Elevation with television
100
AcDbLine
 10
308.1359842519685
 20
97.20472440944881
 30
0.0
 11
308.1359842519685
 21
86.27440944881889
 31
0.0
  0
LINE
  5
2FD
330
17
100
AcDbEntity
  8
Elevation with television
100
AcDbLine
 10
305.14385826771655
 20
86.27440944881889
 30
0.0
 11
308.1359842519685
 21
86.27440944881889
 31
0.0
  0
LINE
  5
2FE
330
17
100
AcDbEntity
  8
Elevation with television
100
AcDbLine
 10
296.3052755905512
 20
11.811023622047244
 30
0.0
 11
316.97456692913386
 21
11.811023622047244
 31
0.0
  0
LINE
  5
2FF
330
17
100
AcDbEntity
  8
Elevation with television
100
AcDbLine
 10
296.3052755905512
 20
1.6598425196850337
 30
0.0
 11
316.97456692913386
 21
1.6598425196850337
 31
0.0
  0
LINE
  5
300
330
17
100
AcDbEntity
  8
Elevation with television
100
AcDbLine
 10
296.3052755905512
 20
9.133858267716535
 30
0.0
 11
316.97456692913386
 21
9.133858267716535
 31
0.0
  0
LINE
  5
301
330
17
100
AcDbEntity
  8
Elevation with television
100
AcDbLine
 10
302.0454330708662
 20
0.0
 30
0.0
 11
302.0454330708662
 21
1.6598425196850337
 31
0.0
  0
LINE
  5
302
330
17
100
AcDbEntity
  8
Elevation with television
100
AcDbLine
 10
305.1084251968504
 20
0.0
 30
0.0
 11
305.1084251968504
 21
1.6598425196850337
 31
0.0
  0
LINE
  5
303
330
17
100
AcDbEntity
  8
Elevation with television
100
AcDbLine
 10
308.17141732283466
 20
0.0
 30
0.0
 11
308.17141732283466
 21
1.6598425196850337
 31
0.0
  0
LINE
  5
304
330
17
100
AcDbEntity
  8
Elevation with television
100
AcDbLine
 10
311.23440944881895
 20
0.0
 30
0.0
 11
311.23440944881895
 21
1.6598425196850337
 31
0.0
  0
LINE
  5
305
330
17
100
AcDbEntity
  8
Elevation with television
100
AcDbLine
 10
304.0875590551181
 20
1.6598425196850337
 30
0.0
 11
304.0875590551181
 21
9.133858267716535
 31
0.0
  0
LINE
  5
306
330
17
100
AcDbEntity
  8
Elevation with television
100
AcDbLine
 10
309.1922834645669
 20
1.6598425196850337
 30
0.0
 11
309.1922834645669
 21
9.133858267716535
 31
0.0
  0
LINE
  5
307
330
17
100
AcDbEntity
  8
Elevation with television
100
AcDbLine
 10
304.0875590551181
 20
9.133858267716535
 30
0.0
 11
304.0875590551181
 21
11.811023622047244
 31
0.0
  0
LINE
  5
308
330
17
100
AcDbEntity
  8
Elevation with television
100
AcDbLine
 10
309.1922834645669
 20
9.133858267716535
 30
0.0
 11
309.1922834645669
 21
11.811023622047244
 31
0.0
  0
LWPOLYLINE
  5
309
330
17
100
AcDbEntity
  8
Elevation with television
100
AcDbPolyline
 90
5
 70
0
 10
294.9666929133858
 20
11.811023622047244
 10
297.64385826771655
 20
11.811023622047244
 10
297.64385826771655
 20
9.133858267716533
 10
294.9666929133858
 20
9.133858267716533
 10
294.9666929133858
 20
11.811023622047244
  0
LINE
  5
30A
330
17
100
AcDbEntity
  8
Elevation with television
100
AcDbLine
 10
294.9666929133858
 20
11.811023622047244
 30
0.0
 11
297.64385826771655
 21
9.133858267716535
 31
0.0
  0
LINE
  5
30B
330
17
100
AcDbEntity
  8
Elevation with television
100
AcDbLine
 10
297.64385826771655
 20
11.811023622047244
 30
0.0
 11
294.9666929133858
 21
9.133858267716535
 31
0.0
  0
LWPOLYLINE
  5
30C
330
17
100
AcDbEntity
  8
Elevation with television
100
AcDbPolyline
 90
5
 70
0
 10
295.9572440944882
 20
10.820472440944883
 10
296.6533070866142
 20
10.820472440944883
 10
296.6533070866142
 20
10.12440944881891
 10
295.9572440944882
 20
10.12440944881891
 10
295.9572440944882
 20
10.820472440944883
  0
LWPOLYLINE
  5
30D
330
17
100
AcDbEntity
  8
Elevation with television
100
AcDbPolyline
 90
5
 70
0
 10
312.9588188976378
 20
11.811023622047244
 10
315.6359842519685
 20
11.811023622047244
 10
315.6359842519685
 20
9.133858267716533
 10
312.9588188976378
 20
9.133858267716533
 10
312.9588188976378
 20
11.811023622047244
  0
LINE
  5
30E
330
17
100
AcDbEntity
  8
Elevation with television
100
AcDbLine
 10
312.9588188976378
 20
11.811023622047244
 30
0.0
 11
315.6359842519685
 21
9.133858267716535
 31
0.0
  0
LINE
  5
30F
330
17
100
AcDbEntity
  8
Elevation with television
100
AcDbLine
 10
315.6359842519685
 20
11.811023622047244
 30
0.0
 11
312.9588188976378
 21
9.133858267716535
 31
0.0
  0
LWPOLYLINE
  5
310
330
17
100
AcDbEntity
  8
Elevation with television
100
AcDbPolyline
 90
5
 70
0
 10
313.9493700787402
 20
10.820472440944883
 10
314.64543307086615
 20
10.820472440944883
 10
314.64543307086615
 20
10.12440944881891
 10
313.9493700787402
 20
10.12440944881891
 10
313.9493700787402
 20
10.820472440944883
  0
LINE
  5
311
330
17
100
AcDbEntity
  8
Elevation with television
100
AcDbLine
 10
305.14385826771655
 20
11.811023622047244
 30
0.0
 11
305.14385826771655
 21
22.74133858267717
 31
0.0
  0
LINE
  5
312
330
17
100
AcDbEntity
  8
Elevation with television
100
AcDbLine
 10
308.1359842519685
 20
11.811023622047244
 30
0.0
 11
308.1359842519685
 21
22.74133858267717
 31
0.0
  0
LINE
  5
313
330
17
100
AcDbEntity
  8
Elevation with television
100
AcDbLine
 10
305.14385826771655
 20
22.74133858267717
 30
0.0
 11
308.1359842519685
 21
22.74133858267717
 31
0.0
  0
LWPOLYLINE
  5
314
330
17
100
AcDbEntity
  8
Elevation with television
100
AcDbPolyline
 90
5
 70
0
 10
294.9666929133858
 20
77.19488188976378
 10
297.64385826771655
 20
77.19488188976378
 10
297.64385826771655
 20
74.51771653543307
 10
294.9666929133858
 20
74.51771653543307
 10
294.9666929133858
 20
77.19488188976378
  0
LINE
  5
315
330
17
100
AcDbEntity
  8
Elevation with television
100
AcDbLine
 10
294.9666929133858
 20
77.19488188976378
 30
0.0
 11
297.64385826771655
 21
74.51771653543307
 31
0.0
  0
LINE
  5
316
330
17
100
AcDbEntity
  8
Elevation with television
100
AcDbLine
 10
297.64385826771655
 20
77.19488188976378
 30
0.0
 11
294.9666929133858
 21
74.51771653543307
 31
0.0
  0
LWPOLYLINE
  5
317
330
17
100
AcDbEntity
  8
Elevation with television
100
AcDbPolyline
 90
5
 70
0
 10
295.9572440944882
 20
76.20433070866142
 10
296.6533070866142
 20
76.20433070866142
 10
296.6533070866142
 20
75.50826771653544
 10
295.9572440944882
 20
75.50826771653544
 10
295.9572440944882
 20
76.20433070866142
  0
LWPOLYLINE
  5
318
330
17
100
AcDbEntity
  8
Elevation with television
100
AcDbPolyline
 90
5
 70
0
 10
312.9588188976378
 20
77.19488188976378
 10
315.6359842519685
 20
77.19488188976378
 10
315.6359842519685
 20
74.51771653543307
 10
312.9588188976378
 20
74.51771653543307
 10
312.9588188976378
 20
77.19488188976378
  0
LINE
  5
319
330
17
100
AcDbEntity
  8
Elevation with television
100
AcDbLine
 10
312.9588188976378
 20
77.19488188976378
 30
0.0
 11
315.6359842519685
 21
74.51771653543307
 31
0.0
  0
LINE
  5
31A
330
17
100
AcDbEntity
  8
Elevation with television
100
AcDbLine
 10
315.6359842519685
 20
77.19488188976378
 30
0.0
 11
312.9588188976378
 21
74.51771653543307
 31
0.0
  0
LWPOLYLINE
  5
31B
330
17
100
AcDbEntity
  8
Elevation with television
100
AcDbPolyline
 90
5
 70
0
 10
313.9493700787402
 20
76.20433070866142
 10
314.64543307086615
 20
76.20433070866142
 10
314.64543307086615
 20
75.50826771653544
 10
313.9493700787402
 20
75.50826771653544
 10
313.9493700787402
 20
76.20433070866142
  0
LWPOLYLINE
  5
31C
330
17
100
AcDbEntity
  8
Elevation with television
100
AcDbPolyline
 90
5
 70
0
 10
294.9666929133858
 20
55.846456692913385
 10
297.64385826771655
 20
55.846456692913385
 10
297.64385826771655
 20
53.169291338582674
 10
294.9666929133858
 20
53.169291338582674
 10
294.9666929133858
 20
55.846456692913385
  0
LINE
  5
31D
330
17
100
AcDbEntity
  8
Elevation with television
100
AcDbLine
 10
294.9666929133858
 20
55.846456692913385
 30
0.0
 11
297.64385826771655
 21
53.169291338582674
 31
0.0
  0
LINE
  5
31E
330
17
100
AcDbEntity
  8
Elevation with television
100
AcDbLine
 10
297.64385826771655
 20
55.846456692913385
 30
0.0
 11
294.9666929133858
 21
53.169291338582674
 31
0.0
  0
LWPOLYLINE
  5
31F
330
17
100
AcDbEntity
  8
Elevation with television
100
AcDbPolyline
 90
5
 70
0
 10
295.9572440944882
 20
54.85590551181102
 10
296.6533070866142
 20
54.85590551181102
 10
296.6533070866142
 20
54.15984251968503
 10
295.9572440944882
 20
54.15984251968503
 10
295.9572440944882
 20
54.85590551181102
  0
LWPOLYLINE
  5
320
330
17
100
AcDbEntity
  8
Elevation with television
100
AcDbPolyline
 90
5
 70
0
 10
312.9588188976378
 20
55.846456692913385
 10
315.6359842519685
 20
55.846456692913385
 10
315.6359842519685
 20
53.169291338582674
 10
312.9588188976378
 20
53.169291338582674
 10
312.9588188976378
 20
55.846456692913385
  0
LINE
  5
321
330
17
100
AcDbEntity
  8
Elevation with television
100
AcDbLine
 10
312.9588188976378
 20
55.846456692913385
 30
0.0
 11
315.6359842519685
 21
53.169291338582674
 31
0.0
  0
LINE
  5
322
330
17
100
AcDbEntity
  8
Elevation with television
100
AcDbLine
 10
315.6359842519685
 20
55.846456692913385
 30
0.0
 11
312.9588188976378
 21
53.169291338582674
 31
0.0
  0
LWPOLYLINE
  5
323
330
17
100
AcDbEntity
  8
Elevation with television
100
AcDbPolyline
 90
5
 70
0
 10
313.9493700787402
 20
54.85590551181102
 10
314.64543307086615
 20
54.85590551181102
 10
314.64543307086615
 20
54.15984251968503
 10
313.9493700787402
 20
54.15984251968503
 10
313.9493700787402
 20
54.85590551181102
  0
LWPOLYLINE
  5
324
330
17
100
AcDbEntity
  8
Elevation with television
100
AcDbPolyline
 90
5
 70
0
 10
294.9666929133858
 20
34.49803149606299
 10
297.64385826771655
 20
34.49803149606299
 10
297.64385826771655
 20
31.82086614173228
 10
294.9666929133858
 20
31.82086614173228
 10
294.9666929133858
 20
34.49803149606299
  0
LINE
  5
325
330
17
100
AcDbEntity
  8
Elevation with television
100
AcDbLine
 10
294.9666929133858
 20
34.49803149606299
 30
0.0
 11
297.64385826771655
 21
31.82086614173228
 31
0.0
  0
LINE
  5
326
330
17
100
AcDbEntity
  8
Elevation with television
100
AcDbLine
 10
297.64385826771655
 20
34.49803149606299
 30
0.0
 11
294.9666929133858
 21
31.82086614173228
 31
0.0
  0
LWPOLYLINE
  5
327
330
17
100
AcDbEntity
  8
Elevation with television
100
AcDbPolyline
 90
5
 70
0
 10
295.9572440944882
 20
33.50748031496063
 10
296.6533070866142
 20
33.50748031496063
 10
296.6533070866142
 20
32.81141732283464
 10
295.9572440944882
 20
32.81141732283464
 10
295.9572440944882
 20
33.50748031496063
  0
LWPOLYLINE
  5
328
330
17
100
AcDbEntity
  8
Elevation with television
100
AcDbPolyline
 90
5
 70
0
 10
312.9588188976378
 20
34.49803149606299
 10
315.6359842519685
 20
34.49803149606299
 10
315.6359842519685
 20
31.82086614173228
 10
312.9588188976378
 20
31.82086614173228
 10
312.9588188976378
 20
34.49803149606299
  0
LINE
  5
329
330
17
100
AcDbEntity
  8
Elevation with television
100
AcDbLine
 10
312.9588188976378
 20
34.49803149606299
 30
0.0
 11
315.6359842519685
 21
31.82086614173228
 31
0.0
  0
LINE
  5
32A
330
17
100
AcDbEntity
  8
Elevation with television
100
AcDbLine
 10
315.6359842519685
 20
34.49803149606299
 30
0.0
 11
312.9588188976378
 21
31.82086614173228
 31
0.0
  0
LWPOLYLINE
  5
32B
330
17
100
AcDbEntity
  8
Elevation with television
100
AcDbPolyline
 90
5
 70
0
 10
313.9493700787402
 20
33.50748031496063
 10
314.64543307086615
 20
33.50748031496063
 10
314.64543307086615
 20
32.81141732283464
 10
313.9493700787402
 20
32.81141732283464
 10
313.9493700787402
 20
33.50748031496063
  0
LINE
  5
32C
330
17
100
AcDbEntity
  8
Elevation with television
100
AcDbLine
 10
319.6517322834646
 20
109.01574803149606
 30
0.0
 11
319.6517322834646
 21
0.0
 31
0.0
  0
LINE
  5
32D
330
17
100
AcDbEntity
  8
Elevation with television
100
AcDbLine
 10
334.9662992125984
 20
109.01574803149606
 30
0.0
 11
334.9662992125984
 21
0.0
 31
0.0
  0
LINE
  5
32E
330
17
100
AcDbEntity
  8
Elevation with television
100
AcDbLine
 10
316.97456692913386
 20
97.20472440944881
 30
0.0
 11
337.64346456692914
 21
97.20472440944881
 31
0.0
  0
LINE
  5
32F
330
17
100
AcDbEntity
  8
Elevation with television
100
AcDbLine
 10
316.97456692913386
 20
107.35590551181103
 30
0.0
 11
337.64346456692914
 21
107.35590551181103
 31
0.0
  0
LINE
  5
330
330
17
100
AcDbEntity
  8
Elevation with television
100
AcDbLine
 10
316.97456692913386
 20
99.88188976377953
 30
0.0
 11
337.64346456692914
 21
99.88188976377953
 31
0.0
  0
LINE
  5
331
330
17
100
AcDbEntity
  8
Elevation with television
100
AcDbLine
 10
322.7147244094489
 20
109.01574803149606
 30
0.0
 11
322.7147244094489
 21
107.35590551181103
 31
0.0
  0
LINE
  5
332
330
17
100
AcDbEntity
  8
Elevation with television
100
AcDbLine
 10
325.7777165354331
 20
109.01574803149606
 30
0.0
 11
325.7777165354331
 21
107.35590551181103
 31
0.0
  0
LINE
  5
333
330
17
100
AcDbEntity
  8
Elevation with television
100
AcDbLine
 10
328.84031496063
 20
109.01574803149606
 30
0.0
 11
328.84031496063
 21
107.35590551181103
 31
0.0
  0
LINE
  5
334
330
17
100
AcDbEntity
  8
Elevation with television
100
AcDbLine
 10
331.90330708661423
 20
109.01574803149606
 30
0.0
 11
331.90330708661423
 21
107.35590551181103
 31
0.0
  0
LINE
  5
335
330
17
100
AcDbEntity
  8
Elevation with television
100
AcDbLine
 10
324.7564566929134
 20
107.35590551181103
 30
0.0
 11
324.7564566929134
 21
99.88188976377953
 31
0.0
  0
LINE
  5
336
330
17
100
AcDbEntity
  8
Elevation with television
100
AcDbLine
 10
329.8615748031496
 20
107.35590551181103
 30
0.0
 11
329.8615748031496
 21
99.88188976377953
 31
0.0
  0
LINE
  5
337
330
17
100
AcDbEntity
  8
Elevation with television
100
AcDbLine
 10
324.7564566929134
 20
99.88188976377953
 30
0.0
 11
324.7564566929134
 21
97.20472440944881
 31
0.0
  0
LINE
  5
338
330
17
100
AcDbEntity
  8
Elevation with television
100
AcDbLine
 10
329.8615748031496
 20
99.88188976377953
 30
0.0
 11
329.8615748031496
 21
97.20472440944881
 31
0.0
  0
LWPOLYLINE
  5
339
330
17
100
AcDbEntity
  8
Elevation with television
100
AcDbPolyline
 90
5
 70
0
 10
315.6359842519685
 20
99.88188976377953
 10
318.31314960629925
 20
99.88188976377953
 10
318.31314960629925
 20
97.20472440944881
 10
315.6359842519685
 20
97.20472440944881
 10
315.6359842519685
 20
99.88188976377953
  0
LINE
  5
33A
330
17
100
AcDbEntity
  8
Elevation with television
100
AcDbLine
 10
315.6359842519685
 20
99.88188976377953
 30
0.0
 11
318.31314960629925
 21
97.20472440944881
 31
0.0
  0
LINE
  5
33B
330
17
100
AcDbEntity
  8
Elevation with television
100
AcDbLine
 10
318.31314960629925
 20
99.88188976377953
 30
0.0
 11
315.6359842519685
 21
97.20472440944881
 31
0.0
  0
LWPOLYLINE
  5
33C
330
17
100
AcDbEntity
  8
Elevation with television
100
AcDbPolyline
 90
5
 70
0
 10
316.6265354330709
 20
98.89133858267716
 10
317.3225984251969
 20
98.89133858267716
 10
317.3225984251969
 20
98.19527559055118
 10
316.6265354330709
 20
98.19527559055118
 10
316.6265354330709
 20
98.89133858267716
  0
LWPOLYLINE
  5
33D
330
17
100
AcDbEntity
  8
Elevation with television
100
AcDbPolyline
 90
5
 70
0
 10
333.6277165354331
 20
99.88188976377953
 10
336.3048818897638
 20
99.88188976377953
 10
336.3048818897638
 20
97.20472440944881
 10
333.6277165354331
 20
97.20472440944881
 10
333.6277165354331
 20
99.88188976377953
  0
LINE
  5
33E
330
17
100
AcDbEntity
  8
Elevation with television
100
AcDbLine
 10
333.6277165354331
 20
99.88188976377953
 30
0.0
 11
336.3048818897638
 21
97.20472440944881
 31
0.0
  0
LINE
  5
33F
330
17
100
AcDbEntity
  8
Elevation with television
100
AcDbLine
 10
336.3048818897638
 20
99.88188976377953
 30
0.0
 11
333.6277165354331
 21
97.20472440944881
 31
0.0
  0
LWPOLYLINE
  5
340
330
17
100
AcDbEntity
  8
Elevation with television
100
AcDbPolyline
 90
5
 70
0
 10
334.61826771653546
 20
98.89133858267716
 10
335.31433070866143
 20
98.89133858267716
 10
335.31433070866143
 20
98.19527559055118
 10
334.61826771653546
 20
98.19527559055118
 10
334.61826771653546
 20
98.89133858267716
  0
LINE
  5
341
330
17
100
AcDbEntity
  8
Elevation with television
100
AcDbLine
 10
325.81275590551184
 20
97.20472440944881
 30
0.0
 11
325.81275590551184
 21
86.27440944881889
 31
0.0
  0
LINE
  5
342
330
17
100
AcDbEntity
  8
Elevation with television
100
AcDbLine
 10
328.8048818897638
 20
97.20472440944881
 30
0.0
 11
328.8048818897638
 21
86.27440944881889
 31
0.0
  0
LINE
  5
343
330
17
100
AcDbEntity
  8
Elevation with television
100
AcDbLine
 10
325.81275590551184
 20
86.27440944881889
 30
0.0
 11
328.8048818897638
 21
86.27440944881889
 31
0.0
  0
LINE
  5
344
330
17
100
AcDbEntity
  8
Elevation with television
100
AcDbLine
 10
316.97456692913386
 20
11.811023622047244
 30
0.0
 11
337.64346456692914
 21
11.811023622047244
 31
0.0
  0
LINE
  5
345
330
17
100
AcDbEntity
  8
Elevation with television
100
AcDbLine
 10
316.97456692913386
 20
1.6598425196850337
 30
0.0
 11
337.64346456692914
 21
1.6598425196850337
 31
0.0
  0
LINE
  5
346
330
17
100
AcDbEntity
  8
Elevation with television
100
AcDbLine
 10
316.97456692913386
 20
9.133858267716535
 30
0.0
 11
337.64346456692914
 21
9.133858267716535
 31
0.0
  0
LINE
  5
347
330
17
100
AcDbEntity
  8
Elevation with television
100
AcDbLine
 10
322.7147244094489
 20
0.0
 30
0.0
 11
322.7147244094489
 21
1.6598425196850337
 31
0.0
  0
LINE
  5
348
330
17
100
AcDbEntity
  8
Elevation with television
100
AcDbLine
 10
325.7777165354331
 20
0.0
 30
0.0
 11
325.7777165354331
 21
1.6598425196850337
 31
0.0
  0
LINE
  5
349
330
17
100
AcDbEntity
  8
Elevation with television
100
AcDbLine
 10
328.84031496063
 20
0.0
 30
0.0
 11
328.84031496063
 21
1.6598425196850337
 31
0.0
  0
LINE
  5
34A
330
17
100
AcDbEntity
  8
Elevation with television
100
AcDbLine
 10
331.90330708661423
 20
0.0
 30
0.0
 11
331.90330708661423
 21
1.6598425196850337
 31
0.0
  0
LINE
  5
34B
330
17
100
AcDbEntity
  8
Elevation with television
100
AcDbLine
 10
324.7564566929134
 20
1.6598425196850337
 30
0.0
 11
324.7564566929134
 21
9.133858267716535
 31
0.0
  0
LINE
  5
34C
330
17
100
AcDbEntity
  8
Elevation with television
100
AcDbLine
 10
329.8615748031496
 20
1.6598425196850337
 30
0.0
 11
329.8615748031496
 21
9.133858267716535
 31
0.0
  0
LINE
  5
34D
330
17
100
AcDbEntity
  8
Elevation with television
100
AcDbLine
 10
324.7564566929134
 20
9.133858267716535
 30
0.0
 11
324.7564566929134
 21
11.811023622047244
 31
0.0
  0
LINE
  5
34E
330
17
100
AcDbEntity
  8
Elevation with television
100
AcDbLine
 10
329.8615748031496
 20
9.133858267716535
 30
0.0
 11
329.8615748031496
 21
11.811023622047244
 31
0.0
  0
LWPOLYLINE
  5
34F
330
17
100
AcDbEntity
  8
Elevation with television
100
AcDbPolyline
 90
5
 70
0
 10
315.6359842519685
 20
11.811023622047244
 10
318.31314960629925
 20
11.811023622047244
 10
318.31314960629925
 20
9.133858267716533
 10
315.6359842519685
 20
9.133858267716533
 10
315.6359842519685
 20
11.811023622047244
  0
LINE
  5
350
330
17
100
AcDbEntity
  8
Elevation with television
100
AcDbLine
 10
315.6359842519685
 20
11.811023622047244
 30
0.0
 11
318.31314960629925
 21
9.133858267716535
 31
0.0
  0
LINE
  5
351
330
17
100
AcDbEntity
  8
Elevation with television
100
AcDbLine
 10
318.31314960629925
 20
11.811023622047244
 30
0.0
 11
315.6359842519685
 21
9.133858267716535
 31
0.0
  0
LWPOLYLINE
  5
352
330
17
100
AcDbEntity
  8
Elevation with television
100
AcDbPolyline
 90
5
 70
0
 10
316.6265354330709
 20
10.820472440944883
 10
317.3225984251969
 20
10.820472440944883
 10
317.3225984251969
 20
10.12440944881891
 10
316.6265354330709
 20
10.12440944881891
 10
316.6265354330709
 20
10.820472440944883
  0
LWPOLYLINE
  5
353
330
17
100
AcDbEntity
  8
Elevation with television
100
AcDbPolyline
 90
5
 70
0
 10
333.6277165354331
 20
11.811023622047244
 10
336.3048818897638
 20
11.811023622047244
 10
336.3048818897638
 20
9.133858267716533
 10
333.6277165354331
 20
9.133858267716533
 10
333.6277165354331
 20
11.811023622047244
  0
LINE
  5
354
330
17
100
AcDbEntity
  8
Elevation with television
100
AcDbLine
 10
333.6277165354331
 20
11.811023622047244
 30
0.0
 11
336.3048818897638
 21
9.133858267716535
 31
0.0
  0
LINE
  5
355
330
17
100
AcDbEntity
  8
Elevation with television
100
AcDbLine
 10
336.3048818897638
 20
11.811023622047244
 30
0.0
 11
333.6277165354331
 21
9.133858267716535
 31
0.0
  0
LWPOLYLINE
  5
356
330
17
100
AcDbEntity
  8
Elevation with television
100
AcDbPolyline
 90
5
 70
0
 10
334.61826771653546
 20
10.820472440944883
 10
335.31433070866143
 20
10.820472440944883
 10
335.31433070866143
 20
10.12440944881891
 10
334.61826771653546
 20
10.12440944881891
 10
334.61826771653546
 20
10.820472440944883
  0
LINE
  5
357
330
17
100
AcDbEntity
  8
Elevation with television
100
AcDbLine
 10
325.81275590551184
 20
11.811023622047244
 30
0.0
 11
325.81275590551184
 21
22.74133858267717
 31
0.0
  0
LINE
  5
358
330
17
100
AcDbEntity
  8
Elevation with television
100
AcDbLine
 10
328.8048818897638
 20
11.811023622047244
 30
0.0
 11
328.8048818897638
 21
22.74133858267717
 31
0.0
  0
LINE
  5
359
330
17
100
AcDbEntity
  8
Elevation with television
100
AcDbLine
 10
325.81275590551184
 20
22.74133858267717
 30
0.0
 11
328.8048818897638
 21
22.74133858267717
 31
0.0
  0
LWPOLYLINE
  5
35A
330
17
100
AcDbEntity
  8
Elevation with television
100
AcDbPolyline
 90
5
 70
0
 10
315.6359842519685
 20
77.19488188976378
 10
318.31314960629925
 20
77.19488188976378
 10
318.31314960629925
 20
74.51771653543307
 10
315.6359842519685
 20
74.51771653543307
 10
315.6359842519685
 20
77.19488188976378
  0
LINE
  5
35B
330
17
100
AcDbEntity
  8
Elevation with television
100
AcDbLine
 10
315.6359842519685
 20
77.19488188976378
 30
0.0
 11
318.31314960629925
 21
74.51771653543307
 31
0.0
  0
LINE
  5
35C
330
17
100
AcDbEntity
  8
Elevation with television
100
AcDbLine
 10
318.31314960629925
 20
77.19488188976378
 30
0.0
 11
315.6359842519685
 21
74.51771653543307
 31
0.0
  0
LWPOLYLINE
  5
35D
330
17
100
AcDbEntity
  8
Elevation with television
100
AcDbPolyline
 90
5
 70
0
 10
316.6265354330709
 20
76.20433070866142
 10
317.3225984251969
 20
76.20433070866142
 10
317.3225984251969
 20
75.50826771653544
 10
316.6265354330709
 20
75.50826771653544
 10
316.6265354330709
 20
76.20433070866142
  0
LWPOLYLINE
  5
35E
330
17
100
AcDbEntity
  8
Elevation with television
100
AcDbPolyline
 90
5
 70
0
 10
333.6277165354331
 20
77.19488188976378
 10
336.3048818897638
 20
77.19488188976378
 10
336.3048818897638
 20
74.51771653543307
 10
333.6277165354331
 20
74.51771653543307
 10
333.6277165354331
 20
77.19488188976378
  0
LINE
  5
35F
330
17
100
AcDbEntity
  8
Elevation with television
100
AcDbLine
 10
333.6277165354331
 20
77.19488188976378
 30
0.0
 11
336.3048818897638
 21
74.51771653543307
 31
0.0
  0
LINE
  5
360
330
17
100
AcDbEntity
  8
Elevation with television
100
AcDbLine
 10
336.3048818897638
 20
77.19488188976378
 30
0.0
 11
333.6277165354331
 21
74.51771653543307
 31
0.0
  0
LWPOLYLINE
  5
361
330
17
100
AcDbEntity
  8
Elevation with television
100
AcDbPolyline
 90
5
 70
0
 10
334.61826771653546
 20
76.20433070866142
 10
335.31433070866143
 20
76.20433070866142
 10
335.31433070866143
 20
75.50826771653544
 10
334.61826771653546
 20
75.50826771653544
 10
334.61826771653546
 20
76.20433070866142
  0
LWPOLYLINE
  5
362
330
17
100
AcDbEntity
  8
Elevation with television
100
AcDbPolyline
 90
5
 70
0
 10
315.6359842519685
 20
55.846456692913385
 10
318.31314960629925
 20
55.846456692913385
 10
318.31314960629925
 20
53.169291338582674
 10
315.6359842519685
 20
53.169291338582674
 10
315.6359842519685
 20
55.846456692913385
  0
LINE
  5
363
330
17
100
AcDbEntity
  8
Elevation with television
100
AcDbLine
 10
315.6359842519685
 20
55.846456692913385
 30
0.0
 11
318.31314960629925
 21
53.169291338582674
 31
0.0
  0
LINE
  5
364
330
17
100
AcDbEntity
  8
Elevation with television
100
AcDbLine
 10
318.31314960629925
 20
55.846456692913385
 30
0.0
 11
315.6359842519685
 21
53.169291338582674
 31
0.0
  0
LWPOLYLINE
  5
365
330
17
100
AcDbEntity
  8
Elevation with television
100
AcDbPolyline
 90
5
 70
0
 10
316.6265354330709
 20
54.85590551181102
 10
317.3225984251969
 20
54.85590551181102
 10
317.3225984251969
 20
54.15984251968503
 10
316.6265354330709
 20
54.15984251968503
 10
316.6265354330709
 20
54.85590551181102
  0
LWPOLYLINE
  5
366
330
17
100
AcDbEntity
  8
Elevation with television
100
AcDbPolyline
 90
5
 70
0
 10
333.6277165354331
 20
55.846456692913385
 10
336.3048818897638
 20
55.846456692913385
 10
336.3048818897638
 20
53.169291338582674
 10
333.6277165354331
 20
53.169291338582674
 10
333.6277165354331
 20
55.846456692913385
  0
LINE
  5
367
330
17
100
AcDbEntity
  8
Elevation with television
100
AcDbLine
 10
333.6277165354331
 20
55.846456692913385
 30
0.0
 11
336.3048818897638
 21
53.169291338582674
 31
0.0
  0
LINE
  5
368
330
17
100
AcDbEntity
  8
Elevation with television
100
AcDbLine
 10
336.3048818897638
 20
55.846456692913385
 30
0.0
 11
333.6277165354331
 21
53.169291338582674
 31
0.0
  0
LWPOLYLINE
  5
369
330
17
100
AcDbEntity
  8
Elevation with television
100
AcDbPolyline
 90
5
 70
0
 10
334.61826771653546
 20
54.85590551181102
 10
335.31433070866143
 20
54.85590551181102
 10
335.31433070866143
 20
54.15984251968503
 10
334.61826771653546
 20
54.15984251968503
 10
334.61826771653546
 20
54.85590551181102
  0
LWPOLYLINE
  5
36A
330
17
100
AcDbEntity
  8
Elevation with television
100
AcDbPolyline
 90
5
 70
0
 10
315.6359842519685
 20
34.49803149606299
 10
318.31314960629925
 20
34.49803149606299
 10
318.31314960629925
 20
31.82086614173228
 10
315.6359842519685
 20
31.82086614173228
 10
315.6359842519685
 20
34.49803149606299
  0
LINE
  5
36B
330
17
100
AcDbEntity
  8
Elevation with television
100
AcDbLine
 10
315.6359842519685
 20
34.49803149606299
 30
0.0
 11
318.31314960629925
 21
31.82086614173228
 31
0.0
  0
LINE
  5
36C
330
17
100
AcDbEntity
  8
Elevation with television
100
AcDbLine
 10
318.31314960629925
 20
34.49803149606299
 30
0.0
 11
315.6359842519685
 21
31.82086614173228
 31
0.0
  0
LWPOLYLINE
  5
36D
330
17
100
AcDbEntity
  8
Elevation with television
100
AcDbPolyline
 90
5
 70
0
 10
316.6265354330709
 20
33.50748031496063
 10
317.3225984251969
 20
33.50748031496063
 10
317.3225984251969
 20
32.81141732283464
 10
316.6265354330709
 20
32.81141732283464
 10
316.6265354330709
 20
33.50748031496063
  0
LWPOLYLINE
  5
36E
330
17
100
AcDbEntity
  8
Elevation with television
100
AcDbPolyline
 90
5
 70
0
 10
333.6277165354331
 20
34.49803149606299
 10
336.3048818897638
 20
34.49803149606299
 10
336.3048818897638
 20
31.82086614173228
 10
333.6277165354331
 20
31.82086614173228
 10
333.6277165354331
 20
34.49803149606299
  0
LINE
  5
36F
330
17
100
AcDbEntity
  8
Elevation with television
100
AcDbLine
 10
333.6277165354331
 20
34.49803149606299
 30
0.0
 11
336.3048818897638
 21
31.82086614173228
 31
0.0
  0
LINE
  5
370
330
17
100
AcDbEntity
  8
Elevation with television
100
AcDbLine
 10
336.3048818897638
 20
34.49803149606299
 30
0.0
 11
333.6277165354331
 21
31.82086614173228
 31
0.0
  0
LWPOLYLINE
  5
371
330
17
100
AcDbEntity
  8
Elevation with television
100
AcDbPolyline
 90
5
 70
0
 10
334.61826771653546
 20
33.50748031496063
 10
335.31433070866143
 20
33.50748031496063
 10
335.31433070866143
 20
32.81141732283464
 10
334.61826771653546
 20
32.81141732283464
 10
334.61826771653546
 20
33.50748031496063
  0
LINE
  5
372
330
17
100
AcDbEntity
  8
Elevation with television
100
AcDbLine
 10
254.96708661417324
 20
109.01574803149606
 30
0.0
 11
254.96708661417324
 21
0.0
 31
0.0
  0
LINE
  5
373
330
17
100
AcDbEntity
  8
Elevation with television
100
AcDbLine
 10
275.6359842519685
 20
109.01574803149606
 30
0.0
 11
275.6359842519685
 21
0.0
 31
0.0
  0
LINE
  5
374
330
17
100
AcDbEntity
  8
Elevation with television
100
AcDbLine
 10
296.3052755905512
 20
109.01574803149606
 30
0.0
 11
296.3052755905512
 21
0.0
 31
0.0
  0
LINE
  5
375
330
17
100
AcDbEntity
  8
Elevation with television
100
AcDbLine
 10
316.97456692913386
 20
109.01574803149606
 30
0.0
 11
316.97456692913386
 21
0.0
 31
0.0
  0
LWPOLYLINE
  5
376
330
17
100
AcDbEntity
  8
Elevation with television
100
AcDbPolyline
 90
5
 70
0
 10
240.2033070866142
 20
103.11023622047244
 10
331.73795275590555
 20
103.11023622047244
 10
331.73795275590555
 20
5.905511811023615
 10
240.2033070866142
 20
5.905511811023615
 10
240.2033070866142
 20
103.11023622047244
  0
LWPOLYLINE
  5
377
330
17
100
AcDbEntity
  8
Elevation with television
100
AcDbPolyline
 90
5
 70
0
 10
250.8332283464567
 20
90.90551181102362
 10
321.108031496063
 20
90.90551181102362
 10
321.108031496063
 20
18.110236220472444
 10
250.8332283464567
 20
18.110236220472444
 10
250.8332283464567
 20
90.90551181102362
  0
LINE
  5
378
330
17
100
AcDbEntity
  8
Elevation with television
100
AcDbLine
 10
285.97062992125984
 20
103.11023622047244
 30
0.0
 11
285.97062992125984
 21
90.90551181102362
 31
0.0
  0
LINE
  5
379
330
17
100
AcDbEntity
  8
Elevation with television
100
AcDbLine
 10
285.97062992125984
 20
18.11023622047244
 30
0.0
 11
285.97062992125984
 21
5.905511811023622
 31
0.0
  0
LINE
  5
37A
330
17
100
AcDbEntity
  8
Elevation with television
100
AcDbLine
 10
240.2033070866142
 20
54.50787401574803
 30
0.0
 11
250.8332283464567
 21
54.50787401574803
 31
0.0
  0
LINE
  5
37B
330
17
100
AcDbEntity
  8
Elevation with television
100
AcDbLine
 10
321.108031496063
 20
54.50787401574803
 30
0.0
 11
331.7379527559055
 21
54.50787401574803
 31
0.0
  0
LWPOLYLINE
  5
37C
330
17
100
AcDbEntity
  8
Elevation with television
100
AcDbPolyline
 90
5
 70
0
 10
248.07732283464568
 20
93.66141732283464
 10
253.58913385826773
 20
93.66141732283464
 10
253.58913385826773
 20
88.14960629921259
 10
248.07732283464568
 20
88.14960629921259
 10
248.07732283464568
 20
93.66141732283464
  0
LINE
  5
37D
330
17
100
AcDbEntity
  8
Elevation with television
100
AcDbLine
 10
248.07732283464568
 20
93.66141732283464
 30
0.0
 11
253.58913385826773
 21
88.14960629921259
 31
0.0
  0
LINE
  5
37E
330
17
100
AcDbEntity
  8
Elevation with television
100
AcDbLine
 10
253.58913385826773
 20
93.66141732283464
 30
0.0
 11
248.07732283464568
 21
88.14960629921259
 31
0.0
  0
LWPOLYLINE
  5
37F
330
17
100
AcDbEntity
  8
Elevation with television
100
AcDbPolyline
 90
5
 70
0
 10
250.11669291338586
 20
91.62204724409449
 10
251.54976377952758
 20
91.62204724409449
 10
251.54976377952758
 20
90.18897637795276
 10
250.11669291338586
 20
90.18897637795276
 10
250.11669291338586
 20
91.62204724409449
  0
LWPOLYLINE
  5
380
330
17
100
AcDbEntity
  8
Elevation with television
100
AcDbPolyline
 90
5
 70
0
 10
318.352125984252
 20
93.66141732283464
 10
323.86393700787403
 20
93.66141732283464
 10
323.86393700787403
 20
88.14960629921259
 10
318.352125984252
 20
88.14960629921259
 10
318.352125984252
 20
93.66141732283464
  0
LINE
  5
381
330
17
100
AcDbEntity
  8
Elevation with television
100
AcDbLine
 10
318.352125984252
 20
93.66141732283464
 30
0.0
 11
323.86393700787403
 21
88.14960629921259
 31
0.0
  0
LINE
  5
382
330
17
100
AcDbEntity
  8
Elevation with television
100
AcDbLine
 10
323.86393700787403
 20
93.66141732283464
 30
0.0
 11
318.352125984252
 21
88.14960629921259
 31
0.0
  0
LWPOLYLINE
  5
383
330
17
100
AcDbEntity
  8
Elevation with television
100
AcDbPolyline
 90
5
 70
0
 10
320.39149606299213
 20
91.62204724409449
 10
321.8245669291339
 20
91.62204724409449
 10
321.8245669291339
 20
90.18897637795276
 10
320.39149606299213
 20
90.18897637795276
 10
320.39149606299213
 20
91.62204724409449
  0
LWPOLYLINE
  5
384
330
17
100
AcDbEntity
  8
Elevation with television
100
AcDbPolyline
 90
5
 70
0
 10
248.07732283464568
 20
20.866141732283467
 10
253.58913385826773
 20
20.866141732283467
 10
253.58913385826773
 20
15.354330708661422
 10
248.07732283464568
 20
15.354330708661422
 10
248.07732283464568
 20
20.866141732283467
  0
LINE
  5
385
330
17
100
AcDbEntity
  8
Elevation with television
100
AcDbLine
 10
248.07732283464568
 20
20.866141732283463
 30
0.0
 11
253.58913385826773
 21
15.354330708661417
 31
0.0
  0
LINE
  5
386
330
17
100
AcDbEntity
  8
Elevation with television
100
AcDbLine
 10
253.58913385826773
 20
20.866141732283463
 30
0.0
 11
248.07732283464568
 21
15.354330708661417
 31
0.0
  0
LWPOLYLINE
  5
387
330
17
100
AcDbEntity
  8
Elevation with television
100
AcDbPolyline
 90
5
 70
0
 10
250.11669291338586
 20
18.826771653543304
 10
251.54976377952758
 20
18.826771653543304
 10
251.54976377952758
 20
17.393700787401556
 10
250.11669291338586
 20
17.393700787401556
 10
250.11669291338586
 20
18.826771653543304
  0
LWPOLYLINE
  5
388
330
17
100
AcDbEntity
  8
Elevation with television
100
AcDbPolyline
 90
5
 70
0
 10
318.352125984252
 20
20.866141732283467
 10
323.86393700787403
 20
20.866141732283467
 10
323.86393700787403
 20
15.354330708661422
 10
318.352125984252
 20
15.354330708661422
 10
318.352125984252
 20
20.866141732283467
  0
LINE
  5
389
330
17
100
AcDbEntity
  8
Elevation with television
100
AcDbLine
 10
318.352125984252
 20
20.866141732283463
 30
0.0
 11
323.86393700787403
 21
15.354330708661417
 31
0.0
  0
LINE
  5
38A
330
17
100
AcDbEntity
  8
Elevation with television
100
AcDbLine
 10
323.86393700787403
 20
20.866141732283463
 30
0.0
 11
318.352125984252
 21
15.354330708661417
 31
0.0
  0
LWPOLYLINE
  5
38B
330
17
100
AcDbEntity
  8
Elevation with television
100
AcDbPolyline
 90
5
 70
0
 10
320.39149606299213
 20
18.826771653543304
 10
321.8245669291339
 20
18.826771653543304
 10
321.8245669291339
 20
17.393700787401556
 10
320.39149606299213
 20
17.393700787401556
 10
320.39149606299213
 20
18.826771653543304
  0
TEXT
  5
38C
330
17
100
AcDbEntity
  8
LABELS
100
AcDbText
 10
232.9592125984252
 20
111.37795275590551
 30
0.0
 40
2.0936850393700785
  1
ELEVATION WITH TELEVISION  (1:1, inches)
 11
232.9592125984252
 21
111.37795275590551
 31
0.0
100
AcDbText
  0
LWPOLYLINE
  5
38F
330
17
100
AcDbEntity
  8
Curve detail
100
AcDbPolyline
 90
5
 70
0
 10
353.45673228346465
 20
1.7614173228346455
 10
371.2409842519686
 20
13.00314960629921
 10
371.60043307086625
 20
10.668110236220473
 10
355.36145669291346
 20
0.36456692913385824
 10
353.45673228346465
 20
1.7614173228346455
  0
LWPOLYLINE
  5
390
330
17
100
AcDbEntity
  8
Curve detail
100
AcDbPolyline
 90
5
 70
0
 10
371.2409842519686
 20
13.00314960629921
 10
392.0685433070867
 20
13.393307086614174
 10
392.0685433070867
 20
11.031102362204724
 10
371.60043307086625
 20
10.668110236220473
 10
371.2409842519686
 20
13.00314960629921
  0
TEXT
  5
391
330
17
100
AcDbEntity
  8
LABELS
100
AcDbText
 10
353.3461023622048
 20
15.755511811023622
 30
0.0
 40
0.7957086614173228
  1
CURVE DETAIL  (1:1, inches)
 11
353.3461023622048
 21
15.755511811023622
 31
0.0
100
AcDbText
  0
TEXT
  5
392
330
17
100
AcDbEntity
  8
LABELS
100
AcDbText
 10
0.0
 20
-8.661417322834646
 30
0.0
 40
1.574803149606299
  1
Partition — leaded glass · AST-DR-010
 11
0.0
 21
-8.661417322834646
 31
0.0
100
AcDbText
  0
ENDSEC
  0
SECTION
  2
OBJECTS
  0
DICTIONARY
  5
A
330
0
100
AcDbDictionary
281
1
  3
ACAD_COLOR
350
B
  3
ACAD_GROUP
350
C
  3
ACAD_LAYOUT
350
D
  3
ACAD_MATERIAL
350
E
  3
ACAD_MLEADERSTYLE
350
F
  3
ACAD_MLINESTYLE
350
10
  3
ACAD_PLOTSETTINGS
350
11
  3
ACAD_PLOTSTYLENAME
350
12
  3
ACAD_SCALELIST
350
14
  3
ACAD_TABLESTYLE
350
15
  3
ACAD_VISUALSTYLE
350
16
  3
EZDXF_META
350
2D
  0
DICTIONARY
  5
B
330
A
100
AcDbDictionary
281
1
  0
DICTIONARY
  5
C
330
A
100
AcDbDictionary
281
1
  0
DICTIONARY
  5
D
330
A
100
AcDbDictionary
281
1
  3
Model
350
1A
  3
Layout1
350
1E
  0
DICTIONARY
  5
E
330
A
100
AcDbDictionary
281
1
  3
ByBlock
350
1F
  3
ByLayer
350
20
  3
Global
350
21
  0
DICTIONARY
  5
F
330
A
100
AcDbDictionary
281
1
  3
Standard
350
2C
  0
DICTIONARY
  5
10
330
A
100
AcDbDictionary
281
1
  3
Standard
350
22
  0
DICTIONARY
  5
11
330
A
100
AcDbDictionary
281
1
  0
ACDBDICTIONARYWDFLT
  5
12
330
A
100
AcDbDictionary
281
1
  3
Normal
350
13
100
AcDbDictionaryWithDefault
340
13
  0
ACDBPLACEHOLDER
  5
13
330
12
  0
DICTIONARY
  5
14
330
A
100
AcDbDictionary
281
1
  0
DICTIONARY
  5
15
330
A
100
AcDbDictionary
281
1
  0
DICTIONARY
  5
16
330
A
100
AcDbDictionary
281
1
  3
2dWireframe
350
5A
  3
Basic
350
5B
  3
Brighten
350
5C
  3
ColorChange
350
5D
  3
Conceptual
350
5E
  3
Dim
350
5F
  3
EdgeColorOff
350
60
  3
Facepattern
350
61
  3
Flat
350
62
  3
FlatWithEdges
350
63
  3
Gouraud
350
64
  3
GouraudWithEdges
350
65
  3
Hidden
350
66
  3
JitterOff
350
67
  3
Linepattern
350
68
  3
Modeling
350
69
  3
OverhangOff
350
6A
  3
Realistic
350
6B
  3
Shaded
350
6C
  3
Shaded with edges
350
6D
  3
Shades of Gray
350
6E
  3
Sketchy
350
6F
  3
Thicken
350
70
  3
Wireframe
350
71
  3
X-Ray
350
72
  0
LAYOUT
  5
1A
330
D
100
AcDbPlotSettings
  1

  4
A3
  6

 40
7.5
 41
20.0
 42
7.5
 43
20.0
 44
420.0
 45
297.0
 46
0.0
 47
0.0
 48
0.0
 49
0.0
140
0.0
141
0.0
142
1.0
143
1.0
 70
1024
 72
1
 73
0
 74
5
  7

 75
16
 76
0
 77
2
 78
300
147
1.0
148
0.0
149
0.0
100
AcDbLayout
  1
Model
 70
1
 71
0
 10
0.0
 20
0.0
 11
420.0
 21
297.0
 12
0.0
 22
0.0
 32
0.0
 14
1e+20
 24
1e+20
 34
1e+20
 15
-1e+20
 25
-1e+20
 35
-1e+20
146
0.0
 13
0.0
 23
0.0
 33
0.0
 16
1.0
 26
0.0
 36
0.0
 17
0.0
 27
1.0
 37
0.0
 76
1
330
17
  0
LAYOUT
  5
1E
330
D
100
AcDbPlotSettings
  1

  4
A3
  6

 40
7.5
 41
20.0
 42
7.5
 43
20.0
 44
420.0
 45
297.0
 46
0.0
 47
0.0
 48
0.0
 49
0.0
140
0.0
141
0.0
142
1.0
143
1.0
 70
0
 72
1
 73
0
 74
5
  7

 75
16
 76
0
 77
2
 78
300
147
1.0
148
0.0
149
0.0
100
AcDbLayout
  1
Layout1
 70
1
 71
1
 10
0.0
 20
0.0
 11
420.0
 21
297.0
 12
0.0
 22
0.0
 32
0.0
 14
1e+20
 24
1e+20
 34
1e+20
 15
-1e+20
 25
-1e+20
 35
-1e+20
146
0.0
 13
0.0
 23
0.0
 33
0.0
 16
1.0
 26
0.0
 36
0.0
 17
0.0
 27
1.0
 37
0.0
 76
1
330
1B
  0
MATERIAL
  5
1F
102
{ACAD_REACTORS
330
E
102
}
330
E
100
AcDbMaterial
  1
ByBlock
  2

 70
0
 40
1.0
 71
1
 41
1.0
 91
-1023410177
 42
1.0
 72
1
  3

 73
1
 74
1
 75
1
 44
0.5
 73
0
 45
1.0
 46
1.0
 77
1
  4

 78
1
 79
1
170
1
 48
1.0
171
1
  6

172
1
173
1
174
1
140
1.0
141
1.0
175
1
  7

176
1
177
1
178
1
143
1.0
179
1
  8

270
1
271
1
272
1
145
1.0
146
1.0
273
1
  9

274
1
275
1
276
1
 42
1.0
 72
1
  3

 73
1
 74
1
 75
1
 94
63
  0
MATERIAL
  5
20
102
{ACAD_REACTORS
330
E
102
}
330
E
100
AcDbMaterial
  1
ByLayer
  2

 70
0
 40
1.0
 71
1
 41
1.0
 91
-1023410177
 42
1.0
 72
1
  3

 73
1
 74
1
 75
1
 44
0.5
 73
0
 45
1.0
 46
1.0
 77
1
  4

 78
1
 79
1
170
1
 48
1.0
171
1
  6

172
1
173
1
174
1
140
1.0
141
1.0
175
1
  7

176
1
177
1
178
1
143
1.0
179
1
  8

270
1
271
1
272
1
145
1.0
146
1.0
273
1
  9

274
1
275
1
276
1
 42
1.0
 72
1
  3

 73
1
 74
1
 75
1
 94
63
  0
MATERIAL
  5
21
102
{ACAD_REACTORS
330
E
102
}
330
E
100
AcDbMaterial
  1
Global
  2

 70
0
 40
1.0
 71
1
 41
1.0
 91
-1023410177
 42
1.0
 72
1
  3

 73
1
 74
1
 75
1
 44
0.5
 73
0
 45
1.0
 46
1.0
 77
1
  4

 78
1
 79
1
170
1
 48
1.0
171
1
  6

172
1
173
1
174
1
140
1.0
141
1.0
175
1
  7

176
1
177
1
178
1
143
1.0
179
1
  8

270
1
271
1
272
1
145
1.0
146
1.0
273
1
  9

274
1
275
1
276
1
 42
1.0
 72
1
  3

 73
1
 74
1
 75
1
 94
63
  0
MLINESTYLE
  5
22
102
{ACAD_REACTORS
330
10
102
}
330
10
100
AcDbMlineStyle
  2
Standard
 70
0
  3

 62
256
 51
90.0
 52
90.0
 71
2
 49
0.5
 62
256
  6
BYLAYER
 49
-0.5
 62
256
  6
BYLAYER
  0
MLEADERSTYLE
  5
2C
102
{ACAD_REACTORS
330
F
102
}
330
F
100
AcDbMLeaderStyle
179
2
170
2
171
1
172
0
 90
2
 40
0.0
 41
0.0
173
1
 91
-1056964608
 92
-2
290
1
 42
2.0
291
1
 43
8.0
  3
Standard
 44
4.0
300

342
29
174
1
175
1
176
0
178
1
 93
-1056964608
 45
4.0
292
0
297
0
 46
4.0
 94
-1056964608
 47
1.0
 49
1.0
140
1.0
294
1
141
0.0
177
0
142
1.0
295
0
296
0
143
3.75
271
0
272
9
273
9
  0
DICTIONARY
  5
2D
330
A
100
AcDbDictionary
280
1
281
1
  3
CREATED_BY_EZDXF
350
2E
  3
WRITTEN_BY_EZDXF
350
395
  0
DICTIONARYVAR
  5
2E
330
2D
100
DictionaryVariables
280
0
  1
1.4.2 @ 2026-09-18T16:47:11.906069+00:00
  0
VISUALSTYLE
  5
5A
102
{ACAD_REACTORS
330
16
102
}
330
16
100
AcDbVisualStyle
  2
2dWireframe
 70
4
 90
0
 40
0.6
 62
7
290
0
291
0
  0
VISUALSTYLE
  5
5B
102
{ACAD_REACTORS
330
16
102
}
330
16
100
AcDbVisualStyle
  2
Basic
 70
7
 90
1
 40
0.6
 62
7
290
0
291
1
  0
VISUALSTYLE
  5
5C
102
{ACAD_REACTORS
330
16
102
}
330
16
100
AcDbVisualStyle
  2
Brighten
 70
12
 90
2
 40
0.6
 62
7
290
0
291
1
  0
VISUALSTYLE
  5
5D
102
{ACAD_REACTORS
330
16
102
}
330
16
100
AcDbVisualStyle
  2
ColorChange
 70
16
 90
2
 40
0.6
 62
8
290
0
291
1
  0
VISUALSTYLE
  5
5E
102
{ACAD_REACTORS
330
16
102
}
330
16
100
AcDbVisualStyle
  2
Conceptual
 70
9
 90
3
 40
0.6
 62
7
290
0
291
0
  0
VISUALSTYLE
  5
5F
102
{ACAD_REACTORS
330
16
102
}
330
16
100
AcDbVisualStyle
  2
Dim
 70
11
 90
2
 40
0.6
 62
7
290
0
291
1
  0
VISUALSTYLE
  5
60
102
{ACAD_REACTORS
330
16
102
}
330
16
100
AcDbVisualStyle
  2
EdgeColorOff
 70
22
 90
2
 40
0.6
 62
7
290
0
291
1
  0
VISUALSTYLE
  5
61
102
{ACAD_REACTORS
330
16
102
}
330
16
100
AcDbVisualStyle
  2
Facepattern
 70
15
 90
2
 40
0.6
 62
7
290
0
291
1
  0
VISUALSTYLE
  5
62
102
{ACAD_REACTORS
330
16
102
}
330
16
100
AcDbVisualStyle
  2
Flat
 70
0
 90
2
 40
0.6
 62
7
290
0
291
1
  0
VISUALSTYLE
  5
63
102
{ACAD_REACTORS
330
16
102
}
330
16
100
AcDbVisualStyle
  2
FlatWithEdges
 70
1
 90
2
 40
0.6
 62
7
290
0
291
1
  0
VISUALSTYLE
  5
64
102
{ACAD_REACTORS
330
16
102
}
330
16
100
AcDbVisualStyle
  2
Gouraud
 70
2
 90
2
 40
0.6
 62
7
290
0
291
1
  0
VISUALSTYLE
  5
65
102
{ACAD_REACTORS
330
16
102
}
330
16
100
AcDbVisualStyle
  2
GouraudWithEdges
 70
3
 90
2
 40
0.6
 62
7
290
0
291
1
  0
VISUALSTYLE
  5
66
102
{ACAD_REACTORS
330
16
102
}
330
16
100
AcDbVisualStyle
  2
Hidden
 70
6
 90
1
 40
0.6
 62
7
290
0
291
0
  0
VISUALSTYLE
  5
67
102
{ACAD_REACTORS
330
16
102
}
330
16
100
AcDbVisualStyle
  2
JitterOff
 70
20
 90
2
 40
0.6
 62
7
290
0
291
1
  0
VISUALSTYLE
  5
68
102
{ACAD_REACTORS
330
16
102
}
330
16
100
AcDbVisualStyle
  2
Linepattern
 70
14
 90
2
 40
0.6
 62
7
290
0
291
1
  0
VISUALSTYLE
  5
69
102
{ACAD_REACTORS
330
16
102
}
330
16
100
AcDbVisualStyle
  2
Modeling
 70
10
 90
2
 40
0.6
 62
7
290
0
291
0
  0
VISUALSTYLE
  5
6A
102
{ACAD_REACTORS
330
16
102
}
330
16
100
AcDbVisualStyle
  2
OverhangOff
 70
21
 90
2
 40
0.6
 62
7
290
0
291
1
  0
VISUALSTYLE
  5
6B
102
{ACAD_REACTORS
330
16
102
}
330
16
100
AcDbVisualStyle
  2
Realistic
 70
8
 90
2
 40
0.6
 62
7
290
0
291
0
  0
VISUALSTYLE
  5
6C
102
{ACAD_REACTORS
330
16
102
}
330
16
100
AcDbVisualStyle
  2
Shaded
 70
27
 90
2
 40
0.6
 62
7
290
0
291
0
  0
VISUALSTYLE
  5
6D
102
{ACAD_REACTORS
330
16
102
}
330
16
100
AcDbVisualStyle
  2
Shaded with edges
 70
26
 90
2
 40
0.6
 62
7
290
0
291
0
  0
VISUALSTYLE
  5
6E
102
{ACAD_REACTORS
330
16
102
}
330
16
100
AcDbVisualStyle
  2
Shades of Gray
 70
23
 90
2
 40
0.6
 62
7
290
0
291
0
  0
VISUALSTYLE
  5
6F
102
{ACAD_REACTORS
330
16
102
}
330
16
100
AcDbVisualStyle
  2
Sketchy
 70
24
 90
1
 40
0.6
 62
7
290
0
291
0
  0
VISUALSTYLE
  5
70
102
{ACAD_REACTORS
330
16
102
}
330
16
100
AcDbVisualStyle
  2
Thicken
 70
13
 90
2
 40
0.6
 62
7
290
0
291
1
  0
VISUALSTYLE
  5
71
102
{ACAD_REACTORS
330
16
102
}
330
16
100
AcDbVisualStyle
  2
Wireframe
 70
5
 90
0
 40
0.6
 62
7
290
0
291
0
  0
VISUALSTYLE
  5
72
102
{ACAD_REACTORS
330
16
102
}
330
16
100
AcDbVisualStyle
  2
X-Ray
 70
25
 90
2
 40
0.5
 62
7
290
0
291
0
  0
DICTIONARYVAR
  5
395
330
2D
100
DictionaryVariables
280
0
  1
1.4.2 @ 2026-09-18T16:47:12.036415+00:00
  0
ENDSEC
  0
EOF
