  0
SECTION
  2
HEADER
  9
$ACADVER
  1
AC1024
  9
$ACADMAINTVER
 70
6
  9
$DWGCODEPAGE
  3
ANSI_1252
  9
$LASTSAVEDBY
  1
ezdxf
  9
$INSBASE
 10
0.0
 20
0.0
 30
0.0
  9
$EXTMIN
 10
1e+20
 20
1e+20
 30
1e+20
  9
$EXTMAX
 10
-1e+20
 20
-1e+20
 30
-1e+20
  9
$LIMMIN
 10
0.0
 20
0.0
  9
$LIMMAX
 10
420.0
 20
297.0
  9
$ORTHOMODE
 70
0
  9
$REGENMODE
 70
1
  9
$FILLMODE
 70
1
  9
$QTEXTMODE
 70
0
  9
$MIRRTEXT
 70
1
  9
$LTSCALE
 40
1.0
  9
$ATTMODE
 70
1
  9
$TEXTSIZE
 40
2.5
  9
$TRACEWID
 40
1.0
  9
$TEXTSTYLE
  7
OpenSans
  9
$CLAYER
  8
0
  9
$CELTYPE
  6
ByLayer
  9
$CECOLOR
 62
256
  9
$CELTSCALE
 40
1.0
  9
$DISPSILH
 70
0
  9
$DIMSCALE
 40
1.0
  9
$DIMASZ
 40
0.175
  9
$DIMEXO
 40
0.125
  9
$DIMDLI
 40
3.75
  9
$DIMRND
 40
0.0
  9
$DIMDLE
 40
0.0
  9
$DIMEXE
 40
0.375
  9
$DIMTP
 40
0.0
  9
$DIMTM
 40
0.0
  9
$DIMTXT
 40
0.25
  9
$DIMCEN
 40
2.5
  9
$DIMTSZ
 40
0.0
  9
$DIMTOL
 70
0
  9
$DIMLIM
 70
0
  9
$DIMTIH
 70
0
  9
$DIMTOH
 70
0
  9
$DIMSE1
 70
0
  9
$DIMSE2
 70
0
  9
$DIMTAD
 70
1
  9
$DIMZIN
 70
12
  9
$DIMBLK
  1
ARCHTICK
  9
$DIMASO
 70
1
  9
$DIMSHO
 70
1
  9
$DIMPOST
  1

  9
$DIMAPOST
  1

  9
$DIMALT
 70
0
  9
$DIMALTD
 70
3
  9
$DIMALTF
 40
0.03937007874
  9
$DIMLFAC
 40
100.0
  9
$DIMTOFL
 70
1
  9
$DIMTVP
 40
0.0
  9
$DIMTIX
 70
0
  9
$DIMSOXD
 70
0
  9
$DIMSAH
 70
0
  9
$DIMBLK1
  1

  9
$DIMBLK2
  1

  9
$DIMSTYLE
  2
EZDXF
  9
$DIMCLRD
 70
0
  9
$DIMCLRE
 70
0
  9
$DIMCLRT
 70
0
  9
$DIMTFAC
 40
0.5
  9
$DIMGAP
 40
0.1
  9
$DIMJUST
 70
0
  9
$DIMSD1
 70
0
  9
$DIMSD2
 70
0
  9
$DIMTOLJ
 70
0
  9
$DIMTZIN
 70
8
  9
$DIMALTZ
 70
0
  9
$DIMALTTZ
 70
0
  9
$DIMUPT
 70
1
  9
$DIMDEC
 70
2
  9
$DIMTDEC
 70
2
  9
$DIMALTU
 70
2
  9
$DIMALTTD
 70
3
  9
$DIMTXSTY
  7
OpenSansCondensed-Light
  9
$DIMAUNIT
 70
0
  9
$DIMADEC
 70
2
  9
$DIMALTRND
 40
0.0
  9
$DIMAZIN
 70
3
  9
$DIMDSEP
 70
46
  9
$DIMATFIT
 70
3
  9
$DIMFRAC
 70
0
  9
$DIMLDRBLK
  1

  9
$DIMLUNIT
 70
2
  9
$DIMLWD
 70
-2
  9
$DIMLWE
 70
-2
  9
$DIMTMOVE
 70
2
  9
$DIMFXL
 40
1.0
  9
$DIMFXLON
 70
0
  9
$DIMJOGANG
 40
0.785398163397
  9
$DIMTFILL
 70
0
  9
$DIMTFILLCLR
 70
0
  9
$DIMARCSYM
 70
0
  9
$DIMLTYPE
  6

  9
$DIMLTEX1
  6

  9
$DIMLTEX2
  6

  9
$DIMTXTDIRECTION
 70
0
  9
$LUNITS
 70
2
  9
$LUPREC
 70
4
  9
$SKETCHINC
 40
1.0
  9
$FILLETRAD
 40
10.0
  9
$AUNITS
 70
0
  9
$AUPREC
 70
2
  9
$MENU
  1
.
  9
$ELEVATION
 40
0.0
  9
$PELEVATION
 40
0.0
  9
$THICKNESS
 40
0.0
  9
$LIMCHECK
 70
0
  9
$CHAMFERA
 40
0.0
  9
$CHAMFERB
 40
0.0
  9
$CHAMFERC
 40
0.0
  9
$CHAMFERD
 40
0.0
  9
$SKPOLY
 70
0
  9
$TDCREATE
 40
2461301.1264236113
  9
$TDUCREATE
 40
2458532.153996898
  9
$TDUPDATE
 40
2461301.1264236113
  9
$TDUUPDATE
 40
2458532.1544311
  9
$TDINDWG
 40
0.0
  9
$TDUSRTIMER
 40
0.0
  9
$USRTIMER
 70
1
  9
$ANGBASE
 50
0.0
  9
$ANGDIR
 70
0
  9
$PDMODE
 70
0
  9
$PDSIZE
 40
0.0
  9
$PLINEWID
 40
0.0
  9
$SPLFRAME
 70
0
  9
$SPLINETYPE
 70
6
  9
$SPLINESEGS
 70
8
  9
$HANDSEED
  5
5D0
  9
$SURFTAB1
 70
6
  9
$SURFTAB2
 70
6
  9
$SURFTYPE
 70
6
  9
$SURFU
 70
6
  9
$SURFV
 70
6
  9
$UCSBASE
  2

  9
$UCSNAME
  2

  9
$UCSORG
 10
0.0
 20
0.0
 30
0.0
  9
$UCSXDIR
 10
1.0
 20
0.0
 30
0.0
  9
$UCSYDIR
 10
0.0
 20
1.0
 30
0.0
  9
$UCSORTHOREF
  2

  9
$UCSORTHOVIEW
 70
0
  9
$UCSORGTOP
 10
0.0
 20
0.0
 30
0.0
  9
$UCSORGBOTTOM
 10
0.0
 20
0.0
 30
0.0
  9
$UCSORGLEFT
 10
0.0
 20
0.0
 30
0.0
  9
$UCSORGRIGHT
 10
0.0
 20
0.0
 30
0.0
  9
$UCSORGFRONT
 10
0.0
 20
0.0
 30
0.0
  9
$UCSORGBACK
 10
0.0
 20
0.0
 30
0.0
  9
$PUCSBASE
  2

  9
$PUCSNAME
  2

  9
$PUCSORG
 10
0.0
 20
0.0
 30
0.0
  9
$PUCSXDIR
 10
1.0
 20
0.0
 30
0.0
  9
$PUCSYDIR
 10
0.0
 20
1.0
 30
0.0
  9
$PUCSORTHOREF
  2

  9
$PUCSORTHOVIEW
 70
0
  9
$PUCSORGTOP
 10
0.0
 20
0.0
 30
0.0
  9
$PUCSORGBOTTOM
 10
0.0
 20
0.0
 30
0.0
  9
$PUCSORGLEFT
 10
0.0
 20
0.0
 30
0.0
  9
$PUCSORGRIGHT
 10
0.0
 20
0.0
 30
0.0
  9
$PUCSORGFRONT
 10
0.0
 20
0.0
 30
0.0
  9
$PUCSORGBACK
 10
0.0
 20
0.0
 30
0.0
  9
$USERI1
 70
0
  9
$USERI2
 70
0
  9
$USERI3
 70
0
  9
$USERI4
 70
0
  9
$USERI5
 70
0
  9
$USERR1
 40
0.0
  9
$USERR2
 40
0.0
  9
$USERR3
 40
0.0
  9
$USERR4
 40
0.0
  9
$USERR5
 40
0.0
  9
$WORLDVIEW
 70
1
  9
$SHADEDGE
 70
3
  9
$SHADEDIF
 70
70
  9
$TILEMODE
 70
1
  9
$MAXACTVP
 70
64
  9
$PINSBASE
 10
0.0
 20
0.0
 30
0.0
  9
$PLIMCHECK
 70
0
  9
$PEXTMIN
 10
1e+20
 20
1e+20
 30
1e+20
  9
$PEXTMAX
 10
-1e+20
 20
-1e+20
 30
-1e+20
  9
$PLIMMIN
 10
0.0
 20
0.0
  9
$PLIMMAX
 10
420.0
 20
297.0
  9
$UNITMODE
 70
0
  9
$VISRETAIN
 70
1
  9
$PLINEGEN
 70
0
  9
$PSLTSCALE
 70
1
  9
$TREEDEPTH
 70
3020
  9
$CMLSTYLE
  2
Standard
  9
$CMLJUST
 70
0
  9
$CMLSCALE
 40
20.0
  9
$PROXYGRAPHICS
 70
1
  9
$MEASUREMENT
 70
1
  9
$CELWEIGHT
370
-1
  9
$ENDCAPS
280
0
  9
$JOINSTYLE
280
0
  9
$LWDISPLAY
290
0
  9
$INSUNITS
 70
4
  9
$HYPERLINKBASE
  1

  9
$STYLESHEET
  1

  9
$XEDIT
290
1
  9
$CEPSNTYPE
380
0
  9
$PSTYLEMODE
290
1
  9
$FINGERPRINTGUID
  2
{AD264402-A351-4026-9B87-F792AABD994D}
  9
$VERSIONGUID
  2
{5384B537-BF54-4477-9EE8-BCF3B3816BA7}
  9
$EXTNAMES
290
1
  9
$PSVPSCALE
 40
0.0
  9
$OLESTARTUP
290
0
  9
$SORTENTS
280
127
  9
$INDEXCTL
280
0
  9
$HIDETEXT
280
1
  9
$XCLIPFRAME
280
1
  9
$HALOGAP
280
0
  9
$OBSCOLOR
 70
257
  9
$OBSLTYPE
280
0
  9
$INTERSECTIONDISPLAY
280
0
  9
$INTERSECTIONCOLOR
 70
257
  9
$DIMASSOC
280
2
  9
$PROJECTNAME
  1

  9
$CAMERADISPLAY
290
0
  9
$LENSLENGTH
 40
50.0
  9
$CAMERAHEIGHT
 40
0.0
  9
$STEPSPERSEC
 40
24.0
  9
$STEPSIZE
 40
100.0
  9
$3DDWFPREC
 40
2.0
  9
$PSOLWIDTH
 40
0.005
  9
$PSOLHEIGHT
 40
0.08
  9
$LOFTANG1
 40
1.570796326795
  9
$LOFTANG2
 40
1.570796326795
  9
$LOFTMAG1
 40
0.0
  9
$LOFTMAG2
 40
0.0
  9
$LOFTPARAM
 70
7
  9
$LOFTNORMALS
280
1
  9
$LATITUDE
 40
37.795
  9
$LONGITUDE
 40
-122.394
  9
$NORTHDIRECTION
 40
0.0
  9
$TIMEZONE
 70
-8000
  9
$LIGHTGLYPHDISPLAY
280
1
  9
$TILEMODELIGHTSYNCH
280
1
  9
$CMATERIAL
347
20
  9
$SOLIDHIST
280
0
  9
$SHOWHIST
280
1
  9
$DWFFRAME
280
2
  9
$DGNFRAME
280
2
  9
$REALWORLDSCALE
290
1
  9
$INTERFERECOLOR
 62
256
  9
$CSHADOW
280
0
  9
$SHADOWPLANELOCATION
 40
0.0
  0
ENDSEC
  0
SECTION
  2
CLASSES
  0
CLASS
  1
ACDBDICTIONARYWDFLT
  2
AcDbDictionaryWithDefault
  3
ObjectDBX Classes
 90
0
 91
0
280
0
281
0
  0
CLASS
  1
SUN
  2
AcDbSun
  3
SCENEOE
 90
1153
 91
0
280
0
281
0
  0
CLASS
  1
VISUALSTYLE
  2
AcDbVisualStyle
  3
ObjectDBX Classes
 90
4095
 91
0
280
0
281
0
  0
CLASS
  1
MATERIAL
  2
AcDbMaterial
  3
ObjectDBX Classes
 90
1153
 91
0
280
0
281
0
  0
CLASS
  1
SCALE
  2
AcDbScale
  3
ObjectDBX Classes
 90
1153
 91
0
280
0
281
0
  0
CLASS
  1
TABLESTYLE
  2
AcDbTableStyle
  3
ObjectDBX Classes
 90
4095
 91
0
280
0
281
0
  0
CLASS
  1
MLEADERSTYLE
  2
AcDbMLeaderStyle
  3
ACDB_MLEADERSTYLE_CLASS
 90
4095
 91
0
280
0
281
0
  0
CLASS
  1
DICTIONARYVAR
  2
AcDbDictionaryVar
  3
ObjectDBX Classes
 90
0
 91
0
280
0
281
0
  0
CLASS
  1
CELLSTYLEMAP
  2
AcDbCellStyleMap
  3
ObjectDBX Classes
 90
1152
 91
0
280
0
281
0
  0
CLASS
  1
MENTALRAYRENDERSETTINGS
  2
AcDbMentalRayRenderSettings
  3
SCENEOE
 90
1024
 91
0
280
0
281
0
  0
CLASS
  1
ACDBDETAILVIEWSTYLE
  2
AcDbDetailViewStyle
  3
ObjectDBX Classes
 90
1025
 91
0
280
0
281
0
  0
CLASS
  1
ACDBSECTIONVIEWSTYLE
  2
AcDbSectionViewStyle
  3
ObjectDBX Classes
 90
1025
 91
0
280
0
281
0
  0
CLASS
  1
RASTERVARIABLES
  2
AcDbRasterVariables
  3
ISM
 90
0
 91
0
280
0
281
0
  0
CLASS
  1
LAYOUT
  2
AcDbLayout
  3
ObjectDBX Classes
 90
0
 91
0
280
0
281
0
  0
CLASS
  1
ACDBPLACEHOLDER
  2
AcDbPlaceHolder
  3
ObjectDBX Classes
 90
0
 91
0
280
0
281
0
  0
ENDSEC
  0
SECTION
  2
TABLES
  0
TABLE
  2
VPORT
  5
8
330
0
100
AcDbSymbolTable
 70
1
  0
VPORT
  5
23
330
8
100
AcDbSymbolTableRecord
100
AcDbViewportTableRecord
  2
*Active
 70
0
 10
0.0
 20
0.0
 11
1.0
 21
1.0
 12
0.0
 22
0.0
 13
0.0
 23
0.0
 14
0.5
 24
0.5
 15
0.5
 25
0.5
 16
0.0
 26
0.0
 36
1.0
 17
0.0
 27
0.0
 37
0.0
 40
1000.0
 41
1.34
 42
50.0
 43
0.0
 44
0.0
 50
0.0
 51
0.0
 71
0
 72
1000
 73
1
 74
3
 75
0
 76
0
 77
0
 78
0
281
0
 65
0
146
0.0
  0
ENDTAB
  0
TABLE
  2
LTYPE
  5
2
330
0
100
AcDbSymbolTable
 70
21
  0
LTYPE
  5
24
330
2
100
AcDbSymbolTableRecord
100
AcDbLinetypeTableRecord
  2
ByBlock
 70
0
  3

 72
65
 73
0
 40
0.0
  0
LTYPE
  5
25
330
2
100
AcDbSymbolTableRecord
100
AcDbLinetypeTableRecord
  2
ByLayer
 70
0
  3

 72
65
 73
0
 40
0.0
  0
LTYPE
  5
26
330
2
100
AcDbSymbolTableRecord
100
AcDbLinetypeTableRecord
  2
Continuous
 70
0
  3

 72
65
 73
0
 40
0.0
  0
LTYPE
  5
2F
330
2
100
AcDbSymbolTableRecord
100
AcDbLinetypeTableRecord
  2
CENTER
 70
0
  3
Center ____ _ ____ _ ____ _ ____ _ ____ _ ____
 72
65
 73
4
 40
5.08
 49
3.175
 74
0
 49
-0.635
 74
0
 49
0.635
 74
0
 49
-0.635
 74
0
  0
LTYPE
  5
30
330
2
100
AcDbSymbolTableRecord
100
AcDbLinetypeTableRecord
  2
CENTERX2
 70
0
  3
Center (2x) ________  __  ________  __  ________
 72
65
 73
4
 40
8.89
 49
6.35
 74
0
 49
-0.635
 74
0
 49
1.27
 74
0
 49
-0.635
 74
0
  0
LTYPE
  5
31
330
2
100
AcDbSymbolTableRecord
100
AcDbLinetypeTableRecord
  2
CENTER2
 70
0
  3
Center (.5x) ____ _ ____ _ ____ _ ____ _ ____
 72
65
 73
4
 40
2.54
 49
1.587
 74
0
 49
-0.318
 74
0
 49
0.318
 74
0
 49
-0.318
 74
0
  0
LTYPE
  5
32
330
2
100
AcDbSymbolTableRecord
100
AcDbLinetypeTableRecord
  2
DASHED
 70
0
  3
Dashed __ __ __ __ __ __ __ __ __ __ __ __ __ _
 72
65
 73
2
 40
1.524
 49
1.27
 74
0
 49
-0.254
 74
0
  0
LTYPE
  5
33
330
2
100
AcDbSymbolTableRecord
100
AcDbLinetypeTableRecord
  2
DASHEDX2
 70
0
  3
Dashed (2x) ____  ____  ____  ____  ____  ____
 72
65
 73
2
 40
3.048
 49
2.54
 74
0
 49
-0.508
 74
0
  0
LTYPE
  5
34
330
2
100
AcDbSymbolTableRecord
100
AcDbLinetypeTableRecord
  2
DASHED2
 70
0
  3
Dashed (.5x) _ _ _ _ _ _ _ _ _ _ _ _ _ _
 72
65
 73
2
 40
0.762
 49
0.635
 74
0
 49
-0.127
 74
0
  0
LTYPE
  5
35
330
2
100
AcDbSymbolTableRecord
100
AcDbLinetypeTableRecord
  2
PHANTOM
 70
0
  3
Phantom ______  __  __  ______  __  __  ______
 72
65
 73
6
 40
6.35
 49
3.175
 74
0
 49
-0.635
 74
0
 49
0.635
 74
0
 49
-0.635
 74
0
 49
0.635
 74
0
 49
-0.635
 74
0
  0
LTYPE
  5
36
330
2
100
AcDbSymbolTableRecord
100
AcDbLinetypeTableRecord
  2
PHANTOMX2
 70
0
  3
Phantom (2x)____________    ____    ____    ____________
 72
65
 73
6
 40
10.795
 49
6.35
 74
0
 49
-0.635
 74
0
 49
1.27
 74
0
 49
-0.635
 74
0
 49
1.27
 74
0
 49
-0.635
 74
0
  0
LTYPE
  5
37
330
2
100
AcDbSymbolTableRecord
100
AcDbLinetypeTableRecord
  2
PHANTOM2
 70
0
  3
Phantom (.5x) ___ _ _ ___ _ _ ___ _ _ ___ _ _ ___
 72
65
 73
6
 40
3.175
 49
1.587
 74
0
 49
-0.318
 74
0
 49
0.318
 74
0
 49
-0.318
 74
0
 49
0.318
 74
0
 49
-0.318
 74
0
  0
LTYPE
  5
38
330
2
100
AcDbSymbolTableRecord
100
AcDbLinetypeTableRecord
  2
DASHDOT
 70
0
  3
Dash dot __ . __ . __ . __ . __ . __ . __ . __
 72
65
 73
4
 40
3.556
 49
2.54
 74
0
 49
-0.508
 74
0
 49
0.0
 74
0
 49
-0.508
 74
0
  0
LTYPE
  5
39
330
2
100
AcDbSymbolTableRecord
100
AcDbLinetypeTableRecord
  2
DASHDOTX2
 70
0
  3
Dash dot (2x) ____  .  ____  .  ____  .  ____
 72
65
 73
4
 40
6.096
 49
5.08
 74
0
 49
-0.508
 74
0
 49
0.0
 74
0
 49
-0.508
 74
0
  0
LTYPE
  5
3A
330
2
100
AcDbSymbolTableRecord
100
AcDbLinetypeTableRecord
  2
DASHDOT2
 70
0
  3
Dash dot (.5x) _ . _ . _ . _ . _ . _ . _ . _
 72
65
 73
4
 40
1.778
 49
1.27
 74
0
 49
-0.254
 74
0
 49
0.0
 74
0
 49
-0.254
 74
0
  0
LTYPE
  5
3B
330
2
100
AcDbSymbolTableRecord
100
AcDbLinetypeTableRecord
  2
DOT
 70
0
  3
Dot .  .  .  .  .  .  .  .  .  .  .  .  .  .  .  .
 72
65
 73
2
 40
0.508
 49
0.0
 74
0
 49
-0.508
 74
0
  0
LTYPE
  5
3C
330
2
100
AcDbSymbolTableRecord
100
AcDbLinetypeTableRecord
  2
DOTX2
 70
0
  3
Dot (2x) .    .    .    .    .    .    .    . 
 72
65
 73
2
 40
1.016
 49
0.0
 74
0
 49
-1.016
 74
0
  0
LTYPE
  5
3D
330
2
100
AcDbSymbolTableRecord
100
AcDbLinetypeTableRecord
  2
DOT2
 70
0
  3
Dot (.5) . . . . . . . . . . . . . . . . . . . 
 72
65
 73
2
 40
0.254
 49
0.0
 74
0
 49
-0.254
 74
0
  0
LTYPE
  5
3E
330
2
100
AcDbSymbolTableRecord
100
AcDbLinetypeTableRecord
  2
DIVIDE
 70
0
  3
Divide __ . . __ . . __ . . __ . . __ . . __
 72
65
 73
6
 40
4.064
 49
2.54
 74
0
 49
-0.508
 74
0
 49
0.0
 74
0
 49
-0.508
 74
0
 49
0.0
 74
0
 49
-0.508
 74
0
  0
LTYPE
  5
3F
330
2
100
AcDbSymbolTableRecord
100
AcDbLinetypeTableRecord
  2
DIVIDEX2
 70
0
  3
Divide (2x) ____  . .  ____  . .  ____  . .  ____
 72
65
 73
6
 40
6.604
 49
5.08
 74
0
 49
-0.508
 74
0
 49
0.0
 74
0
 49
-0.508
 74
0
 49
0.0
 74
0
 49
-0.508
 74
0
  0
LTYPE
  5
40
330
2
100
AcDbSymbolTableRecord
100
AcDbLinetypeTableRecord
  2
DIVIDE2
 70
0
  3
Divide(.5x) _ . _ . _ . _ . _ . _ . _ . _
 72
65
 73
6
 40
2.032
 49
1.27
 74
0
 49
-0.254
 74
0
 49
0.0
 74
0
 49
-0.254
 74
0
 49
0.0
 74
0
 49
-0.254
 74
0
  0
ENDTAB
  0
TABLE
  2
LAYER
  5
1
330
0
100
AcDbSymbolTable
 70
8
  0
LAYER
  5
27
330
1
100
AcDbSymbolTableRecord
100
AcDbLayerTableRecord
  2
0
 70
0
 62
7
  6
Continuous
370
-3
390
13
347
21
  0
LAYER
  5
28
330
1
100
AcDbSymbolTableRecord
100
AcDbLayerTableRecord
  2
Defpoints
 70
0
 62
7
  6
Continuous
290
0
370
-3
390
13
347
21
  0
LAYER
  5
8A
330
1
100
AcDbSymbolTableRecord
100
AcDbLayerTableRecord
  2
Wall elevation
 70
0
 62
7
  6
Continuous
370
-3
390
13
347
21
  0
LAYER
  5
8B
330
1
100
AcDbSymbolTableRecord
100
AcDbLayerTableRecord
  2
Wall elevation hatch
 70
0
 62
8
  6
Continuous
370
-3
390
13
347
21
  0
LAYER
  5
525
330
1
100
AcDbSymbolTableRecord
100
AcDbLayerTableRecord
  2
Wall plan
 70
0
 62
7
  6
Continuous
370
-3
390
13
347
21
  0
LAYER
  5
526
330
1
100
AcDbSymbolTableRecord
100
AcDbLayerTableRecord
  2
Wall plan hatch
 70
0
 62
8
  6
Continuous
370
-3
390
13
347
21
  0
LAYER
  5
591
330
1
100
AcDbSymbolTableRecord
100
AcDbLayerTableRecord
  2
Section through bookcase
 70
0
 62
7
  6
Continuous
370
-3
390
13
347
21
  0
LAYER
  5
592
330
1
100
AcDbSymbolTableRecord
100
AcDbLayerTableRecord
  2
Section through bookcase hatch
 70
0
 62
8
  6
Continuous
370
-3
390
13
347
21
  0
ENDTAB
  0
TABLE
  2
STYLE
  5
5
330
0
100
AcDbSymbolTable
 70
26
  0
STYLE
  5
29
330
5
100
AcDbSymbolTableRecord
100
AcDbTextStyleTableRecord
  2
Standard
 70
0
 40
0.0
 41
1.0
 50
0.0
 71
0
 42
2.5
  3
txt
  4

  0
STYLE
  5
41
330
5
100
AcDbSymbolTableRecord
100
AcDbTextStyleTableRecord
  2
OpenSans-Light
 70
0
 40
0.0
 41
1.0
 50
0.0
 71
0
 42
2.5
  3
OpenSans-Light.ttf
  4

  0
STYLE
  5
42
330
5
100
AcDbSymbolTableRecord
100
AcDbTextStyleTableRecord
  2
OpenSans-Light-Italic
 70
0
 40
0.0
 41
1.0
 50
0.0
 71
0
 42
2.5
  3
OpenSans-LightItalic.ttf
  4

  0
STYLE
  5
43
330
5
100
AcDbSymbolTableRecord
100
AcDbTextStyleTableRecord
  2
OpenSans
 70
0
 40
0.0
 41
1.0
 50
0.0
 71
0
 42
2.5
  3
OpenSans-Regular.ttf
  4

  0
STYLE
  5
44
330
5
100
AcDbSymbolTableRecord
100
AcDbTextStyleTableRecord
  2
OpenSans-Italic
 70
0
 40
0.0
 41
1.0
 50
0.0
 71
0
 42
2.5
  3
OpenSans-Italic.ttf
  4

  0
STYLE
  5
45
330
5
100
AcDbSymbolTableRecord
100
AcDbTextStyleTableRecord
  2
OpenSans-SemiBold
 70
0
 40
0.0
 41
1.0
 50
0.0
 71
0
 42
2.5
  3
OpenSans-SemiBold.ttf
  4

  0
STYLE
  5
46
330
5
100
AcDbSymbolTableRecord
100
AcDbTextStyleTableRecord
  2
OpenSans-SemiBoldItalic
 70
0
 40
0.0
 41
1.0
 50
0.0
 71
0
 42
2.5
  3
OpenSans-SemiBoldItalic.ttf
  4

  0
STYLE
  5
47
330
5
100
AcDbSymbolTableRecord
100
AcDbTextStyleTableRecord
  2
OpenSans-Bold
 70
0
 40
0.0
 41
1.0
 50
0.0
 71
0
 42
2.5
  3
OpenSans-Bold.ttf
  4

  0
STYLE
  5
48
330
5
100
AcDbSymbolTableRecord
100
AcDbTextStyleTableRecord
  2
OpenSans-BoldItalic
 70
0
 40
0.0
 41
1.0
 50
0.0
 71
0
 42
2.5
  3
OpenSans-BoldItalic.ttf
  4

  0
STYLE
  5
49
330
5
100
AcDbSymbolTableRecord
100
AcDbTextStyleTableRecord
  2
OpenSans-ExtraBold
 70
0
 40
0.0
 41
1.0
 50
0.0
 71
0
 42
2.5
  3
OpenSans-ExtraBold.ttf
  4

  0
STYLE
  5
4A
330
5
100
AcDbSymbolTableRecord
100
AcDbTextStyleTableRecord
  2
OpenSans-ExtraBoldItalic
 70
0
 40
0.0
 41
1.0
 50
0.0
 71
0
 42
2.5
  3
OpenSans-ExtraBoldItalic.ttf
  4

  0
STYLE
  5
4B
330
5
100
AcDbSymbolTableRecord
100
AcDbTextStyleTableRecord
  2
OpenSansCondensed-Bold
 70
0
 40
0.0
 41
1.0
 50
0.0
 71
0
 42
2.5
  3
OpenSansCondensed-Bold.ttf
  4

  0
STYLE
  5
4C
330
5
100
AcDbSymbolTableRecord
100
AcDbTextStyleTableRecord
  2
OpenSansCondensed-Light
 70
0
 40
0.0
 41
1.0
 50
0.0
 71
0
 42
2.5
  3
OpenSansCondensed-Light.ttf
  4

  0
STYLE
  5
4D
330
5
100
AcDbSymbolTableRecord
100
AcDbTextStyleTableRecord
  2
OpenSansCondensed-Italic
 70
0
 40
0.0
 41
1.0
 50
0.0
 71
0
 42
2.5
  3
OpenSansCondensed-LightItalic.ttf
  4

  0
STYLE
  5
4E
330
5
100
AcDbSymbolTableRecord
100
AcDbTextStyleTableRecord
  2
LiberationSans
 70
0
 40
0.0
 41
1.0
 50
0.0
 71
0
 42
2.5
  3
LiberationSans-Regular.ttf
  4

  0
STYLE
  5
4F
330
5
100
AcDbSymbolTableRecord
100
AcDbTextStyleTableRecord
  2
LiberationSans-Bold
 70
0
 40
0.0
 41
1.0
 50
0.0
 71
0
 42
2.5
  3
LiberationSans-Bold.ttf
  4

  0
STYLE
  5
50
330
5
100
AcDbSymbolTableRecord
100
AcDbTextStyleTableRecord
  2
LiberationSans-BoldItalic
 70
0
 40
0.0
 41
1.0
 50
0.0
 71
0
 42
2.5
  3
LiberationSans-BoldItalic.ttf
  4

  0
STYLE
  5
51
330
5
100
AcDbSymbolTableRecord
100
AcDbTextStyleTableRecord
  2
LiberationSans-Italic
 70
0
 40
0.0
 41
1.0
 50
0.0
 71
0
 42
2.5
  3
LiberationSans-Italic.ttf
  4

  0
STYLE
  5
52
330
5
100
AcDbSymbolTableRecord
100
AcDbTextStyleTableRecord
  2
LiberationSerif
 70
0
 40
0.0
 41
1.0
 50
0.0
 71
0
 42
2.5
  3
LiberationSerif-Regular.ttf
  4

  0
STYLE
  5
53
330
5
100
AcDbSymbolTableRecord
100
AcDbTextStyleTableRecord
  2
LiberationSerif-Bold
 70
0
 40
0.0
 41
1.0
 50
0.0
 71
0
 42
2.5
  3
LiberationSerif-Bold.ttf
  4

  0
STYLE
  5
54
330
5
100
AcDbSymbolTableRecord
100
AcDbTextStyleTableRecord
  2
LiberationSerif-BoldItalic
 70
0
 40
0.0
 41
1.0
 50
0.0
 71
0
 42
2.5
  3
LiberationSerif-BoldItalic.ttf
  4

  0
STYLE
  5
55
330
5
100
AcDbSymbolTableRecord
100
AcDbTextStyleTableRecord
  2
LiberationSerif-Italic
 70
0
 40
0.0
 41
1.0
 50
0.0
 71
0
 42
2.5
  3
LiberationSerif-Italic.ttf
  4

  0
STYLE
  5
56
330
5
100
AcDbSymbolTableRecord
100
AcDbTextStyleTableRecord
  2
LiberationMono
 70
0
 40
0.0
 41
1.0
 50
0.0
 71
0
 42
2.5
  3
LiberationMono-Regular.ttf
  4

  0
STYLE
  5
57
330
5
100
AcDbSymbolTableRecord
100
AcDbTextStyleTableRecord
  2
LiberationMono-Bold
 70
0
 40
0.0
 41
1.0
 50
0.0
 71
0
 42
2.5
  3
LiberationMono-Bold.ttf
  4

  0
STYLE
  5
58
330
5
100
AcDbSymbolTableRecord
100
AcDbTextStyleTableRecord
  2
LiberationMono-BoldItalic
 70
0
 40
0.0
 41
1.0
 50
0.0
 71
0
 42
2.5
  3
LiberationMono-BoldItalic.ttf
  4

  0
STYLE
  5
59
330
5
100
AcDbSymbolTableRecord
100
AcDbTextStyleTableRecord
  2
LiberationMono-Italic
 70
0
 40
0.0
 41
1.0
 50
0.0
 71
0
 42
2.5
  3
LiberationMono-Italic.ttf
  4

  0
ENDTAB
  0
TABLE
  2
VIEW
  5
7
330
0
100
AcDbSymbolTable
 70
0
  0
ENDTAB
  0
TABLE
  2
UCS
  5
6
330
0
100
AcDbSymbolTable
 70
0
  0
ENDTAB
  0
TABLE
  2
APPID
  5
3
330
0
100
AcDbSymbolTable
 70
3
  0
APPID
  5
2A
330
3
100
AcDbSymbolTableRecord
100
AcDbRegAppTableRecord
  2
ACAD
 70
0
  0
APPID
  5
5CD
330
3
100
AcDbSymbolTableRecord
100
AcDbRegAppTableRecord
  2
HATCHBACKGROUNDCOLOR
 70
0
  0
APPID
  5
5CE
330
3
100
AcDbSymbolTableRecord
100
AcDbRegAppTableRecord
  2
EZDXF
 70
0
  0
ENDTAB
  0
TABLE
  2
DIMSTYLE
  5
4
330
0
100
AcDbSymbolTable
 70
12
100
AcDbDimStyleTable
  0
DIMSTYLE
105
2B
330
4
100
AcDbSymbolTableRecord
100
AcDbDimStyleTableRecord
  2
Standard
 70
0
 40
1.0
 41
2.5
 42
0.625
 43
3.75
 44
1.25
 45
0.0
 46
0.0
 47
0.0
 48
0.0
 49
2.5
140
2.5
141
2.5
142
0.0
143
0.03937007874
144
1.0
145
0.0
146
1.0
147
0.625
148
0.0
 69
0
 70
0
 71
0
 72
0
 73
0
 74
0
 75
0
 76
0
 77
1
 78
8
 79
3
170
0
171
3
172
1
173
0
174
0
175
0
176
0
177
0
178
0
179
2
271
2
272
2
273
2
274
3
275
0
276
0
277
2
278
44
279
0
280
0
281
0
282
0
283
0
284
8
285
0
286
0
288
0
289
3
290
0
371
-2
372
-2
  0
DIMSTYLE
105
73
330
4
100
AcDbSymbolTableRecord
100
AcDbDimStyleTableRecord
  2
EZDXF
 70
0
 40
1.0
 41
0.175
 42
0.125
 43
3.75
 44
0.375
 45
0.0
 46
0.0
 47
0.0
 48
0.0
 49
2.5
140
0.25
141
2.5
142
0.0
143
0.03937007874
144
100.0
145
0.0
146
0.5
147
0.1
148
0.0
 69
0
 70
0
 71
0
 72
0
 73
0
 74
0
 75
0
 76
0
 77
1
 78
12
 79
3
170
0
171
3
172
1
173
0
174
0
175
0
176
0
177
0
178
0
179
2
271
2
272
2
273
2
274
3
275
0
276
0
277
2
278
46
279
2
280
0
281
0
282
0
283
0
284
8
285
0
286
0
288
1
289
3
290
0
340
4C
342
74
371
-2
372
-2
  0
DIMSTYLE
105
7C
330
4
100
AcDbSymbolTableRecord
100
AcDbDimStyleTableRecord
  2
EZ_M_100_H25_CM
 70
0
 40
1.0
 41
0.25
 42
0.125
 43
3.75
 44
0.375
 45
0.0
 46
0.0
 47
0.0
 48
0.0
 49
2.5
140
0.25
141
2.5
142
0.125
143
0.03937007874
144
100.0
145
0.0
146
0.5
147
0.1
148
0.0
 69
0
 70
0
 71
0
 72
0
 73
0
 74
0
 75
0
 76
0
 77
1
 78
12
 79
3
170
0
171
3
172
1
173
0
174
0
175
0
176
0
177
0
178
0
179
2
271
2
272
2
273
2
274
3
275
0
276
0
277
2
278
46
279
2
280
0
281
0
282
0
283
0
284
8
285
0
286
0
288
1
289
3
290
0
340
4C
371
-2
372
-2
  0
DIMSTYLE
105
7D
330
4
100
AcDbSymbolTableRecord
100
AcDbDimStyleTableRecord
  2
EZ_M_50_H25_CM
 70
0
 40
1.0
 41
0.125
 42
0.0625
 43
3.75
 44
0.1875
 45
0.0
 46
0.0
 47
0.0
 48
0.0
 49
2.5
140
0.125
141
2.5
142
0.0625
143
0.03937007874
144
100.0
145
0.0
146
0.5
147
0.05
148
0.0
 69
0
 70
0
 71
0
 72
0
 73
0
 74
0
 75
0
 76
0
 77
1
 78
12
 79
3
170
0
171
3
172
1
173
0
174
0
175
0
176
0
177
0
178
0
179
2
271
2
272
2
273
2
274
3
275
0
276
0
277
2
278
46
279
2
280
0
281
0
282
0
283
0
284
8
285
0
286
0
288
1
289
3
290
0
340
4C
371
-2
372
-2
  0
DIMSTYLE
105
7E
330
4
100
AcDbSymbolTableRecord
100
AcDbDimStyleTableRecord
  2
EZ_M_25_H25_CM
 70
0
 40
1.0
 41
0.0625
 42
0.03125
 43
3.75
 44
0.09375
 45
0.0
 46
0.0
 47
0.0
 48
0.0
 49
2.5
140
0.0625
141
2.5
142
0.03125
143
0.03937007874
144
100.0
145
0.0
146
0.5
147
0.025
148
0.0
 69
0
 70
0
 71
0
 72
0
 73
0
 74
0
 75
0
 76
0
 77
1
 78
12
 79
3
170
0
171
3
172
1
173
0
174
0
175
0
176
0
177
0
178
0
179
2
271
2
272
2
273
2
274
3
275
0
276
0
277
2
278
46
279
2
280
0
281
0
282
0
283
0
284
8
285
0
286
0
288
1
289
3
290
0
340
4C
371
-2
372
-2
  0
DIMSTYLE
105
7F
330
4
100
AcDbSymbolTableRecord
100
AcDbDimStyleTableRecord
  2
EZ_M_20_H25_CM
 70
0
 40
1.0
 41
0.05
 42
0.025
 43
3.75
 44
0.07500000000000001
 45
0.0
 46
0.0
 47
0.0
 48
0.0
 49
2.5
140
0.05
141
2.5
142
0.025
143
0.03937007874
144
100.0
145
0.0
146
0.5
147
0.020000000000000004
148
0.0
 69
0
 70
0
 71
0
 72
0
 73
0
 74
0
 75
0
 76
0
 77
1
 78
12
 79
3
170
0
171
3
172
1
173
0
174
0
175
0
176
0
177
0
178
0
179
2
271
2
272
2
273
2
274
3
275
0
276
0
277
2
278
46
279
2
280
0
281
0
282
0
283
0
284
8
285
0
286
0
288
1
289
3
290
0
340
4C
371
-2
372
-2
  0
DIMSTYLE
105
80
330
4
100
AcDbSymbolTableRecord
100
AcDbDimStyleTableRecord
  2
EZ_M_10_H25_CM
 70
0
 40
1.0
 41
0.025
 42
0.0125
 43
3.75
 44
0.037500000000000006
 45
0.0
 46
0.0
 47
0.0
 48
0.0
 49
2.5
140
0.025
141
2.5
142
0.0125
143
0.03937007874
144
100.0
145
0.0
146
0.5
147
0.010000000000000002
148
0.0
 69
0
 70
0
 71
0
 72
0
 73
0
 74
0
 75
0
 76
0
 77
1
 78
12
 79
3
170
0
171
3
172
1
173
0
174
0
175
0
176
0
177
0
178
0
179
2
271
2
272
2
273
2
274
3
275
0
276
0
277
2
278
46
279
2
280
0
281
0
282
0
283
0
284
8
285
0
286
0
288
1
289
3
290
0
340
4C
371
-2
372
-2
  0
DIMSTYLE
105
81
330
4
100
AcDbSymbolTableRecord
100
AcDbDimStyleTableRecord
  2
EZ_M_5_H25_CM
 70
0
 40
1.0
 41
0.0125
 42
0.00625
 43
3.75
 44
0.018750000000000003
 45
0.0
 46
0.0
 47
0.0
 48
0.0
 49
2.5
140
0.0125
141
2.5
142
0.00625
143
0.03937007874
144
100.0
145
0.0
146
0.5
147
0.005000000000000001
148
0.0
 69
0
 70
0
 71
0
 72
0
 73
0
 74
0
 75
0
 76
0
 77
1
 78
12
 79
3
170
0
171
3
172
1
173
0
174
0
175
0
176
0
177
0
178
0
179
2
271
2
272
2
273
2
274
3
275
0
276
0
277
2
278
46
279
2
280
0
281
0
282
0
283
0
284
8
285
0
286
0
288
1
289
3
290
0
340
4C
371
-2
372
-2
  0
DIMSTYLE
105
82
330
4
100
AcDbSymbolTableRecord
100
AcDbDimStyleTableRecord
  2
EZ_M_1_H25_CM
 70
0
 40
1.0
 41
0.0025
 42
0.00125
 43
3.75
 44
0.00375
 45
0.0
 46
0.0
 47
0.0
 48
0.0
 49
2.5
140
0.0025
141
2.5
142
0.00125
143
0.03937007874
144
100.0
145
0.0
146
0.5
147
0.001
148
0.0
 69
0
 70
0
 71
0
 72
0
 73
0
 74
0
 75
0
 76
0
 77
1
 78
12
 79
3
170
0
171
3
172
1
173
0
174
0
175
0
176
0
177
0
178
0
179
2
271
2
272
2
273
2
274
3
275
0
276
0
277
2
278
46
279
2
280
0
281
0
282
0
283
0
284
8
285
0
286
0
288
1
289
3
290
0
340
4C
371
-2
372
-2
  0
DIMSTYLE
105
83
330
4
100
AcDbSymbolTableRecord
100
AcDbDimStyleTableRecord
  2
EZ_RADIUS
 70
0
 40
1.0
 41
0.25
 42
0.125
 43
3.75
 44
0.375
 45
0.0
 46
0.0
 47
0.0
 48
0.0
 49
2.5
140
0.25
141
0.0
142
0.0
143
0.03937007874
144
100.0
145
0.0
146
0.5
147
0.1
148
0.0
 69
0
 70
0
 71
0
 72
0
 73
0
 74
0
 75
0
 76
0
 77
1
 78
12
 79
3
170
0
171
3
172
0
173
0
174
0
175
0
176
0
177
0
178
0
179
2
271
2
272
2
273
2
274
3
275
0
276
0
277
2
278
46
279
1
280
0
281
0
282
0
283
0
284
8
285
0
286
0
288
1
289
3
290
0
340
4C
342
84
371
-2
372
-2
  0
DIMSTYLE
105
88
330
4
100
AcDbSymbolTableRecord
100
AcDbDimStyleTableRecord
  2
EZ_RADIUS_INSIDE
 70
0
 40
1.0
 41
0.25
 42
0.125
 43
3.75
 44
0.375
 45
0.0
 46
0.0
 47
0.0
 48
0.0
 49
2.5
140
0.25
141
0.0
142
0.0
143
0.03937007874
144
100.0
145
0.0
146
0.5
147
0.1
148
0.0
 69
0
 70
0
 71
0
 72
0
 73
0
 74
0
 75
0
 76
0
 77
0
 78
12
 79
3
170
0
171
3
172
0
173
0
174
1
175
0
176
0
177
0
178
0
179
2
271
2
272
2
273
2
274
3
275
0
276
0
277
2
278
46
279
0
280
0
281
0
282
0
283
0
284
8
285
0
286
0
288
1
289
0
290
0
340
4C
342
84
371
-2
372
-2
  0
DIMSTYLE
105
89
330
4
100
AcDbSymbolTableRecord
100
AcDbDimStyleTableRecord
  2
EZ_CURVED
 70
0
 40
1.0
 41
0.25
 42
0.125
 43
3.75
 44
0.375
 45
0.0
 46
0.0
 47
0.0
 48
0.0
 49
2.5
140
0.25
141
2.5
142
0.0
143
0.03937007874
144
100.0
145
0.0
146
0.5
147
0.1
148
0.0
 69
0
 70
0
 71
0
 72
0
 73
0
 74
0
 75
0
 76
0
 77
1
 78
12
 79
2
 90
2
170
0
171
3
172
1
173
0
174
0
175
0
176
0
177
0
178
0
179
2
271
2
272
2
273
2
274
3
275
0
276
0
277
2
278
46
279
2
280
0
281
0
282
0
283
0
284
8
285
0
286
0
288
1
289
3
290
0
340
4C
371
-2
372
-2
  0
ENDTAB
  0
TABLE
  2
BLOCK_RECORD
  5
9
330
0
100
AcDbSymbolTable
 70
5
  0
BLOCK_RECORD
  5
17
330
9
100
AcDbSymbolTableRecord
100
AcDbBlockTableRecord
  2
*Model_Space
340
1A
 70
0
280
1
281
0
  0
BLOCK_RECORD
  5
1B
330
9
100
AcDbSymbolTableRecord
100
AcDbBlockTableRecord
  2
*Paper_Space
340
1E
 70
0
280
1
281
0
  0
BLOCK_RECORD
  5
74
330
9
100
AcDbSymbolTableRecord
100
AcDbBlockTableRecord
  2
_ARCHTICK
340
0
 70
0
280
1
281
0
  0
BLOCK_RECORD
  5
78
330
9
100
AcDbSymbolTableRecord
100
AcDbBlockTableRecord
  2
_CLOSEDFILLED
340
0
 70
0
280
1
281
0
  0
BLOCK_RECORD
  5
84
330
9
100
AcDbSymbolTableRecord
100
AcDbBlockTableRecord
  2
_CLOSEDBLANK
340
0
 70
0
280
1
281
0
  0
ENDTAB
  0
ENDSEC
  0
SECTION
  2
BLOCKS
  0
BLOCK
  5
18
330
17
100
AcDbEntity
  8
0
100
AcDbBlockBegin
  2
*Model_Space
 70
0
 10
0.0
 20
0.0
 30
0.0
  3
*Model_Space
  1

  0
ENDBLK
  5
19
330
17
100
AcDbEntity
  8
0
100
AcDbBlockEnd
  0
BLOCK
  5
1C
330
1B
100
AcDbEntity
  8
0
100
AcDbBlockBegin
  2
*Paper_Space
 70
0
 10
0.0
 20
0.0
 30
0.0
  3
*Paper_Space
  1

  0
ENDBLK
  5
1D
330
1B
100
AcDbEntity
  8
0
100
AcDbBlockEnd
  0
BLOCK
  5
75
330
74
100
AcDbEntity
  8
0
100
AcDbBlockBegin
  2
_ARCHTICK
 70
0
 10
0.0
 20
0.0
 30
0.0
  3
_ARCHTICK
  1

  0
LWPOLYLINE
  5
77
330
74
100
AcDbEntity
  8
0
  6
BYBLOCK
 62
0
100
AcDbPolyline
 90
2
 70
0
 43
0.15
 10
-0.5
 20
-0.5
 10
0.5
 20
0.5
  0
ENDBLK
  5
76
330
74
100
AcDbEntity
  8
0
100
AcDbBlockEnd
  0
BLOCK
  5
79
330
78
100
AcDbEntity
  8
0
100
AcDbBlockBegin
  2
_CLOSEDFILLED
 70
0
 10
0.0
 20
0.0
 30
0.0
  3
_CLOSEDFILLED
  1

  0
SOLID
  5
7B
330
78
100
AcDbEntity
  8
0
  6
BYBLOCK
 62
0
100
AcDbTrace
 10
-1.0
 20
0.16439898372402537
 30
0.0
 11
0.0
 21
0.0
 31
0.0
 12
-1.0
 22
-0.16439898372402537
 32
0.0
 13
-1.0
 23
-0.16439898372402537
 33
0.0
  0
ENDBLK
  5
7A
330
78
100
AcDbEntity
  8
0
100
AcDbBlockEnd
  0
BLOCK
  5
85
330
84
100
AcDbEntity
  8
0
100
AcDbBlockBegin
  2
_CLOSEDBLANK
 70
0
 10
0.0
 20
0.0
 30
0.0
  3
_CLOSEDBLANK
  1

  0
LWPOLYLINE
  5
87
330
84
100
AcDbEntity
  8
0
  6
BYBLOCK
 62
0
100
AcDbPolyline
 90
3
 70
1
 10
-1.0
 20
0.16439898372402537
 10
0.0
 20
0.0
 10
-1.0
 20
-0.16439898372402537
  0
ENDBLK
  5
86
330
84
100
AcDbEntity
  8
0
100
AcDbBlockEnd
  0
ENDSEC
  0
SECTION
  2
ENTITIES
  0
LWPOLYLINE
  5
8C
330
17
100
AcDbEntity
  8
Wall elevation
100
AcDbPolyline
 90
5
 70
0
 10
150.0
 20
800.0
 10
3810.0
 20
800.0
 10
3810.0
 20
0.0
 10
150.0
 20
0.0
 10
150.0
 20
800.0
  0
LWPOLYLINE
  5
8D
330
17
100
AcDbEntity
  8
Wall elevation
100
AcDbPolyline
 90
5
 70
0
 10
150.0
 20
840.0
 10
3810.0
 20
840.0
 10
3810.0
 20
800.0
 10
150.0
 20
800.0
 10
150.0
 20
840.0
  0
LINE
  5
8E
330
17
100
AcDbEntity
  8
Wall elevation
100
AcDbLine
 10
150.0
 20
810.0
 30
0.0
 11
3810.0
 21
810.0
 31
0.0
  0
LINE
  5
8F
330
17
100
AcDbEntity
  8
Wall elevation
100
AcDbLine
 10
150.0
 20
820.0
 30
0.0
 11
3810.0
 21
820.0
 31
0.0
  0
LINE
  5
90
330
17
100
AcDbEntity
  8
Wall elevation
100
AcDbLine
 10
150.0
 20
830.0
 30
0.0
 11
3810.0
 21
830.0
 31
0.0
  0
LINE
  5
91
330
17
100
AcDbEntity
  8
Wall elevation
100
AcDbLine
 10
150.0
 20
120.0
 30
0.0
 11
3810.0
 21
120.0
 31
0.0
  0
LINE
  5
92
330
17
100
AcDbEntity
  8
Wall elevation
100
AcDbLine
 10
150.0
 20
90.0
 30
0.0
 11
3810.0
 21
90.0
 31
0.0
  0
LWPOLYLINE
  5
93
330
17
100
AcDbEntity
  8
Wall elevation
100
AcDbPolyline
 90
5
 70
0
 10
170.0
 20
780.0
 10
695.0
 20
780.0
 10
695.0
 20
120.0
 10
170.0
 20
120.0
 10
170.0
 20
780.0
  0
LWPOLYLINE
  5
94
330
17
100
AcDbEntity
  8
Wall elevation
100
AcDbPolyline
 90
5
 70
0
 10
215.0
 20
735.0
 10
650.0
 20
735.0
 10
650.0
 20
165.0
 10
215.0
 20
165.0
 10
215.0
 20
735.0
  0
LWPOLYLINE
  5
95
330
17
100
AcDbEntity
  8
Wall elevation
100
AcDbPolyline
 90
5
 70
0
 10
230.0
 20
720.0
 10
635.0
 20
720.0
 10
635.0
 20
180.0
 10
230.0
 20
180.0
 10
230.0
 20
720.0
  0
LINE
  5
96
330
17
100
AcDbEntity
  8
Wall elevation
100
AcDbLine
 10
215.0
 20
165.0
 30
0.0
 11
230.0
 21
180.0
 31
0.0
  0
LINE
  5
97
330
17
100
AcDbEntity
  8
Wall elevation
100
AcDbLine
 10
650.0
 20
165.0
 30
0.0
 11
635.0
 21
180.0
 31
0.0
  0
LINE
  5
98
330
17
100
AcDbEntity
  8
Wall elevation
100
AcDbLine
 10
215.0
 20
735.0
 30
0.0
 11
230.0
 21
720.0
 31
0.0
  0
LINE
  5
99
330
17
100
AcDbEntity
  8
Wall elevation
100
AcDbLine
 10
650.0
 20
735.0
 30
0.0
 11
635.0
 21
720.0
 31
0.0
  0
CIRCLE
  5
9A
330
17
100
AcDbEntity
  8
Wall elevation
100
AcDbCircle
 10
667.0
 20
660.0
 30
0.0
 40
7.0
  0
SPLINE
  5
9B
330
17
100
AcDbEntity
  8
Wall elevation
100
AcDbSpline
 70
0
 71
3
 72
8
 73
4
 74
0
 40
0.0
 40
0.0
 40
0.0
 40
0.0
 40
1.0
 40
1.0
 40
1.0
 40
1.0
 10
658.0
 20
656.0
 30
0.0
 10
664.0
 20
644.0
 30
0.0
 10
670.0
 20
644.0
 30
0.0
 10
676.0
 20
656.0
 30
0.0
  0
LWPOLYLINE
  5
9C
330
17
100
AcDbEntity
  8
Wall elevation
100
AcDbPolyline
 90
5
 70
0
 10
705.0
 20
780.0
 10
1230.0
 20
780.0
 10
1230.0
 20
120.0
 10
705.0
 20
120.0
 10
705.0
 20
780.0
  0
LWPOLYLINE
  5
9D
330
17
100
AcDbEntity
  8
Wall elevation
100
AcDbPolyline
 90
5
 70
0
 10
750.0
 20
735.0
 10
1185.0
 20
735.0
 10
1185.0
 20
165.0
 10
750.0
 20
165.0
 10
750.0
 20
735.0
  0
LWPOLYLINE
  5
9E
330
17
100
AcDbEntity
  8
Wall elevation
100
AcDbPolyline
 90
5
 70
0
 10
765.0
 20
720.0
 10
1170.0
 20
720.0
 10
1170.0
 20
180.0
 10
765.0
 20
180.0
 10
765.0
 20
720.0
  0
LINE
  5
9F
330
17
100
AcDbEntity
  8
Wall elevation
100
AcDbLine
 10
750.0
 20
165.0
 30
0.0
 11
765.0
 21
180.0
 31
0.0
  0
LINE
  5
A0
330
17
100
AcDbEntity
  8
Wall elevation
100
AcDbLine
 10
1185.0
 20
165.0
 30
0.0
 11
1170.0
 21
180.0
 31
0.0
  0
LINE
  5
A1
330
17
100
AcDbEntity
  8
Wall elevation
100
AcDbLine
 10
750.0
 20
735.0
 30
0.0
 11
765.0
 21
720.0
 31
0.0
  0
LINE
  5
A2
330
17
100
AcDbEntity
  8
Wall elevation
100
AcDbLine
 10
1185.0
 20
735.0
 30
0.0
 11
1170.0
 21
720.0
 31
0.0
  0
CIRCLE
  5
A3
330
17
100
AcDbEntity
  8
Wall elevation
100
AcDbCircle
 10
733.0
 20
660.0
 30
0.0
 40
7.0
  0
SPLINE
  5
A4
330
17
100
AcDbEntity
  8
Wall elevation
100
AcDbSpline
 70
0
 71
3
 72
8
 73
4
 74
0
 40
0.0
 40
0.0
 40
0.0
 40
0.0
 40
1.0
 40
1.0
 40
1.0
 40
1.0
 10
724.0
 20
656.0
 30
0.0
 10
730.0
 20
644.0
 30
0.0
 10
736.0
 20
644.0
 30
0.0
 10
742.0
 20
656.0
 30
0.0
  0
LWPOLYLINE
  5
A5
330
17
100
AcDbEntity
  8
Wall elevation
100
AcDbPolyline
 90
5
 70
0
 10
1265.0
 20
780.0
 10
1455.0
 20
780.0
 10
1455.0
 20
120.0
 10
1265.0
 20
120.0
 10
1265.0
 20
780.0
  0
LWPOLYLINE
  5
A6
330
17
100
AcDbEntity
  8
Wall elevation
100
AcDbPolyline
 90
5
 70
0
 10
1285.0
 20
750.0
 10
1435.0
 20
750.0
 10
1435.0
 20
150.0
 10
1285.0
 20
150.0
 10
1285.0
 20
750.0
  0
LWPOLYLINE
  5
A7
330
17
100
AcDbEntity
  8
Wall elevation
100
AcDbPolyline
 90
5
 70
0
 10
2585.0
 20
780.0
 10
2775.0
 20
780.0
 10
2775.0
 20
120.0
 10
2585.0
 20
120.0
 10
2585.0
 20
780.0
  0
LWPOLYLINE
  5
A8
330
17
100
AcDbEntity
  8
Wall elevation
100
AcDbPolyline
 90
5
 70
0
 10
2605.0
 20
750.0
 10
2755.0
 20
750.0
 10
2755.0
 20
150.0
 10
2605.0
 20
150.0
 10
2605.0
 20
750.0
  0
LWPOLYLINE
  5
A9
330
17
100
AcDbEntity
  8
Wall elevation
100
AcDbPolyline
 90
5
 70
0
 10
1490.0
 20
780.0
 10
2015.0
 20
780.0
 10
2015.0
 20
620.0
 10
1490.0
 20
620.0
 10
1490.0
 20
780.0
  0
LWPOLYLINE
  5
AA
330
17
100
AcDbEntity
  8
Wall elevation
100
AcDbPolyline
 90
5
 70
0
 10
2025.0
 20
780.0
 10
2550.0
 20
780.0
 10
2550.0
 20
620.0
 10
2025.0
 20
620.0
 10
2025.0
 20
780.0
  0
CIRCLE
  5
AB
330
17
100
AcDbEntity
  8
Wall elevation
100
AcDbCircle
 10
1745.0
 20
700.0
 30
0.0
 40
7.0
  0
CIRCLE
  5
AC
330
17
100
AcDbEntity
  8
Wall elevation
100
AcDbCircle
 10
2295.0
 20
700.0
 30
0.0
 40
7.0
  0
LWPOLYLINE
  5
AD
330
17
100
AcDbEntity
  8
Wall elevation
100
AcDbPolyline
 90
5
 70
0
 10
1490.0
 20
600.0
 10
2015.0
 20
600.0
 10
2015.0
 20
120.0
 10
1490.0
 20
120.0
 10
1490.0
 20
600.0
  0
LWPOLYLINE
  5
AE
330
17
100
AcDbEntity
  8
Wall elevation
100
AcDbPolyline
 90
5
 70
0
 10
1535.0
 20
555.0
 10
1970.0
 20
555.0
 10
1970.0
 20
165.0
 10
1535.0
 20
165.0
 10
1535.0
 20
555.0
  0
LWPOLYLINE
  5
AF
330
17
100
AcDbEntity
  8
Wall elevation
100
AcDbPolyline
 90
5
 70
0
 10
1550.0
 20
540.0
 10
1955.0
 20
540.0
 10
1955.0
 20
180.0
 10
1550.0
 20
180.0
 10
1550.0
 20
540.0
  0
LINE
  5
B0
330
17
100
AcDbEntity
  8
Wall elevation
100
AcDbLine
 10
1535.0
 20
165.0
 30
0.0
 11
1550.0
 21
180.0
 31
0.0
  0
LINE
  5
B1
330
17
100
AcDbEntity
  8
Wall elevation
100
AcDbLine
 10
1970.0
 20
165.0
 30
0.0
 11
1955.0
 21
180.0
 31
0.0
  0
LINE
  5
B2
330
17
100
AcDbEntity
  8
Wall elevation
100
AcDbLine
 10
1535.0
 20
555.0
 30
0.0
 11
1550.0
 21
540.0
 31
0.0
  0
LINE
  5
B3
330
17
100
AcDbEntity
  8
Wall elevation
100
AcDbLine
 10
1970.0
 20
555.0
 30
0.0
 11
1955.0
 21
540.0
 31
0.0
  0
CIRCLE
  5
B4
330
17
100
AcDbEntity
  8
Wall elevation
100
AcDbCircle
 10
1987.0
 20
480.0
 30
0.0
 40
7.0
  0
SPLINE
  5
B5
330
17
100
AcDbEntity
  8
Wall elevation
100
AcDbSpline
 70
0
 71
3
 72
8
 73
4
 74
0
 40
0.0
 40
0.0
 40
0.0
 40
0.0
 40
1.0
 40
1.0
 40
1.0
 40
1.0
 10
1978.0
 20
476.0
 30
0.0
 10
1984.0
 20
464.0
 30
0.0
 10
1990.0
 20
464.0
 30
0.0
 10
1996.0
 20
476.0
 30
0.0
  0
LWPOLYLINE
  5
B6
330
17
100
AcDbEntity
  8
Wall elevation
100
AcDbPolyline
 90
5
 70
0
 10
2025.0
 20
600.0
 10
2550.0
 20
600.0
 10
2550.0
 20
120.0
 10
2025.0
 20
120.0
 10
2025.0
 20
600.0
  0
LWPOLYLINE
  5
B7
330
17
100
AcDbEntity
  8
Wall elevation
100
AcDbPolyline
 90
5
 70
0
 10
2070.0
 20
555.0
 10
2505.0
 20
555.0
 10
2505.0
 20
165.0
 10
2070.0
 20
165.0
 10
2070.0
 20
555.0
  0
LWPOLYLINE
  5
B8
330
17
100
AcDbEntity
  8
Wall elevation
100
AcDbPolyline
 90
5
 70
0
 10
2085.0
 20
540.0
 10
2490.0
 20
540.0
 10
2490.0
 20
180.0
 10
2085.0
 20
180.0
 10
2085.0
 20
540.0
  0
LINE
  5
B9
330
17
100
AcDbEntity
  8
Wall elevation
100
AcDbLine
 10
2070.0
 20
165.0
 30
0.0
 11
2085.0
 21
180.0
 31
0.0
  0
LINE
  5
BA
330
17
100
AcDbEntity
  8
Wall elevation
100
AcDbLine
 10
2505.0
 20
165.0
 30
0.0
 11
2490.0
 21
180.0
 31
0.0
  0
LINE
  5
BB
330
17
100
AcDbEntity
  8
Wall elevation
100
AcDbLine
 10
2070.0
 20
555.0
 30
0.0
 11
2085.0
 21
540.0
 31
0.0
  0
LINE
  5
BC
330
17
100
AcDbEntity
  8
Wall elevation
100
AcDbLine
 10
2505.0
 20
555.0
 30
0.0
 11
2490.0
 21
540.0
 31
0.0
  0
CIRCLE
  5
BD
330
17
100
AcDbEntity
  8
Wall elevation
100
AcDbCircle
 10
2053.0
 20
480.0
 30
0.0
 40
7.0
  0
SPLINE
  5
BE
330
17
100
AcDbEntity
  8
Wall elevation
100
AcDbSpline
 70
0
 71
3
 72
8
 73
4
 74
0
 40
0.0
 40
0.0
 40
0.0
 40
0.0
 40
1.0
 40
1.0
 40
1.0
 40
1.0
 10
2044.0
 20
476.0
 30
0.0
 10
2050.0
 20
464.0
 30
0.0
 10
2056.0
 20
464.0
 30
0.0
 10
2062.0
 20
476.0
 30
0.0
  0
LWPOLYLINE
  5
BF
330
17
100
AcDbEntity
  8
Wall elevation
100
AcDbPolyline
 90
5
 70
0
 10
2810.0
 20
780.0
 10
3790.0
 20
780.0
 10
3790.0
 20
120.0
 10
2810.0
 20
120.0
 10
2810.0
 20
780.0
  0
LWPOLYLINE
  5
C0
330
17
100
AcDbEntity
  8
Wall elevation
100
AcDbPolyline
 90
5
 70
0
 10
2850.0
 20
740.0
 10
3750.0
 20
740.0
 10
3750.0
 20
160.0
 10
2850.0
 20
160.0
 10
2850.0
 20
740.0
  0
LWPOLYLINE
  5
C1
330
17
100
AcDbEntity
  8
Wall elevation
100
AcDbPolyline
 90
5
 70
0
 10
150.0
 20
2585.0
 10
1250.0
 20
2585.0
 10
1250.0
 20
840.0
 10
150.0
 20
840.0
 10
150.0
 20
2585.0
  0
LINE
  5
C2
330
17
100
AcDbEntity
  8
Wall elevation
100
AcDbLine
 10
210.0
 20
840.0
 30
0.0
 11
210.0
 21
2250.0
 31
0.0
  0
LINE
  5
C3
330
17
100
AcDbEntity
  8
Wall elevation
100
AcDbLine
 10
1190.0
 20
840.0
 30
0.0
 11
1190.0
 21
2250.0
 31
0.0
  0
LWPOLYLINE
  5
C4
330
17
100
AcDbEntity
  8
Wall elevation
100
AcDbPolyline
 90
5
 70
0
 10
210.0
 20
1150.0
 10
1190.0
 20
1150.0
 10
1190.0
 20
1125.0
 10
210.0
 20
1125.0
 10
210.0
 20
1150.0
  0
LINE
  5
C5
330
17
100
AcDbEntity
  8
Wall elevation
100
AcDbLine
 10
210.0
 20
1138.0
 30
0.0
 11
1190.0
 21
1138.0
 31
0.0
  0
LWPOLYLINE
  5
C6
330
17
100
AcDbEntity
  8
Wall elevation
100
AcDbPolyline
 90
5
 70
0
 10
210.0
 20
1450.0
 10
1190.0
 20
1450.0
 10
1190.0
 20
1425.0
 10
210.0
 20
1425.0
 10
210.0
 20
1450.0
  0
LINE
  5
C7
330
17
100
AcDbEntity
  8
Wall elevation
100
AcDbLine
 10
210.0
 20
1438.0
 30
0.0
 11
1190.0
 21
1438.0
 31
0.0
  0
LWPOLYLINE
  5
C8
330
17
100
AcDbEntity
  8
Wall elevation
100
AcDbPolyline
 90
5
 70
0
 10
210.0
 20
1750.0
 10
1190.0
 20
1750.0
 10
1190.0
 20
1725.0
 10
210.0
 20
1725.0
 10
210.0
 20
1750.0
  0
LINE
  5
C9
330
17
100
AcDbEntity
  8
Wall elevation
100
AcDbLine
 10
210.0
 20
1738.0
 30
0.0
 11
1190.0
 21
1738.0
 31
0.0
  0
LWPOLYLINE
  5
CA
330
17
100
AcDbEntity
  8
Wall elevation
100
AcDbPolyline
 90
5
 70
0
 10
210.0
 20
2050.0
 10
1190.0
 20
2050.0
 10
1190.0
 20
2025.0
 10
210.0
 20
2025.0
 10
210.0
 20
2050.0
  0
LINE
  5
CB
330
17
100
AcDbEntity
  8
Wall elevation
100
AcDbLine
 10
210.0
 20
2038.0
 30
0.0
 11
1190.0
 21
2038.0
 31
0.0
  0
LWPOLYLINE
  5
CC
330
17
100
AcDbEntity
  8
Wall elevation
100
AcDbPolyline
 90
5
 70
0
 10
230.0
 20
1075.0
 10
254.0
 20
1075.0
 10
254.0
 20
840.0
 10
230.0
 20
840.0
 10
230.0
 20
1075.0
  0
LWPOLYLINE
  5
CD
330
17
100
AcDbEntity
  8
Wall elevation
100
AcDbPolyline
 90
5
 70
0
 10
256.0
 20
1037.0
 10
282.0
 20
1037.0
 10
282.0
 20
840.0
 10
256.0
 20
840.0
 10
256.0
 20
1037.0
  0
LWPOLYLINE
  5
CE
330
17
100
AcDbEntity
  8
Wall elevation
100
AcDbPolyline
 90
5
 70
0
 10
284.0
 20
1093.0
 10
308.0
 20
1093.0
 10
308.0
 20
840.0
 10
284.0
 20
840.0
 10
284.0
 20
1093.0
  0
LWPOLYLINE
  5
CF
330
17
100
AcDbEntity
  8
Wall elevation
100
AcDbPolyline
 90
5
 70
0
 10
310.0
 20
1055.0
 10
336.0
 20
1055.0
 10
336.0
 20
840.0
 10
310.0
 20
840.0
 10
310.0
 20
1055.0
  0
LWPOLYLINE
  5
D0
330
17
100
AcDbEntity
  8
Wall elevation
100
AcDbPolyline
 90
5
 70
0
 10
338.0
 20
1051.0
 10
362.0
 20
1051.0
 10
362.0
 20
840.0
 10
338.0
 20
840.0
 10
338.0
 20
1051.0
  0
LWPOLYLINE
  5
D1
330
17
100
AcDbEntity
  8
Wall elevation
100
AcDbPolyline
 90
5
 70
0
 10
364.0
 20
1073.0
 10
390.0
 20
1073.0
 10
390.0
 20
840.0
 10
364.0
 20
840.0
 10
364.0
 20
1073.0
  0
LWPOLYLINE
  5
D2
330
17
100
AcDbEntity
  8
Wall elevation
100
AcDbPolyline
 90
5
 70
0
 10
392.0
 20
1069.0
 10
416.0
 20
1069.0
 10
416.0
 20
840.0
 10
392.0
 20
840.0
 10
392.0
 20
1069.0
  0
LWPOLYLINE
  5
D3
330
17
100
AcDbEntity
  8
Wall elevation
100
AcDbPolyline
 90
5
 70
0
 10
418.0
 20
1091.0
 10
444.0
 20
1091.0
 10
444.0
 20
840.0
 10
418.0
 20
840.0
 10
418.0
 20
1091.0
  0
LWPOLYLINE
  5
D4
330
17
100
AcDbEntity
  8
Wall elevation
100
AcDbPolyline
 90
5
 70
0
 10
446.0
 20
1087.0
 10
470.0
 20
1087.0
 10
470.0
 20
840.0
 10
446.0
 20
840.0
 10
446.0
 20
1087.0
  0
LWPOLYLINE
  5
D5
330
17
100
AcDbEntity
  8
Wall elevation
100
AcDbPolyline
 90
5
 70
0
 10
472.0
 20
1049.0
 10
498.0
 20
1049.0
 10
498.0
 20
840.0
 10
472.0
 20
840.0
 10
472.0
 20
1049.0
  0
LWPOLYLINE
  5
D6
330
17
100
AcDbEntity
  8
Wall elevation
100
AcDbPolyline
 90
5
 70
0
 10
500.0
 20
1045.0
 10
524.0
 20
1045.0
 10
524.0
 20
840.0
 10
500.0
 20
840.0
 10
500.0
 20
1045.0
  0
LWPOLYLINE
  5
D7
330
17
100
AcDbEntity
  8
Wall elevation
100
AcDbPolyline
 90
5
 70
0
 10
526.0
 20
1067.0
 10
552.0
 20
1067.0
 10
552.0
 20
840.0
 10
526.0
 20
840.0
 10
526.0
 20
1067.0
  0
LWPOLYLINE
  5
D8
330
17
100
AcDbEntity
  8
Wall elevation
100
AcDbPolyline
 90
5
 70
0
 10
554.0
 20
1063.0
 10
578.0
 20
1063.0
 10
578.0
 20
840.0
 10
554.0
 20
840.0
 10
554.0
 20
1063.0
  0
LWPOLYLINE
  5
D9
330
17
100
AcDbEntity
  8
Wall elevation
100
AcDbPolyline
 90
5
 70
0
 10
580.0
 20
1085.0
 10
606.0
 20
1085.0
 10
606.0
 20
840.0
 10
580.0
 20
840.0
 10
580.0
 20
1085.0
  0
LWPOLYLINE
  5
DA
330
17
100
AcDbEntity
  8
Wall elevation
100
AcDbPolyline
 90
5
 70
0
 10
608.0
 20
1081.0
 10
632.0
 20
1081.0
 10
632.0
 20
840.0
 10
608.0
 20
840.0
 10
608.0
 20
1081.0
  0
LWPOLYLINE
  5
DB
330
17
100
AcDbEntity
  8
Wall elevation
100
AcDbPolyline
 90
5
 70
0
 10
634.0
 20
1043.0
 10
660.0
 20
1043.0
 10
660.0
 20
840.0
 10
634.0
 20
840.0
 10
634.0
 20
1043.0
  0
LWPOLYLINE
  5
DC
330
17
100
AcDbEntity
  8
Wall elevation
100
AcDbPolyline
 90
5
 70
0
 10
662.0
 20
1039.0
 10
686.0
 20
1039.0
 10
686.0
 20
840.0
 10
662.0
 20
840.0
 10
662.0
 20
1039.0
  0
LWPOLYLINE
  5
DD
330
17
100
AcDbEntity
  8
Wall elevation
100
AcDbPolyline
 90
5
 70
0
 10
688.0
 20
1061.0
 10
714.0
 20
1061.0
 10
714.0
 20
840.0
 10
688.0
 20
840.0
 10
688.0
 20
1061.0
  0
LWPOLYLINE
  5
DE
330
17
100
AcDbEntity
  8
Wall elevation
100
AcDbPolyline
 90
5
 70
0
 10
716.0
 20
1057.0
 10
740.0
 20
1057.0
 10
740.0
 20
840.0
 10
716.0
 20
840.0
 10
716.0
 20
1057.0
  0
LWPOLYLINE
  5
DF
330
17
100
AcDbEntity
  8
Wall elevation
100
AcDbPolyline
 90
5
 70
0
 10
742.0
 20
1079.0
 10
768.0
 20
1079.0
 10
768.0
 20
840.0
 10
742.0
 20
840.0
 10
742.0
 20
1079.0
  0
LWPOLYLINE
  5
E0
330
17
100
AcDbEntity
  8
Wall elevation
100
AcDbPolyline
 90
5
 70
0
 10
770.0
 20
1075.0
 10
794.0
 20
1075.0
 10
794.0
 20
840.0
 10
770.0
 20
840.0
 10
770.0
 20
1075.0
  0
LWPOLYLINE
  5
E1
330
17
100
AcDbEntity
  8
Wall elevation
100
AcDbPolyline
 90
5
 70
0
 10
796.0
 20
1037.0
 10
822.0
 20
1037.0
 10
822.0
 20
840.0
 10
796.0
 20
840.0
 10
796.0
 20
1037.0
  0
LWPOLYLINE
  5
E2
330
17
100
AcDbEntity
  8
Wall elevation
100
AcDbPolyline
 90
5
 70
0
 10
824.0
 20
1093.0
 10
848.0
 20
1093.0
 10
848.0
 20
840.0
 10
824.0
 20
840.0
 10
824.0
 20
1093.0
  0
LWPOLYLINE
  5
E3
330
17
100
AcDbEntity
  8
Wall elevation
100
AcDbPolyline
 90
5
 70
0
 10
850.0
 20
1055.0
 10
876.0
 20
1055.0
 10
876.0
 20
840.0
 10
850.0
 20
840.0
 10
850.0
 20
1055.0
  0
LWPOLYLINE
  5
E4
330
17
100
AcDbEntity
  8
Wall elevation
100
AcDbPolyline
 90
5
 70
0
 10
878.0
 20
1051.0
 10
902.0
 20
1051.0
 10
902.0
 20
840.0
 10
878.0
 20
840.0
 10
878.0
 20
1051.0
  0
LWPOLYLINE
  5
E5
330
17
100
AcDbEntity
  8
Wall elevation
100
AcDbPolyline
 90
5
 70
0
 10
904.0
 20
1073.0
 10
930.0
 20
1073.0
 10
930.0
 20
840.0
 10
904.0
 20
840.0
 10
904.0
 20
1073.0
  0
LWPOLYLINE
  5
E6
330
17
100
AcDbEntity
  8
Wall elevation
100
AcDbPolyline
 90
5
 70
0
 10
932.0
 20
1069.0
 10
956.0
 20
1069.0
 10
956.0
 20
840.0
 10
932.0
 20
840.0
 10
932.0
 20
1069.0
  0
LWPOLYLINE
  5
E7
330
17
100
AcDbEntity
  8
Wall elevation
100
AcDbPolyline
 90
5
 70
0
 10
958.0
 20
1091.0
 10
984.0
 20
1091.0
 10
984.0
 20
840.0
 10
958.0
 20
840.0
 10
958.0
 20
1091.0
  0
LWPOLYLINE
  5
E8
330
17
100
AcDbEntity
  8
Wall elevation
100
AcDbPolyline
 90
5
 70
0
 10
986.0
 20
1087.0
 10
1010.0
 20
1087.0
 10
1010.0
 20
840.0
 10
986.0
 20
840.0
 10
986.0
 20
1087.0
  0
LWPOLYLINE
  5
E9
330
17
100
AcDbEntity
  8
Wall elevation
100
AcDbPolyline
 90
5
 70
0
 10
1012.0
 20
1049.0
 10
1038.0
 20
1049.0
 10
1038.0
 20
840.0
 10
1012.0
 20
840.0
 10
1012.0
 20
1049.0
  0
LWPOLYLINE
  5
EA
330
17
100
AcDbEntity
  8
Wall elevation
100
AcDbPolyline
 90
5
 70
0
 10
1040.0
 20
1045.0
 10
1064.0
 20
1045.0
 10
1064.0
 20
840.0
 10
1040.0
 20
840.0
 10
1040.0
 20
1045.0
  0
LWPOLYLINE
  5
EB
330
17
100
AcDbEntity
  8
Wall elevation
100
AcDbPolyline
 90
5
 70
0
 10
1066.0
 20
1067.0
 10
1092.0
 20
1067.0
 10
1092.0
 20
840.0
 10
1066.0
 20
840.0
 10
1066.0
 20
1067.0
  0
LWPOLYLINE
  5
EC
330
17
100
AcDbEntity
  8
Wall elevation
100
AcDbPolyline
 90
5
 70
0
 10
1094.0
 20
1063.0
 10
1118.0
 20
1063.0
 10
1118.0
 20
840.0
 10
1094.0
 20
840.0
 10
1094.0
 20
1063.0
  0
LWPOLYLINE
  5
ED
330
17
100
AcDbEntity
  8
Wall elevation
100
AcDbPolyline
 90
5
 70
0
 10
1120.0
 20
1085.0
 10
1146.0
 20
1085.0
 10
1146.0
 20
840.0
 10
1120.0
 20
840.0
 10
1120.0
 20
1085.0
  0
LWPOLYLINE
  5
EE
330
17
100
AcDbEntity
  8
Wall elevation
100
AcDbPolyline
 90
5
 70
0
 10
1148.0
 20
1081.0
 10
1172.0
 20
1081.0
 10
1172.0
 20
840.0
 10
1148.0
 20
840.0
 10
1148.0
 20
1081.0
  0
LWPOLYLINE
  5
EF
330
17
100
AcDbEntity
  8
Wall elevation
100
AcDbPolyline
 90
5
 70
0
 10
230.0
 20
1375.0
 10
254.0
 20
1375.0
 10
254.0
 20
1150.0
 10
230.0
 20
1150.0
 10
230.0
 20
1375.0
  0
LWPOLYLINE
  5
F0
330
17
100
AcDbEntity
  8
Wall elevation
100
AcDbPolyline
 90
5
 70
0
 10
256.0
 20
1337.0
 10
282.0
 20
1337.0
 10
282.0
 20
1150.0
 10
256.0
 20
1150.0
 10
256.0
 20
1337.0
  0
LWPOLYLINE
  5
F1
330
17
100
AcDbEntity
  8
Wall elevation
100
AcDbPolyline
 90
5
 70
0
 10
284.0
 20
1393.0
 10
308.0
 20
1393.0
 10
308.0
 20
1150.0
 10
284.0
 20
1150.0
 10
284.0
 20
1393.0
  0
LWPOLYLINE
  5
F2
330
17
100
AcDbEntity
  8
Wall elevation
100
AcDbPolyline
 90
5
 70
0
 10
310.0
 20
1355.0
 10
336.0
 20
1355.0
 10
336.0
 20
1150.0
 10
310.0
 20
1150.0
 10
310.0
 20
1355.0
  0
LWPOLYLINE
  5
F3
330
17
100
AcDbEntity
  8
Wall elevation
100
AcDbPolyline
 90
5
 70
0
 10
338.0
 20
1351.0
 10
362.0
 20
1351.0
 10
362.0
 20
1150.0
 10
338.0
 20
1150.0
 10
338.0
 20
1351.0
  0
LWPOLYLINE
  5
F4
330
17
100
AcDbEntity
  8
Wall elevation
100
AcDbPolyline
 90
5
 70
0
 10
364.0
 20
1373.0
 10
390.0
 20
1373.0
 10
390.0
 20
1150.0
 10
364.0
 20
1150.0
 10
364.0
 20
1373.0
  0
LWPOLYLINE
  5
F5
330
17
100
AcDbEntity
  8
Wall elevation
100
AcDbPolyline
 90
5
 70
0
 10
392.0
 20
1369.0
 10
416.0
 20
1369.0
 10
416.0
 20
1150.0
 10
392.0
 20
1150.0
 10
392.0
 20
1369.0
  0
LWPOLYLINE
  5
F6
330
17
100
AcDbEntity
  8
Wall elevation
100
AcDbPolyline
 90
5
 70
0
 10
418.0
 20
1391.0
 10
444.0
 20
1391.0
 10
444.0
 20
1150.0
 10
418.0
 20
1150.0
 10
418.0
 20
1391.0
  0
LWPOLYLINE
  5
F7
330
17
100
AcDbEntity
  8
Wall elevation
100
AcDbPolyline
 90
5
 70
0
 10
446.0
 20
1387.0
 10
470.0
 20
1387.0
 10
470.0
 20
1150.0
 10
446.0
 20
1150.0
 10
446.0
 20
1387.0
  0
LWPOLYLINE
  5
F8
330
17
100
AcDbEntity
  8
Wall elevation
100
AcDbPolyline
 90
5
 70
0
 10
472.0
 20
1349.0
 10
498.0
 20
1349.0
 10
498.0
 20
1150.0
 10
472.0
 20
1150.0
 10
472.0
 20
1349.0
  0
LWPOLYLINE
  5
F9
330
17
100
AcDbEntity
  8
Wall elevation
100
AcDbPolyline
 90
5
 70
0
 10
500.0
 20
1345.0
 10
524.0
 20
1345.0
 10
524.0
 20
1150.0
 10
500.0
 20
1150.0
 10
500.0
 20
1345.0
  0
LWPOLYLINE
  5
FA
330
17
100
AcDbEntity
  8
Wall elevation
100
AcDbPolyline
 90
5
 70
0
 10
526.0
 20
1367.0
 10
552.0
 20
1367.0
 10
552.0
 20
1150.0
 10
526.0
 20
1150.0
 10
526.0
 20
1367.0
  0
LWPOLYLINE
  5
FB
330
17
100
AcDbEntity
  8
Wall elevation
100
AcDbPolyline
 90
5
 70
0
 10
554.0
 20
1363.0
 10
578.0
 20
1363.0
 10
578.0
 20
1150.0
 10
554.0
 20
1150.0
 10
554.0
 20
1363.0
  0
LWPOLYLINE
  5
FC
330
17
100
AcDbEntity
  8
Wall elevation
100
AcDbPolyline
 90
5
 70
0
 10
580.0
 20
1385.0
 10
606.0
 20
1385.0
 10
606.0
 20
1150.0
 10
580.0
 20
1150.0
 10
580.0
 20
1385.0
  0
LWPOLYLINE
  5
FD
330
17
100
AcDbEntity
  8
Wall elevation
100
AcDbPolyline
 90
5
 70
0
 10
608.0
 20
1381.0
 10
632.0
 20
1381.0
 10
632.0
 20
1150.0
 10
608.0
 20
1150.0
 10
608.0
 20
1381.0
  0
LWPOLYLINE
  5
FE
330
17
100
AcDbEntity
  8
Wall elevation
100
AcDbPolyline
 90
5
 70
0
 10
634.0
 20
1343.0
 10
660.0
 20
1343.0
 10
660.0
 20
1150.0
 10
634.0
 20
1150.0
 10
634.0
 20
1343.0
  0
LWPOLYLINE
  5
FF
330
17
100
AcDbEntity
  8
Wall elevation
100
AcDbPolyline
 90
5
 70
0
 10
662.0
 20
1339.0
 10
686.0
 20
1339.0
 10
686.0
 20
1150.0
 10
662.0
 20
1150.0
 10
662.0
 20
1339.0
  0
LWPOLYLINE
  5
100
330
17
100
AcDbEntity
  8
Wall elevation
100
AcDbPolyline
 90
5
 70
0
 10
688.0
 20
1361.0
 10
714.0
 20
1361.0
 10
714.0
 20
1150.0
 10
688.0
 20
1150.0
 10
688.0
 20
1361.0
  0
LWPOLYLINE
  5
101
330
17
100
AcDbEntity
  8
Wall elevation
100
AcDbPolyline
 90
5
 70
0
 10
716.0
 20
1357.0
 10
740.0
 20
1357.0
 10
740.0
 20
1150.0
 10
716.0
 20
1150.0
 10
716.0
 20
1357.0
  0
LWPOLYLINE
  5
102
330
17
100
AcDbEntity
  8
Wall elevation
100
AcDbPolyline
 90
5
 70
0
 10
742.0
 20
1379.0
 10
768.0
 20
1379.0
 10
768.0
 20
1150.0
 10
742.0
 20
1150.0
 10
742.0
 20
1379.0
  0
LWPOLYLINE
  5
103
330
17
100
AcDbEntity
  8
Wall elevation
100
AcDbPolyline
 90
5
 70
0
 10
770.0
 20
1375.0
 10
794.0
 20
1375.0
 10
794.0
 20
1150.0
 10
770.0
 20
1150.0
 10
770.0
 20
1375.0
  0
LWPOLYLINE
  5
104
330
17
100
AcDbEntity
  8
Wall elevation
100
AcDbPolyline
 90
5
 70
0
 10
796.0
 20
1337.0
 10
822.0
 20
1337.0
 10
822.0
 20
1150.0
 10
796.0
 20
1150.0
 10
796.0
 20
1337.0
  0
LWPOLYLINE
  5
105
330
17
100
AcDbEntity
  8
Wall elevation
100
AcDbPolyline
 90
5
 70
0
 10
824.0
 20
1393.0
 10
848.0
 20
1393.0
 10
848.0
 20
1150.0
 10
824.0
 20
1150.0
 10
824.0
 20
1393.0
  0
LWPOLYLINE
  5
106
330
17
100
AcDbEntity
  8
Wall elevation
100
AcDbPolyline
 90
5
 70
0
 10
850.0
 20
1355.0
 10
876.0
 20
1355.0
 10
876.0
 20
1150.0
 10
850.0
 20
1150.0
 10
850.0
 20
1355.0
  0
LWPOLYLINE
  5
107
330
17
100
AcDbEntity
  8
Wall elevation
100
AcDbPolyline
 90
5
 70
0
 10
878.0
 20
1351.0
 10
902.0
 20
1351.0
 10
902.0
 20
1150.0
 10
878.0
 20
1150.0
 10
878.0
 20
1351.0
  0
LWPOLYLINE
  5
108
330
17
100
AcDbEntity
  8
Wall elevation
100
AcDbPolyline
 90
5
 70
0
 10
904.0
 20
1373.0
 10
930.0
 20
1373.0
 10
930.0
 20
1150.0
 10
904.0
 20
1150.0
 10
904.0
 20
1373.0
  0
LWPOLYLINE
  5
109
330
17
100
AcDbEntity
  8
Wall elevation
100
AcDbPolyline
 90
5
 70
0
 10
932.0
 20
1369.0
 10
956.0
 20
1369.0
 10
956.0
 20
1150.0
 10
932.0
 20
1150.0
 10
932.0
 20
1369.0
  0
LWPOLYLINE
  5
10A
330
17
100
AcDbEntity
  8
Wall elevation
100
AcDbPolyline
 90
5
 70
0
 10
958.0
 20
1391.0
 10
984.0
 20
1391.0
 10
984.0
 20
1150.0
 10
958.0
 20
1150.0
 10
958.0
 20
1391.0
  0
LWPOLYLINE
  5
10B
330
17
100
AcDbEntity
  8
Wall elevation
100
AcDbPolyline
 90
5
 70
0
 10
986.0
 20
1387.0
 10
1010.0
 20
1387.0
 10
1010.0
 20
1150.0
 10
986.0
 20
1150.0
 10
986.0
 20
1387.0
  0
LWPOLYLINE
  5
10C
330
17
100
AcDbEntity
  8
Wall elevation
100
AcDbPolyline
 90
5
 70
0
 10
1012.0
 20
1349.0
 10
1038.0
 20
1349.0
 10
1038.0
 20
1150.0
 10
1012.0
 20
1150.0
 10
1012.0
 20
1349.0
  0
LWPOLYLINE
  5
10D
330
17
100
AcDbEntity
  8
Wall elevation
100
AcDbPolyline
 90
5
 70
0
 10
1040.0
 20
1345.0
 10
1064.0
 20
1345.0
 10
1064.0
 20
1150.0
 10
1040.0
 20
1150.0
 10
1040.0
 20
1345.0
  0
LWPOLYLINE
  5
10E
330
17
100
AcDbEntity
  8
Wall elevation
100
AcDbPolyline
 90
5
 70
0
 10
1066.0
 20
1367.0
 10
1092.0
 20
1367.0
 10
1092.0
 20
1150.0
 10
1066.0
 20
1150.0
 10
1066.0
 20
1367.0
  0
LWPOLYLINE
  5
10F
330
17
100
AcDbEntity
  8
Wall elevation
100
AcDbPolyline
 90
5
 70
0
 10
1094.0
 20
1363.0
 10
1118.0
 20
1363.0
 10
1118.0
 20
1150.0
 10
1094.0
 20
1150.0
 10
1094.0
 20
1363.0
  0
LWPOLYLINE
  5
110
330
17
100
AcDbEntity
  8
Wall elevation
100
AcDbPolyline
 90
5
 70
0
 10
1120.0
 20
1385.0
 10
1146.0
 20
1385.0
 10
1146.0
 20
1150.0
 10
1120.0
 20
1150.0
 10
1120.0
 20
1385.0
  0
LWPOLYLINE
  5
111
330
17
100
AcDbEntity
  8
Wall elevation
100
AcDbPolyline
 90
5
 70
0
 10
1148.0
 20
1381.0
 10
1172.0
 20
1381.0
 10
1172.0
 20
1150.0
 10
1148.0
 20
1150.0
 10
1148.0
 20
1381.0
  0
LWPOLYLINE
  5
112
330
17
100
AcDbEntity
  8
Wall elevation
100
AcDbPolyline
 90
5
 70
0
 10
230.0
 20
1675.0
 10
254.0
 20
1675.0
 10
254.0
 20
1450.0
 10
230.0
 20
1450.0
 10
230.0
 20
1675.0
  0
LWPOLYLINE
  5
113
330
17
100
AcDbEntity
  8
Wall elevation
100
AcDbPolyline
 90
5
 70
0
 10
256.0
 20
1637.0
 10
282.0
 20
1637.0
 10
282.0
 20
1450.0
 10
256.0
 20
1450.0
 10
256.0
 20
1637.0
  0
LWPOLYLINE
  5
114
330
17
100
AcDbEntity
  8
Wall elevation
100
AcDbPolyline
 90
5
 70
0
 10
284.0
 20
1693.0
 10
308.0
 20
1693.0
 10
308.0
 20
1450.0
 10
284.0
 20
1450.0
 10
284.0
 20
1693.0
  0
LWPOLYLINE
  5
115
330
17
100
AcDbEntity
  8
Wall elevation
100
AcDbPolyline
 90
5
 70
0
 10
310.0
 20
1655.0
 10
336.0
 20
1655.0
 10
336.0
 20
1450.0
 10
310.0
 20
1450.0
 10
310.0
 20
1655.0
  0
LWPOLYLINE
  5
116
330
17
100
AcDbEntity
  8
Wall elevation
100
AcDbPolyline
 90
5
 70
0
 10
338.0
 20
1651.0
 10
362.0
 20
1651.0
 10
362.0
 20
1450.0
 10
338.0
 20
1450.0
 10
338.0
 20
1651.0
  0
LWPOLYLINE
  5
117
330
17
100
AcDbEntity
  8
Wall elevation
100
AcDbPolyline
 90
5
 70
0
 10
364.0
 20
1673.0
 10
390.0
 20
1673.0
 10
390.0
 20
1450.0
 10
364.0
 20
1450.0
 10
364.0
 20
1673.0
  0
LWPOLYLINE
  5
118
330
17
100
AcDbEntity
  8
Wall elevation
100
AcDbPolyline
 90
5
 70
0
 10
392.0
 20
1669.0
 10
416.0
 20
1669.0
 10
416.0
 20
1450.0
 10
392.0
 20
1450.0
 10
392.0
 20
1669.0
  0
LWPOLYLINE
  5
119
330
17
100
AcDbEntity
  8
Wall elevation
100
AcDbPolyline
 90
5
 70
0
 10
418.0
 20
1691.0
 10
444.0
 20
1691.0
 10
444.0
 20
1450.0
 10
418.0
 20
1450.0
 10
418.0
 20
1691.0
  0
LWPOLYLINE
  5
11A
330
17
100
AcDbEntity
  8
Wall elevation
100
AcDbPolyline
 90
5
 70
0
 10
446.0
 20
1687.0
 10
470.0
 20
1687.0
 10
470.0
 20
1450.0
 10
446.0
 20
1450.0
 10
446.0
 20
1687.0
  0
LWPOLYLINE
  5
11B
330
17
100
AcDbEntity
  8
Wall elevation
100
AcDbPolyline
 90
5
 70
0
 10
472.0
 20
1649.0
 10
498.0
 20
1649.0
 10
498.0
 20
1450.0
 10
472.0
 20
1450.0
 10
472.0
 20
1649.0
  0
LWPOLYLINE
  5
11C
330
17
100
AcDbEntity
  8
Wall elevation
100
AcDbPolyline
 90
5
 70
0
 10
500.0
 20
1645.0
 10
524.0
 20
1645.0
 10
524.0
 20
1450.0
 10
500.0
 20
1450.0
 10
500.0
 20
1645.0
  0
LWPOLYLINE
  5
11D
330
17
100
AcDbEntity
  8
Wall elevation
100
AcDbPolyline
 90
5
 70
0
 10
526.0
 20
1667.0
 10
552.0
 20
1667.0
 10
552.0
 20
1450.0
 10
526.0
 20
1450.0
 10
526.0
 20
1667.0
  0
LWPOLYLINE
  5
11E
330
17
100
AcDbEntity
  8
Wall elevation
100
AcDbPolyline
 90
5
 70
0
 10
554.0
 20
1663.0
 10
578.0
 20
1663.0
 10
578.0
 20
1450.0
 10
554.0
 20
1450.0
 10
554.0
 20
1663.0
  0
LWPOLYLINE
  5
11F
330
17
100
AcDbEntity
  8
Wall elevation
100
AcDbPolyline
 90
5
 70
0
 10
580.0
 20
1685.0
 10
606.0
 20
1685.0
 10
606.0
 20
1450.0
 10
580.0
 20
1450.0
 10
580.0
 20
1685.0
  0
LWPOLYLINE
  5
120
330
17
100
AcDbEntity
  8
Wall elevation
100
AcDbPolyline
 90
5
 70
0
 10
608.0
 20
1681.0
 10
632.0
 20
1681.0
 10
632.0
 20
1450.0
 10
608.0
 20
1450.0
 10
608.0
 20
1681.0
  0
LWPOLYLINE
  5
121
330
17
100
AcDbEntity
  8
Wall elevation
100
AcDbPolyline
 90
5
 70
0
 10
634.0
 20
1643.0
 10
660.0
 20
1643.0
 10
660.0
 20
1450.0
 10
634.0
 20
1450.0
 10
634.0
 20
1643.0
  0
LWPOLYLINE
  5
122
330
17
100
AcDbEntity
  8
Wall elevation
100
AcDbPolyline
 90
5
 70
0
 10
662.0
 20
1639.0
 10
686.0
 20
1639.0
 10
686.0
 20
1450.0
 10
662.0
 20
1450.0
 10
662.0
 20
1639.0
  0
LWPOLYLINE
  5
123
330
17
100
AcDbEntity
  8
Wall elevation
100
AcDbPolyline
 90
5
 70
0
 10
688.0
 20
1661.0
 10
714.0
 20
1661.0
 10
714.0
 20
1450.0
 10
688.0
 20
1450.0
 10
688.0
 20
1661.0
  0
LWPOLYLINE
  5
124
330
17
100
AcDbEntity
  8
Wall elevation
100
AcDbPolyline
 90
5
 70
0
 10
716.0
 20
1657.0
 10
740.0
 20
1657.0
 10
740.0
 20
1450.0
 10
716.0
 20
1450.0
 10
716.0
 20
1657.0
  0
LWPOLYLINE
  5
125
330
17
100
AcDbEntity
  8
Wall elevation
100
AcDbPolyline
 90
5
 70
0
 10
742.0
 20
1679.0
 10
768.0
 20
1679.0
 10
768.0
 20
1450.0
 10
742.0
 20
1450.0
 10
742.0
 20
1679.0
  0
LWPOLYLINE
  5
126
330
17
100
AcDbEntity
  8
Wall elevation
100
AcDbPolyline
 90
5
 70
0
 10
770.0
 20
1675.0
 10
794.0
 20
1675.0
 10
794.0
 20
1450.0
 10
770.0
 20
1450.0
 10
770.0
 20
1675.0
  0
LWPOLYLINE
  5
127
330
17
100
AcDbEntity
  8
Wall elevation
100
AcDbPolyline
 90
5
 70
0
 10
796.0
 20
1637.0
 10
822.0
 20
1637.0
 10
822.0
 20
1450.0
 10
796.0
 20
1450.0
 10
796.0
 20
1637.0
  0
LWPOLYLINE
  5
128
330
17
100
AcDbEntity
  8
Wall elevation
100
AcDbPolyline
 90
5
 70
0
 10
824.0
 20
1693.0
 10
848.0
 20
1693.0
 10
848.0
 20
1450.0
 10
824.0
 20
1450.0
 10
824.0
 20
1693.0
  0
LWPOLYLINE
  5
129
330
17
100
AcDbEntity
  8
Wall elevation
100
AcDbPolyline
 90
5
 70
0
 10
850.0
 20
1655.0
 10
876.0
 20
1655.0
 10
876.0
 20
1450.0
 10
850.0
 20
1450.0
 10
850.0
 20
1655.0
  0
LWPOLYLINE
  5
12A
330
17
100
AcDbEntity
  8
Wall elevation
100
AcDbPolyline
 90
5
 70
0
 10
878.0
 20
1651.0
 10
902.0
 20
1651.0
 10
902.0
 20
1450.0
 10
878.0
 20
1450.0
 10
878.0
 20
1651.0
  0
LWPOLYLINE
  5
12B
330
17
100
AcDbEntity
  8
Wall elevation
100
AcDbPolyline
 90
5
 70
0
 10
904.0
 20
1673.0
 10
930.0
 20
1673.0
 10
930.0
 20
1450.0
 10
904.0
 20
1450.0
 10
904.0
 20
1673.0
  0
LWPOLYLINE
  5
12C
330
17
100
AcDbEntity
  8
Wall elevation
100
AcDbPolyline
 90
5
 70
0
 10
932.0
 20
1669.0
 10
956.0
 20
1669.0
 10
956.0
 20
1450.0
 10
932.0
 20
1450.0
 10
932.0
 20
1669.0
  0
LWPOLYLINE
  5
12D
330
17
100
AcDbEntity
  8
Wall elevation
100
AcDbPolyline
 90
5
 70
0
 10
958.0
 20
1691.0
 10
984.0
 20
1691.0
 10
984.0
 20
1450.0
 10
958.0
 20
1450.0
 10
958.0
 20
1691.0
  0
LWPOLYLINE
  5
12E
330
17
100
AcDbEntity
  8
Wall elevation
100
AcDbPolyline
 90
5
 70
0
 10
986.0
 20
1687.0
 10
1010.0
 20
1687.0
 10
1010.0
 20
1450.0
 10
986.0
 20
1450.0
 10
986.0
 20
1687.0
  0
LWPOLYLINE
  5
12F
330
17
100
AcDbEntity
  8
Wall elevation
100
AcDbPolyline
 90
5
 70
0
 10
1012.0
 20
1649.0
 10
1038.0
 20
1649.0
 10
1038.0
 20
1450.0
 10
1012.0
 20
1450.0
 10
1012.0
 20
1649.0
  0
LWPOLYLINE
  5
130
330
17
100
AcDbEntity
  8
Wall elevation
100
AcDbPolyline
 90
5
 70
0
 10
1040.0
 20
1645.0
 10
1064.0
 20
1645.0
 10
1064.0
 20
1450.0
 10
1040.0
 20
1450.0
 10
1040.0
 20
1645.0
  0
LWPOLYLINE
  5
131
330
17
100
AcDbEntity
  8
Wall elevation
100
AcDbPolyline
 90
5
 70
0
 10
1066.0
 20
1667.0
 10
1092.0
 20
1667.0
 10
1092.0
 20
1450.0
 10
1066.0
 20
1450.0
 10
1066.0
 20
1667.0
  0
LWPOLYLINE
  5
132
330
17
100
AcDbEntity
  8
Wall elevation
100
AcDbPolyline
 90
5
 70
0
 10
1094.0
 20
1663.0
 10
1118.0
 20
1663.0
 10
1118.0
 20
1450.0
 10
1094.0
 20
1450.0
 10
1094.0
 20
1663.0
  0
LWPOLYLINE
  5
133
330
17
100
AcDbEntity
  8
Wall elevation
100
AcDbPolyline
 90
5
 70
0
 10
1120.0
 20
1685.0
 10
1146.0
 20
1685.0
 10
1146.0
 20
1450.0
 10
1120.0
 20
1450.0
 10
1120.0
 20
1685.0
  0
LWPOLYLINE
  5
134
330
17
100
AcDbEntity
  8
Wall elevation
100
AcDbPolyline
 90
5
 70
0
 10
1148.0
 20
1681.0
 10
1172.0
 20
1681.0
 10
1172.0
 20
1450.0
 10
1148.0
 20
1450.0
 10
1148.0
 20
1681.0
  0
LWPOLYLINE
  5
135
330
17
100
AcDbEntity
  8
Wall elevation
100
AcDbPolyline
 90
5
 70
0
 10
230.0
 20
1975.0
 10
254.0
 20
1975.0
 10
254.0
 20
1750.0
 10
230.0
 20
1750.0
 10
230.0
 20
1975.0
  0
LWPOLYLINE
  5
136
330
17
100
AcDbEntity
  8
Wall elevation
100
AcDbPolyline
 90
5
 70
0
 10
256.0
 20
1937.0
 10
282.0
 20
1937.0
 10
282.0
 20
1750.0
 10
256.0
 20
1750.0
 10
256.0
 20
1937.0
  0
LWPOLYLINE
  5
137
330
17
100
AcDbEntity
  8
Wall elevation
100
AcDbPolyline
 90
5
 70
0
 10
284.0
 20
1993.0
 10
308.0
 20
1993.0
 10
308.0
 20
1750.0
 10
284.0
 20
1750.0
 10
284.0
 20
1993.0
  0
LWPOLYLINE
  5
138
330
17
100
AcDbEntity
  8
Wall elevation
100
AcDbPolyline
 90
5
 70
0
 10
310.0
 20
1955.0
 10
336.0
 20
1955.0
 10
336.0
 20
1750.0
 10
310.0
 20
1750.0
 10
310.0
 20
1955.0
  0
LWPOLYLINE
  5
139
330
17
100
AcDbEntity
  8
Wall elevation
100
AcDbPolyline
 90
5
 70
0
 10
338.0
 20
1951.0
 10
362.0
 20
1951.0
 10
362.0
 20
1750.0
 10
338.0
 20
1750.0
 10
338.0
 20
1951.0
  0
LWPOLYLINE
  5
13A
330
17
100
AcDbEntity
  8
Wall elevation
100
AcDbPolyline
 90
5
 70
0
 10
364.0
 20
1973.0
 10
390.0
 20
1973.0
 10
390.0
 20
1750.0
 10
364.0
 20
1750.0
 10
364.0
 20
1973.0
  0
LWPOLYLINE
  5
13B
330
17
100
AcDbEntity
  8
Wall elevation
100
AcDbPolyline
 90
5
 70
0
 10
392.0
 20
1969.0
 10
416.0
 20
1969.0
 10
416.0
 20
1750.0
 10
392.0
 20
1750.0
 10
392.0
 20
1969.0
  0
LWPOLYLINE
  5
13C
330
17
100
AcDbEntity
  8
Wall elevation
100
AcDbPolyline
 90
5
 70
0
 10
418.0
 20
1991.0
 10
444.0
 20
1991.0
 10
444.0
 20
1750.0
 10
418.0
 20
1750.0
 10
418.0
 20
1991.0
  0
LWPOLYLINE
  5
13D
330
17
100
AcDbEntity
  8
Wall elevation
100
AcDbPolyline
 90
5
 70
0
 10
446.0
 20
1987.0
 10
470.0
 20
1987.0
 10
470.0
 20
1750.0
 10
446.0
 20
1750.0
 10
446.0
 20
1987.0
  0
LWPOLYLINE
  5
13E
330
17
100
AcDbEntity
  8
Wall elevation
100
AcDbPolyline
 90
5
 70
0
 10
472.0
 20
1949.0
 10
498.0
 20
1949.0
 10
498.0
 20
1750.0
 10
472.0
 20
1750.0
 10
472.0
 20
1949.0
  0
LWPOLYLINE
  5
13F
330
17
100
AcDbEntity
  8
Wall elevation
100
AcDbPolyline
 90
5
 70
0
 10
500.0
 20
1945.0
 10
524.0
 20
1945.0
 10
524.0
 20
1750.0
 10
500.0
 20
1750.0
 10
500.0
 20
1945.0
  0
LWPOLYLINE
  5
140
330
17
100
AcDbEntity
  8
Wall elevation
100
AcDbPolyline
 90
5
 70
0
 10
526.0
 20
1967.0
 10
552.0
 20
1967.0
 10
552.0
 20
1750.0
 10
526.0
 20
1750.0
 10
526.0
 20
1967.0
  0
LWPOLYLINE
  5
141
330
17
100
AcDbEntity
  8
Wall elevation
100
AcDbPolyline
 90
5
 70
0
 10
554.0
 20
1963.0
 10
578.0
 20
1963.0
 10
578.0
 20
1750.0
 10
554.0
 20
1750.0
 10
554.0
 20
1963.0
  0
LWPOLYLINE
  5
142
330
17
100
AcDbEntity
  8
Wall elevation
100
AcDbPolyline
 90
5
 70
0
 10
580.0
 20
1985.0
 10
606.0
 20
1985.0
 10
606.0
 20
1750.0
 10
580.0
 20
1750.0
 10
580.0
 20
1985.0
  0
LWPOLYLINE
  5
143
330
17
100
AcDbEntity
  8
Wall elevation
100
AcDbPolyline
 90
5
 70
0
 10
608.0
 20
1981.0
 10
632.0
 20
1981.0
 10
632.0
 20
1750.0
 10
608.0
 20
1750.0
 10
608.0
 20
1981.0
  0
LWPOLYLINE
  5
144
330
17
100
AcDbEntity
  8
Wall elevation
100
AcDbPolyline
 90
5
 70
0
 10
634.0
 20
1943.0
 10
660.0
 20
1943.0
 10
660.0
 20
1750.0
 10
634.0
 20
1750.0
 10
634.0
 20
1943.0
  0
LWPOLYLINE
  5
145
330
17
100
AcDbEntity
  8
Wall elevation
100
AcDbPolyline
 90
5
 70
0
 10
662.0
 20
1939.0
 10
686.0
 20
1939.0
 10
686.0
 20
1750.0
 10
662.0
 20
1750.0
 10
662.0
 20
1939.0
  0
LWPOLYLINE
  5
146
330
17
100
AcDbEntity
  8
Wall elevation
100
AcDbPolyline
 90
5
 70
0
 10
688.0
 20
1961.0
 10
714.0
 20
1961.0
 10
714.0
 20
1750.0
 10
688.0
 20
1750.0
 10
688.0
 20
1961.0
  0
LWPOLYLINE
  5
147
330
17
100
AcDbEntity
  8
Wall elevation
100
AcDbPolyline
 90
5
 70
0
 10
716.0
 20
1957.0
 10
740.0
 20
1957.0
 10
740.0
 20
1750.0
 10
716.0
 20
1750.0
 10
716.0
 20
1957.0
  0
LWPOLYLINE
  5
148
330
17
100
AcDbEntity
  8
Wall elevation
100
AcDbPolyline
 90
5
 70
0
 10
742.0
 20
1979.0
 10
768.0
 20
1979.0
 10
768.0
 20
1750.0
 10
742.0
 20
1750.0
 10
742.0
 20
1979.0
  0
LWPOLYLINE
  5
149
330
17
100
AcDbEntity
  8
Wall elevation
100
AcDbPolyline
 90
5
 70
0
 10
770.0
 20
1975.0
 10
794.0
 20
1975.0
 10
794.0
 20
1750.0
 10
770.0
 20
1750.0
 10
770.0
 20
1975.0
  0
LWPOLYLINE
  5
14A
330
17
100
AcDbEntity
  8
Wall elevation
100
AcDbPolyline
 90
5
 70
0
 10
796.0
 20
1937.0
 10
822.0
 20
1937.0
 10
822.0
 20
1750.0
 10
796.0
 20
1750.0
 10
796.0
 20
1937.0
  0
LWPOLYLINE
  5
14B
330
17
100
AcDbEntity
  8
Wall elevation
100
AcDbPolyline
 90
5
 70
0
 10
824.0
 20
1993.0
 10
848.0
 20
1993.0
 10
848.0
 20
1750.0
 10
824.0
 20
1750.0
 10
824.0
 20
1993.0
  0
LWPOLYLINE
  5
14C
330
17
100
AcDbEntity
  8
Wall elevation
100
AcDbPolyline
 90
5
 70
0
 10
850.0
 20
1955.0
 10
876.0
 20
1955.0
 10
876.0
 20
1750.0
 10
850.0
 20
1750.0
 10
850.0
 20
1955.0
  0
LWPOLYLINE
  5
14D
330
17
100
AcDbEntity
  8
Wall elevation
100
AcDbPolyline
 90
5
 70
0
 10
878.0
 20
1951.0
 10
902.0
 20
1951.0
 10
902.0
 20
1750.0
 10
878.0
 20
1750.0
 10
878.0
 20
1951.0
  0
LWPOLYLINE
  5
14E
330
17
100
AcDbEntity
  8
Wall elevation
100
AcDbPolyline
 90
5
 70
0
 10
904.0
 20
1973.0
 10
930.0
 20
1973.0
 10
930.0
 20
1750.0
 10
904.0
 20
1750.0
 10
904.0
 20
1973.0
  0
LWPOLYLINE
  5
14F
330
17
100
AcDbEntity
  8
Wall elevation
100
AcDbPolyline
 90
5
 70
0
 10
932.0
 20
1969.0
 10
956.0
 20
1969.0
 10
956.0
 20
1750.0
 10
932.0
 20
1750.0
 10
932.0
 20
1969.0
  0
LWPOLYLINE
  5
150
330
17
100
AcDbEntity
  8
Wall elevation
100
AcDbPolyline
 90
5
 70
0
 10
958.0
 20
1991.0
 10
984.0
 20
1991.0
 10
984.0
 20
1750.0
 10
958.0
 20
1750.0
 10
958.0
 20
1991.0
  0
LWPOLYLINE
  5
151
330
17
100
AcDbEntity
  8
Wall elevation
100
AcDbPolyline
 90
5
 70
0
 10
986.0
 20
1987.0
 10
1010.0
 20
1987.0
 10
1010.0
 20
1750.0
 10
986.0
 20
1750.0
 10
986.0
 20
1987.0
  0
LWPOLYLINE
  5
152
330
17
100
AcDbEntity
  8
Wall elevation
100
AcDbPolyline
 90
5
 70
0
 10
1012.0
 20
1949.0
 10
1038.0
 20
1949.0
 10
1038.0
 20
1750.0
 10
1012.0
 20
1750.0
 10
1012.0
 20
1949.0
  0
LWPOLYLINE
  5
153
330
17
100
AcDbEntity
  8
Wall elevation
100
AcDbPolyline
 90
5
 70
0
 10
1040.0
 20
1945.0
 10
1064.0
 20
1945.0
 10
1064.0
 20
1750.0
 10
1040.0
 20
1750.0
 10
1040.0
 20
1945.0
  0
LWPOLYLINE
  5
154
330
17
100
AcDbEntity
  8
Wall elevation
100
AcDbPolyline
 90
5
 70
0
 10
1066.0
 20
1967.0
 10
1092.0
 20
1967.0
 10
1092.0
 20
1750.0
 10
1066.0
 20
1750.0
 10
1066.0
 20
1967.0
  0
LWPOLYLINE
  5
155
330
17
100
AcDbEntity
  8
Wall elevation
100
AcDbPolyline
 90
5
 70
0
 10
1094.0
 20
1963.0
 10
1118.0
 20
1963.0
 10
1118.0
 20
1750.0
 10
1094.0
 20
1750.0
 10
1094.0
 20
1963.0
  0
LWPOLYLINE
  5
156
330
17
100
AcDbEntity
  8
Wall elevation
100
AcDbPolyline
 90
5
 70
0
 10
1120.0
 20
1985.0
 10
1146.0
 20
1985.0
 10
1146.0
 20
1750.0
 10
1120.0
 20
1750.0
 10
1120.0
 20
1985.0
  0
LWPOLYLINE
  5
157
330
17
100
AcDbEntity
  8
Wall elevation
100
AcDbPolyline
 90
5
 70
0
 10
1148.0
 20
1981.0
 10
1172.0
 20
1981.0
 10
1172.0
 20
1750.0
 10
1148.0
 20
1750.0
 10
1148.0
 20
1981.0
  0
LWPOLYLINE
  5
158
330
17
100
AcDbEntity
  8
Wall elevation
100
AcDbPolyline
 90
5
 70
0
 10
230.0
 20
2175.0
 10
254.0
 20
2175.0
 10
254.0
 20
2050.0
 10
230.0
 20
2050.0
 10
230.0
 20
2175.0
  0
LWPOLYLINE
  5
159
330
17
100
AcDbEntity
  8
Wall elevation
100
AcDbPolyline
 90
5
 70
0
 10
256.0
 20
2137.0
 10
282.0
 20
2137.0
 10
282.0
 20
2050.0
 10
256.0
 20
2050.0
 10
256.0
 20
2137.0
  0
LWPOLYLINE
  5
15A
330
17
100
AcDbEntity
  8
Wall elevation
100
AcDbPolyline
 90
5
 70
0
 10
284.0
 20
2193.0
 10
308.0
 20
2193.0
 10
308.0
 20
2050.0
 10
284.0
 20
2050.0
 10
284.0
 20
2193.0
  0
LWPOLYLINE
  5
15B
330
17
100
AcDbEntity
  8
Wall elevation
100
AcDbPolyline
 90
5
 70
0
 10
310.0
 20
2155.0
 10
336.0
 20
2155.0
 10
336.0
 20
2050.0
 10
310.0
 20
2050.0
 10
310.0
 20
2155.0
  0
LWPOLYLINE
  5
15C
330
17
100
AcDbEntity
  8
Wall elevation
100
AcDbPolyline
 90
5
 70
0
 10
338.0
 20
2151.0
 10
362.0
 20
2151.0
 10
362.0
 20
2050.0
 10
338.0
 20
2050.0
 10
338.0
 20
2151.0
  0
LWPOLYLINE
  5
15D
330
17
100
AcDbEntity
  8
Wall elevation
100
AcDbPolyline
 90
5
 70
0
 10
364.0
 20
2173.0
 10
390.0
 20
2173.0
 10
390.0
 20
2050.0
 10
364.0
 20
2050.0
 10
364.0
 20
2173.0
  0
LWPOLYLINE
  5
15E
330
17
100
AcDbEntity
  8
Wall elevation
100
AcDbPolyline
 90
5
 70
0
 10
392.0
 20
2169.0
 10
416.0
 20
2169.0
 10
416.0
 20
2050.0
 10
392.0
 20
2050.0
 10
392.0
 20
2169.0
  0
LWPOLYLINE
  5
15F
330
17
100
AcDbEntity
  8
Wall elevation
100
AcDbPolyline
 90
5
 70
0
 10
418.0
 20
2191.0
 10
444.0
 20
2191.0
 10
444.0
 20
2050.0
 10
418.0
 20
2050.0
 10
418.0
 20
2191.0
  0
LWPOLYLINE
  5
160
330
17
100
AcDbEntity
  8
Wall elevation
100
AcDbPolyline
 90
5
 70
0
 10
446.0
 20
2187.0
 10
470.0
 20
2187.0
 10
470.0
 20
2050.0
 10
446.0
 20
2050.0
 10
446.0
 20
2187.0
  0
LWPOLYLINE
  5
161
330
17
100
AcDbEntity
  8
Wall elevation
100
AcDbPolyline
 90
5
 70
0
 10
472.0
 20
2149.0
 10
498.0
 20
2149.0
 10
498.0
 20
2050.0
 10
472.0
 20
2050.0
 10
472.0
 20
2149.0
  0
LWPOLYLINE
  5
162
330
17
100
AcDbEntity
  8
Wall elevation
100
AcDbPolyline
 90
5
 70
0
 10
500.0
 20
2145.0
 10
524.0
 20
2145.0
 10
524.0
 20
2050.0
 10
500.0
 20
2050.0
 10
500.0
 20
2145.0
  0
LWPOLYLINE
  5
163
330
17
100
AcDbEntity
  8
Wall elevation
100
AcDbPolyline
 90
5
 70
0
 10
526.0
 20
2167.0
 10
552.0
 20
2167.0
 10
552.0
 20
2050.0
 10
526.0
 20
2050.0
 10
526.0
 20
2167.0
  0
LWPOLYLINE
  5
164
330
17
100
AcDbEntity
  8
Wall elevation
100
AcDbPolyline
 90
5
 70
0
 10
554.0
 20
2163.0
 10
578.0
 20
2163.0
 10
578.0
 20
2050.0
 10
554.0
 20
2050.0
 10
554.0
 20
2163.0
  0
LWPOLYLINE
  5
165
330
17
100
AcDbEntity
  8
Wall elevation
100
AcDbPolyline
 90
5
 70
0
 10
580.0
 20
2185.0
 10
606.0
 20
2185.0
 10
606.0
 20
2050.0
 10
580.0
 20
2050.0
 10
580.0
 20
2185.0
  0
LWPOLYLINE
  5
166
330
17
100
AcDbEntity
  8
Wall elevation
100
AcDbPolyline
 90
5
 70
0
 10
608.0
 20
2181.0
 10
632.0
 20
2181.0
 10
632.0
 20
2050.0
 10
608.0
 20
2050.0
 10
608.0
 20
2181.0
  0
LWPOLYLINE
  5
167
330
17
100
AcDbEntity
  8
Wall elevation
100
AcDbPolyline
 90
5
 70
0
 10
634.0
 20
2143.0
 10
660.0
 20
2143.0
 10
660.0
 20
2050.0
 10
634.0
 20
2050.0
 10
634.0
 20
2143.0
  0
LWPOLYLINE
  5
168
330
17
100
AcDbEntity
  8
Wall elevation
100
AcDbPolyline
 90
5
 70
0
 10
662.0
 20
2139.0
 10
686.0
 20
2139.0
 10
686.0
 20
2050.0
 10
662.0
 20
2050.0
 10
662.0
 20
2139.0
  0
LWPOLYLINE
  5
169
330
17
100
AcDbEntity
  8
Wall elevation
100
AcDbPolyline
 90
5
 70
0
 10
688.0
 20
2161.0
 10
714.0
 20
2161.0
 10
714.0
 20
2050.0
 10
688.0
 20
2050.0
 10
688.0
 20
2161.0
  0
LWPOLYLINE
  5
16A
330
17
100
AcDbEntity
  8
Wall elevation
100
AcDbPolyline
 90
5
 70
0
 10
716.0
 20
2157.0
 10
740.0
 20
2157.0
 10
740.0
 20
2050.0
 10
716.0
 20
2050.0
 10
716.0
 20
2157.0
  0
LWPOLYLINE
  5
16B
330
17
100
AcDbEntity
  8
Wall elevation
100
AcDbPolyline
 90
5
 70
0
 10
742.0
 20
2179.0
 10
768.0
 20
2179.0
 10
768.0
 20
2050.0
 10
742.0
 20
2050.0
 10
742.0
 20
2179.0
  0
LWPOLYLINE
  5
16C
330
17
100
AcDbEntity
  8
Wall elevation
100
AcDbPolyline
 90
5
 70
0
 10
770.0
 20
2175.0
 10
794.0
 20
2175.0
 10
794.0
 20
2050.0
 10
770.0
 20
2050.0
 10
770.0
 20
2175.0
  0
LWPOLYLINE
  5
16D
330
17
100
AcDbEntity
  8
Wall elevation
100
AcDbPolyline
 90
5
 70
0
 10
796.0
 20
2137.0
 10
822.0
 20
2137.0
 10
822.0
 20
2050.0
 10
796.0
 20
2050.0
 10
796.0
 20
2137.0
  0
LWPOLYLINE
  5
16E
330
17
100
AcDbEntity
  8
Wall elevation
100
AcDbPolyline
 90
5
 70
0
 10
824.0
 20
2193.0
 10
848.0
 20
2193.0
 10
848.0
 20
2050.0
 10
824.0
 20
2050.0
 10
824.0
 20
2193.0
  0
LWPOLYLINE
  5
16F
330
17
100
AcDbEntity
  8
Wall elevation
100
AcDbPolyline
 90
5
 70
0
 10
850.0
 20
2155.0
 10
876.0
 20
2155.0
 10
876.0
 20
2050.0
 10
850.0
 20
2050.0
 10
850.0
 20
2155.0
  0
LWPOLYLINE
  5
170
330
17
100
AcDbEntity
  8
Wall elevation
100
AcDbPolyline
 90
5
 70
0
 10
878.0
 20
2151.0
 10
902.0
 20
2151.0
 10
902.0
 20
2050.0
 10
878.0
 20
2050.0
 10
878.0
 20
2151.0
  0
LWPOLYLINE
  5
171
330
17
100
AcDbEntity
  8
Wall elevation
100
AcDbPolyline
 90
5
 70
0
 10
904.0
 20
2173.0
 10
930.0
 20
2173.0
 10
930.0
 20
2050.0
 10
904.0
 20
2050.0
 10
904.0
 20
2173.0
  0
LWPOLYLINE
  5
172
330
17
100
AcDbEntity
  8
Wall elevation
100
AcDbPolyline
 90
5
 70
0
 10
932.0
 20
2169.0
 10
956.0
 20
2169.0
 10
956.0
 20
2050.0
 10
932.0
 20
2050.0
 10
932.0
 20
2169.0
  0
LWPOLYLINE
  5
173
330
17
100
AcDbEntity
  8
Wall elevation
100
AcDbPolyline
 90
5
 70
0
 10
958.0
 20
2191.0
 10
984.0
 20
2191.0
 10
984.0
 20
2050.0
 10
958.0
 20
2050.0
 10
958.0
 20
2191.0
  0
LWPOLYLINE
  5
174
330
17
100
AcDbEntity
  8
Wall elevation
100
AcDbPolyline
 90
5
 70
0
 10
986.0
 20
2187.0
 10
1010.0
 20
2187.0
 10
1010.0
 20
2050.0
 10
986.0
 20
2050.0
 10
986.0
 20
2187.0
  0
LWPOLYLINE
  5
175
330
17
100
AcDbEntity
  8
Wall elevation
100
AcDbPolyline
 90
5
 70
0
 10
1012.0
 20
2149.0
 10
1038.0
 20
2149.0
 10
1038.0
 20
2050.0
 10
1012.0
 20
2050.0
 10
1012.0
 20
2149.0
  0
LWPOLYLINE
  5
176
330
17
100
AcDbEntity
  8
Wall elevation
100
AcDbPolyline
 90
5
 70
0
 10
1040.0
 20
2145.0
 10
1064.0
 20
2145.0
 10
1064.0
 20
2050.0
 10
1040.0
 20
2050.0
 10
1040.0
 20
2145.0
  0
LWPOLYLINE
  5
177
330
17
100
AcDbEntity
  8
Wall elevation
100
AcDbPolyline
 90
5
 70
0
 10
1066.0
 20
2167.0
 10
1092.0
 20
2167.0
 10
1092.0
 20
2050.0
 10
1066.0
 20
2050.0
 10
1066.0
 20
2167.0
  0
LWPOLYLINE
  5
178
330
17
100
AcDbEntity
  8
Wall elevation
100
AcDbPolyline
 90
5
 70
0
 10
1094.0
 20
2163.0
 10
1118.0
 20
2163.0
 10
1118.0
 20
2050.0
 10
1094.0
 20
2050.0
 10
1094.0
 20
2163.0
  0
LWPOLYLINE
  5
179
330
17
100
AcDbEntity
  8
Wall elevation
100
AcDbPolyline
 90
5
 70
0
 10
1120.0
 20
2185.0
 10
1146.0
 20
2185.0
 10
1146.0
 20
2050.0
 10
1120.0
 20
2050.0
 10
1120.0
 20
2185.0
  0
LWPOLYLINE
  5
17A
330
17
100
AcDbEntity
  8
Wall elevation
100
AcDbPolyline
 90
5
 70
0
 10
1148.0
 20
2181.0
 10
1172.0
 20
2181.0
 10
1172.0
 20
2050.0
 10
1148.0
 20
2050.0
 10
1148.0
 20
2181.0
  0
SPLINE
  5
17B
330
17
100
AcDbEntity
  8
Wall elevation
100
AcDbSpline
 70
0
 71
3
 72
17
 73
13
 74
0
 40
0.0
 40
0.0
 40
0.0
 40
0.0
 40
1.0
 40
1.0
 40
1.0
 40
2.0
 40
2.0
 40
2.0
 40
3.0
 40
3.0
 40
3.0
 40
4.0
 40
4.0
 40
4.0
 40
4.0
 10
210.0
 20
2250.0
 30
0.0
 10
271.5129601792923
 20
2319.1824596141305
 30
0.0
 10
346.9859018143916
 20
2374.5595867736315
 30
0.0
 10
431.4388319360546
 20
2412.4773871073203
 30
0.0
 10
515.8917620577176
 20
2450.3951874410095
 30
0.0
 10
607.4253977147077
 20
2470.0009181059986
 30
0.0
 10
699.9999999999999
 20
2470.0009181059986
 30
0.0
 10
792.574602285292
 20
2470.0009181059986
 30
0.0
 10
884.1082379422821
 20
2450.3951874410095
 30
0.0
 10
968.5611680639452
 20
2412.4773871073203
 30
0.0
 10
1053.0140981856082
 20
2374.5595867736315
 30
0.0
 10
1128.4870398207077
 20
2319.1824596141305
 30
0.0
 10
1190.0
 20
2250.0
 30
0.0
  0
SPLINE
  5
17C
330
17
100
AcDbEntity
  8
Wall elevation
100
AcDbSpline
 70
0
 71
3
 72
17
 73
13
 74
0
 40
0.0
 40
0.0
 40
0.0
 40
0.0
 40
1.0
 40
1.0
 40
1.0
 40
2.0
 40
2.0
 40
2.0
 40
3.0
 40
3.0
 40
3.0
 40
4.0
 40
4.0
 40
4.0
 40
4.0
 10
164.07
 20
2250.0
 30
0.0
 10
228.8300541698217
 20
2329.6611721563845
 30
0.0
 10
310.5441314996467
 20
2393.8902243484713
 30
0.0
 10
403.2486410628658
 20
2437.9996436605684
 30
0.0
 10
495.95315062608483
 20
2482.109062972665
 30
0.0
 10
597.336632797246
 20
2504.999041614165
 30
0.0
 10
699.9999999999992
 20
2504.999041614165
 30
0.0
 10
802.6633672027524
 20
2504.999041614165
 30
0.0
 10
904.0468493739137
 20
2482.1090629726655
 30
0.0
 10
996.7513589371329
 20
2437.999643660569
 30
0.0
 10
1089.4558685003522
 20
2393.890224348472
 30
0.0
 10
1171.1699458301782
 20
2329.661172156384
 30
0.0
 10
1235.93
 20
2250.0
 30
0.0
  0
SPLINE
  5
17D
330
17
100
AcDbEntity
  8
Wall elevation
100
AcDbSpline
 70
0
 71
3
 72
17
 73
13
 74
0
 40
0.0
 40
0.0
 40
0.0
 40
0.0
 40
1.0
 40
1.0
 40
1.0
 40
2.0
 40
2.0
 40
2.0
 40
3.0
 40
3.0
 40
3.0
 40
4.0
 40
4.0
 40
4.0
 40
4.0
 10
132.21
 20
2250.0
 30
0.0
 10
199.0346864495862
 20
2337.088819497049
 30
0.0
 10
285.00890741658736
 20
2407.6467528818703
 30
0.0
 10
383.4607076149499
 20
2456.1982125733853
 30
0.0
 10
481.91250781331246
 20
2504.7496722649003
 30
0.0
 10
590.227502531485
 20
2530.0053756528846
 30
0.0
 10
699.9999999999999
 20
2530.0053756528846
 30
0.0
 10
809.7724974685146
 20
2530.0053756528846
 30
0.0
 10
918.0874921866873
 20
2504.7496722649003
 30
0.0
 10
1016.5392923850499
 20
2456.1982125733857
 30
0.0
 10
1114.9910925834124
 20
2407.6467528818707
 30
0.0
 10
1200.9653135504136
 20
2337.088819497049
 30
0.0
 10
1267.79
 20
2250.0
 30
0.0
  0
LWPOLYLINE
  5
17E
330
17
100
AcDbEntity
  8
Wall elevation
100
AcDbPolyline
 90
5
 70
0
 10
674.0
 20
2462.0
 10
666.0
 20
2565.0
 10
734.0
 20
2565.0
 10
726.0
 20
2462.0
 10
674.0
 20
2462.0
  0
LINE
  5
17F
330
17
100
AcDbEntity
  8
Wall elevation
100
AcDbLine
 10
680.0
 20
2490.0
 30
0.0
 11
720.0
 21
2490.0
 31
0.0
  0
LWPOLYLINE
  5
180
330
17
100
AcDbEntity
  8
Wall elevation
100
AcDbPolyline
 90
11
 70
0
 10
190.0
 20
2555.0
 10
641.0
 20
2552.65
 10
582.37
 20
2545.6
 10
524.49
 20
2533.91
 10
467.73
 20
2517.64
 10
412.44
 20
2496.9
 10
358.99
 20
2471.83
 10
307.69
 20
2442.57
 10
258.89
 20
2409.33
 10
212.9
 20
2372.3
 10
190.0
 20
2555.0
  0
LWPOLYLINE
  5
181
330
17
100
AcDbEntity
  8
Wall elevation
100
AcDbPolyline
 90
11
 70
0
 10
1210.0
 20
2555.0
 10
759.0
 20
2552.65
 10
817.63
 20
2545.6
 10
875.51
 20
2533.91
 10
932.27
 20
2517.64
 10
987.56
 20
2496.9
 10
1041.01
 20
2471.83
 10
1092.31
 20
2442.57
 10
1141.1100000000001
 20
2409.33
 10
1187.1
 20
2372.3
 10
1210.0
 20
2555.0
  0
CIRCLE
  5
182
330
17
100
AcDbEntity
  8
Wall elevation
100
AcDbCircle
 10
700.0
 20
2440.0
 30
0.0
 40
12.0
  0
LINE
  5
183
330
17
100
AcDbEntity
  8
Wall elevation
  6
DASHED
100
AcDbLine
 10
700.0
 20
2426.0
 30
0.0
 11
580.0
 21
2300.0
 31
0.0
  0
LINE
  5
184
330
17
100
AcDbEntity
  8
Wall elevation
  6
DASHED
100
AcDbLine
 10
700.0
 20
2426.0
 30
0.0
 11
640.0
 21
2300.0
 31
0.0
  0
LINE
  5
185
330
17
100
AcDbEntity
  8
Wall elevation
  6
DASHED
100
AcDbLine
 10
700.0
 20
2426.0
 30
0.0
 11
700.0
 21
2300.0
 31
0.0
  0
LINE
  5
186
330
17
100
AcDbEntity
  8
Wall elevation
  6
DASHED
100
AcDbLine
 10
700.0
 20
2426.0
 30
0.0
 11
760.0
 21
2300.0
 31
0.0
  0
LINE
  5
187
330
17
100
AcDbEntity
  8
Wall elevation
  6
DASHED
100
AcDbLine
 10
700.0
 20
2426.0
 30
0.0
 11
820.0
 21
2300.0
 31
0.0
  0
LWPOLYLINE
  5
188
330
17
100
AcDbEntity
  8
Wall elevation
100
AcDbPolyline
 90
5
 70
0
 10
1470.0
 20
2585.0
 10
2570.0
 20
2585.0
 10
2570.0
 20
840.0
 10
1470.0
 20
840.0
 10
1470.0
 20
2585.0
  0
LWPOLYLINE
  5
189
330
17
100
AcDbEntity
  8
Wall elevation
100
AcDbPolyline
 90
5
 70
0
 10
1540.0
 20
2415.0
 10
2500.0
 20
2415.0
 10
2500.0
 20
1000.0
 10
1540.0
 20
1000.0
 10
1540.0
 20
2415.0
  0
LWPOLYLINE
  5
18A
330
17
100
AcDbEntity
  8
Wall elevation
100
AcDbPolyline
 90
5
 70
0
 10
1562.0
 20
2393.0
 10
2478.0
 20
2393.0
 10
2478.0
 20
1022.0
 10
1562.0
 20
1022.0
 10
1562.0
 20
2393.0
  0
LWPOLYLINE
  5
18B
330
17
100
AcDbEntity
  8
Wall elevation
100
AcDbPolyline
 90
5
 70
0
 10
1585.0
 20
2370.0
 10
2455.0
 20
2370.0
 10
2455.0
 20
1045.0
 10
1585.0
 20
1045.0
 10
1585.0
 20
2370.0
  0
LWPOLYLINE
  5
18C
330
17
100
AcDbEntity
  8
Wall elevation
100
AcDbPolyline
 90
5
 70
0
 10
1610.0
 20
2345.0
 10
2430.0
 20
2345.0
 10
2430.0
 20
1070.0
 10
1610.0
 20
1070.0
 10
1610.0
 20
2345.0
  0
LINE
  5
18D
330
17
100
AcDbEntity
  8
Wall elevation
100
AcDbLine
 10
1540.0
 20
1000.0
 30
0.0
 11
1610.0
 21
1070.0
 31
0.0
  0
LINE
  5
18E
330
17
100
AcDbEntity
  8
Wall elevation
100
AcDbLine
 10
2500.0
 20
1000.0
 30
0.0
 11
2430.0
 21
1070.0
 31
0.0
  0
LINE
  5
18F
330
17
100
AcDbEntity
  8
Wall elevation
100
AcDbLine
 10
1540.0
 20
2415.0
 30
0.0
 11
1610.0
 21
2345.0
 31
0.0
  0
LINE
  5
190
330
17
100
AcDbEntity
  8
Wall elevation
100
AcDbLine
 10
2500.0
 20
2415.0
 30
0.0
 11
2430.0
 21
2345.0
 31
0.0
  0
LWPOLYLINE
  5
191
330
17
100
AcDbEntity
  8
Wall elevation
100
AcDbPolyline
 90
5
 70
0
 10
1650.0
 20
2305.0
 10
2390.0
 20
2305.0
 10
2390.0
 20
1110.0
 10
1650.0
 20
1110.0
 10
1650.0
 20
2305.0
  0
LWPOLYLINE
  5
192
330
17
100
AcDbEntity
  8
Wall elevation
  6
DASHED
100
AcDbPolyline
 90
5
 70
0
 10
1670.0
 20
2150.0
 10
2370.0
 20
2150.0
 10
2370.0
 20
1250.0
 10
1670.0
 20
1250.0
 10
1670.0
 20
2150.0
  0
LWPOLYLINE
  5
193
330
17
100
AcDbEntity
  8
Wall elevation
  6
DASHED
100
AcDbPolyline
 90
5
 70
0
 10
1740.0
 20
2080.0
 10
2300.0
 20
2080.0
 10
2300.0
 20
1320.0
 10
1740.0
 20
1320.0
 10
1740.0
 20
2080.0
  0
LWPOLYLINE
  5
194
330
17
100
AcDbEntity
  8
Wall elevation
100
AcDbPolyline
 90
5
 70
0
 10
1800.0
 20
2245.0
 10
2240.0
 20
2245.0
 10
2240.0
 20
2220.0
 10
1800.0
 20
2220.0
 10
1800.0
 20
2245.0
  0
LINE
  5
195
330
17
100
AcDbEntity
  8
Wall elevation
100
AcDbLine
 10
2020.0
 20
2220.0
 30
0.0
 11
2020.0
 21
2180.0
 31
0.0
  0
LWPOLYLINE
  5
196
330
17
100
AcDbEntity
  8
Wall elevation
100
AcDbPolyline
 90
5
 70
0
 10
2790.0
 20
2585.0
 10
3810.0
 20
2585.0
 10
3810.0
 20
840.0
 10
2790.0
 20
840.0
 10
2790.0
 20
2585.0
  0
LWPOLYLINE
  5
197
330
17
100
AcDbEntity
  8
Wall elevation
100
AcDbPolyline
 90
5
 70
0
 10
2820.0
 20
2420.0
 10
3780.0
 20
2420.0
 10
3780.0
 20
840.0
 10
2820.0
 20
840.0
 10
2820.0
 20
2420.0
  0
LWPOLYLINE
  5
198
330
17
100
AcDbEntity
  8
Wall elevation
100
AcDbPolyline
 90
5
 70
0
 10
2840.0
 20
2400.0
 10
3760.0
 20
2400.0
 10
3760.0
 20
840.0
 10
2840.0
 20
840.0
 10
2840.0
 20
2400.0
  0
LWPOLYLINE
  5
199
330
17
100
AcDbEntity
  8
Wall elevation
100
AcDbPolyline
 90
5
 70
0
 10
2860.0
 20
2380.0
 10
3740.0
 20
2380.0
 10
3740.0
 20
840.0
 10
2860.0
 20
840.0
 10
2860.0
 20
2380.0
  0
LWPOLYLINE
  5
19A
330
17
100
AcDbEntity
  8
Wall elevation
100
AcDbPolyline
 90
5
 70
0
 10
2890.0
 20
2350.0
 10
3710.0
 20
2350.0
 10
3710.0
 20
840.0
 10
2890.0
 20
840.0
 10
2890.0
 20
2350.0
  0
LWPOLYLINE
  5
19B
330
17
100
AcDbEntity
  8
Wall elevation
100
AcDbPolyline
 90
5
 70
0
 10
2910.0
 20
2330.0
 10
3295.0
 20
2330.0
 10
3295.0
 20
860.0
 10
2910.0
 20
860.0
 10
2910.0
 20
2330.0
  0
LINE
  5
19C
330
17
100
AcDbEntity
  8
Wall elevation
100
AcDbLine
 10
2910.0
 20
1350.0
 30
0.0
 11
3295.0
 21
1350.0
 31
0.0
  0
LINE
  5
19D
330
17
100
AcDbEntity
  8
Wall elevation
100
AcDbLine
 10
2910.0
 20
1840.0
 30
0.0
 11
3295.0
 21
1840.0
 31
0.0
  0
LINE
  5
19E
330
17
100
AcDbEntity
  8
Wall elevation
100
AcDbLine
 10
3102.5
 20
860.0
 30
0.0
 11
3102.5
 21
2330.0
 31
0.0
  0
LWPOLYLINE
  5
19F
330
17
100
AcDbEntity
  8
Wall elevation
100
AcDbPolyline
 90
5
 70
0
 10
3305.0
 20
2330.0
 10
3690.0
 20
2330.0
 10
3690.0
 20
860.0
 10
3305.0
 20
860.0
 10
3305.0
 20
2330.0
  0
LINE
  5
1A0
330
17
100
AcDbEntity
  8
Wall elevation
100
AcDbLine
 10
3305.0
 20
1350.0
 30
0.0
 11
3690.0
 21
1350.0
 31
0.0
  0
LINE
  5
1A1
330
17
100
AcDbEntity
  8
Wall elevation
100
AcDbLine
 10
3305.0
 20
1840.0
 30
0.0
 11
3690.0
 21
1840.0
 31
0.0
  0
LINE
  5
1A2
330
17
100
AcDbEntity
  8
Wall elevation
100
AcDbLine
 10
3497.5
 20
860.0
 30
0.0
 11
3497.5
 21
2330.0
 31
0.0
  0
LWPOLYLINE
  5
1A3
330
17
100
AcDbEntity
  8
Wall elevation
100
AcDbPolyline
 90
5
 70
0
 10
2890.0
 20
2555.0
 10
3710.0
 20
2555.0
 10
3710.0
 20
2450.0
 10
2890.0
 20
2450.0
 10
2890.0
 20
2555.0
  0
LWPOLYLINE
  5
1A4
330
17
100
AcDbEntity
  8
Wall elevation
100
AcDbPolyline
 90
5
 70
0
 10
3270.0
 20
2350.0
 10
3260.0
 20
2435.0
 10
3340.0
 20
2435.0
 10
3330.0
 20
2350.0
 10
3270.0
 20
2350.0
  0
LWPOLYLINE
  5
1A5
330
17
100
AcDbEntity
  8
Wall elevation
100
AcDbPolyline
 90
5
 70
0
 10
1250.0
 20
2585.0
 10
1470.0
 20
2585.0
 10
1470.0
 20
840.0
 10
1250.0
 20
840.0
 10
1250.0
 20
2585.0
  0
LWPOLYLINE
  5
1A6
330
17
100
AcDbEntity
  8
Wall elevation
100
AcDbPolyline
 90
5
 70
0
 10
1238.0
 20
910.0
 10
1482.0
 20
910.0
 10
1482.0
 20
840.0
 10
1238.0
 20
840.0
 10
1238.0
 20
910.0
  0
LWPOLYLINE
  5
1A7
330
17
100
AcDbEntity
  8
Wall elevation
100
AcDbPolyline
 90
5
 70
0
 10
1242.0
 20
935.0
 10
1478.0
 20
935.0
 10
1478.0
 20
910.0
 10
1242.0
 20
910.0
 10
1242.0
 20
935.0
  0
LINE
  5
1A8
330
17
100
AcDbEntity
  8
Wall elevation
100
AcDbLine
 10
1242.0
 20
922.0
 30
0.0
 11
1478.0
 21
922.0
 31
0.0
  0
LINE
  5
1A9
330
17
100
AcDbEntity
  8
Wall elevation
100
AcDbLine
 10
1247.0
 20
950.0
 30
0.0
 11
1473.0
 21
950.0
 31
0.0
  0
LINE
  5
1AA
330
17
100
AcDbEntity
  8
Wall elevation
100
AcDbLine
 10
1250.0
 20
965.0
 30
0.0
 11
1470.0
 21
965.0
 31
0.0
  0
POLYLINE
  5
1AB
330
17
100
AcDbEntity
  8
Wall elevation
100
AcDb2dPolyline
 66
1
 10
0.0
 20
0.0
 30
0.0
 70
0
  0
VERTEX
  5
1AC
330
1AB
100
AcDbEntity
  8
Wall elevation
100
AcDbVertex
100
AcDb2dVertex
 10
1278.57
 20
2370.0
 30
0.0
 70
0
  0
VERTEX
  5
1AD
330
1AB
100
AcDbEntity
  8
Wall elevation
100
AcDbVertex
100
AcDb2dVertex
 10
1278.57
 20
2370.0
 30
0.0
 70
0
  0
SEQEND
  5
1AE
330
1AB
100
AcDbEntity
  8
Wall elevation
  0
SPLINE
  5
1AF
330
17
100
AcDbEntity
  8
Wall elevation
100
AcDbSpline
 70
0
 71
3
 72
14
 73
10
 74
0
 40
0.0
 40
0.0
 40
0.0
 40
0.0
 40
1.0
 40
1.0
 40
1.0
 40
2.0
 40
2.0
 40
2.0
 40
3.0
 40
3.0
 40
3.0
 40
3.0
 10
1278.57
 20
2370.0
 30
0.0
 10
1280.2374741535455
 20
2370.0
 30
0.0
 10
1281.8759250228757
 20
2369.560978412725
 30
0.0
 10
1283.32
 20
2368.7272413359524
 30
0.0
 10
1284.7640749771242
 20
2367.8935042591793
 30
0.0
 10
1285.9635042591794
 20
2366.6940749771243
 30
0.0
 10
1286.797241335952
 20
2365.25
 30
0.0
 10
1287.6309784127247
 20
2363.8059250228757
 30
0.0
 10
1288.07
 20
2362.1674741535453
 30
0.0
 10
1288.07
 20
2360.5
 30
0.0
  0
POLYLINE
  5
1B0
330
17
100
AcDbEntity
  8
Wall elevation
100
AcDb2dPolyline
 66
1
 10
0.0
 20
0.0
 30
0.0
 70
0
  0
VERTEX
  5
1B1
330
1B0
100
AcDbEntity
  8
Wall elevation
100
AcDbVertex
100
AcDb2dVertex
 10
1288.07
 20
2360.5
 30
0.0
 70
0
  0
VERTEX
  5
1B2
330
1B0
100
AcDbEntity
  8
Wall elevation
100
AcDbVertex
100
AcDb2dVertex
 10
1288.07
 20
1029.5
 30
0.0
 70
0
  0
SEQEND
  5
1B3
330
1B0
100
AcDbEntity
  8
Wall elevation
  0
SPLINE
  5
1B4
330
17
100
AcDbEntity
  8
Wall elevation
100
AcDbSpline
 70
0
 71
3
 72
14
 73
10
 74
0
 40
0.0
 40
0.0
 40
0.0
 40
0.0
 40
1.0
 40
1.0
 40
1.0
 40
2.0
 40
2.0
 40
2.0
 40
3.0
 40
3.0
 40
3.0
 40
3.0
 10
1288.07
 20
1029.5
 30
0.0
 10
1288.07
 20
1027.8325258464545
 30
0.0
 10
1287.6309784127247
 20
1026.1940749771243
 30
0.0
 10
1286.797241335952
 20
1024.75
 30
0.0
 10
1285.9635042591794
 20
1023.3059250228757
 30
0.0
 10
1284.7640749771242
 20
1022.1064957408205
 30
0.0
 10
1283.32
 20
1021.2727586640478
 30
0.0
 10
1281.8759250228757
 20
1020.4390215872752
 30
0.0
 10
1280.2374741535455
 20
1020.0
 30
0.0
 10
1278.57
 20
1020.0
 30
0.0
  0
POLYLINE
  5
1B5
330
17
100
AcDbEntity
  8
Wall elevation
100
AcDb2dPolyline
 66
1
 10
0.0
 20
0.0
 30
0.0
 70
0
  0
VERTEX
  5
1B6
330
1B5
100
AcDbEntity
  8
Wall elevation
100
AcDbVertex
100
AcDb2dVertex
 10
1278.57
 20
1020.0
 30
0.0
 70
0
  0
VERTEX
  5
1B7
330
1B5
100
AcDbEntity
  8
Wall elevation
100
AcDbVertex
100
AcDb2dVertex
 10
1278.57
 20
1020.0
 30
0.0
 70
0
  0
SEQEND
  5
1B8
330
1B5
100
AcDbEntity
  8
Wall elevation
  0
SPLINE
  5
1B9
330
17
100
AcDbEntity
  8
Wall elevation
100
AcDbSpline
 70
0
 71
3
 72
14
 73
10
 74
0
 40
0.0
 40
0.0
 40
0.0
 40
0.0
 40
1.0
 40
1.0
 40
1.0
 40
2.0
 40
2.0
 40
2.0
 40
3.0
 40
3.0
 40
3.0
 40
3.0
 10
1278.57
 20
1020.0
 30
0.0
 10
1276.9025258464544
 20
1020.0
 30
0.0
 10
1275.2640749771242
 20
1020.4390215872752
 30
0.0
 10
1273.82
 20
1021.2727586640478
 30
0.0
 10
1272.3759250228757
 20
1022.1064957408205
 30
0.0
 10
1271.1764957408204
 20
1023.3059250228757
 30
0.0
 10
1270.3427586640478
 20
1024.75
 30
0.0
 10
1269.5090215872751
 20
1026.1940749771243
 30
0.0
 10
1269.07
 20
1027.8325258464545
 30
0.0
 10
1269.07
 20
1029.5
 30
0.0
  0
POLYLINE
  5
1BA
330
17
100
AcDbEntity
  8
Wall elevation
100
AcDb2dPolyline
 66
1
 10
0.0
 20
0.0
 30
0.0
 70
0
  0
VERTEX
  5
1BB
330
1BA
100
AcDbEntity
  8
Wall elevation
100
AcDbVertex
100
AcDb2dVertex
 10
1269.07
 20
1029.5
 30
0.0
 70
0
  0
VERTEX
  5
1BC
330
1BA
100
AcDbEntity
  8
Wall elevation
100
AcDbVertex
100
AcDb2dVertex
 10
1269.07
 20
2360.5
 30
0.0
 70
0
  0
SEQEND
  5
1BD
330
1BA
100
AcDbEntity
  8
Wall elevation
  0
SPLINE
  5
1BE
330
17
100
AcDbEntity
  8
Wall elevation
100
AcDbSpline
 70
0
 71
3
 72
14
 73
10
 74
0
 40
0.0
 40
0.0
 40
0.0
 40
0.0
 40
1.0
 40
1.0
 40
1.0
 40
2.0
 40
2.0
 40
2.0
 40
3.0
 40
3.0
 40
3.0
 40
3.0
 10
1269.07
 20
2360.5
 30
0.0
 10
1269.07
 20
2362.1674741535453
 30
0.0
 10
1269.5090215872751
 20
2363.8059250228757
 30
0.0
 10
1270.3427586640478
 20
2365.25
 30
0.0
 10
1271.1764957408204
 20
2366.6940749771243
 30
0.0
 10
1272.3759250228757
 20
2367.8935042591793
 30
0.0
 10
1273.82
 20
2368.7272413359524
 30
0.0
 10
1275.2640749771242
 20
2369.560978412725
 30
0.0
 10
1276.9025258464544
 20
2370.0
 30
0.0
 10
1278.57
 20
2370.0
 30
0.0
  0
POLYLINE
  5
1BF
330
17
100
AcDbEntity
  8
Wall elevation
100
AcDb2dPolyline
 66
1
 10
0.0
 20
0.0
 30
0.0
 70
0
  0
VERTEX
  5
1C0
330
1BF
100
AcDbEntity
  8
Wall elevation
100
AcDbVertex
100
AcDb2dVertex
 10
1305.71
 20
2370.0
 30
0.0
 70
0
  0
VERTEX
  5
1C1
330
1BF
100
AcDbEntity
  8
Wall elevation
100
AcDbVertex
100
AcDb2dVertex
 10
1305.71
 20
2370.0
 30
0.0
 70
0
  0
SEQEND
  5
1C2
330
1BF
100
AcDbEntity
  8
Wall elevation
  0
SPLINE
  5
1C3
330
17
100
AcDbEntity
  8
Wall elevation
100
AcDbSpline
 70
0
 71
3
 72
14
 73
10
 74
0
 40
0.0
 40
0.0
 40
0.0
 40
0.0
 40
1.0
 40
1.0
 40
1.0
 40
2.0
 40
2.0
 40
2.0
 40
3.0
 40
3.0
 40
3.0
 40
3.0
 10
1305.71
 20
2370.0
 30
0.0
 10
1307.3774741535456
 20
2370.0
 30
0.0
 10
1309.0159250228758
 20
2369.560978412725
 30
0.0
 10
1310.46
 20
2368.7272413359524
 30
0.0
 10
1311.9040749771243
 20
2367.8935042591793
 30
0.0
 10
1313.1035042591795
 20
2366.6940749771243
 30
0.0
 10
1313.9372413359522
 20
2365.25
 30
0.0
 10
1314.7709784127248
 20
2363.8059250228757
 30
0.0
 10
1315.21
 20
2362.1674741535453
 30
0.0
 10
1315.21
 20
2360.5
 30
0.0
  0
POLYLINE
  5
1C4
330
17
100
AcDbEntity
  8
Wall elevation
100
AcDb2dPolyline
 66
1
 10
0.0
 20
0.0
 30
0.0
 70
0
  0
VERTEX
  5
1C5
330
1C4
100
AcDbEntity
  8
Wall elevation
100
AcDbVertex
100
AcDb2dVertex
 10
1315.21
 20
2360.5
 30
0.0
 70
0
  0
VERTEX
  5
1C6
330
1C4
100
AcDbEntity
  8
Wall elevation
100
AcDbVertex
100
AcDb2dVertex
 10
1315.21
 20
1029.5
 30
0.0
 70
0
  0
SEQEND
  5
1C7
330
1C4
100
AcDbEntity
  8
Wall elevation
  0
SPLINE
  5
1C8
330
17
100
AcDbEntity
  8
Wall elevation
100
AcDbSpline
 70
0
 71
3
 72
14
 73
10
 74
0
 40
0.0
 40
0.0
 40
0.0
 40
0.0
 40
1.0
 40
1.0
 40
1.0
 40
2.0
 40
2.0
 40
2.0
 40
3.0
 40
3.0
 40
3.0
 40
3.0
 10
1315.21
 20
1029.5
 30
0.0
 10
1315.21
 20
1027.8325258464545
 30
0.0
 10
1314.7709784127248
 20
1026.1940749771243
 30
0.0
 10
1313.9372413359522
 20
1024.75
 30
0.0
 10
1313.1035042591795
 20
1023.3059250228757
 30
0.0
 10
1311.9040749771243
 20
1022.1064957408205
 30
0.0
 10
1310.46
 20
1021.2727586640478
 30
0.0
 10
1309.0159250228758
 20
1020.4390215872752
 30
0.0
 10
1307.3774741535456
 20
1020.0
 30
0.0
 10
1305.71
 20
1020.0
 30
0.0
  0
POLYLINE
  5
1C9
330
17
100
AcDbEntity
  8
Wall elevation
100
AcDb2dPolyline
 66
1
 10
0.0
 20
0.0
 30
0.0
 70
0
  0
VERTEX
  5
1CA
330
1C9
100
AcDbEntity
  8
Wall elevation
100
AcDbVertex
100
AcDb2dVertex
 10
1305.71
 20
1020.0
 30
0.0
 70
0
  0
VERTEX
  5
1CB
330
1C9
100
AcDbEntity
  8
Wall elevation
100
AcDbVertex
100
AcDb2dVertex
 10
1305.71
 20
1020.0
 30
0.0
 70
0
  0
SEQEND
  5
1CC
330
1C9
100
AcDbEntity
  8
Wall elevation
  0
SPLINE
  5
1CD
330
17
100
AcDbEntity
  8
Wall elevation
100
AcDbSpline
 70
0
 71
3
 72
14
 73
10
 74
0
 40
0.0
 40
0.0
 40
0.0
 40
0.0
 40
1.0
 40
1.0
 40
1.0
 40
2.0
 40
2.0
 40
2.0
 40
3.0
 40
3.0
 40
3.0
 40
3.0
 10
1305.71
 20
1020.0
 30
0.0
 10
1304.0425258464545
 20
1020.0
 30
0.0
 10
1302.4040749771243
 20
1020.4390215872752
 30
0.0
 10
1300.96
 20
1021.2727586640478
 30
0.0
 10
1299.5159250228758
 20
1022.1064957408205
 30
0.0
 10
1298.3164957408205
 20
1023.3059250228757
 30
0.0
 10
1297.4827586640479
 20
1024.75
 30
0.0
 10
1296.6490215872752
 20
1026.1940749771243
 30
0.0
 10
1296.21
 20
1027.8325258464545
 30
0.0
 10
1296.21
 20
1029.5
 30
0.0
  0
POLYLINE
  5
1CE
330
17
100
AcDbEntity
  8
Wall elevation
100
AcDb2dPolyline
 66
1
 10
0.0
 20
0.0
 30
0.0
 70
0
  0
VERTEX
  5
1CF
330
1CE
100
AcDbEntity
  8
Wall elevation
100
AcDbVertex
100
AcDb2dVertex
 10
1296.21
 20
1029.5
 30
0.0
 70
0
  0
VERTEX
  5
1D0
330
1CE
100
AcDbEntity
  8
Wall elevation
100
AcDbVertex
100
AcDb2dVertex
 10
1296.21
 20
2360.5
 30
0.0
 70
0
  0
SEQEND
  5
1D1
330
1CE
100
AcDbEntity
  8
Wall elevation
  0
SPLINE
  5
1D2
330
17
100
AcDbEntity
  8
Wall elevation
100
AcDbSpline
 70
0
 71
3
 72
14
 73
10
 74
0
 40
0.0
 40
0.0
 40
0.0
 40
0.0
 40
1.0
 40
1.0
 40
1.0
 40
2.0
 40
2.0
 40
2.0
 40
3.0
 40
3.0
 40
3.0
 40
3.0
 10
1296.21
 20
2360.5
 30
0.0
 10
1296.21
 20
2362.1674741535453
 30
0.0
 10
1296.6490215872752
 20
2363.8059250228757
 30
0.0
 10
1297.4827586640479
 20
2365.25
 30
0.0
 10
1298.3164957408205
 20
2366.6940749771243
 30
0.0
 10
1299.5159250228758
 20
2367.8935042591793
 30
0.0
 10
1300.96
 20
2368.7272413359524
 30
0.0
 10
1302.4040749771243
 20
2369.560978412725
 30
0.0
 10
1304.0425258464545
 20
2370.0
 30
0.0
 10
1305.71
 20
2370.0
 30
0.0
  0
POLYLINE
  5
1D3
330
17
100
AcDbEntity
  8
Wall elevation
100
AcDb2dPolyline
 66
1
 10
0.0
 20
0.0
 30
0.0
 70
0
  0
VERTEX
  5
1D4
330
1D3
100
AcDbEntity
  8
Wall elevation
100
AcDbVertex
100
AcDb2dVertex
 10
1332.86
 20
2370.0
 30
0.0
 70
0
  0
VERTEX
  5
1D5
330
1D3
100
AcDbEntity
  8
Wall elevation
100
AcDbVertex
100
AcDb2dVertex
 10
1332.86
 20
2370.0
 30
0.0
 70
0
  0
SEQEND
  5
1D6
330
1D3
100
AcDbEntity
  8
Wall elevation
  0
SPLINE
  5
1D7
330
17
100
AcDbEntity
  8
Wall elevation
100
AcDbSpline
 70
0
 71
3
 72
14
 73
10
 74
0
 40
0.0
 40
0.0
 40
0.0
 40
0.0
 40
1.0
 40
1.0
 40
1.0
 40
2.0
 40
2.0
 40
2.0
 40
3.0
 40
3.0
 40
3.0
 40
3.0
 10
1332.86
 20
2370.0
 30
0.0
 10
1334.5274741535454
 20
2370.0
 30
0.0
 10
1336.1659250228756
 20
2369.560978412725
 30
0.0
 10
1337.61
 20
2368.7272413359524
 30
0.0
 10
1339.0540749771242
 20
2367.8935042591793
 30
0.0
 10
1340.2535042591794
 20
2366.6940749771243
 30
0.0
 10
1341.087241335952
 20
2365.25
 30
0.0
 10
1341.9209784127247
 20
2363.8059250228757
 30
0.0
 10
1342.36
 20
2362.1674741535453
 30
0.0
 10
1342.36
 20
2360.5
 30
0.0
  0
POLYLINE
  5
1D8
330
17
100
AcDbEntity
  8
Wall elevation
100
AcDb2dPolyline
 66
1
 10
0.0
 20
0.0
 30
0.0
 70
0
  0
VERTEX
  5
1D9
330
1D8
100
AcDbEntity
  8
Wall elevation
100
AcDbVertex
100
AcDb2dVertex
 10
1342.36
 20
2360.5
 30
0.0
 70
0
  0
VERTEX
  5
1DA
330
1D8
100
AcDbEntity
  8
Wall elevation
100
AcDbVertex
100
AcDb2dVertex
 10
1342.36
 20
1029.5
 30
0.0
 70
0
  0
SEQEND
  5
1DB
330
1D8
100
AcDbEntity
  8
Wall elevation
  0
SPLINE
  5
1DC
330
17
100
AcDbEntity
  8
Wall elevation
100
AcDbSpline
 70
0
 71
3
 72
14
 73
10
 74
0
 40
0.0
 40
0.0
 40
0.0
 40
0.0
 40
1.0
 40
1.0
 40
1.0
 40
2.0
 40
2.0
 40
2.0
 40
3.0
 40
3.0
 40
3.0
 40
3.0
 10
1342.36
 20
1029.5
 30
0.0
 10
1342.36
 20
1027.8325258464545
 30
0.0
 10
1341.9209784127247
 20
1026.1940749771243
 30
0.0
 10
1341.087241335952
 20
1024.75
 30
0.0
 10
1340.2535042591794
 20
1023.3059250228757
 30
0.0
 10
1339.0540749771242
 20
1022.1064957408205
 30
0.0
 10
1337.61
 20
1021.2727586640478
 30
0.0
 10
1336.1659250228756
 20
1020.4390215872752
 30
0.0
 10
1334.5274741535454
 20
1020.0
 30
0.0
 10
1332.86
 20
1020.0
 30
0.0
  0
POLYLINE
  5
1DD
330
17
100
AcDbEntity
  8
Wall elevation
100
AcDb2dPolyline
 66
1
 10
0.0
 20
0.0
 30
0.0
 70
0
  0
VERTEX
  5
1DE
330
1DD
100
AcDbEntity
  8
Wall elevation
100
AcDbVertex
100
AcDb2dVertex
 10
1332.86
 20
1020.0
 30
0.0
 70
0
  0
VERTEX
  5
1DF
330
1DD
100
AcDbEntity
  8
Wall elevation
100
AcDbVertex
100
AcDb2dVertex
 10
1332.86
 20
1020.0
 30
0.0
 70
0
  0
SEQEND
  5
1E0
330
1DD
100
AcDbEntity
  8
Wall elevation
  0
SPLINE
  5
1E1
330
17
100
AcDbEntity
  8
Wall elevation
100
AcDbSpline
 70
0
 71
3
 72
14
 73
10
 74
0
 40
0.0
 40
0.0
 40
0.0
 40
0.0
 40
1.0
 40
1.0
 40
1.0
 40
2.0
 40
2.0
 40
2.0
 40
3.0
 40
3.0
 40
3.0
 40
3.0
 10
1332.86
 20
1020.0
 30
0.0
 10
1331.1925258464544
 20
1020.0
 30
0.0
 10
1329.5540749771242
 20
1020.4390215872752
 30
0.0
 10
1328.11
 20
1021.2727586640478
 30
0.0
 10
1326.6659250228756
 20
1022.1064957408205
 30
0.0
 10
1325.4664957408204
 20
1023.3059250228757
 30
0.0
 10
1324.6327586640477
 20
1024.75
 30
0.0
 10
1323.799021587275
 20
1026.1940749771243
 30
0.0
 10
1323.36
 20
1027.8325258464545
 30
0.0
 10
1323.36
 20
1029.5
 30
0.0
  0
POLYLINE
  5
1E2
330
17
100
AcDbEntity
  8
Wall elevation
100
AcDb2dPolyline
 66
1
 10
0.0
 20
0.0
 30
0.0
 70
0
  0
VERTEX
  5
1E3
330
1E2
100
AcDbEntity
  8
Wall elevation
100
AcDbVertex
100
AcDb2dVertex
 10
1323.36
 20
1029.5
 30
0.0
 70
0
  0
VERTEX
  5
1E4
330
1E2
100
AcDbEntity
  8
Wall elevation
100
AcDbVertex
100
AcDb2dVertex
 10
1323.36
 20
2360.5
 30
0.0
 70
0
  0
SEQEND
  5
1E5
330
1E2
100
AcDbEntity
  8
Wall elevation
  0
SPLINE
  5
1E6
330
17
100
AcDbEntity
  8
Wall elevation
100
AcDbSpline
 70
0
 71
3
 72
14
 73
10
 74
0
 40
0.0
 40
0.0
 40
0.0
 40
0.0
 40
1.0
 40
1.0
 40
1.0
 40
2.0
 40
2.0
 40
2.0
 40
3.0
 40
3.0
 40
3.0
 40
3.0
 10
1323.36
 20
2360.5
 30
0.0
 10
1323.36
 20
2362.1674741535453
 30
0.0
 10
1323.799021587275
 20
2363.8059250228757
 30
0.0
 10
1324.6327586640477
 20
2365.25
 30
0.0
 10
1325.4664957408204
 20
2366.6940749771243
 30
0.0
 10
1326.6659250228756
 20
2367.8935042591793
 30
0.0
 10
1328.11
 20
2368.7272413359524
 30
0.0
 10
1329.5540749771242
 20
2369.560978412725
 30
0.0
 10
1331.1925258464544
 20
2370.0
 30
0.0
 10
1332.86
 20
2370.0
 30
0.0
  0
POLYLINE
  5
1E7
330
17
100
AcDbEntity
  8
Wall elevation
100
AcDb2dPolyline
 66
1
 10
0.0
 20
0.0
 30
0.0
 70
0
  0
VERTEX
  5
1E8
330
1E7
100
AcDbEntity
  8
Wall elevation
100
AcDbVertex
100
AcDb2dVertex
 10
1360.0
 20
2370.0
 30
0.0
 70
0
  0
VERTEX
  5
1E9
330
1E7
100
AcDbEntity
  8
Wall elevation
100
AcDbVertex
100
AcDb2dVertex
 10
1360.0
 20
2370.0
 30
0.0
 70
0
  0
SEQEND
  5
1EA
330
1E7
100
AcDbEntity
  8
Wall elevation
  0
SPLINE
  5
1EB
330
17
100
AcDbEntity
  8
Wall elevation
100
AcDbSpline
 70
0
 71
3
 72
14
 73
10
 74
0
 40
0.0
 40
0.0
 40
0.0
 40
0.0
 40
1.0
 40
1.0
 40
1.0
 40
2.0
 40
2.0
 40
2.0
 40
3.0
 40
3.0
 40
3.0
 40
3.0
 10
1360.0
 20
2370.0
 30
0.0
 10
1361.6674741535455
 20
2370.0
 30
0.0
 10
1363.3059250228757
 20
2369.560978412725
 30
0.0
 10
1364.75
 20
2368.7272413359524
 30
0.0
 10
1366.1940749771243
 20
2367.8935042591793
 30
0.0
 10
1367.3935042591795
 20
2366.6940749771243
 30
0.0
 10
1368.2272413359522
 20
2365.25
 30
0.0
 10
1369.0609784127248
 20
2363.8059250228757
 30
0.0
 10
1369.5
 20
2362.1674741535453
 30
0.0
 10
1369.5
 20
2360.5
 30
0.0
  0
POLYLINE
  5
1EC
330
17
100
AcDbEntity
  8
Wall elevation
100
AcDb2dPolyline
 66
1
 10
0.0
 20
0.0
 30
0.0
 70
0
  0
VERTEX
  5
1ED
330
1EC
100
AcDbEntity
  8
Wall elevation
100
AcDbVertex
100
AcDb2dVertex
 10
1369.5
 20
2360.5
 30
0.0
 70
0
  0
VERTEX
  5
1EE
330
1EC
100
AcDbEntity
  8
Wall elevation
100
AcDbVertex
100
AcDb2dVertex
 10
1369.5
 20
1029.5
 30
0.0
 70
0
  0
SEQEND
  5
1EF
330
1EC
100
AcDbEntity
  8
Wall elevation
  0
SPLINE
  5
1F0
330
17
100
AcDbEntity
  8
Wall elevation
100
AcDbSpline
 70
0
 71
3
 72
14
 73
10
 74
0
 40
0.0
 40
0.0
 40
0.0
 40
0.0
 40
1.0
 40
1.0
 40
1.0
 40
2.0
 40
2.0
 40
2.0
 40
3.0
 40
3.0
 40
3.0
 40
3.0
 10
1369.5
 20
1029.5
 30
0.0
 10
1369.5
 20
1027.8325258464545
 30
0.0
 10
1369.0609784127248
 20
1026.1940749771243
 30
0.0
 10
1368.2272413359522
 20
1024.75
 30
0.0
 10
1367.3935042591795
 20
1023.3059250228757
 30
0.0
 10
1366.1940749771243
 20
1022.1064957408205
 30
0.0
 10
1364.75
 20
1021.2727586640478
 30
0.0
 10
1363.3059250228757
 20
1020.4390215872752
 30
0.0
 10
1361.6674741535455
 20
1020.0
 30
0.0
 10
1360.0
 20
1020.0
 30
0.0
  0
POLYLINE
  5
1F1
330
17
100
AcDbEntity
  8
Wall elevation
100
AcDb2dPolyline
 66
1
 10
0.0
 20
0.0
 30
0.0
 70
0
  0
VERTEX
  5
1F2
330
1F1
100
AcDbEntity
  8
Wall elevation
100
AcDbVertex
100
AcDb2dVertex
 10
1360.0
 20
1020.0
 30
0.0
 70
0
  0
VERTEX
  5
1F3
330
1F1
100
AcDbEntity
  8
Wall elevation
100
AcDbVertex
100
AcDb2dVertex
 10
1360.0
 20
1020.0
 30
0.0
 70
0
  0
SEQEND
  5
1F4
330
1F1
100
AcDbEntity
  8
Wall elevation
  0
SPLINE
  5
1F5
330
17
100
AcDbEntity
  8
Wall elevation
100
AcDbSpline
 70
0
 71
3
 72
14
 73
10
 74
0
 40
0.0
 40
0.0
 40
0.0
 40
0.0
 40
1.0
 40
1.0
 40
1.0
 40
2.0
 40
2.0
 40
2.0
 40
3.0
 40
3.0
 40
3.0
 40
3.0
 10
1360.0
 20
1020.0
 30
0.0
 10
1358.3325258464545
 20
1020.0
 30
0.0
 10
1356.6940749771243
 20
1020.4390215872752
 30
0.0
 10
1355.25
 20
1021.2727586640478
 30
0.0
 10
1353.8059250228757
 20
1022.1064957408205
 30
0.0
 10
1352.6064957408205
 20
1023.3059250228757
 30
0.0
 10
1351.7727586640478
 20
1024.75
 30
0.0
 10
1350.9390215872752
 20
1026.1940749771243
 30
0.0
 10
1350.5
 20
1027.8325258464545
 30
0.0
 10
1350.5
 20
1029.5
 30
0.0
  0
POLYLINE
  5
1F6
330
17
100
AcDbEntity
  8
Wall elevation
100
AcDb2dPolyline
 66
1
 10
0.0
 20
0.0
 30
0.0
 70
0
  0
VERTEX
  5
1F7
330
1F6
100
AcDbEntity
  8
Wall elevation
100
AcDbVertex
100
AcDb2dVertex
 10
1350.5
 20
1029.5
 30
0.0
 70
0
  0
VERTEX
  5
1F8
330
1F6
100
AcDbEntity
  8
Wall elevation
100
AcDbVertex
100
AcDb2dVertex
 10
1350.5
 20
2360.5
 30
0.0
 70
0
  0
SEQEND
  5
1F9
330
1F6
100
AcDbEntity
  8
Wall elevation
  0
SPLINE
  5
1FA
330
17
100
AcDbEntity
  8
Wall elevation
100
AcDbSpline
 70
0
 71
3
 72
14
 73
10
 74
0
 40
0.0
 40
0.0
 40
0.0
 40
0.0
 40
1.0
 40
1.0
 40
1.0
 40
2.0
 40
2.0
 40
2.0
 40
3.0
 40
3.0
 40
3.0
 40
3.0
 10
1350.5
 20
2360.5
 30
0.0
 10
1350.5
 20
2362.1674741535453
 30
0.0
 10
1350.9390215872752
 20
2363.8059250228757
 30
0.0
 10
1351.7727586640478
 20
2365.25
 30
0.0
 10
1352.6064957408205
 20
2366.6940749771243
 30
0.0
 10
1353.8059250228757
 20
2367.8935042591793
 30
0.0
 10
1355.25
 20
2368.7272413359524
 30
0.0
 10
1356.6940749771243
 20
2369.560978412725
 30
0.0
 10
1358.3325258464545
 20
2370.0
 30
0.0
 10
1360.0
 20
2370.0
 30
0.0
  0
POLYLINE
  5
1FB
330
17
100
AcDbEntity
  8
Wall elevation
100
AcDb2dPolyline
 66
1
 10
0.0
 20
0.0
 30
0.0
 70
0
  0
VERTEX
  5
1FC
330
1FB
100
AcDbEntity
  8
Wall elevation
100
AcDbVertex
100
AcDb2dVertex
 10
1387.14
 20
2370.0
 30
0.0
 70
0
  0
VERTEX
  5
1FD
330
1FB
100
AcDbEntity
  8
Wall elevation
100
AcDbVertex
100
AcDb2dVertex
 10
1387.14
 20
2370.0
 30
0.0
 70
0
  0
SEQEND
  5
1FE
330
1FB
100
AcDbEntity
  8
Wall elevation
  0
SPLINE
  5
1FF
330
17
100
AcDbEntity
  8
Wall elevation
100
AcDbSpline
 70
0
 71
3
 72
14
 73
10
 74
0
 40
0.0
 40
0.0
 40
0.0
 40
0.0
 40
1.0
 40
1.0
 40
1.0
 40
2.0
 40
2.0
 40
2.0
 40
3.0
 40
3.0
 40
3.0
 40
3.0
 10
1387.14
 20
2370.0
 30
0.0
 10
1388.8074741535456
 20
2370.0
 30
0.0
 10
1390.4459250228758
 20
2369.560978412725
 30
0.0
 10
1391.89
 20
2368.7272413359524
 30
0.0
 10
1393.3340749771244
 20
2367.8935042591793
 30
0.0
 10
1394.5335042591796
 20
2366.6940749771243
 30
0.0
 10
1395.3672413359523
 20
2365.25
 30
0.0
 10
1396.200978412725
 20
2363.8059250228757
 30
0.0
 10
1396.64
 20
2362.1674741535453
 30
0.0
 10
1396.64
 20
2360.5
 30
0.0
  0
POLYLINE
  5
200
330
17
100
AcDbEntity
  8
Wall elevation
100
AcDb2dPolyline
 66
1
 10
0.0
 20
0.0
 30
0.0
 70
0
  0
VERTEX
  5
201
330
200
100
AcDbEntity
  8
Wall elevation
100
AcDbVertex
100
AcDb2dVertex
 10
1396.64
 20
2360.5
 30
0.0
 70
0
  0
VERTEX
  5
202
330
200
100
AcDbEntity
  8
Wall elevation
100
AcDbVertex
100
AcDb2dVertex
 10
1396.64
 20
1029.5
 30
0.0
 70
0
  0
SEQEND
  5
203
330
200
100
AcDbEntity
  8
Wall elevation
  0
SPLINE
  5
204
330
17
100
AcDbEntity
  8
Wall elevation
100
AcDbSpline
 70
0
 71
3
 72
14
 73
10
 74
0
 40
0.0
 40
0.0
 40
0.0
 40
0.0
 40
1.0
 40
1.0
 40
1.0
 40
2.0
 40
2.0
 40
2.0
 40
3.0
 40
3.0
 40
3.0
 40
3.0
 10
1396.64
 20
1029.5
 30
0.0
 10
1396.64
 20
1027.8325258464545
 30
0.0
 10
1396.200978412725
 20
1026.1940749771243
 30
0.0
 10
1395.3672413359523
 20
1024.75
 30
0.0
 10
1394.5335042591796
 20
1023.3059250228757
 30
0.0
 10
1393.3340749771244
 20
1022.1064957408205
 30
0.0
 10
1391.89
 20
1021.2727586640478
 30
0.0
 10
1390.4459250228758
 20
1020.4390215872752
 30
0.0
 10
1388.8074741535456
 20
1020.0
 30
0.0
 10
1387.14
 20
1020.0
 30
0.0
  0
POLYLINE
  5
205
330
17
100
AcDbEntity
  8
Wall elevation
100
AcDb2dPolyline
 66
1
 10
0.0
 20
0.0
 30
0.0
 70
0
  0
VERTEX
  5
206
330
205
100
AcDbEntity
  8
Wall elevation
100
AcDbVertex
100
AcDb2dVertex
 10
1387.14
 20
1020.0
 30
0.0
 70
0
  0
VERTEX
  5
207
330
205
100
AcDbEntity
  8
Wall elevation
100
AcDbVertex
100
AcDb2dVertex
 10
1387.14
 20
1020.0
 30
0.0
 70
0
  0
SEQEND
  5
208
330
205
100
AcDbEntity
  8
Wall elevation
  0
SPLINE
  5
209
330
17
100
AcDbEntity
  8
Wall elevation
100
AcDbSpline
 70
0
 71
3
 72
14
 73
10
 74
0
 40
0.0
 40
0.0
 40
0.0
 40
0.0
 40
1.0
 40
1.0
 40
1.0
 40
2.0
 40
2.0
 40
2.0
 40
3.0
 40
3.0
 40
3.0
 40
3.0
 10
1387.14
 20
1020.0
 30
0.0
 10
1385.4725258464546
 20
1020.0
 30
0.0
 10
1383.8340749771244
 20
1020.4390215872752
 30
0.0
 10
1382.39
 20
1021.2727586640478
 30
0.0
 10
1380.9459250228758
 20
1022.1064957408205
 30
0.0
 10
1379.7464957408206
 20
1023.3059250228757
 30
0.0
 10
1378.912758664048
 20
1024.75
 30
0.0
 10
1378.0790215872753
 20
1026.1940749771243
 30
0.0
 10
1377.64
 20
1027.8325258464545
 30
0.0
 10
1377.64
 20
1029.5
 30
0.0
  0
POLYLINE
  5
20A
330
17
100
AcDbEntity
  8
Wall elevation
100
AcDb2dPolyline
 66
1
 10
0.0
 20
0.0
 30
0.0
 70
0
  0
VERTEX
  5
20B
330
20A
100
AcDbEntity
  8
Wall elevation
100
AcDbVertex
100
AcDb2dVertex
 10
1377.64
 20
1029.5
 30
0.0
 70
0
  0
VERTEX
  5
20C
330
20A
100
AcDbEntity
  8
Wall elevation
100
AcDbVertex
100
AcDb2dVertex
 10
1377.64
 20
2360.5
 30
0.0
 70
0
  0
SEQEND
  5
20D
330
20A
100
AcDbEntity
  8
Wall elevation
  0
SPLINE
  5
20E
330
17
100
AcDbEntity
  8
Wall elevation
100
AcDbSpline
 70
0
 71
3
 72
14
 73
10
 74
0
 40
0.0
 40
0.0
 40
0.0
 40
0.0
 40
1.0
 40
1.0
 40
1.0
 40
2.0
 40
2.0
 40
2.0
 40
3.0
 40
3.0
 40
3.0
 40
3.0
 10
1377.64
 20
2360.5
 30
0.0
 10
1377.64
 20
2362.1674741535453
 30
0.0
 10
1378.0790215872753
 20
2363.8059250228757
 30
0.0
 10
1378.912758664048
 20
2365.25
 30
0.0
 10
1379.7464957408206
 20
2366.6940749771243
 30
0.0
 10
1380.9459250228758
 20
2367.8935042591793
 30
0.0
 10
1382.39
 20
2368.7272413359524
 30
0.0
 10
1383.8340749771244
 20
2369.560978412725
 30
0.0
 10
1385.4725258464546
 20
2370.0
 30
0.0
 10
1387.14
 20
2370.0
 30
0.0
  0
POLYLINE
  5
20F
330
17
100
AcDbEntity
  8
Wall elevation
100
AcDb2dPolyline
 66
1
 10
0.0
 20
0.0
 30
0.0
 70
0
  0
VERTEX
  5
210
330
20F
100
AcDbEntity
  8
Wall elevation
100
AcDbVertex
100
AcDb2dVertex
 10
1414.29
 20
2370.0
 30
0.0
 70
0
  0
VERTEX
  5
211
330
20F
100
AcDbEntity
  8
Wall elevation
100
AcDbVertex
100
AcDb2dVertex
 10
1414.29
 20
2370.0
 30
0.0
 70
0
  0
SEQEND
  5
212
330
20F
100
AcDbEntity
  8
Wall elevation
  0
SPLINE
  5
213
330
17
100
AcDbEntity
  8
Wall elevation
100
AcDbSpline
 70
0
 71
3
 72
14
 73
10
 74
0
 40
0.0
 40
0.0
 40
0.0
 40
0.0
 40
1.0
 40
1.0
 40
1.0
 40
2.0
 40
2.0
 40
2.0
 40
3.0
 40
3.0
 40
3.0
 40
3.0
 10
1414.29
 20
2370.0
 30
0.0
 10
1415.9574741535455
 20
2370.0
 30
0.0
 10
1417.5959250228757
 20
2369.560978412725
 30
0.0
 10
1419.04
 20
2368.7272413359524
 30
0.0
 10
1420.4840749771242
 20
2367.8935042591793
 30
0.0
 10
1421.6835042591795
 20
2366.6940749771243
 30
0.0
 10
1422.5172413359521
 20
2365.25
 30
0.0
 10
1423.3509784127248
 20
2363.8059250228757
 30
0.0
 10
1423.79
 20
2362.1674741535453
 30
0.0
 10
1423.79
 20
2360.5
 30
0.0
  0
POLYLINE
  5
214
330
17
100
AcDbEntity
  8
Wall elevation
100
AcDb2dPolyline
 66
1
 10
0.0
 20
0.0
 30
0.0
 70
0
  0
VERTEX
  5
215
330
214
100
AcDbEntity
  8
Wall elevation
100
AcDbVertex
100
AcDb2dVertex
 10
1423.79
 20
2360.5
 30
0.0
 70
0
  0
VERTEX
  5
216
330
214
100
AcDbEntity
  8
Wall elevation
100
AcDbVertex
100
AcDb2dVertex
 10
1423.79
 20
1029.5
 30
0.0
 70
0
  0
SEQEND
  5
217
330
214
100
AcDbEntity
  8
Wall elevation
  0
SPLINE
  5
218
330
17
100
AcDbEntity
  8
Wall elevation
100
AcDbSpline
 70
0
 71
3
 72
14
 73
10
 74
0
 40
0.0
 40
0.0
 40
0.0
 40
0.0
 40
1.0
 40
1.0
 40
1.0
 40
2.0
 40
2.0
 40
2.0
 40
3.0
 40
3.0
 40
3.0
 40
3.0
 10
1423.79
 20
1029.5
 30
0.0
 10
1423.79
 20
1027.8325258464545
 30
0.0
 10
1423.3509784127248
 20
1026.1940749771243
 30
0.0
 10
1422.5172413359521
 20
1024.75
 30
0.0
 10
1421.6835042591795
 20
1023.3059250228757
 30
0.0
 10
1420.4840749771242
 20
1022.1064957408205
 30
0.0
 10
1419.04
 20
1021.2727586640478
 30
0.0
 10
1417.5959250228757
 20
1020.4390215872752
 30
0.0
 10
1415.9574741535455
 20
1020.0
 30
0.0
 10
1414.29
 20
1020.0
 30
0.0
  0
POLYLINE
  5
219
330
17
100
AcDbEntity
  8
Wall elevation
100
AcDb2dPolyline
 66
1
 10
0.0
 20
0.0
 30
0.0
 70
0
  0
VERTEX
  5
21A
330
219
100
AcDbEntity
  8
Wall elevation
100
AcDbVertex
100
AcDb2dVertex
 10
1414.29
 20
1020.0
 30
0.0
 70
0
  0
VERTEX
  5
21B
330
219
100
AcDbEntity
  8
Wall elevation
100
AcDbVertex
100
AcDb2dVertex
 10
1414.29
 20
1020.0
 30
0.0
 70
0
  0
SEQEND
  5
21C
330
219
100
AcDbEntity
  8
Wall elevation
  0
SPLINE
  5
21D
330
17
100
AcDbEntity
  8
Wall elevation
100
AcDbSpline
 70
0
 71
3
 72
14
 73
10
 74
0
 40
0.0
 40
0.0
 40
0.0
 40
0.0
 40
1.0
 40
1.0
 40
1.0
 40
2.0
 40
2.0
 40
2.0
 40
3.0
 40
3.0
 40
3.0
 40
3.0
 10
1414.29
 20
1020.0
 30
0.0
 10
1412.6225258464544
 20
1020.0
 30
0.0
 10
1410.9840749771242
 20
1020.4390215872752
 30
0.0
 10
1409.54
 20
1021.2727586640478
 30
0.0
 10
1408.0959250228757
 20
1022.1064957408205
 30
0.0
 10
1406.8964957408205
 20
1023.3059250228757
 30
0.0
 10
1406.0627586640478
 20
1024.75
 30
0.0
 10
1405.2290215872752
 20
1026.1940749771243
 30
0.0
 10
1404.79
 20
1027.8325258464545
 30
0.0
 10
1404.79
 20
1029.5
 30
0.0
  0
POLYLINE
  5
21E
330
17
100
AcDbEntity
  8
Wall elevation
100
AcDb2dPolyline
 66
1
 10
0.0
 20
0.0
 30
0.0
 70
0
  0
VERTEX
  5
21F
330
21E
100
AcDbEntity
  8
Wall elevation
100
AcDbVertex
100
AcDb2dVertex
 10
1404.79
 20
1029.5
 30
0.0
 70
0
  0
VERTEX
  5
220
330
21E
100
AcDbEntity
  8
Wall elevation
100
AcDbVertex
100
AcDb2dVertex
 10
1404.79
 20
2360.5
 30
0.0
 70
0
  0
SEQEND
  5
221
330
21E
100
AcDbEntity
  8
Wall elevation
  0
SPLINE
  5
222
330
17
100
AcDbEntity
  8
Wall elevation
100
AcDbSpline
 70
0
 71
3
 72
14
 73
10
 74
0
 40
0.0
 40
0.0
 40
0.0
 40
0.0
 40
1.0
 40
1.0
 40
1.0
 40
2.0
 40
2.0
 40
2.0
 40
3.0
 40
3.0
 40
3.0
 40
3.0
 10
1404.79
 20
2360.5
 30
0.0
 10
1404.79
 20
2362.1674741535453
 30
0.0
 10
1405.2290215872752
 20
2363.8059250228757
 30
0.0
 10
1406.0627586640478
 20
2365.25
 30
0.0
 10
1406.8964957408205
 20
2366.6940749771243
 30
0.0
 10
1408.0959250228757
 20
2367.8935042591793
 30
0.0
 10
1409.54
 20
2368.7272413359524
 30
0.0
 10
1410.9840749771242
 20
2369.560978412725
 30
0.0
 10
1412.6225258464544
 20
2370.0
 30
0.0
 10
1414.29
 20
2370.0
 30
0.0
  0
POLYLINE
  5
223
330
17
100
AcDbEntity
  8
Wall elevation
100
AcDb2dPolyline
 66
1
 10
0.0
 20
0.0
 30
0.0
 70
0
  0
VERTEX
  5
224
330
223
100
AcDbEntity
  8
Wall elevation
100
AcDbVertex
100
AcDb2dVertex
 10
1441.43
 20
2370.0
 30
0.0
 70
0
  0
VERTEX
  5
225
330
223
100
AcDbEntity
  8
Wall elevation
100
AcDbVertex
100
AcDb2dVertex
 10
1441.43
 20
2370.0
 30
0.0
 70
0
  0
SEQEND
  5
226
330
223
100
AcDbEntity
  8
Wall elevation
  0
SPLINE
  5
227
330
17
100
AcDbEntity
  8
Wall elevation
100
AcDbSpline
 70
0
 71
3
 72
14
 73
10
 74
0
 40
0.0
 40
0.0
 40
0.0
 40
0.0
 40
1.0
 40
1.0
 40
1.0
 40
2.0
 40
2.0
 40
2.0
 40
3.0
 40
3.0
 40
3.0
 40
3.0
 10
1441.43
 20
2370.0
 30
0.0
 10
1443.0974741535456
 20
2370.0
 30
0.0
 10
1444.7359250228758
 20
2369.560978412725
 30
0.0
 10
1446.18
 20
2368.7272413359524
 30
0.0
 10
1447.6240749771243
 20
2367.8935042591793
 30
0.0
 10
1448.8235042591796
 20
2366.6940749771243
 30
0.0
 10
1449.6572413359522
 20
2365.25
 30
0.0
 10
1450.4909784127249
 20
2363.8059250228757
 30
0.0
 10
1450.93
 20
2362.1674741535453
 30
0.0
 10
1450.93
 20
2360.5
 30
0.0
  0
POLYLINE
  5
228
330
17
100
AcDbEntity
  8
Wall elevation
100
AcDb2dPolyline
 66
1
 10
0.0
 20
0.0
 30
0.0
 70
0
  0
VERTEX
  5
229
330
228
100
AcDbEntity
  8
Wall elevation
100
AcDbVertex
100
AcDb2dVertex
 10
1450.93
 20
2360.5
 30
0.0
 70
0
  0
VERTEX
  5
22A
330
228
100
AcDbEntity
  8
Wall elevation
100
AcDbVertex
100
AcDb2dVertex
 10
1450.93
 20
1029.5
 30
0.0
 70
0
  0
SEQEND
  5
22B
330
228
100
AcDbEntity
  8
Wall elevation
  0
SPLINE
  5
22C
330
17
100
AcDbEntity
  8
Wall elevation
100
AcDbSpline
 70
0
 71
3
 72
14
 73
10
 74
0
 40
0.0
 40
0.0
 40
0.0
 40
0.0
 40
1.0
 40
1.0
 40
1.0
 40
2.0
 40
2.0
 40
2.0
 40
3.0
 40
3.0
 40
3.0
 40
3.0
 10
1450.93
 20
1029.5
 30
0.0
 10
1450.93
 20
1027.8325258464545
 30
0.0
 10
1450.4909784127249
 20
1026.1940749771243
 30
0.0
 10
1449.6572413359522
 20
1024.75
 30
0.0
 10
1448.8235042591796
 20
1023.3059250228757
 30
0.0
 10
1447.6240749771243
 20
1022.1064957408205
 30
0.0
 10
1446.18
 20
1021.2727586640478
 30
0.0
 10
1444.7359250228758
 20
1020.4390215872752
 30
0.0
 10
1443.0974741535456
 20
1020.0
 30
0.0
 10
1441.43
 20
1020.0
 30
0.0
  0
POLYLINE
  5
22D
330
17
100
AcDbEntity
  8
Wall elevation
100
AcDb2dPolyline
 66
1
 10
0.0
 20
0.0
 30
0.0
 70
0
  0
VERTEX
  5
22E
330
22D
100
AcDbEntity
  8
Wall elevation
100
AcDbVertex
100
AcDb2dVertex
 10
1441.43
 20
1020.0
 30
0.0
 70
0
  0
VERTEX
  5
22F
330
22D
100
AcDbEntity
  8
Wall elevation
100
AcDbVertex
100
AcDb2dVertex
 10
1441.43
 20
1020.0
 30
0.0
 70
0
  0
SEQEND
  5
230
330
22D
100
AcDbEntity
  8
Wall elevation
  0
SPLINE
  5
231
330
17
100
AcDbEntity
  8
Wall elevation
100
AcDbSpline
 70
0
 71
3
 72
14
 73
10
 74
0
 40
0.0
 40
0.0
 40
0.0
 40
0.0
 40
1.0
 40
1.0
 40
1.0
 40
2.0
 40
2.0
 40
2.0
 40
3.0
 40
3.0
 40
3.0
 40
3.0
 10
1441.43
 20
1020.0
 30
0.0
 10
1439.7625258464545
 20
1020.0
 30
0.0
 10
1438.1240749771243
 20
1020.4390215872752
 30
0.0
 10
1436.68
 20
1021.2727586640478
 30
0.0
 10
1435.2359250228758
 20
1022.1064957408205
 30
0.0
 10
1434.0364957408206
 20
1023.3059250228757
 30
0.0
 10
1433.202758664048
 20
1024.75
 30
0.0
 10
1432.3690215872753
 20
1026.1940749771243
 30
0.0
 10
1431.93
 20
1027.8325258464545
 30
0.0
 10
1431.93
 20
1029.5
 30
0.0
  0
POLYLINE
  5
232
330
17
100
AcDbEntity
  8
Wall elevation
100
AcDb2dPolyline
 66
1
 10
0.0
 20
0.0
 30
0.0
 70
0
  0
VERTEX
  5
233
330
232
100
AcDbEntity
  8
Wall elevation
100
AcDbVertex
100
AcDb2dVertex
 10
1431.93
 20
1029.5
 30
0.0
 70
0
  0
VERTEX
  5
234
330
232
100
AcDbEntity
  8
Wall elevation
100
AcDbVertex
100
AcDb2dVertex
 10
1431.93
 20
2360.5
 30
0.0
 70
0
  0
SEQEND
  5
235
330
232
100
AcDbEntity
  8
Wall elevation
  0
SPLINE
  5
236
330
17
100
AcDbEntity
  8
Wall elevation
100
AcDbSpline
 70
0
 71
3
 72
14
 73
10
 74
0
 40
0.0
 40
0.0
 40
0.0
 40
0.0
 40
1.0
 40
1.0
 40
1.0
 40
2.0
 40
2.0
 40
2.0
 40
3.0
 40
3.0
 40
3.0
 40
3.0
 10
1431.93
 20
2360.5
 30
0.0
 10
1431.93
 20
2362.1674741535453
 30
0.0
 10
1432.3690215872753
 20
2363.8059250228757
 30
0.0
 10
1433.202758664048
 20
2365.25
 30
0.0
 10
1434.0364957408206
 20
2366.6940749771243
 30
0.0
 10
1435.2359250228758
 20
2367.8935042591793
 30
0.0
 10
1436.68
 20
2368.7272413359524
 30
0.0
 10
1438.1240749771243
 20
2369.560978412725
 30
0.0
 10
1439.7625258464545
 20
2370.0
 30
0.0
 10
1441.43
 20
2370.0
 30
0.0
  0
LWPOLYLINE
  5
237
330
17
100
AcDbEntity
  8
Wall elevation
100
AcDbPolyline
 90
5
 70
0
 10
1246.0
 20
2415.0
 10
1474.0
 20
2415.0
 10
1474.0
 20
2393.0
 10
1246.0
 20
2393.0
 10
1246.0
 20
2415.0
  0
LINE
  5
238
330
17
100
AcDbEntity
  8
Wall elevation
100
AcDbLine
 10
1246.0
 20
2404.0
 30
0.0
 11
1474.0
 21
2404.0
 31
0.0
  0
SPLINE
  5
239
330
17
100
AcDbEntity
  8
Wall elevation
100
AcDbSpline
 70
0
 71
3
 72
8
 73
4
 74
0
 40
0.0
 40
0.0
 40
0.0
 40
0.0
 40
1.0
 40
1.0
 40
1.0
 40
1.0
 10
1250.0
 20
2415.0
 30
0.0
 10
1244.0
 20
2505.0
 30
0.0
 10
1232.0
 20
2555.0
 30
0.0
 10
1228.0
 20
2560.0
 30
0.0
  0
SPLINE
  5
23A
330
17
100
AcDbEntity
  8
Wall elevation
100
AcDbSpline
 70
0
 71
3
 72
8
 73
4
 74
0
 40
0.0
 40
0.0
 40
0.0
 40
0.0
 40
1.0
 40
1.0
 40
1.0
 40
1.0
 10
1470.0
 20
2415.0
 30
0.0
 10
1476.0
 20
2505.0
 30
0.0
 10
1488.0
 20
2555.0
 30
0.0
 10
1492.0
 20
2560.0
 30
0.0
  0
LWPOLYLINE
  5
23B
330
17
100
AcDbEntity
  8
Wall elevation
100
AcDbPolyline
 90
50
 70
0
 10
1322.0
 20
2445.0
 10
1315.32
 20
2449.37
 10
1309.91
 20
2453.75
 10
1305.45
 20
2458.12
 10
1302.58
 20
2462.5
 10
1301.64
 20
2466.87
 10
1302.54
 20
2471.25
 10
1303.83
 20
2475.62
 10
1300.33
 20
2480.0
 10
1297.87
 20
2484.37
 10
1297.02
 20
2488.75
 10
1297.97
 20
2493.12
 10
1300.5
 20
2497.5
 10
1304.04
 20
2501.87
 10
1306.35
 20
2506.25
 10
1305.38
 20
2510.62
 10
1305.52
 20
2515.0
 10
1306.89
 20
2519.37
 10
1309.25
 20
2523.75
 10
1312.17
 20
2528.12
 10
1315.13
 20
2532.5
 10
1317.0
 20
2536.87
 10
1318.21
 20
2541.25
 10
1319.96
 20
2545.62
 10
1322.0
 20
2550.0
 10
1322.0
 20
2550.0
 10
1324.04
 20
2545.62
 10
1325.79
 20
2541.25
 10
1327.0
 20
2536.87
 10
1328.87
 20
2532.5
 10
1331.83
 20
2528.12
 10
1334.75
 20
2523.75
 10
1337.11
 20
2519.37
 10
1338.48
 20
2515.0
 10
1338.62
 20
2510.62
 10
1337.65
 20
2506.25
 10
1339.96
 20
2501.87
 10
1343.5
 20
2497.5
 10
1346.03
 20
2493.12
 10
1346.98
 20
2488.75
 10
1346.13
 20
2484.37
 10
1343.67
 20
2480.0
 10
1340.17
 20
2475.62
 10
1341.46
 20
2471.25
 10
1342.36
 20
2466.87
 10
1341.42
 20
2462.5
 10
1338.55
 20
2458.12
 10
1334.09
 20
2453.75
 10
1328.68
 20
2449.37
 10
1322.0
 20
2445.0
  0
SPLINE
  5
23C
330
17
100
AcDbEntity
  8
Wall elevation
100
AcDbSpline
 70
0
 71
3
 72
8
 73
4
 74
0
 40
0.0
 40
0.0
 40
0.0
 40
0.0
 40
1.0
 40
1.0
 40
1.0
 40
1.0
 10
1322.0
 20
2445.0
 30
0.0
 10
1323.8666666666666
 20
2480.0
 30
0.0
 10
1323.8666666666666
 20
2512.2
 30
0.0
 10
1322.0
 20
2541.6
 30
0.0
  0
SPLINE
  5
23D
330
17
100
AcDbEntity
  8
Wall elevation
100
AcDbSpline
 70
0
 71
3
 72
8
 73
4
 74
0
 40
0.0
 40
0.0
 40
0.0
 40
0.0
 40
1.0
 40
1.0
 40
1.0
 40
1.0
 10
1322.0
 20
2474.4
 30
0.0
 10
1316.3999999999999
 20
2477.2
 30
0.0
 10
1310.8
 20
2481.4
 30
0.0
 10
1305.2
 20
2487.0
 30
0.0
  0
SPLINE
  5
23E
330
17
100
AcDbEntity
  8
Wall elevation
100
AcDbSpline
 70
0
 71
3
 72
8
 73
4
 74
0
 40
0.0
 40
0.0
 40
0.0
 40
0.0
 40
1.0
 40
1.0
 40
1.0
 40
1.0
 10
1322.0
 20
2474.4
 30
0.0
 10
1327.6000000000001
 20
2477.2
 30
0.0
 10
1333.2
 20
2481.4
 30
0.0
 10
1338.8
 20
2487.0
 30
0.0
  0
SPLINE
  5
23F
330
17
100
AcDbEntity
  8
Wall elevation
100
AcDbSpline
 70
0
 71
3
 72
8
 73
4
 74
0
 40
0.0
 40
0.0
 40
0.0
 40
0.0
 40
1.0
 40
1.0
 40
1.0
 40
1.0
 10
1322.0
 20
2497.5
 30
0.0
 10
1316.3999999999999
 20
2500.2999999999997
 30
0.0
 10
1310.8
 20
2504.5
 30
0.0
 10
1305.2
 20
2510.1
 30
0.0
  0
SPLINE
  5
240
330
17
100
AcDbEntity
  8
Wall elevation
100
AcDbSpline
 70
0
 71
3
 72
8
 73
4
 74
0
 40
0.0
 40
0.0
 40
0.0
 40
0.0
 40
1.0
 40
1.0
 40
1.0
 40
1.0
 10
1322.0
 20
2497.5
 30
0.0
 10
1327.6000000000001
 20
2500.2999999999997
 30
0.0
 10
1333.2
 20
2504.5
 30
0.0
 10
1338.8
 20
2510.1
 30
0.0
  0
SPLINE
  5
241
330
17
100
AcDbEntity
  8
Wall elevation
100
AcDbSpline
 70
0
 71
3
 72
8
 73
4
 74
0
 40
0.0
 40
0.0
 40
0.0
 40
0.0
 40
1.0
 40
1.0
 40
1.0
 40
1.0
 10
1322.0
 20
2518.5
 30
0.0
 10
1316.3999999999999
 20
2521.2999999999997
 30
0.0
 10
1310.8
 20
2525.5
 30
0.0
 10
1305.2
 20
2531.1
 30
0.0
  0
SPLINE
  5
242
330
17
100
AcDbEntity
  8
Wall elevation
100
AcDbSpline
 70
0
 71
3
 72
8
 73
4
 74
0
 40
0.0
 40
0.0
 40
0.0
 40
0.0
 40
1.0
 40
1.0
 40
1.0
 40
1.0
 10
1322.0
 20
2518.5
 30
0.0
 10
1327.6000000000001
 20
2521.2999999999997
 30
0.0
 10
1333.2
 20
2525.5
 30
0.0
 10
1338.8
 20
2531.1
 30
0.0
  0
LWPOLYLINE
  5
243
330
17
100
AcDbEntity
  8
Wall elevation
100
AcDbPolyline
 90
50
 70
0
 10
1398.0
 20
2445.0
 10
1391.32
 20
2449.37
 10
1385.91
 20
2453.75
 10
1381.45
 20
2458.12
 10
1378.58
 20
2462.5
 10
1377.64
 20
2466.87
 10
1378.54
 20
2471.25
 10
1379.83
 20
2475.62
 10
1376.33
 20
2480.0
 10
1373.87
 20
2484.37
 10
1373.02
 20
2488.75
 10
1373.97
 20
2493.12
 10
1376.5
 20
2497.5
 10
1380.04
 20
2501.87
 10
1382.35
 20
2506.25
 10
1381.38
 20
2510.62
 10
1381.52
 20
2515.0
 10
1382.89
 20
2519.37
 10
1385.25
 20
2523.75
 10
1388.17
 20
2528.12
 10
1391.13
 20
2532.5
 10
1393.0
 20
2536.87
 10
1394.21
 20
2541.25
 10
1395.96
 20
2545.62
 10
1398.0
 20
2550.0
 10
1398.0
 20
2550.0
 10
1400.04
 20
2545.62
 10
1401.79
 20
2541.25
 10
1403.0
 20
2536.87
 10
1404.87
 20
2532.5
 10
1407.83
 20
2528.12
 10
1410.75
 20
2523.75
 10
1413.11
 20
2519.37
 10
1414.48
 20
2515.0
 10
1414.62
 20
2510.62
 10
1413.65
 20
2506.25
 10
1415.96
 20
2501.87
 10
1419.5
 20
2497.5
 10
1422.03
 20
2493.12
 10
1422.98
 20
2488.75
 10
1422.13
 20
2484.37
 10
1419.67
 20
2480.0
 10
1416.17
 20
2475.62
 10
1417.46
 20
2471.25
 10
1418.36
 20
2466.87
 10
1417.42
 20
2462.5
 10
1414.55
 20
2458.12
 10
1410.09
 20
2453.75
 10
1404.68
 20
2449.37
 10
1398.0
 20
2445.0
  0
SPLINE
  5
244
330
17
100
AcDbEntity
  8
Wall elevation
100
AcDbSpline
 70
0
 71
3
 72
8
 73
4
 74
0
 40
0.0
 40
0.0
 40
0.0
 40
0.0
 40
1.0
 40
1.0
 40
1.0
 40
1.0
 10
1398.0
 20
2445.0
 30
0.0
 10
1399.8666666666666
 20
2480.0
 30
0.0
 10
1399.8666666666666
 20
2512.2
 30
0.0
 10
1398.0
 20
2541.6
 30
0.0
  0
SPLINE
  5
245
330
17
100
AcDbEntity
  8
Wall elevation
100
AcDbSpline
 70
0
 71
3
 72
8
 73
4
 74
0
 40
0.0
 40
0.0
 40
0.0
 40
0.0
 40
1.0
 40
1.0
 40
1.0
 40
1.0
 10
1398.0
 20
2474.4
 30
0.0
 10
1392.3999999999999
 20
2477.2
 30
0.0
 10
1386.8
 20
2481.4
 30
0.0
 10
1381.2
 20
2487.0
 30
0.0
  0
SPLINE
  5
246
330
17
100
AcDbEntity
  8
Wall elevation
100
AcDbSpline
 70
0
 71
3
 72
8
 73
4
 74
0
 40
0.0
 40
0.0
 40
0.0
 40
0.0
 40
1.0
 40
1.0
 40
1.0
 40
1.0
 10
1398.0
 20
2474.4
 30
0.0
 10
1403.6000000000001
 20
2477.2
 30
0.0
 10
1409.2
 20
2481.4
 30
0.0
 10
1414.8
 20
2487.0
 30
0.0
  0
SPLINE
  5
247
330
17
100
AcDbEntity
  8
Wall elevation
100
AcDbSpline
 70
0
 71
3
 72
8
 73
4
 74
0
 40
0.0
 40
0.0
 40
0.0
 40
0.0
 40
1.0
 40
1.0
 40
1.0
 40
1.0
 10
1398.0
 20
2497.5
 30
0.0
 10
1392.3999999999999
 20
2500.2999999999997
 30
0.0
 10
1386.8
 20
2504.5
 30
0.0
 10
1381.2
 20
2510.1
 30
0.0
  0
SPLINE
  5
248
330
17
100
AcDbEntity
  8
Wall elevation
100
AcDbSpline
 70
0
 71
3
 72
8
 73
4
 74
0
 40
0.0
 40
0.0
 40
0.0
 40
0.0
 40
1.0
 40
1.0
 40
1.0
 40
1.0
 10
1398.0
 20
2497.5
 30
0.0
 10
1403.6000000000001
 20
2500.2999999999997
 30
0.0
 10
1409.2
 20
2504.5
 30
0.0
 10
1414.8
 20
2510.1
 30
0.0
  0
SPLINE
  5
249
330
17
100
AcDbEntity
  8
Wall elevation
100
AcDbSpline
 70
0
 71
3
 72
8
 73
4
 74
0
 40
0.0
 40
0.0
 40
0.0
 40
0.0
 40
1.0
 40
1.0
 40
1.0
 40
1.0
 10
1398.0
 20
2518.5
 30
0.0
 10
1392.3999999999999
 20
2521.2999999999997
 30
0.0
 10
1386.8
 20
2525.5
 30
0.0
 10
1381.2
 20
2531.1
 30
0.0
  0
SPLINE
  5
24A
330
17
100
AcDbEntity
  8
Wall elevation
100
AcDbSpline
 70
0
 71
3
 72
8
 73
4
 74
0
 40
0.0
 40
0.0
 40
0.0
 40
0.0
 40
1.0
 40
1.0
 40
1.0
 40
1.0
 10
1398.0
 20
2518.5
 30
0.0
 10
1403.6000000000001
 20
2521.2999999999997
 30
0.0
 10
1409.2
 20
2525.5
 30
0.0
 10
1414.8
 20
2531.1
 30
0.0
  0
LWPOLYLINE
  5
24B
330
17
100
AcDbEntity
  8
Wall elevation
100
AcDbPolyline
 90
50
 70
0
 10
1286.0
 20
2417.0
 10
1279.56
 20
2420.25
 10
1274.34
 20
2423.5
 10
1270.04
 20
2426.75
 10
1267.27
 20
2430.0
 10
1266.37
 20
2433.25
 10
1267.24
 20
2436.5
 10
1268.48
 20
2439.75
 10
1265.11
 20
2443.0
 10
1262.74
 20
2446.25
 10
1261.91
 20
2449.5
 10
1262.83
 20
2452.75
 10
1265.26
 20
2456.0
 10
1268.68
 20
2459.25
 10
1270.91
 20
2462.5
 10
1269.97
 20
2465.75
 10
1270.11
 20
2469.0
 10
1271.43
 20
2472.25
 10
1273.71
 20
2475.5
 10
1276.52
 20
2478.75
 10
1279.38
 20
2482.0
 10
1281.18
 20
2485.25
 10
1282.35
 20
2488.5
 10
1284.04
 20
2491.75
 10
1286.0
 20
2495.0
 10
1286.0
 20
2495.0
 10
1287.96
 20
2491.75
 10
1289.65
 20
2488.5
 10
1290.82
 20
2485.25
 10
1292.62
 20
2482.0
 10
1295.48
 20
2478.75
 10
1298.29
 20
2475.5
 10
1300.57
 20
2472.25
 10
1301.89
 20
2469.0
 10
1302.03
 20
2465.75
 10
1301.09
 20
2462.5
 10
1303.32
 20
2459.25
 10
1306.74
 20
2456.0
 10
1309.17
 20
2452.75
 10
1310.09
 20
2449.5
 10
1309.26
 20
2446.25
 10
1306.89
 20
2443.0
 10
1303.52
 20
2439.75
 10
1304.76
 20
2436.5
 10
1305.63
 20
2433.25
 10
1304.73
 20
2430.0
 10
1301.96
 20
2426.75
 10
1297.66
 20
2423.5
 10
1292.44
 20
2420.25
 10
1286.0
 20
2417.0
  0
SPLINE
  5
24C
330
17
100
AcDbEntity
  8
Wall elevation
100
AcDbSpline
 70
0
 71
3
 72
8
 73
4
 74
0
 40
0.0
 40
0.0
 40
0.0
 40
0.0
 40
1.0
 40
1.0
 40
1.0
 40
1.0
 10
1286.0
 20
2417.0
 30
0.0
 10
1287.8
 20
2443.0
 30
0.0
 10
1287.8
 20
2466.92
 30
0.0
 10
1286.0
 20
2488.76
 30
0.0
  0
SPLINE
  5
24D
330
17
100
AcDbEntity
  8
Wall elevation
100
AcDbSpline
 70
0
 71
3
 72
8
 73
4
 74
0
 40
0.0
 40
0.0
 40
0.0
 40
0.0
 40
1.0
 40
1.0
 40
1.0
 40
1.0
 10
1286.0
 20
2438.84
 30
0.0
 10
1280.6000000000001
 20
2440.92
 30
0.0
 10
1275.2
 20
2444.04
 30
0.0
 10
1269.8
 20
2448.2
 30
0.0
  0
SPLINE
  5
24E
330
17
100
AcDbEntity
  8
Wall elevation
100
AcDbSpline
 70
0
 71
3
 72
8
 73
4
 74
0
 40
0.0
 40
0.0
 40
0.0
 40
0.0
 40
1.0
 40
1.0
 40
1.0
 40
1.0
 10
1286.0
 20
2438.84
 30
0.0
 10
1291.3999999999999
 20
2440.92
 30
0.0
 10
1296.8
 20
2444.04
 30
0.0
 10
1302.2
 20
2448.2
 30
0.0
  0
SPLINE
  5
24F
330
17
100
AcDbEntity
  8
Wall elevation
100
AcDbSpline
 70
0
 71
3
 72
8
 73
4
 74
0
 40
0.0
 40
0.0
 40
0.0
 40
0.0
 40
1.0
 40
1.0
 40
1.0
 40
1.0
 10
1286.0
 20
2456.0
 30
0.0
 10
1280.6000000000001
 20
2458.08
 30
0.0
 10
1275.2
 20
2461.2
 30
0.0
 10
1269.8
 20
2465.36
 30
0.0
  0
SPLINE
  5
250
330
17
100
AcDbEntity
  8
Wall elevation
100
AcDbSpline
 70
0
 71
3
 72
8
 73
4
 74
0
 40
0.0
 40
0.0
 40
0.0
 40
0.0
 40
1.0
 40
1.0
 40
1.0
 40
1.0
 10
1286.0
 20
2456.0
 30
0.0
 10
1291.3999999999999
 20
2458.08
 30
0.0
 10
1296.8
 20
2461.2
 30
0.0
 10
1302.2
 20
2465.36
 30
0.0
  0
SPLINE
  5
251
330
17
100
AcDbEntity
  8
Wall elevation
100
AcDbSpline
 70
0
 71
3
 72
8
 73
4
 74
0
 40
0.0
 40
0.0
 40
0.0
 40
0.0
 40
1.0
 40
1.0
 40
1.0
 40
1.0
 10
1286.0
 20
2471.6
 30
0.0
 10
1280.6000000000001
 20
2473.6800000000003
 30
0.0
 10
1275.2
 20
2476.8
 30
0.0
 10
1269.8
 20
2480.96
 30
0.0
  0
SPLINE
  5
252
330
17
100
AcDbEntity
  8
Wall elevation
100
AcDbSpline
 70
0
 71
3
 72
8
 73
4
 74
0
 40
0.0
 40
0.0
 40
0.0
 40
0.0
 40
1.0
 40
1.0
 40
1.0
 40
1.0
 10
1286.0
 20
2471.6
 30
0.0
 10
1291.3999999999999
 20
2473.6800000000003
 30
0.0
 10
1296.8
 20
2476.8
 30
0.0
 10
1302.2
 20
2480.96
 30
0.0
  0
LWPOLYLINE
  5
253
330
17
100
AcDbEntity
  8
Wall elevation
100
AcDbPolyline
 90
50
 70
0
 10
1360.0
 20
2417.0
 10
1353.56
 20
2420.25
 10
1348.34
 20
2423.5
 10
1344.04
 20
2426.75
 10
1341.27
 20
2430.0
 10
1340.37
 20
2433.25
 10
1341.24
 20
2436.5
 10
1342.48
 20
2439.75
 10
1339.11
 20
2443.0
 10
1336.74
 20
2446.25
 10
1335.91
 20
2449.5
 10
1336.83
 20
2452.75
 10
1339.26
 20
2456.0
 10
1342.68
 20
2459.25
 10
1344.91
 20
2462.5
 10
1343.97
 20
2465.75
 10
1344.11
 20
2469.0
 10
1345.43
 20
2472.25
 10
1347.71
 20
2475.5
 10
1350.52
 20
2478.75
 10
1353.38
 20
2482.0
 10
1355.18
 20
2485.25
 10
1356.35
 20
2488.5
 10
1358.04
 20
2491.75
 10
1360.0
 20
2495.0
 10
1360.0
 20
2495.0
 10
1361.96
 20
2491.75
 10
1363.65
 20
2488.5
 10
1364.82
 20
2485.25
 10
1366.62
 20
2482.0
 10
1369.48
 20
2478.75
 10
1372.29
 20
2475.5
 10
1374.57
 20
2472.25
 10
1375.89
 20
2469.0
 10
1376.03
 20
2465.75
 10
1375.09
 20
2462.5
 10
1377.32
 20
2459.25
 10
1380.74
 20
2456.0
 10
1383.17
 20
2452.75
 10
1384.09
 20
2449.5
 10
1383.26
 20
2446.25
 10
1380.89
 20
2443.0
 10
1377.52
 20
2439.75
 10
1378.76
 20
2436.5
 10
1379.63
 20
2433.25
 10
1378.73
 20
2430.0
 10
1375.96
 20
2426.75
 10
1371.66
 20
2423.5
 10
1366.44
 20
2420.25
 10
1360.0
 20
2417.0
  0
SPLINE
  5
254
330
17
100
AcDbEntity
  8
Wall elevation
100
AcDbSpline
 70
0
 71
3
 72
8
 73
4
 74
0
 40
0.0
 40
0.0
 40
0.0
 40
0.0
 40
1.0
 40
1.0
 40
1.0
 40
1.0
 10
1360.0
 20
2417.0
 30
0.0
 10
1361.8
 20
2443.0
 30
0.0
 10
1361.8
 20
2466.92
 30
0.0
 10
1360.0
 20
2488.76
 30
0.0
  0
SPLINE
  5
255
330
17
100
AcDbEntity
  8
Wall elevation
100
AcDbSpline
 70
0
 71
3
 72
8
 73
4
 74
0
 40
0.0
 40
0.0
 40
0.0
 40
0.0
 40
1.0
 40
1.0
 40
1.0
 40
1.0
 10
1360.0
 20
2438.84
 30
0.0
 10
1354.6000000000001
 20
2440.92
 30
0.0
 10
1349.2
 20
2444.04
 30
0.0
 10
1343.8
 20
2448.2
 30
0.0
  0
SPLINE
  5
256
330
17
100
AcDbEntity
  8
Wall elevation
100
AcDbSpline
 70
0
 71
3
 72
8
 73
4
 74
0
 40
0.0
 40
0.0
 40
0.0
 40
0.0
 40
1.0
 40
1.0
 40
1.0
 40
1.0
 10
1360.0
 20
2438.84
 30
0.0
 10
1365.3999999999999
 20
2440.92
 30
0.0
 10
1370.8
 20
2444.04
 30
0.0
 10
1376.2
 20
2448.2
 30
0.0
  0
SPLINE
  5
257
330
17
100
AcDbEntity
  8
Wall elevation
100
AcDbSpline
 70
0
 71
3
 72
8
 73
4
 74
0
 40
0.0
 40
0.0
 40
0.0
 40
0.0
 40
1.0
 40
1.0
 40
1.0
 40
1.0
 10
1360.0
 20
2456.0
 30
0.0
 10
1354.6000000000001
 20
2458.08
 30
0.0
 10
1349.2
 20
2461.2
 30
0.0
 10
1343.8
 20
2465.36
 30
0.0
  0
SPLINE
  5
258
330
17
100
AcDbEntity
  8
Wall elevation
100
AcDbSpline
 70
0
 71
3
 72
8
 73
4
 74
0
 40
0.0
 40
0.0
 40
0.0
 40
0.0
 40
1.0
 40
1.0
 40
1.0
 40
1.0
 10
1360.0
 20
2456.0
 30
0.0
 10
1365.3999999999999
 20
2458.08
 30
0.0
 10
1370.8
 20
2461.2
 30
0.0
 10
1376.2
 20
2465.36
 30
0.0
  0
SPLINE
  5
259
330
17
100
AcDbEntity
  8
Wall elevation
100
AcDbSpline
 70
0
 71
3
 72
8
 73
4
 74
0
 40
0.0
 40
0.0
 40
0.0
 40
0.0
 40
1.0
 40
1.0
 40
1.0
 40
1.0
 10
1360.0
 20
2471.6
 30
0.0
 10
1354.6000000000001
 20
2473.6800000000003
 30
0.0
 10
1349.2
 20
2476.8
 30
0.0
 10
1343.8
 20
2480.96
 30
0.0
  0
SPLINE
  5
25A
330
17
100
AcDbEntity
  8
Wall elevation
100
AcDbSpline
 70
0
 71
3
 72
8
 73
4
 74
0
 40
0.0
 40
0.0
 40
0.0
 40
0.0
 40
1.0
 40
1.0
 40
1.0
 40
1.0
 10
1360.0
 20
2471.6
 30
0.0
 10
1365.3999999999999
 20
2473.6800000000003
 30
0.0
 10
1370.8
 20
2476.8
 30
0.0
 10
1376.2
 20
2480.96
 30
0.0
  0
LWPOLYLINE
  5
25B
330
17
100
AcDbEntity
  8
Wall elevation
100
AcDbPolyline
 90
50
 70
0
 10
1434.0
 20
2417.0
 10
1427.56
 20
2420.25
 10
1422.34
 20
2423.5
 10
1418.04
 20
2426.75
 10
1415.27
 20
2430.0
 10
1414.37
 20
2433.25
 10
1415.24
 20
2436.5
 10
1416.48
 20
2439.75
 10
1413.11
 20
2443.0
 10
1410.74
 20
2446.25
 10
1409.91
 20
2449.5
 10
1410.83
 20
2452.75
 10
1413.26
 20
2456.0
 10
1416.68
 20
2459.25
 10
1418.91
 20
2462.5
 10
1417.97
 20
2465.75
 10
1418.11
 20
2469.0
 10
1419.43
 20
2472.25
 10
1421.71
 20
2475.5
 10
1424.52
 20
2478.75
 10
1427.38
 20
2482.0
 10
1429.18
 20
2485.25
 10
1430.35
 20
2488.5
 10
1432.04
 20
2491.75
 10
1434.0
 20
2495.0
 10
1434.0
 20
2495.0
 10
1435.96
 20
2491.75
 10
1437.65
 20
2488.5
 10
1438.82
 20
2485.25
 10
1440.62
 20
2482.0
 10
1443.48
 20
2478.75
 10
1446.29
 20
2475.5
 10
1448.57
 20
2472.25
 10
1449.89
 20
2469.0
 10
1450.03
 20
2465.75
 10
1449.09
 20
2462.5
 10
1451.32
 20
2459.25
 10
1454.74
 20
2456.0
 10
1457.17
 20
2452.75
 10
1458.09
 20
2449.5
 10
1457.26
 20
2446.25
 10
1454.89
 20
2443.0
 10
1451.52
 20
2439.75
 10
1452.76
 20
2436.5
 10
1453.63
 20
2433.25
 10
1452.73
 20
2430.0
 10
1449.96
 20
2426.75
 10
1445.66
 20
2423.5
 10
1440.44
 20
2420.25
 10
1434.0
 20
2417.0
  0
SPLINE
  5
25C
330
17
100
AcDbEntity
  8
Wall elevation
100
AcDbSpline
 70
0
 71
3
 72
8
 73
4
 74
0
 40
0.0
 40
0.0
 40
0.0
 40
0.0
 40
1.0
 40
1.0
 40
1.0
 40
1.0
 10
1434.0
 20
2417.0
 30
0.0
 10
1435.8
 20
2443.0
 30
0.0
 10
1435.8
 20
2466.92
 30
0.0
 10
1434.0
 20
2488.76
 30
0.0
  0
SPLINE
  5
25D
330
17
100
AcDbEntity
  8
Wall elevation
100
AcDbSpline
 70
0
 71
3
 72
8
 73
4
 74
0
 40
0.0
 40
0.0
 40
0.0
 40
0.0
 40
1.0
 40
1.0
 40
1.0
 40
1.0
 10
1434.0
 20
2438.84
 30
0.0
 10
1428.6000000000001
 20
2440.92
 30
0.0
 10
1423.2
 20
2444.04
 30
0.0
 10
1417.8
 20
2448.2
 30
0.0
  0
SPLINE
  5
25E
330
17
100
AcDbEntity
  8
Wall elevation
100
AcDbSpline
 70
0
 71
3
 72
8
 73
4
 74
0
 40
0.0
 40
0.0
 40
0.0
 40
0.0
 40
1.0
 40
1.0
 40
1.0
 40
1.0
 10
1434.0
 20
2438.84
 30
0.0
 10
1439.3999999999999
 20
2440.92
 30
0.0
 10
1444.8
 20
2444.04
 30
0.0
 10
1450.2
 20
2448.2
 30
0.0
  0
SPLINE
  5
25F
330
17
100
AcDbEntity
  8
Wall elevation
100
AcDbSpline
 70
0
 71
3
 72
8
 73
4
 74
0
 40
0.0
 40
0.0
 40
0.0
 40
0.0
 40
1.0
 40
1.0
 40
1.0
 40
1.0
 10
1434.0
 20
2456.0
 30
0.0
 10
1428.6000000000001
 20
2458.08
 30
0.0
 10
1423.2
 20
2461.2
 30
0.0
 10
1417.8
 20
2465.36
 30
0.0
  0
SPLINE
  5
260
330
17
100
AcDbEntity
  8
Wall elevation
100
AcDbSpline
 70
0
 71
3
 72
8
 73
4
 74
0
 40
0.0
 40
0.0
 40
0.0
 40
0.0
 40
1.0
 40
1.0
 40
1.0
 40
1.0
 10
1434.0
 20
2456.0
 30
0.0
 10
1439.3999999999999
 20
2458.08
 30
0.0
 10
1444.8
 20
2461.2
 30
0.0
 10
1450.2
 20
2465.36
 30
0.0
  0
SPLINE
  5
261
330
17
100
AcDbEntity
  8
Wall elevation
100
AcDbSpline
 70
0
 71
3
 72
8
 73
4
 74
0
 40
0.0
 40
0.0
 40
0.0
 40
0.0
 40
1.0
 40
1.0
 40
1.0
 40
1.0
 10
1434.0
 20
2471.6
 30
0.0
 10
1428.6000000000001
 20
2473.6800000000003
 30
0.0
 10
1423.2
 20
2476.8
 30
0.0
 10
1417.8
 20
2480.96
 30
0.0
  0
SPLINE
  5
262
330
17
100
AcDbEntity
  8
Wall elevation
100
AcDbSpline
 70
0
 71
3
 72
8
 73
4
 74
0
 40
0.0
 40
0.0
 40
0.0
 40
0.0
 40
1.0
 40
1.0
 40
1.0
 40
1.0
 10
1434.0
 20
2471.6
 30
0.0
 10
1439.3999999999999
 20
2473.6800000000003
 30
0.0
 10
1444.8
 20
2476.8
 30
0.0
 10
1450.2
 20
2480.96
 30
0.0
  0
LWPOLYLINE
  5
263
330
17
100
AcDbEntity
  8
Wall elevation
100
AcDbPolyline
 90
26
 70
0
 10
1246.0
 20
2559.0
 10
1240.19
 20
2557.49
 10
1235.19
 20
2554.52
 10
1231.33
 20
2550.43
 10
1228.85
 20
2545.6
 10
1227.85
 20
2540.46
 10
1228.29
 20
2535.44
 10
1230.05
 20
2530.92
 10
1232.88
 20
2527.21
 10
1236.48
 20
2524.56
 10
1240.49
 20
2523.09
 10
1244.57
 20
2522.82
 10
1248.37
 20
2523.66
 10
1251.62
 20
2525.44
 10
1254.09
 20
2527.94
 10
1255.66
 20
2530.87
 10
1256.29
 20
2533.94
 10
1256.03
 20
2536.87
 10
1255.01
 20
2539.43
 10
1253.4
 20
2541.44
 10
1251.42
 20
2542.77
 10
1249.32
 20
2543.41
 10
1247.3
 20
2543.38
 10
1245.56
 20
2542.79
 10
1244.24
 20
2541.79
 10
1243.41
 20
2540.56
  0
CIRCLE
  5
264
330
17
100
AcDbEntity
  8
Wall elevation
100
AcDbCircle
 10
1246.0
 20
2537.0
 30
0.0
 40
3.96
  0
LWPOLYLINE
  5
265
330
17
100
AcDbEntity
  8
Wall elevation
100
AcDbPolyline
 90
26
 70
0
 10
1474.0
 20
2515.0
 10
1468.19
 20
2516.51
 10
1463.19
 20
2519.48
 10
1459.33
 20
2523.57
 10
1456.85
 20
2528.4
 10
1455.85
 20
2533.54
 10
1456.29
 20
2538.56
 10
1458.05
 20
2543.08
 10
1460.88
 20
2546.79
 10
1464.48
 20
2549.44
 10
1468.49
 20
2550.91
 10
1472.57
 20
2551.18
 10
1476.37
 20
2550.34
 10
1479.62
 20
2548.56
 10
1482.09
 20
2546.06
 10
1483.66
 20
2543.13
 10
1484.29
 20
2540.06
 10
1484.03
 20
2537.13
 10
1483.01
 20
2534.57
 10
1481.4
 20
2532.56
 10
1479.42
 20
2531.23
 10
1477.32
 20
2530.59
 10
1475.3
 20
2530.62
 10
1473.56
 20
2531.21
 10
1472.24
 20
2532.21
 10
1471.41
 20
2533.44
  0
CIRCLE
  5
266
330
17
100
AcDbEntity
  8
Wall elevation
100
AcDbCircle
 10
1474.0
 20
2537.0
 30
0.0
 40
3.96
  0
CIRCLE
  5
267
330
17
100
AcDbEntity
  8
Wall elevation
100
AcDbCircle
 10
1360.0
 20
2545.0
 30
0.0
 40
11.0
  0
CIRCLE
  5
268
330
17
100
AcDbEntity
  8
Wall elevation
100
AcDbCircle
 10
1360.0
 20
2545.0
 30
0.0
 40
4.0
  0
LWPOLYLINE
  5
269
330
17
100
AcDbEntity
  8
Wall elevation
100
AcDbPolyline
 90
5
 70
0
 10
1224.0
 20
2585.0
 10
1496.0
 20
2585.0
 10
1496.0
 20
2560.0
 10
1224.0
 20
2560.0
 10
1224.0
 20
2585.0
  0
LINE
  5
26A
330
17
100
AcDbEntity
  8
Wall elevation
100
AcDbLine
 10
1224.0
 20
2573.0
 30
0.0
 11
1496.0
 21
2573.0
 31
0.0
  0
LWPOLYLINE
  5
26B
330
17
100
AcDbEntity
  8
Wall elevation
100
AcDbPolyline
 90
5
 70
0
 10
2570.0
 20
2585.0
 10
2790.0
 20
2585.0
 10
2790.0
 20
840.0
 10
2570.0
 20
840.0
 10
2570.0
 20
2585.0
  0
LWPOLYLINE
  5
26C
330
17
100
AcDbEntity
  8
Wall elevation
100
AcDbPolyline
 90
5
 70
0
 10
2558.0
 20
910.0
 10
2802.0
 20
910.0
 10
2802.0
 20
840.0
 10
2558.0
 20
840.0
 10
2558.0
 20
910.0
  0
LWPOLYLINE
  5
26D
330
17
100
AcDbEntity
  8
Wall elevation
100
AcDbPolyline
 90
5
 70
0
 10
2562.0
 20
935.0
 10
2798.0
 20
935.0
 10
2798.0
 20
910.0
 10
2562.0
 20
910.0
 10
2562.0
 20
935.0
  0
LINE
  5
26E
330
17
100
AcDbEntity
  8
Wall elevation
100
AcDbLine
 10
2562.0
 20
922.0
 30
0.0
 11
2798.0
 21
922.0
 31
0.0
  0
LINE
  5
26F
330
17
100
AcDbEntity
  8
Wall elevation
100
AcDbLine
 10
2567.0
 20
950.0
 30
0.0
 11
2793.0
 21
950.0
 31
0.0
  0
LINE
  5
270
330
17
100
AcDbEntity
  8
Wall elevation
100
AcDbLine
 10
2570.0
 20
965.0
 30
0.0
 11
2790.0
 21
965.0
 31
0.0
  0
POLYLINE
  5
271
330
17
100
AcDbEntity
  8
Wall elevation
100
AcDb2dPolyline
 66
1
 10
0.0
 20
0.0
 30
0.0
 70
0
  0
VERTEX
  5
272
330
271
100
AcDbEntity
  8
Wall elevation
100
AcDbVertex
100
AcDb2dVertex
 10
2598.57
 20
2370.0
 30
0.0
 70
0
  0
VERTEX
  5
273
330
271
100
AcDbEntity
  8
Wall elevation
100
AcDbVertex
100
AcDb2dVertex
 10
2598.57
 20
2370.0
 30
0.0
 70
0
  0
SEQEND
  5
274
330
271
100
AcDbEntity
  8
Wall elevation
  0
SPLINE
  5
275
330
17
100
AcDbEntity
  8
Wall elevation
100
AcDbSpline
 70
0
 71
3
 72
14
 73
10
 74
0
 40
0.0
 40
0.0
 40
0.0
 40
0.0
 40
1.0
 40
1.0
 40
1.0
 40
2.0
 40
2.0
 40
2.0
 40
3.0
 40
3.0
 40
3.0
 40
3.0
 10
2598.57
 20
2370.0
 30
0.0
 10
2600.2374741535455
 20
2370.0
 30
0.0
 10
2601.875925022876
 20
2369.560978412725
 30
0.0
 10
2603.32
 20
2368.7272413359524
 30
0.0
 10
2604.7640749771244
 20
2367.8935042591793
 30
0.0
 10
2605.96350425918
 20
2366.6940749771243
 30
0.0
 10
2606.7972413359525
 20
2365.25
 30
0.0
 10
2607.630978412725
 20
2363.8059250228757
 30
0.0
 10
2608.07
 20
2362.1674741535453
 30
0.0
 10
2608.07
 20
2360.5
 30
0.0
  0
POLYLINE
  5
276
330
17
100
AcDbEntity
  8
Wall elevation
100
AcDb2dPolyline
 66
1
 10
0.0
 20
0.0
 30
0.0
 70
0
  0
VERTEX
  5
277
330
276
100
AcDbEntity
  8
Wall elevation
100
AcDbVertex
100
AcDb2dVertex
 10
2608.07
 20
2360.5
 30
0.0
 70
0
  0
VERTEX
  5
278
330
276
100
AcDbEntity
  8
Wall elevation
100
AcDbVertex
100
AcDb2dVertex
 10
2608.07
 20
1029.5
 30
0.0
 70
0
  0
SEQEND
  5
279
330
276
100
AcDbEntity
  8
Wall elevation
  0
SPLINE
  5
27A
330
17
100
AcDbEntity
  8
Wall elevation
100
AcDbSpline
 70
0
 71
3
 72
14
 73
10
 74
0
 40
0.0
 40
0.0
 40
0.0
 40
0.0
 40
1.0
 40
1.0
 40
1.0
 40
2.0
 40
2.0
 40
2.0
 40
3.0
 40
3.0
 40
3.0
 40
3.0
 10
2608.07
 20
1029.5
 30
0.0
 10
2608.07
 20
1027.8325258464545
 30
0.0
 10
2607.630978412725
 20
1026.1940749771243
 30
0.0
 10
2606.7972413359525
 20
1024.75
 30
0.0
 10
2605.96350425918
 20
1023.3059250228757
 30
0.0
 10
2604.7640749771244
 20
1022.1064957408205
 30
0.0
 10
2603.32
 20
1021.2727586640478
 30
0.0
 10
2601.875925022876
 20
1020.4390215872752
 30
0.0
 10
2600.2374741535455
 20
1020.0
 30
0.0
 10
2598.57
 20
1020.0
 30
0.0
  0
POLYLINE
  5
27B
330
17
100
AcDbEntity
  8
Wall elevation
100
AcDb2dPolyline
 66
1
 10
0.0
 20
0.0
 30
0.0
 70
0
  0
VERTEX
  5
27C
330
27B
100
AcDbEntity
  8
Wall elevation
100
AcDbVertex
100
AcDb2dVertex
 10
2598.57
 20
1020.0
 30
0.0
 70
0
  0
VERTEX
  5
27D
330
27B
100
AcDbEntity
  8
Wall elevation
100
AcDbVertex
100
AcDb2dVertex
 10
2598.57
 20
1020.0
 30
0.0
 70
0
  0
SEQEND
  5
27E
330
27B
100
AcDbEntity
  8
Wall elevation
  0
SPLINE
  5
27F
330
17
100
AcDbEntity
  8
Wall elevation
100
AcDbSpline
 70
0
 71
3
 72
14
 73
10
 74
0
 40
0.0
 40
0.0
 40
0.0
 40
0.0
 40
1.0
 40
1.0
 40
1.0
 40
2.0
 40
2.0
 40
2.0
 40
3.0
 40
3.0
 40
3.0
 40
3.0
 10
2598.57
 20
1020.0
 30
0.0
 10
2596.902525846455
 20
1020.0
 30
0.0
 10
2595.2640749771244
 20
1020.4390215872752
 30
0.0
 10
2593.82
 20
1021.2727586640478
 30
0.0
 10
2592.375925022876
 20
1022.1064957408205
 30
0.0
 10
2591.1764957408204
 20
1023.3059250228757
 30
0.0
 10
2590.342758664048
 20
1024.75
 30
0.0
 10
2589.509021587275
 20
1026.1940749771243
 30
0.0
 10
2589.07
 20
1027.8325258464545
 30
0.0
 10
2589.07
 20
1029.5
 30
0.0
  0
POLYLINE
  5
280
330
17
100
AcDbEntity
  8
Wall elevation
100
AcDb2dPolyline
 66
1
 10
0.0
 20
0.0
 30
0.0
 70
0
  0
VERTEX
  5
281
330
280
100
AcDbEntity
  8
Wall elevation
100
AcDbVertex
100
AcDb2dVertex
 10
2589.07
 20
1029.5
 30
0.0
 70
0
  0
VERTEX
  5
282
330
280
100
AcDbEntity
  8
Wall elevation
100
AcDbVertex
100
AcDb2dVertex
 10
2589.07
 20
2360.5
 30
0.0
 70
0
  0
SEQEND
  5
283
330
280
100
AcDbEntity
  8
Wall elevation
  0
SPLINE
  5
284
330
17
100
AcDbEntity
  8
Wall elevation
100
AcDbSpline
 70
0
 71
3
 72
14
 73
10
 74
0
 40
0.0
 40
0.0
 40
0.0
 40
0.0
 40
1.0
 40
1.0
 40
1.0
 40
2.0
 40
2.0
 40
2.0
 40
3.0
 40
3.0
 40
3.0
 40
3.0
 10
2589.07
 20
2360.5
 30
0.0
 10
2589.07
 20
2362.1674741535453
 30
0.0
 10
2589.509021587275
 20
2363.8059250228757
 30
0.0
 10
2590.342758664048
 20
2365.25
 30
0.0
 10
2591.1764957408204
 20
2366.6940749771243
 30
0.0
 10
2592.375925022876
 20
2367.8935042591793
 30
0.0
 10
2593.82
 20
2368.7272413359524
 30
0.0
 10
2595.2640749771244
 20
2369.560978412725
 30
0.0
 10
2596.902525846455
 20
2370.0
 30
0.0
 10
2598.57
 20
2370.0
 30
0.0
  0
POLYLINE
  5
285
330
17
100
AcDbEntity
  8
Wall elevation
100
AcDb2dPolyline
 66
1
 10
0.0
 20
0.0
 30
0.0
 70
0
  0
VERTEX
  5
286
330
285
100
AcDbEntity
  8
Wall elevation
100
AcDbVertex
100
AcDb2dVertex
 10
2625.71
 20
2370.0
 30
0.0
 70
0
  0
VERTEX
  5
287
330
285
100
AcDbEntity
  8
Wall elevation
100
AcDbVertex
100
AcDb2dVertex
 10
2625.71
 20
2370.0
 30
0.0
 70
0
  0
SEQEND
  5
288
330
285
100
AcDbEntity
  8
Wall elevation
  0
SPLINE
  5
289
330
17
100
AcDbEntity
  8
Wall elevation
100
AcDbSpline
 70
0
 71
3
 72
14
 73
10
 74
0
 40
0.0
 40
0.0
 40
0.0
 40
0.0
 40
1.0
 40
1.0
 40
1.0
 40
2.0
 40
2.0
 40
2.0
 40
3.0
 40
3.0
 40
3.0
 40
3.0
 10
2625.71
 20
2370.0
 30
0.0
 10
2627.3774741535453
 20
2370.0
 30
0.0
 10
2629.0159250228758
 20
2369.560978412725
 30
0.0
 10
2630.46
 20
2368.7272413359524
 30
0.0
 10
2631.9040749771243
 20
2367.8935042591793
 30
0.0
 10
2633.1035042591798
 20
2366.6940749771243
 30
0.0
 10
2633.9372413359524
 20
2365.25
 30
0.0
 10
2634.770978412725
 20
2363.8059250228757
 30
0.0
 10
2635.21
 20
2362.1674741535453
 30
0.0
 10
2635.21
 20
2360.5
 30
0.0
  0
POLYLINE
  5
28A
330
17
100
AcDbEntity
  8
Wall elevation
100
AcDb2dPolyline
 66
1
 10
0.0
 20
0.0
 30
0.0
 70
0
  0
VERTEX
  5
28B
330
28A
100
AcDbEntity
  8
Wall elevation
100
AcDbVertex
100
AcDb2dVertex
 10
2635.21
 20
2360.5
 30
0.0
 70
0
  0
VERTEX
  5
28C
330
28A
100
AcDbEntity
  8
Wall elevation
100
AcDbVertex
100
AcDb2dVertex
 10
2635.21
 20
1029.5
 30
0.0
 70
0
  0
SEQEND
  5
28D
330
28A
100
AcDbEntity
  8
Wall elevation
  0
SPLINE
  5
28E
330
17
100
AcDbEntity
  8
Wall elevation
100
AcDbSpline
 70
0
 71
3
 72
14
 73
10
 74
0
 40
0.0
 40
0.0
 40
0.0
 40
0.0
 40
1.0
 40
1.0
 40
1.0
 40
2.0
 40
2.0
 40
2.0
 40
3.0
 40
3.0
 40
3.0
 40
3.0
 10
2635.21
 20
1029.5
 30
0.0
 10
2635.21
 20
1027.8325258464545
 30
0.0
 10
2634.770978412725
 20
1026.1940749771243
 30
0.0
 10
2633.9372413359524
 20
1024.75
 30
0.0
 10
2633.1035042591798
 20
1023.3059250228757
 30
0.0
 10
2631.9040749771243
 20
1022.1064957408205
 30
0.0
 10
2630.46
 20
1021.2727586640478
 30
0.0
 10
2629.0159250228758
 20
1020.4390215872752
 30
0.0
 10
2627.3774741535453
 20
1020.0
 30
0.0
 10
2625.71
 20
1020.0
 30
0.0
  0
POLYLINE
  5
28F
330
17
100
AcDbEntity
  8
Wall elevation
100
AcDb2dPolyline
 66
1
 10
0.0
 20
0.0
 30
0.0
 70
0
  0
VERTEX
  5
290
330
28F
100
AcDbEntity
  8
Wall elevation
100
AcDbVertex
100
AcDb2dVertex
 10
2625.71
 20
1020.0
 30
0.0
 70
0
  0
VERTEX
  5
291
330
28F
100
AcDbEntity
  8
Wall elevation
100
AcDbVertex
100
AcDb2dVertex
 10
2625.71
 20
1020.0
 30
0.0
 70
0
  0
SEQEND
  5
292
330
28F
100
AcDbEntity
  8
Wall elevation
  0
SPLINE
  5
293
330
17
100
AcDbEntity
  8
Wall elevation
100
AcDbSpline
 70
0
 71
3
 72
14
 73
10
 74
0
 40
0.0
 40
0.0
 40
0.0
 40
0.0
 40
1.0
 40
1.0
 40
1.0
 40
2.0
 40
2.0
 40
2.0
 40
3.0
 40
3.0
 40
3.0
 40
3.0
 10
2625.71
 20
1020.0
 30
0.0
 10
2624.0425258464547
 20
1020.0
 30
0.0
 10
2622.4040749771243
 20
1020.4390215872752
 30
0.0
 10
2620.96
 20
1021.2727586640478
 30
0.0
 10
2619.5159250228758
 20
1022.1064957408205
 30
0.0
 10
2618.3164957408203
 20
1023.3059250228757
 30
0.0
 10
2617.4827586640477
 20
1024.75
 30
0.0
 10
2616.649021587275
 20
1026.1940749771243
 30
0.0
 10
2616.21
 20
1027.8325258464545
 30
0.0
 10
2616.21
 20
1029.5
 30
0.0
  0
POLYLINE
  5
294
330
17
100
AcDbEntity
  8
Wall elevation
100
AcDb2dPolyline
 66
1
 10
0.0
 20
0.0
 30
0.0
 70
0
  0
VERTEX
  5
295
330
294
100
AcDbEntity
  8
Wall elevation
100
AcDbVertex
100
AcDb2dVertex
 10
2616.21
 20
1029.5
 30
0.0
 70
0
  0
VERTEX
  5
296
330
294
100
AcDbEntity
  8
Wall elevation
100
AcDbVertex
100
AcDb2dVertex
 10
2616.21
 20
2360.5
 30
0.0
 70
0
  0
SEQEND
  5
297
330
294
100
AcDbEntity
  8
Wall elevation
  0
SPLINE
  5
298
330
17
100
AcDbEntity
  8
Wall elevation
100
AcDbSpline
 70
0
 71
3
 72
14
 73
10
 74
0
 40
0.0
 40
0.0
 40
0.0
 40
0.0
 40
1.0
 40
1.0
 40
1.0
 40
2.0
 40
2.0
 40
2.0
 40
3.0
 40
3.0
 40
3.0
 40
3.0
 10
2616.21
 20
2360.5
 30
0.0
 10
2616.21
 20
2362.1674741535453
 30
0.0
 10
2616.649021587275
 20
2363.8059250228757
 30
0.0
 10
2617.4827586640477
 20
2365.25
 30
0.0
 10
2618.3164957408203
 20
2366.6940749771243
 30
0.0
 10
2619.5159250228758
 20
2367.8935042591793
 30
0.0
 10
2620.96
 20
2368.7272413359524
 30
0.0
 10
2622.4040749771243
 20
2369.560978412725
 30
0.0
 10
2624.0425258464547
 20
2370.0
 30
0.0
 10
2625.71
 20
2370.0
 30
0.0
  0
POLYLINE
  5
299
330
17
100
AcDbEntity
  8
Wall elevation
100
AcDb2dPolyline
 66
1
 10
0.0
 20
0.0
 30
0.0
 70
0
  0
VERTEX
  5
29A
330
299
100
AcDbEntity
  8
Wall elevation
100
AcDbVertex
100
AcDb2dVertex
 10
2652.86
 20
2370.0
 30
0.0
 70
0
  0
VERTEX
  5
29B
330
299
100
AcDbEntity
  8
Wall elevation
100
AcDbVertex
100
AcDb2dVertex
 10
2652.86
 20
2370.0
 30
0.0
 70
0
  0
SEQEND
  5
29C
330
299
100
AcDbEntity
  8
Wall elevation
  0
SPLINE
  5
29D
330
17
100
AcDbEntity
  8
Wall elevation
100
AcDbSpline
 70
0
 71
3
 72
14
 73
10
 74
0
 40
0.0
 40
0.0
 40
0.0
 40
0.0
 40
1.0
 40
1.0
 40
1.0
 40
2.0
 40
2.0
 40
2.0
 40
3.0
 40
3.0
 40
3.0
 40
3.0
 10
2652.86
 20
2370.0
 30
0.0
 10
2654.5274741535454
 20
2370.0
 30
0.0
 10
2656.165925022876
 20
2369.560978412725
 30
0.0
 10
2657.61
 20
2368.7272413359524
 30
0.0
 10
2659.0540749771244
 20
2367.8935042591793
 30
0.0
 10
2660.25350425918
 20
2366.6940749771243
 30
0.0
 10
2661.0872413359525
 20
2365.25
 30
0.0
 10
2661.920978412725
 20
2363.8059250228757
 30
0.0
 10
2662.36
 20
2362.1674741535453
 30
0.0
 10
2662.36
 20
2360.5
 30
0.0
  0
POLYLINE
  5
29E
330
17
100
AcDbEntity
  8
Wall elevation
100
AcDb2dPolyline
 66
1
 10
0.0
 20
0.0
 30
0.0
 70
0
  0
VERTEX
  5
29F
330
29E
100
AcDbEntity
  8
Wall elevation
100
AcDbVertex
100
AcDb2dVertex
 10
2662.36
 20
2360.5
 30
0.0
 70
0
  0
VERTEX
  5
2A0
330
29E
100
AcDbEntity
  8
Wall elevation
100
AcDbVertex
100
AcDb2dVertex
 10
2662.36
 20
1029.5
 30
0.0
 70
0
  0
SEQEND
  5
2A1
330
29E
100
AcDbEntity
  8
Wall elevation
  0
SPLINE
  5
2A2
330
17
100
AcDbEntity
  8
Wall elevation
100
AcDbSpline
 70
0
 71
3
 72
14
 73
10
 74
0
 40
0.0
 40
0.0
 40
0.0
 40
0.0
 40
1.0
 40
1.0
 40
1.0
 40
2.0
 40
2.0
 40
2.0
 40
3.0
 40
3.0
 40
3.0
 40
3.0
 10
2662.36
 20
1029.5
 30
0.0
 10
2662.36
 20
1027.8325258464545
 30
0.0
 10
2661.920978412725
 20
1026.1940749771243
 30
0.0
 10
2661.0872413359525
 20
1024.75
 30
0.0
 10
2660.25350425918
 20
1023.3059250228757
 30
0.0
 10
2659.0540749771244
 20
1022.1064957408205
 30
0.0
 10
2657.61
 20
1021.2727586640478
 30
0.0
 10
2656.165925022876
 20
1020.4390215872752
 30
0.0
 10
2654.5274741535454
 20
1020.0
 30
0.0
 10
2652.86
 20
1020.0
 30
0.0
  0
POLYLINE
  5
2A3
330
17
100
AcDbEntity
  8
Wall elevation
100
AcDb2dPolyline
 66
1
 10
0.0
 20
0.0
 30
0.0
 70
0
  0
VERTEX
  5
2A4
330
2A3
100
AcDbEntity
  8
Wall elevation
100
AcDbVertex
100
AcDb2dVertex
 10
2652.86
 20
1020.0
 30
0.0
 70
0
  0
VERTEX
  5
2A5
330
2A3
100
AcDbEntity
  8
Wall elevation
100
AcDbVertex
100
AcDb2dVertex
 10
2652.86
 20
1020.0
 30
0.0
 70
0
  0
SEQEND
  5
2A6
330
2A3
100
AcDbEntity
  8
Wall elevation
  0
SPLINE
  5
2A7
330
17
100
AcDbEntity
  8
Wall elevation
100
AcDbSpline
 70
0
 71
3
 72
14
 73
10
 74
0
 40
0.0
 40
0.0
 40
0.0
 40
0.0
 40
1.0
 40
1.0
 40
1.0
 40
2.0
 40
2.0
 40
2.0
 40
3.0
 40
3.0
 40
3.0
 40
3.0
 10
2652.86
 20
1020.0
 30
0.0
 10
2651.192525846455
 20
1020.0
 30
0.0
 10
2649.5540749771244
 20
1020.4390215872752
 30
0.0
 10
2648.11
 20
1021.2727586640478
 30
0.0
 10
2646.665925022876
 20
1022.1064957408205
 30
0.0
 10
2645.4664957408204
 20
1023.3059250228757
 30
0.0
 10
2644.6327586640477
 20
1024.75
 30
0.0
 10
2643.799021587275
 20
1026.1940749771243
 30
0.0
 10
2643.36
 20
1027.8325258464545
 30
0.0
 10
2643.36
 20
1029.5
 30
0.0
  0
POLYLINE
  5
2A8
330
17
100
AcDbEntity
  8
Wall elevation
100
AcDb2dPolyline
 66
1
 10
0.0
 20
0.0
 30
0.0
 70
0
  0
VERTEX
  5
2A9
330
2A8
100
AcDbEntity
  8
Wall elevation
100
AcDbVertex
100
AcDb2dVertex
 10
2643.36
 20
1029.5
 30
0.0
 70
0
  0
VERTEX
  5
2AA
330
2A8
100
AcDbEntity
  8
Wall elevation
100
AcDbVertex
100
AcDb2dVertex
 10
2643.36
 20
2360.5
 30
0.0
 70
0
  0
SEQEND
  5
2AB
330
2A8
100
AcDbEntity
  8
Wall elevation
  0
SPLINE
  5
2AC
330
17
100
AcDbEntity
  8
Wall elevation
100
AcDbSpline
 70
0
 71
3
 72
14
 73
10
 74
0
 40
0.0
 40
0.0
 40
0.0
 40
0.0
 40
1.0
 40
1.0
 40
1.0
 40
2.0
 40
2.0
 40
2.0
 40
3.0
 40
3.0
 40
3.0
 40
3.0
 10
2643.36
 20
2360.5
 30
0.0
 10
2643.36
 20
2362.1674741535453
 30
0.0
 10
2643.799021587275
 20
2363.8059250228757
 30
0.0
 10
2644.6327586640477
 20
2365.25
 30
0.0
 10
2645.4664957408204
 20
2366.6940749771243
 30
0.0
 10
2646.665925022876
 20
2367.8935042591793
 30
0.0
 10
2648.11
 20
2368.7272413359524
 30
0.0
 10
2649.5540749771244
 20
2369.560978412725
 30
0.0
 10
2651.192525846455
 20
2370.0
 30
0.0
 10
2652.86
 20
2370.0
 30
0.0
  0
POLYLINE
  5
2AD
330
17
100
AcDbEntity
  8
Wall elevation
100
AcDb2dPolyline
 66
1
 10
0.0
 20
0.0
 30
0.0
 70
0
  0
VERTEX
  5
2AE
330
2AD
100
AcDbEntity
  8
Wall elevation
100
AcDbVertex
100
AcDb2dVertex
 10
2680.0
 20
2370.0
 30
0.0
 70
0
  0
VERTEX
  5
2AF
330
2AD
100
AcDbEntity
  8
Wall elevation
100
AcDbVertex
100
AcDb2dVertex
 10
2680.0
 20
2370.0
 30
0.0
 70
0
  0
SEQEND
  5
2B0
330
2AD
100
AcDbEntity
  8
Wall elevation
  0
SPLINE
  5
2B1
330
17
100
AcDbEntity
  8
Wall elevation
100
AcDbSpline
 70
0
 71
3
 72
14
 73
10
 74
0
 40
0.0
 40
0.0
 40
0.0
 40
0.0
 40
1.0
 40
1.0
 40
1.0
 40
2.0
 40
2.0
 40
2.0
 40
3.0
 40
3.0
 40
3.0
 40
3.0
 10
2680.0
 20
2370.0
 30
0.0
 10
2681.6674741535453
 20
2370.0
 30
0.0
 10
2683.3059250228757
 20
2369.560978412725
 30
0.0
 10
2684.75
 20
2368.7272413359524
 30
0.0
 10
2686.1940749771243
 20
2367.8935042591793
 30
0.0
 10
2687.3935042591797
 20
2366.6940749771243
 30
0.0
 10
2688.2272413359524
 20
2365.25
 30
0.0
 10
2689.060978412725
 20
2363.8059250228757
 30
0.0
 10
2689.5
 20
2362.1674741535453
 30
0.0
 10
2689.5
 20
2360.5
 30
0.0
  0
POLYLINE
  5
2B2
330
17
100
AcDbEntity
  8
Wall elevation
100
AcDb2dPolyline
 66
1
 10
0.0
 20
0.0
 30
0.0
 70
0
  0
VERTEX
  5
2B3
330
2B2
100
AcDbEntity
  8
Wall elevation
100
AcDbVertex
100
AcDb2dVertex
 10
2689.5
 20
2360.5
 30
0.0
 70
0
  0
VERTEX
  5
2B4
330
2B2
100
AcDbEntity
  8
Wall elevation
100
AcDbVertex
100
AcDb2dVertex
 10
2689.5
 20
1029.5
 30
0.0
 70
0
  0
SEQEND
  5
2B5
330
2B2
100
AcDbEntity
  8
Wall elevation
  0
SPLINE
  5
2B6
330
17
100
AcDbEntity
  8
Wall elevation
100
AcDbSpline
 70
0
 71
3
 72
14
 73
10
 74
0
 40
0.0
 40
0.0
 40
0.0
 40
0.0
 40
1.0
 40
1.0
 40
1.0
 40
2.0
 40
2.0
 40
2.0
 40
3.0
 40
3.0
 40
3.0
 40
3.0
 10
2689.5
 20
1029.5
 30
0.0
 10
2689.5
 20
1027.8325258464545
 30
0.0
 10
2689.060978412725
 20
1026.1940749771243
 30
0.0
 10
2688.2272413359524
 20
1024.75
 30
0.0
 10
2687.3935042591797
 20
1023.3059250228757
 30
0.0
 10
2686.1940749771243
 20
1022.1064957408205
 30
0.0
 10
2684.75
 20
1021.2727586640478
 30
0.0
 10
2683.3059250228757
 20
1020.4390215872752
 30
0.0
 10
2681.6674741535453
 20
1020.0
 30
0.0
 10
2680.0
 20
1020.0
 30
0.0
  0
POLYLINE
  5
2B7
330
17
100
AcDbEntity
  8
Wall elevation
100
AcDb2dPolyline
 66
1
 10
0.0
 20
0.0
 30
0.0
 70
0
  0
VERTEX
  5
2B8
330
2B7
100
AcDbEntity
  8
Wall elevation
100
AcDbVertex
100
AcDb2dVertex
 10
2680.0
 20
1020.0
 30
0.0
 70
0
  0
VERTEX
  5
2B9
330
2B7
100
AcDbEntity
  8
Wall elevation
100
AcDbVertex
100
AcDb2dVertex
 10
2680.0
 20
1020.0
 30
0.0
 70
0
  0
SEQEND
  5
2BA
330
2B7
100
AcDbEntity
  8
Wall elevation
  0
SPLINE
  5
2BB
330
17
100
AcDbEntity
  8
Wall elevation
100
AcDbSpline
 70
0
 71
3
 72
14
 73
10
 74
0
 40
0.0
 40
0.0
 40
0.0
 40
0.0
 40
1.0
 40
1.0
 40
1.0
 40
2.0
 40
2.0
 40
2.0
 40
3.0
 40
3.0
 40
3.0
 40
3.0
 10
2680.0
 20
1020.0
 30
0.0
 10
2678.3325258464547
 20
1020.0
 30
0.0
 10
2676.6940749771243
 20
1020.4390215872752
 30
0.0
 10
2675.25
 20
1021.2727586640478
 30
0.0
 10
2673.8059250228757
 20
1022.1064957408205
 30
0.0
 10
2672.6064957408203
 20
1023.3059250228757
 30
0.0
 10
2671.7727586640476
 20
1024.75
 30
0.0
 10
2670.939021587275
 20
1026.1940749771243
 30
0.0
 10
2670.5
 20
1027.8325258464545
 30
0.0
 10
2670.5
 20
1029.5
 30
0.0
  0
POLYLINE
  5
2BC
330
17
100
AcDbEntity
  8
Wall elevation
100
AcDb2dPolyline
 66
1
 10
0.0
 20
0.0
 30
0.0
 70
0
  0
VERTEX
  5
2BD
330
2BC
100
AcDbEntity
  8
Wall elevation
100
AcDbVertex
100
AcDb2dVertex
 10
2670.5
 20
1029.5
 30
0.0
 70
0
  0
VERTEX
  5
2BE
330
2BC
100
AcDbEntity
  8
Wall elevation
100
AcDbVertex
100
AcDb2dVertex
 10
2670.5
 20
2360.5
 30
0.0
 70
0
  0
SEQEND
  5
2BF
330
2BC
100
AcDbEntity
  8
Wall elevation
  0
SPLINE
  5
2C0
330
17
100
AcDbEntity
  8
Wall elevation
100
AcDbSpline
 70
0
 71
3
 72
14
 73
10
 74
0
 40
0.0
 40
0.0
 40
0.0
 40
0.0
 40
1.0
 40
1.0
 40
1.0
 40
2.0
 40
2.0
 40
2.0
 40
3.0
 40
3.0
 40
3.0
 40
3.0
 10
2670.5
 20
2360.5
 30
0.0
 10
2670.5
 20
2362.1674741535453
 30
0.0
 10
2670.939021587275
 20
2363.8059250228757
 30
0.0
 10
2671.7727586640476
 20
2365.25
 30
0.0
 10
2672.6064957408203
 20
2366.6940749771243
 30
0.0
 10
2673.8059250228757
 20
2367.8935042591793
 30
0.0
 10
2675.25
 20
2368.7272413359524
 30
0.0
 10
2676.6940749771243
 20
2369.560978412725
 30
0.0
 10
2678.3325258464547
 20
2370.0
 30
0.0
 10
2680.0
 20
2370.0
 30
0.0
  0
POLYLINE
  5
2C1
330
17
100
AcDbEntity
  8
Wall elevation
100
AcDb2dPolyline
 66
1
 10
0.0
 20
0.0
 30
0.0
 70
0
  0
VERTEX
  5
2C2
330
2C1
100
AcDbEntity
  8
Wall elevation
100
AcDbVertex
100
AcDb2dVertex
 10
2707.14
 20
2370.0
 30
0.0
 70
0
  0
VERTEX
  5
2C3
330
2C1
100
AcDbEntity
  8
Wall elevation
100
AcDbVertex
100
AcDb2dVertex
 10
2707.14
 20
2370.0
 30
0.0
 70
0
  0
SEQEND
  5
2C4
330
2C1
100
AcDbEntity
  8
Wall elevation
  0
SPLINE
  5
2C5
330
17
100
AcDbEntity
  8
Wall elevation
100
AcDbSpline
 70
0
 71
3
 72
14
 73
10
 74
0
 40
0.0
 40
0.0
 40
0.0
 40
0.0
 40
1.0
 40
1.0
 40
1.0
 40
2.0
 40
2.0
 40
2.0
 40
3.0
 40
3.0
 40
3.0
 40
3.0
 10
2707.14
 20
2370.0
 30
0.0
 10
2708.807474153545
 20
2370.0
 30
0.0
 10
2710.4459250228756
 20
2369.560978412725
 30
0.0
 10
2711.89
 20
2368.7272413359524
 30
0.0
 10
2713.334074977124
 20
2367.8935042591793
 30
0.0
 10
2714.5335042591796
 20
2366.6940749771243
 30
0.0
 10
2715.3672413359523
 20
2365.25
 30
0.0
 10
2716.200978412725
 20
2363.8059250228757
 30
0.0
 10
2716.64
 20
2362.1674741535453
 30
0.0
 10
2716.64
 20
2360.5
 30
0.0
  0
POLYLINE
  5
2C6
330
17
100
AcDbEntity
  8
Wall elevation
100
AcDb2dPolyline
 66
1
 10
0.0
 20
0.0
 30
0.0
 70
0
  0
VERTEX
  5
2C7
330
2C6
100
AcDbEntity
  8
Wall elevation
100
AcDbVertex
100
AcDb2dVertex
 10
2716.64
 20
2360.5
 30
0.0
 70
0
  0
VERTEX
  5
2C8
330
2C6
100
AcDbEntity
  8
Wall elevation
100
AcDbVertex
100
AcDb2dVertex
 10
2716.64
 20
1029.5
 30
0.0
 70
0
  0
SEQEND
  5
2C9
330
2C6
100
AcDbEntity
  8
Wall elevation
  0
SPLINE
  5
2CA
330
17
100
AcDbEntity
  8
Wall elevation
100
AcDbSpline
 70
0
 71
3
 72
14
 73
10
 74
0
 40
0.0
 40
0.0
 40
0.0
 40
0.0
 40
1.0
 40
1.0
 40
1.0
 40
2.0
 40
2.0
 40
2.0
 40
3.0
 40
3.0
 40
3.0
 40
3.0
 10
2716.64
 20
1029.5
 30
0.0
 10
2716.64
 20
1027.8325258464545
 30
0.0
 10
2716.200978412725
 20
1026.1940749771243
 30
0.0
 10
2715.3672413359523
 20
1024.75
 30
0.0
 10
2714.5335042591796
 20
1023.3059250228757
 30
0.0
 10
2713.334074977124
 20
1022.1064957408205
 30
0.0
 10
2711.89
 20
1021.2727586640478
 30
0.0
 10
2710.4459250228756
 20
1020.4390215872752
 30
0.0
 10
2708.807474153545
 20
1020.0
 30
0.0
 10
2707.14
 20
1020.0
 30
0.0
  0
POLYLINE
  5
2CB
330
17
100
AcDbEntity
  8
Wall elevation
100
AcDb2dPolyline
 66
1
 10
0.0
 20
0.0
 30
0.0
 70
0
  0
VERTEX
  5
2CC
330
2CB
100
AcDbEntity
  8
Wall elevation
100
AcDbVertex
100
AcDb2dVertex
 10
2707.14
 20
1020.0
 30
0.0
 70
0
  0
VERTEX
  5
2CD
330
2CB
100
AcDbEntity
  8
Wall elevation
100
AcDbVertex
100
AcDb2dVertex
 10
2707.14
 20
1020.0
 30
0.0
 70
0
  0
SEQEND
  5
2CE
330
2CB
100
AcDbEntity
  8
Wall elevation
  0
SPLINE
  5
2CF
330
17
100
AcDbEntity
  8
Wall elevation
100
AcDbSpline
 70
0
 71
3
 72
14
 73
10
 74
0
 40
0.0
 40
0.0
 40
0.0
 40
0.0
 40
1.0
 40
1.0
 40
1.0
 40
2.0
 40
2.0
 40
2.0
 40
3.0
 40
3.0
 40
3.0
 40
3.0
 10
2707.14
 20
1020.0
 30
0.0
 10
2705.4725258464546
 20
1020.0
 30
0.0
 10
2703.834074977124
 20
1020.4390215872752
 30
0.0
 10
2702.39
 20
1021.2727586640478
 30
0.0
 10
2700.9459250228756
 20
1022.1064957408205
 30
0.0
 10
2699.74649574082
 20
1023.3059250228757
 30
0.0
 10
2698.9127586640475
 20
1024.75
 30
0.0
 10
2698.079021587275
 20
1026.1940749771243
 30
0.0
 10
2697.64
 20
1027.8325258464545
 30
0.0
 10
2697.64
 20
1029.5
 30
0.0
  0
POLYLINE
  5
2D0
330
17
100
AcDbEntity
  8
Wall elevation
100
AcDb2dPolyline
 66
1
 10
0.0
 20
0.0
 30
0.0
 70
0
  0
VERTEX
  5
2D1
330
2D0
100
AcDbEntity
  8
Wall elevation
100
AcDbVertex
100
AcDb2dVertex
 10
2697.64
 20
1029.5
 30
0.0
 70
0
  0
VERTEX
  5
2D2
330
2D0
100
AcDbEntity
  8
Wall elevation
100
AcDbVertex
100
AcDb2dVertex
 10
2697.64
 20
2360.5
 30
0.0
 70
0
  0
SEQEND
  5
2D3
330
2D0
100
AcDbEntity
  8
Wall elevation
  0
SPLINE
  5
2D4
330
17
100
AcDbEntity
  8
Wall elevation
100
AcDbSpline
 70
0
 71
3
 72
14
 73
10
 74
0
 40
0.0
 40
0.0
 40
0.0
 40
0.0
 40
1.0
 40
1.0
 40
1.0
 40
2.0
 40
2.0
 40
2.0
 40
3.0
 40
3.0
 40
3.0
 40
3.0
 10
2697.64
 20
2360.5
 30
0.0
 10
2697.64
 20
2362.1674741535453
 30
0.0
 10
2698.079021587275
 20
2363.8059250228757
 30
0.0
 10
2698.9127586640475
 20
2365.25
 30
0.0
 10
2699.74649574082
 20
2366.6940749771243
 30
0.0
 10
2700.9459250228756
 20
2367.8935042591793
 30
0.0
 10
2702.39
 20
2368.7272413359524
 30
0.0
 10
2703.834074977124
 20
2369.560978412725
 30
0.0
 10
2705.4725258464546
 20
2370.0
 30
0.0
 10
2707.14
 20
2370.0
 30
0.0
  0
POLYLINE
  5
2D5
330
17
100
AcDbEntity
  8
Wall elevation
100
AcDb2dPolyline
 66
1
 10
0.0
 20
0.0
 30
0.0
 70
0
  0
VERTEX
  5
2D6
330
2D5
100
AcDbEntity
  8
Wall elevation
100
AcDbVertex
100
AcDb2dVertex
 10
2734.29
 20
2370.0
 30
0.0
 70
0
  0
VERTEX
  5
2D7
330
2D5
100
AcDbEntity
  8
Wall elevation
100
AcDbVertex
100
AcDb2dVertex
 10
2734.29
 20
2370.0
 30
0.0
 70
0
  0
SEQEND
  5
2D8
330
2D5
100
AcDbEntity
  8
Wall elevation
  0
SPLINE
  5
2D9
330
17
100
AcDbEntity
  8
Wall elevation
100
AcDbSpline
 70
0
 71
3
 72
14
 73
10
 74
0
 40
0.0
 40
0.0
 40
0.0
 40
0.0
 40
1.0
 40
1.0
 40
1.0
 40
2.0
 40
2.0
 40
2.0
 40
3.0
 40
3.0
 40
3.0
 40
3.0
 10
2734.29
 20
2370.0
 30
0.0
 10
2735.9574741535453
 20
2370.0
 30
0.0
 10
2737.5959250228757
 20
2369.560978412725
 30
0.0
 10
2739.04
 20
2368.7272413359524
 30
0.0
 10
2740.4840749771242
 20
2367.8935042591793
 30
0.0
 10
2741.6835042591797
 20
2366.6940749771243
 30
0.0
 10
2742.5172413359523
 20
2365.25
 30
0.0
 10
2743.350978412725
 20
2363.8059250228757
 30
0.0
 10
2743.79
 20
2362.1674741535453
 30
0.0
 10
2743.79
 20
2360.5
 30
0.0
  0
POLYLINE
  5
2DA
330
17
100
AcDbEntity
  8
Wall elevation
100
AcDb2dPolyline
 66
1
 10
0.0
 20
0.0
 30
0.0
 70
0
  0
VERTEX
  5
2DB
330
2DA
100
AcDbEntity
  8
Wall elevation
100
AcDbVertex
100
AcDb2dVertex
 10
2743.79
 20
2360.5
 30
0.0
 70
0
  0
VERTEX
  5
2DC
330
2DA
100
AcDbEntity
  8
Wall elevation
100
AcDbVertex
100
AcDb2dVertex
 10
2743.79
 20
1029.5
 30
0.0
 70
0
  0
SEQEND
  5
2DD
330
2DA
100
AcDbEntity
  8
Wall elevation
  0
SPLINE
  5
2DE
330
17
100
AcDbEntity
  8
Wall elevation
100
AcDbSpline
 70
0
 71
3
 72
14
 73
10
 74
0
 40
0.0
 40
0.0
 40
0.0
 40
0.0
 40
1.0
 40
1.0
 40
1.0
 40
2.0
 40
2.0
 40
2.0
 40
3.0
 40
3.0
 40
3.0
 40
3.0
 10
2743.79
 20
1029.5
 30
0.0
 10
2743.79
 20
1027.8325258464545
 30
0.0
 10
2743.350978412725
 20
1026.1940749771243
 30
0.0
 10
2742.5172413359523
 20
1024.75
 30
0.0
 10
2741.6835042591797
 20
1023.3059250228757
 30
0.0
 10
2740.4840749771242
 20
1022.1064957408205
 30
0.0
 10
2739.04
 20
1021.2727586640478
 30
0.0
 10
2737.5959250228757
 20
1020.4390215872752
 30
0.0
 10
2735.9574741535453
 20
1020.0
 30
0.0
 10
2734.29
 20
1020.0
 30
0.0
  0
POLYLINE
  5
2DF
330
17
100
AcDbEntity
  8
Wall elevation
100
AcDb2dPolyline
 66
1
 10
0.0
 20
0.0
 30
0.0
 70
0
  0
VERTEX
  5
2E0
330
2DF
100
AcDbEntity
  8
Wall elevation
100
AcDbVertex
100
AcDb2dVertex
 10
2734.29
 20
1020.0
 30
0.0
 70
0
  0
VERTEX
  5
2E1
330
2DF
100
AcDbEntity
  8
Wall elevation
100
AcDbVertex
100
AcDb2dVertex
 10
2734.29
 20
1020.0
 30
0.0
 70
0
  0
SEQEND
  5
2E2
330
2DF
100
AcDbEntity
  8
Wall elevation
  0
SPLINE
  5
2E3
330
17
100
AcDbEntity
  8
Wall elevation
100
AcDbSpline
 70
0
 71
3
 72
14
 73
10
 74
0
 40
0.0
 40
0.0
 40
0.0
 40
0.0
 40
1.0
 40
1.0
 40
1.0
 40
2.0
 40
2.0
 40
2.0
 40
3.0
 40
3.0
 40
3.0
 40
3.0
 10
2734.29
 20
1020.0
 30
0.0
 10
2732.6225258464547
 20
1020.0
 30
0.0
 10
2730.9840749771242
 20
1020.4390215872752
 30
0.0
 10
2729.54
 20
1021.2727586640478
 30
0.0
 10
2728.0959250228757
 20
1022.1064957408205
 30
0.0
 10
2726.8964957408202
 20
1023.3059250228757
 30
0.0
 10
2726.0627586640476
 20
1024.75
 30
0.0
 10
2725.229021587275
 20
1026.1940749771243
 30
0.0
 10
2724.79
 20
1027.8325258464545
 30
0.0
 10
2724.79
 20
1029.5
 30
0.0
  0
POLYLINE
  5
2E4
330
17
100
AcDbEntity
  8
Wall elevation
100
AcDb2dPolyline
 66
1
 10
0.0
 20
0.0
 30
0.0
 70
0
  0
VERTEX
  5
2E5
330
2E4
100
AcDbEntity
  8
Wall elevation
100
AcDbVertex
100
AcDb2dVertex
 10
2724.79
 20
1029.5
 30
0.0
 70
0
  0
VERTEX
  5
2E6
330
2E4
100
AcDbEntity
  8
Wall elevation
100
AcDbVertex
100
AcDb2dVertex
 10
2724.79
 20
2360.5
 30
0.0
 70
0
  0
SEQEND
  5
2E7
330
2E4
100
AcDbEntity
  8
Wall elevation
  0
SPLINE
  5
2E8
330
17
100
AcDbEntity
  8
Wall elevation
100
AcDbSpline
 70
0
 71
3
 72
14
 73
10
 74
0
 40
0.0
 40
0.0
 40
0.0
 40
0.0
 40
1.0
 40
1.0
 40
1.0
 40
2.0
 40
2.0
 40
2.0
 40
3.0
 40
3.0
 40
3.0
 40
3.0
 10
2724.79
 20
2360.5
 30
0.0
 10
2724.79
 20
2362.1674741535453
 30
0.0
 10
2725.229021587275
 20
2363.8059250228757
 30
0.0
 10
2726.0627586640476
 20
2365.25
 30
0.0
 10
2726.8964957408202
 20
2366.6940749771243
 30
0.0
 10
2728.0959250228757
 20
2367.8935042591793
 30
0.0
 10
2729.54
 20
2368.7272413359524
 30
0.0
 10
2730.9840749771242
 20
2369.560978412725
 30
0.0
 10
2732.6225258464547
 20
2370.0
 30
0.0
 10
2734.29
 20
2370.0
 30
0.0
  0
POLYLINE
  5
2E9
330
17
100
AcDbEntity
  8
Wall elevation
100
AcDb2dPolyline
 66
1
 10
0.0
 20
0.0
 30
0.0
 70
0
  0
VERTEX
  5
2EA
330
2E9
100
AcDbEntity
  8
Wall elevation
100
AcDbVertex
100
AcDb2dVertex
 10
2761.43
 20
2370.0
 30
0.0
 70
0
  0
VERTEX
  5
2EB
330
2E9
100
AcDbEntity
  8
Wall elevation
100
AcDbVertex
100
AcDb2dVertex
 10
2761.43
 20
2370.0
 30
0.0
 70
0
  0
SEQEND
  5
2EC
330
2E9
100
AcDbEntity
  8
Wall elevation
  0
SPLINE
  5
2ED
330
17
100
AcDbEntity
  8
Wall elevation
100
AcDbSpline
 70
0
 71
3
 72
14
 73
10
 74
0
 40
0.0
 40
0.0
 40
0.0
 40
0.0
 40
1.0
 40
1.0
 40
1.0
 40
2.0
 40
2.0
 40
2.0
 40
3.0
 40
3.0
 40
3.0
 40
3.0
 10
2761.43
 20
2370.0
 30
0.0
 10
2763.097474153545
 20
2370.0
 30
0.0
 10
2764.7359250228756
 20
2369.560978412725
 30
0.0
 10
2766.18
 20
2368.7272413359524
 30
0.0
 10
2767.624074977124
 20
2367.8935042591793
 30
0.0
 10
2768.8235042591796
 20
2366.6940749771243
 30
0.0
 10
2769.657241335952
 20
2365.25
 30
0.0
 10
2770.490978412725
 20
2363.8059250228757
 30
0.0
 10
2770.93
 20
2362.1674741535453
 30
0.0
 10
2770.93
 20
2360.5
 30
0.0
  0
POLYLINE
  5
2EE
330
17
100
AcDbEntity
  8
Wall elevation
100
AcDb2dPolyline
 66
1
 10
0.0
 20
0.0
 30
0.0
 70
0
  0
VERTEX
  5
2EF
330
2EE
100
AcDbEntity
  8
Wall elevation
100
AcDbVertex
100
AcDb2dVertex
 10
2770.93
 20
2360.5
 30
0.0
 70
0
  0
VERTEX
  5
2F0
330
2EE
100
AcDbEntity
  8
Wall elevation
100
AcDbVertex
100
AcDb2dVertex
 10
2770.93
 20
1029.5
 30
0.0
 70
0
  0
SEQEND
  5
2F1
330
2EE
100
AcDbEntity
  8
Wall elevation
  0
SPLINE
  5
2F2
330
17
100
AcDbEntity
  8
Wall elevation
100
AcDbSpline
 70
0
 71
3
 72
14
 73
10
 74
0
 40
0.0
 40
0.0
 40
0.0
 40
0.0
 40
1.0
 40
1.0
 40
1.0
 40
2.0
 40
2.0
 40
2.0
 40
3.0
 40
3.0
 40
3.0
 40
3.0
 10
2770.93
 20
1029.5
 30
0.0
 10
2770.93
 20
1027.8325258464545
 30
0.0
 10
2770.490978412725
 20
1026.1940749771243
 30
0.0
 10
2769.657241335952
 20
1024.75
 30
0.0
 10
2768.8235042591796
 20
1023.3059250228757
 30
0.0
 10
2767.624074977124
 20
1022.1064957408205
 30
0.0
 10
2766.18
 20
1021.2727586640478
 30
0.0
 10
2764.7359250228756
 20
1020.4390215872752
 30
0.0
 10
2763.097474153545
 20
1020.0
 30
0.0
 10
2761.43
 20
1020.0
 30
0.0
  0
POLYLINE
  5
2F3
330
17
100
AcDbEntity
  8
Wall elevation
100
AcDb2dPolyline
 66
1
 10
0.0
 20
0.0
 30
0.0
 70
0
  0
VERTEX
  5
2F4
330
2F3
100
AcDbEntity
  8
Wall elevation
100
AcDbVertex
100
AcDb2dVertex
 10
2761.43
 20
1020.0
 30
0.0
 70
0
  0
VERTEX
  5
2F5
330
2F3
100
AcDbEntity
  8
Wall elevation
100
AcDbVertex
100
AcDb2dVertex
 10
2761.43
 20
1020.0
 30
0.0
 70
0
  0
SEQEND
  5
2F6
330
2F3
100
AcDbEntity
  8
Wall elevation
  0
SPLINE
  5
2F7
330
17
100
AcDbEntity
  8
Wall elevation
100
AcDbSpline
 70
0
 71
3
 72
14
 73
10
 74
0
 40
0.0
 40
0.0
 40
0.0
 40
0.0
 40
1.0
 40
1.0
 40
1.0
 40
2.0
 40
2.0
 40
2.0
 40
3.0
 40
3.0
 40
3.0
 40
3.0
 10
2761.43
 20
1020.0
 30
0.0
 10
2759.7625258464545
 20
1020.0
 30
0.0
 10
2758.124074977124
 20
1020.4390215872752
 30
0.0
 10
2756.68
 20
1021.2727586640478
 30
0.0
 10
2755.2359250228756
 20
1022.1064957408205
 30
0.0
 10
2754.03649574082
 20
1023.3059250228757
 30
0.0
 10
2753.2027586640475
 20
1024.75
 30
0.0
 10
2752.369021587275
 20
1026.1940749771243
 30
0.0
 10
2751.93
 20
1027.8325258464545
 30
0.0
 10
2751.93
 20
1029.5
 30
0.0
  0
POLYLINE
  5
2F8
330
17
100
AcDbEntity
  8
Wall elevation
100
AcDb2dPolyline
 66
1
 10
0.0
 20
0.0
 30
0.0
 70
0
  0
VERTEX
  5
2F9
330
2F8
100
AcDbEntity
  8
Wall elevation
100
AcDbVertex
100
AcDb2dVertex
 10
2751.93
 20
1029.5
 30
0.0
 70
0
  0
VERTEX
  5
2FA
330
2F8
100
AcDbEntity
  8
Wall elevation
100
AcDbVertex
100
AcDb2dVertex
 10
2751.93
 20
2360.5
 30
0.0
 70
0
  0
SEQEND
  5
2FB
330
2F8
100
AcDbEntity
  8
Wall elevation
  0
SPLINE
  5
2FC
330
17
100
AcDbEntity
  8
Wall elevation
100
AcDbSpline
 70
0
 71
3
 72
14
 73
10
 74
0
 40
0.0
 40
0.0
 40
0.0
 40
0.0
 40
1.0
 40
1.0
 40
1.0
 40
2.0
 40
2.0
 40
2.0
 40
3.0
 40
3.0
 40
3.0
 40
3.0
 10
2751.93
 20
2360.5
 30
0.0
 10
2751.93
 20
2362.1674741535453
 30
0.0
 10
2752.369021587275
 20
2363.8059250228757
 30
0.0
 10
2753.2027586640475
 20
2365.25
 30
0.0
 10
2754.03649574082
 20
2366.6940749771243
 30
0.0
 10
2755.2359250228756
 20
2367.8935042591793
 30
0.0
 10
2756.68
 20
2368.7272413359524
 30
0.0
 10
2758.124074977124
 20
2369.560978412725
 30
0.0
 10
2759.7625258464545
 20
2370.0
 30
0.0
 10
2761.43
 20
2370.0
 30
0.0
  0
LWPOLYLINE
  5
2FD
330
17
100
AcDbEntity
  8
Wall elevation
100
AcDbPolyline
 90
5
 70
0
 10
2566.0
 20
2415.0
 10
2794.0
 20
2415.0
 10
2794.0
 20
2393.0
 10
2566.0
 20
2393.0
 10
2566.0
 20
2415.0
  0
LINE
  5
2FE
330
17
100
AcDbEntity
  8
Wall elevation
100
AcDbLine
 10
2566.0
 20
2404.0
 30
0.0
 11
2794.0
 21
2404.0
 31
0.0
  0
SPLINE
  5
2FF
330
17
100
AcDbEntity
  8
Wall elevation
100
AcDbSpline
 70
0
 71
3
 72
8
 73
4
 74
0
 40
0.0
 40
0.0
 40
0.0
 40
0.0
 40
1.0
 40
1.0
 40
1.0
 40
1.0
 10
2570.0
 20
2415.0
 30
0.0
 10
2564.0
 20
2505.0
 30
0.0
 10
2552.0
 20
2555.0
 30
0.0
 10
2548.0
 20
2560.0
 30
0.0
  0
SPLINE
  5
300
330
17
100
AcDbEntity
  8
Wall elevation
100
AcDbSpline
 70
0
 71
3
 72
8
 73
4
 74
0
 40
0.0
 40
0.0
 40
0.0
 40
0.0
 40
1.0
 40
1.0
 40
1.0
 40
1.0
 10
2790.0
 20
2415.0
 30
0.0
 10
2796.0
 20
2505.0
 30
0.0
 10
2808.0
 20
2555.0
 30
0.0
 10
2812.0
 20
2560.0
 30
0.0
  0
LWPOLYLINE
  5
301
330
17
100
AcDbEntity
  8
Wall elevation
100
AcDbPolyline
 90
50
 70
0
 10
2642.0
 20
2445.0
 10
2635.32
 20
2449.37
 10
2629.91
 20
2453.75
 10
2625.45
 20
2458.12
 10
2622.58
 20
2462.5
 10
2621.64
 20
2466.87
 10
2622.54
 20
2471.25
 10
2623.83
 20
2475.62
 10
2620.33
 20
2480.0
 10
2617.87
 20
2484.37
 10
2617.02
 20
2488.75
 10
2617.97
 20
2493.12
 10
2620.5
 20
2497.5
 10
2624.04
 20
2501.87
 10
2626.35
 20
2506.25
 10
2625.38
 20
2510.62
 10
2625.52
 20
2515.0
 10
2626.89
 20
2519.37
 10
2629.25
 20
2523.75
 10
2632.17
 20
2528.12
 10
2635.13
 20
2532.5
 10
2637.0
 20
2536.87
 10
2638.21
 20
2541.25
 10
2639.96
 20
2545.62
 10
2642.0
 20
2550.0
 10
2642.0
 20
2550.0
 10
2644.04
 20
2545.62
 10
2645.79
 20
2541.25
 10
2647.0
 20
2536.87
 10
2648.87
 20
2532.5
 10
2651.83
 20
2528.12
 10
2654.75
 20
2523.75
 10
2657.11
 20
2519.37
 10
2658.48
 20
2515.0
 10
2658.62
 20
2510.62
 10
2657.65
 20
2506.25
 10
2659.96
 20
2501.87
 10
2663.5
 20
2497.5
 10
2666.03
 20
2493.12
 10
2666.98
 20
2488.75
 10
2666.13
 20
2484.37
 10
2663.67
 20
2480.0
 10
2660.17
 20
2475.62
 10
2661.46
 20
2471.25
 10
2662.36
 20
2466.87
 10
2661.42
 20
2462.5
 10
2658.55
 20
2458.12
 10
2654.09
 20
2453.75
 10
2648.68
 20
2449.37
 10
2642.0
 20
2445.0
  0
SPLINE
  5
302
330
17
100
AcDbEntity
  8
Wall elevation
100
AcDbSpline
 70
0
 71
3
 72
8
 73
4
 74
0
 40
0.0
 40
0.0
 40
0.0
 40
0.0
 40
1.0
 40
1.0
 40
1.0
 40
1.0
 10
2642.0
 20
2445.0
 30
0.0
 10
2643.866666666667
 20
2480.0
 30
0.0
 10
2643.866666666667
 20
2512.2
 30
0.0
 10
2642.0
 20
2541.6
 30
0.0
  0
SPLINE
  5
303
330
17
100
AcDbEntity
  8
Wall elevation
100
AcDbSpline
 70
0
 71
3
 72
8
 73
4
 74
0
 40
0.0
 40
0.0
 40
0.0
 40
0.0
 40
1.0
 40
1.0
 40
1.0
 40
1.0
 10
2642.0
 20
2474.4
 30
0.0
 10
2636.4
 20
2477.2
 30
0.0
 10
2630.7999999999997
 20
2481.4
 30
0.0
 10
2625.2
 20
2487.0
 30
0.0
  0
SPLINE
  5
304
330
17
100
AcDbEntity
  8
Wall elevation
100
AcDbSpline
 70
0
 71
3
 72
8
 73
4
 74
0
 40
0.0
 40
0.0
 40
0.0
 40
0.0
 40
1.0
 40
1.0
 40
1.0
 40
1.0
 10
2642.0
 20
2474.4
 30
0.0
 10
2647.6
 20
2477.2
 30
0.0
 10
2653.2000000000003
 20
2481.4
 30
0.0
 10
2658.8
 20
2487.0
 30
0.0
  0
SPLINE
  5
305
330
17
100
AcDbEntity
  8
Wall elevation
100
AcDbSpline
 70
0
 71
3
 72
8
 73
4
 74
0
 40
0.0
 40
0.0
 40
0.0
 40
0.0
 40
1.0
 40
1.0
 40
1.0
 40
1.0
 10
2642.0
 20
2497.5
 30
0.0
 10
2636.4
 20
2500.2999999999997
 30
0.0
 10
2630.7999999999997
 20
2504.5
 30
0.0
 10
2625.2
 20
2510.1
 30
0.0
  0
SPLINE
  5
306
330
17
100
AcDbEntity
  8
Wall elevation
100
AcDbSpline
 70
0
 71
3
 72
8
 73
4
 74
0
 40
0.0
 40
0.0
 40
0.0
 40
0.0
 40
1.0
 40
1.0
 40
1.0
 40
1.0
 10
2642.0
 20
2497.5
 30
0.0
 10
2647.6
 20
2500.2999999999997
 30
0.0
 10
2653.2000000000003
 20
2504.5
 30
0.0
 10
2658.8
 20
2510.1
 30
0.0
  0
SPLINE
  5
307
330
17
100
AcDbEntity
  8
Wall elevation
100
AcDbSpline
 70
0
 71
3
 72
8
 73
4
 74
0
 40
0.0
 40
0.0
 40
0.0
 40
0.0
 40
1.0
 40
1.0
 40
1.0
 40
1.0
 10
2642.0
 20
2518.5
 30
0.0
 10
2636.4
 20
2521.2999999999997
 30
0.0
 10
2630.7999999999997
 20
2525.5
 30
0.0
 10
2625.2
 20
2531.1
 30
0.0
  0
SPLINE
  5
308
330
17
100
AcDbEntity
  8
Wall elevation
100
AcDbSpline
 70
0
 71
3
 72
8
 73
4
 74
0
 40
0.0
 40
0.0
 40
0.0
 40
0.0
 40
1.0
 40
1.0
 40
1.0
 40
1.0
 10
2642.0
 20
2518.5
 30
0.0
 10
2647.6
 20
2521.2999999999997
 30
0.0
 10
2653.2000000000003
 20
2525.5
 30
0.0
 10
2658.8
 20
2531.1
 30
0.0
  0
LWPOLYLINE
  5
309
330
17
100
AcDbEntity
  8
Wall elevation
100
AcDbPolyline
 90
50
 70
0
 10
2718.0
 20
2445.0
 10
2711.32
 20
2449.37
 10
2705.91
 20
2453.75
 10
2701.45
 20
2458.12
 10
2698.58
 20
2462.5
 10
2697.64
 20
2466.87
 10
2698.54
 20
2471.25
 10
2699.83
 20
2475.62
 10
2696.33
 20
2480.0
 10
2693.87
 20
2484.37
 10
2693.02
 20
2488.75
 10
2693.97
 20
2493.12
 10
2696.5
 20
2497.5
 10
2700.04
 20
2501.87
 10
2702.35
 20
2506.25
 10
2701.38
 20
2510.62
 10
2701.52
 20
2515.0
 10
2702.89
 20
2519.37
 10
2705.25
 20
2523.75
 10
2708.17
 20
2528.12
 10
2711.13
 20
2532.5
 10
2713.0
 20
2536.87
 10
2714.21
 20
2541.25
 10
2715.96
 20
2545.62
 10
2718.0
 20
2550.0
 10
2718.0
 20
2550.0
 10
2720.04
 20
2545.62
 10
2721.79
 20
2541.25
 10
2723.0
 20
2536.87
 10
2724.87
 20
2532.5
 10
2727.83
 20
2528.12
 10
2730.75
 20
2523.75
 10
2733.11
 20
2519.37
 10
2734.48
 20
2515.0
 10
2734.62
 20
2510.62
 10
2733.65
 20
2506.25
 10
2735.96
 20
2501.87
 10
2739.5
 20
2497.5
 10
2742.03
 20
2493.12
 10
2742.98
 20
2488.75
 10
2742.13
 20
2484.37
 10
2739.67
 20
2480.0
 10
2736.17
 20
2475.62
 10
2737.46
 20
2471.25
 10
2738.36
 20
2466.87
 10
2737.42
 20
2462.5
 10
2734.55
 20
2458.12
 10
2730.09
 20
2453.75
 10
2724.68
 20
2449.37
 10
2718.0
 20
2445.0
  0
SPLINE
  5
30A
330
17
100
AcDbEntity
  8
Wall elevation
100
AcDbSpline
 70
0
 71
3
 72
8
 73
4
 74
0
 40
0.0
 40
0.0
 40
0.0
 40
0.0
 40
1.0
 40
1.0
 40
1.0
 40
1.0
 10
2718.0
 20
2445.0
 30
0.0
 10
2719.866666666667
 20
2480.0
 30
0.0
 10
2719.866666666667
 20
2512.2
 30
0.0
 10
2718.0
 20
2541.6
 30
0.0
  0
SPLINE
  5
30B
330
17
100
AcDbEntity
  8
Wall elevation
100
AcDbSpline
 70
0
 71
3
 72
8
 73
4
 74
0
 40
0.0
 40
0.0
 40
0.0
 40
0.0
 40
1.0
 40
1.0
 40
1.0
 40
1.0
 10
2718.0
 20
2474.4
 30
0.0
 10
2712.4
 20
2477.2
 30
0.0
 10
2706.7999999999997
 20
2481.4
 30
0.0
 10
2701.2
 20
2487.0
 30
0.0
  0
SPLINE
  5
30C
330
17
100
AcDbEntity
  8
Wall elevation
100
AcDbSpline
 70
0
 71
3
 72
8
 73
4
 74
0
 40
0.0
 40
0.0
 40
0.0
 40
0.0
 40
1.0
 40
1.0
 40
1.0
 40
1.0
 10
2718.0
 20
2474.4
 30
0.0
 10
2723.6
 20
2477.2
 30
0.0
 10
2729.2000000000003
 20
2481.4
 30
0.0
 10
2734.8
 20
2487.0
 30
0.0
  0
SPLINE
  5
30D
330
17
100
AcDbEntity
  8
Wall elevation
100
AcDbSpline
 70
0
 71
3
 72
8
 73
4
 74
0
 40
0.0
 40
0.0
 40
0.0
 40
0.0
 40
1.0
 40
1.0
 40
1.0
 40
1.0
 10
2718.0
 20
2497.5
 30
0.0
 10
2712.4
 20
2500.2999999999997
 30
0.0
 10
2706.7999999999997
 20
2504.5
 30
0.0
 10
2701.2
 20
2510.1
 30
0.0
  0
SPLINE
  5
30E
330
17
100
AcDbEntity
  8
Wall elevation
100
AcDbSpline
 70
0
 71
3
 72
8
 73
4
 74
0
 40
0.0
 40
0.0
 40
0.0
 40
0.0
 40
1.0
 40
1.0
 40
1.0
 40
1.0
 10
2718.0
 20
2497.5
 30
0.0
 10
2723.6
 20
2500.2999999999997
 30
0.0
 10
2729.2000000000003
 20
2504.5
 30
0.0
 10
2734.8
 20
2510.1
 30
0.0
  0
SPLINE
  5
30F
330
17
100
AcDbEntity
  8
Wall elevation
100
AcDbSpline
 70
0
 71
3
 72
8
 73
4
 74
0
 40
0.0
 40
0.0
 40
0.0
 40
0.0
 40
1.0
 40
1.0
 40
1.0
 40
1.0
 10
2718.0
 20
2518.5
 30
0.0
 10
2712.4
 20
2521.2999999999997
 30
0.0
 10
2706.7999999999997
 20
2525.5
 30
0.0
 10
2701.2
 20
2531.1
 30
0.0
  0
SPLINE
  5
310
330
17
100
AcDbEntity
  8
Wall elevation
100
AcDbSpline
 70
0
 71
3
 72
8
 73
4
 74
0
 40
0.0
 40
0.0
 40
0.0
 40
0.0
 40
1.0
 40
1.0
 40
1.0
 40
1.0
 10
2718.0
 20
2518.5
 30
0.0
 10
2723.6
 20
2521.2999999999997
 30
0.0
 10
2729.2000000000003
 20
2525.5
 30
0.0
 10
2734.8
 20
2531.1
 30
0.0
  0
LWPOLYLINE
  5
311
330
17
100
AcDbEntity
  8
Wall elevation
100
AcDbPolyline
 90
50
 70
0
 10
2606.0
 20
2417.0
 10
2599.56
 20
2420.25
 10
2594.34
 20
2423.5
 10
2590.04
 20
2426.75
 10
2587.27
 20
2430.0
 10
2586.37
 20
2433.25
 10
2587.24
 20
2436.5
 10
2588.48
 20
2439.75
 10
2585.11
 20
2443.0
 10
2582.74
 20
2446.25
 10
2581.91
 20
2449.5
 10
2582.83
 20
2452.75
 10
2585.26
 20
2456.0
 10
2588.68
 20
2459.25
 10
2590.91
 20
2462.5
 10
2589.97
 20
2465.75
 10
2590.11
 20
2469.0
 10
2591.43
 20
2472.25
 10
2593.71
 20
2475.5
 10
2596.52
 20
2478.75
 10
2599.38
 20
2482.0
 10
2601.18
 20
2485.25
 10
2602.35
 20
2488.5
 10
2604.04
 20
2491.75
 10
2606.0
 20
2495.0
 10
2606.0
 20
2495.0
 10
2607.96
 20
2491.75
 10
2609.65
 20
2488.5
 10
2610.82
 20
2485.25
 10
2612.62
 20
2482.0
 10
2615.48
 20
2478.75
 10
2618.29
 20
2475.5
 10
2620.57
 20
2472.25
 10
2621.89
 20
2469.0
 10
2622.03
 20
2465.75
 10
2621.09
 20
2462.5
 10
2623.32
 20
2459.25
 10
2626.74
 20
2456.0
 10
2629.17
 20
2452.75
 10
2630.09
 20
2449.5
 10
2629.26
 20
2446.25
 10
2626.89
 20
2443.0
 10
2623.52
 20
2439.75
 10
2624.76
 20
2436.5
 10
2625.63
 20
2433.25
 10
2624.73
 20
2430.0
 10
2621.96
 20
2426.75
 10
2617.66
 20
2423.5
 10
2612.44
 20
2420.25
 10
2606.0
 20
2417.0
  0
SPLINE
  5
312
330
17
100
AcDbEntity
  8
Wall elevation
100
AcDbSpline
 70
0
 71
3
 72
8
 73
4
 74
0
 40
0.0
 40
0.0
 40
0.0
 40
0.0
 40
1.0
 40
1.0
 40
1.0
 40
1.0
 10
2606.0
 20
2417.0
 30
0.0
 10
2607.7999999999997
 20
2443.0
 30
0.0
 10
2607.7999999999997
 20
2466.92
 30
0.0
 10
2606.0
 20
2488.76
 30
0.0
  0
SPLINE
  5
313
330
17
100
AcDbEntity
  8
Wall elevation
100
AcDbSpline
 70
0
 71
3
 72
8
 73
4
 74
0
 40
0.0
 40
0.0
 40
0.0
 40
0.0
 40
1.0
 40
1.0
 40
1.0
 40
1.0
 10
2606.0
 20
2438.84
 30
0.0
 10
2600.6
 20
2440.92
 30
0.0
 10
2595.2000000000003
 20
2444.04
 30
0.0
 10
2589.8
 20
2448.2
 30
0.0
  0
SPLINE
  5
314
330
17
100
AcDbEntity
  8
Wall elevation
100
AcDbSpline
 70
0
 71
3
 72
8
 73
4
 74
0
 40
0.0
 40
0.0
 40
0.0
 40
0.0
 40
1.0
 40
1.0
 40
1.0
 40
1.0
 10
2606.0
 20
2438.84
 30
0.0
 10
2611.4
 20
2440.92
 30
0.0
 10
2616.7999999999997
 20
2444.04
 30
0.0
 10
2622.2
 20
2448.2
 30
0.0
  0
SPLINE
  5
315
330
17
100
AcDbEntity
  8
Wall elevation
100
AcDbSpline
 70
0
 71
3
 72
8
 73
4
 74
0
 40
0.0
 40
0.0
 40
0.0
 40
0.0
 40
1.0
 40
1.0
 40
1.0
 40
1.0
 10
2606.0
 20
2456.0
 30
0.0
 10
2600.6
 20
2458.08
 30
0.0
 10
2595.2000000000003
 20
2461.2
 30
0.0
 10
2589.8
 20
2465.36
 30
0.0
  0
SPLINE
  5
316
330
17
100
AcDbEntity
  8
Wall elevation
100
AcDbSpline
 70
0
 71
3
 72
8
 73
4
 74
0
 40
0.0
 40
0.0
 40
0.0
 40
0.0
 40
1.0
 40
1.0
 40
1.0
 40
1.0
 10
2606.0
 20
2456.0
 30
0.0
 10
2611.4
 20
2458.08
 30
0.0
 10
2616.7999999999997
 20
2461.2
 30
0.0
 10
2622.2
 20
2465.36
 30
0.0
  0
SPLINE
  5
317
330
17
100
AcDbEntity
  8
Wall elevation
100
AcDbSpline
 70
0
 71
3
 72
8
 73
4
 74
0
 40
0.0
 40
0.0
 40
0.0
 40
0.0
 40
1.0
 40
1.0
 40
1.0
 40
1.0
 10
2606.0
 20
2471.6
 30
0.0
 10
2600.6
 20
2473.6800000000003
 30
0.0
 10
2595.2000000000003
 20
2476.8
 30
0.0
 10
2589.8
 20
2480.96
 30
0.0
  0
SPLINE
  5
318
330
17
100
AcDbEntity
  8
Wall elevation
100
AcDbSpline
 70
0
 71
3
 72
8
 73
4
 74
0
 40
0.0
 40
0.0
 40
0.0
 40
0.0
 40
1.0
 40
1.0
 40
1.0
 40
1.0
 10
2606.0
 20
2471.6
 30
0.0
 10
2611.4
 20
2473.6800000000003
 30
0.0
 10
2616.7999999999997
 20
2476.8
 30
0.0
 10
2622.2
 20
2480.96
 30
0.0
  0
LWPOLYLINE
  5
319
330
17
100
AcDbEntity
  8
Wall elevation
100
AcDbPolyline
 90
50
 70
0
 10
2680.0
 20
2417.0
 10
2673.56
 20
2420.25
 10
2668.34
 20
2423.5
 10
2664.04
 20
2426.75
 10
2661.27
 20
2430.0
 10
2660.37
 20
2433.25
 10
2661.24
 20
2436.5
 10
2662.48
 20
2439.75
 10
2659.11
 20
2443.0
 10
2656.74
 20
2446.25
 10
2655.91
 20
2449.5
 10
2656.83
 20
2452.75
 10
2659.26
 20
2456.0
 10
2662.68
 20
2459.25
 10
2664.91
 20
2462.5
 10
2663.97
 20
2465.75
 10
2664.11
 20
2469.0
 10
2665.43
 20
2472.25
 10
2667.71
 20
2475.5
 10
2670.52
 20
2478.75
 10
2673.38
 20
2482.0
 10
2675.18
 20
2485.25
 10
2676.35
 20
2488.5
 10
2678.04
 20
2491.75
 10
2680.0
 20
2495.0
 10
2680.0
 20
2495.0
 10
2681.96
 20
2491.75
 10
2683.65
 20
2488.5
 10
2684.82
 20
2485.25
 10
2686.62
 20
2482.0
 10
2689.48
 20
2478.75
 10
2692.29
 20
2475.5
 10
2694.57
 20
2472.25
 10
2695.89
 20
2469.0
 10
2696.03
 20
2465.75
 10
2695.09
 20
2462.5
 10
2697.32
 20
2459.25
 10
2700.74
 20
2456.0
 10
2703.17
 20
2452.75
 10
2704.09
 20
2449.5
 10
2703.26
 20
2446.25
 10
2700.89
 20
2443.0
 10
2697.52
 20
2439.75
 10
2698.76
 20
2436.5
 10
2699.63
 20
2433.25
 10
2698.73
 20
2430.0
 10
2695.96
 20
2426.75
 10
2691.66
 20
2423.5
 10
2686.44
 20
2420.25
 10
2680.0
 20
2417.0
  0
SPLINE
  5
31A
330
17
100
AcDbEntity
  8
Wall elevation
100
AcDbSpline
 70
0
 71
3
 72
8
 73
4
 74
0
 40
0.0
 40
0.0
 40
0.0
 40
0.0
 40
1.0
 40
1.0
 40
1.0
 40
1.0
 10
2680.0
 20
2417.0
 30
0.0
 10
2681.7999999999997
 20
2443.0
 30
0.0
 10
2681.7999999999997
 20
2466.92
 30
0.0
 10
2680.0
 20
2488.76
 30
0.0
  0
SPLINE
  5
31B
330
17
100
AcDbEntity
  8
Wall elevation
100
AcDbSpline
 70
0
 71
3
 72
8
 73
4
 74
0
 40
0.0
 40
0.0
 40
0.0
 40
0.0
 40
1.0
 40
1.0
 40
1.0
 40
1.0
 10
2680.0
 20
2438.84
 30
0.0
 10
2674.6
 20
2440.92
 30
0.0
 10
2669.2000000000003
 20
2444.04
 30
0.0
 10
2663.8
 20
2448.2
 30
0.0
  0
SPLINE
  5
31C
330
17
100
AcDbEntity
  8
Wall elevation
100
AcDbSpline
 70
0
 71
3
 72
8
 73
4
 74
0
 40
0.0
 40
0.0
 40
0.0
 40
0.0
 40
1.0
 40
1.0
 40
1.0
 40
1.0
 10
2680.0
 20
2438.84
 30
0.0
 10
2685.4
 20
2440.92
 30
0.0
 10
2690.7999999999997
 20
2444.04
 30
0.0
 10
2696.2
 20
2448.2
 30
0.0
  0
SPLINE
  5
31D
330
17
100
AcDbEntity
  8
Wall elevation
100
AcDbSpline
 70
0
 71
3
 72
8
 73
4
 74
0
 40
0.0
 40
0.0
 40
0.0
 40
0.0
 40
1.0
 40
1.0
 40
1.0
 40
1.0
 10
2680.0
 20
2456.0
 30
0.0
 10
2674.6
 20
2458.08
 30
0.0
 10
2669.2000000000003
 20
2461.2
 30
0.0
 10
2663.8
 20
2465.36
 30
0.0
  0
SPLINE
  5
31E
330
17
100
AcDbEntity
  8
Wall elevation
100
AcDbSpline
 70
0
 71
3
 72
8
 73
4
 74
0
 40
0.0
 40
0.0
 40
0.0
 40
0.0
 40
1.0
 40
1.0
 40
1.0
 40
1.0
 10
2680.0
 20
2456.0
 30
0.0
 10
2685.4
 20
2458.08
 30
0.0
 10
2690.7999999999997
 20
2461.2
 30
0.0
 10
2696.2
 20
2465.36
 30
0.0
  0
SPLINE
  5
31F
330
17
100
AcDbEntity
  8
Wall elevation
100
AcDbSpline
 70
0
 71
3
 72
8
 73
4
 74
0
 40
0.0
 40
0.0
 40
0.0
 40
0.0
 40
1.0
 40
1.0
 40
1.0
 40
1.0
 10
2680.0
 20
2471.6
 30
0.0
 10
2674.6
 20
2473.6800000000003
 30
0.0
 10
2669.2000000000003
 20
2476.8
 30
0.0
 10
2663.8
 20
2480.96
 30
0.0
  0
SPLINE
  5
320
330
17
100
AcDbEntity
  8
Wall elevation
100
AcDbSpline
 70
0
 71
3
 72
8
 73
4
 74
0
 40
0.0
 40
0.0
 40
0.0
 40
0.0
 40
1.0
 40
1.0
 40
1.0
 40
1.0
 10
2680.0
 20
2471.6
 30
0.0
 10
2685.4
 20
2473.6800000000003
 30
0.0
 10
2690.7999999999997
 20
2476.8
 30
0.0
 10
2696.2
 20
2480.96
 30
0.0
  0
LWPOLYLINE
  5
321
330
17
100
AcDbEntity
  8
Wall elevation
100
AcDbPolyline
 90
50
 70
0
 10
2754.0
 20
2417.0
 10
2747.56
 20
2420.25
 10
2742.34
 20
2423.5
 10
2738.04
 20
2426.75
 10
2735.27
 20
2430.0
 10
2734.37
 20
2433.25
 10
2735.24
 20
2436.5
 10
2736.48
 20
2439.75
 10
2733.11
 20
2443.0
 10
2730.74
 20
2446.25
 10
2729.91
 20
2449.5
 10
2730.83
 20
2452.75
 10
2733.26
 20
2456.0
 10
2736.68
 20
2459.25
 10
2738.91
 20
2462.5
 10
2737.97
 20
2465.75
 10
2738.11
 20
2469.0
 10
2739.43
 20
2472.25
 10
2741.71
 20
2475.5
 10
2744.52
 20
2478.75
 10
2747.38
 20
2482.0
 10
2749.18
 20
2485.25
 10
2750.35
 20
2488.5
 10
2752.04
 20
2491.75
 10
2754.0
 20
2495.0
 10
2754.0
 20
2495.0
 10
2755.96
 20
2491.75
 10
2757.65
 20
2488.5
 10
2758.82
 20
2485.25
 10
2760.62
 20
2482.0
 10
2763.48
 20
2478.75
 10
2766.29
 20
2475.5
 10
2768.57
 20
2472.25
 10
2769.89
 20
2469.0
 10
2770.03
 20
2465.75
 10
2769.09
 20
2462.5
 10
2771.32
 20
2459.25
 10
2774.74
 20
2456.0
 10
2777.17
 20
2452.75
 10
2778.09
 20
2449.5
 10
2777.26
 20
2446.25
 10
2774.89
 20
2443.0
 10
2771.52
 20
2439.75
 10
2772.76
 20
2436.5
 10
2773.63
 20
2433.25
 10
2772.73
 20
2430.0
 10
2769.96
 20
2426.75
 10
2765.66
 20
2423.5
 10
2760.44
 20
2420.25
 10
2754.0
 20
2417.0
  0
SPLINE
  5
322
330
17
100
AcDbEntity
  8
Wall elevation
100
AcDbSpline
 70
0
 71
3
 72
8
 73
4
 74
0
 40
0.0
 40
0.0
 40
0.0
 40
0.0
 40
1.0
 40
1.0
 40
1.0
 40
1.0
 10
2754.0
 20
2417.0
 30
0.0
 10
2755.7999999999997
 20
2443.0
 30
0.0
 10
2755.7999999999997
 20
2466.92
 30
0.0
 10
2754.0
 20
2488.76
 30
0.0
  0
SPLINE
  5
323
330
17
100
AcDbEntity
  8
Wall elevation
100
AcDbSpline
 70
0
 71
3
 72
8
 73
4
 74
0
 40
0.0
 40
0.0
 40
0.0
 40
0.0
 40
1.0
 40
1.0
 40
1.0
 40
1.0
 10
2754.0
 20
2438.84
 30
0.0
 10
2748.6
 20
2440.92
 30
0.0
 10
2743.2000000000003
 20
2444.04
 30
0.0
 10
2737.8
 20
2448.2
 30
0.0
  0
SPLINE
  5
324
330
17
100
AcDbEntity
  8
Wall elevation
100
AcDbSpline
 70
0
 71
3
 72
8
 73
4
 74
0
 40
0.0
 40
0.0
 40
0.0
 40
0.0
 40
1.0
 40
1.0
 40
1.0
 40
1.0
 10
2754.0
 20
2438.84
 30
0.0
 10
2759.4
 20
2440.92
 30
0.0
 10
2764.7999999999997
 20
2444.04
 30
0.0
 10
2770.2
 20
2448.2
 30
0.0
  0
SPLINE
  5
325
330
17
100
AcDbEntity
  8
Wall elevation
100
AcDbSpline
 70
0
 71
3
 72
8
 73
4
 74
0
 40
0.0
 40
0.0
 40
0.0
 40
0.0
 40
1.0
 40
1.0
 40
1.0
 40
1.0
 10
2754.0
 20
2456.0
 30
0.0
 10
2748.6
 20
2458.08
 30
0.0
 10
2743.2000000000003
 20
2461.2
 30
0.0
 10
2737.8
 20
2465.36
 30
0.0
  0
SPLINE
  5
326
330
17
100
AcDbEntity
  8
Wall elevation
100
AcDbSpline
 70
0
 71
3
 72
8
 73
4
 74
0
 40
0.0
 40
0.0
 40
0.0
 40
0.0
 40
1.0
 40
1.0
 40
1.0
 40
1.0
 10
2754.0
 20
2456.0
 30
0.0
 10
2759.4
 20
2458.08
 30
0.0
 10
2764.7999999999997
 20
2461.2
 30
0.0
 10
2770.2
 20
2465.36
 30
0.0
  0
SPLINE
  5
327
330
17
100
AcDbEntity
  8
Wall elevation
100
AcDbSpline
 70
0
 71
3
 72
8
 73
4
 74
0
 40
0.0
 40
0.0
 40
0.0
 40
0.0
 40
1.0
 40
1.0
 40
1.0
 40
1.0
 10
2754.0
 20
2471.6
 30
0.0
 10
2748.6
 20
2473.6800000000003
 30
0.0
 10
2743.2000000000003
 20
2476.8
 30
0.0
 10
2737.8
 20
2480.96
 30
0.0
  0
SPLINE
  5
328
330
17
100
AcDbEntity
  8
Wall elevation
100
AcDbSpline
 70
0
 71
3
 72
8
 73
4
 74
0
 40
0.0
 40
0.0
 40
0.0
 40
0.0
 40
1.0
 40
1.0
 40
1.0
 40
1.0
 10
2754.0
 20
2471.6
 30
0.0
 10
2759.4
 20
2473.6800000000003
 30
0.0
 10
2764.7999999999997
 20
2476.8
 30
0.0
 10
2770.2
 20
2480.96
 30
0.0
  0
LWPOLYLINE
  5
329
330
17
100
AcDbEntity
  8
Wall elevation
100
AcDbPolyline
 90
26
 70
0
 10
2566.0
 20
2559.0
 10
2560.19
 20
2557.49
 10
2555.19
 20
2554.52
 10
2551.33
 20
2550.43
 10
2548.85
 20
2545.6
 10
2547.85
 20
2540.46
 10
2548.29
 20
2535.44
 10
2550.05
 20
2530.92
 10
2552.88
 20
2527.21
 10
2556.48
 20
2524.56
 10
2560.49
 20
2523.09
 10
2564.57
 20
2522.82
 10
2568.37
 20
2523.66
 10
2571.62
 20
2525.44
 10
2574.09
 20
2527.94
 10
2575.66
 20
2530.87
 10
2576.29
 20
2533.94
 10
2576.03
 20
2536.87
 10
2575.01
 20
2539.43
 10
2573.4
 20
2541.44
 10
2571.42
 20
2542.77
 10
2569.32
 20
2543.41
 10
2567.3
 20
2543.38
 10
2565.56
 20
2542.79
 10
2564.24
 20
2541.79
 10
2563.41
 20
2540.56
  0
CIRCLE
  5
32A
330
17
100
AcDbEntity
  8
Wall elevation
100
AcDbCircle
 10
2566.0
 20
2537.0
 30
0.0
 40
3.96
  0
LWPOLYLINE
  5
32B
330
17
100
AcDbEntity
  8
Wall elevation
100
AcDbPolyline
 90
26
 70
0
 10
2794.0
 20
2515.0
 10
2788.19
 20
2516.51
 10
2783.19
 20
2519.48
 10
2779.33
 20
2523.57
 10
2776.85
 20
2528.4
 10
2775.85
 20
2533.54
 10
2776.29
 20
2538.56
 10
2778.05
 20
2543.08
 10
2780.88
 20
2546.79
 10
2784.48
 20
2549.44
 10
2788.49
 20
2550.91
 10
2792.57
 20
2551.18
 10
2796.37
 20
2550.34
 10
2799.62
 20
2548.56
 10
2802.09
 20
2546.06
 10
2803.66
 20
2543.13
 10
2804.29
 20
2540.06
 10
2804.03
 20
2537.13
 10
2803.01
 20
2534.57
 10
2801.4
 20
2532.56
 10
2799.42
 20
2531.23
 10
2797.32
 20
2530.59
 10
2795.3
 20
2530.62
 10
2793.56
 20
2531.21
 10
2792.24
 20
2532.21
 10
2791.41
 20
2533.44
  0
CIRCLE
  5
32C
330
17
100
AcDbEntity
  8
Wall elevation
100
AcDbCircle
 10
2794.0
 20
2537.0
 30
0.0
 40
3.96
  0
CIRCLE
  5
32D
330
17
100
AcDbEntity
  8
Wall elevation
100
AcDbCircle
 10
2680.0
 20
2545.0
 30
0.0
 40
11.0
  0
CIRCLE
  5
32E
330
17
100
AcDbEntity
  8
Wall elevation
100
AcDbCircle
 10
2680.0
 20
2545.0
 30
0.0
 40
4.0
  0
LWPOLYLINE
  5
32F
330
17
100
AcDbEntity
  8
Wall elevation
100
AcDbPolyline
 90
5
 70
0
 10
2544.0
 20
2585.0
 10
2816.0
 20
2585.0
 10
2816.0
 20
2560.0
 10
2544.0
 20
2560.0
 10
2544.0
 20
2585.0
  0
LINE
  5
330
330
17
100
AcDbEntity
  8
Wall elevation
100
AcDbLine
 10
2544.0
 20
2573.0
 30
0.0
 11
2816.0
 21
2573.0
 31
0.0
  0
LWPOLYLINE
  5
331
330
17
100
AcDbEntity
  8
Wall elevation
100
AcDbPolyline
 90
5
 70
0
 10
150.0
 20
3050.0
 10
3810.0
 20
3050.0
 10
3810.0
 20
2585.0
 10
150.0
 20
2585.0
 10
150.0
 20
3050.0
  0
LINE
  5
332
330
17
100
AcDbEntity
  8
Wall elevation
100
AcDbLine
 10
150.0
 20
2615.0
 30
0.0
 11
3810.0
 21
2615.0
 31
0.0
  0
LINE
  5
333
330
17
100
AcDbEntity
  8
Wall elevation
100
AcDbLine
 10
150.0
 20
2643.0
 30
0.0
 11
3810.0
 21
2643.0
 31
0.0
  0
LINE
  5
334
330
17
100
AcDbEntity
  8
Wall elevation
100
AcDbLine
 10
150.0
 20
2665.0
 30
0.0
 11
3810.0
 21
2665.0
 31
0.0
  0
LINE
  5
335
330
17
100
AcDbEntity
  8
Wall elevation
100
AcDbLine
 10
150.0
 20
2780.0
 30
0.0
 11
3810.0
 21
2780.0
 31
0.0
  0
LINE
  5
336
330
17
100
AcDbEntity
  8
Wall elevation
100
AcDbLine
 10
150.0
 20
2794.0
 30
0.0
 11
3810.0
 21
2794.0
 31
0.0
  0
LINE
  5
337
330
17
100
AcDbEntity
  8
Wall elevation
100
AcDbLine
 10
150.0
 20
2870.0
 30
0.0
 11
3810.0
 21
2870.0
 31
0.0
  0
LINE
  5
338
330
17
100
AcDbEntity
  8
Wall elevation
100
AcDbLine
 10
150.0
 20
2910.0
 30
0.0
 11
3810.0
 21
2910.0
 31
0.0
  0
LINE
  5
339
330
17
100
AcDbEntity
  8
Wall elevation
100
AcDbLine
 10
150.0
 20
2955.0
 30
0.0
 11
3810.0
 21
2955.0
 31
0.0
  0
LINE
  5
33A
330
17
100
AcDbEntity
  8
Wall elevation
100
AcDbLine
 10
150.0
 20
3005.0
 30
0.0
 11
3810.0
 21
3005.0
 31
0.0
  0
LINE
  5
33B
330
17
100
AcDbEntity
  8
Wall elevation
100
AcDbLine
 10
150.0
 20
3038.0
 30
0.0
 11
3810.0
 21
3038.0
 31
0.0
  0
LINE
  5
33C
330
17
100
AcDbEntity
  8
Wall elevation
100
AcDbLine
 10
1224.0
 20
2585.0
 30
0.0
 11
1224.0
 21
2780.0
 31
0.0
  0
LINE
  5
33D
330
17
100
AcDbEntity
  8
Wall elevation
100
AcDbLine
 10
1496.0
 20
2585.0
 30
0.0
 11
1496.0
 21
2780.0
 31
0.0
  0
LINE
  5
33E
330
17
100
AcDbEntity
  8
Wall elevation
100
AcDbLine
 10
2544.0
 20
2585.0
 30
0.0
 11
2544.0
 21
2780.0
 31
0.0
  0
LINE
  5
33F
330
17
100
AcDbEntity
  8
Wall elevation
100
AcDbLine
 10
2816.0
 20
2585.0
 30
0.0
 11
2816.0
 21
2780.0
 31
0.0
  0
LWPOLYLINE
  5
340
330
17
100
AcDbEntity
  8
Wall elevation
100
AcDbPolyline
 90
5
 70
0
 10
160.0
 20
2906.0
 10
176.0
 20
2906.0
 10
176.0
 20
2874.0
 10
160.0
 20
2874.0
 10
160.0
 20
2906.0
  0
LWPOLYLINE
  5
341
330
17
100
AcDbEntity
  8
Wall elevation
100
AcDbPolyline
 90
5
 70
0
 10
188.0
 20
2906.0
 10
204.0
 20
2906.0
 10
204.0
 20
2874.0
 10
188.0
 20
2874.0
 10
188.0
 20
2906.0
  0
LWPOLYLINE
  5
342
330
17
100
AcDbEntity
  8
Wall elevation
100
AcDbPolyline
 90
5
 70
0
 10
216.0
 20
2906.0
 10
232.0
 20
2906.0
 10
232.0
 20
2874.0
 10
216.0
 20
2874.0
 10
216.0
 20
2906.0
  0
LWPOLYLINE
  5
343
330
17
100
AcDbEntity
  8
Wall elevation
100
AcDbPolyline
 90
5
 70
0
 10
244.0
 20
2906.0
 10
260.0
 20
2906.0
 10
260.0
 20
2874.0
 10
244.0
 20
2874.0
 10
244.0
 20
2906.0
  0
LWPOLYLINE
  5
344
330
17
100
AcDbEntity
  8
Wall elevation
100
AcDbPolyline
 90
5
 70
0
 10
272.0
 20
2906.0
 10
288.0
 20
2906.0
 10
288.0
 20
2874.0
 10
272.0
 20
2874.0
 10
272.0
 20
2906.0
  0
LWPOLYLINE
  5
345
330
17
100
AcDbEntity
  8
Wall elevation
100
AcDbPolyline
 90
5
 70
0
 10
300.0
 20
2906.0
 10
316.0
 20
2906.0
 10
316.0
 20
2874.0
 10
300.0
 20
2874.0
 10
300.0
 20
2906.0
  0
LWPOLYLINE
  5
346
330
17
100
AcDbEntity
  8
Wall elevation
100
AcDbPolyline
 90
5
 70
0
 10
328.0
 20
2906.0
 10
344.0
 20
2906.0
 10
344.0
 20
2874.0
 10
328.0
 20
2874.0
 10
328.0
 20
2906.0
  0
LWPOLYLINE
  5
347
330
17
100
AcDbEntity
  8
Wall elevation
100
AcDbPolyline
 90
5
 70
0
 10
356.0
 20
2906.0
 10
372.0
 20
2906.0
 10
372.0
 20
2874.0
 10
356.0
 20
2874.0
 10
356.0
 20
2906.0
  0
LWPOLYLINE
  5
348
330
17
100
AcDbEntity
  8
Wall elevation
100
AcDbPolyline
 90
5
 70
0
 10
384.0
 20
2906.0
 10
400.0
 20
2906.0
 10
400.0
 20
2874.0
 10
384.0
 20
2874.0
 10
384.0
 20
2906.0
  0
LWPOLYLINE
  5
349
330
17
100
AcDbEntity
  8
Wall elevation
100
AcDbPolyline
 90
5
 70
0
 10
412.0
 20
2906.0
 10
428.0
 20
2906.0
 10
428.0
 20
2874.0
 10
412.0
 20
2874.0
 10
412.0
 20
2906.0
  0
LWPOLYLINE
  5
34A
330
17
100
AcDbEntity
  8
Wall elevation
100
AcDbPolyline
 90
5
 70
0
 10
440.0
 20
2906.0
 10
456.0
 20
2906.0
 10
456.0
 20
2874.0
 10
440.0
 20
2874.0
 10
440.0
 20
2906.0
  0
LWPOLYLINE
  5
34B
330
17
100
AcDbEntity
  8
Wall elevation
100
AcDbPolyline
 90
5
 70
0
 10
468.0
 20
2906.0
 10
484.0
 20
2906.0
 10
484.0
 20
2874.0
 10
468.0
 20
2874.0
 10
468.0
 20
2906.0
  0
LWPOLYLINE
  5
34C
330
17
100
AcDbEntity
  8
Wall elevation
100
AcDbPolyline
 90
5
 70
0
 10
496.0
 20
2906.0
 10
512.0
 20
2906.0
 10
512.0
 20
2874.0
 10
496.0
 20
2874.0
 10
496.0
 20
2906.0
  0
LWPOLYLINE
  5
34D
330
17
100
AcDbEntity
  8
Wall elevation
100
AcDbPolyline
 90
5
 70
0
 10
524.0
 20
2906.0
 10
540.0
 20
2906.0
 10
540.0
 20
2874.0
 10
524.0
 20
2874.0
 10
524.0
 20
2906.0
  0
LWPOLYLINE
  5
34E
330
17
100
AcDbEntity
  8
Wall elevation
100
AcDbPolyline
 90
5
 70
0
 10
552.0
 20
2906.0
 10
568.0
 20
2906.0
 10
568.0
 20
2874.0
 10
552.0
 20
2874.0
 10
552.0
 20
2906.0
  0
LWPOLYLINE
  5
34F
330
17
100
AcDbEntity
  8
Wall elevation
100
AcDbPolyline
 90
5
 70
0
 10
580.0
 20
2906.0
 10
596.0
 20
2906.0
 10
596.0
 20
2874.0
 10
580.0
 20
2874.0
 10
580.0
 20
2906.0
  0
LWPOLYLINE
  5
350
330
17
100
AcDbEntity
  8
Wall elevation
100
AcDbPolyline
 90
5
 70
0
 10
608.0
 20
2906.0
 10
624.0
 20
2906.0
 10
624.0
 20
2874.0
 10
608.0
 20
2874.0
 10
608.0
 20
2906.0
  0
LWPOLYLINE
  5
351
330
17
100
AcDbEntity
  8
Wall elevation
100
AcDbPolyline
 90
5
 70
0
 10
636.0
 20
2906.0
 10
652.0
 20
2906.0
 10
652.0
 20
2874.0
 10
636.0
 20
2874.0
 10
636.0
 20
2906.0
  0
LWPOLYLINE
  5
352
330
17
100
AcDbEntity
  8
Wall elevation
100
AcDbPolyline
 90
5
 70
0
 10
664.0
 20
2906.0
 10
680.0
 20
2906.0
 10
680.0
 20
2874.0
 10
664.0
 20
2874.0
 10
664.0
 20
2906.0
  0
LWPOLYLINE
  5
353
330
17
100
AcDbEntity
  8
Wall elevation
100
AcDbPolyline
 90
5
 70
0
 10
692.0
 20
2906.0
 10
708.0
 20
2906.0
 10
708.0
 20
2874.0
 10
692.0
 20
2874.0
 10
692.0
 20
2906.0
  0
LWPOLYLINE
  5
354
330
17
100
AcDbEntity
  8
Wall elevation
100
AcDbPolyline
 90
5
 70
0
 10
720.0
 20
2906.0
 10
736.0
 20
2906.0
 10
736.0
 20
2874.0
 10
720.0
 20
2874.0
 10
720.0
 20
2906.0
  0
LWPOLYLINE
  5
355
330
17
100
AcDbEntity
  8
Wall elevation
100
AcDbPolyline
 90
5
 70
0
 10
748.0
 20
2906.0
 10
764.0
 20
2906.0
 10
764.0
 20
2874.0
 10
748.0
 20
2874.0
 10
748.0
 20
2906.0
  0
LWPOLYLINE
  5
356
330
17
100
AcDbEntity
  8
Wall elevation
100
AcDbPolyline
 90
5
 70
0
 10
776.0
 20
2906.0
 10
792.0
 20
2906.0
 10
792.0
 20
2874.0
 10
776.0
 20
2874.0
 10
776.0
 20
2906.0
  0
LWPOLYLINE
  5
357
330
17
100
AcDbEntity
  8
Wall elevation
100
AcDbPolyline
 90
5
 70
0
 10
804.0
 20
2906.0
 10
820.0
 20
2906.0
 10
820.0
 20
2874.0
 10
804.0
 20
2874.0
 10
804.0
 20
2906.0
  0
LWPOLYLINE
  5
358
330
17
100
AcDbEntity
  8
Wall elevation
100
AcDbPolyline
 90
5
 70
0
 10
832.0
 20
2906.0
 10
848.0
 20
2906.0
 10
848.0
 20
2874.0
 10
832.0
 20
2874.0
 10
832.0
 20
2906.0
  0
LWPOLYLINE
  5
359
330
17
100
AcDbEntity
  8
Wall elevation
100
AcDbPolyline
 90
5
 70
0
 10
860.0
 20
2906.0
 10
876.0
 20
2906.0
 10
876.0
 20
2874.0
 10
860.0
 20
2874.0
 10
860.0
 20
2906.0
  0
LWPOLYLINE
  5
35A
330
17
100
AcDbEntity
  8
Wall elevation
100
AcDbPolyline
 90
5
 70
0
 10
888.0
 20
2906.0
 10
904.0
 20
2906.0
 10
904.0
 20
2874.0
 10
888.0
 20
2874.0
 10
888.0
 20
2906.0
  0
LWPOLYLINE
  5
35B
330
17
100
AcDbEntity
  8
Wall elevation
100
AcDbPolyline
 90
5
 70
0
 10
916.0
 20
2906.0
 10
932.0
 20
2906.0
 10
932.0
 20
2874.0
 10
916.0
 20
2874.0
 10
916.0
 20
2906.0
  0
LWPOLYLINE
  5
35C
330
17
100
AcDbEntity
  8
Wall elevation
100
AcDbPolyline
 90
5
 70
0
 10
944.0
 20
2906.0
 10
960.0
 20
2906.0
 10
960.0
 20
2874.0
 10
944.0
 20
2874.0
 10
944.0
 20
2906.0
  0
LWPOLYLINE
  5
35D
330
17
100
AcDbEntity
  8
Wall elevation
100
AcDbPolyline
 90
5
 70
0
 10
972.0
 20
2906.0
 10
988.0
 20
2906.0
 10
988.0
 20
2874.0
 10
972.0
 20
2874.0
 10
972.0
 20
2906.0
  0
LWPOLYLINE
  5
35E
330
17
100
AcDbEntity
  8
Wall elevation
100
AcDbPolyline
 90
5
 70
0
 10
1000.0
 20
2906.0
 10
1016.0
 20
2906.0
 10
1016.0
 20
2874.0
 10
1000.0
 20
2874.0
 10
1000.0
 20
2906.0
  0
LWPOLYLINE
  5
35F
330
17
100
AcDbEntity
  8
Wall elevation
100
AcDbPolyline
 90
5
 70
0
 10
1028.0
 20
2906.0
 10
1044.0
 20
2906.0
 10
1044.0
 20
2874.0
 10
1028.0
 20
2874.0
 10
1028.0
 20
2906.0
  0
LWPOLYLINE
  5
360
330
17
100
AcDbEntity
  8
Wall elevation
100
AcDbPolyline
 90
5
 70
0
 10
1056.0
 20
2906.0
 10
1072.0
 20
2906.0
 10
1072.0
 20
2874.0
 10
1056.0
 20
2874.0
 10
1056.0
 20
2906.0
  0
LWPOLYLINE
  5
361
330
17
100
AcDbEntity
  8
Wall elevation
100
AcDbPolyline
 90
5
 70
0
 10
1084.0
 20
2906.0
 10
1100.0
 20
2906.0
 10
1100.0
 20
2874.0
 10
1084.0
 20
2874.0
 10
1084.0
 20
2906.0
  0
LWPOLYLINE
  5
362
330
17
100
AcDbEntity
  8
Wall elevation
100
AcDbPolyline
 90
5
 70
0
 10
1112.0
 20
2906.0
 10
1128.0
 20
2906.0
 10
1128.0
 20
2874.0
 10
1112.0
 20
2874.0
 10
1112.0
 20
2906.0
  0
LWPOLYLINE
  5
363
330
17
100
AcDbEntity
  8
Wall elevation
100
AcDbPolyline
 90
5
 70
0
 10
1140.0
 20
2906.0
 10
1156.0
 20
2906.0
 10
1156.0
 20
2874.0
 10
1140.0
 20
2874.0
 10
1140.0
 20
2906.0
  0
LWPOLYLINE
  5
364
330
17
100
AcDbEntity
  8
Wall elevation
100
AcDbPolyline
 90
5
 70
0
 10
1168.0
 20
2906.0
 10
1184.0
 20
2906.0
 10
1184.0
 20
2874.0
 10
1168.0
 20
2874.0
 10
1168.0
 20
2906.0
  0
LWPOLYLINE
  5
365
330
17
100
AcDbEntity
  8
Wall elevation
100
AcDbPolyline
 90
5
 70
0
 10
1196.0
 20
2906.0
 10
1212.0
 20
2906.0
 10
1212.0
 20
2874.0
 10
1196.0
 20
2874.0
 10
1196.0
 20
2906.0
  0
LWPOLYLINE
  5
366
330
17
100
AcDbEntity
  8
Wall elevation
100
AcDbPolyline
 90
5
 70
0
 10
1224.0
 20
2906.0
 10
1240.0
 20
2906.0
 10
1240.0
 20
2874.0
 10
1224.0
 20
2874.0
 10
1224.0
 20
2906.0
  0
LWPOLYLINE
  5
367
330
17
100
AcDbEntity
  8
Wall elevation
100
AcDbPolyline
 90
5
 70
0
 10
1252.0
 20
2906.0
 10
1268.0
 20
2906.0
 10
1268.0
 20
2874.0
 10
1252.0
 20
2874.0
 10
1252.0
 20
2906.0
  0
LWPOLYLINE
  5
368
330
17
100
AcDbEntity
  8
Wall elevation
100
AcDbPolyline
 90
5
 70
0
 10
1280.0
 20
2906.0
 10
1296.0
 20
2906.0
 10
1296.0
 20
2874.0
 10
1280.0
 20
2874.0
 10
1280.0
 20
2906.0
  0
LWPOLYLINE
  5
369
330
17
100
AcDbEntity
  8
Wall elevation
100
AcDbPolyline
 90
5
 70
0
 10
1308.0
 20
2906.0
 10
1324.0
 20
2906.0
 10
1324.0
 20
2874.0
 10
1308.0
 20
2874.0
 10
1308.0
 20
2906.0
  0
LWPOLYLINE
  5
36A
330
17
100
AcDbEntity
  8
Wall elevation
100
AcDbPolyline
 90
5
 70
0
 10
1336.0
 20
2906.0
 10
1352.0
 20
2906.0
 10
1352.0
 20
2874.0
 10
1336.0
 20
2874.0
 10
1336.0
 20
2906.0
  0
LWPOLYLINE
  5
36B
330
17
100
AcDbEntity
  8
Wall elevation
100
AcDbPolyline
 90
5
 70
0
 10
1364.0
 20
2906.0
 10
1380.0
 20
2906.0
 10
1380.0
 20
2874.0
 10
1364.0
 20
2874.0
 10
1364.0
 20
2906.0
  0
LWPOLYLINE
  5
36C
330
17
100
AcDbEntity
  8
Wall elevation
100
AcDbPolyline
 90
5
 70
0
 10
1392.0
 20
2906.0
 10
1408.0
 20
2906.0
 10
1408.0
 20
2874.0
 10
1392.0
 20
2874.0
 10
1392.0
 20
2906.0
  0
LWPOLYLINE
  5
36D
330
17
100
AcDbEntity
  8
Wall elevation
100
AcDbPolyline
 90
5
 70
0
 10
1420.0
 20
2906.0
 10
1436.0
 20
2906.0
 10
1436.0
 20
2874.0
 10
1420.0
 20
2874.0
 10
1420.0
 20
2906.0
  0
LWPOLYLINE
  5
36E
330
17
100
AcDbEntity
  8
Wall elevation
100
AcDbPolyline
 90
5
 70
0
 10
1448.0
 20
2906.0
 10
1464.0
 20
2906.0
 10
1464.0
 20
2874.0
 10
1448.0
 20
2874.0
 10
1448.0
 20
2906.0
  0
LWPOLYLINE
  5
36F
330
17
100
AcDbEntity
  8
Wall elevation
100
AcDbPolyline
 90
5
 70
0
 10
1476.0
 20
2906.0
 10
1492.0
 20
2906.0
 10
1492.0
 20
2874.0
 10
1476.0
 20
2874.0
 10
1476.0
 20
2906.0
  0
LWPOLYLINE
  5
370
330
17
100
AcDbEntity
  8
Wall elevation
100
AcDbPolyline
 90
5
 70
0
 10
1504.0
 20
2906.0
 10
1520.0
 20
2906.0
 10
1520.0
 20
2874.0
 10
1504.0
 20
2874.0
 10
1504.0
 20
2906.0
  0
LWPOLYLINE
  5
371
330
17
100
AcDbEntity
  8
Wall elevation
100
AcDbPolyline
 90
5
 70
0
 10
1532.0
 20
2906.0
 10
1548.0
 20
2906.0
 10
1548.0
 20
2874.0
 10
1532.0
 20
2874.0
 10
1532.0
 20
2906.0
  0
LWPOLYLINE
  5
372
330
17
100
AcDbEntity
  8
Wall elevation
100
AcDbPolyline
 90
5
 70
0
 10
1560.0
 20
2906.0
 10
1576.0
 20
2906.0
 10
1576.0
 20
2874.0
 10
1560.0
 20
2874.0
 10
1560.0
 20
2906.0
  0
LWPOLYLINE
  5
373
330
17
100
AcDbEntity
  8
Wall elevation
100
AcDbPolyline
 90
5
 70
0
 10
1588.0
 20
2906.0
 10
1604.0
 20
2906.0
 10
1604.0
 20
2874.0
 10
1588.0
 20
2874.0
 10
1588.0
 20
2906.0
  0
LWPOLYLINE
  5
374
330
17
100
AcDbEntity
  8
Wall elevation
100
AcDbPolyline
 90
5
 70
0
 10
1616.0
 20
2906.0
 10
1632.0
 20
2906.0
 10
1632.0
 20
2874.0
 10
1616.0
 20
2874.0
 10
1616.0
 20
2906.0
  0
LWPOLYLINE
  5
375
330
17
100
AcDbEntity
  8
Wall elevation
100
AcDbPolyline
 90
5
 70
0
 10
1644.0
 20
2906.0
 10
1660.0
 20
2906.0
 10
1660.0
 20
2874.0
 10
1644.0
 20
2874.0
 10
1644.0
 20
2906.0
  0
LWPOLYLINE
  5
376
330
17
100
AcDbEntity
  8
Wall elevation
100
AcDbPolyline
 90
5
 70
0
 10
1672.0
 20
2906.0
 10
1688.0
 20
2906.0
 10
1688.0
 20
2874.0
 10
1672.0
 20
2874.0
 10
1672.0
 20
2906.0
  0
LWPOLYLINE
  5
377
330
17
100
AcDbEntity
  8
Wall elevation
100
AcDbPolyline
 90
5
 70
0
 10
1700.0
 20
2906.0
 10
1716.0
 20
2906.0
 10
1716.0
 20
2874.0
 10
1700.0
 20
2874.0
 10
1700.0
 20
2906.0
  0
LWPOLYLINE
  5
378
330
17
100
AcDbEntity
  8
Wall elevation
100
AcDbPolyline
 90
5
 70
0
 10
1728.0
 20
2906.0
 10
1744.0
 20
2906.0
 10
1744.0
 20
2874.0
 10
1728.0
 20
2874.0
 10
1728.0
 20
2906.0
  0
LWPOLYLINE
  5
379
330
17
100
AcDbEntity
  8
Wall elevation
100
AcDbPolyline
 90
5
 70
0
 10
1756.0
 20
2906.0
 10
1772.0
 20
2906.0
 10
1772.0
 20
2874.0
 10
1756.0
 20
2874.0
 10
1756.0
 20
2906.0
  0
LWPOLYLINE
  5
37A
330
17
100
AcDbEntity
  8
Wall elevation
100
AcDbPolyline
 90
5
 70
0
 10
1784.0
 20
2906.0
 10
1800.0
 20
2906.0
 10
1800.0
 20
2874.0
 10
1784.0
 20
2874.0
 10
1784.0
 20
2906.0
  0
LWPOLYLINE
  5
37B
330
17
100
AcDbEntity
  8
Wall elevation
100
AcDbPolyline
 90
5
 70
0
 10
1812.0
 20
2906.0
 10
1828.0
 20
2906.0
 10
1828.0
 20
2874.0
 10
1812.0
 20
2874.0
 10
1812.0
 20
2906.0
  0
LWPOLYLINE
  5
37C
330
17
100
AcDbEntity
  8
Wall elevation
100
AcDbPolyline
 90
5
 70
0
 10
1840.0
 20
2906.0
 10
1856.0
 20
2906.0
 10
1856.0
 20
2874.0
 10
1840.0
 20
2874.0
 10
1840.0
 20
2906.0
  0
LWPOLYLINE
  5
37D
330
17
100
AcDbEntity
  8
Wall elevation
100
AcDbPolyline
 90
5
 70
0
 10
1868.0
 20
2906.0
 10
1884.0
 20
2906.0
 10
1884.0
 20
2874.0
 10
1868.0
 20
2874.0
 10
1868.0
 20
2906.0
  0
LWPOLYLINE
  5
37E
330
17
100
AcDbEntity
  8
Wall elevation
100
AcDbPolyline
 90
5
 70
0
 10
1896.0
 20
2906.0
 10
1912.0
 20
2906.0
 10
1912.0
 20
2874.0
 10
1896.0
 20
2874.0
 10
1896.0
 20
2906.0
  0
LWPOLYLINE
  5
37F
330
17
100
AcDbEntity
  8
Wall elevation
100
AcDbPolyline
 90
5
 70
0
 10
1924.0
 20
2906.0
 10
1940.0
 20
2906.0
 10
1940.0
 20
2874.0
 10
1924.0
 20
2874.0
 10
1924.0
 20
2906.0
  0
LWPOLYLINE
  5
380
330
17
100
AcDbEntity
  8
Wall elevation
100
AcDbPolyline
 90
5
 70
0
 10
1952.0
 20
2906.0
 10
1968.0
 20
2906.0
 10
1968.0
 20
2874.0
 10
1952.0
 20
2874.0
 10
1952.0
 20
2906.0
  0
LWPOLYLINE
  5
381
330
17
100
AcDbEntity
  8
Wall elevation
100
AcDbPolyline
 90
5
 70
0
 10
1980.0
 20
2906.0
 10
1996.0
 20
2906.0
 10
1996.0
 20
2874.0
 10
1980.0
 20
2874.0
 10
1980.0
 20
2906.0
  0
LWPOLYLINE
  5
382
330
17
100
AcDbEntity
  8
Wall elevation
100
AcDbPolyline
 90
5
 70
0
 10
2008.0
 20
2906.0
 10
2024.0
 20
2906.0
 10
2024.0
 20
2874.0
 10
2008.0
 20
2874.0
 10
2008.0
 20
2906.0
  0
LWPOLYLINE
  5
383
330
17
100
AcDbEntity
  8
Wall elevation
100
AcDbPolyline
 90
5
 70
0
 10
2036.0
 20
2906.0
 10
2052.0
 20
2906.0
 10
2052.0
 20
2874.0
 10
2036.0
 20
2874.0
 10
2036.0
 20
2906.0
  0
LWPOLYLINE
  5
384
330
17
100
AcDbEntity
  8
Wall elevation
100
AcDbPolyline
 90
5
 70
0
 10
2064.0
 20
2906.0
 10
2080.0
 20
2906.0
 10
2080.0
 20
2874.0
 10
2064.0
 20
2874.0
 10
2064.0
 20
2906.0
  0
LWPOLYLINE
  5
385
330
17
100
AcDbEntity
  8
Wall elevation
100
AcDbPolyline
 90
5
 70
0
 10
2092.0
 20
2906.0
 10
2108.0
 20
2906.0
 10
2108.0
 20
2874.0
 10
2092.0
 20
2874.0
 10
2092.0
 20
2906.0
  0
LWPOLYLINE
  5
386
330
17
100
AcDbEntity
  8
Wall elevation
100
AcDbPolyline
 90
5
 70
0
 10
2120.0
 20
2906.0
 10
2136.0
 20
2906.0
 10
2136.0
 20
2874.0
 10
2120.0
 20
2874.0
 10
2120.0
 20
2906.0
  0
LWPOLYLINE
  5
387
330
17
100
AcDbEntity
  8
Wall elevation
100
AcDbPolyline
 90
5
 70
0
 10
2148.0
 20
2906.0
 10
2164.0
 20
2906.0
 10
2164.0
 20
2874.0
 10
2148.0
 20
2874.0
 10
2148.0
 20
2906.0
  0
LWPOLYLINE
  5
388
330
17
100
AcDbEntity
  8
Wall elevation
100
AcDbPolyline
 90
5
 70
0
 10
2176.0
 20
2906.0
 10
2192.0
 20
2906.0
 10
2192.0
 20
2874.0
 10
2176.0
 20
2874.0
 10
2176.0
 20
2906.0
  0
LWPOLYLINE
  5
389
330
17
100
AcDbEntity
  8
Wall elevation
100
AcDbPolyline
 90
5
 70
0
 10
2204.0
 20
2906.0
 10
2220.0
 20
2906.0
 10
2220.0
 20
2874.0
 10
2204.0
 20
2874.0
 10
2204.0
 20
2906.0
  0
LWPOLYLINE
  5
38A
330
17
100
AcDbEntity
  8
Wall elevation
100
AcDbPolyline
 90
5
 70
0
 10
2232.0
 20
2906.0
 10
2248.0
 20
2906.0
 10
2248.0
 20
2874.0
 10
2232.0
 20
2874.0
 10
2232.0
 20
2906.0
  0
LWPOLYLINE
  5
38B
330
17
100
AcDbEntity
  8
Wall elevation
100
AcDbPolyline
 90
5
 70
0
 10
2260.0
 20
2906.0
 10
2276.0
 20
2906.0
 10
2276.0
 20
2874.0
 10
2260.0
 20
2874.0
 10
2260.0
 20
2906.0
  0
LWPOLYLINE
  5
38C
330
17
100
AcDbEntity
  8
Wall elevation
100
AcDbPolyline
 90
5
 70
0
 10
2288.0
 20
2906.0
 10
2304.0
 20
2906.0
 10
2304.0
 20
2874.0
 10
2288.0
 20
2874.0
 10
2288.0
 20
2906.0
  0
LWPOLYLINE
  5
38D
330
17
100
AcDbEntity
  8
Wall elevation
100
AcDbPolyline
 90
5
 70
0
 10
2316.0
 20
2906.0
 10
2332.0
 20
2906.0
 10
2332.0
 20
2874.0
 10
2316.0
 20
2874.0
 10
2316.0
 20
2906.0
  0
LWPOLYLINE
  5
38E
330
17
100
AcDbEntity
  8
Wall elevation
100
AcDbPolyline
 90
5
 70
0
 10
2344.0
 20
2906.0
 10
2360.0
 20
2906.0
 10
2360.0
 20
2874.0
 10
2344.0
 20
2874.0
 10
2344.0
 20
2906.0
  0
LWPOLYLINE
  5
38F
330
17
100
AcDbEntity
  8
Wall elevation
100
AcDbPolyline
 90
5
 70
0
 10
2372.0
 20
2906.0
 10
2388.0
 20
2906.0
 10
2388.0
 20
2874.0
 10
2372.0
 20
2874.0
 10
2372.0
 20
2906.0
  0
LWPOLYLINE
  5
390
330
17
100
AcDbEntity
  8
Wall elevation
100
AcDbPolyline
 90
5
 70
0
 10
2400.0
 20
2906.0
 10
2416.0
 20
2906.0
 10
2416.0
 20
2874.0
 10
2400.0
 20
2874.0
 10
2400.0
 20
2906.0
  0
LWPOLYLINE
  5
391
330
17
100
AcDbEntity
  8
Wall elevation
100
AcDbPolyline
 90
5
 70
0
 10
2428.0
 20
2906.0
 10
2444.0
 20
2906.0
 10
2444.0
 20
2874.0
 10
2428.0
 20
2874.0
 10
2428.0
 20
2906.0
  0
LWPOLYLINE
  5
392
330
17
100
AcDbEntity
  8
Wall elevation
100
AcDbPolyline
 90
5
 70
0
 10
2456.0
 20
2906.0
 10
2472.0
 20
2906.0
 10
2472.0
 20
2874.0
 10
2456.0
 20
2874.0
 10
2456.0
 20
2906.0
  0
LWPOLYLINE
  5
393
330
17
100
AcDbEntity
  8
Wall elevation
100
AcDbPolyline
 90
5
 70
0
 10
2484.0
 20
2906.0
 10
2500.0
 20
2906.0
 10
2500.0
 20
2874.0
 10
2484.0
 20
2874.0
 10
2484.0
 20
2906.0
  0
LWPOLYLINE
  5
394
330
17
100
AcDbEntity
  8
Wall elevation
100
AcDbPolyline
 90
5
 70
0
 10
2512.0
 20
2906.0
 10
2528.0
 20
2906.0
 10
2528.0
 20
2874.0
 10
2512.0
 20
2874.0
 10
2512.0
 20
2906.0
  0
LWPOLYLINE
  5
395
330
17
100
AcDbEntity
  8
Wall elevation
100
AcDbPolyline
 90
5
 70
0
 10
2540.0
 20
2906.0
 10
2556.0
 20
2906.0
 10
2556.0
 20
2874.0
 10
2540.0
 20
2874.0
 10
2540.0
 20
2906.0
  0
LWPOLYLINE
  5
396
330
17
100
AcDbEntity
  8
Wall elevation
100
AcDbPolyline
 90
5
 70
0
 10
2568.0
 20
2906.0
 10
2584.0
 20
2906.0
 10
2584.0
 20
2874.0
 10
2568.0
 20
2874.0
 10
2568.0
 20
2906.0
  0
LWPOLYLINE
  5
397
330
17
100
AcDbEntity
  8
Wall elevation
100
AcDbPolyline
 90
5
 70
0
 10
2596.0
 20
2906.0
 10
2612.0
 20
2906.0
 10
2612.0
 20
2874.0
 10
2596.0
 20
2874.0
 10
2596.0
 20
2906.0
  0
LWPOLYLINE
  5
398
330
17
100
AcDbEntity
  8
Wall elevation
100
AcDbPolyline
 90
5
 70
0
 10
2624.0
 20
2906.0
 10
2640.0
 20
2906.0
 10
2640.0
 20
2874.0
 10
2624.0
 20
2874.0
 10
2624.0
 20
2906.0
  0
LWPOLYLINE
  5
399
330
17
100
AcDbEntity
  8
Wall elevation
100
AcDbPolyline
 90
5
 70
0
 10
2652.0
 20
2906.0
 10
2668.0
 20
2906.0
 10
2668.0
 20
2874.0
 10
2652.0
 20
2874.0
 10
2652.0
 20
2906.0
  0
LWPOLYLINE
  5
39A
330
17
100
AcDbEntity
  8
Wall elevation
100
AcDbPolyline
 90
5
 70
0
 10
2680.0
 20
2906.0
 10
2696.0
 20
2906.0
 10
2696.0
 20
2874.0
 10
2680.0
 20
2874.0
 10
2680.0
 20
2906.0
  0
LWPOLYLINE
  5
39B
330
17
100
AcDbEntity
  8
Wall elevation
100
AcDbPolyline
 90
5
 70
0
 10
2708.0
 20
2906.0
 10
2724.0
 20
2906.0
 10
2724.0
 20
2874.0
 10
2708.0
 20
2874.0
 10
2708.0
 20
2906.0
  0
LWPOLYLINE
  5
39C
330
17
100
AcDbEntity
  8
Wall elevation
100
AcDbPolyline
 90
5
 70
0
 10
2736.0
 20
2906.0
 10
2752.0
 20
2906.0
 10
2752.0
 20
2874.0
 10
2736.0
 20
2874.0
 10
2736.0
 20
2906.0
  0
LWPOLYLINE
  5
39D
330
17
100
AcDbEntity
  8
Wall elevation
100
AcDbPolyline
 90
5
 70
0
 10
2764.0
 20
2906.0
 10
2780.0
 20
2906.0
 10
2780.0
 20
2874.0
 10
2764.0
 20
2874.0
 10
2764.0
 20
2906.0
  0
LWPOLYLINE
  5
39E
330
17
100
AcDbEntity
  8
Wall elevation
100
AcDbPolyline
 90
5
 70
0
 10
2792.0
 20
2906.0
 10
2808.0
 20
2906.0
 10
2808.0
 20
2874.0
 10
2792.0
 20
2874.0
 10
2792.0
 20
2906.0
  0
LWPOLYLINE
  5
39F
330
17
100
AcDbEntity
  8
Wall elevation
100
AcDbPolyline
 90
5
 70
0
 10
2820.0
 20
2906.0
 10
2836.0
 20
2906.0
 10
2836.0
 20
2874.0
 10
2820.0
 20
2874.0
 10
2820.0
 20
2906.0
  0
LWPOLYLINE
  5
3A0
330
17
100
AcDbEntity
  8
Wall elevation
100
AcDbPolyline
 90
5
 70
0
 10
2848.0
 20
2906.0
 10
2864.0
 20
2906.0
 10
2864.0
 20
2874.0
 10
2848.0
 20
2874.0
 10
2848.0
 20
2906.0
  0
LWPOLYLINE
  5
3A1
330
17
100
AcDbEntity
  8
Wall elevation
100
AcDbPolyline
 90
5
 70
0
 10
2876.0
 20
2906.0
 10
2892.0
 20
2906.0
 10
2892.0
 20
2874.0
 10
2876.0
 20
2874.0
 10
2876.0
 20
2906.0
  0
LWPOLYLINE
  5
3A2
330
17
100
AcDbEntity
  8
Wall elevation
100
AcDbPolyline
 90
5
 70
0
 10
2904.0
 20
2906.0
 10
2920.0
 20
2906.0
 10
2920.0
 20
2874.0
 10
2904.0
 20
2874.0
 10
2904.0
 20
2906.0
  0
LWPOLYLINE
  5
3A3
330
17
100
AcDbEntity
  8
Wall elevation
100
AcDbPolyline
 90
5
 70
0
 10
2932.0
 20
2906.0
 10
2948.0
 20
2906.0
 10
2948.0
 20
2874.0
 10
2932.0
 20
2874.0
 10
2932.0
 20
2906.0
  0
LWPOLYLINE
  5
3A4
330
17
100
AcDbEntity
  8
Wall elevation
100
AcDbPolyline
 90
5
 70
0
 10
2960.0
 20
2906.0
 10
2976.0
 20
2906.0
 10
2976.0
 20
2874.0
 10
2960.0
 20
2874.0
 10
2960.0
 20
2906.0
  0
LWPOLYLINE
  5
3A5
330
17
100
AcDbEntity
  8
Wall elevation
100
AcDbPolyline
 90
5
 70
0
 10
2988.0
 20
2906.0
 10
3004.0
 20
2906.0
 10
3004.0
 20
2874.0
 10
2988.0
 20
2874.0
 10
2988.0
 20
2906.0
  0
LWPOLYLINE
  5
3A6
330
17
100
AcDbEntity
  8
Wall elevation
100
AcDbPolyline
 90
5
 70
0
 10
3016.0
 20
2906.0
 10
3032.0
 20
2906.0
 10
3032.0
 20
2874.0
 10
3016.0
 20
2874.0
 10
3016.0
 20
2906.0
  0
LWPOLYLINE
  5
3A7
330
17
100
AcDbEntity
  8
Wall elevation
100
AcDbPolyline
 90
5
 70
0
 10
3044.0
 20
2906.0
 10
3060.0
 20
2906.0
 10
3060.0
 20
2874.0
 10
3044.0
 20
2874.0
 10
3044.0
 20
2906.0
  0
LWPOLYLINE
  5
3A8
330
17
100
AcDbEntity
  8
Wall elevation
100
AcDbPolyline
 90
5
 70
0
 10
3072.0
 20
2906.0
 10
3088.0
 20
2906.0
 10
3088.0
 20
2874.0
 10
3072.0
 20
2874.0
 10
3072.0
 20
2906.0
  0
LWPOLYLINE
  5
3A9
330
17
100
AcDbEntity
  8
Wall elevation
100
AcDbPolyline
 90
5
 70
0
 10
3100.0
 20
2906.0
 10
3116.0
 20
2906.0
 10
3116.0
 20
2874.0
 10
3100.0
 20
2874.0
 10
3100.0
 20
2906.0
  0
LWPOLYLINE
  5
3AA
330
17
100
AcDbEntity
  8
Wall elevation
100
AcDbPolyline
 90
5
 70
0
 10
3128.0
 20
2906.0
 10
3144.0
 20
2906.0
 10
3144.0
 20
2874.0
 10
3128.0
 20
2874.0
 10
3128.0
 20
2906.0
  0
LWPOLYLINE
  5
3AB
330
17
100
AcDbEntity
  8
Wall elevation
100
AcDbPolyline
 90
5
 70
0
 10
3156.0
 20
2906.0
 10
3172.0
 20
2906.0
 10
3172.0
 20
2874.0
 10
3156.0
 20
2874.0
 10
3156.0
 20
2906.0
  0
LWPOLYLINE
  5
3AC
330
17
100
AcDbEntity
  8
Wall elevation
100
AcDbPolyline
 90
5
 70
0
 10
3184.0
 20
2906.0
 10
3200.0
 20
2906.0
 10
3200.0
 20
2874.0
 10
3184.0
 20
2874.0
 10
3184.0
 20
2906.0
  0
LWPOLYLINE
  5
3AD
330
17
100
AcDbEntity
  8
Wall elevation
100
AcDbPolyline
 90
5
 70
0
 10
3212.0
 20
2906.0
 10
3228.0
 20
2906.0
 10
3228.0
 20
2874.0
 10
3212.0
 20
2874.0
 10
3212.0
 20
2906.0
  0
LWPOLYLINE
  5
3AE
330
17
100
AcDbEntity
  8
Wall elevation
100
AcDbPolyline
 90
5
 70
0
 10
3240.0
 20
2906.0
 10
3256.0
 20
2906.0
 10
3256.0
 20
2874.0
 10
3240.0
 20
2874.0
 10
3240.0
 20
2906.0
  0
LWPOLYLINE
  5
3AF
330
17
100
AcDbEntity
  8
Wall elevation
100
AcDbPolyline
 90
5
 70
0
 10
3268.0
 20
2906.0
 10
3284.0
 20
2906.0
 10
3284.0
 20
2874.0
 10
3268.0
 20
2874.0
 10
3268.0
 20
2906.0
  0
LWPOLYLINE
  5
3B0
330
17
100
AcDbEntity
  8
Wall elevation
100
AcDbPolyline
 90
5
 70
0
 10
3296.0
 20
2906.0
 10
3312.0
 20
2906.0
 10
3312.0
 20
2874.0
 10
3296.0
 20
2874.0
 10
3296.0
 20
2906.0
  0
LWPOLYLINE
  5
3B1
330
17
100
AcDbEntity
  8
Wall elevation
100
AcDbPolyline
 90
5
 70
0
 10
3324.0
 20
2906.0
 10
3340.0
 20
2906.0
 10
3340.0
 20
2874.0
 10
3324.0
 20
2874.0
 10
3324.0
 20
2906.0
  0
LWPOLYLINE
  5
3B2
330
17
100
AcDbEntity
  8
Wall elevation
100
AcDbPolyline
 90
5
 70
0
 10
3352.0
 20
2906.0
 10
3368.0
 20
2906.0
 10
3368.0
 20
2874.0
 10
3352.0
 20
2874.0
 10
3352.0
 20
2906.0
  0
LWPOLYLINE
  5
3B3
330
17
100
AcDbEntity
  8
Wall elevation
100
AcDbPolyline
 90
5
 70
0
 10
3380.0
 20
2906.0
 10
3396.0
 20
2906.0
 10
3396.0
 20
2874.0
 10
3380.0
 20
2874.0
 10
3380.0
 20
2906.0
  0
LWPOLYLINE
  5
3B4
330
17
100
AcDbEntity
  8
Wall elevation
100
AcDbPolyline
 90
5
 70
0
 10
3408.0
 20
2906.0
 10
3424.0
 20
2906.0
 10
3424.0
 20
2874.0
 10
3408.0
 20
2874.0
 10
3408.0
 20
2906.0
  0
LWPOLYLINE
  5
3B5
330
17
100
AcDbEntity
  8
Wall elevation
100
AcDbPolyline
 90
5
 70
0
 10
3436.0
 20
2906.0
 10
3452.0
 20
2906.0
 10
3452.0
 20
2874.0
 10
3436.0
 20
2874.0
 10
3436.0
 20
2906.0
  0
LWPOLYLINE
  5
3B6
330
17
100
AcDbEntity
  8
Wall elevation
100
AcDbPolyline
 90
5
 70
0
 10
3464.0
 20
2906.0
 10
3480.0
 20
2906.0
 10
3480.0
 20
2874.0
 10
3464.0
 20
2874.0
 10
3464.0
 20
2906.0
  0
LWPOLYLINE
  5
3B7
330
17
100
AcDbEntity
  8
Wall elevation
100
AcDbPolyline
 90
5
 70
0
 10
3492.0
 20
2906.0
 10
3508.0
 20
2906.0
 10
3508.0
 20
2874.0
 10
3492.0
 20
2874.0
 10
3492.0
 20
2906.0
  0
LWPOLYLINE
  5
3B8
330
17
100
AcDbEntity
  8
Wall elevation
100
AcDbPolyline
 90
5
 70
0
 10
3520.0
 20
2906.0
 10
3536.0
 20
2906.0
 10
3536.0
 20
2874.0
 10
3520.0
 20
2874.0
 10
3520.0
 20
2906.0
  0
LWPOLYLINE
  5
3B9
330
17
100
AcDbEntity
  8
Wall elevation
100
AcDbPolyline
 90
5
 70
0
 10
3548.0
 20
2906.0
 10
3564.0
 20
2906.0
 10
3564.0
 20
2874.0
 10
3548.0
 20
2874.0
 10
3548.0
 20
2906.0
  0
LWPOLYLINE
  5
3BA
330
17
100
AcDbEntity
  8
Wall elevation
100
AcDbPolyline
 90
5
 70
0
 10
3576.0
 20
2906.0
 10
3592.0
 20
2906.0
 10
3592.0
 20
2874.0
 10
3576.0
 20
2874.0
 10
3576.0
 20
2906.0
  0
LWPOLYLINE
  5
3BB
330
17
100
AcDbEntity
  8
Wall elevation
100
AcDbPolyline
 90
5
 70
0
 10
3604.0
 20
2906.0
 10
3620.0
 20
2906.0
 10
3620.0
 20
2874.0
 10
3604.0
 20
2874.0
 10
3604.0
 20
2906.0
  0
LWPOLYLINE
  5
3BC
330
17
100
AcDbEntity
  8
Wall elevation
100
AcDbPolyline
 90
5
 70
0
 10
3632.0
 20
2906.0
 10
3648.0
 20
2906.0
 10
3648.0
 20
2874.0
 10
3632.0
 20
2874.0
 10
3632.0
 20
2906.0
  0
LWPOLYLINE
  5
3BD
330
17
100
AcDbEntity
  8
Wall elevation
100
AcDbPolyline
 90
5
 70
0
 10
3660.0
 20
2906.0
 10
3676.0
 20
2906.0
 10
3676.0
 20
2874.0
 10
3660.0
 20
2874.0
 10
3660.0
 20
2906.0
  0
LWPOLYLINE
  5
3BE
330
17
100
AcDbEntity
  8
Wall elevation
100
AcDbPolyline
 90
5
 70
0
 10
3688.0
 20
2906.0
 10
3704.0
 20
2906.0
 10
3704.0
 20
2874.0
 10
3688.0
 20
2874.0
 10
3688.0
 20
2906.0
  0
LWPOLYLINE
  5
3BF
330
17
100
AcDbEntity
  8
Wall elevation
100
AcDbPolyline
 90
5
 70
0
 10
3716.0
 20
2906.0
 10
3732.0
 20
2906.0
 10
3732.0
 20
2874.0
 10
3716.0
 20
2874.0
 10
3716.0
 20
2906.0
  0
LWPOLYLINE
  5
3C0
330
17
100
AcDbEntity
  8
Wall elevation
100
AcDbPolyline
 90
5
 70
0
 10
3744.0
 20
2906.0
 10
3760.0
 20
2906.0
 10
3760.0
 20
2874.0
 10
3744.0
 20
2874.0
 10
3744.0
 20
2906.0
  0
LWPOLYLINE
  5
3C1
330
17
100
AcDbEntity
  8
Wall elevation
100
AcDbPolyline
 90
5
 70
0
 10
3772.0
 20
2906.0
 10
3788.0
 20
2906.0
 10
3788.0
 20
2874.0
 10
3772.0
 20
2874.0
 10
3772.0
 20
2906.0
  0
LWPOLYLINE
  5
3C2
330
17
100
AcDbEntity
  8
Wall elevation
100
AcDbPolyline
 90
5
 70
0
 10
182.5
 20
2870.0
 10
232.5
 20
2870.0
 10
232.5
 20
2794.0
 10
182.5
 20
2794.0
 10
182.5
 20
2870.0
  0
LWPOLYLINE
  5
3C3
330
17
100
AcDbEntity
  8
Wall elevation
100
AcDbPolyline
 90
50
 70
0
 10
207.5
 20
2800.0
 10
203.44
 20
2802.42
 10
200.16
 20
2804.83
 10
197.45
 20
2807.25
 10
195.71
 20
2809.67
 10
195.14
 20
2812.08
 10
195.69
 20
2814.5
 10
196.47
 20
2816.92
 10
194.35
 20
2819.33
 10
192.85
 20
2821.75
 10
192.32999999999998
 20
2824.17
 10
192.91
 20
2826.58
 10
194.44
 20
2829.0
 10
196.59
 20
2831.42
 10
198.0
 20
2833.83
 10
197.41
 20
2836.25
 10
197.5
 20
2838.67
 10
198.32
 20
2841.08
 10
199.76
 20
2843.5
 10
201.53
 20
2845.92
 10
203.32999999999998
 20
2848.33
 10
204.47
 20
2850.75
 10
205.2
 20
2853.17
 10
206.26
 20
2855.58
 10
207.5
 20
2858.0
 10
207.5
 20
2858.0
 10
208.74
 20
2855.58
 10
209.8
 20
2853.17
 10
210.53
 20
2850.75
 10
211.67000000000002
 20
2848.33
 10
213.47
 20
2845.92
 10
215.24
 20
2843.5
 10
216.68
 20
2841.08
 10
217.5
 20
2838.67
 10
217.59
 20
2836.25
 10
217.0
 20
2833.83
 10
218.41
 20
2831.42
 10
220.56
 20
2829.0
 10
222.09
 20
2826.58
 10
222.67000000000002
 20
2824.17
 10
222.15
 20
2821.75
 10
220.65
 20
2819.33
 10
218.53
 20
2816.92
 10
219.31
 20
2814.5
 10
219.86
 20
2812.08
 10
219.29000000000002
 20
2809.67
 10
217.55
 20
2807.25
 10
214.84
 20
2804.83
 10
211.56
 20
2802.42
 10
207.5
 20
2800.0
  0
SPLINE
  5
3C4
330
17
100
AcDbEntity
  8
Wall elevation
100
AcDbSpline
 70
0
 71
3
 72
8
 73
4
 74
0
 40
0.0
 40
0.0
 40
0.0
 40
0.0
 40
1.0
 40
1.0
 40
1.0
 40
1.0
 10
207.5
 20
2800.0
 30
0.0
 10
208.63333333333333
 20
2819.3333333333335
 30
0.0
 10
208.63333333333333
 20
2837.12
 30
0.0
 10
207.5
 20
2853.36
 30
0.0
  0
SPLINE
  5
3C5
330
17
100
AcDbEntity
  8
Wall elevation
100
AcDbSpline
 70
0
 71
3
 72
8
 73
4
 74
0
 40
0.0
 40
0.0
 40
0.0
 40
0.0
 40
1.0
 40
1.0
 40
1.0
 40
1.0
 10
207.5
 20
2816.24
 30
0.0
 10
204.1
 20
2817.7866666666664
 30
0.0
 10
200.70000000000002
 20
2820.1066666666666
 30
0.0
 10
197.3
 20
2823.2
 30
0.0
  0
SPLINE
  5
3C6
330
17
100
AcDbEntity
  8
Wall elevation
100
AcDbSpline
 70
0
 71
3
 72
8
 73
4
 74
0
 40
0.0
 40
0.0
 40
0.0
 40
0.0
 40
1.0
 40
1.0
 40
1.0
 40
1.0
 10
207.5
 20
2816.24
 30
0.0
 10
210.9
 20
2817.7866666666664
 30
0.0
 10
214.29999999999998
 20
2820.1066666666666
 30
0.0
 10
217.7
 20
2823.2
 30
0.0
  0
SPLINE
  5
3C7
330
17
100
AcDbEntity
  8
Wall elevation
100
AcDbSpline
 70
0
 71
3
 72
8
 73
4
 74
0
 40
0.0
 40
0.0
 40
0.0
 40
0.0
 40
1.0
 40
1.0
 40
1.0
 40
1.0
 10
207.5
 20
2829.0
 30
0.0
 10
204.1
 20
2830.5466666666666
 30
0.0
 10
200.70000000000002
 20
2832.866666666667
 30
0.0
 10
197.3
 20
2835.96
 30
0.0
  0
SPLINE
  5
3C8
330
17
100
AcDbEntity
  8
Wall elevation
100
AcDbSpline
 70
0
 71
3
 72
8
 73
4
 74
0
 40
0.0
 40
0.0
 40
0.0
 40
0.0
 40
1.0
 40
1.0
 40
1.0
 40
1.0
 10
207.5
 20
2829.0
 30
0.0
 10
210.9
 20
2830.5466666666666
 30
0.0
 10
214.29999999999998
 20
2832.866666666667
 30
0.0
 10
217.7
 20
2835.96
 30
0.0
  0
SPLINE
  5
3C9
330
17
100
AcDbEntity
  8
Wall elevation
100
AcDbSpline
 70
0
 71
3
 72
8
 73
4
 74
0
 40
0.0
 40
0.0
 40
0.0
 40
0.0
 40
1.0
 40
1.0
 40
1.0
 40
1.0
 10
207.5
 20
2840.6
 30
0.0
 10
204.1
 20
2842.1466666666665
 30
0.0
 10
200.70000000000002
 20
2844.4666666666667
 30
0.0
 10
197.3
 20
2847.56
 30
0.0
  0
SPLINE
  5
3CA
330
17
100
AcDbEntity
  8
Wall elevation
100
AcDbSpline
 70
0
 71
3
 72
8
 73
4
 74
0
 40
0.0
 40
0.0
 40
0.0
 40
0.0
 40
1.0
 40
1.0
 40
1.0
 40
1.0
 10
207.5
 20
2840.6
 30
0.0
 10
210.9
 20
2842.1466666666665
 30
0.0
 10
214.29999999999998
 20
2844.4666666666667
 30
0.0
 10
217.7
 20
2847.56
 30
0.0
  0
SPLINE
  5
3CB
330
17
100
AcDbEntity
  8
Wall elevation
100
AcDbSpline
 70
0
 71
3
 72
8
 73
4
 74
0
 40
0.0
 40
0.0
 40
0.0
 40
0.0
 40
1.0
 40
1.0
 40
1.0
 40
1.0
 10
189.5
 20
2864.0
 30
0.0
 10
193.5
 20
2858.6666666666665
 30
0.0
 10
197.5
 20
2858.6666666666665
 30
0.0
 10
201.5
 20
2864.0
 30
0.0
  0
SPLINE
  5
3CC
330
17
100
AcDbEntity
  8
Wall elevation
100
AcDbSpline
 70
0
 71
3
 72
8
 73
4
 74
0
 40
0.0
 40
0.0
 40
0.0
 40
0.0
 40
1.0
 40
1.0
 40
1.0
 40
1.0
 10
213.5
 20
2864.0
 30
0.0
 10
217.5
 20
2858.6666666666665
 30
0.0
 10
221.5
 20
2858.6666666666665
 30
0.0
 10
225.5
 20
2864.0
 30
0.0
  0
LWPOLYLINE
  5
3CD
330
17
100
AcDbEntity
  8
Wall elevation
100
AcDbPolyline
 90
5
 70
0
 10
297.5
 20
2870.0
 10
347.5
 20
2870.0
 10
347.5
 20
2794.0
 10
297.5
 20
2794.0
 10
297.5
 20
2870.0
  0
LWPOLYLINE
  5
3CE
330
17
100
AcDbEntity
  8
Wall elevation
100
AcDbPolyline
 90
50
 70
0
 10
322.5
 20
2800.0
 10
318.44
 20
2802.42
 10
315.15999999999997
 20
2804.83
 10
312.45
 20
2807.25
 10
310.71000000000004
 20
2809.67
 10
310.14
 20
2812.08
 10
310.69
 20
2814.5
 10
311.47
 20
2816.92
 10
309.35
 20
2819.33
 10
307.85
 20
2821.75
 10
307.33000000000004
 20
2824.17
 10
307.90999999999997
 20
2826.58
 10
309.44
 20
2829.0
 10
311.59000000000003
 20
2831.42
 10
313.0
 20
2833.83
 10
312.40999999999997
 20
2836.25
 10
312.5
 20
2838.67
 10
313.32
 20
2841.08
 10
314.76
 20
2843.5
 10
316.53
 20
2845.92
 10
318.33000000000004
 20
2848.33
 10
319.47
 20
2850.75
 10
320.2
 20
2853.17
 10
321.26
 20
2855.58
 10
322.5
 20
2858.0
 10
322.5
 20
2858.0
 10
323.74
 20
2855.58
 10
324.8
 20
2853.17
 10
325.53
 20
2850.75
 10
326.66999999999996
 20
2848.33
 10
328.47
 20
2845.92
 10
330.24
 20
2843.5
 10
331.68
 20
2841.08
 10
332.5
 20
2838.67
 10
332.59000000000003
 20
2836.25
 10
332.0
 20
2833.83
 10
333.40999999999997
 20
2831.42
 10
335.56
 20
2829.0
 10
337.09000000000003
 20
2826.58
 10
337.66999999999996
 20
2824.17
 10
337.15
 20
2821.75
 10
335.65
 20
2819.33
 10
333.53
 20
2816.92
 10
334.31
 20
2814.5
 10
334.86
 20
2812.08
 10
334.28999999999996
 20
2809.67
 10
332.55
 20
2807.25
 10
329.84000000000003
 20
2804.83
 10
326.56
 20
2802.42
 10
322.5
 20
2800.0
  0
SPLINE
  5
3CF
330
17
100
AcDbEntity
  8
Wall elevation
100
AcDbSpline
 70
0
 71
3
 72
8
 73
4
 74
0
 40
0.0
 40
0.0
 40
0.0
 40
0.0
 40
1.0
 40
1.0
 40
1.0
 40
1.0
 10
322.5
 20
2800.0
 30
0.0
 10
323.6333333333333
 20
2819.3333333333335
 30
0.0
 10
323.6333333333333
 20
2837.12
 30
0.0
 10
322.5
 20
2853.36
 30
0.0
  0
SPLINE
  5
3D0
330
17
100
AcDbEntity
  8
Wall elevation
100
AcDbSpline
 70
0
 71
3
 72
8
 73
4
 74
0
 40
0.0
 40
0.0
 40
0.0
 40
0.0
 40
1.0
 40
1.0
 40
1.0
 40
1.0
 10
322.5
 20
2816.24
 30
0.0
 10
319.09999999999997
 20
2817.7866666666664
 30
0.0
 10
315.7
 20
2820.1066666666666
 30
0.0
 10
312.3
 20
2823.2
 30
0.0
  0
SPLINE
  5
3D1
330
17
100
AcDbEntity
  8
Wall elevation
100
AcDbSpline
 70
0
 71
3
 72
8
 73
4
 74
0
 40
0.0
 40
0.0
 40
0.0
 40
0.0
 40
1.0
 40
1.0
 40
1.0
 40
1.0
 10
322.5
 20
2816.24
 30
0.0
 10
325.90000000000003
 20
2817.7866666666664
 30
0.0
 10
329.3
 20
2820.1066666666666
 30
0.0
 10
332.7
 20
2823.2
 30
0.0
  0
SPLINE
  5
3D2
330
17
100
AcDbEntity
  8
Wall elevation
100
AcDbSpline
 70
0
 71
3
 72
8
 73
4
 74
0
 40
0.0
 40
0.0
 40
0.0
 40
0.0
 40
1.0
 40
1.0
 40
1.0
 40
1.0
 10
322.5
 20
2829.0
 30
0.0
 10
319.09999999999997
 20
2830.5466666666666
 30
0.0
 10
315.7
 20
2832.866666666667
 30
0.0
 10
312.3
 20
2835.96
 30
0.0
  0
SPLINE
  5
3D3
330
17
100
AcDbEntity
  8
Wall elevation
100
AcDbSpline
 70
0
 71
3
 72
8
 73
4
 74
0
 40
0.0
 40
0.0
 40
0.0
 40
0.0
 40
1.0
 40
1.0
 40
1.0
 40
1.0
 10
322.5
 20
2829.0
 30
0.0
 10
325.90000000000003
 20
2830.5466666666666
 30
0.0
 10
329.3
 20
2832.866666666667
 30
0.0
 10
332.7
 20
2835.96
 30
0.0
  0
SPLINE
  5
3D4
330
17
100
AcDbEntity
  8
Wall elevation
100
AcDbSpline
 70
0
 71
3
 72
8
 73
4
 74
0
 40
0.0
 40
0.0
 40
0.0
 40
0.0
 40
1.0
 40
1.0
 40
1.0
 40
1.0
 10
322.5
 20
2840.6
 30
0.0
 10
319.09999999999997
 20
2842.1466666666665
 30
0.0
 10
315.7
 20
2844.4666666666667
 30
0.0
 10
312.3
 20
2847.56
 30
0.0
  0
SPLINE
  5
3D5
330
17
100
AcDbEntity
  8
Wall elevation
100
AcDbSpline
 70
0
 71
3
 72
8
 73
4
 74
0
 40
0.0
 40
0.0
 40
0.0
 40
0.0
 40
1.0
 40
1.0
 40
1.0
 40
1.0
 10
322.5
 20
2840.6
 30
0.0
 10
325.90000000000003
 20
2842.1466666666665
 30
0.0
 10
329.3
 20
2844.4666666666667
 30
0.0
 10
332.7
 20
2847.56
 30
0.0
  0
SPLINE
  5
3D6
330
17
100
AcDbEntity
  8
Wall elevation
100
AcDbSpline
 70
0
 71
3
 72
8
 73
4
 74
0
 40
0.0
 40
0.0
 40
0.0
 40
0.0
 40
1.0
 40
1.0
 40
1.0
 40
1.0
 10
304.5
 20
2864.0
 30
0.0
 10
308.5
 20
2858.6666666666665
 30
0.0
 10
312.5
 20
2858.6666666666665
 30
0.0
 10
316.5
 20
2864.0
 30
0.0
  0
SPLINE
  5
3D7
330
17
100
AcDbEntity
  8
Wall elevation
100
AcDbSpline
 70
0
 71
3
 72
8
 73
4
 74
0
 40
0.0
 40
0.0
 40
0.0
 40
0.0
 40
1.0
 40
1.0
 40
1.0
 40
1.0
 10
328.5
 20
2864.0
 30
0.0
 10
332.5
 20
2858.6666666666665
 30
0.0
 10
336.5
 20
2858.6666666666665
 30
0.0
 10
340.5
 20
2864.0
 30
0.0
  0
LWPOLYLINE
  5
3D8
330
17
100
AcDbEntity
  8
Wall elevation
100
AcDbPolyline
 90
5
 70
0
 10
412.5
 20
2870.0
 10
462.5
 20
2870.0
 10
462.5
 20
2794.0
 10
412.5
 20
2794.0
 10
412.5
 20
2870.0
  0
LWPOLYLINE
  5
3D9
330
17
100
AcDbEntity
  8
Wall elevation
100
AcDbPolyline
 90
50
 70
0
 10
437.5
 20
2800.0
 10
433.44
 20
2802.42
 10
430.16
 20
2804.83
 10
427.45
 20
2807.25
 10
425.71
 20
2809.67
 10
425.14
 20
2812.08
 10
425.69
 20
2814.5
 10
426.47
 20
2816.92
 10
424.35
 20
2819.33
 10
422.85
 20
2821.75
 10
422.33
 20
2824.17
 10
422.91
 20
2826.58
 10
424.44
 20
2829.0
 10
426.59
 20
2831.42
 10
428.0
 20
2833.83
 10
427.41
 20
2836.25
 10
427.5
 20
2838.67
 10
428.32
 20
2841.08
 10
429.76
 20
2843.5
 10
431.53
 20
2845.92
 10
433.33
 20
2848.33
 10
434.47
 20
2850.75
 10
435.2
 20
2853.17
 10
436.26
 20
2855.58
 10
437.5
 20
2858.0
 10
437.5
 20
2858.0
 10
438.74
 20
2855.58
 10
439.8
 20
2853.17
 10
440.53
 20
2850.75
 10
441.67
 20
2848.33
 10
443.47
 20
2845.92
 10
445.24
 20
2843.5
 10
446.68
 20
2841.08
 10
447.5
 20
2838.67
 10
447.59
 20
2836.25
 10
447.0
 20
2833.83
 10
448.41
 20
2831.42
 10
450.56
 20
2829.0
 10
452.09
 20
2826.58
 10
452.67
 20
2824.17
 10
452.15
 20
2821.75
 10
450.65
 20
2819.33
 10
448.53
 20
2816.92
 10
449.31
 20
2814.5
 10
449.86
 20
2812.08
 10
449.29
 20
2809.67
 10
447.55
 20
2807.25
 10
444.84
 20
2804.83
 10
441.56
 20
2802.42
 10
437.5
 20
2800.0
  0
SPLINE
  5
3DA
330
17
100
AcDbEntity
  8
Wall elevation
100
AcDbSpline
 70
0
 71
3
 72
8
 73
4
 74
0
 40
0.0
 40
0.0
 40
0.0
 40
0.0
 40
1.0
 40
1.0
 40
1.0
 40
1.0
 10
437.5
 20
2800.0
 30
0.0
 10
438.6333333333333
 20
2819.3333333333335
 30
0.0
 10
438.6333333333333
 20
2837.12
 30
0.0
 10
437.5
 20
2853.36
 30
0.0
  0
SPLINE
  5
3DB
330
17
100
AcDbEntity
  8
Wall elevation
100
AcDbSpline
 70
0
 71
3
 72
8
 73
4
 74
0
 40
0.0
 40
0.0
 40
0.0
 40
0.0
 40
1.0
 40
1.0
 40
1.0
 40
1.0
 10
437.5
 20
2816.24
 30
0.0
 10
434.09999999999997
 20
2817.7866666666664
 30
0.0
 10
430.7
 20
2820.1066666666666
 30
0.0
 10
427.3
 20
2823.2
 30
0.0
  0
SPLINE
  5
3DC
330
17
100
AcDbEntity
  8
Wall elevation
100
AcDbSpline
 70
0
 71
3
 72
8
 73
4
 74
0
 40
0.0
 40
0.0
 40
0.0
 40
0.0
 40
1.0
 40
1.0
 40
1.0
 40
1.0
 10
437.5
 20
2816.24
 30
0.0
 10
440.90000000000003
 20
2817.7866666666664
 30
0.0
 10
444.3
 20
2820.1066666666666
 30
0.0
 10
447.7
 20
2823.2
 30
0.0
  0
SPLINE
  5
3DD
330
17
100
AcDbEntity
  8
Wall elevation
100
AcDbSpline
 70
0
 71
3
 72
8
 73
4
 74
0
 40
0.0
 40
0.0
 40
0.0
 40
0.0
 40
1.0
 40
1.0
 40
1.0
 40
1.0
 10
437.5
 20
2829.0
 30
0.0
 10
434.09999999999997
 20
2830.5466666666666
 30
0.0
 10
430.7
 20
2832.866666666667
 30
0.0
 10
427.3
 20
2835.96
 30
0.0
  0
SPLINE
  5
3DE
330
17
100
AcDbEntity
  8
Wall elevation
100
AcDbSpline
 70
0
 71
3
 72
8
 73
4
 74
0
 40
0.0
 40
0.0
 40
0.0
 40
0.0
 40
1.0
 40
1.0
 40
1.0
 40
1.0
 10
437.5
 20
2829.0
 30
0.0
 10
440.90000000000003
 20
2830.5466666666666
 30
0.0
 10
444.3
 20
2832.866666666667
 30
0.0
 10
447.7
 20
2835.96
 30
0.0
  0
SPLINE
  5
3DF
330
17
100
AcDbEntity
  8
Wall elevation
100
AcDbSpline
 70
0
 71
3
 72
8
 73
4
 74
0
 40
0.0
 40
0.0
 40
0.0
 40
0.0
 40
1.0
 40
1.0
 40
1.0
 40
1.0
 10
437.5
 20
2840.6
 30
0.0
 10
434.09999999999997
 20
2842.1466666666665
 30
0.0
 10
430.7
 20
2844.4666666666667
 30
0.0
 10
427.3
 20
2847.56
 30
0.0
  0
SPLINE
  5
3E0
330
17
100
AcDbEntity
  8
Wall elevation
100
AcDbSpline
 70
0
 71
3
 72
8
 73
4
 74
0
 40
0.0
 40
0.0
 40
0.0
 40
0.0
 40
1.0
 40
1.0
 40
1.0
 40
1.0
 10
437.5
 20
2840.6
 30
0.0
 10
440.90000000000003
 20
2842.1466666666665
 30
0.0
 10
444.3
 20
2844.4666666666667
 30
0.0
 10
447.7
 20
2847.56
 30
0.0
  0
SPLINE
  5
3E1
330
17
100
AcDbEntity
  8
Wall elevation
100
AcDbSpline
 70
0
 71
3
 72
8
 73
4
 74
0
 40
0.0
 40
0.0
 40
0.0
 40
0.0
 40
1.0
 40
1.0
 40
1.0
 40
1.0
 10
419.5
 20
2864.0
 30
0.0
 10
423.5
 20
2858.6666666666665
 30
0.0
 10
427.5
 20
2858.6666666666665
 30
0.0
 10
431.5
 20
2864.0
 30
0.0
  0
SPLINE
  5
3E2
330
17
100
AcDbEntity
  8
Wall elevation
100
AcDbSpline
 70
0
 71
3
 72
8
 73
4
 74
0
 40
0.0
 40
0.0
 40
0.0
 40
0.0
 40
1.0
 40
1.0
 40
1.0
 40
1.0
 10
443.5
 20
2864.0
 30
0.0
 10
447.5
 20
2858.6666666666665
 30
0.0
 10
451.5
 20
2858.6666666666665
 30
0.0
 10
455.5
 20
2864.0
 30
0.0
  0
LWPOLYLINE
  5
3E3
330
17
100
AcDbEntity
  8
Wall elevation
100
AcDbPolyline
 90
5
 70
0
 10
527.5
 20
2870.0
 10
577.5
 20
2870.0
 10
577.5
 20
2794.0
 10
527.5
 20
2794.0
 10
527.5
 20
2870.0
  0
LWPOLYLINE
  5
3E4
330
17
100
AcDbEntity
  8
Wall elevation
100
AcDbPolyline
 90
50
 70
0
 10
552.5
 20
2800.0
 10
548.44
 20
2802.42
 10
545.1600000000001
 20
2804.83
 10
542.45
 20
2807.25
 10
540.71
 20
2809.67
 10
540.14
 20
2812.08
 10
540.69
 20
2814.5
 10
541.47
 20
2816.92
 10
539.35
 20
2819.33
 10
537.85
 20
2821.75
 10
537.3299999999999
 20
2824.17
 10
537.9100000000001
 20
2826.58
 10
539.44
 20
2829.0
 10
541.5899999999999
 20
2831.42
 10
543.0
 20
2833.83
 10
542.4100000000001
 20
2836.25
 10
542.5
 20
2838.67
 10
543.3199999999999
 20
2841.08
 10
544.76
 20
2843.5
 10
546.53
 20
2845.92
 10
548.3299999999999
 20
2848.33
 10
549.47
 20
2850.75
 10
550.2
 20
2853.17
 10
551.26
 20
2855.58
 10
552.5
 20
2858.0
 10
552.5
 20
2858.0
 10
553.74
 20
2855.58
 10
554.8
 20
2853.17
 10
555.53
 20
2850.75
 10
556.6700000000001
 20
2848.33
 10
558.47
 20
2845.92
 10
560.24
 20
2843.5
 10
561.6800000000001
 20
2841.08
 10
562.5
 20
2838.67
 10
562.5899999999999
 20
2836.25
 10
562.0
 20
2833.83
 10
563.4100000000001
 20
2831.42
 10
565.56
 20
2829.0
 10
567.0899999999999
 20
2826.58
 10
567.6700000000001
 20
2824.17
 10
567.15
 20
2821.75
 10
565.65
 20
2819.33
 10
563.53
 20
2816.92
 10
564.31
 20
2814.5
 10
564.86
 20
2812.08
 10
564.29
 20
2809.67
 10
562.55
 20
2807.25
 10
559.8399999999999
 20
2804.83
 10
556.56
 20
2802.42
 10
552.5
 20
2800.0
  0
SPLINE
  5
3E5
330
17
100
AcDbEntity
  8
Wall elevation
100
AcDbSpline
 70
0
 71
3
 72
8
 73
4
 74
0
 40
0.0
 40
0.0
 40
0.0
 40
0.0
 40
1.0
 40
1.0
 40
1.0
 40
1.0
 10
552.5
 20
2800.0
 30
0.0
 10
553.6333333333333
 20
2819.3333333333335
 30
0.0
 10
553.6333333333333
 20
2837.12
 30
0.0
 10
552.5
 20
2853.36
 30
0.0
  0
SPLINE
  5
3E6
330
17
100
AcDbEntity
  8
Wall elevation
100
AcDbSpline
 70
0
 71
3
 72
8
 73
4
 74
0
 40
0.0
 40
0.0
 40
0.0
 40
0.0
 40
1.0
 40
1.0
 40
1.0
 40
1.0
 10
552.5
 20
2816.24
 30
0.0
 10
549.1
 20
2817.7866666666664
 30
0.0
 10
545.6999999999999
 20
2820.1066666666666
 30
0.0
 10
542.3
 20
2823.2
 30
0.0
  0
SPLINE
  5
3E7
330
17
100
AcDbEntity
  8
Wall elevation
100
AcDbSpline
 70
0
 71
3
 72
8
 73
4
 74
0
 40
0.0
 40
0.0
 40
0.0
 40
0.0
 40
1.0
 40
1.0
 40
1.0
 40
1.0
 10
552.5
 20
2816.24
 30
0.0
 10
555.9
 20
2817.7866666666664
 30
0.0
 10
559.3000000000001
 20
2820.1066666666666
 30
0.0
 10
562.7
 20
2823.2
 30
0.0
  0
SPLINE
  5
3E8
330
17
100
AcDbEntity
  8
Wall elevation
100
AcDbSpline
 70
0
 71
3
 72
8
 73
4
 74
0
 40
0.0
 40
0.0
 40
0.0
 40
0.0
 40
1.0
 40
1.0
 40
1.0
 40
1.0
 10
552.5
 20
2829.0
 30
0.0
 10
549.1
 20
2830.5466666666666
 30
0.0
 10
545.6999999999999
 20
2832.866666666667
 30
0.0
 10
542.3
 20
2835.96
 30
0.0
  0
SPLINE
  5
3E9
330
17
100
AcDbEntity
  8
Wall elevation
100
AcDbSpline
 70
0
 71
3
 72
8
 73
4
 74
0
 40
0.0
 40
0.0
 40
0.0
 40
0.0
 40
1.0
 40
1.0
 40
1.0
 40
1.0
 10
552.5
 20
2829.0
 30
0.0
 10
555.9
 20
2830.5466666666666
 30
0.0
 10
559.3000000000001
 20
2832.866666666667
 30
0.0
 10
562.7
 20
2835.96
 30
0.0
  0
SPLINE
  5
3EA
330
17
100
AcDbEntity
  8
Wall elevation
100
AcDbSpline
 70
0
 71
3
 72
8
 73
4
 74
0
 40
0.0
 40
0.0
 40
0.0
 40
0.0
 40
1.0
 40
1.0
 40
1.0
 40
1.0
 10
552.5
 20
2840.6
 30
0.0
 10
549.1
 20
2842.1466666666665
 30
0.0
 10
545.6999999999999
 20
2844.4666666666667
 30
0.0
 10
542.3
 20
2847.56
 30
0.0
  0
SPLINE
  5
3EB
330
17
100
AcDbEntity
  8
Wall elevation
100
AcDbSpline
 70
0
 71
3
 72
8
 73
4
 74
0
 40
0.0
 40
0.0
 40
0.0
 40
0.0
 40
1.0
 40
1.0
 40
1.0
 40
1.0
 10
552.5
 20
2840.6
 30
0.0
 10
555.9
 20
2842.1466666666665
 30
0.0
 10
559.3000000000001
 20
2844.4666666666667
 30
0.0
 10
562.7
 20
2847.56
 30
0.0
  0
SPLINE
  5
3EC
330
17
100
AcDbEntity
  8
Wall elevation
100
AcDbSpline
 70
0
 71
3
 72
8
 73
4
 74
0
 40
0.0
 40
0.0
 40
0.0
 40
0.0
 40
1.0
 40
1.0
 40
1.0
 40
1.0
 10
534.5
 20
2864.0
 30
0.0
 10
538.5
 20
2858.6666666666665
 30
0.0
 10
542.5
 20
2858.6666666666665
 30
0.0
 10
546.5
 20
2864.0
 30
0.0
  0
SPLINE
  5
3ED
330
17
100
AcDbEntity
  8
Wall elevation
100
AcDbSpline
 70
0
 71
3
 72
8
 73
4
 74
0
 40
0.0
 40
0.0
 40
0.0
 40
0.0
 40
1.0
 40
1.0
 40
1.0
 40
1.0
 10
558.5
 20
2864.0
 30
0.0
 10
562.5
 20
2858.6666666666665
 30
0.0
 10
566.5
 20
2858.6666666666665
 30
0.0
 10
570.5
 20
2864.0
 30
0.0
  0
LWPOLYLINE
  5
3EE
330
17
100
AcDbEntity
  8
Wall elevation
100
AcDbPolyline
 90
5
 70
0
 10
642.5
 20
2870.0
 10
692.5
 20
2870.0
 10
692.5
 20
2794.0
 10
642.5
 20
2794.0
 10
642.5
 20
2870.0
  0
LWPOLYLINE
  5
3EF
330
17
100
AcDbEntity
  8
Wall elevation
100
AcDbPolyline
 90
50
 70
0
 10
667.5
 20
2800.0
 10
663.44
 20
2802.42
 10
660.1600000000001
 20
2804.83
 10
657.45
 20
2807.25
 10
655.71
 20
2809.67
 10
655.14
 20
2812.08
 10
655.69
 20
2814.5
 10
656.47
 20
2816.92
 10
654.35
 20
2819.33
 10
652.85
 20
2821.75
 10
652.3299999999999
 20
2824.17
 10
652.9100000000001
 20
2826.58
 10
654.44
 20
2829.0
 10
656.5899999999999
 20
2831.42
 10
658.0
 20
2833.83
 10
657.4100000000001
 20
2836.25
 10
657.5
 20
2838.67
 10
658.3199999999999
 20
2841.08
 10
659.76
 20
2843.5
 10
661.53
 20
2845.92
 10
663.33
 20
2848.33
 10
664.47
 20
2850.75
 10
665.2
 20
2853.17
 10
666.26
 20
2855.58
 10
667.5
 20
2858.0
 10
667.5
 20
2858.0
 10
668.74
 20
2855.58
 10
669.8
 20
2853.17
 10
670.53
 20
2850.75
 10
671.67
 20
2848.33
 10
673.47
 20
2845.92
 10
675.24
 20
2843.5
 10
676.68
 20
2841.08
 10
677.5
 20
2838.67
 10
677.59
 20
2836.25
 10
677.0
 20
2833.83
 10
678.41
 20
2831.42
 10
680.56
 20
2829.0
 10
682.09
 20
2826.58
 10
682.67
 20
2824.17
 10
682.15
 20
2821.75
 10
680.65
 20
2819.33
 10
678.53
 20
2816.92
 10
679.31
 20
2814.5
 10
679.86
 20
2812.08
 10
679.29
 20
2809.67
 10
677.55
 20
2807.25
 10
674.84
 20
2804.83
 10
671.56
 20
2802.42
 10
667.5
 20
2800.0
  0
SPLINE
  5
3F0
330
17
100
AcDbEntity
  8
Wall elevation
100
AcDbSpline
 70
0
 71
3
 72
8
 73
4
 74
0
 40
0.0
 40
0.0
 40
0.0
 40
0.0
 40
1.0
 40
1.0
 40
1.0
 40
1.0
 10
667.5
 20
2800.0
 30
0.0
 10
668.6333333333333
 20
2819.3333333333335
 30
0.0
 10
668.6333333333333
 20
2837.12
 30
0.0
 10
667.5
 20
2853.36
 30
0.0
  0
SPLINE
  5
3F1
330
17
100
AcDbEntity
  8
Wall elevation
100
AcDbSpline
 70
0
 71
3
 72
8
 73
4
 74
0
 40
0.0
 40
0.0
 40
0.0
 40
0.0
 40
1.0
 40
1.0
 40
1.0
 40
1.0
 10
667.5
 20
2816.24
 30
0.0
 10
664.1
 20
2817.7866666666664
 30
0.0
 10
660.6999999999999
 20
2820.1066666666666
 30
0.0
 10
657.3
 20
2823.2
 30
0.0
  0
SPLINE
  5
3F2
330
17
100
AcDbEntity
  8
Wall elevation
100
AcDbSpline
 70
0
 71
3
 72
8
 73
4
 74
0
 40
0.0
 40
0.0
 40
0.0
 40
0.0
 40
1.0
 40
1.0
 40
1.0
 40
1.0
 10
667.5
 20
2816.24
 30
0.0
 10
670.9
 20
2817.7866666666664
 30
0.0
 10
674.3000000000001
 20
2820.1066666666666
 30
0.0
 10
677.7
 20
2823.2
 30
0.0
  0
SPLINE
  5
3F3
330
17
100
AcDbEntity
  8
Wall elevation
100
AcDbSpline
 70
0
 71
3
 72
8
 73
4
 74
0
 40
0.0
 40
0.0
 40
0.0
 40
0.0
 40
1.0
 40
1.0
 40
1.0
 40
1.0
 10
667.5
 20
2829.0
 30
0.0
 10
664.1
 20
2830.5466666666666
 30
0.0
 10
660.6999999999999
 20
2832.866666666667
 30
0.0
 10
657.3
 20
2835.96
 30
0.0
  0
SPLINE
  5
3F4
330
17
100
AcDbEntity
  8
Wall elevation
100
AcDbSpline
 70
0
 71
3
 72
8
 73
4
 74
0
 40
0.0
 40
0.0
 40
0.0
 40
0.0
 40
1.0
 40
1.0
 40
1.0
 40
1.0
 10
667.5
 20
2829.0
 30
0.0
 10
670.9
 20
2830.5466666666666
 30
0.0
 10
674.3000000000001
 20
2832.866666666667
 30
0.0
 10
677.7
 20
2835.96
 30
0.0
  0
SPLINE
  5
3F5
330
17
100
AcDbEntity
  8
Wall elevation
100
AcDbSpline
 70
0
 71
3
 72
8
 73
4
 74
0
 40
0.0
 40
0.0
 40
0.0
 40
0.0
 40
1.0
 40
1.0
 40
1.0
 40
1.0
 10
667.5
 20
2840.6
 30
0.0
 10
664.1
 20
2842.1466666666665
 30
0.0
 10
660.6999999999999
 20
2844.4666666666667
 30
0.0
 10
657.3
 20
2847.56
 30
0.0
  0
SPLINE
  5
3F6
330
17
100
AcDbEntity
  8
Wall elevation
100
AcDbSpline
 70
0
 71
3
 72
8
 73
4
 74
0
 40
0.0
 40
0.0
 40
0.0
 40
0.0
 40
1.0
 40
1.0
 40
1.0
 40
1.0
 10
667.5
 20
2840.6
 30
0.0
 10
670.9
 20
2842.1466666666665
 30
0.0
 10
674.3000000000001
 20
2844.4666666666667
 30
0.0
 10
677.7
 20
2847.56
 30
0.0
  0
SPLINE
  5
3F7
330
17
100
AcDbEntity
  8
Wall elevation
100
AcDbSpline
 70
0
 71
3
 72
8
 73
4
 74
0
 40
0.0
 40
0.0
 40
0.0
 40
0.0
 40
1.0
 40
1.0
 40
1.0
 40
1.0
 10
649.5
 20
2864.0
 30
0.0
 10
653.5
 20
2858.6666666666665
 30
0.0
 10
657.5
 20
2858.6666666666665
 30
0.0
 10
661.5
 20
2864.0
 30
0.0
  0
SPLINE
  5
3F8
330
17
100
AcDbEntity
  8
Wall elevation
100
AcDbSpline
 70
0
 71
3
 72
8
 73
4
 74
0
 40
0.0
 40
0.0
 40
0.0
 40
0.0
 40
1.0
 40
1.0
 40
1.0
 40
1.0
 10
673.5
 20
2864.0
 30
0.0
 10
677.5
 20
2858.6666666666665
 30
0.0
 10
681.5
 20
2858.6666666666665
 30
0.0
 10
685.5
 20
2864.0
 30
0.0
  0
LWPOLYLINE
  5
3F9
330
17
100
AcDbEntity
  8
Wall elevation
100
AcDbPolyline
 90
5
 70
0
 10
757.5
 20
2870.0
 10
807.5
 20
2870.0
 10
807.5
 20
2794.0
 10
757.5
 20
2794.0
 10
757.5
 20
2870.0
  0
LWPOLYLINE
  5
3FA
330
17
100
AcDbEntity
  8
Wall elevation
100
AcDbPolyline
 90
50
 70
0
 10
782.5
 20
2800.0
 10
778.44
 20
2802.42
 10
775.16
 20
2804.83
 10
772.45
 20
2807.25
 10
770.71
 20
2809.67
 10
770.14
 20
2812.08
 10
770.69
 20
2814.5
 10
771.47
 20
2816.92
 10
769.35
 20
2819.33
 10
767.85
 20
2821.75
 10
767.33
 20
2824.17
 10
767.91
 20
2826.58
 10
769.44
 20
2829.0
 10
771.59
 20
2831.42
 10
773.0
 20
2833.83
 10
772.41
 20
2836.25
 10
772.5
 20
2838.67
 10
773.32
 20
2841.08
 10
774.76
 20
2843.5
 10
776.53
 20
2845.92
 10
778.33
 20
2848.33
 10
779.47
 20
2850.75
 10
780.2
 20
2853.17
 10
781.26
 20
2855.58
 10
782.5
 20
2858.0
 10
782.5
 20
2858.0
 10
783.74
 20
2855.58
 10
784.8
 20
2853.17
 10
785.53
 20
2850.75
 10
786.67
 20
2848.33
 10
788.47
 20
2845.92
 10
790.24
 20
2843.5
 10
791.68
 20
2841.08
 10
792.5
 20
2838.67
 10
792.59
 20
2836.25
 10
792.0
 20
2833.83
 10
793.41
 20
2831.42
 10
795.56
 20
2829.0
 10
797.09
 20
2826.58
 10
797.67
 20
2824.17
 10
797.15
 20
2821.75
 10
795.65
 20
2819.33
 10
793.53
 20
2816.92
 10
794.31
 20
2814.5
 10
794.86
 20
2812.08
 10
794.29
 20
2809.67
 10
792.55
 20
2807.25
 10
789.84
 20
2804.83
 10
786.56
 20
2802.42
 10
782.5
 20
2800.0
  0
SPLINE
  5
3FB
330
17
100
AcDbEntity
  8
Wall elevation
100
AcDbSpline
 70
0
 71
3
 72
8
 73
4
 74
0
 40
0.0
 40
0.0
 40
0.0
 40
0.0
 40
1.0
 40
1.0
 40
1.0
 40
1.0
 10
782.5
 20
2800.0
 30
0.0
 10
783.6333333333333
 20
2819.3333333333335
 30
0.0
 10
783.6333333333333
 20
2837.12
 30
0.0
 10
782.5
 20
2853.36
 30
0.0
  0
SPLINE
  5
3FC
330
17
100
AcDbEntity
  8
Wall elevation
100
AcDbSpline
 70
0
 71
3
 72
8
 73
4
 74
0
 40
0.0
 40
0.0
 40
0.0
 40
0.0
 40
1.0
 40
1.0
 40
1.0
 40
1.0
 10
782.5
 20
2816.24
 30
0.0
 10
779.1
 20
2817.7866666666664
 30
0.0
 10
775.6999999999999
 20
2820.1066666666666
 30
0.0
 10
772.3
 20
2823.2
 30
0.0
  0
SPLINE
  5
3FD
330
17
100
AcDbEntity
  8
Wall elevation
100
AcDbSpline
 70
0
 71
3
 72
8
 73
4
 74
0
 40
0.0
 40
0.0
 40
0.0
 40
0.0
 40
1.0
 40
1.0
 40
1.0
 40
1.0
 10
782.5
 20
2816.24
 30
0.0
 10
785.9
 20
2817.7866666666664
 30
0.0
 10
789.3000000000001
 20
2820.1066666666666
 30
0.0
 10
792.7
 20
2823.2
 30
0.0
  0
SPLINE
  5
3FE
330
17
100
AcDbEntity
  8
Wall elevation
100
AcDbSpline
 70
0
 71
3
 72
8
 73
4
 74
0
 40
0.0
 40
0.0
 40
0.0
 40
0.0
 40
1.0
 40
1.0
 40
1.0
 40
1.0
 10
782.5
 20
2829.0
 30
0.0
 10
779.1
 20
2830.5466666666666
 30
0.0
 10
775.6999999999999
 20
2832.866666666667
 30
0.0
 10
772.3
 20
2835.96
 30
0.0
  0
SPLINE
  5
3FF
330
17
100
AcDbEntity
  8
Wall elevation
100
AcDbSpline
 70
0
 71
3
 72
8
 73
4
 74
0
 40
0.0
 40
0.0
 40
0.0
 40
0.0
 40
1.0
 40
1.0
 40
1.0
 40
1.0
 10
782.5
 20
2829.0
 30
0.0
 10
785.9
 20
2830.5466666666666
 30
0.0
 10
789.3000000000001
 20
2832.866666666667
 30
0.0
 10
792.7
 20
2835.96
 30
0.0
  0
SPLINE
  5
400
330
17
100
AcDbEntity
  8
Wall elevation
100
AcDbSpline
 70
0
 71
3
 72
8
 73
4
 74
0
 40
0.0
 40
0.0
 40
0.0
 40
0.0
 40
1.0
 40
1.0
 40
1.0
 40
1.0
 10
782.5
 20
2840.6
 30
0.0
 10
779.1
 20
2842.1466666666665
 30
0.0
 10
775.6999999999999
 20
2844.4666666666667
 30
0.0
 10
772.3
 20
2847.56
 30
0.0
  0
SPLINE
  5
401
330
17
100
AcDbEntity
  8
Wall elevation
100
AcDbSpline
 70
0
 71
3
 72
8
 73
4
 74
0
 40
0.0
 40
0.0
 40
0.0
 40
0.0
 40
1.0
 40
1.0
 40
1.0
 40
1.0
 10
782.5
 20
2840.6
 30
0.0
 10
785.9
 20
2842.1466666666665
 30
0.0
 10
789.3000000000001
 20
2844.4666666666667
 30
0.0
 10
792.7
 20
2847.56
 30
0.0
  0
SPLINE
  5
402
330
17
100
AcDbEntity
  8
Wall elevation
100
AcDbSpline
 70
0
 71
3
 72
8
 73
4
 74
0
 40
0.0
 40
0.0
 40
0.0
 40
0.0
 40
1.0
 40
1.0
 40
1.0
 40
1.0
 10
764.5
 20
2864.0
 30
0.0
 10
768.5
 20
2858.6666666666665
 30
0.0
 10
772.5
 20
2858.6666666666665
 30
0.0
 10
776.5
 20
2864.0
 30
0.0
  0
SPLINE
  5
403
330
17
100
AcDbEntity
  8
Wall elevation
100
AcDbSpline
 70
0
 71
3
 72
8
 73
4
 74
0
 40
0.0
 40
0.0
 40
0.0
 40
0.0
 40
1.0
 40
1.0
 40
1.0
 40
1.0
 10
788.5
 20
2864.0
 30
0.0
 10
792.5
 20
2858.6666666666665
 30
0.0
 10
796.5
 20
2858.6666666666665
 30
0.0
 10
800.5
 20
2864.0
 30
0.0
  0
LWPOLYLINE
  5
404
330
17
100
AcDbEntity
  8
Wall elevation
100
AcDbPolyline
 90
5
 70
0
 10
872.5
 20
2870.0
 10
922.5
 20
2870.0
 10
922.5
 20
2794.0
 10
872.5
 20
2794.0
 10
872.5
 20
2870.0
  0
LWPOLYLINE
  5
405
330
17
100
AcDbEntity
  8
Wall elevation
100
AcDbPolyline
 90
50
 70
0
 10
897.5
 20
2800.0
 10
893.44
 20
2802.42
 10
890.16
 20
2804.83
 10
887.45
 20
2807.25
 10
885.71
 20
2809.67
 10
885.14
 20
2812.08
 10
885.69
 20
2814.5
 10
886.47
 20
2816.92
 10
884.35
 20
2819.33
 10
882.85
 20
2821.75
 10
882.33
 20
2824.17
 10
882.91
 20
2826.58
 10
884.44
 20
2829.0
 10
886.59
 20
2831.42
 10
888.0
 20
2833.83
 10
887.41
 20
2836.25
 10
887.5
 20
2838.67
 10
888.32
 20
2841.08
 10
889.76
 20
2843.5
 10
891.53
 20
2845.92
 10
893.33
 20
2848.33
 10
894.47
 20
2850.75
 10
895.2
 20
2853.17
 10
896.26
 20
2855.58
 10
897.5
 20
2858.0
 10
897.5
 20
2858.0
 10
898.74
 20
2855.58
 10
899.8
 20
2853.17
 10
900.53
 20
2850.75
 10
901.67
 20
2848.33
 10
903.47
 20
2845.92
 10
905.24
 20
2843.5
 10
906.68
 20
2841.08
 10
907.5
 20
2838.67
 10
907.59
 20
2836.25
 10
907.0
 20
2833.83
 10
908.41
 20
2831.42
 10
910.56
 20
2829.0
 10
912.09
 20
2826.58
 10
912.67
 20
2824.17
 10
912.15
 20
2821.75
 10
910.65
 20
2819.33
 10
908.53
 20
2816.92
 10
909.31
 20
2814.5
 10
909.86
 20
2812.08
 10
909.29
 20
2809.67
 10
907.55
 20
2807.25
 10
904.84
 20
2804.83
 10
901.56
 20
2802.42
 10
897.5
 20
2800.0
  0
SPLINE
  5
406
330
17
100
AcDbEntity
  8
Wall elevation
100
AcDbSpline
 70
0
 71
3
 72
8
 73
4
 74
0
 40
0.0
 40
0.0
 40
0.0
 40
0.0
 40
1.0
 40
1.0
 40
1.0
 40
1.0
 10
897.5
 20
2800.0
 30
0.0
 10
898.6333333333333
 20
2819.3333333333335
 30
0.0
 10
898.6333333333333
 20
2837.12
 30
0.0
 10
897.5
 20
2853.36
 30
0.0
  0
SPLINE
  5
407
330
17
100
AcDbEntity
  8
Wall elevation
100
AcDbSpline
 70
0
 71
3
 72
8
 73
4
 74
0
 40
0.0
 40
0.0
 40
0.0
 40
0.0
 40
1.0
 40
1.0
 40
1.0
 40
1.0
 10
897.5
 20
2816.24
 30
0.0
 10
894.1
 20
2817.7866666666664
 30
0.0
 10
890.6999999999999
 20
2820.1066666666666
 30
0.0
 10
887.3
 20
2823.2
 30
0.0
  0
SPLINE
  5
408
330
17
100
AcDbEntity
  8
Wall elevation
100
AcDbSpline
 70
0
 71
3
 72
8
 73
4
 74
0
 40
0.0
 40
0.0
 40
0.0
 40
0.0
 40
1.0
 40
1.0
 40
1.0
 40
1.0
 10
897.5
 20
2816.24
 30
0.0
 10
900.9
 20
2817.7866666666664
 30
0.0
 10
904.3000000000001
 20
2820.1066666666666
 30
0.0
 10
907.7
 20
2823.2
 30
0.0
  0
SPLINE
  5
409
330
17
100
AcDbEntity
  8
Wall elevation
100
AcDbSpline
 70
0
 71
3
 72
8
 73
4
 74
0
 40
0.0
 40
0.0
 40
0.0
 40
0.0
 40
1.0
 40
1.0
 40
1.0
 40
1.0
 10
897.5
 20
2829.0
 30
0.0
 10
894.1
 20
2830.5466666666666
 30
0.0
 10
890.6999999999999
 20
2832.866666666667
 30
0.0
 10
887.3
 20
2835.96
 30
0.0
  0
SPLINE
  5
40A
330
17
100
AcDbEntity
  8
Wall elevation
100
AcDbSpline
 70
0
 71
3
 72
8
 73
4
 74
0
 40
0.0
 40
0.0
 40
0.0
 40
0.0
 40
1.0
 40
1.0
 40
1.0
 40
1.0
 10
897.5
 20
2829.0
 30
0.0
 10
900.9
 20
2830.5466666666666
 30
0.0
 10
904.3000000000001
 20
2832.866666666667
 30
0.0
 10
907.7
 20
2835.96
 30
0.0
  0
SPLINE
  5
40B
330
17
100
AcDbEntity
  8
Wall elevation
100
AcDbSpline
 70
0
 71
3
 72
8
 73
4
 74
0
 40
0.0
 40
0.0
 40
0.0
 40
0.0
 40
1.0
 40
1.0
 40
1.0
 40
1.0
 10
897.5
 20
2840.6
 30
0.0
 10
894.1
 20
2842.1466666666665
 30
0.0
 10
890.6999999999999
 20
2844.4666666666667
 30
0.0
 10
887.3
 20
2847.56
 30
0.0
  0
SPLINE
  5
40C
330
17
100
AcDbEntity
  8
Wall elevation
100
AcDbSpline
 70
0
 71
3
 72
8
 73
4
 74
0
 40
0.0
 40
0.0
 40
0.0
 40
0.0
 40
1.0
 40
1.0
 40
1.0
 40
1.0
 10
897.5
 20
2840.6
 30
0.0
 10
900.9
 20
2842.1466666666665
 30
0.0
 10
904.3000000000001
 20
2844.4666666666667
 30
0.0
 10
907.7
 20
2847.56
 30
0.0
  0
SPLINE
  5
40D
330
17
100
AcDbEntity
  8
Wall elevation
100
AcDbSpline
 70
0
 71
3
 72
8
 73
4
 74
0
 40
0.0
 40
0.0
 40
0.0
 40
0.0
 40
1.0
 40
1.0
 40
1.0
 40
1.0
 10
879.5
 20
2864.0
 30
0.0
 10
883.5
 20
2858.6666666666665
 30
0.0
 10
887.5
 20
2858.6666666666665
 30
0.0
 10
891.5
 20
2864.0
 30
0.0
  0
SPLINE
  5
40E
330
17
100
AcDbEntity
  8
Wall elevation
100
AcDbSpline
 70
0
 71
3
 72
8
 73
4
 74
0
 40
0.0
 40
0.0
 40
0.0
 40
0.0
 40
1.0
 40
1.0
 40
1.0
 40
1.0
 10
903.5
 20
2864.0
 30
0.0
 10
907.5
 20
2858.6666666666665
 30
0.0
 10
911.5
 20
2858.6666666666665
 30
0.0
 10
915.5
 20
2864.0
 30
0.0
  0
LWPOLYLINE
  5
40F
330
17
100
AcDbEntity
  8
Wall elevation
100
AcDbPolyline
 90
5
 70
0
 10
987.5
 20
2870.0
 10
1037.5
 20
2870.0
 10
1037.5
 20
2794.0
 10
987.5
 20
2794.0
 10
987.5
 20
2870.0
  0
LWPOLYLINE
  5
410
330
17
100
AcDbEntity
  8
Wall elevation
100
AcDbPolyline
 90
50
 70
0
 10
1012.5
 20
2800.0
 10
1008.44
 20
2802.42
 10
1005.16
 20
2804.83
 10
1002.45
 20
2807.25
 10
1000.71
 20
2809.67
 10
1000.14
 20
2812.08
 10
1000.69
 20
2814.5
 10
1001.47
 20
2816.92
 10
999.35
 20
2819.33
 10
997.85
 20
2821.75
 10
997.33
 20
2824.17
 10
997.91
 20
2826.58
 10
999.44
 20
2829.0
 10
1001.59
 20
2831.42
 10
1003.0
 20
2833.83
 10
1002.41
 20
2836.25
 10
1002.5
 20
2838.67
 10
1003.32
 20
2841.08
 10
1004.76
 20
2843.5
 10
1006.53
 20
2845.92
 10
1008.33
 20
2848.33
 10
1009.47
 20
2850.75
 10
1010.2
 20
2853.17
 10
1011.26
 20
2855.58
 10
1012.5
 20
2858.0
 10
1012.5
 20
2858.0
 10
1013.74
 20
2855.58
 10
1014.8
 20
2853.17
 10
1015.53
 20
2850.75
 10
1016.67
 20
2848.33
 10
1018.47
 20
2845.92
 10
1020.24
 20
2843.5
 10
1021.68
 20
2841.08
 10
1022.5
 20
2838.67
 10
1022.59
 20
2836.25
 10
1022.0
 20
2833.83
 10
1023.41
 20
2831.42
 10
1025.56
 20
2829.0
 10
1027.0900000000001
 20
2826.58
 10
1027.67
 20
2824.17
 10
1027.15
 20
2821.75
 10
1025.65
 20
2819.33
 10
1023.53
 20
2816.92
 10
1024.31
 20
2814.5
 10
1024.8600000000001
 20
2812.08
 10
1024.29
 20
2809.67
 10
1022.55
 20
2807.25
 10
1019.84
 20
2804.83
 10
1016.56
 20
2802.42
 10
1012.5
 20
2800.0
  0
SPLINE
  5
411
330
17
100
AcDbEntity
  8
Wall elevation
100
AcDbSpline
 70
0
 71
3
 72
8
 73
4
 74
0
 40
0.0
 40
0.0
 40
0.0
 40
0.0
 40
1.0
 40
1.0
 40
1.0
 40
1.0
 10
1012.5
 20
2800.0
 30
0.0
 10
1013.6333333333333
 20
2819.3333333333335
 30
0.0
 10
1013.6333333333333
 20
2837.12
 30
0.0
 10
1012.5
 20
2853.36
 30
0.0
  0
SPLINE
  5
412
330
17
100
AcDbEntity
  8
Wall elevation
100
AcDbSpline
 70
0
 71
3
 72
8
 73
4
 74
0
 40
0.0
 40
0.0
 40
0.0
 40
0.0
 40
1.0
 40
1.0
 40
1.0
 40
1.0
 10
1012.5
 20
2816.24
 30
0.0
 10
1009.1
 20
2817.7866666666664
 30
0.0
 10
1005.6999999999999
 20
2820.1066666666666
 30
0.0
 10
1002.3
 20
2823.2
 30
0.0
  0
SPLINE
  5
413
330
17
100
AcDbEntity
  8
Wall elevation
100
AcDbSpline
 70
0
 71
3
 72
8
 73
4
 74
0
 40
0.0
 40
0.0
 40
0.0
 40
0.0
 40
1.0
 40
1.0
 40
1.0
 40
1.0
 10
1012.5
 20
2816.24
 30
0.0
 10
1015.9
 20
2817.7866666666664
 30
0.0
 10
1019.3000000000001
 20
2820.1066666666666
 30
0.0
 10
1022.7
 20
2823.2
 30
0.0
  0
SPLINE
  5
414
330
17
100
AcDbEntity
  8
Wall elevation
100
AcDbSpline
 70
0
 71
3
 72
8
 73
4
 74
0
 40
0.0
 40
0.0
 40
0.0
 40
0.0
 40
1.0
 40
1.0
 40
1.0
 40
1.0
 10
1012.5
 20
2829.0
 30
0.0
 10
1009.1
 20
2830.5466666666666
 30
0.0
 10
1005.6999999999999
 20
2832.866666666667
 30
0.0
 10
1002.3
 20
2835.96
 30
0.0
  0
SPLINE
  5
415
330
17
100
AcDbEntity
  8
Wall elevation
100
AcDbSpline
 70
0
 71
3
 72
8
 73
4
 74
0
 40
0.0
 40
0.0
 40
0.0
 40
0.0
 40
1.0
 40
1.0
 40
1.0
 40
1.0
 10
1012.5
 20
2829.0
 30
0.0
 10
1015.9
 20
2830.5466666666666
 30
0.0
 10
1019.3000000000001
 20
2832.866666666667
 30
0.0
 10
1022.7
 20
2835.96
 30
0.0
  0
SPLINE
  5
416
330
17
100
AcDbEntity
  8
Wall elevation
100
AcDbSpline
 70
0
 71
3
 72
8
 73
4
 74
0
 40
0.0
 40
0.0
 40
0.0
 40
0.0
 40
1.0
 40
1.0
 40
1.0
 40
1.0
 10
1012.5
 20
2840.6
 30
0.0
 10
1009.1
 20
2842.1466666666665
 30
0.0
 10
1005.6999999999999
 20
2844.4666666666667
 30
0.0
 10
1002.3
 20
2847.56
 30
0.0
  0
SPLINE
  5
417
330
17
100
AcDbEntity
  8
Wall elevation
100
AcDbSpline
 70
0
 71
3
 72
8
 73
4
 74
0
 40
0.0
 40
0.0
 40
0.0
 40
0.0
 40
1.0
 40
1.0
 40
1.0
 40
1.0
 10
1012.5
 20
2840.6
 30
0.0
 10
1015.9
 20
2842.1466666666665
 30
0.0
 10
1019.3000000000001
 20
2844.4666666666667
 30
0.0
 10
1022.7
 20
2847.56
 30
0.0
  0
SPLINE
  5
418
330
17
100
AcDbEntity
  8
Wall elevation
100
AcDbSpline
 70
0
 71
3
 72
8
 73
4
 74
0
 40
0.0
 40
0.0
 40
0.0
 40
0.0
 40
1.0
 40
1.0
 40
1.0
 40
1.0
 10
994.5
 20
2864.0
 30
0.0
 10
998.5
 20
2858.6666666666665
 30
0.0
 10
1002.5
 20
2858.6666666666665
 30
0.0
 10
1006.5
 20
2864.0
 30
0.0
  0
SPLINE
  5
419
330
17
100
AcDbEntity
  8
Wall elevation
100
AcDbSpline
 70
0
 71
3
 72
8
 73
4
 74
0
 40
0.0
 40
0.0
 40
0.0
 40
0.0
 40
1.0
 40
1.0
 40
1.0
 40
1.0
 10
1018.5
 20
2864.0
 30
0.0
 10
1022.5
 20
2858.6666666666665
 30
0.0
 10
1026.5
 20
2858.6666666666665
 30
0.0
 10
1030.5
 20
2864.0
 30
0.0
  0
LWPOLYLINE
  5
41A
330
17
100
AcDbEntity
  8
Wall elevation
100
AcDbPolyline
 90
5
 70
0
 10
1102.5
 20
2870.0
 10
1152.5
 20
2870.0
 10
1152.5
 20
2794.0
 10
1102.5
 20
2794.0
 10
1102.5
 20
2870.0
  0
LWPOLYLINE
  5
41B
330
17
100
AcDbEntity
  8
Wall elevation
100
AcDbPolyline
 90
50
 70
0
 10
1127.5
 20
2800.0
 10
1123.44
 20
2802.42
 10
1120.1599999999999
 20
2804.83
 10
1117.45
 20
2807.25
 10
1115.71
 20
2809.67
 10
1115.1399999999999
 20
2812.08
 10
1115.69
 20
2814.5
 10
1116.47
 20
2816.92
 10
1114.35
 20
2819.33
 10
1112.85
 20
2821.75
 10
1112.33
 20
2824.17
 10
1112.9099999999999
 20
2826.58
 10
1114.44
 20
2829.0
 10
1116.5900000000001
 20
2831.42
 10
1118.0
 20
2833.83
 10
1117.4099999999999
 20
2836.25
 10
1117.5
 20
2838.67
 10
1118.3200000000002
 20
2841.08
 10
1119.76
 20
2843.5
 10
1121.53
 20
2845.92
 10
1123.33
 20
2848.33
 10
1124.47
 20
2850.75
 10
1125.2
 20
2853.17
 10
1126.26
 20
2855.58
 10
1127.5
 20
2858.0
 10
1127.5
 20
2858.0
 10
1128.74
 20
2855.58
 10
1129.8
 20
2853.17
 10
1130.53
 20
2850.75
 10
1131.67
 20
2848.33
 10
1133.47
 20
2845.92
 10
1135.24
 20
2843.5
 10
1136.6799999999998
 20
2841.08
 10
1137.5
 20
2838.67
 10
1137.5900000000001
 20
2836.25
 10
1137.0
 20
2833.83
 10
1138.4099999999999
 20
2831.42
 10
1140.56
 20
2829.0
 10
1142.0900000000001
 20
2826.58
 10
1142.67
 20
2824.17
 10
1142.15
 20
2821.75
 10
1140.65
 20
2819.33
 10
1138.53
 20
2816.92
 10
1139.31
 20
2814.5
 10
1139.8600000000001
 20
2812.08
 10
1139.29
 20
2809.67
 10
1137.55
 20
2807.25
 10
1134.8400000000001
 20
2804.83
 10
1131.56
 20
2802.42
 10
1127.5
 20
2800.0
  0
SPLINE
  5
41C
330
17
100
AcDbEntity
  8
Wall elevation
100
AcDbSpline
 70
0
 71
3
 72
8
 73
4
 74
0
 40
0.0
 40
0.0
 40
0.0
 40
0.0
 40
1.0
 40
1.0
 40
1.0
 40
1.0
 10
1127.5
 20
2800.0
 30
0.0
 10
1128.6333333333334
 20
2819.3333333333335
 30
0.0
 10
1128.6333333333334
 20
2837.12
 30
0.0
 10
1127.5
 20
2853.36
 30
0.0
  0
SPLINE
  5
41D
330
17
100
AcDbEntity
  8
Wall elevation
100
AcDbSpline
 70
0
 71
3
 72
8
 73
4
 74
0
 40
0.0
 40
0.0
 40
0.0
 40
0.0
 40
1.0
 40
1.0
 40
1.0
 40
1.0
 10
1127.5
 20
2816.24
 30
0.0
 10
1124.1000000000001
 20
2817.7866666666664
 30
0.0
 10
1120.7
 20
2820.1066666666666
 30
0.0
 10
1117.3
 20
2823.2
 30
0.0
  0
SPLINE
  5
41E
330
17
100
AcDbEntity
  8
Wall elevation
100
AcDbSpline
 70
0
 71
3
 72
8
 73
4
 74
0
 40
0.0
 40
0.0
 40
0.0
 40
0.0
 40
1.0
 40
1.0
 40
1.0
 40
1.0
 10
1127.5
 20
2816.24
 30
0.0
 10
1130.8999999999999
 20
2817.7866666666664
 30
0.0
 10
1134.3
 20
2820.1066666666666
 30
0.0
 10
1137.7
 20
2823.2
 30
0.0
  0
SPLINE
  5
41F
330
17
100
AcDbEntity
  8
Wall elevation
100
AcDbSpline
 70
0
 71
3
 72
8
 73
4
 74
0
 40
0.0
 40
0.0
 40
0.0
 40
0.0
 40
1.0
 40
1.0
 40
1.0
 40
1.0
 10
1127.5
 20
2829.0
 30
0.0
 10
1124.1000000000001
 20
2830.5466666666666
 30
0.0
 10
1120.7
 20
2832.866666666667
 30
0.0
 10
1117.3
 20
2835.96
 30
0.0
  0
SPLINE
  5
420
330
17
100
AcDbEntity
  8
Wall elevation
100
AcDbSpline
 70
0
 71
3
 72
8
 73
4
 74
0
 40
0.0
 40
0.0
 40
0.0
 40
0.0
 40
1.0
 40
1.0
 40
1.0
 40
1.0
 10
1127.5
 20
2829.0
 30
0.0
 10
1130.8999999999999
 20
2830.5466666666666
 30
0.0
 10
1134.3
 20
2832.866666666667
 30
0.0
 10
1137.7
 20
2835.96
 30
0.0
  0
SPLINE
  5
421
330
17
100
AcDbEntity
  8
Wall elevation
100
AcDbSpline
 70
0
 71
3
 72
8
 73
4
 74
0
 40
0.0
 40
0.0
 40
0.0
 40
0.0
 40
1.0
 40
1.0
 40
1.0
 40
1.0
 10
1127.5
 20
2840.6
 30
0.0
 10
1124.1000000000001
 20
2842.1466666666665
 30
0.0
 10
1120.7
 20
2844.4666666666667
 30
0.0
 10
1117.3
 20
2847.56
 30
0.0
  0
SPLINE
  5
422
330
17
100
AcDbEntity
  8
Wall elevation
100
AcDbSpline
 70
0
 71
3
 72
8
 73
4
 74
0
 40
0.0
 40
0.0
 40
0.0
 40
0.0
 40
1.0
 40
1.0
 40
1.0
 40
1.0
 10
1127.5
 20
2840.6
 30
0.0
 10
1130.8999999999999
 20
2842.1466666666665
 30
0.0
 10
1134.3
 20
2844.4666666666667
 30
0.0
 10
1137.7
 20
2847.56
 30
0.0
  0
SPLINE
  5
423
330
17
100
AcDbEntity
  8
Wall elevation
100
AcDbSpline
 70
0
 71
3
 72
8
 73
4
 74
0
 40
0.0
 40
0.0
 40
0.0
 40
0.0
 40
1.0
 40
1.0
 40
1.0
 40
1.0
 10
1109.5
 20
2864.0
 30
0.0
 10
1113.5
 20
2858.6666666666665
 30
0.0
 10
1117.5
 20
2858.6666666666665
 30
0.0
 10
1121.5
 20
2864.0
 30
0.0
  0
SPLINE
  5
424
330
17
100
AcDbEntity
  8
Wall elevation
100
AcDbSpline
 70
0
 71
3
 72
8
 73
4
 74
0
 40
0.0
 40
0.0
 40
0.0
 40
0.0
 40
1.0
 40
1.0
 40
1.0
 40
1.0
 10
1133.5
 20
2864.0
 30
0.0
 10
1137.5
 20
2858.6666666666665
 30
0.0
 10
1141.5
 20
2858.6666666666665
 30
0.0
 10
1145.5
 20
2864.0
 30
0.0
  0
LWPOLYLINE
  5
425
330
17
100
AcDbEntity
  8
Wall elevation
100
AcDbPolyline
 90
5
 70
0
 10
1217.5
 20
2870.0
 10
1267.5
 20
2870.0
 10
1267.5
 20
2794.0
 10
1217.5
 20
2794.0
 10
1217.5
 20
2870.0
  0
LWPOLYLINE
  5
426
330
17
100
AcDbEntity
  8
Wall elevation
100
AcDbPolyline
 90
50
 70
0
 10
1242.5
 20
2800.0
 10
1238.44
 20
2802.42
 10
1235.16
 20
2804.83
 10
1232.45
 20
2807.25
 10
1230.71
 20
2809.67
 10
1230.14
 20
2812.08
 10
1230.69
 20
2814.5
 10
1231.47
 20
2816.92
 10
1229.35
 20
2819.33
 10
1227.85
 20
2821.75
 10
1227.33
 20
2824.17
 10
1227.91
 20
2826.58
 10
1229.44
 20
2829.0
 10
1231.59
 20
2831.42
 10
1233.0
 20
2833.83
 10
1232.41
 20
2836.25
 10
1232.5
 20
2838.67
 10
1233.32
 20
2841.08
 10
1234.76
 20
2843.5
 10
1236.53
 20
2845.92
 10
1238.33
 20
2848.33
 10
1239.47
 20
2850.75
 10
1240.2
 20
2853.17
 10
1241.26
 20
2855.58
 10
1242.5
 20
2858.0
 10
1242.5
 20
2858.0
 10
1243.74
 20
2855.58
 10
1244.8
 20
2853.17
 10
1245.53
 20
2850.75
 10
1246.67
 20
2848.33
 10
1248.47
 20
2845.92
 10
1250.24
 20
2843.5
 10
1251.68
 20
2841.08
 10
1252.5
 20
2838.67
 10
1252.59
 20
2836.25
 10
1252.0
 20
2833.83
 10
1253.41
 20
2831.42
 10
1255.56
 20
2829.0
 10
1257.09
 20
2826.58
 10
1257.67
 20
2824.17
 10
1257.15
 20
2821.75
 10
1255.65
 20
2819.33
 10
1253.53
 20
2816.92
 10
1254.31
 20
2814.5
 10
1254.86
 20
2812.08
 10
1254.29
 20
2809.67
 10
1252.55
 20
2807.25
 10
1249.84
 20
2804.83
 10
1246.56
 20
2802.42
 10
1242.5
 20
2800.0
  0
SPLINE
  5
427
330
17
100
AcDbEntity
  8
Wall elevation
100
AcDbSpline
 70
0
 71
3
 72
8
 73
4
 74
0
 40
0.0
 40
0.0
 40
0.0
 40
0.0
 40
1.0
 40
1.0
 40
1.0
 40
1.0
 10
1242.5
 20
2800.0
 30
0.0
 10
1243.6333333333334
 20
2819.3333333333335
 30
0.0
 10
1243.6333333333334
 20
2837.12
 30
0.0
 10
1242.5
 20
2853.36
 30
0.0
  0
SPLINE
  5
428
330
17
100
AcDbEntity
  8
Wall elevation
100
AcDbSpline
 70
0
 71
3
 72
8
 73
4
 74
0
 40
0.0
 40
0.0
 40
0.0
 40
0.0
 40
1.0
 40
1.0
 40
1.0
 40
1.0
 10
1242.5
 20
2816.24
 30
0.0
 10
1239.1000000000001
 20
2817.7866666666664
 30
0.0
 10
1235.7
 20
2820.1066666666666
 30
0.0
 10
1232.3
 20
2823.2
 30
0.0
  0
SPLINE
  5
429
330
17
100
AcDbEntity
  8
Wall elevation
100
AcDbSpline
 70
0
 71
3
 72
8
 73
4
 74
0
 40
0.0
 40
0.0
 40
0.0
 40
0.0
 40
1.0
 40
1.0
 40
1.0
 40
1.0
 10
1242.5
 20
2816.24
 30
0.0
 10
1245.8999999999999
 20
2817.7866666666664
 30
0.0
 10
1249.3
 20
2820.1066666666666
 30
0.0
 10
1252.7
 20
2823.2
 30
0.0
  0
SPLINE
  5
42A
330
17
100
AcDbEntity
  8
Wall elevation
100
AcDbSpline
 70
0
 71
3
 72
8
 73
4
 74
0
 40
0.0
 40
0.0
 40
0.0
 40
0.0
 40
1.0
 40
1.0
 40
1.0
 40
1.0
 10
1242.5
 20
2829.0
 30
0.0
 10
1239.1000000000001
 20
2830.5466666666666
 30
0.0
 10
1235.7
 20
2832.866666666667
 30
0.0
 10
1232.3
 20
2835.96
 30
0.0
  0
SPLINE
  5
42B
330
17
100
AcDbEntity
  8
Wall elevation
100
AcDbSpline
 70
0
 71
3
 72
8
 73
4
 74
0
 40
0.0
 40
0.0
 40
0.0
 40
0.0
 40
1.0
 40
1.0
 40
1.0
 40
1.0
 10
1242.5
 20
2829.0
 30
0.0
 10
1245.8999999999999
 20
2830.5466666666666
 30
0.0
 10
1249.3
 20
2832.866666666667
 30
0.0
 10
1252.7
 20
2835.96
 30
0.0
  0
SPLINE
  5
42C
330
17
100
AcDbEntity
  8
Wall elevation
100
AcDbSpline
 70
0
 71
3
 72
8
 73
4
 74
0
 40
0.0
 40
0.0
 40
0.0
 40
0.0
 40
1.0
 40
1.0
 40
1.0
 40
1.0
 10
1242.5
 20
2840.6
 30
0.0
 10
1239.1000000000001
 20
2842.1466666666665
 30
0.0
 10
1235.7
 20
2844.4666666666667
 30
0.0
 10
1232.3
 20
2847.56
 30
0.0
  0
SPLINE
  5
42D
330
17
100
AcDbEntity
  8
Wall elevation
100
AcDbSpline
 70
0
 71
3
 72
8
 73
4
 74
0
 40
0.0
 40
0.0
 40
0.0
 40
0.0
 40
1.0
 40
1.0
 40
1.0
 40
1.0
 10
1242.5
 20
2840.6
 30
0.0
 10
1245.8999999999999
 20
2842.1466666666665
 30
0.0
 10
1249.3
 20
2844.4666666666667
 30
0.0
 10
1252.7
 20
2847.56
 30
0.0
  0
SPLINE
  5
42E
330
17
100
AcDbEntity
  8
Wall elevation
100
AcDbSpline
 70
0
 71
3
 72
8
 73
4
 74
0
 40
0.0
 40
0.0
 40
0.0
 40
0.0
 40
1.0
 40
1.0
 40
1.0
 40
1.0
 10
1224.5
 20
2864.0
 30
0.0
 10
1228.5
 20
2858.6666666666665
 30
0.0
 10
1232.5
 20
2858.6666666666665
 30
0.0
 10
1236.5
 20
2864.0
 30
0.0
  0
SPLINE
  5
42F
330
17
100
AcDbEntity
  8
Wall elevation
100
AcDbSpline
 70
0
 71
3
 72
8
 73
4
 74
0
 40
0.0
 40
0.0
 40
0.0
 40
0.0
 40
1.0
 40
1.0
 40
1.0
 40
1.0
 10
1248.5
 20
2864.0
 30
0.0
 10
1252.5
 20
2858.6666666666665
 30
0.0
 10
1256.5
 20
2858.6666666666665
 30
0.0
 10
1260.5
 20
2864.0
 30
0.0
  0
LWPOLYLINE
  5
430
330
17
100
AcDbEntity
  8
Wall elevation
100
AcDbPolyline
 90
5
 70
0
 10
1332.5
 20
2870.0
 10
1382.5
 20
2870.0
 10
1382.5
 20
2794.0
 10
1332.5
 20
2794.0
 10
1332.5
 20
2870.0
  0
LWPOLYLINE
  5
431
330
17
100
AcDbEntity
  8
Wall elevation
100
AcDbPolyline
 90
50
 70
0
 10
1357.5
 20
2800.0
 10
1353.44
 20
2802.42
 10
1350.16
 20
2804.83
 10
1347.45
 20
2807.25
 10
1345.71
 20
2809.67
 10
1345.14
 20
2812.08
 10
1345.69
 20
2814.5
 10
1346.47
 20
2816.92
 10
1344.35
 20
2819.33
 10
1342.85
 20
2821.75
 10
1342.33
 20
2824.17
 10
1342.91
 20
2826.58
 10
1344.44
 20
2829.0
 10
1346.59
 20
2831.42
 10
1348.0
 20
2833.83
 10
1347.41
 20
2836.25
 10
1347.5
 20
2838.67
 10
1348.32
 20
2841.08
 10
1349.76
 20
2843.5
 10
1351.53
 20
2845.92
 10
1353.33
 20
2848.33
 10
1354.47
 20
2850.75
 10
1355.2
 20
2853.17
 10
1356.26
 20
2855.58
 10
1357.5
 20
2858.0
 10
1357.5
 20
2858.0
 10
1358.74
 20
2855.58
 10
1359.8
 20
2853.17
 10
1360.53
 20
2850.75
 10
1361.67
 20
2848.33
 10
1363.47
 20
2845.92
 10
1365.24
 20
2843.5
 10
1366.68
 20
2841.08
 10
1367.5
 20
2838.67
 10
1367.59
 20
2836.25
 10
1367.0
 20
2833.83
 10
1368.41
 20
2831.42
 10
1370.56
 20
2829.0
 10
1372.09
 20
2826.58
 10
1372.67
 20
2824.17
 10
1372.15
 20
2821.75
 10
1370.65
 20
2819.33
 10
1368.53
 20
2816.92
 10
1369.31
 20
2814.5
 10
1369.86
 20
2812.08
 10
1369.29
 20
2809.67
 10
1367.55
 20
2807.25
 10
1364.84
 20
2804.83
 10
1361.56
 20
2802.42
 10
1357.5
 20
2800.0
  0
SPLINE
  5
432
330
17
100
AcDbEntity
  8
Wall elevation
100
AcDbSpline
 70
0
 71
3
 72
8
 73
4
 74
0
 40
0.0
 40
0.0
 40
0.0
 40
0.0
 40
1.0
 40
1.0
 40
1.0
 40
1.0
 10
1357.5
 20
2800.0
 30
0.0
 10
1358.6333333333334
 20
2819.3333333333335
 30
0.0
 10
1358.6333333333334
 20
2837.12
 30
0.0
 10
1357.5
 20
2853.36
 30
0.0
  0
SPLINE
  5
433
330
17
100
AcDbEntity
  8
Wall elevation
100
AcDbSpline
 70
0
 71
3
 72
8
 73
4
 74
0
 40
0.0
 40
0.0
 40
0.0
 40
0.0
 40
1.0
 40
1.0
 40
1.0
 40
1.0
 10
1357.5
 20
2816.24
 30
0.0
 10
1354.1000000000001
 20
2817.7866666666664
 30
0.0
 10
1350.7
 20
2820.1066666666666
 30
0.0
 10
1347.3
 20
2823.2
 30
0.0
  0
SPLINE
  5
434
330
17
100
AcDbEntity
  8
Wall elevation
100
AcDbSpline
 70
0
 71
3
 72
8
 73
4
 74
0
 40
0.0
 40
0.0
 40
0.0
 40
0.0
 40
1.0
 40
1.0
 40
1.0
 40
1.0
 10
1357.5
 20
2816.24
 30
0.0
 10
1360.8999999999999
 20
2817.7866666666664
 30
0.0
 10
1364.3
 20
2820.1066666666666
 30
0.0
 10
1367.7
 20
2823.2
 30
0.0
  0
SPLINE
  5
435
330
17
100
AcDbEntity
  8
Wall elevation
100
AcDbSpline
 70
0
 71
3
 72
8
 73
4
 74
0
 40
0.0
 40
0.0
 40
0.0
 40
0.0
 40
1.0
 40
1.0
 40
1.0
 40
1.0
 10
1357.5
 20
2829.0
 30
0.0
 10
1354.1000000000001
 20
2830.5466666666666
 30
0.0
 10
1350.7
 20
2832.866666666667
 30
0.0
 10
1347.3
 20
2835.96
 30
0.0
  0
SPLINE
  5
436
330
17
100
AcDbEntity
  8
Wall elevation
100
AcDbSpline
 70
0
 71
3
 72
8
 73
4
 74
0
 40
0.0
 40
0.0
 40
0.0
 40
0.0
 40
1.0
 40
1.0
 40
1.0
 40
1.0
 10
1357.5
 20
2829.0
 30
0.0
 10
1360.8999999999999
 20
2830.5466666666666
 30
0.0
 10
1364.3
 20
2832.866666666667
 30
0.0
 10
1367.7
 20
2835.96
 30
0.0
  0
SPLINE
  5
437
330
17
100
AcDbEntity
  8
Wall elevation
100
AcDbSpline
 70
0
 71
3
 72
8
 73
4
 74
0
 40
0.0
 40
0.0
 40
0.0
 40
0.0
 40
1.0
 40
1.0
 40
1.0
 40
1.0
 10
1357.5
 20
2840.6
 30
0.0
 10
1354.1000000000001
 20
2842.1466666666665
 30
0.0
 10
1350.7
 20
2844.4666666666667
 30
0.0
 10
1347.3
 20
2847.56
 30
0.0
  0
SPLINE
  5
438
330
17
100
AcDbEntity
  8
Wall elevation
100
AcDbSpline
 70
0
 71
3
 72
8
 73
4
 74
0
 40
0.0
 40
0.0
 40
0.0
 40
0.0
 40
1.0
 40
1.0
 40
1.0
 40
1.0
 10
1357.5
 20
2840.6
 30
0.0
 10
1360.8999999999999
 20
2842.1466666666665
 30
0.0
 10
1364.3
 20
2844.4666666666667
 30
0.0
 10
1367.7
 20
2847.56
 30
0.0
  0
SPLINE
  5
439
330
17
100
AcDbEntity
  8
Wall elevation
100
AcDbSpline
 70
0
 71
3
 72
8
 73
4
 74
0
 40
0.0
 40
0.0
 40
0.0
 40
0.0
 40
1.0
 40
1.0
 40
1.0
 40
1.0
 10
1339.5
 20
2864.0
 30
0.0
 10
1343.5
 20
2858.6666666666665
 30
0.0
 10
1347.5
 20
2858.6666666666665
 30
0.0
 10
1351.5
 20
2864.0
 30
0.0
  0
SPLINE
  5
43A
330
17
100
AcDbEntity
  8
Wall elevation
100
AcDbSpline
 70
0
 71
3
 72
8
 73
4
 74
0
 40
0.0
 40
0.0
 40
0.0
 40
0.0
 40
1.0
 40
1.0
 40
1.0
 40
1.0
 10
1363.5
 20
2864.0
 30
0.0
 10
1367.5
 20
2858.6666666666665
 30
0.0
 10
1371.5
 20
2858.6666666666665
 30
0.0
 10
1375.5
 20
2864.0
 30
0.0
  0
LWPOLYLINE
  5
43B
330
17
100
AcDbEntity
  8
Wall elevation
100
AcDbPolyline
 90
5
 70
0
 10
1447.5
 20
2870.0
 10
1497.5
 20
2870.0
 10
1497.5
 20
2794.0
 10
1447.5
 20
2794.0
 10
1447.5
 20
2870.0
  0
LWPOLYLINE
  5
43C
330
17
100
AcDbEntity
  8
Wall elevation
100
AcDbPolyline
 90
50
 70
0
 10
1472.5
 20
2800.0
 10
1468.44
 20
2802.42
 10
1465.16
 20
2804.83
 10
1462.45
 20
2807.25
 10
1460.71
 20
2809.67
 10
1460.14
 20
2812.08
 10
1460.69
 20
2814.5
 10
1461.47
 20
2816.92
 10
1459.35
 20
2819.33
 10
1457.85
 20
2821.75
 10
1457.33
 20
2824.17
 10
1457.91
 20
2826.58
 10
1459.44
 20
2829.0
 10
1461.59
 20
2831.42
 10
1463.0
 20
2833.83
 10
1462.41
 20
2836.25
 10
1462.5
 20
2838.67
 10
1463.32
 20
2841.08
 10
1464.76
 20
2843.5
 10
1466.53
 20
2845.92
 10
1468.33
 20
2848.33
 10
1469.47
 20
2850.75
 10
1470.2
 20
2853.17
 10
1471.26
 20
2855.58
 10
1472.5
 20
2858.0
 10
1472.5
 20
2858.0
 10
1473.74
 20
2855.58
 10
1474.8
 20
2853.17
 10
1475.53
 20
2850.75
 10
1476.67
 20
2848.33
 10
1478.47
 20
2845.92
 10
1480.24
 20
2843.5
 10
1481.68
 20
2841.08
 10
1482.5
 20
2838.67
 10
1482.59
 20
2836.25
 10
1482.0
 20
2833.83
 10
1483.41
 20
2831.42
 10
1485.56
 20
2829.0
 10
1487.09
 20
2826.58
 10
1487.67
 20
2824.17
 10
1487.15
 20
2821.75
 10
1485.65
 20
2819.33
 10
1483.53
 20
2816.92
 10
1484.31
 20
2814.5
 10
1484.86
 20
2812.08
 10
1484.29
 20
2809.67
 10
1482.55
 20
2807.25
 10
1479.84
 20
2804.83
 10
1476.56
 20
2802.42
 10
1472.5
 20
2800.0
  0
SPLINE
  5
43D
330
17
100
AcDbEntity
  8
Wall elevation
100
AcDbSpline
 70
0
 71
3
 72
8
 73
4
 74
0
 40
0.0
 40
0.0
 40
0.0
 40
0.0
 40
1.0
 40
1.0
 40
1.0
 40
1.0
 10
1472.5
 20
2800.0
 30
0.0
 10
1473.6333333333334
 20
2819.3333333333335
 30
0.0
 10
1473.6333333333334
 20
2837.12
 30
0.0
 10
1472.5
 20
2853.36
 30
0.0
  0
SPLINE
  5
43E
330
17
100
AcDbEntity
  8
Wall elevation
100
AcDbSpline
 70
0
 71
3
 72
8
 73
4
 74
0
 40
0.0
 40
0.0
 40
0.0
 40
0.0
 40
1.0
 40
1.0
 40
1.0
 40
1.0
 10
1472.5
 20
2816.24
 30
0.0
 10
1469.1000000000001
 20
2817.7866666666664
 30
0.0
 10
1465.7
 20
2820.1066666666666
 30
0.0
 10
1462.3
 20
2823.2
 30
0.0
  0
SPLINE
  5
43F
330
17
100
AcDbEntity
  8
Wall elevation
100
AcDbSpline
 70
0
 71
3
 72
8
 73
4
 74
0
 40
0.0
 40
0.0
 40
0.0
 40
0.0
 40
1.0
 40
1.0
 40
1.0
 40
1.0
 10
1472.5
 20
2816.24
 30
0.0
 10
1475.8999999999999
 20
2817.7866666666664
 30
0.0
 10
1479.3
 20
2820.1066666666666
 30
0.0
 10
1482.7
 20
2823.2
 30
0.0
  0
SPLINE
  5
440
330
17
100
AcDbEntity
  8
Wall elevation
100
AcDbSpline
 70
0
 71
3
 72
8
 73
4
 74
0
 40
0.0
 40
0.0
 40
0.0
 40
0.0
 40
1.0
 40
1.0
 40
1.0
 40
1.0
 10
1472.5
 20
2829.0
 30
0.0
 10
1469.1000000000001
 20
2830.5466666666666
 30
0.0
 10
1465.7
 20
2832.866666666667
 30
0.0
 10
1462.3
 20
2835.96
 30
0.0
  0
SPLINE
  5
441
330
17
100
AcDbEntity
  8
Wall elevation
100
AcDbSpline
 70
0
 71
3
 72
8
 73
4
 74
0
 40
0.0
 40
0.0
 40
0.0
 40
0.0
 40
1.0
 40
1.0
 40
1.0
 40
1.0
 10
1472.5
 20
2829.0
 30
0.0
 10
1475.8999999999999
 20
2830.5466666666666
 30
0.0
 10
1479.3
 20
2832.866666666667
 30
0.0
 10
1482.7
 20
2835.96
 30
0.0
  0
SPLINE
  5
442
330
17
100
AcDbEntity
  8
Wall elevation
100
AcDbSpline
 70
0
 71
3
 72
8
 73
4
 74
0
 40
0.0
 40
0.0
 40
0.0
 40
0.0
 40
1.0
 40
1.0
 40
1.0
 40
1.0
 10
1472.5
 20
2840.6
 30
0.0
 10
1469.1000000000001
 20
2842.1466666666665
 30
0.0
 10
1465.7
 20
2844.4666666666667
 30
0.0
 10
1462.3
 20
2847.56
 30
0.0
  0
SPLINE
  5
443
330
17
100
AcDbEntity
  8
Wall elevation
100
AcDbSpline
 70
0
 71
3
 72
8
 73
4
 74
0
 40
0.0
 40
0.0
 40
0.0
 40
0.0
 40
1.0
 40
1.0
 40
1.0
 40
1.0
 10
1472.5
 20
2840.6
 30
0.0
 10
1475.8999999999999
 20
2842.1466666666665
 30
0.0
 10
1479.3
 20
2844.4666666666667
 30
0.0
 10
1482.7
 20
2847.56
 30
0.0
  0
SPLINE
  5
444
330
17
100
AcDbEntity
  8
Wall elevation
100
AcDbSpline
 70
0
 71
3
 72
8
 73
4
 74
0
 40
0.0
 40
0.0
 40
0.0
 40
0.0
 40
1.0
 40
1.0
 40
1.0
 40
1.0
 10
1454.5
 20
2864.0
 30
0.0
 10
1458.5
 20
2858.6666666666665
 30
0.0
 10
1462.5
 20
2858.6666666666665
 30
0.0
 10
1466.5
 20
2864.0
 30
0.0
  0
SPLINE
  5
445
330
17
100
AcDbEntity
  8
Wall elevation
100
AcDbSpline
 70
0
 71
3
 72
8
 73
4
 74
0
 40
0.0
 40
0.0
 40
0.0
 40
0.0
 40
1.0
 40
1.0
 40
1.0
 40
1.0
 10
1478.5
 20
2864.0
 30
0.0
 10
1482.5
 20
2858.6666666666665
 30
0.0
 10
1486.5
 20
2858.6666666666665
 30
0.0
 10
1490.5
 20
2864.0
 30
0.0
  0
LWPOLYLINE
  5
446
330
17
100
AcDbEntity
  8
Wall elevation
100
AcDbPolyline
 90
5
 70
0
 10
1562.5
 20
2870.0
 10
1612.5
 20
2870.0
 10
1612.5
 20
2794.0
 10
1562.5
 20
2794.0
 10
1562.5
 20
2870.0
  0
LWPOLYLINE
  5
447
330
17
100
AcDbEntity
  8
Wall elevation
100
AcDbPolyline
 90
50
 70
0
 10
1587.5
 20
2800.0
 10
1583.44
 20
2802.42
 10
1580.16
 20
2804.83
 10
1577.45
 20
2807.25
 10
1575.71
 20
2809.67
 10
1575.14
 20
2812.08
 10
1575.69
 20
2814.5
 10
1576.47
 20
2816.92
 10
1574.35
 20
2819.33
 10
1572.85
 20
2821.75
 10
1572.33
 20
2824.17
 10
1572.91
 20
2826.58
 10
1574.44
 20
2829.0
 10
1576.59
 20
2831.42
 10
1578.0
 20
2833.83
 10
1577.41
 20
2836.25
 10
1577.5
 20
2838.67
 10
1578.32
 20
2841.08
 10
1579.76
 20
2843.5
 10
1581.53
 20
2845.92
 10
1583.33
 20
2848.33
 10
1584.47
 20
2850.75
 10
1585.2
 20
2853.17
 10
1586.26
 20
2855.58
 10
1587.5
 20
2858.0
 10
1587.5
 20
2858.0
 10
1588.74
 20
2855.58
 10
1589.8
 20
2853.17
 10
1590.53
 20
2850.75
 10
1591.67
 20
2848.33
 10
1593.47
 20
2845.92
 10
1595.24
 20
2843.5
 10
1596.68
 20
2841.08
 10
1597.5
 20
2838.67
 10
1597.59
 20
2836.25
 10
1597.0
 20
2833.83
 10
1598.41
 20
2831.42
 10
1600.56
 20
2829.0
 10
1602.09
 20
2826.58
 10
1602.67
 20
2824.17
 10
1602.15
 20
2821.75
 10
1600.65
 20
2819.33
 10
1598.53
 20
2816.92
 10
1599.31
 20
2814.5
 10
1599.86
 20
2812.08
 10
1599.29
 20
2809.67
 10
1597.55
 20
2807.25
 10
1594.84
 20
2804.83
 10
1591.56
 20
2802.42
 10
1587.5
 20
2800.0
  0
SPLINE
  5
448
330
17
100
AcDbEntity
  8
Wall elevation
100
AcDbSpline
 70
0
 71
3
 72
8
 73
4
 74
0
 40
0.0
 40
0.0
 40
0.0
 40
0.0
 40
1.0
 40
1.0
 40
1.0
 40
1.0
 10
1587.5
 20
2800.0
 30
0.0
 10
1588.6333333333334
 20
2819.3333333333335
 30
0.0
 10
1588.6333333333334
 20
2837.12
 30
0.0
 10
1587.5
 20
2853.36
 30
0.0
  0
SPLINE
  5
449
330
17
100
AcDbEntity
  8
Wall elevation
100
AcDbSpline
 70
0
 71
3
 72
8
 73
4
 74
0
 40
0.0
 40
0.0
 40
0.0
 40
0.0
 40
1.0
 40
1.0
 40
1.0
 40
1.0
 10
1587.5
 20
2816.24
 30
0.0
 10
1584.1000000000001
 20
2817.7866666666664
 30
0.0
 10
1580.7
 20
2820.1066666666666
 30
0.0
 10
1577.3
 20
2823.2
 30
0.0
  0
SPLINE
  5
44A
330
17
100
AcDbEntity
  8
Wall elevation
100
AcDbSpline
 70
0
 71
3
 72
8
 73
4
 74
0
 40
0.0
 40
0.0
 40
0.0
 40
0.0
 40
1.0
 40
1.0
 40
1.0
 40
1.0
 10
1587.5
 20
2816.24
 30
0.0
 10
1590.8999999999999
 20
2817.7866666666664
 30
0.0
 10
1594.3
 20
2820.1066666666666
 30
0.0
 10
1597.7
 20
2823.2
 30
0.0
  0
SPLINE
  5
44B
330
17
100
AcDbEntity
  8
Wall elevation
100
AcDbSpline
 70
0
 71
3
 72
8
 73
4
 74
0
 40
0.0
 40
0.0
 40
0.0
 40
0.0
 40
1.0
 40
1.0
 40
1.0
 40
1.0
 10
1587.5
 20
2829.0
 30
0.0
 10
1584.1000000000001
 20
2830.5466666666666
 30
0.0
 10
1580.7
 20
2832.866666666667
 30
0.0
 10
1577.3
 20
2835.96
 30
0.0
  0
SPLINE
  5
44C
330
17
100
AcDbEntity
  8
Wall elevation
100
AcDbSpline
 70
0
 71
3
 72
8
 73
4
 74
0
 40
0.0
 40
0.0
 40
0.0
 40
0.0
 40
1.0
 40
1.0
 40
1.0
 40
1.0
 10
1587.5
 20
2829.0
 30
0.0
 10
1590.8999999999999
 20
2830.5466666666666
 30
0.0
 10
1594.3
 20
2832.866666666667
 30
0.0
 10
1597.7
 20
2835.96
 30
0.0
  0
SPLINE
  5
44D
330
17
100
AcDbEntity
  8
Wall elevation
100
AcDbSpline
 70
0
 71
3
 72
8
 73
4
 74
0
 40
0.0
 40
0.0
 40
0.0
 40
0.0
 40
1.0
 40
1.0
 40
1.0
 40
1.0
 10
1587.5
 20
2840.6
 30
0.0
 10
1584.1000000000001
 20
2842.1466666666665
 30
0.0
 10
1580.7
 20
2844.4666666666667
 30
0.0
 10
1577.3
 20
2847.56
 30
0.0
  0
SPLINE
  5
44E
330
17
100
AcDbEntity
  8
Wall elevation
100
AcDbSpline
 70
0
 71
3
 72
8
 73
4
 74
0
 40
0.0
 40
0.0
 40
0.0
 40
0.0
 40
1.0
 40
1.0
 40
1.0
 40
1.0
 10
1587.5
 20
2840.6
 30
0.0
 10
1590.8999999999999
 20
2842.1466666666665
 30
0.0
 10
1594.3
 20
2844.4666666666667
 30
0.0
 10
1597.7
 20
2847.56
 30
0.0
  0
SPLINE
  5
44F
330
17
100
AcDbEntity
  8
Wall elevation
100
AcDbSpline
 70
0
 71
3
 72
8
 73
4
 74
0
 40
0.0
 40
0.0
 40
0.0
 40
0.0
 40
1.0
 40
1.0
 40
1.0
 40
1.0
 10
1569.5
 20
2864.0
 30
0.0
 10
1573.5
 20
2858.6666666666665
 30
0.0
 10
1577.5
 20
2858.6666666666665
 30
0.0
 10
1581.5
 20
2864.0
 30
0.0
  0
SPLINE
  5
450
330
17
100
AcDbEntity
  8
Wall elevation
100
AcDbSpline
 70
0
 71
3
 72
8
 73
4
 74
0
 40
0.0
 40
0.0
 40
0.0
 40
0.0
 40
1.0
 40
1.0
 40
1.0
 40
1.0
 10
1593.5
 20
2864.0
 30
0.0
 10
1597.5
 20
2858.6666666666665
 30
0.0
 10
1601.5
 20
2858.6666666666665
 30
0.0
 10
1605.5
 20
2864.0
 30
0.0
  0
LWPOLYLINE
  5
451
330
17
100
AcDbEntity
  8
Wall elevation
100
AcDbPolyline
 90
5
 70
0
 10
1677.5
 20
2870.0
 10
1727.5
 20
2870.0
 10
1727.5
 20
2794.0
 10
1677.5
 20
2794.0
 10
1677.5
 20
2870.0
  0
LWPOLYLINE
  5
452
330
17
100
AcDbEntity
  8
Wall elevation
100
AcDbPolyline
 90
50
 70
0
 10
1702.5
 20
2800.0
 10
1698.44
 20
2802.42
 10
1695.16
 20
2804.83
 10
1692.45
 20
2807.25
 10
1690.71
 20
2809.67
 10
1690.14
 20
2812.08
 10
1690.69
 20
2814.5
 10
1691.47
 20
2816.92
 10
1689.35
 20
2819.33
 10
1687.85
 20
2821.75
 10
1687.33
 20
2824.17
 10
1687.91
 20
2826.58
 10
1689.44
 20
2829.0
 10
1691.59
 20
2831.42
 10
1693.0
 20
2833.83
 10
1692.41
 20
2836.25
 10
1692.5
 20
2838.67
 10
1693.32
 20
2841.08
 10
1694.76
 20
2843.5
 10
1696.53
 20
2845.92
 10
1698.33
 20
2848.33
 10
1699.47
 20
2850.75
 10
1700.2
 20
2853.17
 10
1701.26
 20
2855.58
 10
1702.5
 20
2858.0
 10
1702.5
 20
2858.0
 10
1703.74
 20
2855.58
 10
1704.8
 20
2853.17
 10
1705.53
 20
2850.75
 10
1706.67
 20
2848.33
 10
1708.47
 20
2845.92
 10
1710.24
 20
2843.5
 10
1711.68
 20
2841.08
 10
1712.5
 20
2838.67
 10
1712.59
 20
2836.25
 10
1712.0
 20
2833.83
 10
1713.41
 20
2831.42
 10
1715.56
 20
2829.0
 10
1717.09
 20
2826.58
 10
1717.67
 20
2824.17
 10
1717.15
 20
2821.75
 10
1715.65
 20
2819.33
 10
1713.53
 20
2816.92
 10
1714.31
 20
2814.5
 10
1714.86
 20
2812.08
 10
1714.29
 20
2809.67
 10
1712.55
 20
2807.25
 10
1709.84
 20
2804.83
 10
1706.56
 20
2802.42
 10
1702.5
 20
2800.0
  0
SPLINE
  5
453
330
17
100
AcDbEntity
  8
Wall elevation
100
AcDbSpline
 70
0
 71
3
 72
8
 73
4
 74
0
 40
0.0
 40
0.0
 40
0.0
 40
0.0
 40
1.0
 40
1.0
 40
1.0
 40
1.0
 10
1702.5
 20
2800.0
 30
0.0
 10
1703.6333333333334
 20
2819.3333333333335
 30
0.0
 10
1703.6333333333334
 20
2837.12
 30
0.0
 10
1702.5
 20
2853.36
 30
0.0
  0
SPLINE
  5
454
330
17
100
AcDbEntity
  8
Wall elevation
100
AcDbSpline
 70
0
 71
3
 72
8
 73
4
 74
0
 40
0.0
 40
0.0
 40
0.0
 40
0.0
 40
1.0
 40
1.0
 40
1.0
 40
1.0
 10
1702.5
 20
2816.24
 30
0.0
 10
1699.1000000000001
 20
2817.7866666666664
 30
0.0
 10
1695.7
 20
2820.1066666666666
 30
0.0
 10
1692.3
 20
2823.2
 30
0.0
  0
SPLINE
  5
455
330
17
100
AcDbEntity
  8
Wall elevation
100
AcDbSpline
 70
0
 71
3
 72
8
 73
4
 74
0
 40
0.0
 40
0.0
 40
0.0
 40
0.0
 40
1.0
 40
1.0
 40
1.0
 40
1.0
 10
1702.5
 20
2816.24
 30
0.0
 10
1705.8999999999999
 20
2817.7866666666664
 30
0.0
 10
1709.3
 20
2820.1066666666666
 30
0.0
 10
1712.7
 20
2823.2
 30
0.0
  0
SPLINE
  5
456
330
17
100
AcDbEntity
  8
Wall elevation
100
AcDbSpline
 70
0
 71
3
 72
8
 73
4
 74
0
 40
0.0
 40
0.0
 40
0.0
 40
0.0
 40
1.0
 40
1.0
 40
1.0
 40
1.0
 10
1702.5
 20
2829.0
 30
0.0
 10
1699.1000000000001
 20
2830.5466666666666
 30
0.0
 10
1695.7
 20
2832.866666666667
 30
0.0
 10
1692.3
 20
2835.96
 30
0.0
  0
SPLINE
  5
457
330
17
100
AcDbEntity
  8
Wall elevation
100
AcDbSpline
 70
0
 71
3
 72
8
 73
4
 74
0
 40
0.0
 40
0.0
 40
0.0
 40
0.0
 40
1.0
 40
1.0
 40
1.0
 40
1.0
 10
1702.5
 20
2829.0
 30
0.0
 10
1705.8999999999999
 20
2830.5466666666666
 30
0.0
 10
1709.3
 20
2832.866666666667
 30
0.0
 10
1712.7
 20
2835.96
 30
0.0
  0
SPLINE
  5
458
330
17
100
AcDbEntity
  8
Wall elevation
100
AcDbSpline
 70
0
 71
3
 72
8
 73
4
 74
0
 40
0.0
 40
0.0
 40
0.0
 40
0.0
 40
1.0
 40
1.0
 40
1.0
 40
1.0
 10
1702.5
 20
2840.6
 30
0.0
 10
1699.1000000000001
 20
2842.1466666666665
 30
0.0
 10
1695.7
 20
2844.4666666666667
 30
0.0
 10
1692.3
 20
2847.56
 30
0.0
  0
SPLINE
  5
459
330
17
100
AcDbEntity
  8
Wall elevation
100
AcDbSpline
 70
0
 71
3
 72
8
 73
4
 74
0
 40
0.0
 40
0.0
 40
0.0
 40
0.0
 40
1.0
 40
1.0
 40
1.0
 40
1.0
 10
1702.5
 20
2840.6
 30
0.0
 10
1705.8999999999999
 20
2842.1466666666665
 30
0.0
 10
1709.3
 20
2844.4666666666667
 30
0.0
 10
1712.7
 20
2847.56
 30
0.0
  0
SPLINE
  5
45A
330
17
100
AcDbEntity
  8
Wall elevation
100
AcDbSpline
 70
0
 71
3
 72
8
 73
4
 74
0
 40
0.0
 40
0.0
 40
0.0
 40
0.0
 40
1.0
 40
1.0
 40
1.0
 40
1.0
 10
1684.5
 20
2864.0
 30
0.0
 10
1688.5
 20
2858.6666666666665
 30
0.0
 10
1692.5
 20
2858.6666666666665
 30
0.0
 10
1696.5
 20
2864.0
 30
0.0
  0
SPLINE
  5
45B
330
17
100
AcDbEntity
  8
Wall elevation
100
AcDbSpline
 70
0
 71
3
 72
8
 73
4
 74
0
 40
0.0
 40
0.0
 40
0.0
 40
0.0
 40
1.0
 40
1.0
 40
1.0
 40
1.0
 10
1708.5
 20
2864.0
 30
0.0
 10
1712.5
 20
2858.6666666666665
 30
0.0
 10
1716.5
 20
2858.6666666666665
 30
0.0
 10
1720.5
 20
2864.0
 30
0.0
  0
LWPOLYLINE
  5
45C
330
17
100
AcDbEntity
  8
Wall elevation
100
AcDbPolyline
 90
5
 70
0
 10
1792.5
 20
2870.0
 10
1842.5
 20
2870.0
 10
1842.5
 20
2794.0
 10
1792.5
 20
2794.0
 10
1792.5
 20
2870.0
  0
LWPOLYLINE
  5
45D
330
17
100
AcDbEntity
  8
Wall elevation
100
AcDbPolyline
 90
50
 70
0
 10
1817.5
 20
2800.0
 10
1813.44
 20
2802.42
 10
1810.16
 20
2804.83
 10
1807.45
 20
2807.25
 10
1805.71
 20
2809.67
 10
1805.14
 20
2812.08
 10
1805.69
 20
2814.5
 10
1806.47
 20
2816.92
 10
1804.35
 20
2819.33
 10
1802.85
 20
2821.75
 10
1802.33
 20
2824.17
 10
1802.91
 20
2826.58
 10
1804.44
 20
2829.0
 10
1806.59
 20
2831.42
 10
1808.0
 20
2833.83
 10
1807.41
 20
2836.25
 10
1807.5
 20
2838.67
 10
1808.32
 20
2841.08
 10
1809.76
 20
2843.5
 10
1811.53
 20
2845.92
 10
1813.33
 20
2848.33
 10
1814.47
 20
2850.75
 10
1815.2
 20
2853.17
 10
1816.26
 20
2855.58
 10
1817.5
 20
2858.0
 10
1817.5
 20
2858.0
 10
1818.74
 20
2855.58
 10
1819.8
 20
2853.17
 10
1820.53
 20
2850.75
 10
1821.67
 20
2848.33
 10
1823.47
 20
2845.92
 10
1825.24
 20
2843.5
 10
1826.68
 20
2841.08
 10
1827.5
 20
2838.67
 10
1827.59
 20
2836.25
 10
1827.0
 20
2833.83
 10
1828.41
 20
2831.42
 10
1830.56
 20
2829.0
 10
1832.09
 20
2826.58
 10
1832.67
 20
2824.17
 10
1832.15
 20
2821.75
 10
1830.65
 20
2819.33
 10
1828.53
 20
2816.92
 10
1829.31
 20
2814.5
 10
1829.86
 20
2812.08
 10
1829.29
 20
2809.67
 10
1827.55
 20
2807.25
 10
1824.84
 20
2804.83
 10
1821.56
 20
2802.42
 10
1817.5
 20
2800.0
  0
SPLINE
  5
45E
330
17
100
AcDbEntity
  8
Wall elevation
100
AcDbSpline
 70
0
 71
3
 72
8
 73
4
 74
0
 40
0.0
 40
0.0
 40
0.0
 40
0.0
 40
1.0
 40
1.0
 40
1.0
 40
1.0
 10
1817.5
 20
2800.0
 30
0.0
 10
1818.6333333333334
 20
2819.3333333333335
 30
0.0
 10
1818.6333333333334
 20
2837.12
 30
0.0
 10
1817.5
 20
2853.36
 30
0.0
  0
SPLINE
  5
45F
330
17
100
AcDbEntity
  8
Wall elevation
100
AcDbSpline
 70
0
 71
3
 72
8
 73
4
 74
0
 40
0.0
 40
0.0
 40
0.0
 40
0.0
 40
1.0
 40
1.0
 40
1.0
 40
1.0
 10
1817.5
 20
2816.24
 30
0.0
 10
1814.1000000000001
 20
2817.7866666666664
 30
0.0
 10
1810.7
 20
2820.1066666666666
 30
0.0
 10
1807.3
 20
2823.2
 30
0.0
  0
SPLINE
  5
460
330
17
100
AcDbEntity
  8
Wall elevation
100
AcDbSpline
 70
0
 71
3
 72
8
 73
4
 74
0
 40
0.0
 40
0.0
 40
0.0
 40
0.0
 40
1.0
 40
1.0
 40
1.0
 40
1.0
 10
1817.5
 20
2816.24
 30
0.0
 10
1820.8999999999999
 20
2817.7866666666664
 30
0.0
 10
1824.3
 20
2820.1066666666666
 30
0.0
 10
1827.7
 20
2823.2
 30
0.0
  0
SPLINE
  5
461
330
17
100
AcDbEntity
  8
Wall elevation
100
AcDbSpline
 70
0
 71
3
 72
8
 73
4
 74
0
 40
0.0
 40
0.0
 40
0.0
 40
0.0
 40
1.0
 40
1.0
 40
1.0
 40
1.0
 10
1817.5
 20
2829.0
 30
0.0
 10
1814.1000000000001
 20
2830.5466666666666
 30
0.0
 10
1810.7
 20
2832.866666666667
 30
0.0
 10
1807.3
 20
2835.96
 30
0.0
  0
SPLINE
  5
462
330
17
100
AcDbEntity
  8
Wall elevation
100
AcDbSpline
 70
0
 71
3
 72
8
 73
4
 74
0
 40
0.0
 40
0.0
 40
0.0
 40
0.0
 40
1.0
 40
1.0
 40
1.0
 40
1.0
 10
1817.5
 20
2829.0
 30
0.0
 10
1820.8999999999999
 20
2830.5466666666666
 30
0.0
 10
1824.3
 20
2832.866666666667
 30
0.0
 10
1827.7
 20
2835.96
 30
0.0
  0
SPLINE
  5
463
330
17
100
AcDbEntity
  8
Wall elevation
100
AcDbSpline
 70
0
 71
3
 72
8
 73
4
 74
0
 40
0.0
 40
0.0
 40
0.0
 40
0.0
 40
1.0
 40
1.0
 40
1.0
 40
1.0
 10
1817.5
 20
2840.6
 30
0.0
 10
1814.1000000000001
 20
2842.1466666666665
 30
0.0
 10
1810.7
 20
2844.4666666666667
 30
0.0
 10
1807.3
 20
2847.56
 30
0.0
  0
SPLINE
  5
464
330
17
100
AcDbEntity
  8
Wall elevation
100
AcDbSpline
 70
0
 71
3
 72
8
 73
4
 74
0
 40
0.0
 40
0.0
 40
0.0
 40
0.0
 40
1.0
 40
1.0
 40
1.0
 40
1.0
 10
1817.5
 20
2840.6
 30
0.0
 10
1820.8999999999999
 20
2842.1466666666665
 30
0.0
 10
1824.3
 20
2844.4666666666667
 30
0.0
 10
1827.7
 20
2847.56
 30
0.0
  0
SPLINE
  5
465
330
17
100
AcDbEntity
  8
Wall elevation
100
AcDbSpline
 70
0
 71
3
 72
8
 73
4
 74
0
 40
0.0
 40
0.0
 40
0.0
 40
0.0
 40
1.0
 40
1.0
 40
1.0
 40
1.0
 10
1799.5
 20
2864.0
 30
0.0
 10
1803.5
 20
2858.6666666666665
 30
0.0
 10
1807.5
 20
2858.6666666666665
 30
0.0
 10
1811.5
 20
2864.0
 30
0.0
  0
SPLINE
  5
466
330
17
100
AcDbEntity
  8
Wall elevation
100
AcDbSpline
 70
0
 71
3
 72
8
 73
4
 74
0
 40
0.0
 40
0.0
 40
0.0
 40
0.0
 40
1.0
 40
1.0
 40
1.0
 40
1.0
 10
1823.5
 20
2864.0
 30
0.0
 10
1827.5
 20
2858.6666666666665
 30
0.0
 10
1831.5
 20
2858.6666666666665
 30
0.0
 10
1835.5
 20
2864.0
 30
0.0
  0
LWPOLYLINE
  5
467
330
17
100
AcDbEntity
  8
Wall elevation
100
AcDbPolyline
 90
5
 70
0
 10
1907.5
 20
2870.0
 10
1957.5
 20
2870.0
 10
1957.5
 20
2794.0
 10
1907.5
 20
2794.0
 10
1907.5
 20
2870.0
  0
LWPOLYLINE
  5
468
330
17
100
AcDbEntity
  8
Wall elevation
100
AcDbPolyline
 90
50
 70
0
 10
1932.5
 20
2800.0
 10
1928.44
 20
2802.42
 10
1925.16
 20
2804.83
 10
1922.45
 20
2807.25
 10
1920.71
 20
2809.67
 10
1920.14
 20
2812.08
 10
1920.69
 20
2814.5
 10
1921.47
 20
2816.92
 10
1919.35
 20
2819.33
 10
1917.85
 20
2821.75
 10
1917.33
 20
2824.17
 10
1917.91
 20
2826.58
 10
1919.44
 20
2829.0
 10
1921.59
 20
2831.42
 10
1923.0
 20
2833.83
 10
1922.41
 20
2836.25
 10
1922.5
 20
2838.67
 10
1923.32
 20
2841.08
 10
1924.76
 20
2843.5
 10
1926.53
 20
2845.92
 10
1928.33
 20
2848.33
 10
1929.47
 20
2850.75
 10
1930.2
 20
2853.17
 10
1931.26
 20
2855.58
 10
1932.5
 20
2858.0
 10
1932.5
 20
2858.0
 10
1933.74
 20
2855.58
 10
1934.8
 20
2853.17
 10
1935.53
 20
2850.75
 10
1936.67
 20
2848.33
 10
1938.47
 20
2845.92
 10
1940.24
 20
2843.5
 10
1941.68
 20
2841.08
 10
1942.5
 20
2838.67
 10
1942.59
 20
2836.25
 10
1942.0
 20
2833.83
 10
1943.41
 20
2831.42
 10
1945.56
 20
2829.0
 10
1947.09
 20
2826.58
 10
1947.67
 20
2824.17
 10
1947.15
 20
2821.75
 10
1945.65
 20
2819.33
 10
1943.53
 20
2816.92
 10
1944.31
 20
2814.5
 10
1944.86
 20
2812.08
 10
1944.29
 20
2809.67
 10
1942.55
 20
2807.25
 10
1939.84
 20
2804.83
 10
1936.56
 20
2802.42
 10
1932.5
 20
2800.0
  0
SPLINE
  5
469
330
17
100
AcDbEntity
  8
Wall elevation
100
AcDbSpline
 70
0
 71
3
 72
8
 73
4
 74
0
 40
0.0
 40
0.0
 40
0.0
 40
0.0
 40
1.0
 40
1.0
 40
1.0
 40
1.0
 10
1932.5
 20
2800.0
 30
0.0
 10
1933.6333333333334
 20
2819.3333333333335
 30
0.0
 10
1933.6333333333334
 20
2837.12
 30
0.0
 10
1932.5
 20
2853.36
 30
0.0
  0
SPLINE
  5
46A
330
17
100
AcDbEntity
  8
Wall elevation
100
AcDbSpline
 70
0
 71
3
 72
8
 73
4
 74
0
 40
0.0
 40
0.0
 40
0.0
 40
0.0
 40
1.0
 40
1.0
 40
1.0
 40
1.0
 10
1932.5
 20
2816.24
 30
0.0
 10
1929.1000000000001
 20
2817.7866666666664
 30
0.0
 10
1925.7
 20
2820.1066666666666
 30
0.0
 10
1922.3
 20
2823.2
 30
0.0
  0
SPLINE
  5
46B
330
17
100
AcDbEntity
  8
Wall elevation
100
AcDbSpline
 70
0
 71
3
 72
8
 73
4
 74
0
 40
0.0
 40
0.0
 40
0.0
 40
0.0
 40
1.0
 40
1.0
 40
1.0
 40
1.0
 10
1932.5
 20
2816.24
 30
0.0
 10
1935.8999999999999
 20
2817.7866666666664
 30
0.0
 10
1939.3
 20
2820.1066666666666
 30
0.0
 10
1942.7
 20
2823.2
 30
0.0
  0
SPLINE
  5
46C
330
17
100
AcDbEntity
  8
Wall elevation
100
AcDbSpline
 70
0
 71
3
 72
8
 73
4
 74
0
 40
0.0
 40
0.0
 40
0.0
 40
0.0
 40
1.0
 40
1.0
 40
1.0
 40
1.0
 10
1932.5
 20
2829.0
 30
0.0
 10
1929.1000000000001
 20
2830.5466666666666
 30
0.0
 10
1925.7
 20
2832.866666666667
 30
0.0
 10
1922.3
 20
2835.96
 30
0.0
  0
SPLINE
  5
46D
330
17
100
AcDbEntity
  8
Wall elevation
100
AcDbSpline
 70
0
 71
3
 72
8
 73
4
 74
0
 40
0.0
 40
0.0
 40
0.0
 40
0.0
 40
1.0
 40
1.0
 40
1.0
 40
1.0
 10
1932.5
 20
2829.0
 30
0.0
 10
1935.8999999999999
 20
2830.5466666666666
 30
0.0
 10
1939.3
 20
2832.866666666667
 30
0.0
 10
1942.7
 20
2835.96
 30
0.0
  0
SPLINE
  5
46E
330
17
100
AcDbEntity
  8
Wall elevation
100
AcDbSpline
 70
0
 71
3
 72
8
 73
4
 74
0
 40
0.0
 40
0.0
 40
0.0
 40
0.0
 40
1.0
 40
1.0
 40
1.0
 40
1.0
 10
1932.5
 20
2840.6
 30
0.0
 10
1929.1000000000001
 20
2842.1466666666665
 30
0.0
 10
1925.7
 20
2844.4666666666667
 30
0.0
 10
1922.3
 20
2847.56
 30
0.0
  0
SPLINE
  5
46F
330
17
100
AcDbEntity
  8
Wall elevation
100
AcDbSpline
 70
0
 71
3
 72
8
 73
4
 74
0
 40
0.0
 40
0.0
 40
0.0
 40
0.0
 40
1.0
 40
1.0
 40
1.0
 40
1.0
 10
1932.5
 20
2840.6
 30
0.0
 10
1935.8999999999999
 20
2842.1466666666665
 30
0.0
 10
1939.3
 20
2844.4666666666667
 30
0.0
 10
1942.7
 20
2847.56
 30
0.0
  0
SPLINE
  5
470
330
17
100
AcDbEntity
  8
Wall elevation
100
AcDbSpline
 70
0
 71
3
 72
8
 73
4
 74
0
 40
0.0
 40
0.0
 40
0.0
 40
0.0
 40
1.0
 40
1.0
 40
1.0
 40
1.0
 10
1914.5
 20
2864.0
 30
0.0
 10
1918.5
 20
2858.6666666666665
 30
0.0
 10
1922.5
 20
2858.6666666666665
 30
0.0
 10
1926.5
 20
2864.0
 30
0.0
  0
SPLINE
  5
471
330
17
100
AcDbEntity
  8
Wall elevation
100
AcDbSpline
 70
0
 71
3
 72
8
 73
4
 74
0
 40
0.0
 40
0.0
 40
0.0
 40
0.0
 40
1.0
 40
1.0
 40
1.0
 40
1.0
 10
1938.5
 20
2864.0
 30
0.0
 10
1942.5
 20
2858.6666666666665
 30
0.0
 10
1946.5
 20
2858.6666666666665
 30
0.0
 10
1950.5
 20
2864.0
 30
0.0
  0
LWPOLYLINE
  5
472
330
17
100
AcDbEntity
  8
Wall elevation
100
AcDbPolyline
 90
5
 70
0
 10
2022.5
 20
2870.0
 10
2072.5
 20
2870.0
 10
2072.5
 20
2794.0
 10
2022.5
 20
2794.0
 10
2022.5
 20
2870.0
  0
LWPOLYLINE
  5
473
330
17
100
AcDbEntity
  8
Wall elevation
100
AcDbPolyline
 90
50
 70
0
 10
2047.5
 20
2800.0
 10
2043.44
 20
2802.42
 10
2040.16
 20
2804.83
 10
2037.45
 20
2807.25
 10
2035.71
 20
2809.67
 10
2035.14
 20
2812.08
 10
2035.69
 20
2814.5
 10
2036.47
 20
2816.92
 10
2034.35
 20
2819.33
 10
2032.85
 20
2821.75
 10
2032.33
 20
2824.17
 10
2032.91
 20
2826.58
 10
2034.44
 20
2829.0
 10
2036.59
 20
2831.42
 10
2038.0
 20
2833.83
 10
2037.41
 20
2836.25
 10
2037.5
 20
2838.67
 10
2038.32
 20
2841.08
 10
2039.76
 20
2843.5
 10
2041.53
 20
2845.92
 10
2043.33
 20
2848.33
 10
2044.47
 20
2850.75
 10
2045.2
 20
2853.17
 10
2046.26
 20
2855.58
 10
2047.5
 20
2858.0
 10
2047.5
 20
2858.0
 10
2048.74
 20
2855.58
 10
2049.8
 20
2853.17
 10
2050.5299999999997
 20
2850.75
 10
2051.67
 20
2848.33
 10
2053.4700000000003
 20
2845.92
 10
2055.24
 20
2843.5
 10
2056.6800000000003
 20
2841.08
 10
2057.5
 20
2838.67
 10
2057.59
 20
2836.25
 10
2057.0
 20
2833.83
 10
2058.41
 20
2831.42
 10
2060.56
 20
2829.0
 10
2062.09
 20
2826.58
 10
2062.67
 20
2824.17
 10
2062.15
 20
2821.75
 10
2060.65
 20
2819.33
 10
2058.5299999999997
 20
2816.92
 10
2059.31
 20
2814.5
 10
2059.8599999999997
 20
2812.08
 10
2059.29
 20
2809.67
 10
2057.55
 20
2807.25
 10
2054.84
 20
2804.83
 10
2051.56
 20
2802.42
 10
2047.5
 20
2800.0
  0
SPLINE
  5
474
330
17
100
AcDbEntity
  8
Wall elevation
100
AcDbSpline
 70
0
 71
3
 72
8
 73
4
 74
0
 40
0.0
 40
0.0
 40
0.0
 40
0.0
 40
1.0
 40
1.0
 40
1.0
 40
1.0
 10
2047.5
 20
2800.0
 30
0.0
 10
2048.633333333333
 20
2819.3333333333335
 30
0.0
 10
2048.633333333333
 20
2837.12
 30
0.0
 10
2047.5
 20
2853.36
 30
0.0
  0
SPLINE
  5
475
330
17
100
AcDbEntity
  8
Wall elevation
100
AcDbSpline
 70
0
 71
3
 72
8
 73
4
 74
0
 40
0.0
 40
0.0
 40
0.0
 40
0.0
 40
1.0
 40
1.0
 40
1.0
 40
1.0
 10
2047.5
 20
2816.24
 30
0.0
 10
2044.1000000000001
 20
2817.7866666666664
 30
0.0
 10
2040.7
 20
2820.1066666666666
 30
0.0
 10
2037.3
 20
2823.2
 30
0.0
  0
SPLINE
  5
476
330
17
100
AcDbEntity
  8
Wall elevation
100
AcDbSpline
 70
0
 71
3
 72
8
 73
4
 74
0
 40
0.0
 40
0.0
 40
0.0
 40
0.0
 40
1.0
 40
1.0
 40
1.0
 40
1.0
 10
2047.5
 20
2816.24
 30
0.0
 10
2050.9
 20
2817.7866666666664
 30
0.0
 10
2054.2999999999997
 20
2820.1066666666666
 30
0.0
 10
2057.7
 20
2823.2
 30
0.0
  0
SPLINE
  5
477
330
17
100
AcDbEntity
  8
Wall elevation
100
AcDbSpline
 70
0
 71
3
 72
8
 73
4
 74
0
 40
0.0
 40
0.0
 40
0.0
 40
0.0
 40
1.0
 40
1.0
 40
1.0
 40
1.0
 10
2047.5
 20
2829.0
 30
0.0
 10
2044.1000000000001
 20
2830.5466666666666
 30
0.0
 10
2040.7
 20
2832.866666666667
 30
0.0
 10
2037.3
 20
2835.96
 30
0.0
  0
SPLINE
  5
478
330
17
100
AcDbEntity
  8
Wall elevation
100
AcDbSpline
 70
0
 71
3
 72
8
 73
4
 74
0
 40
0.0
 40
0.0
 40
0.0
 40
0.0
 40
1.0
 40
1.0
 40
1.0
 40
1.0
 10
2047.5
 20
2829.0
 30
0.0
 10
2050.9
 20
2830.5466666666666
 30
0.0
 10
2054.2999999999997
 20
2832.866666666667
 30
0.0
 10
2057.7
 20
2835.96
 30
0.0
  0
SPLINE
  5
479
330
17
100
AcDbEntity
  8
Wall elevation
100
AcDbSpline
 70
0
 71
3
 72
8
 73
4
 74
0
 40
0.0
 40
0.0
 40
0.0
 40
0.0
 40
1.0
 40
1.0
 40
1.0
 40
1.0
 10
2047.5
 20
2840.6
 30
0.0
 10
2044.1000000000001
 20
2842.1466666666665
 30
0.0
 10
2040.7
 20
2844.4666666666667
 30
0.0
 10
2037.3
 20
2847.56
 30
0.0
  0
SPLINE
  5
47A
330
17
100
AcDbEntity
  8
Wall elevation
100
AcDbSpline
 70
0
 71
3
 72
8
 73
4
 74
0
 40
0.0
 40
0.0
 40
0.0
 40
0.0
 40
1.0
 40
1.0
 40
1.0
 40
1.0
 10
2047.5
 20
2840.6
 30
0.0
 10
2050.9
 20
2842.1466666666665
 30
0.0
 10
2054.2999999999997
 20
2844.4666666666667
 30
0.0
 10
2057.7
 20
2847.56
 30
0.0
  0
SPLINE
  5
47B
330
17
100
AcDbEntity
  8
Wall elevation
100
AcDbSpline
 70
0
 71
3
 72
8
 73
4
 74
0
 40
0.0
 40
0.0
 40
0.0
 40
0.0
 40
1.0
 40
1.0
 40
1.0
 40
1.0
 10
2029.5
 20
2864.0
 30
0.0
 10
2033.5
 20
2858.6666666666665
 30
0.0
 10
2037.5
 20
2858.6666666666665
 30
0.0
 10
2041.5
 20
2864.0
 30
0.0
  0
SPLINE
  5
47C
330
17
100
AcDbEntity
  8
Wall elevation
100
AcDbSpline
 70
0
 71
3
 72
8
 73
4
 74
0
 40
0.0
 40
0.0
 40
0.0
 40
0.0
 40
1.0
 40
1.0
 40
1.0
 40
1.0
 10
2053.5
 20
2864.0
 30
0.0
 10
2057.5
 20
2858.6666666666665
 30
0.0
 10
2061.5
 20
2858.6666666666665
 30
0.0
 10
2065.5
 20
2864.0
 30
0.0
  0
LWPOLYLINE
  5
47D
330
17
100
AcDbEntity
  8
Wall elevation
100
AcDbPolyline
 90
5
 70
0
 10
2137.5
 20
2870.0
 10
2187.5
 20
2870.0
 10
2187.5
 20
2794.0
 10
2137.5
 20
2794.0
 10
2137.5
 20
2870.0
  0
LWPOLYLINE
  5
47E
330
17
100
AcDbEntity
  8
Wall elevation
100
AcDbPolyline
 90
50
 70
0
 10
2162.5
 20
2800.0
 10
2158.44
 20
2802.42
 10
2155.16
 20
2804.83
 10
2152.45
 20
2807.25
 10
2150.71
 20
2809.67
 10
2150.1400000000003
 20
2812.08
 10
2150.69
 20
2814.5
 10
2151.4700000000003
 20
2816.92
 10
2149.35
 20
2819.33
 10
2147.85
 20
2821.75
 10
2147.33
 20
2824.17
 10
2147.91
 20
2826.58
 10
2149.44
 20
2829.0
 10
2151.59
 20
2831.42
 10
2153.0
 20
2833.83
 10
2152.41
 20
2836.25
 10
2152.5
 20
2838.67
 10
2153.3199999999997
 20
2841.08
 10
2154.76
 20
2843.5
 10
2156.5299999999997
 20
2845.92
 10
2158.33
 20
2848.33
 10
2159.4700000000003
 20
2850.75
 10
2160.2
 20
2853.17
 10
2161.26
 20
2855.58
 10
2162.5
 20
2858.0
 10
2162.5
 20
2858.0
 10
2163.74
 20
2855.58
 10
2164.8
 20
2853.17
 10
2165.5299999999997
 20
2850.75
 10
2166.67
 20
2848.33
 10
2168.4700000000003
 20
2845.92
 10
2170.24
 20
2843.5
 10
2171.6800000000003
 20
2841.08
 10
2172.5
 20
2838.67
 10
2172.59
 20
2836.25
 10
2172.0
 20
2833.83
 10
2173.41
 20
2831.42
 10
2175.56
 20
2829.0
 10
2177.09
 20
2826.58
 10
2177.67
 20
2824.17
 10
2177.15
 20
2821.75
 10
2175.65
 20
2819.33
 10
2173.5299999999997
 20
2816.92
 10
2174.31
 20
2814.5
 10
2174.8599999999997
 20
2812.08
 10
2174.29
 20
2809.67
 10
2172.55
 20
2807.25
 10
2169.84
 20
2804.83
 10
2166.56
 20
2802.42
 10
2162.5
 20
2800.0
  0
SPLINE
  5
47F
330
17
100
AcDbEntity
  8
Wall elevation
100
AcDbSpline
 70
0
 71
3
 72
8
 73
4
 74
0
 40
0.0
 40
0.0
 40
0.0
 40
0.0
 40
1.0
 40
1.0
 40
1.0
 40
1.0
 10
2162.5
 20
2800.0
 30
0.0
 10
2163.633333333333
 20
2819.3333333333335
 30
0.0
 10
2163.633333333333
 20
2837.12
 30
0.0
 10
2162.5
 20
2853.36
 30
0.0
  0
SPLINE
  5
480
330
17
100
AcDbEntity
  8
Wall elevation
100
AcDbSpline
 70
0
 71
3
 72
8
 73
4
 74
0
 40
0.0
 40
0.0
 40
0.0
 40
0.0
 40
1.0
 40
1.0
 40
1.0
 40
1.0
 10
2162.5
 20
2816.24
 30
0.0
 10
2159.1
 20
2817.7866666666664
 30
0.0
 10
2155.7000000000003
 20
2820.1066666666666
 30
0.0
 10
2152.3
 20
2823.2
 30
0.0
  0
SPLINE
  5
481
330
17
100
AcDbEntity
  8
Wall elevation
100
AcDbSpline
 70
0
 71
3
 72
8
 73
4
 74
0
 40
0.0
 40
0.0
 40
0.0
 40
0.0
 40
1.0
 40
1.0
 40
1.0
 40
1.0
 10
2162.5
 20
2816.24
 30
0.0
 10
2165.9
 20
2817.7866666666664
 30
0.0
 10
2169.2999999999997
 20
2820.1066666666666
 30
0.0
 10
2172.7
 20
2823.2
 30
0.0
  0
SPLINE
  5
482
330
17
100
AcDbEntity
  8
Wall elevation
100
AcDbSpline
 70
0
 71
3
 72
8
 73
4
 74
0
 40
0.0
 40
0.0
 40
0.0
 40
0.0
 40
1.0
 40
1.0
 40
1.0
 40
1.0
 10
2162.5
 20
2829.0
 30
0.0
 10
2159.1
 20
2830.5466666666666
 30
0.0
 10
2155.7000000000003
 20
2832.866666666667
 30
0.0
 10
2152.3
 20
2835.96
 30
0.0
  0
SPLINE
  5
483
330
17
100
AcDbEntity
  8
Wall elevation
100
AcDbSpline
 70
0
 71
3
 72
8
 73
4
 74
0
 40
0.0
 40
0.0
 40
0.0
 40
0.0
 40
1.0
 40
1.0
 40
1.0
 40
1.0
 10
2162.5
 20
2829.0
 30
0.0
 10
2165.9
 20
2830.5466666666666
 30
0.0
 10
2169.2999999999997
 20
2832.866666666667
 30
0.0
 10
2172.7
 20
2835.96
 30
0.0
  0
SPLINE
  5
484
330
17
100
AcDbEntity
  8
Wall elevation
100
AcDbSpline
 70
0
 71
3
 72
8
 73
4
 74
0
 40
0.0
 40
0.0
 40
0.0
 40
0.0
 40
1.0
 40
1.0
 40
1.0
 40
1.0
 10
2162.5
 20
2840.6
 30
0.0
 10
2159.1
 20
2842.1466666666665
 30
0.0
 10
2155.7000000000003
 20
2844.4666666666667
 30
0.0
 10
2152.3
 20
2847.56
 30
0.0
  0
SPLINE
  5
485
330
17
100
AcDbEntity
  8
Wall elevation
100
AcDbSpline
 70
0
 71
3
 72
8
 73
4
 74
0
 40
0.0
 40
0.0
 40
0.0
 40
0.0
 40
1.0
 40
1.0
 40
1.0
 40
1.0
 10
2162.5
 20
2840.6
 30
0.0
 10
2165.9
 20
2842.1466666666665
 30
0.0
 10
2169.2999999999997
 20
2844.4666666666667
 30
0.0
 10
2172.7
 20
2847.56
 30
0.0
  0
SPLINE
  5
486
330
17
100
AcDbEntity
  8
Wall elevation
100
AcDbSpline
 70
0
 71
3
 72
8
 73
4
 74
0
 40
0.0
 40
0.0
 40
0.0
 40
0.0
 40
1.0
 40
1.0
 40
1.0
 40
1.0
 10
2144.5
 20
2864.0
 30
0.0
 10
2148.5
 20
2858.6666666666665
 30
0.0
 10
2152.5
 20
2858.6666666666665
 30
0.0
 10
2156.5
 20
2864.0
 30
0.0
  0
SPLINE
  5
487
330
17
100
AcDbEntity
  8
Wall elevation
100
AcDbSpline
 70
0
 71
3
 72
8
 73
4
 74
0
 40
0.0
 40
0.0
 40
0.0
 40
0.0
 40
1.0
 40
1.0
 40
1.0
 40
1.0
 10
2168.5
 20
2864.0
 30
0.0
 10
2172.5
 20
2858.6666666666665
 30
0.0
 10
2176.5
 20
2858.6666666666665
 30
0.0
 10
2180.5
 20
2864.0
 30
0.0
  0
LWPOLYLINE
  5
488
330
17
100
AcDbEntity
  8
Wall elevation
100
AcDbPolyline
 90
5
 70
0
 10
2252.5
 20
2870.0
 10
2302.5
 20
2870.0
 10
2302.5
 20
2794.0
 10
2252.5
 20
2794.0
 10
2252.5
 20
2870.0
  0
LWPOLYLINE
  5
489
330
17
100
AcDbEntity
  8
Wall elevation
100
AcDbPolyline
 90
50
 70
0
 10
2277.5
 20
2800.0
 10
2273.44
 20
2802.42
 10
2270.16
 20
2804.83
 10
2267.45
 20
2807.25
 10
2265.71
 20
2809.67
 10
2265.14
 20
2812.08
 10
2265.69
 20
2814.5
 10
2266.47
 20
2816.92
 10
2264.35
 20
2819.33
 10
2262.85
 20
2821.75
 10
2262.33
 20
2824.17
 10
2262.91
 20
2826.58
 10
2264.44
 20
2829.0
 10
2266.59
 20
2831.42
 10
2268.0
 20
2833.83
 10
2267.41
 20
2836.25
 10
2267.5
 20
2838.67
 10
2268.32
 20
2841.08
 10
2269.76
 20
2843.5
 10
2271.53
 20
2845.92
 10
2273.33
 20
2848.33
 10
2274.47
 20
2850.75
 10
2275.2
 20
2853.17
 10
2276.26
 20
2855.58
 10
2277.5
 20
2858.0
 10
2277.5
 20
2858.0
 10
2278.74
 20
2855.58
 10
2279.8
 20
2853.17
 10
2280.53
 20
2850.75
 10
2281.67
 20
2848.33
 10
2283.47
 20
2845.92
 10
2285.24
 20
2843.5
 10
2286.68
 20
2841.08
 10
2287.5
 20
2838.67
 10
2287.59
 20
2836.25
 10
2287.0
 20
2833.83
 10
2288.41
 20
2831.42
 10
2290.56
 20
2829.0
 10
2292.09
 20
2826.58
 10
2292.67
 20
2824.17
 10
2292.15
 20
2821.75
 10
2290.65
 20
2819.33
 10
2288.53
 20
2816.92
 10
2289.31
 20
2814.5
 10
2289.86
 20
2812.08
 10
2289.29
 20
2809.67
 10
2287.55
 20
2807.25
 10
2284.84
 20
2804.83
 10
2281.56
 20
2802.42
 10
2277.5
 20
2800.0
  0
SPLINE
  5
48A
330
17
100
AcDbEntity
  8
Wall elevation
100
AcDbSpline
 70
0
 71
3
 72
8
 73
4
 74
0
 40
0.0
 40
0.0
 40
0.0
 40
0.0
 40
1.0
 40
1.0
 40
1.0
 40
1.0
 10
2277.5
 20
2800.0
 30
0.0
 10
2278.633333333333
 20
2819.3333333333335
 30
0.0
 10
2278.633333333333
 20
2837.12
 30
0.0
 10
2277.5
 20
2853.36
 30
0.0
  0
SPLINE
  5
48B
330
17
100
AcDbEntity
  8
Wall elevation
100
AcDbSpline
 70
0
 71
3
 72
8
 73
4
 74
0
 40
0.0
 40
0.0
 40
0.0
 40
0.0
 40
1.0
 40
1.0
 40
1.0
 40
1.0
 10
2277.5
 20
2816.24
 30
0.0
 10
2274.1
 20
2817.7866666666664
 30
0.0
 10
2270.7000000000003
 20
2820.1066666666666
 30
0.0
 10
2267.3
 20
2823.2
 30
0.0
  0
SPLINE
  5
48C
330
17
100
AcDbEntity
  8
Wall elevation
100
AcDbSpline
 70
0
 71
3
 72
8
 73
4
 74
0
 40
0.0
 40
0.0
 40
0.0
 40
0.0
 40
1.0
 40
1.0
 40
1.0
 40
1.0
 10
2277.5
 20
2816.24
 30
0.0
 10
2280.9
 20
2817.7866666666664
 30
0.0
 10
2284.2999999999997
 20
2820.1066666666666
 30
0.0
 10
2287.7
 20
2823.2
 30
0.0
  0
SPLINE
  5
48D
330
17
100
AcDbEntity
  8
Wall elevation
100
AcDbSpline
 70
0
 71
3
 72
8
 73
4
 74
0
 40
0.0
 40
0.0
 40
0.0
 40
0.0
 40
1.0
 40
1.0
 40
1.0
 40
1.0
 10
2277.5
 20
2829.0
 30
0.0
 10
2274.1
 20
2830.5466666666666
 30
0.0
 10
2270.7000000000003
 20
2832.866666666667
 30
0.0
 10
2267.3
 20
2835.96
 30
0.0
  0
SPLINE
  5
48E
330
17
100
AcDbEntity
  8
Wall elevation
100
AcDbSpline
 70
0
 71
3
 72
8
 73
4
 74
0
 40
0.0
 40
0.0
 40
0.0
 40
0.0
 40
1.0
 40
1.0
 40
1.0
 40
1.0
 10
2277.5
 20
2829.0
 30
0.0
 10
2280.9
 20
2830.5466666666666
 30
0.0
 10
2284.2999999999997
 20
2832.866666666667
 30
0.0
 10
2287.7
 20
2835.96
 30
0.0
  0
SPLINE
  5
48F
330
17
100
AcDbEntity
  8
Wall elevation
100
AcDbSpline
 70
0
 71
3
 72
8
 73
4
 74
0
 40
0.0
 40
0.0
 40
0.0
 40
0.0
 40
1.0
 40
1.0
 40
1.0
 40
1.0
 10
2277.5
 20
2840.6
 30
0.0
 10
2274.1
 20
2842.1466666666665
 30
0.0
 10
2270.7000000000003
 20
2844.4666666666667
 30
0.0
 10
2267.3
 20
2847.56
 30
0.0
  0
SPLINE
  5
490
330
17
100
AcDbEntity
  8
Wall elevation
100
AcDbSpline
 70
0
 71
3
 72
8
 73
4
 74
0
 40
0.0
 40
0.0
 40
0.0
 40
0.0
 40
1.0
 40
1.0
 40
1.0
 40
1.0
 10
2277.5
 20
2840.6
 30
0.0
 10
2280.9
 20
2842.1466666666665
 30
0.0
 10
2284.2999999999997
 20
2844.4666666666667
 30
0.0
 10
2287.7
 20
2847.56
 30
0.0
  0
SPLINE
  5
491
330
17
100
AcDbEntity
  8
Wall elevation
100
AcDbSpline
 70
0
 71
3
 72
8
 73
4
 74
0
 40
0.0
 40
0.0
 40
0.0
 40
0.0
 40
1.0
 40
1.0
 40
1.0
 40
1.0
 10
2259.5
 20
2864.0
 30
0.0
 10
2263.5
 20
2858.6666666666665
 30
0.0
 10
2267.5
 20
2858.6666666666665
 30
0.0
 10
2271.5
 20
2864.0
 30
0.0
  0
SPLINE
  5
492
330
17
100
AcDbEntity
  8
Wall elevation
100
AcDbSpline
 70
0
 71
3
 72
8
 73
4
 74
0
 40
0.0
 40
0.0
 40
0.0
 40
0.0
 40
1.0
 40
1.0
 40
1.0
 40
1.0
 10
2283.5
 20
2864.0
 30
0.0
 10
2287.5
 20
2858.6666666666665
 30
0.0
 10
2291.5
 20
2858.6666666666665
 30
0.0
 10
2295.5
 20
2864.0
 30
0.0
  0
LWPOLYLINE
  5
493
330
17
100
AcDbEntity
  8
Wall elevation
100
AcDbPolyline
 90
5
 70
0
 10
2367.5
 20
2870.0
 10
2417.5
 20
2870.0
 10
2417.5
 20
2794.0
 10
2367.5
 20
2794.0
 10
2367.5
 20
2870.0
  0
LWPOLYLINE
  5
494
330
17
100
AcDbEntity
  8
Wall elevation
100
AcDbPolyline
 90
50
 70
0
 10
2392.5
 20
2800.0
 10
2388.44
 20
2802.42
 10
2385.16
 20
2804.83
 10
2382.45
 20
2807.25
 10
2380.71
 20
2809.67
 10
2380.14
 20
2812.08
 10
2380.69
 20
2814.5
 10
2381.47
 20
2816.92
 10
2379.35
 20
2819.33
 10
2377.85
 20
2821.75
 10
2377.33
 20
2824.17
 10
2377.91
 20
2826.58
 10
2379.44
 20
2829.0
 10
2381.59
 20
2831.42
 10
2383.0
 20
2833.83
 10
2382.41
 20
2836.25
 10
2382.5
 20
2838.67
 10
2383.32
 20
2841.08
 10
2384.76
 20
2843.5
 10
2386.53
 20
2845.92
 10
2388.33
 20
2848.33
 10
2389.47
 20
2850.75
 10
2390.2
 20
2853.17
 10
2391.26
 20
2855.58
 10
2392.5
 20
2858.0
 10
2392.5
 20
2858.0
 10
2393.74
 20
2855.58
 10
2394.8
 20
2853.17
 10
2395.53
 20
2850.75
 10
2396.67
 20
2848.33
 10
2398.47
 20
2845.92
 10
2400.24
 20
2843.5
 10
2401.68
 20
2841.08
 10
2402.5
 20
2838.67
 10
2402.59
 20
2836.25
 10
2402.0
 20
2833.83
 10
2403.41
 20
2831.42
 10
2405.56
 20
2829.0
 10
2407.09
 20
2826.58
 10
2407.67
 20
2824.17
 10
2407.15
 20
2821.75
 10
2405.65
 20
2819.33
 10
2403.53
 20
2816.92
 10
2404.31
 20
2814.5
 10
2404.86
 20
2812.08
 10
2404.29
 20
2809.67
 10
2402.55
 20
2807.25
 10
2399.84
 20
2804.83
 10
2396.56
 20
2802.42
 10
2392.5
 20
2800.0
  0
SPLINE
  5
495
330
17
100
AcDbEntity
  8
Wall elevation
100
AcDbSpline
 70
0
 71
3
 72
8
 73
4
 74
0
 40
0.0
 40
0.0
 40
0.0
 40
0.0
 40
1.0
 40
1.0
 40
1.0
 40
1.0
 10
2392.5
 20
2800.0
 30
0.0
 10
2393.633333333333
 20
2819.3333333333335
 30
0.0
 10
2393.633333333333
 20
2837.12
 30
0.0
 10
2392.5
 20
2853.36
 30
0.0
  0
SPLINE
  5
496
330
17
100
AcDbEntity
  8
Wall elevation
100
AcDbSpline
 70
0
 71
3
 72
8
 73
4
 74
0
 40
0.0
 40
0.0
 40
0.0
 40
0.0
 40
1.0
 40
1.0
 40
1.0
 40
1.0
 10
2392.5
 20
2816.24
 30
0.0
 10
2389.1
 20
2817.7866666666664
 30
0.0
 10
2385.7000000000003
 20
2820.1066666666666
 30
0.0
 10
2382.3
 20
2823.2
 30
0.0
  0
SPLINE
  5
497
330
17
100
AcDbEntity
  8
Wall elevation
100
AcDbSpline
 70
0
 71
3
 72
8
 73
4
 74
0
 40
0.0
 40
0.0
 40
0.0
 40
0.0
 40
1.0
 40
1.0
 40
1.0
 40
1.0
 10
2392.5
 20
2816.24
 30
0.0
 10
2395.9
 20
2817.7866666666664
 30
0.0
 10
2399.2999999999997
 20
2820.1066666666666
 30
0.0
 10
2402.7
 20
2823.2
 30
0.0
  0
SPLINE
  5
498
330
17
100
AcDbEntity
  8
Wall elevation
100
AcDbSpline
 70
0
 71
3
 72
8
 73
4
 74
0
 40
0.0
 40
0.0
 40
0.0
 40
0.0
 40
1.0
 40
1.0
 40
1.0
 40
1.0
 10
2392.5
 20
2829.0
 30
0.0
 10
2389.1
 20
2830.5466666666666
 30
0.0
 10
2385.7000000000003
 20
2832.866666666667
 30
0.0
 10
2382.3
 20
2835.96
 30
0.0
  0
SPLINE
  5
499
330
17
100
AcDbEntity
  8
Wall elevation
100
AcDbSpline
 70
0
 71
3
 72
8
 73
4
 74
0
 40
0.0
 40
0.0
 40
0.0
 40
0.0
 40
1.0
 40
1.0
 40
1.0
 40
1.0
 10
2392.5
 20
2829.0
 30
0.0
 10
2395.9
 20
2830.5466666666666
 30
0.0
 10
2399.2999999999997
 20
2832.866666666667
 30
0.0
 10
2402.7
 20
2835.96
 30
0.0
  0
SPLINE
  5
49A
330
17
100
AcDbEntity
  8
Wall elevation
100
AcDbSpline
 70
0
 71
3
 72
8
 73
4
 74
0
 40
0.0
 40
0.0
 40
0.0
 40
0.0
 40
1.0
 40
1.0
 40
1.0
 40
1.0
 10
2392.5
 20
2840.6
 30
0.0
 10
2389.1
 20
2842.1466666666665
 30
0.0
 10
2385.7000000000003
 20
2844.4666666666667
 30
0.0
 10
2382.3
 20
2847.56
 30
0.0
  0
SPLINE
  5
49B
330
17
100
AcDbEntity
  8
Wall elevation
100
AcDbSpline
 70
0
 71
3
 72
8
 73
4
 74
0
 40
0.0
 40
0.0
 40
0.0
 40
0.0
 40
1.0
 40
1.0
 40
1.0
 40
1.0
 10
2392.5
 20
2840.6
 30
0.0
 10
2395.9
 20
2842.1466666666665
 30
0.0
 10
2399.2999999999997
 20
2844.4666666666667
 30
0.0
 10
2402.7
 20
2847.56
 30
0.0
  0
SPLINE
  5
49C
330
17
100
AcDbEntity
  8
Wall elevation
100
AcDbSpline
 70
0
 71
3
 72
8
 73
4
 74
0
 40
0.0
 40
0.0
 40
0.0
 40
0.0
 40
1.0
 40
1.0
 40
1.0
 40
1.0
 10
2374.5
 20
2864.0
 30
0.0
 10
2378.5
 20
2858.6666666666665
 30
0.0
 10
2382.5
 20
2858.6666666666665
 30
0.0
 10
2386.5
 20
2864.0
 30
0.0
  0
SPLINE
  5
49D
330
17
100
AcDbEntity
  8
Wall elevation
100
AcDbSpline
 70
0
 71
3
 72
8
 73
4
 74
0
 40
0.0
 40
0.0
 40
0.0
 40
0.0
 40
1.0
 40
1.0
 40
1.0
 40
1.0
 10
2398.5
 20
2864.0
 30
0.0
 10
2402.5
 20
2858.6666666666665
 30
0.0
 10
2406.5
 20
2858.6666666666665
 30
0.0
 10
2410.5
 20
2864.0
 30
0.0
  0
LWPOLYLINE
  5
49E
330
17
100
AcDbEntity
  8
Wall elevation
100
AcDbPolyline
 90
5
 70
0
 10
2482.5
 20
2870.0
 10
2532.5
 20
2870.0
 10
2532.5
 20
2794.0
 10
2482.5
 20
2794.0
 10
2482.5
 20
2870.0
  0
LWPOLYLINE
  5
49F
330
17
100
AcDbEntity
  8
Wall elevation
100
AcDbPolyline
 90
50
 70
0
 10
2507.5
 20
2800.0
 10
2503.44
 20
2802.42
 10
2500.16
 20
2804.83
 10
2497.45
 20
2807.25
 10
2495.71
 20
2809.67
 10
2495.14
 20
2812.08
 10
2495.69
 20
2814.5
 10
2496.47
 20
2816.92
 10
2494.35
 20
2819.33
 10
2492.85
 20
2821.75
 10
2492.33
 20
2824.17
 10
2492.91
 20
2826.58
 10
2494.44
 20
2829.0
 10
2496.59
 20
2831.42
 10
2498.0
 20
2833.83
 10
2497.41
 20
2836.25
 10
2497.5
 20
2838.67
 10
2498.32
 20
2841.08
 10
2499.76
 20
2843.5
 10
2501.53
 20
2845.92
 10
2503.33
 20
2848.33
 10
2504.47
 20
2850.75
 10
2505.2
 20
2853.17
 10
2506.26
 20
2855.58
 10
2507.5
 20
2858.0
 10
2507.5
 20
2858.0
 10
2508.74
 20
2855.58
 10
2509.8
 20
2853.17
 10
2510.53
 20
2850.75
 10
2511.67
 20
2848.33
 10
2513.47
 20
2845.92
 10
2515.24
 20
2843.5
 10
2516.68
 20
2841.08
 10
2517.5
 20
2838.67
 10
2517.59
 20
2836.25
 10
2517.0
 20
2833.83
 10
2518.41
 20
2831.42
 10
2520.56
 20
2829.0
 10
2522.09
 20
2826.58
 10
2522.67
 20
2824.17
 10
2522.15
 20
2821.75
 10
2520.65
 20
2819.33
 10
2518.53
 20
2816.92
 10
2519.31
 20
2814.5
 10
2519.86
 20
2812.08
 10
2519.29
 20
2809.67
 10
2517.55
 20
2807.25
 10
2514.84
 20
2804.83
 10
2511.56
 20
2802.42
 10
2507.5
 20
2800.0
  0
SPLINE
  5
4A0
330
17
100
AcDbEntity
  8
Wall elevation
100
AcDbSpline
 70
0
 71
3
 72
8
 73
4
 74
0
 40
0.0
 40
0.0
 40
0.0
 40
0.0
 40
1.0
 40
1.0
 40
1.0
 40
1.0
 10
2507.5
 20
2800.0
 30
0.0
 10
2508.633333333333
 20
2819.3333333333335
 30
0.0
 10
2508.633333333333
 20
2837.12
 30
0.0
 10
2507.5
 20
2853.36
 30
0.0
  0
SPLINE
  5
4A1
330
17
100
AcDbEntity
  8
Wall elevation
100
AcDbSpline
 70
0
 71
3
 72
8
 73
4
 74
0
 40
0.0
 40
0.0
 40
0.0
 40
0.0
 40
1.0
 40
1.0
 40
1.0
 40
1.0
 10
2507.5
 20
2816.24
 30
0.0
 10
2504.1
 20
2817.7866666666664
 30
0.0
 10
2500.7000000000003
 20
2820.1066666666666
 30
0.0
 10
2497.3
 20
2823.2
 30
0.0
  0
SPLINE
  5
4A2
330
17
100
AcDbEntity
  8
Wall elevation
100
AcDbSpline
 70
0
 71
3
 72
8
 73
4
 74
0
 40
0.0
 40
0.0
 40
0.0
 40
0.0
 40
1.0
 40
1.0
 40
1.0
 40
1.0
 10
2507.5
 20
2816.24
 30
0.0
 10
2510.9
 20
2817.7866666666664
 30
0.0
 10
2514.2999999999997
 20
2820.1066666666666
 30
0.0
 10
2517.7
 20
2823.2
 30
0.0
  0
SPLINE
  5
4A3
330
17
100
AcDbEntity
  8
Wall elevation
100
AcDbSpline
 70
0
 71
3
 72
8
 73
4
 74
0
 40
0.0
 40
0.0
 40
0.0
 40
0.0
 40
1.0
 40
1.0
 40
1.0
 40
1.0
 10
2507.5
 20
2829.0
 30
0.0
 10
2504.1
 20
2830.5466666666666
 30
0.0
 10
2500.7000000000003
 20
2832.866666666667
 30
0.0
 10
2497.3
 20
2835.96
 30
0.0
  0
SPLINE
  5
4A4
330
17
100
AcDbEntity
  8
Wall elevation
100
AcDbSpline
 70
0
 71
3
 72
8
 73
4
 74
0
 40
0.0
 40
0.0
 40
0.0
 40
0.0
 40
1.0
 40
1.0
 40
1.0
 40
1.0
 10
2507.5
 20
2829.0
 30
0.0
 10
2510.9
 20
2830.5466666666666
 30
0.0
 10
2514.2999999999997
 20
2832.866666666667
 30
0.0
 10
2517.7
 20
2835.96
 30
0.0
  0
SPLINE
  5
4A5
330
17
100
AcDbEntity
  8
Wall elevation
100
AcDbSpline
 70
0
 71
3
 72
8
 73
4
 74
0
 40
0.0
 40
0.0
 40
0.0
 40
0.0
 40
1.0
 40
1.0
 40
1.0
 40
1.0
 10
2507.5
 20
2840.6
 30
0.0
 10
2504.1
 20
2842.1466666666665
 30
0.0
 10
2500.7000000000003
 20
2844.4666666666667
 30
0.0
 10
2497.3
 20
2847.56
 30
0.0
  0
SPLINE
  5
4A6
330
17
100
AcDbEntity
  8
Wall elevation
100
AcDbSpline
 70
0
 71
3
 72
8
 73
4
 74
0
 40
0.0
 40
0.0
 40
0.0
 40
0.0
 40
1.0
 40
1.0
 40
1.0
 40
1.0
 10
2507.5
 20
2840.6
 30
0.0
 10
2510.9
 20
2842.1466666666665
 30
0.0
 10
2514.2999999999997
 20
2844.4666666666667
 30
0.0
 10
2517.7
 20
2847.56
 30
0.0
  0
SPLINE
  5
4A7
330
17
100
AcDbEntity
  8
Wall elevation
100
AcDbSpline
 70
0
 71
3
 72
8
 73
4
 74
0
 40
0.0
 40
0.0
 40
0.0
 40
0.0
 40
1.0
 40
1.0
 40
1.0
 40
1.0
 10
2489.5
 20
2864.0
 30
0.0
 10
2493.5
 20
2858.6666666666665
 30
0.0
 10
2497.5
 20
2858.6666666666665
 30
0.0
 10
2501.5
 20
2864.0
 30
0.0
  0
SPLINE
  5
4A8
330
17
100
AcDbEntity
  8
Wall elevation
100
AcDbSpline
 70
0
 71
3
 72
8
 73
4
 74
0
 40
0.0
 40
0.0
 40
0.0
 40
0.0
 40
1.0
 40
1.0
 40
1.0
 40
1.0
 10
2513.5
 20
2864.0
 30
0.0
 10
2517.5
 20
2858.6666666666665
 30
0.0
 10
2521.5
 20
2858.6666666666665
 30
0.0
 10
2525.5
 20
2864.0
 30
0.0
  0
LWPOLYLINE
  5
4A9
330
17
100
AcDbEntity
  8
Wall elevation
100
AcDbPolyline
 90
5
 70
0
 10
2597.5
 20
2870.0
 10
2647.5
 20
2870.0
 10
2647.5
 20
2794.0
 10
2597.5
 20
2794.0
 10
2597.5
 20
2870.0
  0
LWPOLYLINE
  5
4AA
330
17
100
AcDbEntity
  8
Wall elevation
100
AcDbPolyline
 90
50
 70
0
 10
2622.5
 20
2800.0
 10
2618.44
 20
2802.42
 10
2615.16
 20
2804.83
 10
2612.45
 20
2807.25
 10
2610.71
 20
2809.67
 10
2610.14
 20
2812.08
 10
2610.69
 20
2814.5
 10
2611.47
 20
2816.92
 10
2609.35
 20
2819.33
 10
2607.85
 20
2821.75
 10
2607.33
 20
2824.17
 10
2607.91
 20
2826.58
 10
2609.44
 20
2829.0
 10
2611.59
 20
2831.42
 10
2613.0
 20
2833.83
 10
2612.41
 20
2836.25
 10
2612.5
 20
2838.67
 10
2613.32
 20
2841.08
 10
2614.76
 20
2843.5
 10
2616.53
 20
2845.92
 10
2618.33
 20
2848.33
 10
2619.47
 20
2850.75
 10
2620.2
 20
2853.17
 10
2621.26
 20
2855.58
 10
2622.5
 20
2858.0
 10
2622.5
 20
2858.0
 10
2623.74
 20
2855.58
 10
2624.8
 20
2853.17
 10
2625.53
 20
2850.75
 10
2626.67
 20
2848.33
 10
2628.47
 20
2845.92
 10
2630.24
 20
2843.5
 10
2631.68
 20
2841.08
 10
2632.5
 20
2838.67
 10
2632.59
 20
2836.25
 10
2632.0
 20
2833.83
 10
2633.41
 20
2831.42
 10
2635.56
 20
2829.0
 10
2637.09
 20
2826.58
 10
2637.67
 20
2824.17
 10
2637.15
 20
2821.75
 10
2635.65
 20
2819.33
 10
2633.53
 20
2816.92
 10
2634.31
 20
2814.5
 10
2634.86
 20
2812.08
 10
2634.29
 20
2809.67
 10
2632.55
 20
2807.25
 10
2629.84
 20
2804.83
 10
2626.56
 20
2802.42
 10
2622.5
 20
2800.0
  0
SPLINE
  5
4AB
330
17
100
AcDbEntity
  8
Wall elevation
100
AcDbSpline
 70
0
 71
3
 72
8
 73
4
 74
0
 40
0.0
 40
0.0
 40
0.0
 40
0.0
 40
1.0
 40
1.0
 40
1.0
 40
1.0
 10
2622.5
 20
2800.0
 30
0.0
 10
2623.633333333333
 20
2819.3333333333335
 30
0.0
 10
2623.633333333333
 20
2837.12
 30
0.0
 10
2622.5
 20
2853.36
 30
0.0
  0
SPLINE
  5
4AC
330
17
100
AcDbEntity
  8
Wall elevation
100
AcDbSpline
 70
0
 71
3
 72
8
 73
4
 74
0
 40
0.0
 40
0.0
 40
0.0
 40
0.0
 40
1.0
 40
1.0
 40
1.0
 40
1.0
 10
2622.5
 20
2816.24
 30
0.0
 10
2619.1
 20
2817.7866666666664
 30
0.0
 10
2615.7000000000003
 20
2820.1066666666666
 30
0.0
 10
2612.3
 20
2823.2
 30
0.0
  0
SPLINE
  5
4AD
330
17
100
AcDbEntity
  8
Wall elevation
100
AcDbSpline
 70
0
 71
3
 72
8
 73
4
 74
0
 40
0.0
 40
0.0
 40
0.0
 40
0.0
 40
1.0
 40
1.0
 40
1.0
 40
1.0
 10
2622.5
 20
2816.24
 30
0.0
 10
2625.9
 20
2817.7866666666664
 30
0.0
 10
2629.2999999999997
 20
2820.1066666666666
 30
0.0
 10
2632.7
 20
2823.2
 30
0.0
  0
SPLINE
  5
4AE
330
17
100
AcDbEntity
  8
Wall elevation
100
AcDbSpline
 70
0
 71
3
 72
8
 73
4
 74
0
 40
0.0
 40
0.0
 40
0.0
 40
0.0
 40
1.0
 40
1.0
 40
1.0
 40
1.0
 10
2622.5
 20
2829.0
 30
0.0
 10
2619.1
 20
2830.5466666666666
 30
0.0
 10
2615.7000000000003
 20
2832.866666666667
 30
0.0
 10
2612.3
 20
2835.96
 30
0.0
  0
SPLINE
  5
4AF
330
17
100
AcDbEntity
  8
Wall elevation
100
AcDbSpline
 70
0
 71
3
 72
8
 73
4
 74
0
 40
0.0
 40
0.0
 40
0.0
 40
0.0
 40
1.0
 40
1.0
 40
1.0
 40
1.0
 10
2622.5
 20
2829.0
 30
0.0
 10
2625.9
 20
2830.5466666666666
 30
0.0
 10
2629.2999999999997
 20
2832.866666666667
 30
0.0
 10
2632.7
 20
2835.96
 30
0.0
  0
SPLINE
  5
4B0
330
17
100
AcDbEntity
  8
Wall elevation
100
AcDbSpline
 70
0
 71
3
 72
8
 73
4
 74
0
 40
0.0
 40
0.0
 40
0.0
 40
0.0
 40
1.0
 40
1.0
 40
1.0
 40
1.0
 10
2622.5
 20
2840.6
 30
0.0
 10
2619.1
 20
2842.1466666666665
 30
0.0
 10
2615.7000000000003
 20
2844.4666666666667
 30
0.0
 10
2612.3
 20
2847.56
 30
0.0
  0
SPLINE
  5
4B1
330
17
100
AcDbEntity
  8
Wall elevation
100
AcDbSpline
 70
0
 71
3
 72
8
 73
4
 74
0
 40
0.0
 40
0.0
 40
0.0
 40
0.0
 40
1.0
 40
1.0
 40
1.0
 40
1.0
 10
2622.5
 20
2840.6
 30
0.0
 10
2625.9
 20
2842.1466666666665
 30
0.0
 10
2629.2999999999997
 20
2844.4666666666667
 30
0.0
 10
2632.7
 20
2847.56
 30
0.0
  0
SPLINE
  5
4B2
330
17
100
AcDbEntity
  8
Wall elevation
100
AcDbSpline
 70
0
 71
3
 72
8
 73
4
 74
0
 40
0.0
 40
0.0
 40
0.0
 40
0.0
 40
1.0
 40
1.0
 40
1.0
 40
1.0
 10
2604.5
 20
2864.0
 30
0.0
 10
2608.5
 20
2858.6666666666665
 30
0.0
 10
2612.5
 20
2858.6666666666665
 30
0.0
 10
2616.5
 20
2864.0
 30
0.0
  0
SPLINE
  5
4B3
330
17
100
AcDbEntity
  8
Wall elevation
100
AcDbSpline
 70
0
 71
3
 72
8
 73
4
 74
0
 40
0.0
 40
0.0
 40
0.0
 40
0.0
 40
1.0
 40
1.0
 40
1.0
 40
1.0
 10
2628.5
 20
2864.0
 30
0.0
 10
2632.5
 20
2858.6666666666665
 30
0.0
 10
2636.5
 20
2858.6666666666665
 30
0.0
 10
2640.5
 20
2864.0
 30
0.0
  0
LWPOLYLINE
  5
4B4
330
17
100
AcDbEntity
  8
Wall elevation
100
AcDbPolyline
 90
5
 70
0
 10
2712.5
 20
2870.0
 10
2762.5
 20
2870.0
 10
2762.5
 20
2794.0
 10
2712.5
 20
2794.0
 10
2712.5
 20
2870.0
  0
LWPOLYLINE
  5
4B5
330
17
100
AcDbEntity
  8
Wall elevation
100
AcDbPolyline
 90
50
 70
0
 10
2737.5
 20
2800.0
 10
2733.44
 20
2802.42
 10
2730.16
 20
2804.83
 10
2727.45
 20
2807.25
 10
2725.71
 20
2809.67
 10
2725.14
 20
2812.08
 10
2725.69
 20
2814.5
 10
2726.47
 20
2816.92
 10
2724.35
 20
2819.33
 10
2722.85
 20
2821.75
 10
2722.33
 20
2824.17
 10
2722.91
 20
2826.58
 10
2724.44
 20
2829.0
 10
2726.59
 20
2831.42
 10
2728.0
 20
2833.83
 10
2727.41
 20
2836.25
 10
2727.5
 20
2838.67
 10
2728.32
 20
2841.08
 10
2729.76
 20
2843.5
 10
2731.53
 20
2845.92
 10
2733.33
 20
2848.33
 10
2734.47
 20
2850.75
 10
2735.2
 20
2853.17
 10
2736.26
 20
2855.58
 10
2737.5
 20
2858.0
 10
2737.5
 20
2858.0
 10
2738.74
 20
2855.58
 10
2739.8
 20
2853.17
 10
2740.53
 20
2850.75
 10
2741.67
 20
2848.33
 10
2743.47
 20
2845.92
 10
2745.24
 20
2843.5
 10
2746.68
 20
2841.08
 10
2747.5
 20
2838.67
 10
2747.59
 20
2836.25
 10
2747.0
 20
2833.83
 10
2748.41
 20
2831.42
 10
2750.56
 20
2829.0
 10
2752.09
 20
2826.58
 10
2752.67
 20
2824.17
 10
2752.15
 20
2821.75
 10
2750.65
 20
2819.33
 10
2748.53
 20
2816.92
 10
2749.31
 20
2814.5
 10
2749.86
 20
2812.08
 10
2749.29
 20
2809.67
 10
2747.55
 20
2807.25
 10
2744.84
 20
2804.83
 10
2741.56
 20
2802.42
 10
2737.5
 20
2800.0
  0
SPLINE
  5
4B6
330
17
100
AcDbEntity
  8
Wall elevation
100
AcDbSpline
 70
0
 71
3
 72
8
 73
4
 74
0
 40
0.0
 40
0.0
 40
0.0
 40
0.0
 40
1.0
 40
1.0
 40
1.0
 40
1.0
 10
2737.5
 20
2800.0
 30
0.0
 10
2738.633333333333
 20
2819.3333333333335
 30
0.0
 10
2738.633333333333
 20
2837.12
 30
0.0
 10
2737.5
 20
2853.36
 30
0.0
  0
SPLINE
  5
4B7
330
17
100
AcDbEntity
  8
Wall elevation
100
AcDbSpline
 70
0
 71
3
 72
8
 73
4
 74
0
 40
0.0
 40
0.0
 40
0.0
 40
0.0
 40
1.0
 40
1.0
 40
1.0
 40
1.0
 10
2737.5
 20
2816.24
 30
0.0
 10
2734.1
 20
2817.7866666666664
 30
0.0
 10
2730.7000000000003
 20
2820.1066666666666
 30
0.0
 10
2727.3
 20
2823.2
 30
0.0
  0
SPLINE
  5
4B8
330
17
100
AcDbEntity
  8
Wall elevation
100
AcDbSpline
 70
0
 71
3
 72
8
 73
4
 74
0
 40
0.0
 40
0.0
 40
0.0
 40
0.0
 40
1.0
 40
1.0
 40
1.0
 40
1.0
 10
2737.5
 20
2816.24
 30
0.0
 10
2740.9
 20
2817.7866666666664
 30
0.0
 10
2744.2999999999997
 20
2820.1066666666666
 30
0.0
 10
2747.7
 20
2823.2
 30
0.0
  0
SPLINE
  5
4B9
330
17
100
AcDbEntity
  8
Wall elevation
100
AcDbSpline
 70
0
 71
3
 72
8
 73
4
 74
0
 40
0.0
 40
0.0
 40
0.0
 40
0.0
 40
1.0
 40
1.0
 40
1.0
 40
1.0
 10
2737.5
 20
2829.0
 30
0.0
 10
2734.1
 20
2830.5466666666666
 30
0.0
 10
2730.7000000000003
 20
2832.866666666667
 30
0.0
 10
2727.3
 20
2835.96
 30
0.0
  0
SPLINE
  5
4BA
330
17
100
AcDbEntity
  8
Wall elevation
100
AcDbSpline
 70
0
 71
3
 72
8
 73
4
 74
0
 40
0.0
 40
0.0
 40
0.0
 40
0.0
 40
1.0
 40
1.0
 40
1.0
 40
1.0
 10
2737.5
 20
2829.0
 30
0.0
 10
2740.9
 20
2830.5466666666666
 30
0.0
 10
2744.2999999999997
 20
2832.866666666667
 30
0.0
 10
2747.7
 20
2835.96
 30
0.0
  0
SPLINE
  5
4BB
330
17
100
AcDbEntity
  8
Wall elevation
100
AcDbSpline
 70
0
 71
3
 72
8
 73
4
 74
0
 40
0.0
 40
0.0
 40
0.0
 40
0.0
 40
1.0
 40
1.0
 40
1.0
 40
1.0
 10
2737.5
 20
2840.6
 30
0.0
 10
2734.1
 20
2842.1466666666665
 30
0.0
 10
2730.7000000000003
 20
2844.4666666666667
 30
0.0
 10
2727.3
 20
2847.56
 30
0.0
  0
SPLINE
  5
4BC
330
17
100
AcDbEntity
  8
Wall elevation
100
AcDbSpline
 70
0
 71
3
 72
8
 73
4
 74
0
 40
0.0
 40
0.0
 40
0.0
 40
0.0
 40
1.0
 40
1.0
 40
1.0
 40
1.0
 10
2737.5
 20
2840.6
 30
0.0
 10
2740.9
 20
2842.1466666666665
 30
0.0
 10
2744.2999999999997
 20
2844.4666666666667
 30
0.0
 10
2747.7
 20
2847.56
 30
0.0
  0
SPLINE
  5
4BD
330
17
100
AcDbEntity
  8
Wall elevation
100
AcDbSpline
 70
0
 71
3
 72
8
 73
4
 74
0
 40
0.0
 40
0.0
 40
0.0
 40
0.0
 40
1.0
 40
1.0
 40
1.0
 40
1.0
 10
2719.5
 20
2864.0
 30
0.0
 10
2723.5
 20
2858.6666666666665
 30
0.0
 10
2727.5
 20
2858.6666666666665
 30
0.0
 10
2731.5
 20
2864.0
 30
0.0
  0
SPLINE
  5
4BE
330
17
100
AcDbEntity
  8
Wall elevation
100
AcDbSpline
 70
0
 71
3
 72
8
 73
4
 74
0
 40
0.0
 40
0.0
 40
0.0
 40
0.0
 40
1.0
 40
1.0
 40
1.0
 40
1.0
 10
2743.5
 20
2864.0
 30
0.0
 10
2747.5
 20
2858.6666666666665
 30
0.0
 10
2751.5
 20
2858.6666666666665
 30
0.0
 10
2755.5
 20
2864.0
 30
0.0
  0
LWPOLYLINE
  5
4BF
330
17
100
AcDbEntity
  8
Wall elevation
100
AcDbPolyline
 90
5
 70
0
 10
2827.5
 20
2870.0
 10
2877.5
 20
2870.0
 10
2877.5
 20
2794.0
 10
2827.5
 20
2794.0
 10
2827.5
 20
2870.0
  0
LWPOLYLINE
  5
4C0
330
17
100
AcDbEntity
  8
Wall elevation
100
AcDbPolyline
 90
50
 70
0
 10
2852.5
 20
2800.0
 10
2848.44
 20
2802.42
 10
2845.16
 20
2804.83
 10
2842.45
 20
2807.25
 10
2840.71
 20
2809.67
 10
2840.14
 20
2812.08
 10
2840.69
 20
2814.5
 10
2841.47
 20
2816.92
 10
2839.35
 20
2819.33
 10
2837.85
 20
2821.75
 10
2837.33
 20
2824.17
 10
2837.91
 20
2826.58
 10
2839.44
 20
2829.0
 10
2841.59
 20
2831.42
 10
2843.0
 20
2833.83
 10
2842.41
 20
2836.25
 10
2842.5
 20
2838.67
 10
2843.32
 20
2841.08
 10
2844.76
 20
2843.5
 10
2846.53
 20
2845.92
 10
2848.33
 20
2848.33
 10
2849.47
 20
2850.75
 10
2850.2
 20
2853.17
 10
2851.26
 20
2855.58
 10
2852.5
 20
2858.0
 10
2852.5
 20
2858.0
 10
2853.74
 20
2855.58
 10
2854.8
 20
2853.17
 10
2855.53
 20
2850.75
 10
2856.67
 20
2848.33
 10
2858.47
 20
2845.92
 10
2860.24
 20
2843.5
 10
2861.68
 20
2841.08
 10
2862.5
 20
2838.67
 10
2862.59
 20
2836.25
 10
2862.0
 20
2833.83
 10
2863.41
 20
2831.42
 10
2865.56
 20
2829.0
 10
2867.09
 20
2826.58
 10
2867.67
 20
2824.17
 10
2867.15
 20
2821.75
 10
2865.65
 20
2819.33
 10
2863.53
 20
2816.92
 10
2864.31
 20
2814.5
 10
2864.86
 20
2812.08
 10
2864.29
 20
2809.67
 10
2862.55
 20
2807.25
 10
2859.84
 20
2804.83
 10
2856.56
 20
2802.42
 10
2852.5
 20
2800.0
  0
SPLINE
  5
4C1
330
17
100
AcDbEntity
  8
Wall elevation
100
AcDbSpline
 70
0
 71
3
 72
8
 73
4
 74
0
 40
0.0
 40
0.0
 40
0.0
 40
0.0
 40
1.0
 40
1.0
 40
1.0
 40
1.0
 10
2852.5
 20
2800.0
 30
0.0
 10
2853.633333333333
 20
2819.3333333333335
 30
0.0
 10
2853.633333333333
 20
2837.12
 30
0.0
 10
2852.5
 20
2853.36
 30
0.0
  0
SPLINE
  5
4C2
330
17
100
AcDbEntity
  8
Wall elevation
100
AcDbSpline
 70
0
 71
3
 72
8
 73
4
 74
0
 40
0.0
 40
0.0
 40
0.0
 40
0.0
 40
1.0
 40
1.0
 40
1.0
 40
1.0
 10
2852.5
 20
2816.24
 30
0.0
 10
2849.1
 20
2817.7866666666664
 30
0.0
 10
2845.7000000000003
 20
2820.1066666666666
 30
0.0
 10
2842.3
 20
2823.2
 30
0.0
  0
SPLINE
  5
4C3
330
17
100
AcDbEntity
  8
Wall elevation
100
AcDbSpline
 70
0
 71
3
 72
8
 73
4
 74
0
 40
0.0
 40
0.0
 40
0.0
 40
0.0
 40
1.0
 40
1.0
 40
1.0
 40
1.0
 10
2852.5
 20
2816.24
 30
0.0
 10
2855.9
 20
2817.7866666666664
 30
0.0
 10
2859.2999999999997
 20
2820.1066666666666
 30
0.0
 10
2862.7
 20
2823.2
 30
0.0
  0
SPLINE
  5
4C4
330
17
100
AcDbEntity
  8
Wall elevation
100
AcDbSpline
 70
0
 71
3
 72
8
 73
4
 74
0
 40
0.0
 40
0.0
 40
0.0
 40
0.0
 40
1.0
 40
1.0
 40
1.0
 40
1.0
 10
2852.5
 20
2829.0
 30
0.0
 10
2849.1
 20
2830.5466666666666
 30
0.0
 10
2845.7000000000003
 20
2832.866666666667
 30
0.0
 10
2842.3
 20
2835.96
 30
0.0
  0
SPLINE
  5
4C5
330
17
100
AcDbEntity
  8
Wall elevation
100
AcDbSpline
 70
0
 71
3
 72
8
 73
4
 74
0
 40
0.0
 40
0.0
 40
0.0
 40
0.0
 40
1.0
 40
1.0
 40
1.0
 40
1.0
 10
2852.5
 20
2829.0
 30
0.0
 10
2855.9
 20
2830.5466666666666
 30
0.0
 10
2859.2999999999997
 20
2832.866666666667
 30
0.0
 10
2862.7
 20
2835.96
 30
0.0
  0
SPLINE
  5
4C6
330
17
100
AcDbEntity
  8
Wall elevation
100
AcDbSpline
 70
0
 71
3
 72
8
 73
4
 74
0
 40
0.0
 40
0.0
 40
0.0
 40
0.0
 40
1.0
 40
1.0
 40
1.0
 40
1.0
 10
2852.5
 20
2840.6
 30
0.0
 10
2849.1
 20
2842.1466666666665
 30
0.0
 10
2845.7000000000003
 20
2844.4666666666667
 30
0.0
 10
2842.3
 20
2847.56
 30
0.0
  0
SPLINE
  5
4C7
330
17
100
AcDbEntity
  8
Wall elevation
100
AcDbSpline
 70
0
 71
3
 72
8
 73
4
 74
0
 40
0.0
 40
0.0
 40
0.0
 40
0.0
 40
1.0
 40
1.0
 40
1.0
 40
1.0
 10
2852.5
 20
2840.6
 30
0.0
 10
2855.9
 20
2842.1466666666665
 30
0.0
 10
2859.2999999999997
 20
2844.4666666666667
 30
0.0
 10
2862.7
 20
2847.56
 30
0.0
  0
SPLINE
  5
4C8
330
17
100
AcDbEntity
  8
Wall elevation
100
AcDbSpline
 70
0
 71
3
 72
8
 73
4
 74
0
 40
0.0
 40
0.0
 40
0.0
 40
0.0
 40
1.0
 40
1.0
 40
1.0
 40
1.0
 10
2834.5
 20
2864.0
 30
0.0
 10
2838.5
 20
2858.6666666666665
 30
0.0
 10
2842.5
 20
2858.6666666666665
 30
0.0
 10
2846.5
 20
2864.0
 30
0.0
  0
SPLINE
  5
4C9
330
17
100
AcDbEntity
  8
Wall elevation
100
AcDbSpline
 70
0
 71
3
 72
8
 73
4
 74
0
 40
0.0
 40
0.0
 40
0.0
 40
0.0
 40
1.0
 40
1.0
 40
1.0
 40
1.0
 10
2858.5
 20
2864.0
 30
0.0
 10
2862.5
 20
2858.6666666666665
 30
0.0
 10
2866.5
 20
2858.6666666666665
 30
0.0
 10
2870.5
 20
2864.0
 30
0.0
  0
LWPOLYLINE
  5
4CA
330
17
100
AcDbEntity
  8
Wall elevation
100
AcDbPolyline
 90
5
 70
0
 10
2942.5
 20
2870.0
 10
2992.5
 20
2870.0
 10
2992.5
 20
2794.0
 10
2942.5
 20
2794.0
 10
2942.5
 20
2870.0
  0
LWPOLYLINE
  5
4CB
330
17
100
AcDbEntity
  8
Wall elevation
100
AcDbPolyline
 90
50
 70
0
 10
2967.5
 20
2800.0
 10
2963.44
 20
2802.42
 10
2960.16
 20
2804.83
 10
2957.45
 20
2807.25
 10
2955.71
 20
2809.67
 10
2955.14
 20
2812.08
 10
2955.69
 20
2814.5
 10
2956.47
 20
2816.92
 10
2954.35
 20
2819.33
 10
2952.85
 20
2821.75
 10
2952.33
 20
2824.17
 10
2952.91
 20
2826.58
 10
2954.44
 20
2829.0
 10
2956.59
 20
2831.42
 10
2958.0
 20
2833.83
 10
2957.41
 20
2836.25
 10
2957.5
 20
2838.67
 10
2958.32
 20
2841.08
 10
2959.76
 20
2843.5
 10
2961.53
 20
2845.92
 10
2963.33
 20
2848.33
 10
2964.47
 20
2850.75
 10
2965.2
 20
2853.17
 10
2966.26
 20
2855.58
 10
2967.5
 20
2858.0
 10
2967.5
 20
2858.0
 10
2968.74
 20
2855.58
 10
2969.8
 20
2853.17
 10
2970.53
 20
2850.75
 10
2971.67
 20
2848.33
 10
2973.47
 20
2845.92
 10
2975.24
 20
2843.5
 10
2976.68
 20
2841.08
 10
2977.5
 20
2838.67
 10
2977.59
 20
2836.25
 10
2977.0
 20
2833.83
 10
2978.41
 20
2831.42
 10
2980.56
 20
2829.0
 10
2982.09
 20
2826.58
 10
2982.67
 20
2824.17
 10
2982.15
 20
2821.75
 10
2980.65
 20
2819.33
 10
2978.53
 20
2816.92
 10
2979.31
 20
2814.5
 10
2979.86
 20
2812.08
 10
2979.29
 20
2809.67
 10
2977.55
 20
2807.25
 10
2974.84
 20
2804.83
 10
2971.56
 20
2802.42
 10
2967.5
 20
2800.0
  0
SPLINE
  5
4CC
330
17
100
AcDbEntity
  8
Wall elevation
100
AcDbSpline
 70
0
 71
3
 72
8
 73
4
 74
0
 40
0.0
 40
0.0
 40
0.0
 40
0.0
 40
1.0
 40
1.0
 40
1.0
 40
1.0
 10
2967.5
 20
2800.0
 30
0.0
 10
2968.633333333333
 20
2819.3333333333335
 30
0.0
 10
2968.633333333333
 20
2837.12
 30
0.0
 10
2967.5
 20
2853.36
 30
0.0
  0
SPLINE
  5
4CD
330
17
100
AcDbEntity
  8
Wall elevation
100
AcDbSpline
 70
0
 71
3
 72
8
 73
4
 74
0
 40
0.0
 40
0.0
 40
0.0
 40
0.0
 40
1.0
 40
1.0
 40
1.0
 40
1.0
 10
2967.5
 20
2816.24
 30
0.0
 10
2964.1
 20
2817.7866666666664
 30
0.0
 10
2960.7000000000003
 20
2820.1066666666666
 30
0.0
 10
2957.3
 20
2823.2
 30
0.0
  0
SPLINE
  5
4CE
330
17
100
AcDbEntity
  8
Wall elevation
100
AcDbSpline
 70
0
 71
3
 72
8
 73
4
 74
0
 40
0.0
 40
0.0
 40
0.0
 40
0.0
 40
1.0
 40
1.0
 40
1.0
 40
1.0
 10
2967.5
 20
2816.24
 30
0.0
 10
2970.9
 20
2817.7866666666664
 30
0.0
 10
2974.2999999999997
 20
2820.1066666666666
 30
0.0
 10
2977.7
 20
2823.2
 30
0.0
  0
SPLINE
  5
4CF
330
17
100
AcDbEntity
  8
Wall elevation
100
AcDbSpline
 70
0
 71
3
 72
8
 73
4
 74
0
 40
0.0
 40
0.0
 40
0.0
 40
0.0
 40
1.0
 40
1.0
 40
1.0
 40
1.0
 10
2967.5
 20
2829.0
 30
0.0
 10
2964.1
 20
2830.5466666666666
 30
0.0
 10
2960.7000000000003
 20
2832.866666666667
 30
0.0
 10
2957.3
 20
2835.96
 30
0.0
  0
SPLINE
  5
4D0
330
17
100
AcDbEntity
  8
Wall elevation
100
AcDbSpline
 70
0
 71
3
 72
8
 73
4
 74
0
 40
0.0
 40
0.0
 40
0.0
 40
0.0
 40
1.0
 40
1.0
 40
1.0
 40
1.0
 10
2967.5
 20
2829.0
 30
0.0
 10
2970.9
 20
2830.5466666666666
 30
0.0
 10
2974.2999999999997
 20
2832.866666666667
 30
0.0
 10
2977.7
 20
2835.96
 30
0.0
  0
SPLINE
  5
4D1
330
17
100
AcDbEntity
  8
Wall elevation
100
AcDbSpline
 70
0
 71
3
 72
8
 73
4
 74
0
 40
0.0
 40
0.0
 40
0.0
 40
0.0
 40
1.0
 40
1.0
 40
1.0
 40
1.0
 10
2967.5
 20
2840.6
 30
0.0
 10
2964.1
 20
2842.1466666666665
 30
0.0
 10
2960.7000000000003
 20
2844.4666666666667
 30
0.0
 10
2957.3
 20
2847.56
 30
0.0
  0
SPLINE
  5
4D2
330
17
100
AcDbEntity
  8
Wall elevation
100
AcDbSpline
 70
0
 71
3
 72
8
 73
4
 74
0
 40
0.0
 40
0.0
 40
0.0
 40
0.0
 40
1.0
 40
1.0
 40
1.0
 40
1.0
 10
2967.5
 20
2840.6
 30
0.0
 10
2970.9
 20
2842.1466666666665
 30
0.0
 10
2974.2999999999997
 20
2844.4666666666667
 30
0.0
 10
2977.7
 20
2847.56
 30
0.0
  0
SPLINE
  5
4D3
330
17
100
AcDbEntity
  8
Wall elevation
100
AcDbSpline
 70
0
 71
3
 72
8
 73
4
 74
0
 40
0.0
 40
0.0
 40
0.0
 40
0.0
 40
1.0
 40
1.0
 40
1.0
 40
1.0
 10
2949.5
 20
2864.0
 30
0.0
 10
2953.5
 20
2858.6666666666665
 30
0.0
 10
2957.5
 20
2858.6666666666665
 30
0.0
 10
2961.5
 20
2864.0
 30
0.0
  0
SPLINE
  5
4D4
330
17
100
AcDbEntity
  8
Wall elevation
100
AcDbSpline
 70
0
 71
3
 72
8
 73
4
 74
0
 40
0.0
 40
0.0
 40
0.0
 40
0.0
 40
1.0
 40
1.0
 40
1.0
 40
1.0
 10
2973.5
 20
2864.0
 30
0.0
 10
2977.5
 20
2858.6666666666665
 30
0.0
 10
2981.5
 20
2858.6666666666665
 30
0.0
 10
2985.5
 20
2864.0
 30
0.0
  0
LWPOLYLINE
  5
4D5
330
17
100
AcDbEntity
  8
Wall elevation
100
AcDbPolyline
 90
5
 70
0
 10
3057.5
 20
2870.0
 10
3107.5
 20
2870.0
 10
3107.5
 20
2794.0
 10
3057.5
 20
2794.0
 10
3057.5
 20
2870.0
  0
LWPOLYLINE
  5
4D6
330
17
100
AcDbEntity
  8
Wall elevation
100
AcDbPolyline
 90
50
 70
0
 10
3082.5
 20
2800.0
 10
3078.44
 20
2802.42
 10
3075.16
 20
2804.83
 10
3072.45
 20
2807.25
 10
3070.71
 20
2809.67
 10
3070.14
 20
2812.08
 10
3070.69
 20
2814.5
 10
3071.47
 20
2816.92
 10
3069.35
 20
2819.33
 10
3067.85
 20
2821.75
 10
3067.33
 20
2824.17
 10
3067.91
 20
2826.58
 10
3069.44
 20
2829.0
 10
3071.59
 20
2831.42
 10
3073.0
 20
2833.83
 10
3072.41
 20
2836.25
 10
3072.5
 20
2838.67
 10
3073.32
 20
2841.08
 10
3074.76
 20
2843.5
 10
3076.53
 20
2845.92
 10
3078.33
 20
2848.33
 10
3079.47
 20
2850.75
 10
3080.2
 20
2853.17
 10
3081.26
 20
2855.58
 10
3082.5
 20
2858.0
 10
3082.5
 20
2858.0
 10
3083.74
 20
2855.58
 10
3084.8
 20
2853.17
 10
3085.53
 20
2850.75
 10
3086.67
 20
2848.33
 10
3088.47
 20
2845.92
 10
3090.24
 20
2843.5
 10
3091.68
 20
2841.08
 10
3092.5
 20
2838.67
 10
3092.59
 20
2836.25
 10
3092.0
 20
2833.83
 10
3093.41
 20
2831.42
 10
3095.56
 20
2829.0
 10
3097.09
 20
2826.58
 10
3097.67
 20
2824.17
 10
3097.15
 20
2821.75
 10
3095.65
 20
2819.33
 10
3093.53
 20
2816.92
 10
3094.31
 20
2814.5
 10
3094.86
 20
2812.08
 10
3094.29
 20
2809.67
 10
3092.55
 20
2807.25
 10
3089.84
 20
2804.83
 10
3086.56
 20
2802.42
 10
3082.5
 20
2800.0
  0
SPLINE
  5
4D7
330
17
100
AcDbEntity
  8
Wall elevation
100
AcDbSpline
 70
0
 71
3
 72
8
 73
4
 74
0
 40
0.0
 40
0.0
 40
0.0
 40
0.0
 40
1.0
 40
1.0
 40
1.0
 40
1.0
 10
3082.5
 20
2800.0
 30
0.0
 10
3083.633333333333
 20
2819.3333333333335
 30
0.0
 10
3083.633333333333
 20
2837.12
 30
0.0
 10
3082.5
 20
2853.36
 30
0.0
  0
SPLINE
  5
4D8
330
17
100
AcDbEntity
  8
Wall elevation
100
AcDbSpline
 70
0
 71
3
 72
8
 73
4
 74
0
 40
0.0
 40
0.0
 40
0.0
 40
0.0
 40
1.0
 40
1.0
 40
1.0
 40
1.0
 10
3082.5
 20
2816.24
 30
0.0
 10
3079.1
 20
2817.7866666666664
 30
0.0
 10
3075.7000000000003
 20
2820.1066666666666
 30
0.0
 10
3072.3
 20
2823.2
 30
0.0
  0
SPLINE
  5
4D9
330
17
100
AcDbEntity
  8
Wall elevation
100
AcDbSpline
 70
0
 71
3
 72
8
 73
4
 74
0
 40
0.0
 40
0.0
 40
0.0
 40
0.0
 40
1.0
 40
1.0
 40
1.0
 40
1.0
 10
3082.5
 20
2816.24
 30
0.0
 10
3085.9
 20
2817.7866666666664
 30
0.0
 10
3089.2999999999997
 20
2820.1066666666666
 30
0.0
 10
3092.7
 20
2823.2
 30
0.0
  0
SPLINE
  5
4DA
330
17
100
AcDbEntity
  8
Wall elevation
100
AcDbSpline
 70
0
 71
3
 72
8
 73
4
 74
0
 40
0.0
 40
0.0
 40
0.0
 40
0.0
 40
1.0
 40
1.0
 40
1.0
 40
1.0
 10
3082.5
 20
2829.0
 30
0.0
 10
3079.1
 20
2830.5466666666666
 30
0.0
 10
3075.7000000000003
 20
2832.866666666667
 30
0.0
 10
3072.3
 20
2835.96
 30
0.0
  0
SPLINE
  5
4DB
330
17
100
AcDbEntity
  8
Wall elevation
100
AcDbSpline
 70
0
 71
3
 72
8
 73
4
 74
0
 40
0.0
 40
0.0
 40
0.0
 40
0.0
 40
1.0
 40
1.0
 40
1.0
 40
1.0
 10
3082.5
 20
2829.0
 30
0.0
 10
3085.9
 20
2830.5466666666666
 30
0.0
 10
3089.2999999999997
 20
2832.866666666667
 30
0.0
 10
3092.7
 20
2835.96
 30
0.0
  0
SPLINE
  5
4DC
330
17
100
AcDbEntity
  8
Wall elevation
100
AcDbSpline
 70
0
 71
3
 72
8
 73
4
 74
0
 40
0.0
 40
0.0
 40
0.0
 40
0.0
 40
1.0
 40
1.0
 40
1.0
 40
1.0
 10
3082.5
 20
2840.6
 30
0.0
 10
3079.1
 20
2842.1466666666665
 30
0.0
 10
3075.7000000000003
 20
2844.4666666666667
 30
0.0
 10
3072.3
 20
2847.56
 30
0.0
  0
SPLINE
  5
4DD
330
17
100
AcDbEntity
  8
Wall elevation
100
AcDbSpline
 70
0
 71
3
 72
8
 73
4
 74
0
 40
0.0
 40
0.0
 40
0.0
 40
0.0
 40
1.0
 40
1.0
 40
1.0
 40
1.0
 10
3082.5
 20
2840.6
 30
0.0
 10
3085.9
 20
2842.1466666666665
 30
0.0
 10
3089.2999999999997
 20
2844.4666666666667
 30
0.0
 10
3092.7
 20
2847.56
 30
0.0
  0
SPLINE
  5
4DE
330
17
100
AcDbEntity
  8
Wall elevation
100
AcDbSpline
 70
0
 71
3
 72
8
 73
4
 74
0
 40
0.0
 40
0.0
 40
0.0
 40
0.0
 40
1.0
 40
1.0
 40
1.0
 40
1.0
 10
3064.5
 20
2864.0
 30
0.0
 10
3068.5
 20
2858.6666666666665
 30
0.0
 10
3072.5
 20
2858.6666666666665
 30
0.0
 10
3076.5
 20
2864.0
 30
0.0
  0
SPLINE
  5
4DF
330
17
100
AcDbEntity
  8
Wall elevation
100
AcDbSpline
 70
0
 71
3
 72
8
 73
4
 74
0
 40
0.0
 40
0.0
 40
0.0
 40
0.0
 40
1.0
 40
1.0
 40
1.0
 40
1.0
 10
3088.5
 20
2864.0
 30
0.0
 10
3092.5
 20
2858.6666666666665
 30
0.0
 10
3096.5
 20
2858.6666666666665
 30
0.0
 10
3100.5
 20
2864.0
 30
0.0
  0
LWPOLYLINE
  5
4E0
330
17
100
AcDbEntity
  8
Wall elevation
100
AcDbPolyline
 90
5
 70
0
 10
3172.5
 20
2870.0
 10
3222.5
 20
2870.0
 10
3222.5
 20
2794.0
 10
3172.5
 20
2794.0
 10
3172.5
 20
2870.0
  0
LWPOLYLINE
  5
4E1
330
17
100
AcDbEntity
  8
Wall elevation
100
AcDbPolyline
 90
50
 70
0
 10
3197.5
 20
2800.0
 10
3193.44
 20
2802.42
 10
3190.16
 20
2804.83
 10
3187.45
 20
2807.25
 10
3185.71
 20
2809.67
 10
3185.14
 20
2812.08
 10
3185.69
 20
2814.5
 10
3186.47
 20
2816.92
 10
3184.35
 20
2819.33
 10
3182.85
 20
2821.75
 10
3182.33
 20
2824.17
 10
3182.91
 20
2826.58
 10
3184.44
 20
2829.0
 10
3186.59
 20
2831.42
 10
3188.0
 20
2833.83
 10
3187.41
 20
2836.25
 10
3187.5
 20
2838.67
 10
3188.32
 20
2841.08
 10
3189.76
 20
2843.5
 10
3191.53
 20
2845.92
 10
3193.33
 20
2848.33
 10
3194.47
 20
2850.75
 10
3195.2
 20
2853.17
 10
3196.26
 20
2855.58
 10
3197.5
 20
2858.0
 10
3197.5
 20
2858.0
 10
3198.74
 20
2855.58
 10
3199.8
 20
2853.17
 10
3200.53
 20
2850.75
 10
3201.67
 20
2848.33
 10
3203.47
 20
2845.92
 10
3205.24
 20
2843.5
 10
3206.68
 20
2841.08
 10
3207.5
 20
2838.67
 10
3207.59
 20
2836.25
 10
3207.0
 20
2833.83
 10
3208.41
 20
2831.42
 10
3210.56
 20
2829.0
 10
3212.09
 20
2826.58
 10
3212.67
 20
2824.17
 10
3212.15
 20
2821.75
 10
3210.65
 20
2819.33
 10
3208.53
 20
2816.92
 10
3209.31
 20
2814.5
 10
3209.86
 20
2812.08
 10
3209.29
 20
2809.67
 10
3207.55
 20
2807.25
 10
3204.84
 20
2804.83
 10
3201.56
 20
2802.42
 10
3197.5
 20
2800.0
  0
SPLINE
  5
4E2
330
17
100
AcDbEntity
  8
Wall elevation
100
AcDbSpline
 70
0
 71
3
 72
8
 73
4
 74
0
 40
0.0
 40
0.0
 40
0.0
 40
0.0
 40
1.0
 40
1.0
 40
1.0
 40
1.0
 10
3197.5
 20
2800.0
 30
0.0
 10
3198.633333333333
 20
2819.3333333333335
 30
0.0
 10
3198.633333333333
 20
2837.12
 30
0.0
 10
3197.5
 20
2853.36
 30
0.0
  0
SPLINE
  5
4E3
330
17
100
AcDbEntity
  8
Wall elevation
100
AcDbSpline
 70
0
 71
3
 72
8
 73
4
 74
0
 40
0.0
 40
0.0
 40
0.0
 40
0.0
 40
1.0
 40
1.0
 40
1.0
 40
1.0
 10
3197.5
 20
2816.24
 30
0.0
 10
3194.1
 20
2817.7866666666664
 30
0.0
 10
3190.7000000000003
 20
2820.1066666666666
 30
0.0
 10
3187.3
 20
2823.2
 30
0.0
  0
SPLINE
  5
4E4
330
17
100
AcDbEntity
  8
Wall elevation
100
AcDbSpline
 70
0
 71
3
 72
8
 73
4
 74
0
 40
0.0
 40
0.0
 40
0.0
 40
0.0
 40
1.0
 40
1.0
 40
1.0
 40
1.0
 10
3197.5
 20
2816.24
 30
0.0
 10
3200.9
 20
2817.7866666666664
 30
0.0
 10
3204.2999999999997
 20
2820.1066666666666
 30
0.0
 10
3207.7
 20
2823.2
 30
0.0
  0
SPLINE
  5
4E5
330
17
100
AcDbEntity
  8
Wall elevation
100
AcDbSpline
 70
0
 71
3
 72
8
 73
4
 74
0
 40
0.0
 40
0.0
 40
0.0
 40
0.0
 40
1.0
 40
1.0
 40
1.0
 40
1.0
 10
3197.5
 20
2829.0
 30
0.0
 10
3194.1
 20
2830.5466666666666
 30
0.0
 10
3190.7000000000003
 20
2832.866666666667
 30
0.0
 10
3187.3
 20
2835.96
 30
0.0
  0
SPLINE
  5
4E6
330
17
100
AcDbEntity
  8
Wall elevation
100
AcDbSpline
 70
0
 71
3
 72
8
 73
4
 74
0
 40
0.0
 40
0.0
 40
0.0
 40
0.0
 40
1.0
 40
1.0
 40
1.0
 40
1.0
 10
3197.5
 20
2829.0
 30
0.0
 10
3200.9
 20
2830.5466666666666
 30
0.0
 10
3204.2999999999997
 20
2832.866666666667
 30
0.0
 10
3207.7
 20
2835.96
 30
0.0
  0
SPLINE
  5
4E7
330
17
100
AcDbEntity
  8
Wall elevation
100
AcDbSpline
 70
0
 71
3
 72
8
 73
4
 74
0
 40
0.0
 40
0.0
 40
0.0
 40
0.0
 40
1.0
 40
1.0
 40
1.0
 40
1.0
 10
3197.5
 20
2840.6
 30
0.0
 10
3194.1
 20
2842.1466666666665
 30
0.0
 10
3190.7000000000003
 20
2844.4666666666667
 30
0.0
 10
3187.3
 20
2847.56
 30
0.0
  0
SPLINE
  5
4E8
330
17
100
AcDbEntity
  8
Wall elevation
100
AcDbSpline
 70
0
 71
3
 72
8
 73
4
 74
0
 40
0.0
 40
0.0
 40
0.0
 40
0.0
 40
1.0
 40
1.0
 40
1.0
 40
1.0
 10
3197.5
 20
2840.6
 30
0.0
 10
3200.9
 20
2842.1466666666665
 30
0.0
 10
3204.2999999999997
 20
2844.4666666666667
 30
0.0
 10
3207.7
 20
2847.56
 30
0.0
  0
SPLINE
  5
4E9
330
17
100
AcDbEntity
  8
Wall elevation
100
AcDbSpline
 70
0
 71
3
 72
8
 73
4
 74
0
 40
0.0
 40
0.0
 40
0.0
 40
0.0
 40
1.0
 40
1.0
 40
1.0
 40
1.0
 10
3179.5
 20
2864.0
 30
0.0
 10
3183.5
 20
2858.6666666666665
 30
0.0
 10
3187.5
 20
2858.6666666666665
 30
0.0
 10
3191.5
 20
2864.0
 30
0.0
  0
SPLINE
  5
4EA
330
17
100
AcDbEntity
  8
Wall elevation
100
AcDbSpline
 70
0
 71
3
 72
8
 73
4
 74
0
 40
0.0
 40
0.0
 40
0.0
 40
0.0
 40
1.0
 40
1.0
 40
1.0
 40
1.0
 10
3203.5
 20
2864.0
 30
0.0
 10
3207.5
 20
2858.6666666666665
 30
0.0
 10
3211.5
 20
2858.6666666666665
 30
0.0
 10
3215.5
 20
2864.0
 30
0.0
  0
LWPOLYLINE
  5
4EB
330
17
100
AcDbEntity
  8
Wall elevation
100
AcDbPolyline
 90
5
 70
0
 10
3287.5
 20
2870.0
 10
3337.5
 20
2870.0
 10
3337.5
 20
2794.0
 10
3287.5
 20
2794.0
 10
3287.5
 20
2870.0
  0
LWPOLYLINE
  5
4EC
330
17
100
AcDbEntity
  8
Wall elevation
100
AcDbPolyline
 90
50
 70
0
 10
3312.5
 20
2800.0
 10
3308.44
 20
2802.42
 10
3305.16
 20
2804.83
 10
3302.45
 20
2807.25
 10
3300.71
 20
2809.67
 10
3300.14
 20
2812.08
 10
3300.69
 20
2814.5
 10
3301.47
 20
2816.92
 10
3299.35
 20
2819.33
 10
3297.85
 20
2821.75
 10
3297.33
 20
2824.17
 10
3297.91
 20
2826.58
 10
3299.44
 20
2829.0
 10
3301.59
 20
2831.42
 10
3303.0
 20
2833.83
 10
3302.41
 20
2836.25
 10
3302.5
 20
2838.67
 10
3303.32
 20
2841.08
 10
3304.76
 20
2843.5
 10
3306.53
 20
2845.92
 10
3308.33
 20
2848.33
 10
3309.47
 20
2850.75
 10
3310.2
 20
2853.17
 10
3311.26
 20
2855.58
 10
3312.5
 20
2858.0
 10
3312.5
 20
2858.0
 10
3313.74
 20
2855.58
 10
3314.8
 20
2853.17
 10
3315.53
 20
2850.75
 10
3316.67
 20
2848.33
 10
3318.47
 20
2845.92
 10
3320.24
 20
2843.5
 10
3321.68
 20
2841.08
 10
3322.5
 20
2838.67
 10
3322.59
 20
2836.25
 10
3322.0
 20
2833.83
 10
3323.41
 20
2831.42
 10
3325.56
 20
2829.0
 10
3327.09
 20
2826.58
 10
3327.67
 20
2824.17
 10
3327.15
 20
2821.75
 10
3325.65
 20
2819.33
 10
3323.53
 20
2816.92
 10
3324.31
 20
2814.5
 10
3324.86
 20
2812.08
 10
3324.29
 20
2809.67
 10
3322.55
 20
2807.25
 10
3319.84
 20
2804.83
 10
3316.56
 20
2802.42
 10
3312.5
 20
2800.0
  0
SPLINE
  5
4ED
330
17
100
AcDbEntity
  8
Wall elevation
100
AcDbSpline
 70
0
 71
3
 72
8
 73
4
 74
0
 40
0.0
 40
0.0
 40
0.0
 40
0.0
 40
1.0
 40
1.0
 40
1.0
 40
1.0
 10
3312.5
 20
2800.0
 30
0.0
 10
3313.633333333333
 20
2819.3333333333335
 30
0.0
 10
3313.633333333333
 20
2837.12
 30
0.0
 10
3312.5
 20
2853.36
 30
0.0
  0
SPLINE
  5
4EE
330
17
100
AcDbEntity
  8
Wall elevation
100
AcDbSpline
 70
0
 71
3
 72
8
 73
4
 74
0
 40
0.0
 40
0.0
 40
0.0
 40
0.0
 40
1.0
 40
1.0
 40
1.0
 40
1.0
 10
3312.5
 20
2816.24
 30
0.0
 10
3309.1
 20
2817.7866666666664
 30
0.0
 10
3305.7000000000003
 20
2820.1066666666666
 30
0.0
 10
3302.3
 20
2823.2
 30
0.0
  0
SPLINE
  5
4EF
330
17
100
AcDbEntity
  8
Wall elevation
100
AcDbSpline
 70
0
 71
3
 72
8
 73
4
 74
0
 40
0.0
 40
0.0
 40
0.0
 40
0.0
 40
1.0
 40
1.0
 40
1.0
 40
1.0
 10
3312.5
 20
2816.24
 30
0.0
 10
3315.9
 20
2817.7866666666664
 30
0.0
 10
3319.2999999999997
 20
2820.1066666666666
 30
0.0
 10
3322.7
 20
2823.2
 30
0.0
  0
SPLINE
  5
4F0
330
17
100
AcDbEntity
  8
Wall elevation
100
AcDbSpline
 70
0
 71
3
 72
8
 73
4
 74
0
 40
0.0
 40
0.0
 40
0.0
 40
0.0
 40
1.0
 40
1.0
 40
1.0
 40
1.0
 10
3312.5
 20
2829.0
 30
0.0
 10
3309.1
 20
2830.5466666666666
 30
0.0
 10
3305.7000000000003
 20
2832.866666666667
 30
0.0
 10
3302.3
 20
2835.96
 30
0.0
  0
SPLINE
  5
4F1
330
17
100
AcDbEntity
  8
Wall elevation
100
AcDbSpline
 70
0
 71
3
 72
8
 73
4
 74
0
 40
0.0
 40
0.0
 40
0.0
 40
0.0
 40
1.0
 40
1.0
 40
1.0
 40
1.0
 10
3312.5
 20
2829.0
 30
0.0
 10
3315.9
 20
2830.5466666666666
 30
0.0
 10
3319.2999999999997
 20
2832.866666666667
 30
0.0
 10
3322.7
 20
2835.96
 30
0.0
  0
SPLINE
  5
4F2
330
17
100
AcDbEntity
  8
Wall elevation
100
AcDbSpline
 70
0
 71
3
 72
8
 73
4
 74
0
 40
0.0
 40
0.0
 40
0.0
 40
0.0
 40
1.0
 40
1.0
 40
1.0
 40
1.0
 10
3312.5
 20
2840.6
 30
0.0
 10
3309.1
 20
2842.1466666666665
 30
0.0
 10
3305.7000000000003
 20
2844.4666666666667
 30
0.0
 10
3302.3
 20
2847.56
 30
0.0
  0
SPLINE
  5
4F3
330
17
100
AcDbEntity
  8
Wall elevation
100
AcDbSpline
 70
0
 71
3
 72
8
 73
4
 74
0
 40
0.0
 40
0.0
 40
0.0
 40
0.0
 40
1.0
 40
1.0
 40
1.0
 40
1.0
 10
3312.5
 20
2840.6
 30
0.0
 10
3315.9
 20
2842.1466666666665
 30
0.0
 10
3319.2999999999997
 20
2844.4666666666667
 30
0.0
 10
3322.7
 20
2847.56
 30
0.0
  0
SPLINE
  5
4F4
330
17
100
AcDbEntity
  8
Wall elevation
100
AcDbSpline
 70
0
 71
3
 72
8
 73
4
 74
0
 40
0.0
 40
0.0
 40
0.0
 40
0.0
 40
1.0
 40
1.0
 40
1.0
 40
1.0
 10
3294.5
 20
2864.0
 30
0.0
 10
3298.5
 20
2858.6666666666665
 30
0.0
 10
3302.5
 20
2858.6666666666665
 30
0.0
 10
3306.5
 20
2864.0
 30
0.0
  0
SPLINE
  5
4F5
330
17
100
AcDbEntity
  8
Wall elevation
100
AcDbSpline
 70
0
 71
3
 72
8
 73
4
 74
0
 40
0.0
 40
0.0
 40
0.0
 40
0.0
 40
1.0
 40
1.0
 40
1.0
 40
1.0
 10
3318.5
 20
2864.0
 30
0.0
 10
3322.5
 20
2858.6666666666665
 30
0.0
 10
3326.5
 20
2858.6666666666665
 30
0.0
 10
3330.5
 20
2864.0
 30
0.0
  0
LWPOLYLINE
  5
4F6
330
17
100
AcDbEntity
  8
Wall elevation
100
AcDbPolyline
 90
5
 70
0
 10
3402.5
 20
2870.0
 10
3452.5
 20
2870.0
 10
3452.5
 20
2794.0
 10
3402.5
 20
2794.0
 10
3402.5
 20
2870.0
  0
LWPOLYLINE
  5
4F7
330
17
100
AcDbEntity
  8
Wall elevation
100
AcDbPolyline
 90
50
 70
0
 10
3427.5
 20
2800.0
 10
3423.44
 20
2802.42
 10
3420.16
 20
2804.83
 10
3417.45
 20
2807.25
 10
3415.71
 20
2809.67
 10
3415.14
 20
2812.08
 10
3415.69
 20
2814.5
 10
3416.47
 20
2816.92
 10
3414.35
 20
2819.33
 10
3412.85
 20
2821.75
 10
3412.33
 20
2824.17
 10
3412.91
 20
2826.58
 10
3414.44
 20
2829.0
 10
3416.59
 20
2831.42
 10
3418.0
 20
2833.83
 10
3417.41
 20
2836.25
 10
3417.5
 20
2838.67
 10
3418.32
 20
2841.08
 10
3419.76
 20
2843.5
 10
3421.53
 20
2845.92
 10
3423.33
 20
2848.33
 10
3424.47
 20
2850.75
 10
3425.2
 20
2853.17
 10
3426.26
 20
2855.58
 10
3427.5
 20
2858.0
 10
3427.5
 20
2858.0
 10
3428.74
 20
2855.58
 10
3429.8
 20
2853.17
 10
3430.53
 20
2850.75
 10
3431.67
 20
2848.33
 10
3433.47
 20
2845.92
 10
3435.24
 20
2843.5
 10
3436.68
 20
2841.08
 10
3437.5
 20
2838.67
 10
3437.59
 20
2836.25
 10
3437.0
 20
2833.83
 10
3438.41
 20
2831.42
 10
3440.56
 20
2829.0
 10
3442.09
 20
2826.58
 10
3442.67
 20
2824.17
 10
3442.15
 20
2821.75
 10
3440.65
 20
2819.33
 10
3438.53
 20
2816.92
 10
3439.31
 20
2814.5
 10
3439.86
 20
2812.08
 10
3439.29
 20
2809.67
 10
3437.55
 20
2807.25
 10
3434.84
 20
2804.83
 10
3431.56
 20
2802.42
 10
3427.5
 20
2800.0
  0
SPLINE
  5
4F8
330
17
100
AcDbEntity
  8
Wall elevation
100
AcDbSpline
 70
0
 71
3
 72
8
 73
4
 74
0
 40
0.0
 40
0.0
 40
0.0
 40
0.0
 40
1.0
 40
1.0
 40
1.0
 40
1.0
 10
3427.5
 20
2800.0
 30
0.0
 10
3428.633333333333
 20
2819.3333333333335
 30
0.0
 10
3428.633333333333
 20
2837.12
 30
0.0
 10
3427.5
 20
2853.36
 30
0.0
  0
SPLINE
  5
4F9
330
17
100
AcDbEntity
  8
Wall elevation
100
AcDbSpline
 70
0
 71
3
 72
8
 73
4
 74
0
 40
0.0
 40
0.0
 40
0.0
 40
0.0
 40
1.0
 40
1.0
 40
1.0
 40
1.0
 10
3427.5
 20
2816.24
 30
0.0
 10
3424.1
 20
2817.7866666666664
 30
0.0
 10
3420.7000000000003
 20
2820.1066666666666
 30
0.0
 10
3417.3
 20
2823.2
 30
0.0
  0
SPLINE
  5
4FA
330
17
100
AcDbEntity
  8
Wall elevation
100
AcDbSpline
 70
0
 71
3
 72
8
 73
4
 74
0
 40
0.0
 40
0.0
 40
0.0
 40
0.0
 40
1.0
 40
1.0
 40
1.0
 40
1.0
 10
3427.5
 20
2816.24
 30
0.0
 10
3430.9
 20
2817.7866666666664
 30
0.0
 10
3434.2999999999997
 20
2820.1066666666666
 30
0.0
 10
3437.7
 20
2823.2
 30
0.0
  0
SPLINE
  5
4FB
330
17
100
AcDbEntity
  8
Wall elevation
100
AcDbSpline
 70
0
 71
3
 72
8
 73
4
 74
0
 40
0.0
 40
0.0
 40
0.0
 40
0.0
 40
1.0
 40
1.0
 40
1.0
 40
1.0
 10
3427.5
 20
2829.0
 30
0.0
 10
3424.1
 20
2830.5466666666666
 30
0.0
 10
3420.7000000000003
 20
2832.866666666667
 30
0.0
 10
3417.3
 20
2835.96
 30
0.0
  0
SPLINE
  5
4FC
330
17
100
AcDbEntity
  8
Wall elevation
100
AcDbSpline
 70
0
 71
3
 72
8
 73
4
 74
0
 40
0.0
 40
0.0
 40
0.0
 40
0.0
 40
1.0
 40
1.0
 40
1.0
 40
1.0
 10
3427.5
 20
2829.0
 30
0.0
 10
3430.9
 20
2830.5466666666666
 30
0.0
 10
3434.2999999999997
 20
2832.866666666667
 30
0.0
 10
3437.7
 20
2835.96
 30
0.0
  0
SPLINE
  5
4FD
330
17
100
AcDbEntity
  8
Wall elevation
100
AcDbSpline
 70
0
 71
3
 72
8
 73
4
 74
0
 40
0.0
 40
0.0
 40
0.0
 40
0.0
 40
1.0
 40
1.0
 40
1.0
 40
1.0
 10
3427.5
 20
2840.6
 30
0.0
 10
3424.1
 20
2842.1466666666665
 30
0.0
 10
3420.7000000000003
 20
2844.4666666666667
 30
0.0
 10
3417.3
 20
2847.56
 30
0.0
  0
SPLINE
  5
4FE
330
17
100
AcDbEntity
  8
Wall elevation
100
AcDbSpline
 70
0
 71
3
 72
8
 73
4
 74
0
 40
0.0
 40
0.0
 40
0.0
 40
0.0
 40
1.0
 40
1.0
 40
1.0
 40
1.0
 10
3427.5
 20
2840.6
 30
0.0
 10
3430.9
 20
2842.1466666666665
 30
0.0
 10
3434.2999999999997
 20
2844.4666666666667
 30
0.0
 10
3437.7
 20
2847.56
 30
0.0
  0
SPLINE
  5
4FF
330
17
100
AcDbEntity
  8
Wall elevation
100
AcDbSpline
 70
0
 71
3
 72
8
 73
4
 74
0
 40
0.0
 40
0.0
 40
0.0
 40
0.0
 40
1.0
 40
1.0
 40
1.0
 40
1.0
 10
3409.5
 20
2864.0
 30
0.0
 10
3413.5
 20
2858.6666666666665
 30
0.0
 10
3417.5
 20
2858.6666666666665
 30
0.0
 10
3421.5
 20
2864.0
 30
0.0
  0
SPLINE
  5
500
330
17
100
AcDbEntity
  8
Wall elevation
100
AcDbSpline
 70
0
 71
3
 72
8
 73
4
 74
0
 40
0.0
 40
0.0
 40
0.0
 40
0.0
 40
1.0
 40
1.0
 40
1.0
 40
1.0
 10
3433.5
 20
2864.0
 30
0.0
 10
3437.5
 20
2858.6666666666665
 30
0.0
 10
3441.5
 20
2858.6666666666665
 30
0.0
 10
3445.5
 20
2864.0
 30
0.0
  0
LWPOLYLINE
  5
501
330
17
100
AcDbEntity
  8
Wall elevation
100
AcDbPolyline
 90
5
 70
0
 10
3517.5
 20
2870.0
 10
3567.5
 20
2870.0
 10
3567.5
 20
2794.0
 10
3517.5
 20
2794.0
 10
3517.5
 20
2870.0
  0
LWPOLYLINE
  5
502
330
17
100
AcDbEntity
  8
Wall elevation
100
AcDbPolyline
 90
50
 70
0
 10
3542.5
 20
2800.0
 10
3538.44
 20
2802.42
 10
3535.16
 20
2804.83
 10
3532.45
 20
2807.25
 10
3530.71
 20
2809.67
 10
3530.14
 20
2812.08
 10
3530.69
 20
2814.5
 10
3531.47
 20
2816.92
 10
3529.35
 20
2819.33
 10
3527.85
 20
2821.75
 10
3527.33
 20
2824.17
 10
3527.91
 20
2826.58
 10
3529.44
 20
2829.0
 10
3531.59
 20
2831.42
 10
3533.0
 20
2833.83
 10
3532.41
 20
2836.25
 10
3532.5
 20
2838.67
 10
3533.32
 20
2841.08
 10
3534.76
 20
2843.5
 10
3536.53
 20
2845.92
 10
3538.33
 20
2848.33
 10
3539.47
 20
2850.75
 10
3540.2
 20
2853.17
 10
3541.26
 20
2855.58
 10
3542.5
 20
2858.0
 10
3542.5
 20
2858.0
 10
3543.74
 20
2855.58
 10
3544.8
 20
2853.17
 10
3545.53
 20
2850.75
 10
3546.67
 20
2848.33
 10
3548.47
 20
2845.92
 10
3550.24
 20
2843.5
 10
3551.68
 20
2841.08
 10
3552.5
 20
2838.67
 10
3552.59
 20
2836.25
 10
3552.0
 20
2833.83
 10
3553.41
 20
2831.42
 10
3555.56
 20
2829.0
 10
3557.09
 20
2826.58
 10
3557.67
 20
2824.17
 10
3557.15
 20
2821.75
 10
3555.65
 20
2819.33
 10
3553.53
 20
2816.92
 10
3554.31
 20
2814.5
 10
3554.86
 20
2812.08
 10
3554.29
 20
2809.67
 10
3552.55
 20
2807.25
 10
3549.84
 20
2804.83
 10
3546.56
 20
2802.42
 10
3542.5
 20
2800.0
  0
SPLINE
  5
503
330
17
100
AcDbEntity
  8
Wall elevation
100
AcDbSpline
 70
0
 71
3
 72
8
 73
4
 74
0
 40
0.0
 40
0.0
 40
0.0
 40
0.0
 40
1.0
 40
1.0
 40
1.0
 40
1.0
 10
3542.5
 20
2800.0
 30
0.0
 10
3543.633333333333
 20
2819.3333333333335
 30
0.0
 10
3543.633333333333
 20
2837.12
 30
0.0
 10
3542.5
 20
2853.36
 30
0.0
  0
SPLINE
  5
504
330
17
100
AcDbEntity
  8
Wall elevation
100
AcDbSpline
 70
0
 71
3
 72
8
 73
4
 74
0
 40
0.0
 40
0.0
 40
0.0
 40
0.0
 40
1.0
 40
1.0
 40
1.0
 40
1.0
 10
3542.5
 20
2816.24
 30
0.0
 10
3539.1
 20
2817.7866666666664
 30
0.0
 10
3535.7000000000003
 20
2820.1066666666666
 30
0.0
 10
3532.3
 20
2823.2
 30
0.0
  0
SPLINE
  5
505
330
17
100
AcDbEntity
  8
Wall elevation
100
AcDbSpline
 70
0
 71
3
 72
8
 73
4
 74
0
 40
0.0
 40
0.0
 40
0.0
 40
0.0
 40
1.0
 40
1.0
 40
1.0
 40
1.0
 10
3542.5
 20
2816.24
 30
0.0
 10
3545.9
 20
2817.7866666666664
 30
0.0
 10
3549.2999999999997
 20
2820.1066666666666
 30
0.0
 10
3552.7
 20
2823.2
 30
0.0
  0
SPLINE
  5
506
330
17
100
AcDbEntity
  8
Wall elevation
100
AcDbSpline
 70
0
 71
3
 72
8
 73
4
 74
0
 40
0.0
 40
0.0
 40
0.0
 40
0.0
 40
1.0
 40
1.0
 40
1.0
 40
1.0
 10
3542.5
 20
2829.0
 30
0.0
 10
3539.1
 20
2830.5466666666666
 30
0.0
 10
3535.7000000000003
 20
2832.866666666667
 30
0.0
 10
3532.3
 20
2835.96
 30
0.0
  0
SPLINE
  5
507
330
17
100
AcDbEntity
  8
Wall elevation
100
AcDbSpline
 70
0
 71
3
 72
8
 73
4
 74
0
 40
0.0
 40
0.0
 40
0.0
 40
0.0
 40
1.0
 40
1.0
 40
1.0
 40
1.0
 10
3542.5
 20
2829.0
 30
0.0
 10
3545.9
 20
2830.5466666666666
 30
0.0
 10
3549.2999999999997
 20
2832.866666666667
 30
0.0
 10
3552.7
 20
2835.96
 30
0.0
  0
SPLINE
  5
508
330
17
100
AcDbEntity
  8
Wall elevation
100
AcDbSpline
 70
0
 71
3
 72
8
 73
4
 74
0
 40
0.0
 40
0.0
 40
0.0
 40
0.0
 40
1.0
 40
1.0
 40
1.0
 40
1.0
 10
3542.5
 20
2840.6
 30
0.0
 10
3539.1
 20
2842.1466666666665
 30
0.0
 10
3535.7000000000003
 20
2844.4666666666667
 30
0.0
 10
3532.3
 20
2847.56
 30
0.0
  0
SPLINE
  5
509
330
17
100
AcDbEntity
  8
Wall elevation
100
AcDbSpline
 70
0
 71
3
 72
8
 73
4
 74
0
 40
0.0
 40
0.0
 40
0.0
 40
0.0
 40
1.0
 40
1.0
 40
1.0
 40
1.0
 10
3542.5
 20
2840.6
 30
0.0
 10
3545.9
 20
2842.1466666666665
 30
0.0
 10
3549.2999999999997
 20
2844.4666666666667
 30
0.0
 10
3552.7
 20
2847.56
 30
0.0
  0
SPLINE
  5
50A
330
17
100
AcDbEntity
  8
Wall elevation
100
AcDbSpline
 70
0
 71
3
 72
8
 73
4
 74
0
 40
0.0
 40
0.0
 40
0.0
 40
0.0
 40
1.0
 40
1.0
 40
1.0
 40
1.0
 10
3524.5
 20
2864.0
 30
0.0
 10
3528.5
 20
2858.6666666666665
 30
0.0
 10
3532.5
 20
2858.6666666666665
 30
0.0
 10
3536.5
 20
2864.0
 30
0.0
  0
SPLINE
  5
50B
330
17
100
AcDbEntity
  8
Wall elevation
100
AcDbSpline
 70
0
 71
3
 72
8
 73
4
 74
0
 40
0.0
 40
0.0
 40
0.0
 40
0.0
 40
1.0
 40
1.0
 40
1.0
 40
1.0
 10
3548.5
 20
2864.0
 30
0.0
 10
3552.5
 20
2858.6666666666665
 30
0.0
 10
3556.5
 20
2858.6666666666665
 30
0.0
 10
3560.5
 20
2864.0
 30
0.0
  0
LWPOLYLINE
  5
50C
330
17
100
AcDbEntity
  8
Wall elevation
100
AcDbPolyline
 90
5
 70
0
 10
3632.5
 20
2870.0
 10
3682.5
 20
2870.0
 10
3682.5
 20
2794.0
 10
3632.5
 20
2794.0
 10
3632.5
 20
2870.0
  0
LWPOLYLINE
  5
50D
330
17
100
AcDbEntity
  8
Wall elevation
100
AcDbPolyline
 90
50
 70
0
 10
3657.5
 20
2800.0
 10
3653.44
 20
2802.42
 10
3650.16
 20
2804.83
 10
3647.45
 20
2807.25
 10
3645.71
 20
2809.67
 10
3645.14
 20
2812.08
 10
3645.69
 20
2814.5
 10
3646.47
 20
2816.92
 10
3644.35
 20
2819.33
 10
3642.85
 20
2821.75
 10
3642.33
 20
2824.17
 10
3642.91
 20
2826.58
 10
3644.44
 20
2829.0
 10
3646.59
 20
2831.42
 10
3648.0
 20
2833.83
 10
3647.41
 20
2836.25
 10
3647.5
 20
2838.67
 10
3648.32
 20
2841.08
 10
3649.76
 20
2843.5
 10
3651.53
 20
2845.92
 10
3653.33
 20
2848.33
 10
3654.47
 20
2850.75
 10
3655.2
 20
2853.17
 10
3656.26
 20
2855.58
 10
3657.5
 20
2858.0
 10
3657.5
 20
2858.0
 10
3658.74
 20
2855.58
 10
3659.8
 20
2853.17
 10
3660.53
 20
2850.75
 10
3661.67
 20
2848.33
 10
3663.47
 20
2845.92
 10
3665.24
 20
2843.5
 10
3666.68
 20
2841.08
 10
3667.5
 20
2838.67
 10
3667.59
 20
2836.25
 10
3667.0
 20
2833.83
 10
3668.41
 20
2831.42
 10
3670.56
 20
2829.0
 10
3672.09
 20
2826.58
 10
3672.67
 20
2824.17
 10
3672.15
 20
2821.75
 10
3670.65
 20
2819.33
 10
3668.53
 20
2816.92
 10
3669.31
 20
2814.5
 10
3669.86
 20
2812.08
 10
3669.29
 20
2809.67
 10
3667.55
 20
2807.25
 10
3664.84
 20
2804.83
 10
3661.56
 20
2802.42
 10
3657.5
 20
2800.0
  0
SPLINE
  5
50E
330
17
100
AcDbEntity
  8
Wall elevation
100
AcDbSpline
 70
0
 71
3
 72
8
 73
4
 74
0
 40
0.0
 40
0.0
 40
0.0
 40
0.0
 40
1.0
 40
1.0
 40
1.0
 40
1.0
 10
3657.5
 20
2800.0
 30
0.0
 10
3658.633333333333
 20
2819.3333333333335
 30
0.0
 10
3658.633333333333
 20
2837.12
 30
0.0
 10
3657.5
 20
2853.36
 30
0.0
  0
SPLINE
  5
50F
330
17
100
AcDbEntity
  8
Wall elevation
100
AcDbSpline
 70
0
 71
3
 72
8
 73
4
 74
0
 40
0.0
 40
0.0
 40
0.0
 40
0.0
 40
1.0
 40
1.0
 40
1.0
 40
1.0
 10
3657.5
 20
2816.24
 30
0.0
 10
3654.1
 20
2817.7866666666664
 30
0.0
 10
3650.7000000000003
 20
2820.1066666666666
 30
0.0
 10
3647.3
 20
2823.2
 30
0.0
  0
SPLINE
  5
510
330
17
100
AcDbEntity
  8
Wall elevation
100
AcDbSpline
 70
0
 71
3
 72
8
 73
4
 74
0
 40
0.0
 40
0.0
 40
0.0
 40
0.0
 40
1.0
 40
1.0
 40
1.0
 40
1.0
 10
3657.5
 20
2816.24
 30
0.0
 10
3660.9
 20
2817.7866666666664
 30
0.0
 10
3664.2999999999997
 20
2820.1066666666666
 30
0.0
 10
3667.7
 20
2823.2
 30
0.0
  0
SPLINE
  5
511
330
17
100
AcDbEntity
  8
Wall elevation
100
AcDbSpline
 70
0
 71
3
 72
8
 73
4
 74
0
 40
0.0
 40
0.0
 40
0.0
 40
0.0
 40
1.0
 40
1.0
 40
1.0
 40
1.0
 10
3657.5
 20
2829.0
 30
0.0
 10
3654.1
 20
2830.5466666666666
 30
0.0
 10
3650.7000000000003
 20
2832.866666666667
 30
0.0
 10
3647.3
 20
2835.96
 30
0.0
  0
SPLINE
  5
512
330
17
100
AcDbEntity
  8
Wall elevation
100
AcDbSpline
 70
0
 71
3
 72
8
 73
4
 74
0
 40
0.0
 40
0.0
 40
0.0
 40
0.0
 40
1.0
 40
1.0
 40
1.0
 40
1.0
 10
3657.5
 20
2829.0
 30
0.0
 10
3660.9
 20
2830.5466666666666
 30
0.0
 10
3664.2999999999997
 20
2832.866666666667
 30
0.0
 10
3667.7
 20
2835.96
 30
0.0
  0
SPLINE
  5
513
330
17
100
AcDbEntity
  8
Wall elevation
100
AcDbSpline
 70
0
 71
3
 72
8
 73
4
 74
0
 40
0.0
 40
0.0
 40
0.0
 40
0.0
 40
1.0
 40
1.0
 40
1.0
 40
1.0
 10
3657.5
 20
2840.6
 30
0.0
 10
3654.1
 20
2842.1466666666665
 30
0.0
 10
3650.7000000000003
 20
2844.4666666666667
 30
0.0
 10
3647.3
 20
2847.56
 30
0.0
  0
SPLINE
  5
514
330
17
100
AcDbEntity
  8
Wall elevation
100
AcDbSpline
 70
0
 71
3
 72
8
 73
4
 74
0
 40
0.0
 40
0.0
 40
0.0
 40
0.0
 40
1.0
 40
1.0
 40
1.0
 40
1.0
 10
3657.5
 20
2840.6
 30
0.0
 10
3660.9
 20
2842.1466666666665
 30
0.0
 10
3664.2999999999997
 20
2844.4666666666667
 30
0.0
 10
3667.7
 20
2847.56
 30
0.0
  0
SPLINE
  5
515
330
17
100
AcDbEntity
  8
Wall elevation
100
AcDbSpline
 70
0
 71
3
 72
8
 73
4
 74
0
 40
0.0
 40
0.0
 40
0.0
 40
0.0
 40
1.0
 40
1.0
 40
1.0
 40
1.0
 10
3639.5
 20
2864.0
 30
0.0
 10
3643.5
 20
2858.6666666666665
 30
0.0
 10
3647.5
 20
2858.6666666666665
 30
0.0
 10
3651.5
 20
2864.0
 30
0.0
  0
SPLINE
  5
516
330
17
100
AcDbEntity
  8
Wall elevation
100
AcDbSpline
 70
0
 71
3
 72
8
 73
4
 74
0
 40
0.0
 40
0.0
 40
0.0
 40
0.0
 40
1.0
 40
1.0
 40
1.0
 40
1.0
 10
3663.5
 20
2864.0
 30
0.0
 10
3667.5
 20
2858.6666666666665
 30
0.0
 10
3671.5
 20
2858.6666666666665
 30
0.0
 10
3675.5
 20
2864.0
 30
0.0
  0
LWPOLYLINE
  5
517
330
17
100
AcDbEntity
  8
Wall elevation
100
AcDbPolyline
 90
5
 70
0
 10
3747.5
 20
2870.0
 10
3797.5
 20
2870.0
 10
3797.5
 20
2794.0
 10
3747.5
 20
2794.0
 10
3747.5
 20
2870.0
  0
LWPOLYLINE
  5
518
330
17
100
AcDbEntity
  8
Wall elevation
100
AcDbPolyline
 90
50
 70
0
 10
3772.5
 20
2800.0
 10
3768.44
 20
2802.42
 10
3765.16
 20
2804.83
 10
3762.45
 20
2807.25
 10
3760.71
 20
2809.67
 10
3760.14
 20
2812.08
 10
3760.69
 20
2814.5
 10
3761.47
 20
2816.92
 10
3759.35
 20
2819.33
 10
3757.85
 20
2821.75
 10
3757.33
 20
2824.17
 10
3757.91
 20
2826.58
 10
3759.44
 20
2829.0
 10
3761.59
 20
2831.42
 10
3763.0
 20
2833.83
 10
3762.41
 20
2836.25
 10
3762.5
 20
2838.67
 10
3763.32
 20
2841.08
 10
3764.76
 20
2843.5
 10
3766.53
 20
2845.92
 10
3768.33
 20
2848.33
 10
3769.47
 20
2850.75
 10
3770.2
 20
2853.17
 10
3771.26
 20
2855.58
 10
3772.5
 20
2858.0
 10
3772.5
 20
2858.0
 10
3773.74
 20
2855.58
 10
3774.8
 20
2853.17
 10
3775.53
 20
2850.75
 10
3776.67
 20
2848.33
 10
3778.47
 20
2845.92
 10
3780.24
 20
2843.5
 10
3781.68
 20
2841.08
 10
3782.5
 20
2838.67
 10
3782.59
 20
2836.25
 10
3782.0
 20
2833.83
 10
3783.41
 20
2831.42
 10
3785.56
 20
2829.0
 10
3787.09
 20
2826.58
 10
3787.67
 20
2824.17
 10
3787.15
 20
2821.75
 10
3785.65
 20
2819.33
 10
3783.53
 20
2816.92
 10
3784.31
 20
2814.5
 10
3784.86
 20
2812.08
 10
3784.29
 20
2809.67
 10
3782.55
 20
2807.25
 10
3779.84
 20
2804.83
 10
3776.56
 20
2802.42
 10
3772.5
 20
2800.0
  0
SPLINE
  5
519
330
17
100
AcDbEntity
  8
Wall elevation
100
AcDbSpline
 70
0
 71
3
 72
8
 73
4
 74
0
 40
0.0
 40
0.0
 40
0.0
 40
0.0
 40
1.0
 40
1.0
 40
1.0
 40
1.0
 10
3772.5
 20
2800.0
 30
0.0
 10
3773.633333333333
 20
2819.3333333333335
 30
0.0
 10
3773.633333333333
 20
2837.12
 30
0.0
 10
3772.5
 20
2853.36
 30
0.0
  0
SPLINE
  5
51A
330
17
100
AcDbEntity
  8
Wall elevation
100
AcDbSpline
 70
0
 71
3
 72
8
 73
4
 74
0
 40
0.0
 40
0.0
 40
0.0
 40
0.0
 40
1.0
 40
1.0
 40
1.0
 40
1.0
 10
3772.5
 20
2816.24
 30
0.0
 10
3769.1
 20
2817.7866666666664
 30
0.0
 10
3765.7000000000003
 20
2820.1066666666666
 30
0.0
 10
3762.3
 20
2823.2
 30
0.0
  0
SPLINE
  5
51B
330
17
100
AcDbEntity
  8
Wall elevation
100
AcDbSpline
 70
0
 71
3
 72
8
 73
4
 74
0
 40
0.0
 40
0.0
 40
0.0
 40
0.0
 40
1.0
 40
1.0
 40
1.0
 40
1.0
 10
3772.5
 20
2816.24
 30
0.0
 10
3775.9
 20
2817.7866666666664
 30
0.0
 10
3779.2999999999997
 20
2820.1066666666666
 30
0.0
 10
3782.7
 20
2823.2
 30
0.0
  0
SPLINE
  5
51C
330
17
100
AcDbEntity
  8
Wall elevation
100
AcDbSpline
 70
0
 71
3
 72
8
 73
4
 74
0
 40
0.0
 40
0.0
 40
0.0
 40
0.0
 40
1.0
 40
1.0
 40
1.0
 40
1.0
 10
3772.5
 20
2829.0
 30
0.0
 10
3769.1
 20
2830.5466666666666
 30
0.0
 10
3765.7000000000003
 20
2832.866666666667
 30
0.0
 10
3762.3
 20
2835.96
 30
0.0
  0
SPLINE
  5
51D
330
17
100
AcDbEntity
  8
Wall elevation
100
AcDbSpline
 70
0
 71
3
 72
8
 73
4
 74
0
 40
0.0
 40
0.0
 40
0.0
 40
0.0
 40
1.0
 40
1.0
 40
1.0
 40
1.0
 10
3772.5
 20
2829.0
 30
0.0
 10
3775.9
 20
2830.5466666666666
 30
0.0
 10
3779.2999999999997
 20
2832.866666666667
 30
0.0
 10
3782.7
 20
2835.96
 30
0.0
  0
SPLINE
  5
51E
330
17
100
AcDbEntity
  8
Wall elevation
100
AcDbSpline
 70
0
 71
3
 72
8
 73
4
 74
0
 40
0.0
 40
0.0
 40
0.0
 40
0.0
 40
1.0
 40
1.0
 40
1.0
 40
1.0
 10
3772.5
 20
2840.6
 30
0.0
 10
3769.1
 20
2842.1466666666665
 30
0.0
 10
3765.7000000000003
 20
2844.4666666666667
 30
0.0
 10
3762.3
 20
2847.56
 30
0.0
  0
SPLINE
  5
51F
330
17
100
AcDbEntity
  8
Wall elevation
100
AcDbSpline
 70
0
 71
3
 72
8
 73
4
 74
0
 40
0.0
 40
0.0
 40
0.0
 40
0.0
 40
1.0
 40
1.0
 40
1.0
 40
1.0
 10
3772.5
 20
2840.6
 30
0.0
 10
3775.9
 20
2842.1466666666665
 30
0.0
 10
3779.2999999999997
 20
2844.4666666666667
 30
0.0
 10
3782.7
 20
2847.56
 30
0.0
  0
SPLINE
  5
520
330
17
100
AcDbEntity
  8
Wall elevation
100
AcDbSpline
 70
0
 71
3
 72
8
 73
4
 74
0
 40
0.0
 40
0.0
 40
0.0
 40
0.0
 40
1.0
 40
1.0
 40
1.0
 40
1.0
 10
3754.5
 20
2864.0
 30
0.0
 10
3758.5
 20
2858.6666666666665
 30
0.0
 10
3762.5
 20
2858.6666666666665
 30
0.0
 10
3766.5
 20
2864.0
 30
0.0
  0
SPLINE
  5
521
330
17
100
AcDbEntity
  8
Wall elevation
100
AcDbSpline
 70
0
 71
3
 72
8
 73
4
 74
0
 40
0.0
 40
0.0
 40
0.0
 40
0.0
 40
1.0
 40
1.0
 40
1.0
 40
1.0
 10
3778.5
 20
2864.0
 30
0.0
 10
3782.5
 20
2858.6666666666665
 30
0.0
 10
3786.5
 20
2858.6666666666665
 30
0.0
 10
3790.5
 20
2864.0
 30
0.0
  0
LINE
  5
522
330
17
100
AcDbEntity
  8
Wall elevation
100
AcDbLine
 10
0.0
 20
0.0
 30
0.0
 11
3960.0
 21
0.0
 31
0.0
  0
LINE
  5
523
330
17
100
AcDbEntity
  8
Wall elevation
  6
DASHED
100
AcDbLine
 10
0.0
 20
3050.0
 30
0.0
 11
3960.0
 21
3050.0
 31
0.0
  0
TEXT
  5
524
330
17
100
AcDbEntity
  8
LABELS
100
AcDbText
 10
0.0
 20
3110.0
 30
0.0
 40
79.2
  1
WALL ELEVATION  (1:1, mm)
 11
0.0
 21
3110.0
 31
0.0
100
AcDbText
  0
LWPOLYLINE
  5
527
330
17
100
AcDbEntity
  8
Wall plan
100
AcDbPolyline
 90
2
 70
0
 10
4554.0
 20
510.0
 10
8514.0
 20
510.0
  0
LWPOLYLINE
  5
528
330
17
100
AcDbEntity
  8
Wall plan
100
AcDbPolyline
 90
2
 70
0
 10
4554.0
 20
740.0
 10
7374.0
 20
740.0
  0
LWPOLYLINE
  5
529
330
17
100
AcDbEntity
  8
Wall plan
100
AcDbPolyline
 90
2
 70
0
 10
8334.0
 20
740.0
 10
8514.0
 20
740.0
  0
HATCH
  5
52A
330
17
100
AcDbEntity
  8
Wall plan hatch
 62
7
100
AcDbHatch
 10
0.0
 20
0.0
 30
0.0
210
0.0
220
0.0
230
1.0
  2
ANSI31
 70
0
 71
0
 91
1
 92
3
 72
0
 73
1
 93
5
 10
4554.0
 20
740.0
 10
8514.0
 20
740.0
 10
8514.0
 20
510.0
 10
4554.0
 20
510.0
 10
4554.0
 20
740.0
 97
0
 75
1
 76
1
 52
0.0
 41
4.0
 77
0
 78
1
 53
45.0
 43
0.0
 44
0.0
 45
-8.9802561212
 46
8.9802561212
 79
0
 98
0
  0
LWPOLYLINE
  5
52B
330
17
100
AcDbEntity
  8
Wall plan
100
AcDbPolyline
 90
5
 70
0
 10
7444.0
 20
740.0
 10
8264.0
 20
740.0
 10
8264.0
 20
510.0
 10
7444.0
 20
510.0
 10
7444.0
 20
740.0
  0
LINE
  5
52C
330
17
100
AcDbEntity
  8
Wall plan
100
AcDbLine
 10
7444.0
 20
655.0
 30
0.0
 11
8264.0
 21
655.0
 31
0.0
  0
LINE
  5
52D
330
17
100
AcDbEntity
  8
Wall plan
100
AcDbLine
 10
7444.0
 20
595.0
 30
0.0
 11
8264.0
 21
595.0
 31
0.0
  0
LWPOLYLINE
  5
52E
330
17
100
AcDbEntity
  8
Wall plan
  6
DASHED
100
AcDbPolyline
 90
5
 70
0
 10
4704.0
 20
510.0
 10
8364.0
 20
510.0
 10
8364.0
 20
35.0
 10
4704.0
 20
35.0
 10
4704.0
 20
510.0
  0
LWPOLYLINE
  5
52F
330
17
100
AcDbEntity
  8
Wall plan
100
AcDbPolyline
 90
5
 70
0
 10
4704.0
 20
510.0
 10
5804.0
 20
510.0
 10
5804.0
 20
160.0
 10
4704.0
 20
160.0
 10
4704.0
 20
510.0
  0
LWPOLYLINE
  5
530
330
17
100
AcDbEntity
  8
Wall plan
100
AcDbPolyline
 90
5
 70
0
 10
4764.0
 20
492.0
 10
5744.0
 20
492.0
 10
5744.0
 20
160.0
 10
4764.0
 20
160.0
 10
4764.0
 20
492.0
  0
LWPOLYLINE
  5
531
330
17
100
AcDbEntity
  8
Wall plan
100
AcDbPolyline
 90
5
 70
0
 10
5804.0
 20
510.0
 10
6024.0
 20
510.0
 10
6024.0
 20
160.0
 10
5804.0
 20
160.0
 10
5804.0
 20
510.0
  0
POLYLINE
  5
532
330
17
100
AcDbEntity
  8
Wall plan
100
AcDb2dPolyline
 66
1
 10
0.0
 20
0.0
 30
0.0
 70
0
  0
VERTEX
  5
533
330
532
100
AcDbEntity
  8
Wall plan
100
AcDbVertex
100
AcDb2dVertex
 10
5804.0
 20
160.0
 30
0.0
 70
0
  0
VERTEX
  5
534
330
532
100
AcDbEntity
  8
Wall plan
100
AcDbVertex
100
AcDb2dVertex
 10
5804.0
 20
100.0
 30
0.0
 70
0
  0
VERTEX
  5
535
330
532
100
AcDbEntity
  8
Wall plan
100
AcDbVertex
100
AcDb2dVertex
 10
5819.0
 20
100.0
 30
0.0
 70
0
  0
VERTEX
  5
536
330
532
100
AcDbEntity
  8
Wall plan
100
AcDbVertex
100
AcDb2dVertex
 10
5823.07
 20
100.0
 30
0.0
 70
0
  0
SEQEND
  5
537
330
532
100
AcDbEntity
  8
Wall plan
  0
SPLINE
  5
538
330
17
100
AcDbEntity
  8
Wall plan
100
AcDbSpline
 70
0
 71
3
 72
23
 73
19
 74
0
 40
0.0
 40
0.0
 40
0.0
 40
0.0
 40
1.0
 40
1.0
 40
1.0
 40
2.0
 40
2.0
 40
2.0
 40
3.0
 40
3.0
 40
3.0
 40
4.0
 40
4.0
 40
4.0
 40
5.0
 40
5.0
 40
5.0
 40
6.0
 40
6.0
 40
6.0
 40
6.0
 10
5823.07
 20
100.0
 30
0.0
 10
5823.07
 20
98.33252584645453
 30
0.0
 10
5823.509021587275
 20
96.69407497712433
 30
0.0
 10
5824.342758664048
 20
95.25
 30
0.0
 10
5825.17649574082
 20
93.80592502287567
 30
0.0
 10
5826.375925022876
 20
92.6064957408206
 30
0.0
 10
5827.82
 20
91.77275866404784
 30
0.0
 10
5829.264074977124
 20
90.93902158727508
 30
0.0
 10
5830.902525846454
 20
90.5
 30
0.0
 10
5832.57
 20
90.5
 30
0.0
 10
5834.237474153546
 20
90.5
 30
0.0
 10
5835.875925022876
 20
90.93902158727508
 30
0.0
 10
5837.32
 20
91.77275866404784
 30
0.0
 10
5838.764074977124
 20
92.6064957408206
 30
0.0
 10
5839.96350425918
 20
93.80592502287567
 30
0.0
 10
5840.797241335952
 20
95.25
 30
0.0
 10
5841.630978412724
 20
96.69407497712433
 30
0.0
 10
5842.07
 20
98.33252584645453
 30
0.0
 10
5842.07
 20
100.0
 30
0.0
  0
POLYLINE
  5
539
330
17
100
AcDbEntity
  8
Wall plan
100
AcDb2dPolyline
 66
1
 10
0.0
 20
0.0
 30
0.0
 70
0
  0
VERTEX
  5
53A
330
539
100
AcDbEntity
  8
Wall plan
100
AcDbVertex
100
AcDb2dVertex
 10
5842.07
 20
100.0
 30
0.0
 70
0
  0
VERTEX
  5
53B
330
539
100
AcDbEntity
  8
Wall plan
100
AcDbVertex
100
AcDb2dVertex
 10
5850.21
 20
100.0
 30
0.0
 70
0
  0
SEQEND
  5
53C
330
539
100
AcDbEntity
  8
Wall plan
  0
SPLINE
  5
53D
330
17
100
AcDbEntity
  8
Wall plan
100
AcDbSpline
 70
0
 71
3
 72
23
 73
19
 74
0
 40
0.0
 40
0.0
 40
0.0
 40
0.0
 40
1.0
 40
1.0
 40
1.0
 40
2.0
 40
2.0
 40
2.0
 40
3.0
 40
3.0
 40
3.0
 40
4.0
 40
4.0
 40
4.0
 40
5.0
 40
5.0
 40
5.0
 40
6.0
 40
6.0
 40
6.0
 40
6.0
 10
5850.21
 20
100.0
 30
0.0
 10
5850.21
 20
98.33252584645453
 30
0.0
 10
5850.6490215872755
 20
96.69407497712433
 30
0.0
 10
5851.482758664048
 20
95.25
 30
0.0
 10
5852.316495740821
 20
93.80592502287567
 30
0.0
 10
5853.515925022875
 20
92.6064957408206
 30
0.0
 10
5854.96
 20
91.77275866404784
 30
0.0
 10
5856.404074977125
 20
90.93902158727508
 30
0.0
 10
5858.042525846455
 20
90.5
 30
0.0
 10
5859.71
 20
90.5
 30
0.0
 10
5861.377474153545
 20
90.5
 30
0.0
 10
5863.015925022875
 20
90.93902158727508
 30
0.0
 10
5864.46
 20
91.77275866404784
 30
0.0
 10
5865.904074977125
 20
92.6064957408206
 30
0.0
 10
5867.103504259179
 20
93.80592502287567
 30
0.0
 10
5867.937241335952
 20
95.25
 30
0.0
 10
5868.770978412725
 20
96.69407497712433
 30
0.0
 10
5869.21
 20
98.33252584645453
 30
0.0
 10
5869.21
 20
100.0
 30
0.0
  0
POLYLINE
  5
53E
330
17
100
AcDbEntity
  8
Wall plan
100
AcDb2dPolyline
 66
1
 10
0.0
 20
0.0
 30
0.0
 70
0
  0
VERTEX
  5
53F
330
53E
100
AcDbEntity
  8
Wall plan
100
AcDbVertex
100
AcDb2dVertex
 10
5869.21
 20
100.0
 30
0.0
 70
0
  0
VERTEX
  5
540
330
53E
100
AcDbEntity
  8
Wall plan
100
AcDbVertex
100
AcDb2dVertex
 10
5877.36
 20
100.0
 30
0.0
 70
0
  0
SEQEND
  5
541
330
53E
100
AcDbEntity
  8
Wall plan
  0
SPLINE
  5
542
330
17
100
AcDbEntity
  8
Wall plan
100
AcDbSpline
 70
0
 71
3
 72
23
 73
19
 74
0
 40
0.0
 40
0.0
 40
0.0
 40
0.0
 40
1.0
 40
1.0
 40
1.0
 40
2.0
 40
2.0
 40
2.0
 40
3.0
 40
3.0
 40
3.0
 40
4.0
 40
4.0
 40
4.0
 40
5.0
 40
5.0
 40
5.0
 40
6.0
 40
6.0
 40
6.0
 40
6.0
 10
5877.36
 20
100.0
 30
0.0
 10
5877.36
 20
98.33252584645453
 30
0.0
 10
5877.799021587275
 20
96.69407497712433
 30
0.0
 10
5878.632758664047
 20
95.25
 30
0.0
 10
5879.46649574082
 20
93.80592502287567
 30
0.0
 10
5880.665925022876
 20
92.6064957408206
 30
0.0
 10
5882.11
 20
91.77275866404784
 30
0.0
 10
5883.554074977124
 20
90.93902158727508
 30
0.0
 10
5885.192525846454
 20
90.5
 30
0.0
 10
5886.86
 20
90.5
 30
0.0
 10
5888.527474153545
 20
90.5
 30
0.0
 10
5890.165925022876
 20
90.93902158727508
 30
0.0
 10
5891.61
 20
91.77275866404784
 30
0.0
 10
5893.054074977124
 20
92.6064957408206
 30
0.0
 10
5894.253504259179
 20
93.80592502287567
 30
0.0
 10
5895.087241335952
 20
95.25
 30
0.0
 10
5895.920978412725
 20
96.69407497712433
 30
0.0
 10
5896.36
 20
98.33252584645453
 30
0.0
 10
5896.36
 20
100.0
 30
0.0
  0
POLYLINE
  5
543
330
17
100
AcDbEntity
  8
Wall plan
100
AcDb2dPolyline
 66
1
 10
0.0
 20
0.0
 30
0.0
 70
0
  0
VERTEX
  5
544
330
543
100
AcDbEntity
  8
Wall plan
100
AcDbVertex
100
AcDb2dVertex
 10
5896.36
 20
100.0
 30
0.0
 70
0
  0
VERTEX
  5
545
330
543
100
AcDbEntity
  8
Wall plan
100
AcDbVertex
100
AcDb2dVertex
 10
5904.5
 20
100.0
 30
0.0
 70
0
  0
SEQEND
  5
546
330
543
100
AcDbEntity
  8
Wall plan
  0
SPLINE
  5
547
330
17
100
AcDbEntity
  8
Wall plan
100
AcDbSpline
 70
0
 71
3
 72
23
 73
19
 74
0
 40
0.0
 40
0.0
 40
0.0
 40
0.0
 40
1.0
 40
1.0
 40
1.0
 40
2.0
 40
2.0
 40
2.0
 40
3.0
 40
3.0
 40
3.0
 40
4.0
 40
4.0
 40
4.0
 40
5.0
 40
5.0
 40
5.0
 40
6.0
 40
6.0
 40
6.0
 40
6.0
 10
5904.5
 20
100.0
 30
0.0
 10
5904.5
 20
98.33252584645453
 30
0.0
 10
5904.939021587275
 20
96.69407497712433
 30
0.0
 10
5905.772758664048
 20
95.25
 30
0.0
 10
5906.606495740821
 20
93.80592502287567
 30
0.0
 10
5907.805925022876
 20
92.6064957408206
 30
0.0
 10
5909.25
 20
91.77275866404784
 30
0.0
 10
5910.694074977124
 20
90.93902158727508
 30
0.0
 10
5912.332525846455
 20
90.5
 30
0.0
 10
5914.0
 20
90.5
 30
0.0
 10
5915.667474153545
 20
90.5
 30
0.0
 10
5917.305925022876
 20
90.93902158727508
 30
0.0
 10
5918.75
 20
91.77275866404784
 30
0.0
 10
5920.194074977124
 20
92.6064957408206
 30
0.0
 10
5921.393504259179
 20
93.80592502287567
 30
0.0
 10
5922.227241335952
 20
95.25
 30
0.0
 10
5923.060978412725
 20
96.69407497712433
 30
0.0
 10
5923.5
 20
98.33252584645453
 30
0.0
 10
5923.5
 20
100.0
 30
0.0
  0
POLYLINE
  5
548
330
17
100
AcDbEntity
  8
Wall plan
100
AcDb2dPolyline
 66
1
 10
0.0
 20
0.0
 30
0.0
 70
0
  0
VERTEX
  5
549
330
548
100
AcDbEntity
  8
Wall plan
100
AcDbVertex
100
AcDb2dVertex
 10
5923.5
 20
100.0
 30
0.0
 70
0
  0
VERTEX
  5
54A
330
548
100
AcDbEntity
  8
Wall plan
100
AcDbVertex
100
AcDb2dVertex
 10
5931.64
 20
100.0
 30
0.0
 70
0
  0
SEQEND
  5
54B
330
548
100
AcDbEntity
  8
Wall plan
  0
SPLINE
  5
54C
330
17
100
AcDbEntity
  8
Wall plan
100
AcDbSpline
 70
0
 71
3
 72
23
 73
19
 74
0
 40
0.0
 40
0.0
 40
0.0
 40
0.0
 40
1.0
 40
1.0
 40
1.0
 40
2.0
 40
2.0
 40
2.0
 40
3.0
 40
3.0
 40
3.0
 40
4.0
 40
4.0
 40
4.0
 40
5.0
 40
5.0
 40
5.0
 40
6.0
 40
6.0
 40
6.0
 40
6.0
 10
5931.64
 20
100.0
 30
0.0
 10
5931.64
 20
98.33252584645453
 30
0.0
 10
5932.079021587275
 20
96.69407497712433
 30
0.0
 10
5932.912758664048
 20
95.25
 30
0.0
 10
5933.746495740821
 20
93.80592502287567
 30
0.0
 10
5934.945925022876
 20
92.6064957408206
 30
0.0
 10
5936.39
 20
91.77275866404784
 30
0.0
 10
5937.834074977124
 20
90.93902158727508
 30
0.0
 10
5939.472525846455
 20
90.5
 30
0.0
 10
5941.14
 20
90.5
 30
0.0
 10
5942.807474153546
 20
90.5
 30
0.0
 10
5944.445925022876
 20
90.93902158727508
 30
0.0
 10
5945.89
 20
91.77275866404784
 30
0.0
 10
5947.334074977124
 20
92.6064957408206
 30
0.0
 10
5948.53350425918
 20
93.80592502287567
 30
0.0
 10
5949.367241335953
 20
95.25
 30
0.0
 10
5950.200978412725
 20
96.69407497712433
 30
0.0
 10
5950.64
 20
98.33252584645453
 30
0.0
 10
5950.64
 20
100.0
 30
0.0
  0
POLYLINE
  5
54D
330
17
100
AcDbEntity
  8
Wall plan
100
AcDb2dPolyline
 66
1
 10
0.0
 20
0.0
 30
0.0
 70
0
  0
VERTEX
  5
54E
330
54D
100
AcDbEntity
  8
Wall plan
100
AcDbVertex
100
AcDb2dVertex
 10
5950.64
 20
100.0
 30
0.0
 70
0
  0
VERTEX
  5
54F
330
54D
100
AcDbEntity
  8
Wall plan
100
AcDbVertex
100
AcDb2dVertex
 10
5958.79
 20
100.0
 30
0.0
 70
0
  0
SEQEND
  5
550
330
54D
100
AcDbEntity
  8
Wall plan
  0
SPLINE
  5
551
330
17
100
AcDbEntity
  8
Wall plan
100
AcDbSpline
 70
0
 71
3
 72
23
 73
19
 74
0
 40
0.0
 40
0.0
 40
0.0
 40
0.0
 40
1.0
 40
1.0
 40
1.0
 40
2.0
 40
2.0
 40
2.0
 40
3.0
 40
3.0
 40
3.0
 40
4.0
 40
4.0
 40
4.0
 40
5.0
 40
5.0
 40
5.0
 40
6.0
 40
6.0
 40
6.0
 40
6.0
 10
5958.79
 20
100.0
 30
0.0
 10
5958.79
 20
98.33252584645453
 30
0.0
 10
5959.229021587275
 20
96.69407497712433
 30
0.0
 10
5960.062758664048
 20
95.25
 30
0.0
 10
5960.896495740821
 20
93.80592502287567
 30
0.0
 10
5962.095925022875
 20
92.6064957408206
 30
0.0
 10
5963.54
 20
91.77275866404784
 30
0.0
 10
5964.984074977125
 20
90.93902158727508
 30
0.0
 10
5966.622525846455
 20
90.5
 30
0.0
 10
5968.29
 20
90.5
 30
0.0
 10
5969.957474153545
 20
90.5
 30
0.0
 10
5971.595925022875
 20
90.93902158727508
 30
0.0
 10
5973.04
 20
91.77275866404784
 30
0.0
 10
5974.484074977125
 20
92.6064957408206
 30
0.0
 10
5975.683504259179
 20
93.80592502287567
 30
0.0
 10
5976.517241335952
 20
95.25
 30
0.0
 10
5977.3509784127245
 20
96.69407497712433
 30
0.0
 10
5977.79
 20
98.33252584645453
 30
0.0
 10
5977.79
 20
100.0
 30
0.0
  0
POLYLINE
  5
552
330
17
100
AcDbEntity
  8
Wall plan
100
AcDb2dPolyline
 66
1
 10
0.0
 20
0.0
 30
0.0
 70
0
  0
VERTEX
  5
553
330
552
100
AcDbEntity
  8
Wall plan
100
AcDbVertex
100
AcDb2dVertex
 10
5977.79
 20
100.0
 30
0.0
 70
0
  0
VERTEX
  5
554
330
552
100
AcDbEntity
  8
Wall plan
100
AcDbVertex
100
AcDb2dVertex
 10
5985.93
 20
100.0
 30
0.0
 70
0
  0
SEQEND
  5
555
330
552
100
AcDbEntity
  8
Wall plan
  0
SPLINE
  5
556
330
17
100
AcDbEntity
  8
Wall plan
100
AcDbSpline
 70
0
 71
3
 72
23
 73
19
 74
0
 40
0.0
 40
0.0
 40
0.0
 40
0.0
 40
1.0
 40
1.0
 40
1.0
 40
2.0
 40
2.0
 40
2.0
 40
3.0
 40
3.0
 40
3.0
 40
4.0
 40
4.0
 40
4.0
 40
5.0
 40
5.0
 40
5.0
 40
6.0
 40
6.0
 40
6.0
 40
6.0
 10
5985.93
 20
100.0
 30
0.0
 10
5985.93
 20
98.33252584645453
 30
0.0
 10
5986.369021587276
 20
96.69407497712433
 30
0.0
 10
5987.202758664048
 20
95.25
 30
0.0
 10
5988.03649574082
 20
93.80592502287567
 30
0.0
 10
5989.235925022876
 20
92.6064957408206
 30
0.0
 10
5990.68
 20
91.77275866404784
 30
0.0
 10
5992.124074977124
 20
90.93902158727508
 30
0.0
 10
5993.762525846454
 20
90.5
 30
0.0
 10
5995.43
 20
90.5
 30
0.0
 10
5997.097474153546
 20
90.5
 30
0.0
 10
5998.735925022876
 20
90.93902158727508
 30
0.0
 10
6000.18
 20
91.77275866404784
 30
0.0
 10
6001.624074977124
 20
92.6064957408206
 30
0.0
 10
6002.82350425918
 20
93.80592502287567
 30
0.0
 10
6003.657241335952
 20
95.25
 30
0.0
 10
6004.490978412725
 20
96.69407497712433
 30
0.0
 10
6004.93
 20
98.33252584645453
 30
0.0
 10
6004.93
 20
100.0
 30
0.0
  0
POLYLINE
  5
557
330
17
100
AcDbEntity
  8
Wall plan
100
AcDb2dPolyline
 66
1
 10
0.0
 20
0.0
 30
0.0
 70
0
  0
VERTEX
  5
558
330
557
100
AcDbEntity
  8
Wall plan
100
AcDbVertex
100
AcDb2dVertex
 10
6004.93
 20
100.0
 30
0.0
 70
0
  0
VERTEX
  5
559
330
557
100
AcDbEntity
  8
Wall plan
100
AcDbVertex
100
AcDb2dVertex
 10
6024.0
 20
100.0
 30
0.0
 70
0
  0
VERTEX
  5
55A
330
557
100
AcDbEntity
  8
Wall plan
100
AcDbVertex
100
AcDb2dVertex
 10
6024.0
 20
160.0
 30
0.0
 70
0
  0
SEQEND
  5
55B
330
557
100
AcDbEntity
  8
Wall plan
  0
LWPOLYLINE
  5
55C
330
17
100
AcDbEntity
  8
Wall plan
100
AcDbPolyline
 90
5
 70
0
 10
7124.0
 20
510.0
 10
7344.0
 20
510.0
 10
7344.0
 20
160.0
 10
7124.0
 20
160.0
 10
7124.0
 20
510.0
  0
POLYLINE
  5
55D
330
17
100
AcDbEntity
  8
Wall plan
100
AcDb2dPolyline
 66
1
 10
0.0
 20
0.0
 30
0.0
 70
0
  0
VERTEX
  5
55E
330
55D
100
AcDbEntity
  8
Wall plan
100
AcDbVertex
100
AcDb2dVertex
 10
7124.0
 20
160.0
 30
0.0
 70
0
  0
VERTEX
  5
55F
330
55D
100
AcDbEntity
  8
Wall plan
100
AcDbVertex
100
AcDb2dVertex
 10
7124.0
 20
100.0
 30
0.0
 70
0
  0
VERTEX
  5
560
330
55D
100
AcDbEntity
  8
Wall plan
100
AcDbVertex
100
AcDb2dVertex
 10
7139.0
 20
100.0
 30
0.0
 70
0
  0
VERTEX
  5
561
330
55D
100
AcDbEntity
  8
Wall plan
100
AcDbVertex
100
AcDb2dVertex
 10
7143.07
 20
100.0
 30
0.0
 70
0
  0
SEQEND
  5
562
330
55D
100
AcDbEntity
  8
Wall plan
  0
SPLINE
  5
563
330
17
100
AcDbEntity
  8
Wall plan
100
AcDbSpline
 70
0
 71
3
 72
23
 73
19
 74
0
 40
0.0
 40
0.0
 40
0.0
 40
0.0
 40
1.0
 40
1.0
 40
1.0
 40
2.0
 40
2.0
 40
2.0
 40
3.0
 40
3.0
 40
3.0
 40
4.0
 40
4.0
 40
4.0
 40
5.0
 40
5.0
 40
5.0
 40
6.0
 40
6.0
 40
6.0
 40
6.0
 10
7143.07
 20
100.0
 30
0.0
 10
7143.07
 20
98.33252584645453
 30
0.0
 10
7143.509021587275
 20
96.69407497712433
 30
0.0
 10
7144.342758664048
 20
95.25
 30
0.0
 10
7145.17649574082
 20
93.80592502287567
 30
0.0
 10
7146.375925022876
 20
92.6064957408206
 30
0.0
 10
7147.82
 20
91.77275866404784
 30
0.0
 10
7149.264074977124
 20
90.93902158727508
 30
0.0
 10
7150.902525846455
 20
90.5
 30
0.0
 10
7152.57
 20
90.5
 30
0.0
 10
7154.237474153546
 20
90.5
 30
0.0
 10
7155.875925022876
 20
90.93902158727508
 30
0.0
 10
7157.32
 20
91.77275866404784
 30
0.0
 10
7158.764074977124
 20
92.6064957408206
 30
0.0
 10
7159.96350425918
 20
93.80592502287567
 30
0.0
 10
7160.797241335953
 20
95.25
 30
0.0
 10
7161.630978412725
 20
96.69407497712433
 30
0.0
 10
7162.07
 20
98.33252584645453
 30
0.0
 10
7162.07
 20
100.0
 30
0.0
  0
POLYLINE
  5
564
330
17
100
AcDbEntity
  8
Wall plan
100
AcDb2dPolyline
 66
1
 10
0.0
 20
0.0
 30
0.0
 70
0
  0
VERTEX
  5
565
330
564
100
AcDbEntity
  8
Wall plan
100
AcDbVertex
100
AcDb2dVertex
 10
7162.07
 20
100.0
 30
0.0
 70
0
  0
VERTEX
  5
566
330
564
100
AcDbEntity
  8
Wall plan
100
AcDbVertex
100
AcDb2dVertex
 10
7170.21
 20
100.0
 30
0.0
 70
0
  0
SEQEND
  5
567
330
564
100
AcDbEntity
  8
Wall plan
  0
SPLINE
  5
568
330
17
100
AcDbEntity
  8
Wall plan
100
AcDbSpline
 70
0
 71
3
 72
23
 73
19
 74
0
 40
0.0
 40
0.0
 40
0.0
 40
0.0
 40
1.0
 40
1.0
 40
1.0
 40
2.0
 40
2.0
 40
2.0
 40
3.0
 40
3.0
 40
3.0
 40
4.0
 40
4.0
 40
4.0
 40
5.0
 40
5.0
 40
5.0
 40
6.0
 40
6.0
 40
6.0
 40
6.0
 10
7170.21
 20
100.0
 30
0.0
 10
7170.21
 20
98.33252584645453
 30
0.0
 10
7170.649021587275
 20
96.69407497712433
 30
0.0
 10
7171.482758664048
 20
95.25
 30
0.0
 10
7172.316495740821
 20
93.80592502287567
 30
0.0
 10
7173.515925022875
 20
92.6064957408206
 30
0.0
 10
7174.96
 20
91.77275866404784
 30
0.0
 10
7176.404074977125
 20
90.93902158727508
 30
0.0
 10
7178.042525846455
 20
90.5
 30
0.0
 10
7179.71
 20
90.5
 30
0.0
 10
7181.377474153545
 20
90.5
 30
0.0
 10
7183.015925022875
 20
90.93902158727508
 30
0.0
 10
7184.46
 20
91.77275866404784
 30
0.0
 10
7185.904074977125
 20
92.6064957408206
 30
0.0
 10
7187.103504259179
 20
93.80592502287567
 30
0.0
 10
7187.937241335952
 20
95.25
 30
0.0
 10
7188.7709784127255
 20
96.69407497712433
 30
0.0
 10
7189.21
 20
98.33252584645453
 30
0.0
 10
7189.21
 20
100.0
 30
0.0
  0
POLYLINE
  5
569
330
17
100
AcDbEntity
  8
Wall plan
100
AcDb2dPolyline
 66
1
 10
0.0
 20
0.0
 30
0.0
 70
0
  0
VERTEX
  5
56A
330
569
100
AcDbEntity
  8
Wall plan
100
AcDbVertex
100
AcDb2dVertex
 10
7189.21
 20
100.0
 30
0.0
 70
0
  0
VERTEX
  5
56B
330
569
100
AcDbEntity
  8
Wall plan
100
AcDbVertex
100
AcDb2dVertex
 10
7197.360000000001
 20
100.0
 30
0.0
 70
0
  0
SEQEND
  5
56C
330
569
100
AcDbEntity
  8
Wall plan
  0
SPLINE
  5
56D
330
17
100
AcDbEntity
  8
Wall plan
100
AcDbSpline
 70
0
 71
3
 72
23
 73
19
 74
0
 40
0.0
 40
0.0
 40
0.0
 40
0.0
 40
1.0
 40
1.0
 40
1.0
 40
2.0
 40
2.0
 40
2.0
 40
3.0
 40
3.0
 40
3.0
 40
4.0
 40
4.0
 40
4.0
 40
5.0
 40
5.0
 40
5.0
 40
6.0
 40
6.0
 40
6.0
 40
6.0
 10
7197.360000000001
 20
100.0
 30
0.0
 10
7197.360000000001
 20
98.33252584645453
 30
0.0
 10
7197.799021587275
 20
96.69407497712433
 30
0.0
 10
7198.632758664047
 20
95.25
 30
0.0
 10
7199.46649574082
 20
93.80592502287567
 30
0.0
 10
7200.665925022876
 20
92.6064957408206
 30
0.0
 10
7202.110000000001
 20
91.77275866404784
 30
0.0
 10
7203.554074977124
 20
90.93902158727508
 30
0.0
 10
7205.192525846454
 20
90.5
 30
0.0
 10
7206.860000000001
 20
90.5
 30
0.0
 10
7208.527474153545
 20
90.5
 30
0.0
 10
7210.165925022876
 20
90.93902158727508
 30
0.0
 10
7211.610000000001
 20
91.77275866404784
 30
0.0
 10
7213.054074977124
 20
92.6064957408206
 30
0.0
 10
7214.25350425918
 20
93.80592502287567
 30
0.0
 10
7215.087241335952
 20
95.25
 30
0.0
 10
7215.920978412725
 20
96.69407497712433
 30
0.0
 10
7216.360000000001
 20
98.33252584645453
 30
0.0
 10
7216.360000000001
 20
100.0
 30
0.0
  0
POLYLINE
  5
56E
330
17
100
AcDbEntity
  8
Wall plan
100
AcDb2dPolyline
 66
1
 10
0.0
 20
0.0
 30
0.0
 70
0
  0
VERTEX
  5
56F
330
56E
100
AcDbEntity
  8
Wall plan
100
AcDbVertex
100
AcDb2dVertex
 10
7216.360000000001
 20
100.0
 30
0.0
 70
0
  0
VERTEX
  5
570
330
56E
100
AcDbEntity
  8
Wall plan
100
AcDbVertex
100
AcDb2dVertex
 10
7224.5
 20
100.0
 30
0.0
 70
0
  0
SEQEND
  5
571
330
56E
100
AcDbEntity
  8
Wall plan
  0
SPLINE
  5
572
330
17
100
AcDbEntity
  8
Wall plan
100
AcDbSpline
 70
0
 71
3
 72
23
 73
19
 74
0
 40
0.0
 40
0.0
 40
0.0
 40
0.0
 40
1.0
 40
1.0
 40
1.0
 40
2.0
 40
2.0
 40
2.0
 40
3.0
 40
3.0
 40
3.0
 40
4.0
 40
4.0
 40
4.0
 40
5.0
 40
5.0
 40
5.0
 40
6.0
 40
6.0
 40
6.0
 40
6.0
 10
7224.5
 20
100.0
 30
0.0
 10
7224.5
 20
98.33252584645453
 30
0.0
 10
7224.939021587275
 20
96.69407497712433
 30
0.0
 10
7225.772758664048
 20
95.25
 30
0.0
 10
7226.60649574082
 20
93.80592502287567
 30
0.0
 10
7227.805925022876
 20
92.6064957408206
 30
0.0
 10
7229.25
 20
91.77275866404784
 30
0.0
 10
7230.694074977124
 20
90.93902158727508
 30
0.0
 10
7232.332525846455
 20
90.5
 30
0.0
 10
7234.0
 20
90.5
 30
0.0
 10
7235.667474153545
 20
90.5
 30
0.0
 10
7237.305925022876
 20
90.93902158727508
 30
0.0
 10
7238.75
 20
91.77275866404784
 30
0.0
 10
7240.194074977124
 20
92.6064957408206
 30
0.0
 10
7241.39350425918
 20
93.80592502287567
 30
0.0
 10
7242.227241335952
 20
95.25
 30
0.0
 10
7243.060978412725
 20
96.69407497712433
 30
0.0
 10
7243.5
 20
98.33252584645453
 30
0.0
 10
7243.5
 20
100.0
 30
0.0
  0
POLYLINE
  5
573
330
17
100
AcDbEntity
  8
Wall plan
100
AcDb2dPolyline
 66
1
 10
0.0
 20
0.0
 30
0.0
 70
0
  0
VERTEX
  5
574
330
573
100
AcDbEntity
  8
Wall plan
100
AcDbVertex
100
AcDb2dVertex
 10
7243.5
 20
100.0
 30
0.0
 70
0
  0
VERTEX
  5
575
330
573
100
AcDbEntity
  8
Wall plan
100
AcDbVertex
100
AcDb2dVertex
 10
7251.639999999999
 20
100.0
 30
0.0
 70
0
  0
SEQEND
  5
576
330
573
100
AcDbEntity
  8
Wall plan
  0
SPLINE
  5
577
330
17
100
AcDbEntity
  8
Wall plan
100
AcDbSpline
 70
0
 71
3
 72
23
 73
19
 74
0
 40
0.0
 40
0.0
 40
0.0
 40
0.0
 40
1.0
 40
1.0
 40
1.0
 40
2.0
 40
2.0
 40
2.0
 40
3.0
 40
3.0
 40
3.0
 40
4.0
 40
4.0
 40
4.0
 40
5.0
 40
5.0
 40
5.0
 40
6.0
 40
6.0
 40
6.0
 40
6.0
 10
7251.639999999999
 20
100.0
 30
0.0
 10
7251.639999999999
 20
98.33252584645453
 30
0.0
 10
7252.079021587275
 20
96.69407497712433
 30
0.0
 10
7252.912758664048
 20
95.25
 30
0.0
 10
7253.74649574082
 20
93.80592502287567
 30
0.0
 10
7254.945925022876
 20
92.6064957408206
 30
0.0
 10
7256.389999999999
 20
91.77275866404784
 30
0.0
 10
7257.834074977124
 20
90.93902158727508
 30
0.0
 10
7259.472525846455
 20
90.5
 30
0.0
 10
7261.139999999999
 20
90.5
 30
0.0
 10
7262.807474153546
 20
90.5
 30
0.0
 10
7264.445925022876
 20
90.93902158727508
 30
0.0
 10
7265.889999999999
 20
91.77275866404784
 30
0.0
 10
7267.334074977124
 20
92.6064957408206
 30
0.0
 10
7268.53350425918
 20
93.80592502287567
 30
0.0
 10
7269.367241335953
 20
95.25
 30
0.0
 10
7270.200978412725
 20
96.69407497712433
 30
0.0
 10
7270.639999999999
 20
98.33252584645453
 30
0.0
 10
7270.639999999999
 20
100.0
 30
0.0
  0
POLYLINE
  5
578
330
17
100
AcDbEntity
  8
Wall plan
100
AcDb2dPolyline
 66
1
 10
0.0
 20
0.0
 30
0.0
 70
0
  0
VERTEX
  5
579
330
578
100
AcDbEntity
  8
Wall plan
100
AcDbVertex
100
AcDb2dVertex
 10
7270.639999999999
 20
100.0
 30
0.0
 70
0
  0
VERTEX
  5
57A
330
578
100
AcDbEntity
  8
Wall plan
100
AcDbVertex
100
AcDb2dVertex
 10
7278.79
 20
100.0
 30
0.0
 70
0
  0
SEQEND
  5
57B
330
578
100
AcDbEntity
  8
Wall plan
  0
SPLINE
  5
57C
330
17
100
AcDbEntity
  8
Wall plan
100
AcDbSpline
 70
0
 71
3
 72
23
 73
19
 74
0
 40
0.0
 40
0.0
 40
0.0
 40
0.0
 40
1.0
 40
1.0
 40
1.0
 40
2.0
 40
2.0
 40
2.0
 40
3.0
 40
3.0
 40
3.0
 40
4.0
 40
4.0
 40
4.0
 40
5.0
 40
5.0
 40
5.0
 40
6.0
 40
6.0
 40
6.0
 40
6.0
 10
7278.79
 20
100.0
 30
0.0
 10
7278.79
 20
98.33252584645453
 30
0.0
 10
7279.2290215872745
 20
96.69407497712433
 30
0.0
 10
7280.062758664048
 20
95.25
 30
0.0
 10
7280.896495740821
 20
93.80592502287567
 30
0.0
 10
7282.095925022875
 20
92.6064957408206
 30
0.0
 10
7283.54
 20
91.77275866404784
 30
0.0
 10
7284.984074977125
 20
90.93902158727508
 30
0.0
 10
7286.622525846455
 20
90.5
 30
0.0
 10
7288.29
 20
90.5
 30
0.0
 10
7289.957474153545
 20
90.5
 30
0.0
 10
7291.595925022875
 20
90.93902158727508
 30
0.0
 10
7293.04
 20
91.77275866404784
 30
0.0
 10
7294.484074977125
 20
92.6064957408206
 30
0.0
 10
7295.683504259179
 20
93.80592502287567
 30
0.0
 10
7296.517241335952
 20
95.25
 30
0.0
 10
7297.350978412725
 20
96.69407497712433
 30
0.0
 10
7297.79
 20
98.33252584645453
 30
0.0
 10
7297.79
 20
100.0
 30
0.0
  0
POLYLINE
  5
57D
330
17
100
AcDbEntity
  8
Wall plan
100
AcDb2dPolyline
 66
1
 10
0.0
 20
0.0
 30
0.0
 70
0
  0
VERTEX
  5
57E
330
57D
100
AcDbEntity
  8
Wall plan
100
AcDbVertex
100
AcDb2dVertex
 10
7297.79
 20
100.0
 30
0.0
 70
0
  0
VERTEX
  5
57F
330
57D
100
AcDbEntity
  8
Wall plan
100
AcDbVertex
100
AcDb2dVertex
 10
7305.93
 20
100.0
 30
0.0
 70
0
  0
SEQEND
  5
580
330
57D
100
AcDbEntity
  8
Wall plan
  0
SPLINE
  5
581
330
17
100
AcDbEntity
  8
Wall plan
100
AcDbSpline
 70
0
 71
3
 72
23
 73
19
 74
0
 40
0.0
 40
0.0
 40
0.0
 40
0.0
 40
1.0
 40
1.0
 40
1.0
 40
2.0
 40
2.0
 40
2.0
 40
3.0
 40
3.0
 40
3.0
 40
4.0
 40
4.0
 40
4.0
 40
5.0
 40
5.0
 40
5.0
 40
6.0
 40
6.0
 40
6.0
 40
6.0
 10
7305.93
 20
100.0
 30
0.0
 10
7305.93
 20
98.33252584645453
 30
0.0
 10
7306.369021587275
 20
96.69407497712433
 30
0.0
 10
7307.202758664047
 20
95.25
 30
0.0
 10
7308.03649574082
 20
93.80592502287567
 30
0.0
 10
7309.235925022876
 20
92.6064957408206
 30
0.0
 10
7310.68
 20
91.77275866404784
 30
0.0
 10
7312.124074977124
 20
90.93902158727508
 30
0.0
 10
7313.762525846454
 20
90.5
 30
0.0
 10
7315.43
 20
90.5
 30
0.0
 10
7317.097474153545
 20
90.5
 30
0.0
 10
7318.735925022876
 20
90.93902158727508
 30
0.0
 10
7320.18
 20
91.77275866404784
 30
0.0
 10
7321.624074977124
 20
92.6064957408206
 30
0.0
 10
7322.82350425918
 20
93.80592502287567
 30
0.0
 10
7323.657241335952
 20
95.25
 30
0.0
 10
7324.490978412725
 20
96.69407497712433
 30
0.0
 10
7324.93
 20
98.33252584645453
 30
0.0
 10
7324.93
 20
100.0
 30
0.0
  0
POLYLINE
  5
582
330
17
100
AcDbEntity
  8
Wall plan
100
AcDb2dPolyline
 66
1
 10
0.0
 20
0.0
 30
0.0
 70
0
  0
VERTEX
  5
583
330
582
100
AcDbEntity
  8
Wall plan
100
AcDbVertex
100
AcDb2dVertex
 10
7324.93
 20
100.0
 30
0.0
 70
0
  0
VERTEX
  5
584
330
582
100
AcDbEntity
  8
Wall plan
100
AcDbVertex
100
AcDb2dVertex
 10
7344.0
 20
100.0
 30
0.0
 70
0
  0
VERTEX
  5
585
330
582
100
AcDbEntity
  8
Wall plan
100
AcDbVertex
100
AcDb2dVertex
 10
7344.0
 20
160.0
 30
0.0
 70
0
  0
SEQEND
  5
586
330
582
100
AcDbEntity
  8
Wall plan
  0
LWPOLYLINE
  5
587
330
17
100
AcDbEntity
  8
Wall plan
100
AcDbPolyline
 90
5
 70
0
 10
6024.0
 20
510.0
 10
7124.0
 20
510.0
 10
7124.0
 20
310.0
 10
6024.0
 20
310.0
 10
6024.0
 20
510.0
  0
LINE
  5
588
330
17
100
AcDbEntity
  8
Wall plan
100
AcDbLine
 10
6024.0
 20
310.0
 30
0.0
 11
7124.0
 21
310.0
 31
0.0
  0
LWPOLYLINE
  5
589
330
17
100
AcDbEntity
  8
Wall plan
100
AcDbPolyline
 90
5
 70
0
 10
6094.0
 20
310.0
 10
7054.0
 20
310.0
 10
7054.0
 20
275.0
 10
6094.0
 20
275.0
 10
6094.0
 20
310.0
  0
LWPOLYLINE
  5
58A
330
17
100
AcDbEntity
  8
Wall plan
100
AcDbPolyline
 90
5
 70
0
 10
7344.0
 20
510.0
 10
8364.0
 20
510.0
 10
8364.0
 20
310.0
 10
7344.0
 20
310.0
 10
7344.0
 20
510.0
  0
LINE
  5
58B
330
17
100
AcDbEntity
  8
Wall plan
100
AcDbLine
 10
7344.0
 20
310.0
 30
0.0
 11
7374.0
 21
310.0
 31
0.0
  0
LINE
  5
58C
330
17
100
AcDbEntity
  8
Wall plan
100
AcDbLine
 10
8334.0
 20
310.0
 30
0.0
 11
8364.0
 21
310.0
 31
0.0
  0
LWPOLYLINE
  5
58D
330
17
100
AcDbEntity
  8
Wall plan
100
AcDbPolyline
 90
4
 70
0
 10
7374.0
 20
310.0
 10
7374.0
 20
285.0
 10
7444.0
 20
285.0
 10
7444.0
 20
655.0
  0
LWPOLYLINE
  5
58E
330
17
100
AcDbEntity
  8
Wall plan
100
AcDbPolyline
 90
4
 70
0
 10
8334.0
 20
310.0
 10
8334.0
 20
285.0
 10
8264.0
 20
285.0
 10
8264.0
 20
655.0
  0
LINE
  5
58F
330
17
100
AcDbEntity
  8
Wall plan
  6
DASHED
100
AcDbLine
 10
4704.0
 20
0.0
 30
0.0
 11
8364.0
 21
0.0
 31
0.0
  0
TEXT
  5
590
330
17
100
AcDbEntity
  8
LABELS
100
AcDbText
 10
4554.0
 20
800.0
 30
0.0
 40
79.2
  1
WALL PLAN  (1:1, mm)
 11
4554.0
 21
800.0
 31
0.0
100
AcDbText
  0
HATCH
  5
593
330
17
100
AcDbEntity
  8
Section through bookcase hatch
 62
7
100
AcDbHatch
 10
0.0
 20
0.0
 30
0.0
210
0.0
220
0.0
230
1.0
  2
ANSI31
 70
0
 71
0
 91
1
 92
3
 72
0
 73
1
 93
5
 10
9188.0
 20
3050.0
 10
9418.0
 20
3050.0
 10
9418.0
 20
0.0
 10
9188.0
 20
0.0
 10
9188.0
 20
3050.0
 97
0
 75
1
 76
1
 52
0.0
 41
4.0
 77
0
 78
1
 53
45.0
 43
0.0
 44
0.0
 45
-8.9802561212
 46
8.9802561212
 79
0
 98
0
  0
LWPOLYLINE
  5
594
330
17
100
AcDbEntity
  8
Section through bookcase
100
AcDbPolyline
 90
5
 70
0
 10
9188.0
 20
3050.0
 10
9418.0
 20
3050.0
 10
9418.0
 20
0.0
 10
9188.0
 20
0.0
 10
9188.0
 20
3050.0
  0
LWPOLYLINE
  5
595
330
17
100
AcDbEntity
  8
Section through bookcase
100
AcDbPolyline
 90
5
 70
0
 10
9418.0
 20
800.0
 10
9868.0
 20
800.0
 10
9868.0
 20
0.0
 10
9418.0
 20
0.0
 10
9418.0
 20
800.0
  0
HATCH
  5
596
330
17
100
AcDbEntity
  8
Section through bookcase hatch
 62
7
100
AcDbHatch
 10
0.0
 20
0.0
 30
0.0
210
0.0
220
0.0
230
1.0
  2
ANSI31
 70
0
 71
0
 91
1
 92
3
 72
0
 73
1
 93
5
 10
9418.0
 20
840.0
 10
9893.0
 20
840.0
 10
9893.0
 20
800.0
 10
9418.0
 20
800.0
 10
9418.0
 20
840.0
 97
0
 75
1
 76
1
 52
0.0
 41
4.0
 77
0
 78
1
 53
45.0
 43
0.0
 44
0.0
 45
-8.9802561212
 46
8.9802561212
 79
0
 98
0
  0
LWPOLYLINE
  5
597
330
17
100
AcDbEntity
  8
Section through bookcase
100
AcDbPolyline
 90
5
 70
0
 10
9418.0
 20
840.0
 10
9893.0
 20
840.0
 10
9893.0
 20
800.0
 10
9418.0
 20
800.0
 10
9418.0
 20
840.0
  0
LWPOLYLINE
  5
598
330
17
100
AcDbEntity
  8
Section through bookcase
100
AcDbPolyline
 90
5
 70
0
 10
9846.0
 20
780.0
 10
9868.0
 20
780.0
 10
9868.0
 20
120.0
 10
9846.0
 20
120.0
 10
9846.0
 20
780.0
  0
LINE
  5
599
330
17
100
AcDbEntity
  8
Section through bookcase
100
AcDbLine
 10
9436.0
 20
450.0
 30
0.0
 11
9846.0
 21
450.0
 31
0.0
  0
LWPOLYLINE
  5
59A
330
17
100
AcDbEntity
  8
Section through bookcase
100
AcDbPolyline
 90
5
 70
0
 10
9418.0
 20
120.0
 10
9848.0
 20
120.0
 10
9848.0
 20
0.0
 10
9418.0
 20
0.0
 10
9418.0
 20
120.0
  0
LWPOLYLINE
  5
59B
330
17
100
AcDbEntity
  8
Section through bookcase
100
AcDbPolyline
 90
5
 70
0
 10
9418.0
 20
2585.0
 10
9768.0
 20
2585.0
 10
9768.0
 20
840.0
 10
9418.0
 20
840.0
 10
9418.0
 20
2585.0
  0
HATCH
  5
59C
330
17
100
AcDbEntity
  8
Section through bookcase hatch
 62
7
100
AcDbHatch
 10
0.0
 20
0.0
 30
0.0
210
0.0
220
0.0
230
1.0
  2
ANSI31
 70
0
 71
0
 91
1
 92
3
 72
0
 73
1
 93
5
 10
9418.0
 20
2585.0
 10
9436.0
 20
2585.0
 10
9436.0
 20
840.0
 10
9418.0
 20
840.0
 10
9418.0
 20
2585.0
 97
0
 75
1
 76
1
 52
0.0
 41
4.0
 77
0
 78
1
 53
45.0
 43
0.0
 44
0.0
 45
-8.9802561212
 46
8.9802561212
 79
0
 98
0
  0
LWPOLYLINE
  5
59D
330
17
100
AcDbEntity
  8
Section through bookcase
100
AcDbPolyline
 90
5
 70
0
 10
9418.0
 20
2585.0
 10
9436.0
 20
2585.0
 10
9436.0
 20
840.0
 10
9418.0
 20
840.0
 10
9418.0
 20
2585.0
  0
HATCH
  5
59E
330
17
100
AcDbEntity
  8
Section through bookcase hatch
 62
7
100
AcDbHatch
 10
0.0
 20
0.0
 30
0.0
210
0.0
220
0.0
230
1.0
  2
ANSI31
 70
0
 71
0
 91
1
 92
3
 72
0
 73
1
 93
5
 10
9436.0
 20
1150.0
 10
9768.0
 20
1150.0
 10
9768.0
 20
1125.0
 10
9436.0
 20
1125.0
 10
9436.0
 20
1150.0
 97
0
 75
1
 76
1
 52
0.0
 41
4.0
 77
0
 78
1
 53
45.0
 43
0.0
 44
0.0
 45
-8.9802561212
 46
8.9802561212
 79
0
 98
0
  0
LWPOLYLINE
  5
59F
330
17
100
AcDbEntity
  8
Section through bookcase
100
AcDbPolyline
 90
5
 70
0
 10
9436.0
 20
1150.0
 10
9768.0
 20
1150.0
 10
9768.0
 20
1125.0
 10
9436.0
 20
1125.0
 10
9436.0
 20
1150.0
  0
HATCH
  5
5A0
330
17
100
AcDbEntity
  8
Section through bookcase hatch
 62
7
100
AcDbHatch
 10
0.0
 20
0.0
 30
0.0
210
0.0
220
0.0
230
1.0
  2
ANSI31
 70
0
 71
0
 91
1
 92
3
 72
0
 73
1
 93
5
 10
9436.0
 20
1450.0
 10
9768.0
 20
1450.0
 10
9768.0
 20
1425.0
 10
9436.0
 20
1425.0
 10
9436.0
 20
1450.0
 97
0
 75
1
 76
1
 52
0.0
 41
4.0
 77
0
 78
1
 53
45.0
 43
0.0
 44
0.0
 45
-8.9802561212
 46
8.9802561212
 79
0
 98
0
  0
LWPOLYLINE
  5
5A1
330
17
100
AcDbEntity
  8
Section through bookcase
100
AcDbPolyline
 90
5
 70
0
 10
9436.0
 20
1450.0
 10
9768.0
 20
1450.0
 10
9768.0
 20
1425.0
 10
9436.0
 20
1425.0
 10
9436.0
 20
1450.0
  0
HATCH
  5
5A2
330
17
100
AcDbEntity
  8
Section through bookcase hatch
 62
7
100
AcDbHatch
 10
0.0
 20
0.0
 30
0.0
210
0.0
220
0.0
230
1.0
  2
ANSI31
 70
0
 71
0
 91
1
 92
3
 72
0
 73
1
 93
5
 10
9436.0
 20
1750.0
 10
9768.0
 20
1750.0
 10
9768.0
 20
1725.0
 10
9436.0
 20
1725.0
 10
9436.0
 20
1750.0
 97
0
 75
1
 76
1
 52
0.0
 41
4.0
 77
0
 78
1
 53
45.0
 43
0.0
 44
0.0
 45
-8.9802561212
 46
8.9802561212
 79
0
 98
0
  0
LWPOLYLINE
  5
5A3
330
17
100
AcDbEntity
  8
Section through bookcase
100
AcDbPolyline
 90
5
 70
0
 10
9436.0
 20
1750.0
 10
9768.0
 20
1750.0
 10
9768.0
 20
1725.0
 10
9436.0
 20
1725.0
 10
9436.0
 20
1750.0
  0
HATCH
  5
5A4
330
17
100
AcDbEntity
  8
Section through bookcase hatch
 62
7
100
AcDbHatch
 10
0.0
 20
0.0
 30
0.0
210
0.0
220
0.0
230
1.0
  2
ANSI31
 70
0
 71
0
 91
1
 92
3
 72
0
 73
1
 93
5
 10
9436.0
 20
2050.0
 10
9768.0
 20
2050.0
 10
9768.0
 20
2025.0
 10
9436.0
 20
2025.0
 10
9436.0
 20
2050.0
 97
0
 75
1
 76
1
 52
0.0
 41
4.0
 77
0
 78
1
 53
45.0
 43
0.0
 44
0.0
 45
-8.9802561212
 46
8.9802561212
 79
0
 98
0
  0
LWPOLYLINE
  5
5A5
330
17
100
AcDbEntity
  8
Section through bookcase
100
AcDbPolyline
 90
5
 70
0
 10
9436.0
 20
2050.0
 10
9768.0
 20
2050.0
 10
9768.0
 20
2025.0
 10
9436.0
 20
2025.0
 10
9436.0
 20
2050.0
  0
LWPOLYLINE
  5
5A6
330
17
100
AcDbEntity
  8
Section through bookcase
  6
DASHED
100
AcDbPolyline
 90
2
 70
0
 10
9436.0
 20
2250.0
 10
9768.0
 20
2250.0
  0
LWPOLYLINE
  5
5A7
330
17
100
AcDbEntity
  8
Section through bookcase
  6
DASHED
100
AcDbPolyline
 90
2
 70
0
 10
9436.0
 20
2470.0
 10
9768.0
 20
2470.0
  0
HATCH
  5
5A8
330
17
100
AcDbEntity
  8
Section through bookcase hatch
 62
7
100
AcDbHatch
 10
0.0
 20
0.0
 30
0.0
210
0.0
220
0.0
230
1.0
  2
ANSI31
 70
0
 71
0
 91
1
 92
3
 72
0
 73
1
 93
39
 10
9768.0
 20
2585.0
 10
9778.0
 20
2585.0
 10
9778.0
 20
2615.0
 10
9788.0
 20
2615.0
 10
9788.0
 20
2643.0
 10
9800.0
 20
2643.0
 10
9800.0
 20
2665.0
 10
9794.0
 20
2665.0
 10
9794.0
 20
2780.0
 10
9808.0
 20
2780.0
 10
9808.0
 20
2794.0
 10
9858.0
 20
2794.0
 10
9858.0
 20
2870.0
 10
9878.0
 20
2870.0
 10
9878.0
 20
2910.0
 10
9898.0
 20
2910.0
 10
9898.0
 20
2925.0
 10
9898.172119140625
 20
2929.9697875976562
 10
9898.673828125
 20
2934.58251953125
 10
9899.483154296875
 20
2938.8619995117188
 10
9900.578125
 20
2942.83203125
 10
9903.537109375
 20
2949.93896484375
 10
9907.375
 20
2956.09375
 10
9911.916015625
 20
2961.48681640625
 10
9916.984375
 20
2966.30859375
 10
9928.0
 20
2975.0
 10
9939.015625
 20
2983.69140625
 10
9944.083984375
 20
2988.51318359375
 10
9948.625
 20
2993.90625
 10
9952.462890625
 20
3000.06103515625
 10
9955.421875
 20
3007.16796875
 10
9956.516845703125
 20
3011.1380004882812
 10
9957.326171875
 20
3015.41748046875
 10
9957.827880859375
 20
3020.0302124023438
 10
9958.0
 20
3025.0
 10
9958.0
 20
3050.0
 10
9418.0
 20
3050.0
 10
9418.0
 20
2585.0
 10
9768.0
 20
2585.0
 97
0
 75
1
 76
1
 52
0.0
 41
4.0
 77
0
 78
1
 53
45.0
 43
0.0
 44
0.0
 45
-8.9802561212
 46
8.9802561212
 79
0
 98
0
  0
POLYLINE
  5
5A9
330
17
100
AcDbEntity
  8
Section through bookcase
100
AcDb2dPolyline
 66
1
 10
0.0
 20
0.0
 30
0.0
 70
0
  0
VERTEX
  5
5AA
330
5A9
100
AcDbEntity
  8
Section through bookcase
100
AcDbVertex
100
AcDb2dVertex
 10
9768.0
 20
2585.0
 30
0.0
 70
0
  0
VERTEX
  5
5AB
330
5A9
100
AcDbEntity
  8
Section through bookcase
100
AcDbVertex
100
AcDb2dVertex
 10
9778.0
 20
2585.0
 30
0.0
 70
0
  0
VERTEX
  5
5AC
330
5A9
100
AcDbEntity
  8
Section through bookcase
100
AcDbVertex
100
AcDb2dVertex
 10
9778.0
 20
2615.0
 30
0.0
 70
0
  0
VERTEX
  5
5AD
330
5A9
100
AcDbEntity
  8
Section through bookcase
100
AcDbVertex
100
AcDb2dVertex
 10
9788.0
 20
2615.0
 30
0.0
 70
0
  0
VERTEX
  5
5AE
330
5A9
100
AcDbEntity
  8
Section through bookcase
100
AcDbVertex
100
AcDb2dVertex
 10
9788.0
 20
2643.0
 30
0.0
 70
0
  0
VERTEX
  5
5AF
330
5A9
100
AcDbEntity
  8
Section through bookcase
100
AcDbVertex
100
AcDb2dVertex
 10
9800.0
 20
2643.0
 30
0.0
 70
0
  0
VERTEX
  5
5B0
330
5A9
100
AcDbEntity
  8
Section through bookcase
100
AcDbVertex
100
AcDb2dVertex
 10
9800.0
 20
2665.0
 30
0.0
 70
0
  0
VERTEX
  5
5B1
330
5A9
100
AcDbEntity
  8
Section through bookcase
100
AcDbVertex
100
AcDb2dVertex
 10
9794.0
 20
2665.0
 30
0.0
 70
0
  0
VERTEX
  5
5B2
330
5A9
100
AcDbEntity
  8
Section through bookcase
100
AcDbVertex
100
AcDb2dVertex
 10
9794.0
 20
2780.0
 30
0.0
 70
0
  0
VERTEX
  5
5B3
330
5A9
100
AcDbEntity
  8
Section through bookcase
100
AcDbVertex
100
AcDb2dVertex
 10
9808.0
 20
2780.0
 30
0.0
 70
0
  0
VERTEX
  5
5B4
330
5A9
100
AcDbEntity
  8
Section through bookcase
100
AcDbVertex
100
AcDb2dVertex
 10
9808.0
 20
2794.0
 30
0.0
 70
0
  0
VERTEX
  5
5B5
330
5A9
100
AcDbEntity
  8
Section through bookcase
100
AcDbVertex
100
AcDb2dVertex
 10
9858.0
 20
2794.0
 30
0.0
 70
0
  0
VERTEX
  5
5B6
330
5A9
100
AcDbEntity
  8
Section through bookcase
100
AcDbVertex
100
AcDb2dVertex
 10
9858.0
 20
2870.0
 30
0.0
 70
0
  0
VERTEX
  5
5B7
330
5A9
100
AcDbEntity
  8
Section through bookcase
100
AcDbVertex
100
AcDb2dVertex
 10
9878.0
 20
2870.0
 30
0.0
 70
0
  0
VERTEX
  5
5B8
330
5A9
100
AcDbEntity
  8
Section through bookcase
100
AcDbVertex
100
AcDb2dVertex
 10
9878.0
 20
2910.0
 30
0.0
 70
0
  0
VERTEX
  5
5B9
330
5A9
100
AcDbEntity
  8
Section through bookcase
100
AcDbVertex
100
AcDb2dVertex
 10
9898.0
 20
2910.0
 30
0.0
 70
0
  0
VERTEX
  5
5BA
330
5A9
100
AcDbEntity
  8
Section through bookcase
100
AcDbVertex
100
AcDb2dVertex
 10
9898.0
 20
2925.0
 30
0.0
 70
0
  0
SEQEND
  5
5BB
330
5A9
100
AcDbEntity
  8
Section through bookcase
  0
SPLINE
  5
5BC
330
17
100
AcDbEntity
  8
Section through bookcase
100
AcDbSpline
 70
0
 71
3
 72
8
 73
4
 74
0
 40
0.0
 40
0.0
 40
0.0
 40
0.0
 40
1.0
 40
1.0
 40
1.0
 40
1.0
 10
9898.0
 20
2925.0
 30
0.0
 10
9898.0
 20
2980.0
 30
0.0
 10
9958.0
 20
2970.0
 30
0.0
 10
9958.0
 20
3025.0
 30
0.0
  0
POLYLINE
  5
5BD
330
17
100
AcDbEntity
  8
Section through bookcase
100
AcDb2dPolyline
 66
1
 10
0.0
 20
0.0
 30
0.0
 70
0
  0
VERTEX
  5
5BE
330
5BD
100
AcDbEntity
  8
Section through bookcase
100
AcDbVertex
100
AcDb2dVertex
 10
9958.0
 20
3025.0
 30
0.0
 70
0
  0
VERTEX
  5
5BF
330
5BD
100
AcDbEntity
  8
Section through bookcase
100
AcDbVertex
100
AcDb2dVertex
 10
9958.0
 20
3050.0
 30
0.0
 70
0
  0
VERTEX
  5
5C0
330
5BD
100
AcDbEntity
  8
Section through bookcase
100
AcDbVertex
100
AcDb2dVertex
 10
9418.0
 20
3050.0
 30
0.0
 70
0
  0
VERTEX
  5
5C1
330
5BD
100
AcDbEntity
  8
Section through bookcase
100
AcDbVertex
100
AcDb2dVertex
 10
9418.0
 20
2585.0
 30
0.0
 70
0
  0
VERTEX
  5
5C2
330
5BD
100
AcDbEntity
  8
Section through bookcase
100
AcDbVertex
100
AcDb2dVertex
 10
9768.0
 20
2585.0
 30
0.0
 70
0
  0
SEQEND
  5
5C3
330
5BD
100
AcDbEntity
  8
Section through bookcase
  0
POLYLINE
  5
5C4
330
17
100
AcDbEntity
  8
Section through bookcase
100
AcDb2dPolyline
 66
1
 10
0.0
 20
0.0
 30
0.0
 70
0
  0
VERTEX
  5
5C5
330
5C4
100
AcDbEntity
  8
Section through bookcase
100
AcDbVertex
100
AcDb2dVertex
 10
9808.0
 20
2794.0
 30
0.0
 70
0
  0
VERTEX
  5
5C6
330
5C4
100
AcDbEntity
  8
Section through bookcase
100
AcDbVertex
100
AcDb2dVertex
 10
9808.0
 20
2850.0
 30
0.0
 70
0
  0
SEQEND
  5
5C7
330
5C4
100
AcDbEntity
  8
Section through bookcase
  0
SPLINE
  5
5C8
330
17
100
AcDbEntity
  8
Section through bookcase
100
AcDbSpline
 70
0
 71
3
 72
8
 73
4
 74
0
 40
0.0
 40
0.0
 40
0.0
 40
0.0
 40
1.0
 40
1.0
 40
1.0
 40
1.0
 10
9808.0
 20
2850.0
 30
0.0
 10
9813.333333333334
 20
2863.3333333333335
 30
0.0
 10
9830.0
 20
2870.0
 30
0.0
 10
9858.0
 20
2870.0
 30
0.0
  0
LINE
  5
5C9
330
17
100
AcDbEntity
  8
Section through bookcase
100
AcDbLine
 10
9108.0
 20
0.0
 30
0.0
 11
10168.0
 21
0.0
 31
0.0
  0
LINE
  5
5CA
330
17
100
AcDbEntity
  8
Section through bookcase
100
AcDbLine
 10
9108.0
 20
3050.0
 30
0.0
 11
10168.0
 21
3050.0
 31
0.0
  0
TEXT
  5
5CB
330
17
100
AcDbEntity
  8
LABELS
100
AcDbText
 10
9108.0
 20
3110.0
 30
0.0
 40
21.2
  1
SECTION THROUGH BOOKCASE  (1:1, mm)
 11
9108.0
 21
3110.0
 31
0.0
100
AcDbText
  0
TEXT
  5
5CC
330
17
100
AcDbEntity
  8
LABELS
100
AcDbText
 10
0.0
 20
-220.0
 30
0.0
 40
40.0
  1
Study wall — General arrangement · AST-DR-005
 11
0.0
 21
-220.0
 31
0.0
100
AcDbText
  0
ENDSEC
  0
SECTION
  2
OBJECTS
  0
DICTIONARY
  5
A
330
0
100
AcDbDictionary
281
1
  3
ACAD_COLOR
350
B
  3
ACAD_GROUP
350
C
  3
ACAD_LAYOUT
350
D
  3
ACAD_MATERIAL
350
E
  3
ACAD_MLEADERSTYLE
350
F
  3
ACAD_MLINESTYLE
350
10
  3
ACAD_PLOTSETTINGS
350
11
  3
ACAD_PLOTSTYLENAME
350
12
  3
ACAD_SCALELIST
350
14
  3
ACAD_TABLESTYLE
350
15
  3
ACAD_VISUALSTYLE
350
16
  3
EZDXF_META
350
2D
  0
DICTIONARY
  5
B
330
A
100
AcDbDictionary
281
1
  0
DICTIONARY
  5
C
330
A
100
AcDbDictionary
281
1
  0
DICTIONARY
  5
D
330
A
100
AcDbDictionary
281
1
  3
Model
350
1A
  3
Layout1
350
1E
  0
DICTIONARY
  5
E
330
A
100
AcDbDictionary
281
1
  3
ByBlock
350
1F
  3
ByLayer
350
20
  3
Global
350
21
  0
DICTIONARY
  5
F
330
A
100
AcDbDictionary
281
1
  3
Standard
350
2C
  0
DICTIONARY
  5
10
330
A
100
AcDbDictionary
281
1
  3
Standard
350
22
  0
DICTIONARY
  5
11
330
A
100
AcDbDictionary
281
1
  0
ACDBDICTIONARYWDFLT
  5
12
330
A
100
AcDbDictionary
281
1
  3
Normal
350
13
100
AcDbDictionaryWithDefault
340
13
  0
ACDBPLACEHOLDER
  5
13
330
12
  0
DICTIONARY
  5
14
330
A
100
AcDbDictionary
281
1
  0
DICTIONARY
  5
15
330
A
100
AcDbDictionary
281
1
  0
DICTIONARY
  5
16
330
A
100
AcDbDictionary
281
1
  3
2dWireframe
350
5A
  3
Basic
350
5B
  3
Brighten
350
5C
  3
ColorChange
350
5D
  3
Conceptual
350
5E
  3
Dim
350
5F
  3
EdgeColorOff
350
60
  3
Facepattern
350
61
  3
Flat
350
62
  3
FlatWithEdges
350
63
  3
Gouraud
350
64
  3
GouraudWithEdges
350
65
  3
Hidden
350
66
  3
JitterOff
350
67
  3
Linepattern
350
68
  3
Modeling
350
69
  3
OverhangOff
350
6A
  3
Realistic
350
6B
  3
Shaded
350
6C
  3
Shaded with edges
350
6D
  3
Shades of Gray
350
6E
  3
Sketchy
350
6F
  3
Thicken
350
70
  3
Wireframe
350
71
  3
X-Ray
350
72
  0
LAYOUT
  5
1A
330
D
100
AcDbPlotSettings
  1

  4
A3
  6

 40
7.5
 41
20.0
 42
7.5
 43
20.0
 44
420.0
 45
297.0
 46
0.0
 47
0.0
 48
0.0
 49
0.0
140
0.0
141
0.0
142
1.0
143
1.0
 70
1024
 72
1
 73
0
 74
5
  7

 75
16
 76
0
 77
2
 78
300
147
1.0
148
0.0
149
0.0
100
AcDbLayout
  1
Model
 70
1
 71
0
 10
0.0
 20
0.0
 11
420.0
 21
297.0
 12
0.0
 22
0.0
 32
0.0
 14
1e+20
 24
1e+20
 34
1e+20
 15
-1e+20
 25
-1e+20
 35
-1e+20
146
0.0
 13
0.0
 23
0.0
 33
0.0
 16
1.0
 26
0.0
 36
0.0
 17
0.0
 27
1.0
 37
0.0
 76
1
330
17
  0
LAYOUT
  5
1E
330
D
100
AcDbPlotSettings
  1

  4
A3
  6

 40
7.5
 41
20.0
 42
7.5
 43
20.0
 44
420.0
 45
297.0
 46
0.0
 47
0.0
 48
0.0
 49
0.0
140
0.0
141
0.0
142
1.0
143
1.0
 70
0
 72
1
 73
0
 74
5
  7

 75
16
 76
0
 77
2
 78
300
147
1.0
148
0.0
149
0.0
100
AcDbLayout
  1
Layout1
 70
1
 71
1
 10
0.0
 20
0.0
 11
420.0
 21
297.0
 12
0.0
 22
0.0
 32
0.0
 14
1e+20
 24
1e+20
 34
1e+20
 15
-1e+20
 25
-1e+20
 35
-1e+20
146
0.0
 13
0.0
 23
0.0
 33
0.0
 16
1.0
 26
0.0
 36
0.0
 17
0.0
 27
1.0
 37
0.0
 76
1
330
1B
  0
MATERIAL
  5
1F
102
{ACAD_REACTORS
330
E
102
}
330
E
100
AcDbMaterial
  1
ByBlock
  2

 70
0
 40
1.0
 71
1
 41
1.0
 91
-1023410177
 42
1.0
 72
1
  3

 73
1
 74
1
 75
1
 44
0.5
 73
0
 45
1.0
 46
1.0
 77
1
  4

 78
1
 79
1
170
1
 48
1.0
171
1
  6

172
1
173
1
174
1
140
1.0
141
1.0
175
1
  7

176
1
177
1
178
1
143
1.0
179
1
  8

270
1
271
1
272
1
145
1.0
146
1.0
273
1
  9

274
1
275
1
276
1
 42
1.0
 72
1
  3

 73
1
 74
1
 75
1
 94
63
  0
MATERIAL
  5
20
102
{ACAD_REACTORS
330
E
102
}
330
E
100
AcDbMaterial
  1
ByLayer
  2

 70
0
 40
1.0
 71
1
 41
1.0
 91
-1023410177
 42
1.0
 72
1
  3

 73
1
 74
1
 75
1
 44
0.5
 73
0
 45
1.0
 46
1.0
 77
1
  4

 78
1
 79
1
170
1
 48
1.0
171
1
  6

172
1
173
1
174
1
140
1.0
141
1.0
175
1
  7

176
1
177
1
178
1
143
1.0
179
1
  8

270
1
271
1
272
1
145
1.0
146
1.0
273
1
  9

274
1
275
1
276
1
 42
1.0
 72
1
  3

 73
1
 74
1
 75
1
 94
63
  0
MATERIAL
  5
21
102
{ACAD_REACTORS
330
E
102
}
330
E
100
AcDbMaterial
  1
Global
  2

 70
0
 40
1.0
 71
1
 41
1.0
 91
-1023410177
 42
1.0
 72
1
  3

 73
1
 74
1
 75
1
 44
0.5
 73
0
 45
1.0
 46
1.0
 77
1
  4

 78
1
 79
1
170
1
 48
1.0
171
1
  6

172
1
173
1
174
1
140
1.0
141
1.0
175
1
  7

176
1
177
1
178
1
143
1.0
179
1
  8

270
1
271
1
272
1
145
1.0
146
1.0
273
1
  9

274
1
275
1
276
1
 42
1.0
 72
1
  3

 73
1
 74
1
 75
1
 94
63
  0
MLINESTYLE
  5
22
102
{ACAD_REACTORS
330
10
102
}
330
10
100
AcDbMlineStyle
  2
Standard
 70
0
  3

 62
256
 51
90.0
 52
90.0
 71
2
 49
0.5
 62
256
  6
BYLAYER
 49
-0.5
 62
256
  6
BYLAYER
  0
MLEADERSTYLE
  5
2C
102
{ACAD_REACTORS
330
F
102
}
330
F
100
AcDbMLeaderStyle
179
2
170
2
171
1
172
0
 90
2
 40
0.0
 41
0.0
173
1
 91
-1056964608
 92
-2
290
1
 42
2.0
291
1
 43
8.0
  3
Standard
 44
4.0
300

342
29
174
1
175
1
176
0
178
1
 93
-1056964608
 45
4.0
292
0
297
0
 46
4.0
 94
-1056964608
 47
1.0
 49
1.0
140
1.0
294
1
141
0.0
177
0
142
1.0
295
0
296
0
143
3.75
271
0
272
9
273
9
  0
DICTIONARY
  5
2D
330
A
100
AcDbDictionary
280
1
281
1
  3
CREATED_BY_EZDXF
350
2E
  3
WRITTEN_BY_EZDXF
350
5CF
  0
DICTIONARYVAR
  5
2E
330
2D
100
DictionaryVariables
280
0
  1
1.4.2 @ 2026-09-16T21:32:03.530823+00:00
  0
VISUALSTYLE
  5
5A
102
{ACAD_REACTORS
330
16
102
}
330
16
100
AcDbVisualStyle
  2
2dWireframe
 70
4
 90
0
 40
0.6
 62
7
290
0
291
0
  0
VISUALSTYLE
  5
5B
102
{ACAD_REACTORS
330
16
102
}
330
16
100
AcDbVisualStyle
  2
Basic
 70
7
 90
1
 40
0.6
 62
7
290
0
291
1
  0
VISUALSTYLE
  5
5C
102
{ACAD_REACTORS
330
16
102
}
330
16
100
AcDbVisualStyle
  2
Brighten
 70
12
 90
2
 40
0.6
 62
7
290
0
291
1
  0
VISUALSTYLE
  5
5D
102
{ACAD_REACTORS
330
16
102
}
330
16
100
AcDbVisualStyle
  2
ColorChange
 70
16
 90
2
 40
0.6
 62
8
290
0
291
1
  0
VISUALSTYLE
  5
5E
102
{ACAD_REACTORS
330
16
102
}
330
16
100
AcDbVisualStyle
  2
Conceptual
 70
9
 90
3
 40
0.6
 62
7
290
0
291
0
  0
VISUALSTYLE
  5
5F
102
{ACAD_REACTORS
330
16
102
}
330
16
100
AcDbVisualStyle
  2
Dim
 70
11
 90
2
 40
0.6
 62
7
290
0
291
1
  0
VISUALSTYLE
  5
60
102
{ACAD_REACTORS
330
16
102
}
330
16
100
AcDbVisualStyle
  2
EdgeColorOff
 70
22
 90
2
 40
0.6
 62
7
290
0
291
1
  0
VISUALSTYLE
  5
61
102
{ACAD_REACTORS
330
16
102
}
330
16
100
AcDbVisualStyle
  2
Facepattern
 70
15
 90
2
 40
0.6
 62
7
290
0
291
1
  0
VISUALSTYLE
  5
62
102
{ACAD_REACTORS
330
16
102
}
330
16
100
AcDbVisualStyle
  2
Flat
 70
0
 90
2
 40
0.6
 62
7
290
0
291
1
  0
VISUALSTYLE
  5
63
102
{ACAD_REACTORS
330
16
102
}
330
16
100
AcDbVisualStyle
  2
FlatWithEdges
 70
1
 90
2
 40
0.6
 62
7
290
0
291
1
  0
VISUALSTYLE
  5
64
102
{ACAD_REACTORS
330
16
102
}
330
16
100
AcDbVisualStyle
  2
Gouraud
 70
2
 90
2
 40
0.6
 62
7
290
0
291
1
  0
VISUALSTYLE
  5
65
102
{ACAD_REACTORS
330
16
102
}
330
16
100
AcDbVisualStyle
  2
GouraudWithEdges
 70
3
 90
2
 40
0.6
 62
7
290
0
291
1
  0
VISUALSTYLE
  5
66
102
{ACAD_REACTORS
330
16
102
}
330
16
100
AcDbVisualStyle
  2
Hidden
 70
6
 90
1
 40
0.6
 62
7
290
0
291
0
  0
VISUALSTYLE
  5
67
102
{ACAD_REACTORS
330
16
102
}
330
16
100
AcDbVisualStyle
  2
JitterOff
 70
20
 90
2
 40
0.6
 62
7
290
0
291
1
  0
VISUALSTYLE
  5
68
102
{ACAD_REACTORS
330
16
102
}
330
16
100
AcDbVisualStyle
  2
Linepattern
 70
14
 90
2
 40
0.6
 62
7
290
0
291
1
  0
VISUALSTYLE
  5
69
102
{ACAD_REACTORS
330
16
102
}
330
16
100
AcDbVisualStyle
  2
Modeling
 70
10
 90
2
 40
0.6
 62
7
290
0
291
0
  0
VISUALSTYLE
  5
6A
102
{ACAD_REACTORS
330
16
102
}
330
16
100
AcDbVisualStyle
  2
OverhangOff
 70
21
 90
2
 40
0.6
 62
7
290
0
291
1
  0
VISUALSTYLE
  5
6B
102
{ACAD_REACTORS
330
16
102
}
330
16
100
AcDbVisualStyle
  2
Realistic
 70
8
 90
2
 40
0.6
 62
7
290
0
291
0
  0
VISUALSTYLE
  5
6C
102
{ACAD_REACTORS
330
16
102
}
330
16
100
AcDbVisualStyle
  2
Shaded
 70
27
 90
2
 40
0.6
 62
7
290
0
291
0
  0
VISUALSTYLE
  5
6D
102
{ACAD_REACTORS
330
16
102
}
330
16
100
AcDbVisualStyle
  2
Shaded with edges
 70
26
 90
2
 40
0.6
 62
7
290
0
291
0
  0
VISUALSTYLE
  5
6E
102
{ACAD_REACTORS
330
16
102
}
330
16
100
AcDbVisualStyle
  2
Shades of Gray
 70
23
 90
2
 40
0.6
 62
7
290
0
291
0
  0
VISUALSTYLE
  5
6F
102
{ACAD_REACTORS
330
16
102
}
330
16
100
AcDbVisualStyle
  2
Sketchy
 70
24
 90
1
 40
0.6
 62
7
290
0
291
0
  0
VISUALSTYLE
  5
70
102
{ACAD_REACTORS
330
16
102
}
330
16
100
AcDbVisualStyle
  2
Thicken
 70
13
 90
2
 40
0.6
 62
7
290
0
291
1
  0
VISUALSTYLE
  5
71
102
{ACAD_REACTORS
330
16
102
}
330
16
100
AcDbVisualStyle
  2
Wireframe
 70
5
 90
0
 40
0.6
 62
7
290
0
291
0
  0
VISUALSTYLE
  5
72
102
{ACAD_REACTORS
330
16
102
}
330
16
100
AcDbVisualStyle
  2
X-Ray
 70
25
 90
2
 40
0.5
 62
7
290
0
291
0
  0
DICTIONARYVAR
  5
5CF
330
2D
100
DictionaryVariables
280
0
  1
1.4.2 @ 2026-09-16T21:32:03.888948+00:00
  0
ENDSEC
  0
EOF
