  0
SECTION
  2
HEADER
  9
$ACADVER
  1
AC1024
  9
$ACADMAINTVER
 70
6
  9
$DWGCODEPAGE
  3
ANSI_1252
  9
$LASTSAVEDBY
  1
ezdxf
  9
$INSBASE
 10
0.0
 20
0.0
 30
0.0
  9
$EXTMIN
 10
1e+20
 20
1e+20
 30
1e+20
  9
$EXTMAX
 10
-1e+20
 20
-1e+20
 30
-1e+20
  9
$LIMMIN
 10
0.0
 20
0.0
  9
$LIMMAX
 10
420.0
 20
297.0
  9
$ORTHOMODE
 70
0
  9
$REGENMODE
 70
1
  9
$FILLMODE
 70
1
  9
$QTEXTMODE
 70
0
  9
$MIRRTEXT
 70
1
  9
$LTSCALE
 40
0.00984251968503937
  9
$ATTMODE
 70
1
  9
$TEXTSIZE
 40
2.5
  9
$TRACEWID
 40
1.0
  9
$TEXTSTYLE
  7
OpenSans
  9
$CLAYER
  8
0
  9
$CELTYPE
  6
ByLayer
  9
$CECOLOR
 62
256
  9
$CELTSCALE
 40
1.0
  9
$DISPSILH
 70
0
  9
$DIMSCALE
 40
1.0
  9
$DIMASZ
 40
0.175
  9
$DIMEXO
 40
0.125
  9
$DIMDLI
 40
3.75
  9
$DIMRND
 40
0.0
  9
$DIMDLE
 40
0.0
  9
$DIMEXE
 40
0.375
  9
$DIMTP
 40
0.0
  9
$DIMTM
 40
0.0
  9
$DIMTXT
 40
0.25
  9
$DIMCEN
 40
2.5
  9
$DIMTSZ
 40
0.0
  9
$DIMTOL
 70
0
  9
$DIMLIM
 70
0
  9
$DIMTIH
 70
0
  9
$DIMTOH
 70
0
  9
$DIMSE1
 70
0
  9
$DIMSE2
 70
0
  9
$DIMTAD
 70
1
  9
$DIMZIN
 70
12
  9
$DIMBLK
  1
ARCHTICK
  9
$DIMASO
 70
1
  9
$DIMSHO
 70
1
  9
$DIMPOST
  1

  9
$DIMAPOST
  1

  9
$DIMALT
 70
0
  9
$DIMALTD
 70
3
  9
$DIMALTF
 40
0.03937007874
  9
$DIMLFAC
 40
100.0
  9
$DIMTOFL
 70
1
  9
$DIMTVP
 40
0.0
  9
$DIMTIX
 70
0
  9
$DIMSOXD
 70
0
  9
$DIMSAH
 70
0
  9
$DIMBLK1
  1

  9
$DIMBLK2
  1

  9
$DIMSTYLE
  2
EZDXF
  9
$DIMCLRD
 70
0
  9
$DIMCLRE
 70
0
  9
$DIMCLRT
 70
0
  9
$DIMTFAC
 40
0.5
  9
$DIMGAP
 40
0.1
  9
$DIMJUST
 70
0
  9
$DIMSD1
 70
0
  9
$DIMSD2
 70
0
  9
$DIMTOLJ
 70
0
  9
$DIMTZIN
 70
8
  9
$DIMALTZ
 70
0
  9
$DIMALTTZ
 70
0
  9
$DIMUPT
 70
1
  9
$DIMDEC
 70
2
  9
$DIMTDEC
 70
2
  9
$DIMALTU
 70
2
  9
$DIMALTTD
 70
3
  9
$DIMTXSTY
  7
OpenSansCondensed-Light
  9
$DIMAUNIT
 70
0
  9
$DIMADEC
 70
2
  9
$DIMALTRND
 40
0.0
  9
$DIMAZIN
 70
3
  9
$DIMDSEP
 70
46
  9
$DIMATFIT
 70
3
  9
$DIMFRAC
 70
0
  9
$DIMLDRBLK
  1

  9
$DIMLUNIT
 70
2
  9
$DIMLWD
 70
-2
  9
$DIMLWE
 70
-2
  9
$DIMTMOVE
 70
2
  9
$DIMFXL
 40
1.0
  9
$DIMFXLON
 70
0
  9
$DIMJOGANG
 40
0.785398163397
  9
$DIMTFILL
 70
0
  9
$DIMTFILLCLR
 70
0
  9
$DIMARCSYM
 70
0
  9
$DIMLTYPE
  6

  9
$DIMLTEX1
  6

  9
$DIMLTEX2
  6

  9
$DIMTXTDIRECTION
 70
0
  9
$LUNITS
 70
4
  9
$LUPREC
 70
4
  9
$SKETCHINC
 40
1.0
  9
$FILLETRAD
 40
10.0
  9
$AUNITS
 70
0
  9
$AUPREC
 70
3
  9
$MENU
  1
.
  9
$ELEVATION
 40
0.0
  9
$PELEVATION
 40
0.0
  9
$THICKNESS
 40
0.0
  9
$LIMCHECK
 70
0
  9
$CHAMFERA
 40
0.0
  9
$CHAMFERB
 40
0.0
  9
$CHAMFERC
 40
0.0
  9
$CHAMFERD
 40
0.0
  9
$SKPOLY
 70
0
  9
$TDCREATE
 40
2461322.850810185
  9
$TDUCREATE
 40
2458532.153996898
  9
$TDUPDATE
 40
2461322.850810185
  9
$TDUUPDATE
 40
2458532.1544311
  9
$TDINDWG
 40
0.0
  9
$TDUSRTIMER
 40
0.0
  9
$USRTIMER
 70
1
  9
$ANGBASE
 50
0.0
  9
$ANGDIR
 70
0
  9
$PDMODE
 70
0
  9
$PDSIZE
 40
0.0
  9
$PLINEWID
 40
0.0
  9
$SPLFRAME
 70
0
  9
$SPLINETYPE
 70
6
  9
$SPLINESEGS
 70
8
  9
$HANDSEED
  5
30E
  9
$SURFTAB1
 70
6
  9
$SURFTAB2
 70
6
  9
$SURFTYPE
 70
6
  9
$SURFU
 70
6
  9
$SURFV
 70
6
  9
$UCSBASE
  2

  9
$UCSNAME
  2

  9
$UCSORG
 10
0.0
 20
0.0
 30
0.0
  9
$UCSXDIR
 10
1.0
 20
0.0
 30
0.0
  9
$UCSYDIR
 10
0.0
 20
1.0
 30
0.0
  9
$UCSORTHOREF
  2

  9
$UCSORTHOVIEW
 70
0
  9
$UCSORGTOP
 10
0.0
 20
0.0
 30
0.0
  9
$UCSORGBOTTOM
 10
0.0
 20
0.0
 30
0.0
  9
$UCSORGLEFT
 10
0.0
 20
0.0
 30
0.0
  9
$UCSORGRIGHT
 10
0.0
 20
0.0
 30
0.0
  9
$UCSORGFRONT
 10
0.0
 20
0.0
 30
0.0
  9
$UCSORGBACK
 10
0.0
 20
0.0
 30
0.0
  9
$PUCSBASE
  2

  9
$PUCSNAME
  2

  9
$PUCSORG
 10
0.0
 20
0.0
 30
0.0
  9
$PUCSXDIR
 10
1.0
 20
0.0
 30
0.0
  9
$PUCSYDIR
 10
0.0
 20
1.0
 30
0.0
  9
$PUCSORTHOREF
  2

  9
$PUCSORTHOVIEW
 70
0
  9
$PUCSORGTOP
 10
0.0
 20
0.0
 30
0.0
  9
$PUCSORGBOTTOM
 10
0.0
 20
0.0
 30
0.0
  9
$PUCSORGLEFT
 10
0.0
 20
0.0
 30
0.0
  9
$PUCSORGRIGHT
 10
0.0
 20
0.0
 30
0.0
  9
$PUCSORGFRONT
 10
0.0
 20
0.0
 30
0.0
  9
$PUCSORGBACK
 10
0.0
 20
0.0
 30
0.0
  9
$USERI1
 70
0
  9
$USERI2
 70
0
  9
$USERI3
 70
0
  9
$USERI4
 70
0
  9
$USERI5
 70
0
  9
$USERR1
 40
0.0
  9
$USERR2
 40
0.0
  9
$USERR3
 40
0.0
  9
$USERR4
 40
0.0
  9
$USERR5
 40
0.0
  9
$WORLDVIEW
 70
1
  9
$SHADEDGE
 70
3
  9
$SHADEDIF
 70
70
  9
$TILEMODE
 70
1
  9
$MAXACTVP
 70
64
  9
$PINSBASE
 10
0.0
 20
0.0
 30
0.0
  9
$PLIMCHECK
 70
0
  9
$PEXTMIN
 10
1e+20
 20
1e+20
 30
1e+20
  9
$PEXTMAX
 10
-1e+20
 20
-1e+20
 30
-1e+20
  9
$PLIMMIN
 10
0.0
 20
0.0
  9
$PLIMMAX
 10
420.0
 20
297.0
  9
$UNITMODE
 70
0
  9
$VISRETAIN
 70
1
  9
$PLINEGEN
 70
0
  9
$PSLTSCALE
 70
1
  9
$TREEDEPTH
 70
3020
  9
$CMLSTYLE
  2
Standard
  9
$CMLJUST
 70
0
  9
$CMLSCALE
 40
20.0
  9
$PROXYGRAPHICS
 70
1
  9
$MEASUREMENT
 70
0
  9
$CELWEIGHT
370
-1
  9
$ENDCAPS
280
0
  9
$JOINSTYLE
280
0
  9
$LWDISPLAY
290
0
  9
$INSUNITS
 70
1
  9
$HYPERLINKBASE
  1

  9
$STYLESHEET
  1

  9
$XEDIT
290
1
  9
$CEPSNTYPE
380
0
  9
$PSTYLEMODE
290
1
  9
$FINGERPRINTGUID
  2
{E3BB8111-25D2-4F4D-B14D-52B7DBB18AC7}
  9
$VERSIONGUID
  2
{6785883D-7A5B-47E5-9DB8-21621DA5DAC2}
  9
$EXTNAMES
290
1
  9
$PSVPSCALE
 40
0.0
  9
$OLESTARTUP
290
0
  9
$SORTENTS
280
127
  9
$INDEXCTL
280
0
  9
$HIDETEXT
280
1
  9
$XCLIPFRAME
280
1
  9
$HALOGAP
280
0
  9
$OBSCOLOR
 70
257
  9
$OBSLTYPE
280
0
  9
$INTERSECTIONDISPLAY
280
0
  9
$INTERSECTIONCOLOR
 70
257
  9
$DIMASSOC
280
2
  9
$PROJECTNAME
  1

  9
$CAMERADISPLAY
290
0
  9
$LENSLENGTH
 40
50.0
  9
$CAMERAHEIGHT
 40
0.0
  9
$STEPSPERSEC
 40
24.0
  9
$STEPSIZE
 40
100.0
  9
$3DDWFPREC
 40
2.0
  9
$PSOLWIDTH
 40
0.005
  9
$PSOLHEIGHT
 40
0.08
  9
$LOFTANG1
 40
1.570796326795
  9
$LOFTANG2
 40
1.570796326795
  9
$LOFTMAG1
 40
0.0
  9
$LOFTMAG2
 40
0.0
  9
$LOFTPARAM
 70
7
  9
$LOFTNORMALS
280
1
  9
$LATITUDE
 40
37.795
  9
$LONGITUDE
 40
-122.394
  9
$NORTHDIRECTION
 40
0.0
  9
$TIMEZONE
 70
-8000
  9
$LIGHTGLYPHDISPLAY
280
1
  9
$TILEMODELIGHTSYNCH
280
1
  9
$CMATERIAL
347
20
  9
$SOLIDHIST
280
0
  9
$SHOWHIST
280
1
  9
$DWFFRAME
280
2
  9
$DGNFRAME
280
2
  9
$REALWORLDSCALE
290
1
  9
$INTERFERECOLOR
 62
256
  9
$CSHADOW
280
0
  9
$SHADOWPLANELOCATION
 40
0.0
  0
ENDSEC
  0
SECTION
  2
CLASSES
  0
CLASS
  1
ACDBDICTIONARYWDFLT
  2
AcDbDictionaryWithDefault
  3
ObjectDBX Classes
 90
0
 91
0
280
0
281
0
  0
CLASS
  1
SUN
  2
AcDbSun
  3
SCENEOE
 90
1153
 91
0
280
0
281
0
  0
CLASS
  1
VISUALSTYLE
  2
AcDbVisualStyle
  3
ObjectDBX Classes
 90
4095
 91
0
280
0
281
0
  0
CLASS
  1
MATERIAL
  2
AcDbMaterial
  3
ObjectDBX Classes
 90
1153
 91
0
280
0
281
0
  0
CLASS
  1
SCALE
  2
AcDbScale
  3
ObjectDBX Classes
 90
1153
 91
0
280
0
281
0
  0
CLASS
  1
TABLESTYLE
  2
AcDbTableStyle
  3
ObjectDBX Classes
 90
4095
 91
0
280
0
281
0
  0
CLASS
  1
MLEADERSTYLE
  2
AcDbMLeaderStyle
  3
ACDB_MLEADERSTYLE_CLASS
 90
4095
 91
0
280
0
281
0
  0
CLASS
  1
DICTIONARYVAR
  2
AcDbDictionaryVar
  3
ObjectDBX Classes
 90
0
 91
0
280
0
281
0
  0
CLASS
  1
CELLSTYLEMAP
  2
AcDbCellStyleMap
  3
ObjectDBX Classes
 90
1152
 91
0
280
0
281
0
  0
CLASS
  1
MENTALRAYRENDERSETTINGS
  2
AcDbMentalRayRenderSettings
  3
SCENEOE
 90
1024
 91
0
280
0
281
0
  0
CLASS
  1
ACDBDETAILVIEWSTYLE
  2
AcDbDetailViewStyle
  3
ObjectDBX Classes
 90
1025
 91
0
280
0
281
0
  0
CLASS
  1
ACDBSECTIONVIEWSTYLE
  2
AcDbSectionViewStyle
  3
ObjectDBX Classes
 90
1025
 91
0
280
0
281
0
  0
CLASS
  1
RASTERVARIABLES
  2
AcDbRasterVariables
  3
ISM
 90
0
 91
0
280
0
281
0
  0
CLASS
  1
ACDBPLACEHOLDER
  2
AcDbPlaceHolder
  3
ObjectDBX Classes
 90
0
 91
0
280
0
281
0
  0
CLASS
  1
LAYOUT
  2
AcDbLayout
  3
ObjectDBX Classes
 90
0
 91
0
280
0
281
0
  0
ENDSEC
  0
SECTION
  2
TABLES
  0
TABLE
  2
VPORT
  5
8
330
0
100
AcDbSymbolTable
 70
1
  0
VPORT
  5
23
330
8
100
AcDbSymbolTableRecord
100
AcDbViewportTableRecord
  2
*Active
 70
0
 10
0.0
 20
0.0
 11
1.0
 21
1.0
 12
0.0
 22
0.0
 13
0.0
 23
0.0
 14
0.5
 24
0.5
 15
0.5
 25
0.5
 16
0.0
 26
0.0
 36
1.0
 17
0.0
 27
0.0
 37
0.0
 40
1000.0
 41
1.34
 42
50.0
 43
0.0
 44
0.0
 50
0.0
 51
0.0
 71
0
 72
1000
 73
1
 74
3
 75
0
 76
0
 77
0
 78
0
281
0
 65
0
146
0.0
  0
ENDTAB
  0
TABLE
  2
LTYPE
  5
2
330
0
100
AcDbSymbolTable
 70
21
  0
LTYPE
  5
24
330
2
100
AcDbSymbolTableRecord
100
AcDbLinetypeTableRecord
  2
ByBlock
 70
0
  3

 72
65
 73
0
 40
0.0
  0
LTYPE
  5
25
330
2
100
AcDbSymbolTableRecord
100
AcDbLinetypeTableRecord
  2
ByLayer
 70
0
  3

 72
65
 73
0
 40
0.0
  0
LTYPE
  5
26
330
2
100
AcDbSymbolTableRecord
100
AcDbLinetypeTableRecord
  2
Continuous
 70
0
  3

 72
65
 73
0
 40
0.0
  0
LTYPE
  5
2F
330
2
100
AcDbSymbolTableRecord
100
AcDbLinetypeTableRecord
  2
CENTER
 70
0
  3
Center ____ _ ____ _ ____ _ ____ _ ____ _ ____
 72
65
 73
4
 40
2.0
 49
1.25
 74
0
 49
-0.25
 74
0
 49
0.25
 74
0
 49
-0.25
 74
0
  0
LTYPE
  5
30
330
2
100
AcDbSymbolTableRecord
100
AcDbLinetypeTableRecord
  2
CENTERX2
 70
0
  3
Center (2x) ________  __  ________  __  ________
 72
65
 73
4
 40
3.5
 49
2.5
 74
0
 49
-0.25
 74
0
 49
0.5
 74
0
 49
-0.25
 74
0
  0
LTYPE
  5
31
330
2
100
AcDbSymbolTableRecord
100
AcDbLinetypeTableRecord
  2
CENTER2
 70
0
  3
Center (.5x) ____ _ ____ _ ____ _ ____ _ ____
 72
65
 73
4
 40
1.0
 49
0.625
 74
0
 49
-0.125
 74
0
 49
0.125
 74
0
 49
-0.125
 74
0
  0
LTYPE
  5
32
330
2
100
AcDbSymbolTableRecord
100
AcDbLinetypeTableRecord
  2
DASHED
 70
0
  3
Dashed __ __ __ __ __ __ __ __ __ __ __ __ __ _
 72
65
 73
2
 40
0.6
 49
0.5
 74
0
 49
-0.1
 74
0
  0
LTYPE
  5
33
330
2
100
AcDbSymbolTableRecord
100
AcDbLinetypeTableRecord
  2
DASHEDX2
 70
0
  3
Dashed (2x) ____  ____  ____  ____  ____  ____
 72
65
 73
2
 40
1.2
 49
1.0
 74
0
 49
-0.2
 74
0
  0
LTYPE
  5
34
330
2
100
AcDbSymbolTableRecord
100
AcDbLinetypeTableRecord
  2
DASHED2
 70
0
  3
Dashed (.5x) _ _ _ _ _ _ _ _ _ _ _ _ _ _
 72
65
 73
2
 40
0.3
 49
0.25
 74
0
 49
-0.05
 74
0
  0
LTYPE
  5
35
330
2
100
AcDbSymbolTableRecord
100
AcDbLinetypeTableRecord
  2
PHANTOM
 70
0
  3
Phantom ______  __  __  ______  __  __  ______
 72
65
 73
6
 40
2.5
 49
1.25
 74
0
 49
-0.25
 74
0
 49
0.25
 74
0
 49
-0.25
 74
0
 49
0.25
 74
0
 49
-0.25
 74
0
  0
LTYPE
  5
36
330
2
100
AcDbSymbolTableRecord
100
AcDbLinetypeTableRecord
  2
PHANTOMX2
 70
0
  3
Phantom (2x)____________    ____    ____    ____________
 72
65
 73
6
 40
4.25
 49
2.5
 74
0
 49
-0.25
 74
0
 49
0.5
 74
0
 49
-0.25
 74
0
 49
0.5
 74
0
 49
-0.25
 74
0
  0
LTYPE
  5
37
330
2
100
AcDbSymbolTableRecord
100
AcDbLinetypeTableRecord
  2
PHANTOM2
 70
0
  3
Phantom (.5x) ___ _ _ ___ _ _ ___ _ _ ___ _ _ ___
 72
65
 73
6
 40
1.25
 49
0.625
 74
0
 49
-0.125
 74
0
 49
0.125
 74
0
 49
-0.125
 74
0
 49
0.125
 74
0
 49
-0.125
 74
0
  0
LTYPE
  5
38
330
2
100
AcDbSymbolTableRecord
100
AcDbLinetypeTableRecord
  2
DASHDOT
 70
0
  3
Dash dot __ . __ . __ . __ . __ . __ . __ . __
 72
65
 73
4
 40
1.4
 49
1.0
 74
0
 49
-0.2
 74
0
 49
0.0
 74
0
 49
-0.2
 74
0
  0
LTYPE
  5
39
330
2
100
AcDbSymbolTableRecord
100
AcDbLinetypeTableRecord
  2
DASHDOTX2
 70
0
  3
Dash dot (2x) ____  .  ____  .  ____  .  ____
 72
65
 73
4
 40
2.4
 49
2.0
 74
0
 49
-0.2
 74
0
 49
0.0
 74
0
 49
-0.2
 74
0
  0
LTYPE
  5
3A
330
2
100
AcDbSymbolTableRecord
100
AcDbLinetypeTableRecord
  2
DASHDOT2
 70
0
  3
Dash dot (.5x) _ . _ . _ . _ . _ . _ . _ . _
 72
65
 73
4
 40
0.7
 49
0.5
 74
0
 49
-0.1
 74
0
 49
0.0
 74
0
 49
-0.1
 74
0
  0
LTYPE
  5
3B
330
2
100
AcDbSymbolTableRecord
100
AcDbLinetypeTableRecord
  2
DOT
 70
0
  3
Dot .  .  .  .  .  .  .  .  .  .  .  .  .  .  .  .
 72
65
 73
2
 40
0.2
 49
0.0
 74
0
 49
-0.2
 74
0
  0
LTYPE
  5
3C
330
2
100
AcDbSymbolTableRecord
100
AcDbLinetypeTableRecord
  2
DOTX2
 70
0
  3
Dot (2x) .    .    .    .    .    .    .    . 
 72
65
 73
2
 40
0.4
 49
0.0
 74
0
 49
-0.4
 74
0
  0
LTYPE
  5
3D
330
2
100
AcDbSymbolTableRecord
100
AcDbLinetypeTableRecord
  2
DOT2
 70
0
  3
Dot (.5) . . . . . . . . . . . . . . . . . . . 
 72
65
 73
2
 40
0.1
 49
0.0
 74
0
 49
-0.1
 74
0
  0
LTYPE
  5
3E
330
2
100
AcDbSymbolTableRecord
100
AcDbLinetypeTableRecord
  2
DIVIDE
 70
0
  3
Divide __ . . __ . . __ . . __ . . __ . . __
 72
65
 73
6
 40
1.6
 49
1.0
 74
0
 49
-0.2
 74
0
 49
0.0
 74
0
 49
-0.2
 74
0
 49
0.0
 74
0
 49
-0.2
 74
0
  0
LTYPE
  5
3F
330
2
100
AcDbSymbolTableRecord
100
AcDbLinetypeTableRecord
  2
DIVIDEX2
 70
0
  3
Divide (2x) ____  . .  ____  . .  ____  . .  ____
 72
65
 73
6
 40
2.6
 49
2.0
 74
0
 49
-0.2
 74
0
 49
0.0
 74
0
 49
-0.2
 74
0
 49
0.0
 74
0
 49
-0.2
 74
0
  0
LTYPE
  5
40
330
2
100
AcDbSymbolTableRecord
100
AcDbLinetypeTableRecord
  2
DIVIDE2
 70
0
  3
Divide(.5x) _ . _ . _ . _ . _ . _ . _ . _
 72
65
 73
6
 40
0.8
 49
0.5
 74
0
 49
-0.1
 74
0
 49
0.0
 74
0
 49
-0.1
 74
0
 49
0.0
 74
0
 49
-0.1
 74
0
  0
ENDTAB
  0
TABLE
  2
LAYER
  5
1
330
0
100
AcDbSymbolTable
 70
6
  0
LAYER
  5
27
330
1
100
AcDbSymbolTableRecord
100
AcDbLayerTableRecord
  2
0
 70
0
 62
7
  6
Continuous
370
-3
390
13
347
21
  0
LAYER
  5
28
330
1
100
AcDbSymbolTableRecord
100
AcDbLayerTableRecord
  2
Defpoints
 70
0
 62
7
  6
Continuous
290
0
370
-3
390
13
347
21
  0
LAYER
  5
8A
330
1
100
AcDbSymbolTableRecord
100
AcDbLayerTableRecord
  2
GEOMETRY
 70
0
 62
7
  6
Continuous
370
-3
390
13
347
21
  0
LAYER
  5
8B
330
1
100
AcDbSymbolTableRecord
100
AcDbLayerTableRecord
  2
DIMENSIONS
 70
0
 62
1
  6
Continuous
370
-3
390
13
347
21
  0
LAYER
  5
8C
330
1
100
AcDbSymbolTableRecord
100
AcDbLayerTableRecord
  2
TEXT
 70
0
 62
7
  6
Continuous
370
-3
390
13
347
21
  0
LAYER
  5
8D
330
1
100
AcDbSymbolTableRecord
100
AcDbLayerTableRecord
  2
HATCH
 70
0
 62
8
  6
Continuous
370
-3
390
13
347
21
  0
ENDTAB
  0
TABLE
  2
STYLE
  5
5
330
0
100
AcDbSymbolTable
 70
26
  0
STYLE
  5
29
330
5
100
AcDbSymbolTableRecord
100
AcDbTextStyleTableRecord
  2
Standard
 70
0
 40
0.0
 41
1.0
 50
0.0
 71
0
 42
2.5
  3
txt
  4

  0
STYLE
  5
41
330
5
100
AcDbSymbolTableRecord
100
AcDbTextStyleTableRecord
  2
OpenSans-Light
 70
0
 40
0.0
 41
1.0
 50
0.0
 71
0
 42
2.5
  3
OpenSans-Light.ttf
  4

  0
STYLE
  5
42
330
5
100
AcDbSymbolTableRecord
100
AcDbTextStyleTableRecord
  2
OpenSans-Light-Italic
 70
0
 40
0.0
 41
1.0
 50
0.0
 71
0
 42
2.5
  3
OpenSans-LightItalic.ttf
  4

  0
STYLE
  5
43
330
5
100
AcDbSymbolTableRecord
100
AcDbTextStyleTableRecord
  2
OpenSans
 70
0
 40
0.0
 41
1.0
 50
0.0
 71
0
 42
2.5
  3
OpenSans-Regular.ttf
  4

  0
STYLE
  5
44
330
5
100
AcDbSymbolTableRecord
100
AcDbTextStyleTableRecord
  2
OpenSans-Italic
 70
0
 40
0.0
 41
1.0
 50
0.0
 71
0
 42
2.5
  3
OpenSans-Italic.ttf
  4

  0
STYLE
  5
45
330
5
100
AcDbSymbolTableRecord
100
AcDbTextStyleTableRecord
  2
OpenSans-SemiBold
 70
0
 40
0.0
 41
1.0
 50
0.0
 71
0
 42
2.5
  3
OpenSans-SemiBold.ttf
  4

  0
STYLE
  5
46
330
5
100
AcDbSymbolTableRecord
100
AcDbTextStyleTableRecord
  2
OpenSans-SemiBoldItalic
 70
0
 40
0.0
 41
1.0
 50
0.0
 71
0
 42
2.5
  3
OpenSans-SemiBoldItalic.ttf
  4

  0
STYLE
  5
47
330
5
100
AcDbSymbolTableRecord
100
AcDbTextStyleTableRecord
  2
OpenSans-Bold
 70
0
 40
0.0
 41
1.0
 50
0.0
 71
0
 42
2.5
  3
OpenSans-Bold.ttf
  4

  0
STYLE
  5
48
330
5
100
AcDbSymbolTableRecord
100
AcDbTextStyleTableRecord
  2
OpenSans-BoldItalic
 70
0
 40
0.0
 41
1.0
 50
0.0
 71
0
 42
2.5
  3
OpenSans-BoldItalic.ttf
  4

  0
STYLE
  5
49
330
5
100
AcDbSymbolTableRecord
100
AcDbTextStyleTableRecord
  2
OpenSans-ExtraBold
 70
0
 40
0.0
 41
1.0
 50
0.0
 71
0
 42
2.5
  3
OpenSans-ExtraBold.ttf
  4

  0
STYLE
  5
4A
330
5
100
AcDbSymbolTableRecord
100
AcDbTextStyleTableRecord
  2
OpenSans-ExtraBoldItalic
 70
0
 40
0.0
 41
1.0
 50
0.0
 71
0
 42
2.5
  3
OpenSans-ExtraBoldItalic.ttf
  4

  0
STYLE
  5
4B
330
5
100
AcDbSymbolTableRecord
100
AcDbTextStyleTableRecord
  2
OpenSansCondensed-Bold
 70
0
 40
0.0
 41
1.0
 50
0.0
 71
0
 42
2.5
  3
OpenSansCondensed-Bold.ttf
  4

  0
STYLE
  5
4C
330
5
100
AcDbSymbolTableRecord
100
AcDbTextStyleTableRecord
  2
OpenSansCondensed-Light
 70
0
 40
0.0
 41
1.0
 50
0.0
 71
0
 42
2.5
  3
OpenSansCondensed-Light.ttf
  4

  0
STYLE
  5
4D
330
5
100
AcDbSymbolTableRecord
100
AcDbTextStyleTableRecord
  2
OpenSansCondensed-Italic
 70
0
 40
0.0
 41
1.0
 50
0.0
 71
0
 42
2.5
  3
OpenSansCondensed-LightItalic.ttf
  4

  0
STYLE
  5
4E
330
5
100
AcDbSymbolTableRecord
100
AcDbTextStyleTableRecord
  2
LiberationSans
 70
0
 40
0.0
 41
1.0
 50
0.0
 71
0
 42
2.5
  3
LiberationSans-Regular.ttf
  4

  0
STYLE
  5
4F
330
5
100
AcDbSymbolTableRecord
100
AcDbTextStyleTableRecord
  2
LiberationSans-Bold
 70
0
 40
0.0
 41
1.0
 50
0.0
 71
0
 42
2.5
  3
LiberationSans-Bold.ttf
  4

  0
STYLE
  5
50
330
5
100
AcDbSymbolTableRecord
100
AcDbTextStyleTableRecord
  2
LiberationSans-BoldItalic
 70
0
 40
0.0
 41
1.0
 50
0.0
 71
0
 42
2.5
  3
LiberationSans-BoldItalic.ttf
  4

  0
STYLE
  5
51
330
5
100
AcDbSymbolTableRecord
100
AcDbTextStyleTableRecord
  2
LiberationSans-Italic
 70
0
 40
0.0
 41
1.0
 50
0.0
 71
0
 42
2.5
  3
LiberationSans-Italic.ttf
  4

  0
STYLE
  5
52
330
5
100
AcDbSymbolTableRecord
100
AcDbTextStyleTableRecord
  2
LiberationSerif
 70
0
 40
0.0
 41
1.0
 50
0.0
 71
0
 42
2.5
  3
LiberationSerif-Regular.ttf
  4

  0
STYLE
  5
53
330
5
100
AcDbSymbolTableRecord
100
AcDbTextStyleTableRecord
  2
LiberationSerif-Bold
 70
0
 40
0.0
 41
1.0
 50
0.0
 71
0
 42
2.5
  3
LiberationSerif-Bold.ttf
  4

  0
STYLE
  5
54
330
5
100
AcDbSymbolTableRecord
100
AcDbTextStyleTableRecord
  2
LiberationSerif-BoldItalic
 70
0
 40
0.0
 41
1.0
 50
0.0
 71
0
 42
2.5
  3
LiberationSerif-BoldItalic.ttf
  4

  0
STYLE
  5
55
330
5
100
AcDbSymbolTableRecord
100
AcDbTextStyleTableRecord
  2
LiberationSerif-Italic
 70
0
 40
0.0
 41
1.0
 50
0.0
 71
0
 42
2.5
  3
LiberationSerif-Italic.ttf
  4

  0
STYLE
  5
56
330
5
100
AcDbSymbolTableRecord
100
AcDbTextStyleTableRecord
  2
LiberationMono
 70
0
 40
0.0
 41
1.0
 50
0.0
 71
0
 42
2.5
  3
LiberationMono-Regular.ttf
  4

  0
STYLE
  5
57
330
5
100
AcDbSymbolTableRecord
100
AcDbTextStyleTableRecord
  2
LiberationMono-Bold
 70
0
 40
0.0
 41
1.0
 50
0.0
 71
0
 42
2.5
  3
LiberationMono-Bold.ttf
  4

  0
STYLE
  5
58
330
5
100
AcDbSymbolTableRecord
100
AcDbTextStyleTableRecord
  2
LiberationMono-BoldItalic
 70
0
 40
0.0
 41
1.0
 50
0.0
 71
0
 42
2.5
  3
LiberationMono-BoldItalic.ttf
  4

  0
STYLE
  5
59
330
5
100
AcDbSymbolTableRecord
100
AcDbTextStyleTableRecord
  2
LiberationMono-Italic
 70
0
 40
0.0
 41
1.0
 50
0.0
 71
0
 42
2.5
  3
LiberationMono-Italic.ttf
  4

  0
ENDTAB
  0
TABLE
  2
VIEW
  5
7
330
0
100
AcDbSymbolTable
 70
0
  0
ENDTAB
  0
TABLE
  2
UCS
  5
6
330
0
100
AcDbSymbolTable
 70
0
  0
ENDTAB
  0
TABLE
  2
APPID
  5
3
330
0
100
AcDbSymbolTable
 70
3
  0
APPID
  5
2A
330
3
100
AcDbSymbolTableRecord
100
AcDbRegAppTableRecord
  2
ACAD
 70
0
  0
APPID
  5
30B
330
3
100
AcDbSymbolTableRecord
100
AcDbRegAppTableRecord
  2
HATCHBACKGROUNDCOLOR
 70
0
  0
APPID
  5
30C
330
3
100
AcDbSymbolTableRecord
100
AcDbRegAppTableRecord
  2
EZDXF
 70
0
  0
ENDTAB
  0
TABLE
  2
DIMSTYLE
  5
4
330
0
100
AcDbSymbolTable
 70
12
100
AcDbDimStyleTable
  0
DIMSTYLE
105
2B
330
4
100
AcDbSymbolTableRecord
100
AcDbDimStyleTableRecord
  2
Standard
 70
0
 40
1.0
 41
2.5
 42
0.625
 43
3.75
 44
1.25
 45
0.0
 46
0.0
 47
0.0
 48
0.0
 49
2.5
140
2.5
141
2.5
142
0.0
143
0.03937007874
144
1.0
145
0.0
146
1.0
147
0.625
148
0.0
 69
0
 70
0
 71
0
 72
0
 73
0
 74
0
 75
0
 76
0
 77
1
 78
8
 79
3
170
0
171
3
172
1
173
0
174
0
175
0
176
0
177
0
178
0
179
2
271
2
272
2
273
2
274
3
275
0
276
0
277
2
278
44
279
0
280
0
281
0
282
0
283
0
284
8
285
0
286
0
288
0
289
3
290
0
371
-2
372
-2
  0
DIMSTYLE
105
73
330
4
100
AcDbSymbolTableRecord
100
AcDbDimStyleTableRecord
  2
EZDXF
 70
0
 40
1.0
 41
0.175
 42
0.125
 43
3.75
 44
0.375
 45
0.0
 46
0.0
 47
0.0
 48
0.0
 49
2.5
140
0.25
141
2.5
142
0.0
143
0.03937007874
144
100.0
145
0.0
146
0.5
147
0.1
148
0.0
 69
0
 70
0
 71
0
 72
0
 73
0
 74
0
 75
0
 76
0
 77
1
 78
12
 79
3
170
0
171
3
172
1
173
0
174
0
175
0
176
0
177
0
178
0
179
2
271
2
272
2
273
2
274
3
275
0
276
0
277
2
278
46
279
2
280
0
281
0
282
0
283
0
284
8
285
0
286
0
288
1
289
3
290
0
340
4C
342
74
371
-2
372
-2
  0
DIMSTYLE
105
7C
330
4
100
AcDbSymbolTableRecord
100
AcDbDimStyleTableRecord
  2
EZ_M_100_H25_CM
 70
0
 40
1.0
 41
0.25
 42
0.125
 43
3.75
 44
0.375
 45
0.0
 46
0.0
 47
0.0
 48
0.0
 49
2.5
140
0.25
141
2.5
142
0.125
143
0.03937007874
144
100.0
145
0.0
146
0.5
147
0.1
148
0.0
 69
0
 70
0
 71
0
 72
0
 73
0
 74
0
 75
0
 76
0
 77
1
 78
12
 79
3
170
0
171
3
172
1
173
0
174
0
175
0
176
0
177
0
178
0
179
2
271
2
272
2
273
2
274
3
275
0
276
0
277
2
278
46
279
2
280
0
281
0
282
0
283
0
284
8
285
0
286
0
288
1
289
3
290
0
340
4C
371
-2
372
-2
  0
DIMSTYLE
105
7D
330
4
100
AcDbSymbolTableRecord
100
AcDbDimStyleTableRecord
  2
EZ_M_50_H25_CM
 70
0
 40
1.0
 41
0.125
 42
0.0625
 43
3.75
 44
0.1875
 45
0.0
 46
0.0
 47
0.0
 48
0.0
 49
2.5
140
0.125
141
2.5
142
0.0625
143
0.03937007874
144
100.0
145
0.0
146
0.5
147
0.05
148
0.0
 69
0
 70
0
 71
0
 72
0
 73
0
 74
0
 75
0
 76
0
 77
1
 78
12
 79
3
170
0
171
3
172
1
173
0
174
0
175
0
176
0
177
0
178
0
179
2
271
2
272
2
273
2
274
3
275
0
276
0
277
2
278
46
279
2
280
0
281
0
282
0
283
0
284
8
285
0
286
0
288
1
289
3
290
0
340
4C
371
-2
372
-2
  0
DIMSTYLE
105
7E
330
4
100
AcDbSymbolTableRecord
100
AcDbDimStyleTableRecord
  2
EZ_M_25_H25_CM
 70
0
 40
1.0
 41
0.0625
 42
0.03125
 43
3.75
 44
0.09375
 45
0.0
 46
0.0
 47
0.0
 48
0.0
 49
2.5
140
0.0625
141
2.5
142
0.03125
143
0.03937007874
144
100.0
145
0.0
146
0.5
147
0.025
148
0.0
 69
0
 70
0
 71
0
 72
0
 73
0
 74
0
 75
0
 76
0
 77
1
 78
12
 79
3
170
0
171
3
172
1
173
0
174
0
175
0
176
0
177
0
178
0
179
2
271
2
272
2
273
2
274
3
275
0
276
0
277
2
278
46
279
2
280
0
281
0
282
0
283
0
284
8
285
0
286
0
288
1
289
3
290
0
340
4C
371
-2
372
-2
  0
DIMSTYLE
105
7F
330
4
100
AcDbSymbolTableRecord
100
AcDbDimStyleTableRecord
  2
EZ_M_20_H25_CM
 70
0
 40
1.0
 41
0.05
 42
0.025
 43
3.75
 44
0.07500000000000001
 45
0.0
 46
0.0
 47
0.0
 48
0.0
 49
2.5
140
0.05
141
2.5
142
0.025
143
0.03937007874
144
100.0
145
0.0
146
0.5
147
0.020000000000000004
148
0.0
 69
0
 70
0
 71
0
 72
0
 73
0
 74
0
 75
0
 76
0
 77
1
 78
12
 79
3
170
0
171
3
172
1
173
0
174
0
175
0
176
0
177
0
178
0
179
2
271
2
272
2
273
2
274
3
275
0
276
0
277
2
278
46
279
2
280
0
281
0
282
0
283
0
284
8
285
0
286
0
288
1
289
3
290
0
340
4C
371
-2
372
-2
  0
DIMSTYLE
105
80
330
4
100
AcDbSymbolTableRecord
100
AcDbDimStyleTableRecord
  2
EZ_M_10_H25_CM
 70
0
 40
1.0
 41
0.025
 42
0.0125
 43
3.75
 44
0.037500000000000006
 45
0.0
 46
0.0
 47
0.0
 48
0.0
 49
2.5
140
0.025
141
2.5
142
0.0125
143
0.03937007874
144
100.0
145
0.0
146
0.5
147
0.010000000000000002
148
0.0
 69
0
 70
0
 71
0
 72
0
 73
0
 74
0
 75
0
 76
0
 77
1
 78
12
 79
3
170
0
171
3
172
1
173
0
174
0
175
0
176
0
177
0
178
0
179
2
271
2
272
2
273
2
274
3
275
0
276
0
277
2
278
46
279
2
280
0
281
0
282
0
283
0
284
8
285
0
286
0
288
1
289
3
290
0
340
4C
371
-2
372
-2
  0
DIMSTYLE
105
81
330
4
100
AcDbSymbolTableRecord
100
AcDbDimStyleTableRecord
  2
EZ_M_5_H25_CM
 70
0
 40
1.0
 41
0.0125
 42
0.00625
 43
3.75
 44
0.018750000000000003
 45
0.0
 46
0.0
 47
0.0
 48
0.0
 49
2.5
140
0.0125
141
2.5
142
0.00625
143
0.03937007874
144
100.0
145
0.0
146
0.5
147
0.005000000000000001
148
0.0
 69
0
 70
0
 71
0
 72
0
 73
0
 74
0
 75
0
 76
0
 77
1
 78
12
 79
3
170
0
171
3
172
1
173
0
174
0
175
0
176
0
177
0
178
0
179
2
271
2
272
2
273
2
274
3
275
0
276
0
277
2
278
46
279
2
280
0
281
0
282
0
283
0
284
8
285
0
286
0
288
1
289
3
290
0
340
4C
371
-2
372
-2
  0
DIMSTYLE
105
82
330
4
100
AcDbSymbolTableRecord
100
AcDbDimStyleTableRecord
  2
EZ_M_1_H25_CM
 70
0
 40
1.0
 41
0.0025
 42
0.00125
 43
3.75
 44
0.00375
 45
0.0
 46
0.0
 47
0.0
 48
0.0
 49
2.5
140
0.0025
141
2.5
142
0.00125
143
0.03937007874
144
100.0
145
0.0
146
0.5
147
0.001
148
0.0
 69
0
 70
0
 71
0
 72
0
 73
0
 74
0
 75
0
 76
0
 77
1
 78
12
 79
3
170
0
171
3
172
1
173
0
174
0
175
0
176
0
177
0
178
0
179
2
271
2
272
2
273
2
274
3
275
0
276
0
277
2
278
46
279
2
280
0
281
0
282
0
283
0
284
8
285
0
286
0
288
1
289
3
290
0
340
4C
371
-2
372
-2
  0
DIMSTYLE
105
83
330
4
100
AcDbSymbolTableRecord
100
AcDbDimStyleTableRecord
  2
EZ_RADIUS
 70
0
 40
1.0
 41
0.25
 42
0.125
 43
3.75
 44
0.375
 45
0.0
 46
0.0
 47
0.0
 48
0.0
 49
2.5
140
0.25
141
0.0
142
0.0
143
0.03937007874
144
100.0
145
0.0
146
0.5
147
0.1
148
0.0
 69
0
 70
0
 71
0
 72
0
 73
0
 74
0
 75
0
 76
0
 77
1
 78
12
 79
3
170
0
171
3
172
0
173
0
174
0
175
0
176
0
177
0
178
0
179
2
271
2
272
2
273
2
274
3
275
0
276
0
277
2
278
46
279
1
280
0
281
0
282
0
283
0
284
8
285
0
286
0
288
1
289
3
290
0
340
4C
342
84
371
-2
372
-2
  0
DIMSTYLE
105
88
330
4
100
AcDbSymbolTableRecord
100
AcDbDimStyleTableRecord
  2
EZ_RADIUS_INSIDE
 70
0
 40
1.0
 41
0.25
 42
0.125
 43
3.75
 44
0.375
 45
0.0
 46
0.0
 47
0.0
 48
0.0
 49
2.5
140
0.25
141
0.0
142
0.0
143
0.03937007874
144
100.0
145
0.0
146
0.5
147
0.1
148
0.0
 69
0
 70
0
 71
0
 72
0
 73
0
 74
0
 75
0
 76
0
 77
0
 78
12
 79
3
170
0
171
3
172
0
173
0
174
1
175
0
176
0
177
0
178
0
179
2
271
2
272
2
273
2
274
3
275
0
276
0
277
2
278
46
279
0
280
0
281
0
282
0
283
0
284
8
285
0
286
0
288
1
289
0
290
0
340
4C
342
84
371
-2
372
-2
  0
DIMSTYLE
105
89
330
4
100
AcDbSymbolTableRecord
100
AcDbDimStyleTableRecord
  2
EZ_CURVED
 70
0
 40
1.0
 41
0.25
 42
0.125
 43
3.75
 44
0.375
 45
0.0
 46
0.0
 47
0.0
 48
0.0
 49
2.5
140
0.25
141
2.5
142
0.0
143
0.03937007874
144
100.0
145
0.0
146
0.5
147
0.1
148
0.0
 69
0
 70
0
 71
0
 72
0
 73
0
 74
0
 75
0
 76
0
 77
1
 78
12
 79
2
 90
2
170
0
171
3
172
1
173
0
174
0
175
0
176
0
177
0
178
0
179
2
271
2
272
2
273
2
274
3
275
0
276
0
277
2
278
46
279
2
280
0
281
0
282
0
283
0
284
8
285
0
286
0
288
1
289
3
290
0
340
4C
371
-2
372
-2
  0
ENDTAB
  0
TABLE
  2
BLOCK_RECORD
  5
9
330
0
100
AcDbSymbolTable
 70
5
  0
BLOCK_RECORD
  5
17
330
9
100
AcDbSymbolTableRecord
100
AcDbBlockTableRecord
  2
*Model_Space
340
1A
 70
0
280
1
281
0
  0
BLOCK_RECORD
  5
1B
330
9
100
AcDbSymbolTableRecord
100
AcDbBlockTableRecord
  2
*Paper_Space
340
1E
 70
0
280
1
281
0
  0
BLOCK_RECORD
  5
74
330
9
100
AcDbSymbolTableRecord
100
AcDbBlockTableRecord
  2
_ARCHTICK
340
0
 70
0
280
1
281
0
  0
BLOCK_RECORD
  5
78
330
9
100
AcDbSymbolTableRecord
100
AcDbBlockTableRecord
  2
_CLOSEDFILLED
340
0
 70
0
280
1
281
0
  0
BLOCK_RECORD
  5
84
330
9
100
AcDbSymbolTableRecord
100
AcDbBlockTableRecord
  2
_CLOSEDBLANK
340
0
 70
0
280
1
281
0
  0
ENDTAB
  0
ENDSEC
  0
SECTION
  2
BLOCKS
  0
BLOCK
  5
18
330
17
100
AcDbEntity
  8
0
100
AcDbBlockBegin
  2
*Model_Space
 70
0
 10
0.0
 20
0.0
 30
0.0
  3
*Model_Space
  1

  0
ENDBLK
  5
19
330
17
100
AcDbEntity
  8
0
100
AcDbBlockEnd
  0
BLOCK
  5
1C
330
1B
100
AcDbEntity
  8
0
100
AcDbBlockBegin
  2
*Paper_Space
 70
0
 10
0.0
 20
0.0
 30
0.0
  3
*Paper_Space
  1

  0
ENDBLK
  5
1D
330
1B
100
AcDbEntity
  8
0
100
AcDbBlockEnd
  0
BLOCK
  5
75
330
74
100
AcDbEntity
  8
0
100
AcDbBlockBegin
  2
_ARCHTICK
 70
0
 10
0.0
 20
0.0
 30
0.0
  3
_ARCHTICK
  1

  0
LWPOLYLINE
  5
77
330
74
100
AcDbEntity
  8
0
  6
BYBLOCK
 62
0
100
AcDbPolyline
 90
2
 70
0
 43
0.15
 10
-0.5
 20
-0.5
 10
0.5
 20
0.5
  0
ENDBLK
  5
76
330
74
100
AcDbEntity
  8
0
100
AcDbBlockEnd
  0
BLOCK
  5
79
330
78
100
AcDbEntity
  8
0
100
AcDbBlockBegin
  2
_CLOSEDFILLED
 70
0
 10
0.0
 20
0.0
 30
0.0
  3
_CLOSEDFILLED
  1

  0
SOLID
  5
7B
330
78
100
AcDbEntity
  8
0
  6
BYBLOCK
 62
0
100
AcDbTrace
 10
-1.0
 20
0.16439898372402537
 30
0.0
 11
0.0
 21
0.0
 31
0.0
 12
-1.0
 22
-0.16439898372402537
 32
0.0
 13
-1.0
 23
-0.16439898372402537
 33
0.0
  0
ENDBLK
  5
7A
330
78
100
AcDbEntity
  8
0
100
AcDbBlockEnd
  0
BLOCK
  5
85
330
84
100
AcDbEntity
  8
0
100
AcDbBlockBegin
  2
_CLOSEDBLANK
 70
0
 10
0.0
 20
0.0
 30
0.0
  3
_CLOSEDBLANK
  1

  0
LWPOLYLINE
  5
87
330
84
100
AcDbEntity
  8
0
  6
BYBLOCK
 62
0
100
AcDbPolyline
 90
3
 70
1
 10
-1.0
 20
0.16439898372402537
 10
0.0
 20
0.0
 10
-1.0
 20
-0.16439898372402537
  0
ENDBLK
  5
86
330
84
100
AcDbEntity
  8
0
100
AcDbBlockEnd
  0
ENDSEC
  0
SECTION
  2
ENTITIES
  0
LWPOLYLINE
  5
8E
330
17
100
AcDbEntity
  8
GEOMETRY
100
AcDbPolyline
 90
5
 70
0
 10
0.31496062992125984
 20
11.377952755905513
 10
16.22047244094488
 20
11.377952755905513
 10
16.22047244094488
 20
0.31496062992126106
 10
0.31496062992125984
 20
0.31496062992126106
 10
0.31496062992125984
 20
11.377952755905513
  0
TEXT
  5
8F
330
17
100
AcDbEntity
  8
TEXT
100
AcDbText
 10
0.7086614173228346
 20
11.023622047244094
 30
0.0
 40
0.09070866141732283
  1
PLAN
 11
0.7086614173228346
 21
11.023622047244094
 31
0.0
100
AcDbText
  0
LINE
  5
90
330
17
100
AcDbEntity
  8
GEOMETRY
100
AcDbLine
 10
0.7086614173228346
 20
10.964566929133857
 30
0.0
 11
6.6141732283464565
 21
10.964566929133857
 31
0.0
  0
TEXT
  5
91
330
17
100
AcDbEntity
  8
TEXT
100
AcDbText
 10
0.7086614173228346
 20
10.834645669291337
 30
0.0
 40
0.048188976377952754
  1
CUT THROUGH THE UPPER DRAWERS · SCALE 1:10 · THE PARTITION AT THE TOP, THE BED BELOW · TOP AND PLINTH DASHED
 11
0.7086614173228346
 21
10.834645669291337
 31
0.0
100
AcDbText
  0
LWPOLYLINE
  5
92
330
17
100
AcDbEntity
  8
GEOMETRY
100
AcDbPolyline
 90
11
 70
0
 10
1.199094488188976
 20
9.522874015748032
 10
1.3280314960629915
 20
9.584251968503938
 10
1.4586220472440943
 20
9.642125984251969
 10
1.5907086614173227
 20
9.696496062992127
 10
1.7242125984251968
 20
9.74724409448819
 10
1.8524409448818895
 20
9.395905511811025
 10
1.728346456692913
 20
9.348740157480314
 10
1.6055905511811017
 20
9.298188976377954
 10
1.4842125984251968
 20
9.244409448818898
 10
1.364370078740157
 20
9.18736220472441
 10
1.199094488188976
 20
9.522874015748032
  0
LWPOLYLINE
  5
93
330
17
100
AcDbEntity
  8
GEOMETRY
100
AcDbPolyline
 90
11
 70
0
 10
1.7625984251968503
 20
9.761102362204724
 10
1.8977559055118105
 20
9.80724409448819
 10
2.034133858267716
 20
9.84968503937008
 10
2.1715748031496065
 20
9.888503937007874
 10
2.31003937007874
 20
9.923543307086614
 10
2.3969685039370074
 20
9.5598031496063
 10
2.2682677165354326
 20
9.527204724409449
 10
2.140511811023622
 20
9.491141732283465
 10
2.0137795275590546
 20
9.451653543307087
 10
1.8881102362204722
 20
9.408779527559055
 10
1.7625984251968503
 20
9.761102362204724
  0
LWPOLYLINE
  5
94
330
17
100
AcDbEntity
  8
GEOMETRY
100
AcDbPolyline
 90
11
 70
0
 10
2.3497637795275588
 20
9.932874015748032
 10
2.4893307086614165
 20
9.963149606299213
 10
2.6296850393700786
 20
9.989645669291338
 10
2.7707086614173226
 20
10.01232283464567
 10
2.912283464566929
 20
10.031220472440946
 10
2.956771653543307
 20
9.65988188976378
 10
2.8251574803149606
 20
9.64232283464567
 10
2.694094488188976
 20
9.621220472440946
 10
2.5636614173228343
 20
9.596574803149608
 10
2.4338976377952757
 20
9.568464566929133
 10
2.3497637795275588
 20
9.932874015748032
  0
LWPOLYLINE
  5
95
330
17
100
AcDbEntity
  8
GEOMETRY
100
AcDbPolyline
 90
11
 70
0
 10
2.952795275590551
 20
10.035944881889764
 10
3.0949606299212595
 20
10.04992125984252
 10
3.2374015748031493
 20
10.060078740157481
 10
3.38011811023622
 20
10.066377952755905
 10
3.5229133858267714
 20
10.068858267716536
 10
3.5243307086614175
 20
9.69484251968504
 10
3.391614173228346
 20
9.69255905511811
 10
3.2589763779527554
 20
9.686692913385826
 10
3.126574803149606
 20
9.67724409448819
 10
2.9944488188976375
 20
9.664251968503937
 10
2.952795275590551
 20
10.035944881889764
  0
LWPOLYLINE
  5
96
330
17
100
AcDbEntity
  8
GEOMETRY
100
AcDbPolyline
 90
11
 70
0
 10
3.562992125984252
 20
10.068897637795276
 10
3.7007874015748032
 20
10.068897637795276
 10
3.838582677165354
 20
10.068897637795276
 10
3.9763779527559056
 20
10.068897637795276
 10
4.1141732283464565
 20
10.068897637795276
 10
4.1141732283464565
 20
9.69488188976378
 10
3.9763779527559056
 20
9.69488188976378
 10
3.838582677165354
 20
9.69488188976378
 10
3.7007874015748032
 20
9.69488188976378
 10
3.562992125984252
 20
9.69488188976378
 10
3.562992125984252
 20
10.068897637795276
  0
LWPOLYLINE
  5
97
330
17
100
AcDbEntity
  8
GEOMETRY
100
AcDbPolyline
 90
11
 70
0
 10
4.153543307086614
 20
10.068897637795276
 10
4.291338582677166
 20
10.068897637795276
 10
4.429133858267717
 20
10.068897637795276
 10
4.566929133858268
 20
10.068897637795276
 10
4.7047244094488185
 20
10.068897637795276
 10
4.7047244094488185
 20
9.69488188976378
 10
4.566929133858268
 20
9.69488188976378
 10
4.429133858267717
 20
9.69488188976378
 10
4.291338582677166
 20
9.69488188976378
 10
4.153543307086614
 20
9.69488188976378
 10
4.153543307086614
 20
10.068897637795276
  0
LWPOLYLINE
  5
98
330
17
100
AcDbEntity
  8
GEOMETRY
100
AcDbPolyline
 90
11
 70
0
 10
4.744094488188976
 20
10.068897637795276
 10
4.881889763779528
 20
10.068897637795276
 10
5.019685039370079
 20
10.068897637795276
 10
5.15748031496063
 20
10.068897637795276
 10
5.2952755905511815
 20
10.068897637795276
 10
5.2952755905511815
 20
9.69488188976378
 10
5.15748031496063
 20
9.69488188976378
 10
5.019685039370079
 20
9.69488188976378
 10
4.881889763779528
 20
9.69488188976378
 10
4.744094488188976
 20
9.69488188976378
 10
4.744094488188976
 20
10.068897637795276
  0
LWPOLYLINE
  5
99
330
17
100
AcDbEntity
  8
GEOMETRY
100
AcDbPolyline
 90
11
 70
0
 10
6.515748031496063
 20
10.068897637795276
 10
6.653543307086614
 20
10.068897637795276
 10
6.791338582677165
 20
10.068897637795276
 10
6.929133858267717
 20
10.068897637795276
 10
7.066929133858268
 20
10.068897637795276
 10
7.066929133858268
 20
9.69488188976378
 10
6.929133858267717
 20
9.69488188976378
 10
6.791338582677165
 20
9.69488188976378
 10
6.653543307086614
 20
9.69488188976378
 10
6.515748031496063
 20
9.69488188976378
 10
6.515748031496063
 20
10.068897637795276
  0
LWPOLYLINE
  5
9A
330
17
100
AcDbEntity
  8
GEOMETRY
100
AcDbPolyline
 90
11
 70
0
 10
7.106299212598425
 20
10.068897637795276
 10
7.244094488188976
 20
10.068897637795276
 10
7.381889763779528
 20
10.068897637795276
 10
7.519685039370079
 20
10.068897637795276
 10
7.65748031496063
 20
10.068897637795276
 10
7.65748031496063
 20
9.69488188976378
 10
7.519685039370079
 20
9.69488188976378
 10
7.381889763779528
 20
9.69488188976378
 10
7.244094488188976
 20
9.69488188976378
 10
7.106299212598425
 20
9.69488188976378
 10
7.106299212598425
 20
10.068897637795276
  0
LWPOLYLINE
  5
9B
330
17
100
AcDbEntity
  8
GEOMETRY
100
AcDbPolyline
 90
11
 70
0
 10
7.696850393700787
 20
10.068897637795276
 10
7.834645669291339
 20
10.068897637795276
 10
7.97244094488189
 20
10.068897637795276
 10
8.11023622047244
 20
10.068897637795276
 10
8.248031496062993
 20
10.068897637795276
 10
8.248031496062993
 20
9.69488188976378
 10
8.11023622047244
 20
9.69488188976378
 10
7.97244094488189
 20
9.69488188976378
 10
7.834645669291339
 20
9.69488188976378
 10
7.696850393700787
 20
9.69488188976378
 10
7.696850393700787
 20
10.068897637795276
  0
LWPOLYLINE
  5
9C
330
17
100
AcDbEntity
  8
GEOMETRY
100
AcDbPolyline
 90
11
 70
0
 10
8.288110236220472
 20
10.068858267716536
 10
8.430905511811025
 20
10.066377952755905
 10
8.573622047244095
 20
10.060078740157481
 10
8.716062992125984
 20
10.04992125984252
 10
8.858228346456693
 20
10.035944881889764
 10
8.816574803149607
 20
9.664251968503937
 10
8.684448818897637
 20
9.67724409448819
 10
8.552047244094489
 20
9.686692913385826
 10
8.419409448818898
 20
9.69255905511811
 10
8.286692913385826
 20
9.69484251968504
 10
8.288110236220472
 20
10.068858267716536
  0
LWPOLYLINE
  5
9D
330
17
100
AcDbEntity
  8
GEOMETRY
100
AcDbPolyline
 90
11
 70
0
 10
8.898740157480315
 20
10.031220472440946
 10
9.040314960629923
 20
10.01232283464567
 10
9.181338582677165
 20
9.989645669291338
 10
9.321692913385828
 20
9.963149606299213
 10
9.461259842519684
 20
9.932874015748032
 10
9.377125984251968
 20
9.568464566929133
 10
9.247362204724409
 20
9.596574803149608
 10
9.116929133858267
 20
9.621220472440946
 10
8.985866141732282
 20
9.64232283464567
 10
8.854251968503938
 20
9.65988188976378
 10
8.898740157480315
 20
10.031220472440946
  0
LWPOLYLINE
  5
9E
330
17
100
AcDbEntity
  8
GEOMETRY
100
AcDbPolyline
 90
11
 70
0
 10
9.500984251968504
 20
9.923543307086614
 10
9.639448818897637
 20
9.888503937007874
 10
9.77688976377953
 20
9.84968503937008
 10
9.913267716535435
 20
9.80724409448819
 10
10.048425196850394
 20
9.761102362204724
 10
9.92291338582677
 20
9.408779527559055
 10
9.797244094488189
 20
9.451653543307087
 10
9.670511811023623
 20
9.491141732283465
 10
9.542755905511811
 20
9.527204724409449
 10
9.414055118110237
 20
9.5598031496063
 10
9.500984251968504
 20
9.923543307086614
  0
LWPOLYLINE
  5
9F
330
17
100
AcDbEntity
  8
GEOMETRY
100
AcDbPolyline
 90
11
 70
0
 10
10.086811023622046
 20
9.74724409448819
 10
10.22031496062992
 20
9.696496062992127
 10
10.35240157480315
 20
9.642125984251969
 10
10.482992125984254
 20
9.584251968503938
 10
10.611929133858268
 20
9.522874015748032
 10
10.446653543307088
 20
9.18736220472441
 10
10.326811023622046
 20
9.244409448818898
 10
10.205433070866142
 20
9.298188976377954
 10
10.082677165354331
 20
9.348740157480314
 10
9.958582677165355
 20
9.395905511811025
 10
10.086811023622046
 20
9.74724409448819
  0
LWPOLYLINE
  5
A0
330
17
100
AcDbEntity
  8
GEOMETRY
100
AcDbPolyline
 90
7
 70
0
 10
5.334645669291339
 20
10.068897637795276
 10
5.905511811023622
 20
10.068897637795276
 10
6.4763779527559056
 20
10.068897637795276
 10
6.4763779527559056
 20
9.69488188976378
 10
5.905511811023622
 20
9.69488188976378
 10
5.334645669291339
 20
9.69488188976378
 10
5.334645669291339
 20
10.068897637795276
  0
LWPOLYLINE
  5
A1
330
17
100
AcDbEntity
  8
GEOMETRY
100
AcDbPolyline
 90
7
 70
0
 10
10.637244094488189
 20
9.527913385826771
 10
10.66287401574803
 20
9.515078740157481
 10
10.688385826771654
 20
9.502125984251968
 10
10.503937007874017
 20
9.141023622047245
 10
10.48031496062992
 20
9.152992125984252
 10
10.456653543307086
 20
9.16484251968504
 10
10.637244094488189
 20
9.527913385826771
  0
LWPOLYLINE
  5
A2
330
17
100
AcDbEntity
  8
GEOMETRY
100
AcDbPolyline
 90
7
 70
0
 10
1.1226377952755906
 20
9.502125984251968
 10
1.148149606299213
 20
9.515078740157481
 10
1.1737795275590555
 20
9.527913385826771
 10
1.3543700787401574
 20
9.16484251968504
 10
1.3307086614173227
 20
9.152992125984252
 10
1.3070866141732278
 20
9.141023622047245
 10
1.1226377952755906
 20
9.502125984251968
  0
LWPOLYLINE
  5
A3
330
17
100
AcDbEntity
  8
GEOMETRY
  6
DASHED
100
AcDbPolyline
 90
5
 70
0
 10
3.4901574803149606
 20
9.55708661417323
 10
8.320866141732285
 20
9.55708661417323
 10
8.320866141732285
 20
9.454724409448819
 10
3.4901574803149606
 20
9.454724409448819
 10
3.4901574803149606
 20
9.55708661417323
  0
LWPOLYLINE
  5
A4
330
17
100
AcDbEntity
  8
GEOMETRY
  6
DASHED
100
AcDbPolyline
 90
108
 70
0
 10
9.448818897637794
 20
8.297244094488189
 10
9.496377952755907
 20
8.298582677165355
 10
9.543779527559055
 20
8.302519685039371
 10
9.590905511811023
 20
8.309094488188975
 10
9.63755905511811
 20
8.318307086614173
 10
9.683661417322835
 20
8.33007874015748
 10
9.729055118110235
 20
8.344370078740159
 10
9.773543307086614
 20
8.361181102362206
 10
9.81704724409449
 20
8.380433070866143
 10
9.859409448818898
 20
8.402086614173228
 10
9.900511811023623
 20
8.426023622047245
 10
9.94023622047244
 20
8.45224409448819
 10
9.978425196850393
 20
8.480590551181102
 10
10.015
 20
8.511023622047245
 10
10.0498031496063
 20
8.543464566929135
 10
10.08275590551181
 20
8.577755905511811
 10
10.113779527559055
 20
8.613858267716536
 10
10.14271653543307
 20
8.651614173228348
 10
10.169527559055117
 20
8.690905511811025
 10
10.194133858267715
 20
8.731614173228348
 10
10.216417322834646
 20
8.773661417322835
 10
10.236338582677165
 20
8.816850393700788
 10
10.253818897637796
 20
8.861102362204726
 10
10.268858267716535
 20
8.906220472440946
 10
10.281338582677165
 20
8.95212598425197
 10
10.291220472440944
 20
8.998661417322836
 10
10.298543307086613
 20
9.045669291338584
 10
10.303228346456693
 20
9.093031496062991
 10
10.305314960629921
 20
9.140551181102364
 10
10.31740157480315
 20
9.188031496062992
 10
10.150944881889764
 20
9.261417322834646
 10
9.981889763779527
 20
9.328503937007875
 10
9.810433070866141
 20
9.389291338582677
 10
9.636850393700788
 20
9.443582677165354
 10
9.461338582677165
 20
9.491417322834646
 10
9.284173228346456
 20
9.53263779527559
 10
9.105590551181102
 20
9.567244094488188
 10
8.925826771653544
 20
9.595157480314962
 10
8.74515748031496
 20
9.616338582677166
 10
8.563858267716535
 20
9.630748031496063
 10
8.382086614173229
 20
9.638425196850395
 10
8.196850393700787
 20
9.63976377952756
 10
8.005905511811024
 20
9.63976377952756
 10
7.81496062992126
 20
9.63976377952756
 10
7.624015748031496
 20
9.63976377952756
 10
7.433070866141732
 20
9.63976377952756
 10
7.242125984251968
 20
9.63976377952756
 10
7.051181102362205
 20
9.63976377952756
 10
6.860236220472441
 20
9.63976377952756
 10
6.669291338582677
 20
9.63976377952756
 10
6.478346456692914
 20
9.63976377952756
 10
6.287401574803149
 20
9.63976377952756
 10
6.096456692913385
 20
9.63976377952756
 10
5.905511811023622
 20
9.63976377952756
 10
5.714566929133858
 20
9.63976377952756
 10
5.5236220472440944
 20
9.63976377952756
 10
5.332677165354331
 20
9.63976377952756
 10
5.141732283464567
 20
9.63976377952756
 10
4.950787401574803
 20
9.63976377952756
 10
4.75984251968504
 20
9.63976377952756
 10
4.568897637795275
 20
9.63976377952756
 10
4.377952755905511
 20
9.63976377952756
 10
4.187007874015748
 20
9.63976377952756
 10
3.9960629921259843
 20
9.63976377952756
 10
3.805118110236221
 20
9.63976377952756
 10
3.6141732283464565
 20
9.63976377952756
 10
3.4289370078740156
 20
9.638425196850395
 10
3.247165354330708
 20
9.630748031496063
 10
3.0658661417322834
 20
9.616338582677166
 10
2.885196850393701
 20
9.595157480314962
 10
2.705433070866141
 20
9.567244094488188
 10
2.5268503937007876
 20
9.53263779527559
 10
2.3496850393700788
 20
9.491417322834646
 10
2.174173228346456
 20
9.443582677165354
 10
2.0005905511811024
 20
9.389291338582677
 10
1.8291338582677157
 20
9.328503937007875
 10
1.6600787401574801
 20
9.261417322834646
 10
1.4936220472440946
 20
9.188031496062992
 10
1.505708661417323
 20
9.140551181102364
 10
1.5077952755905513
 20
9.093031496062991
 10
1.51248031496063
 20
9.045669291338584
 10
1.519803149606299
 20
8.998661417322836
 10
1.529685039370078
 20
8.95212598425197
 10
1.5421653543307083
 20
8.906220472440946
 10
1.5572047244094487
 20
8.861102362204726
 10
1.5746850393700786
 20
8.816850393700788
 10
1.5946062992125978
 20
8.773661417322835
 10
1.6168897637795276
 20
8.731614173228348
 10
1.641496062992126
 20
8.690905511811025
 10
1.6683070866141732
 20
8.651614173228348
 10
1.6972440944881884
 20
8.613858267716536
 10
1.728267716535433
 20
8.577755905511811
 10
1.7612204724409444
 20
8.543464566929135
 10
1.796023622047244
 20
8.511023622047245
 10
1.8325984251968503
 20
8.480590551181102
 10
1.8707874015748032
 20
8.45224409448819
 10
1.9105118110236214
 20
8.426023622047245
 10
1.9516141732283463
 20
8.402086614173228
 10
1.9939763779527555
 20
8.380433070866143
 10
2.0374803149606295
 20
8.361181102362206
 10
2.081968503937008
 20
8.344370078740159
 10
2.127362204724409
 20
8.33007874015748
 10
2.1734645669291335
 20
8.318307086614173
 10
2.22011811023622
 20
8.309094488188975
 10
2.2672440944881886
 20
8.302519685039371
 10
2.314645669291338
 20
8.298582677165355
 10
2.3622047244094486
 20
8.297244094488189
 10
9.448818897637794
 20
8.297244094488189
  0
LWPOLYLINE
  5
A5
330
17
100
AcDbEntity
  8
GEOMETRY
100
AcDbPolyline
 90
131
 70
0
 10
1.3088976377952755
 20
9.13748031496063
 10
1.4374803149606294
 20
9.200826771653544
 10
1.567834645669291
 20
9.260393700787402
 10
1.6998818897637793
 20
9.316102362204724
 10
1.8335039370078738
 20
9.367952755905513
 10
1.9685433070866138
 20
9.415905511811024
 10
2.1049606299212598
 20
9.45988188976378
 10
2.24259842519685
 20
9.49984251968504
 10
2.381338582677165
 20
9.535787401574805
 10
2.5211023622047244
 20
9.56763779527559
 10
2.661692913385827
 20
9.595433070866143
 10
2.8030314960629923
 20
9.619094488188978
 10
2.9450393700787396
 20
9.638622047244095
 10
3.08751968503937
 20
9.654015748031497
 10
3.2304330708661415
 20
9.66523622047244
 10
3.373582677165354
 20
9.672244094488189
 10
3.5168503937007873
 20
9.675118110236221
 10
3.6651181102362203
 20
9.675196850393702
 10
3.8144488188976378
 20
9.675196850393702
 10
3.963818897637795
 20
9.675196850393702
 10
4.113188976377953
 20
9.675196850393702
 10
4.2625590551181105
 20
9.675196850393702
 10
4.411889763779527
 20
9.675196850393702
 10
4.561259842519685
 20
9.675196850393702
 10
4.710629921259843
 20
9.675196850393702
 10
4.86
 20
9.675196850393702
 10
5.009330708661417
 20
9.675196850393702
 10
5.158700787401575
 20
9.675196850393702
 10
5.3080708661417315
 20
9.675196850393702
 10
5.457440944881889
 20
9.675196850393702
 10
5.606771653543308
 20
9.675196850393702
 10
5.7561417322834645
 20
9.675196850393702
 10
5.905511811023622
 20
9.675196850393702
 10
6.05488188976378
 20
9.675196850393702
 10
6.204251968503937
 20
9.675196850393702
 10
6.353582677165354
 20
9.675196850393702
 10
6.502952755905512
 20
9.675196850393702
 10
6.652322834645669
 20
9.675196850393702
 10
6.801692913385827
 20
9.675196850393702
 10
6.951023622047244
 20
9.675196850393702
 10
7.100393700787401
 20
9.675196850393702
 10
7.24976377952756
 20
9.675196850393702
 10
7.3991338582677155
 20
9.675196850393702
 10
7.548464566929134
 20
9.675196850393702
 10
7.697834645669292
 20
9.675196850393702
 10
7.847204724409449
 20
9.675196850393702
 10
7.996574803149606
 20
9.675196850393702
 10
8.145905511811025
 20
9.675196850393702
 10
8.294173228346457
 20
9.675118110236221
 10
8.43744094488189
 20
9.672244094488189
 10
8.580590551181102
 20
9.66523622047244
 10
8.723503937007873
 20
9.654015748031497
 10
8.865984251968506
 20
9.638622047244095
 10
9.007992125984252
 20
9.619094488188978
 10
9.149330708661417
 20
9.595433070866143
 10
9.289921259842519
 20
9.56763779527559
 10
9.42968503937008
 20
9.535787401574805
 10
9.568425196850393
 20
9.49984251968504
 10
9.706062992125984
 20
9.45988188976378
 10
9.84248031496063
 20
9.415905511811024
 10
9.97751968503937
 20
9.367952755905513
 10
10.111141732283464
 20
9.316102362204724
 10
10.243188976377953
 20
9.260393700787402
 10
10.373543307086614
 20
9.200826771653544
 10
10.502125984251968
 20
9.13748031496063
 10
10.486023622047245
 20
9.105944881889764
 10
10.358385826771654
 20
9.168818897637795
 10
10.228937007874016
 20
9.227952755905513
 10
10.097834645669291
 20
9.283267716535434
 10
9.965196850393701
 20
9.33476377952756
 10
9.831102362204724
 20
9.38232283464567
 10
9.695669291338582
 20
9.425984251968504
 10
9.559015748031497
 20
9.465669291338584
 10
9.421299212598425
 20
9.501338582677166
 10
9.28255905511811
 20
9.532992125984252
 10
9.142952755905512
 20
9.560551181102362
 10
9.002637795275591
 20
9.584055118110237
 10
8.861653543307087
 20
9.603464566929134
 10
8.7201968503937
 20
9.618740157480316
 10
8.578346456692913
 20
9.62984251968504
 10
8.436220472440946
 20
9.636850393700788
 10
8.293976377952756
 20
9.639685039370079
 10
8.145905511811025
 20
9.63976377952756
 10
7.996574803149606
 20
9.63976377952756
 10
7.847204724409449
 20
9.63976377952756
 10
7.697834645669292
 20
9.63976377952756
 10
7.548464566929134
 20
9.63976377952756
 10
7.3991338582677155
 20
9.63976377952756
 10
7.24976377952756
 20
9.63976377952756
 10
7.100393700787401
 20
9.63976377952756
 10
6.951023622047244
 20
9.63976377952756
 10
6.801692913385827
 20
9.63976377952756
 10
6.652322834645669
 20
9.63976377952756
 10
6.502952755905512
 20
9.63976377952756
 10
6.353582677165354
 20
9.63976377952756
 10
6.204251968503937
 20
9.63976377952756
 10
6.05488188976378
 20
9.63976377952756
 10
5.905511811023622
 20
9.63976377952756
 10
5.7561417322834645
 20
9.63976377952756
 10
5.606771653543308
 20
9.63976377952756
 10
5.457440944881889
 20
9.63976377952756
 10
5.3080708661417315
 20
9.63976377952756
 10
5.158700787401575
 20
9.63976377952756
 10
5.009330708661417
 20
9.63976377952756
 10
4.86
 20
9.63976377952756
 10
4.710629921259843
 20
9.63976377952756
 10
4.561259842519685
 20
9.63976377952756
 10
4.411889763779527
 20
9.63976377952756
 10
4.2625590551181105
 20
9.63976377952756
 10
4.113188976377953
 20
9.63976377952756
 10
3.963818897637795
 20
9.63976377952756
 10
3.8144488188976378
 20
9.63976377952756
 10
3.6651181102362203
 20
9.63976377952756
 10
3.517047244094488
 20
9.639685039370079
 10
3.374803149606299
 20
9.636850393700788
 10
3.2326771653543305
 20
9.62984251968504
 10
3.0908267716535436
 20
9.618740157480316
 10
2.9493700787401576
 20
9.603464566929134
 10
2.8083858267716533
 20
9.584055118110237
 10
2.6680708661417323
 20
9.560551181102362
 10
2.528464566929134
 20
9.532992125984252
 10
2.3897244094488186
 20
9.501338582677166
 10
2.2520078740157476
 20
9.465669291338584
 10
2.115354330708661
 20
9.425984251968504
 10
1.9799212598425193
 20
9.38232283464567
 10
1.8458267716535428
 20
9.33476377952756
 10
1.7131889763779526
 20
9.283267716535434
 10
1.582086614173228
 20
9.227952755905513
 10
1.4526377952755902
 20
9.168818897637795
 10
1.3249999999999995
 20
9.105944881889764
 10
1.3088976377952755
 20
9.13748031496063
  0
LWPOLYLINE
  5
A6
330
17
100
AcDbEntity
  8
GEOMETRY
100
AcDbPolyline
 90
5
 70
0
 10
4.0984251968503935
 20
9.63976377952756
 10
4.169291338582677
 20
9.63976377952756
 10
4.169291338582677
 20
8.179133858267717
 10
4.0984251968503935
 20
8.179133858267717
 10
4.0984251968503935
 20
9.63976377952756
  0
LWPOLYLINE
  5
A7
330
17
100
AcDbEntity
  8
GEOMETRY
100
AcDbPolyline
 90
5
 70
0
 10
5.87007874015748
 20
9.63976377952756
 10
5.940944881889764
 20
9.63976377952756
 10
5.940944881889764
 20
8.179133858267717
 10
5.87007874015748
 20
8.179133858267717
 10
5.87007874015748
 20
9.63976377952756
  0
LWPOLYLINE
  5
A8
330
17
100
AcDbEntity
  8
GEOMETRY
100
AcDbPolyline
 90
5
 70
0
 10
7.641732283464567
 20
9.63976377952756
 10
7.712598425196851
 20
9.63976377952756
 10
7.712598425196851
 20
8.179133858267717
 10
7.641732283464567
 20
8.179133858267717
 10
7.641732283464567
 20
9.63976377952756
  0
LWPOLYLINE
  5
A9
330
17
100
AcDbEntity
  8
GEOMETRY
100
AcDbPolyline
 90
59
 70
0
 10
2.3622047244094486
 20
8.100393700787402
 10
2.3037007874015747
 20
8.102007874015749
 10
2.245433070866141
 20
8.106889763779527
 10
2.18748031496063
 20
8.115
 10
2.13007874015748
 20
8.126299212598425
 10
2.073385826771653
 20
8.140748031496063
 10
2.01759842519685
 20
8.158346456692914
 10
1.9628346456692911
 20
8.179015748031496
 10
1.9093307086614173
 20
8.20271653543307
 10
1.8572440944881887
 20
8.229291338582678
 10
1.8066929133858267
 20
8.258779527559057
 10
1.757874015748031
 20
8.290984251968505
 10
1.710866141732283
 20
8.325866141732284
 10
1.665905511811024
 20
8.363307086614174
 10
1.623110236220472
 20
8.403188976377953
 10
1.5825590551181103
 20
8.445393700787402
 10
1.544448818897637
 20
8.489763779527559
 10
1.508858267716535
 20
8.536181102362205
 10
1.4758661417322827
 20
8.584488188976378
 10
1.4456299212598422
 20
8.6346062992126
 10
1.4182283464566927
 20
8.686259842519686
 10
1.3937007874015745
 20
8.739409448818897
 10
1.3722047244094482
 20
8.793818897637795
 10
1.3537401574803145
 20
8.849330708661418
 10
1.3383858267716537
 20
8.905787401574804
 10
1.3261811023622043
 20
8.963031496062992
 10
1.3172047244094485
 20
9.020826771653544
 10
1.311417322834645
 20
9.079055118110237
 10
1.3088976377952755
 20
9.13748031496063
 10
1.3797637795275588
 20
9.138582677165354
 10
1.3821259842519682
 20
9.084094488188978
 10
1.38748031496063
 20
9.02976377952756
 10
1.395905511811023
 20
8.975866141732284
 10
1.407244094488189
 20
8.92248031496063
 10
1.4215748031496058
 20
8.8698031496063
 10
1.4387795275590551
 20
8.818031496062993
 10
1.4588582677165352
 20
8.76728346456693
 10
1.481732283464566
 20
8.717716535433071
 10
1.5072834645669284
 20
8.669527559055119
 10
1.5354724409448814
 20
8.622795275590551
 10
1.5662598425196845
 20
8.57771653543307
 10
1.5994488188976375
 20
8.534409448818899
 10
1.6350393700787396
 20
8.493031496062994
 10
1.6728346456692917
 20
8.453700787401575
 10
1.7127559055118107
 20
8.416496062992127
 10
1.7546850393700788
 20
8.381574803149608
 10
1.7985039370078735
 20
8.349055118110236
 10
1.844055118110236
 20
8.318976377952756
 10
1.8912204724409445
 20
8.291496062992127
 10
1.9398031496062993
 20
8.266692913385826
 10
1.9897244094488185
 20
8.244606299212599
 10
2.040748031496063
 20
8.225314960629921
 10
2.092795275590551
 20
8.208897637795276
 10
2.145669291338583
 20
8.195393700787402
 10
2.1992125984251967
 20
8.18488188976378
 10
2.2532677165354333
 20
8.17732283464567
 10
2.30763779527559
 20
8.172755905511812
 10
2.3622047244094486
 20
8.171259842519685
 10
2.3622047244094486
 20
8.100393700787402
  0
LWPOLYLINE
  5
AA
330
17
100
AcDbEntity
  8
GEOMETRY
100
AcDbPolyline
 90
59
 70
0
 10
9.448818897637794
 20
8.100393700787402
 10
9.507322834645668
 20
8.102007874015749
 10
9.565590551181103
 20
8.106889763779527
 10
9.623543307086614
 20
8.115
 10
9.680944881889765
 20
8.126299212598425
 10
9.73763779527559
 20
8.140748031496063
 10
9.793425196850393
 20
8.158346456692914
 10
9.848188976377953
 20
8.179015748031496
 10
9.901692913385826
 20
8.20271653543307
 10
9.953779527559055
 20
8.229291338582678
 10
10.004330708661417
 20
8.258779527559057
 10
10.053149606299213
 20
8.290984251968505
 10
10.10015748031496
 20
8.325866141732284
 10
10.14511811023622
 20
8.363307086614174
 10
10.187913385826773
 20
8.403188976377953
 10
10.228464566929134
 20
8.445393700787402
 10
10.266574803149608
 20
8.489763779527559
 10
10.30216535433071
 20
8.536181102362205
 10
10.335157480314962
 20
8.584488188976378
 10
10.365393700787402
 20
8.6346062992126
 10
10.39279527559055
 20
8.686259842519686
 10
10.41732283464567
 20
8.739409448818897
 10
10.438818897637796
 20
8.793818897637795
 10
10.45728346456693
 20
8.849330708661418
 10
10.47263779527559
 20
8.905787401574804
 10
10.484842519685039
 20
8.963031496062992
 10
10.493818897637796
 20
9.020826771653544
 10
10.499606299212598
 20
9.079055118110237
 10
10.502125984251968
 20
9.13748031496063
 10
10.431259842519685
 20
9.138582677165354
 10
10.428897637795275
 20
9.084094488188978
 10
10.423543307086613
 20
9.02976377952756
 10
10.41511811023622
 20
8.975866141732284
 10
10.403779527559054
 20
8.92248031496063
 10
10.389448818897637
 20
8.8698031496063
 10
10.372244094488188
 20
8.818031496062993
 10
10.352165354330708
 20
8.76728346456693
 10
10.329291338582678
 20
8.717716535433071
 10
10.303740157480316
 20
8.669527559055119
 10
10.275551181102363
 20
8.622795275590551
 10
10.244763779527558
 20
8.57771653543307
 10
10.211574803149608
 20
8.534409448818899
 10
10.175984251968504
 20
8.493031496062994
 10
10.138188976377952
 20
8.453700787401575
 10
10.098267716535432
 20
8.416496062992127
 10
10.056338582677165
 20
8.381574803149608
 10
10.01251968503937
 20
8.349055118110236
 10
9.966968503937007
 20
8.318976377952756
 10
9.9198031496063
 20
8.291496062992127
 10
9.871220472440944
 20
8.266692913385826
 10
9.821299212598426
 20
8.244606299212599
 10
9.770275590551181
 20
8.225314960629921
 10
9.718228346456694
 20
8.208897637795276
 10
9.665354330708661
 20
8.195393700787402
 10
9.611811023622046
 20
8.18488188976378
 10
9.557755905511812
 20
8.17732283464567
 10
9.503385826771654
 20
8.172755905511812
 10
9.448818897637794
 20
8.171259842519685
 10
9.448818897637794
 20
8.100393700787402
  0
LWPOLYLINE
  5
AB
330
17
100
AcDbEntity
  8
GEOMETRY
100
AcDbPolyline
 90
5
 70
0
 10
4.192913385826771
 20
9.55708661417323
 10
5.846456692913386
 20
9.55708661417323
 10
5.846456692913386
 20
8.179133858267717
 10
4.192913385826771
 20
8.179133858267717
 10
4.192913385826771
 20
9.55708661417323
  0
LWPOLYLINE
  5
AC
330
17
100
AcDbEntity
  8
GEOMETRY
100
AcDbPolyline
 90
5
 70
0
 10
4.251968503937007
 20
9.498031496062993
 10
5.787401574803149
 20
9.498031496062993
 10
5.787401574803149
 20
8.238188976377954
 10
4.251968503937007
 20
8.238188976377954
 10
4.251968503937007
 20
9.498031496062993
  0
LWPOLYLINE
  5
AD
330
17
100
AcDbEntity
  8
GEOMETRY
100
AcDbPolyline
 90
5
 70
0
 10
5.964566929133858
 20
9.55708661417323
 10
7.618110236220472
 20
9.55708661417323
 10
7.618110236220472
 20
8.179133858267717
 10
5.964566929133858
 20
8.179133858267717
 10
5.964566929133858
 20
9.55708661417323
  0
LWPOLYLINE
  5
AE
330
17
100
AcDbEntity
  8
GEOMETRY
100
AcDbPolyline
 90
5
 70
0
 10
6.0236220472440944
 20
9.498031496062993
 10
7.559055118110236
 20
9.498031496062993
 10
7.559055118110236
 20
8.238188976377954
 10
6.0236220472440944
 20
8.238188976377954
 10
6.0236220472440944
 20
9.498031496062993
  0
LWPOLYLINE
  5
AF
330
17
100
AcDbEntity
  8
GEOMETRY
100
AcDbPolyline
 90
5
 70
0
 10
2.374015748031496
 20
8.179133858267717
 10
4.127952755905511
 20
8.179133858267717
 10
4.127952755905511
 20
8.100393700787402
 10
2.374015748031496
 20
8.100393700787402
 10
2.374015748031496
 20
8.179133858267717
  0
LWPOLYLINE
  5
B0
330
17
100
AcDbEntity
  8
GEOMETRY
100
AcDbPolyline
 90
5
 70
0
 10
4.139763779527559
 20
8.179133858267717
 10
5.899606299212599
 20
8.179133858267717
 10
5.899606299212599
 20
8.100393700787402
 10
4.139763779527559
 20
8.100393700787402
 10
4.139763779527559
 20
8.179133858267717
  0
LWPOLYLINE
  5
B1
330
17
100
AcDbEntity
  8
GEOMETRY
100
AcDbPolyline
 90
5
 70
0
 10
5.911417322834645
 20
8.179133858267717
 10
7.671259842519686
 20
8.179133858267717
 10
7.671259842519686
 20
8.100393700787402
 10
5.911417322834645
 20
8.100393700787402
 10
5.911417322834645
 20
8.179133858267717
  0
LWPOLYLINE
  5
B2
330
17
100
AcDbEntity
  8
GEOMETRY
100
AcDbPolyline
 90
5
 70
0
 10
7.683070866141732
 20
8.179133858267717
 10
9.437007874015748
 20
8.179133858267717
 10
9.437007874015748
 20
8.100393700787402
 10
7.683070866141732
 20
8.100393700787402
 10
7.683070866141732
 20
8.179133858267717
  0
SPLINE
  5
B3
330
17
100
AcDbEntity
  8
GEOMETRY
  6
DASHED
100
AcDbSpline
 70
0
 71
3
 72
14
 73
10
 74
0
 40
0.0
 40
0.0
 40
0.0
 40
0.0
 40
1.0
 40
1.0
 40
1.0
 40
2.0
 40
2.0
 40
2.0
 40
3.0
 40
3.0
 40
3.0
 40
3.0
 10
2.374015748031496
 20
8.100393700787402
 30
0.0
 10
2.374015748031496
 20
7.792536371568788
 30
0.0
 10
2.4550700858396395
 20
7.490037464694943
 30
0.0
 10
2.6089987504489462
 20
7.223425196850394
 30
0.0
 10
2.7629274150582526
 20
6.956812929005846
 30
0.0
 10
2.984371984123954
 20
6.735368359940145
 30
0.0
 10
3.250984251968503
 20
6.581439695330838
 30
0.0
 10
3.5175965198130514
 20
6.427511030721531
 30
0.0
 10
3.820095426686898
 20
6.346456692913386
 30
0.0
 10
4.127952755905511
 20
6.346456692913386
 30
0.0
  0
LWPOLYLINE
  5
B4
330
17
100
AcDbEntity
  8
GEOMETRY
  6
DASHED
100
AcDbPolyline
 90
5
 70
0
 10
4.049212598425196
 20
8.100393700787402
 10
4.127952755905511
 20
8.100393700787402
 10
4.127952755905511
 20
6.346456692913386
 10
4.049212598425196
 20
6.346456692913386
 10
4.049212598425196
 20
8.100393700787402
  0
LINE
  5
B5
330
17
100
AcDbEntity
  8
GEOMETRY
100
AcDbLine
 10
4.0984251968503935
 20
8.257874015748031
 30
0.0
 11
1.988543307086614
 21
8.257874015748031
 31
0.0
  0
SPLINE
  5
B6
330
17
100
AcDbEntity
  8
GEOMETRY
  6
DASHED
100
AcDbSpline
 70
0
 71
3
 72
14
 73
10
 74
0
 40
0.0
 40
0.0
 40
0.0
 40
0.0
 40
1.0
 40
1.0
 40
1.0
 40
2.0
 40
2.0
 40
2.0
 40
3.0
 40
3.0
 40
3.0
 40
3.0
 10
9.437007874015748
 20
8.100393700787402
 30
0.0
 10
9.437007874015748
 20
7.792536371568788
 30
0.0
 10
9.355953536207604
 20
7.490037464694943
 30
0.0
 10
9.202024871598297
 20
7.223425196850394
 30
0.0
 10
9.04809620698899
 20
6.956812929005846
 30
0.0
 10
8.82665163792329
 20
6.735368359940145
 30
0.0
 10
8.56003937007874
 20
6.581439695330838
 30
0.0
 10
8.293427102234192
 20
6.427511030721531
 30
0.0
 10
7.990928195360345
 20
6.346456692913386
 30
0.0
 10
7.683070866141732
 20
6.346456692913386
 30
0.0
  0
LWPOLYLINE
  5
B7
330
17
100
AcDbEntity
  8
GEOMETRY
  6
DASHED
100
AcDbPolyline
 90
5
 70
0
 10
7.683070866141732
 20
8.100393700787402
 10
7.761811023622047
 20
8.100393700787402
 10
7.761811023622047
 20
6.346456692913386
 10
7.683070866141732
 20
6.346456692913386
 10
7.683070866141732
 20
8.100393700787402
  0
LINE
  5
B8
330
17
100
AcDbEntity
  8
GEOMETRY
100
AcDbLine
 10
7.712598425196851
 20
8.257874015748031
 30
0.0
 11
9.822480314960629
 21
8.257874015748031
 31
0.0
  0
LWPOLYLINE
  5
B9
330
17
100
AcDbEntity
  8
GEOMETRY
100
AcDbPolyline
 90
5
 70
0
 10
4.5078740157480315
 20
8.029527559055119
 10
5.531496062992126
 20
8.029527559055119
 10
5.531496062992126
 20
7.990157480314961
 10
4.5078740157480315
 20
7.990157480314961
 10
4.5078740157480315
 20
8.029527559055119
  0
LWPOLYLINE
  5
BA
330
17
100
AcDbEntity
  8
GEOMETRY
100
AcDbPolyline
 90
5
 70
0
 10
4.566929133858268
 20
8.100393700787402
 10
4.606299212598425
 20
8.100393700787402
 10
4.606299212598425
 20
8.029527559055119
 10
4.566929133858268
 20
8.029527559055119
 10
4.566929133858268
 20
8.100393700787402
  0
LWPOLYLINE
  5
BB
330
17
100
AcDbEntity
  8
GEOMETRY
100
AcDbPolyline
 90
5
 70
0
 10
5.433070866141732
 20
8.100393700787402
 10
5.47244094488189
 20
8.100393700787402
 10
5.47244094488189
 20
8.029527559055119
 10
5.433070866141732
 20
8.029527559055119
 10
5.433070866141732
 20
8.100393700787402
  0
LWPOLYLINE
  5
BC
330
17
100
AcDbEntity
  8
GEOMETRY
100
AcDbPolyline
 90
5
 70
0
 10
6.279527559055118
 20
8.029527559055119
 10
7.303149606299212
 20
8.029527559055119
 10
7.303149606299212
 20
7.990157480314961
 10
6.279527559055118
 20
7.990157480314961
 10
6.279527559055118
 20
8.029527559055119
  0
LWPOLYLINE
  5
BD
330
17
100
AcDbEntity
  8
GEOMETRY
100
AcDbPolyline
 90
5
 70
0
 10
6.338582677165355
 20
8.100393700787402
 10
6.377952755905512
 20
8.100393700787402
 10
6.377952755905512
 20
8.029527559055119
 10
6.338582677165355
 20
8.029527559055119
 10
6.338582677165355
 20
8.100393700787402
  0
LWPOLYLINE
  5
BE
330
17
100
AcDbEntity
  8
GEOMETRY
100
AcDbPolyline
 90
5
 70
0
 10
7.2047244094488185
 20
8.100393700787402
 10
7.244094488188976
 20
8.100393700787402
 10
7.244094488188976
 20
8.029527559055119
 10
7.2047244094488185
 20
8.029527559055119
 10
7.2047244094488185
 20
8.100393700787402
  0
LWPOLYLINE
  5
BF
330
17
100
AcDbEntity
  8
GEOMETRY
100
AcDbPolyline
 90
5
 70
0
 10
2.5511811023622046
 20
8.100393700787402
 10
2.590551181102362
 20
8.100393700787402
 10
2.590551181102362
 20
7.990157480314961
 10
2.5511811023622046
 20
7.990157480314961
 10
2.5511811023622046
 20
8.100393700787402
  0
LWPOLYLINE
  5
C0
330
17
100
AcDbEntity
  8
GEOMETRY
100
AcDbPolyline
 90
5
 70
0
 10
9.220472440944881
 20
8.100393700787402
 10
9.259842519685039
 20
8.100393700787402
 10
9.259842519685039
 20
7.990157480314961
 10
9.220472440944881
 20
7.990157480314961
 10
9.220472440944881
 20
8.100393700787402
  0
LWPOLYLINE
  5
C1
330
17
100
AcDbEntity
  8
GEOMETRY
  6
DASHED
100
AcDbPolyline
 90
108
 70
0
 10
9.448818897637794
 20
8.061023622047244
 10
9.509488188976377
 20
8.062716535433072
 10
9.56996062992126
 20
8.067755905511811
 10
9.63007874015748
 20
8.076141732283464
 10
9.68964566929134
 20
8.087874015748032
 10
9.748425196850395
 20
8.102913385826772
 10
9.806338582677165
 20
8.121141732283466
 10
9.863110236220473
 20
8.142598425196852
 10
9.918622047244094
 20
8.16716535433071
 10
9.97263779527559
 20
8.194763779527559
 10
10.02507874015748
 20
8.225314960629921
 10
10.075748031496063
 20
8.258740157480315
 10
10.124488188976377
 20
8.294921259842521
 10
10.171141732283465
 20
8.333779527559056
 10
10.215551181102363
 20
8.37511811023622
 10
10.25759842519685
 20
8.418897637795276
 10
10.29712598425197
 20
8.46492125984252
 10
10.334094488188976
 20
8.513110236220474
 10
10.368267716535433
 20
8.563228346456693
 10
10.399645669291338
 20
8.615196850393701
 10
10.428110236220473
 20
8.668818897637795
 10
10.453503937007874
 20
8.723937007874015
 10
10.475826771653544
 20
8.780354330708661
 10
10.494960629921259
 20
8.837952755905512
 10
10.510905511811023
 20
8.896535433070866
 10
10.523543307086614
 20
8.955866141732283
 10
10.53287401574803
 20
9.015866141732284
 10
10.538858267716536
 20
9.076259842519686
 10
10.541496062992126
 20
9.136889763779529
 10
10.535708661417322
 20
9.1201968503937
 10
10.363110236220473
 20
9.205787401574803
 10
10.18728346456693
 20
9.28452755905512
 10
10.008503937007875
 20
9.356338582677166
 10
9.827007874015747
 20
9.421102362204724
 10
9.643149606299213
 20
9.478661417322835
 10
9.457165354330709
 20
9.528976377952755
 10
9.269370078740158
 20
9.571968503937008
 10
9.08
 20
9.607559055118111
 10
8.889409448818897
 20
9.635708661417324
 10
8.697874015748031
 20
9.656338582677165
 10
8.505629921259843
 20
9.669448818897639
 10
8.313070866141732
 20
9.675
 10
8.114173228346456
 20
9.675196850393702
 10
7.913385826771654
 20
9.675196850393702
 10
7.712598425196851
 20
9.675196850393702
 10
7.511811023622047
 20
9.675196850393702
 10
7.3110236220472435
 20
9.675196850393702
 10
7.110236220472441
 20
9.675196850393702
 10
6.909448818897638
 20
9.675196850393702
 10
6.708661417322835
 20
9.675196850393702
 10
6.5078740157480315
 20
9.675196850393702
 10
6.307086614173228
 20
9.675196850393702
 10
6.106299212598425
 20
9.675196850393702
 10
5.905511811023622
 20
9.675196850393702
 10
5.704724409448819
 20
9.675196850393702
 10
5.503937007874016
 20
9.675196850393702
 10
5.303149606299212
 20
9.675196850393702
 10
5.102362204724409
 20
9.675196850393702
 10
4.9015748031496065
 20
9.675196850393702
 10
4.700787401574804
 20
9.675196850393702
 10
4.5
 20
9.675196850393702
 10
4.299212598425196
 20
9.675196850393702
 10
4.0984251968503935
 20
9.675196850393702
 10
3.8976377952755903
 20
9.675196850393702
 10
3.6968503937007875
 20
9.675196850393702
 10
3.4979527559055117
 20
9.675
 10
3.305393700787402
 20
9.669448818897639
 10
3.1131496062992126
 20
9.656338582677165
 10
2.9216141732283467
 20
9.635708661417324
 10
2.731023622047244
 20
9.607559055118111
 10
2.541653543307086
 20
9.571968503937008
 10
2.3538582677165354
 20
9.528976377952755
 10
2.167874015748031
 20
9.478661417322835
 10
1.9840157480314962
 20
9.421102362204724
 10
1.8025196850393697
 20
9.356338582677166
 10
1.6237401574803147
 20
9.28452755905512
 10
1.4479133858267712
 20
9.205787401574803
 10
1.2753149606299212
 20
9.1201968503937
 10
1.2695275590551178
 20
9.136889763779529
 10
1.2721653543307088
 20
9.076259842519686
 10
1.2781496062992128
 20
9.015866141732284
 10
1.2874803149606298
 20
8.955866141732283
 10
1.3001181102362203
 20
8.896535433070866
 10
1.316062992125984
 20
8.837952755905512
 10
1.3351968503937008
 20
8.780354330708661
 10
1.3575196850393698
 20
8.723937007874015
 10
1.3829133858267713
 20
8.668818897637795
 10
1.4113779527559052
 20
8.615196850393701
 10
1.442755905511811
 20
8.563228346456693
 10
1.4769291338582682
 20
8.513110236220474
 10
1.513897637795275
 20
8.46492125984252
 10
1.5534251968503934
 20
8.418897637795276
 10
1.5954724409448815
 20
8.37511811023622
 10
1.6398818897637792
 20
8.333779527559056
 10
1.6865354330708664
 20
8.294921259842521
 10
1.7352755905511807
 20
8.258740157480315
 10
1.7859448818897636
 20
8.225314960629921
 10
1.8383858267716533
 20
8.194763779527559
 10
1.8924015748031493
 20
8.16716535433071
 10
1.9479133858267712
 20
8.142598425196852
 10
2.0046850393700786
 20
8.121141732283466
 10
2.0625984251968497
 20
8.102913385826772
 10
2.121377952755905
 20
8.087874015748032
 10
2.1809448818897637
 20
8.076141732283464
 10
2.2410629921259844
 20
8.067755905511811
 10
2.301535433070866
 20
8.062716535433072
 10
2.3622047244094486
 20
8.061023622047244
 10
9.448818897637794
 20
8.061023622047244
  0
LINE
  5
C2
330
17
100
AcDbEntity
  8
DIMENSIONS
100
AcDbLine
 10
2.3031496062992125
 20
7.832677165354331
 30
0.0
 11
9.507874015748031
 21
7.832677165354331
 31
0.0
  0
LINE
  5
C3
330
17
100
AcDbEntity
  8
DIMENSIONS
100
AcDbLine
 10
2.3622047244094486
 20
8.080708661417322
 30
0.0
 11
2.3622047244094486
 21
7.785433070866142
 31
0.0
  0
LINE
  5
C4
330
17
100
AcDbEntity
  8
DIMENSIONS
100
AcDbLine
 10
2.322834645669291
 20
7.793307086614172
 30
0.0
 11
2.4015748031496065
 21
7.872047244094488
 31
0.0
  0
LINE
  5
C5
330
17
100
AcDbEntity
  8
DIMENSIONS
100
AcDbLine
 10
4.133858267716535
 20
8.080708661417322
 30
0.0
 11
4.133858267716535
 21
7.785433070866142
 31
0.0
  0
LINE
  5
C6
330
17
100
AcDbEntity
  8
DIMENSIONS
100
AcDbLine
 10
4.094488188976378
 20
7.793307086614172
 30
0.0
 11
4.173228346456693
 21
7.872047244094488
 31
0.0
  0
LINE
  5
C7
330
17
100
AcDbEntity
  8
DIMENSIONS
100
AcDbLine
 10
5.905511811023622
 20
8.080708661417322
 30
0.0
 11
5.905511811023622
 21
7.785433070866142
 31
0.0
  0
LINE
  5
C8
330
17
100
AcDbEntity
  8
DIMENSIONS
100
AcDbLine
 10
5.866141732283465
 20
7.793307086614172
 30
0.0
 11
5.94488188976378
 21
7.872047244094488
 31
0.0
  0
LINE
  5
C9
330
17
100
AcDbEntity
  8
DIMENSIONS
100
AcDbLine
 10
7.677165354330708
 20
8.080708661417322
 30
0.0
 11
7.677165354330708
 21
7.785433070866142
 31
0.0
  0
LINE
  5
CA
330
17
100
AcDbEntity
  8
DIMENSIONS
100
AcDbLine
 10
7.637795275590551
 20
7.793307086614172
 30
0.0
 11
7.716535433070866
 21
7.872047244094488
 31
0.0
  0
LINE
  5
CB
330
17
100
AcDbEntity
  8
DIMENSIONS
100
AcDbLine
 10
9.448818897637794
 20
8.080708661417322
 30
0.0
 11
9.448818897637794
 21
7.785433070866142
 31
0.0
  0
LINE
  5
CC
330
17
100
AcDbEntity
  8
DIMENSIONS
100
AcDbLine
 10
9.409448818897637
 20
7.793307086614172
 30
0.0
 11
9.488188976377952
 21
7.872047244094488
 31
0.0
  0
TEXT
  5
CD
330
17
100
AcDbEntity
  8
TEXT
100
AcDbText
 10
3.248031496062992
 20
7.8641732283464565
 30
0.0
 40
0.03401574803149606
  1
1'-5¾"
 72
1
 11
3.248031496062992
 21
7.8641732283464565
 31
0.0
100
AcDbText
  0
TEXT
  5
CE
330
17
100
AcDbEntity
  8
TEXT
100
AcDbText
 10
5.019685039370079
 20
7.8641732283464565
 30
0.0
 40
0.03401574803149606
  1
1'-5¾"
 72
1
 11
5.019685039370079
 21
7.8641732283464565
 31
0.0
100
AcDbText
  0
TEXT
  5
CF
330
17
100
AcDbEntity
  8
TEXT
100
AcDbText
 10
6.791338582677165
 20
7.8641732283464565
 30
0.0
 40
0.03401574803149606
  1
1'-5¾"
 72
1
 11
6.791338582677165
 21
7.8641732283464565
 31
0.0
100
AcDbText
  0
TEXT
  5
D0
330
17
100
AcDbEntity
  8
TEXT
100
AcDbText
 10
8.562992125984252
 20
7.8641732283464565
 30
0.0
 40
0.03401574803149606
  1
1'-5¾"
 72
1
 11
8.562992125984252
 21
7.8641732283464565
 31
0.0
100
AcDbText
  0
LINE
  5
D1
330
17
100
AcDbEntity
  8
DIMENSIONS
100
AcDbLine
 10
1.25
 20
7.596456692913385
 30
0.0
 11
10.561023622047244
 21
7.596456692913385
 31
0.0
  0
LINE
  5
D2
330
17
100
AcDbEntity
  8
DIMENSIONS
100
AcDbLine
 10
1.3090551181102361
 20
7.832677165354331
 30
0.0
 11
1.3090551181102361
 21
7.549212598425196
 31
0.0
  0
LINE
  5
D3
330
17
100
AcDbEntity
  8
DIMENSIONS
100
AcDbLine
 10
1.2696850393700787
 20
7.557086614173228
 30
0.0
 11
1.3484251968503937
 21
7.635826771653543
 31
0.0
  0
LINE
  5
D4
330
17
100
AcDbEntity
  8
DIMENSIONS
100
AcDbLine
 10
2.3622047244094486
 20
7.832677165354331
 30
0.0
 11
2.3622047244094486
 21
7.549212598425196
 31
0.0
  0
LINE
  5
D5
330
17
100
AcDbEntity
  8
DIMENSIONS
100
AcDbLine
 10
2.322834645669291
 20
7.557086614173228
 30
0.0
 11
2.4015748031496065
 21
7.635826771653543
 31
0.0
  0
LINE
  5
D6
330
17
100
AcDbEntity
  8
DIMENSIONS
100
AcDbLine
 10
9.448818897637794
 20
7.832677165354331
 30
0.0
 11
9.448818897637794
 21
7.549212598425196
 31
0.0
  0
LINE
  5
D7
330
17
100
AcDbEntity
  8
DIMENSIONS
100
AcDbLine
 10
9.409448818897637
 20
7.557086614173228
 30
0.0
 11
9.488188976377952
 21
7.635826771653543
 31
0.0
  0
LINE
  5
D8
330
17
100
AcDbEntity
  8
DIMENSIONS
100
AcDbLine
 10
10.501968503937007
 20
7.832677165354331
 30
0.0
 11
10.501968503937007
 21
7.549212598425196
 31
0.0
  0
LINE
  5
D9
330
17
100
AcDbEntity
  8
DIMENSIONS
100
AcDbLine
 10
10.46259842519685
 20
7.557086614173228
 30
0.0
 11
10.541338582677165
 21
7.635826771653543
 31
0.0
  0
TEXT
  5
DA
330
17
100
AcDbEntity
  8
TEXT
100
AcDbText
 10
1.8358267716535435
 20
7.627952755905512
 30
0.0
 40
0.035433070866141725
  1
10½"
 72
1
 11
1.8358267716535435
 21
7.627952755905512
 31
0.0
100
AcDbText
  0
TEXT
  5
DB
330
17
100
AcDbEntity
  8
TEXT
100
AcDbText
 10
5.905511811023622
 20
7.627952755905512
 30
0.0
 40
0.035433070866141725
  1
5'-10⅞" STRAIGHT FRONT
 72
1
 11
5.905511811023622
 21
7.627952755905512
 31
0.0
100
AcDbText
  0
TEXT
  5
DC
330
17
100
AcDbEntity
  8
TEXT
100
AcDbText
 10
9.975590551181101
 20
7.627952755905512
 30
0.0
 40
0.035433070866141725
  1
10½"
 72
1
 11
9.975590551181101
 21
7.627952755905512
 31
0.0
100
AcDbText
  0
LINE
  5
DD
330
17
100
AcDbEntity
  8
DIMENSIONS
100
AcDbLine
 10
1.1122047244094488
 20
9.753937007874015
 30
0.0
 11
1.1122047244094488
 21
8.041338582677165
 31
0.0
  0
LINE
  5
DE
330
17
100
AcDbEntity
  8
DIMENSIONS
100
AcDbLine
 10
2.322834645669291
 20
9.69488188976378
 30
0.0
 11
1.1594488188976377
 21
9.69488188976378
 31
0.0
  0
LINE
  5
DF
330
17
100
AcDbEntity
  8
DIMENSIONS
100
AcDbLine
 10
1.0728346456692914
 20
9.655511811023622
 30
0.0
 11
1.1515748031496063
 21
9.734251968503937
 31
0.0
  0
LINE
  5
E0
330
17
100
AcDbEntity
  8
DIMENSIONS
100
AcDbLine
 10
2.322834645669291
 20
8.100393700787402
 30
0.0
 11
1.1594488188976377
 21
8.100393700787402
 31
0.0
  0
LINE
  5
E1
330
17
100
AcDbEntity
  8
DIMENSIONS
100
AcDbLine
 10
1.0728346456692914
 20
8.061023622047244
 30
0.0
 11
1.1515748031496063
 21
8.13976377952756
 31
0.0
  0
TEXT
  5
E2
330
17
100
AcDbEntity
  8
TEXT
100
AcDbText
 10
1.080708661417323
 20
8.89763779527559
 30
0.0
 40
0.03259842519685039
  1
1'-4"
 50
90.0
 72
1
 11
1.080708661417323
 21
8.89763779527559
 31
0.0
100
AcDbText
  0
TEXT
  5
E3
330
17
100
AcDbEntity
  8
TEXT
100
AcDbText
 10
5.905511811023622
 20
7.163385826771653
 30
0.0
 40
0.04251968503937008
  1
▼  THE FOOT OF THE BED, 2 ft 6⅜ in FROM THE FRONTS — 1 ft 4⅝ in WITH A DRAWER OUT
 72
1
 11
5.905511811023622
 21
7.163385826771653
 31
0.0
100
AcDbText
  0
LINE
  5
E4
330
17
100
AcDbEntity
  8
GEOMETRY
100
AcDbLine
 10
2.65748031496063
 20
9.921259842519685
 30
0.0
 11
1.968503937007874
 21
10.511811023622046
 31
0.0
  0
TEXT
  5
E5
330
17
100
AcDbEntity
  8
TEXT
100
AcDbText
 10
1.9291338582677164
 20
10.503937007874017
 30
0.0
 40
0.048188976377952754
  1
GLASS-BLOCK PARTITION
 72
2
 11
1.9291338582677164
 21
10.503937007874017
 31
0.0
100
AcDbText
  0
TEXT
  5
E6
330
17
100
AcDbEntity
  8
TEXT
100
AcDbText
 10
1.9291338582677164
 20
10.413385826771654
 30
0.0
 40
0.04110236220472441
  1
AS BUILT IN THE 3D — NOT CHANGED
 72
2
 11
1.9291338582677164
 21
10.413385826771654
 31
0.0
100
AcDbText
  0
LINE
  5
E7
330
17
100
AcDbEntity
  8
GEOMETRY
100
AcDbLine
 10
5.669291338582677
 20
9.960629921259843
 30
0.0
 11
4.21259842519685
 21
10.236220472440944
 31
0.0
  0
TEXT
  5
E8
330
17
100
AcDbEntity
  8
TEXT
100
AcDbText
 10
4.173228346456693
 20
10.228346456692913
 30
0.0
 40
0.048188976377952754
  1
WOOD COLUMN, 1 FT
 72
2
 11
4.173228346456693
 21
10.228346456692913
 31
0.0
100
AcDbText
  0
LINE
  5
E9
330
17
100
AcDbEntity
  8
GEOMETRY
100
AcDbLine
 10
3.9625984251968505
 20
9.51771653543307
 30
0.0
 11
2.9133858267716537
 21
10.236220472440944
 31
0.0
  0
TEXT
  5
EA
330
17
100
AcDbEntity
  8
TEXT
100
AcDbText
 10
2.874015748031496
 20
10.228346456692913
 30
0.0
 40
0.048188976377952754
  1
TV ABOVE (DASHED)
 72
2
 11
2.874015748031496
 21
10.228346456692913
 31
0.0
100
AcDbText
  0
LINE
  5
EB
330
17
100
AcDbEntity
  8
GEOMETRY
100
AcDbLine
 10
7.4015748031496065
 20
9.655511811023622
 30
0.0
 11
6.496062992125984
 21
10.511811023622046
 31
0.0
  0
TEXT
  5
EC
330
17
100
AcDbEntity
  8
TEXT
100
AcDbText
 10
6.535433070866142
 20
10.503937007874017
 30
0.0
 40
0.048188976377952754
  1
BACK PANEL, VENEERED BOTH FACES
 11
6.535433070866142
 21
10.503937007874017
 31
0.0
100
AcDbText
  0
TEXT
  5
ED
330
17
100
AcDbEntity
  8
TEXT
100
AcDbText
 10
6.535433070866142
 20
10.413385826771654
 30
0.0
 40
0.04110236220472441
  1
IT READS THROUGH THE GLASS FROM THE DESK
 11
6.535433070866142
 21
10.413385826771654
 31
0.0
100
AcDbText
  0
LINE
  5
EE
330
17
100
AcDbEntity
  8
GEOMETRY
100
AcDbLine
 10
6.318897637795276
 20
8.887795275590552
 30
0.0
 11
8.11023622047244
 21
10.236220472440944
 31
0.0
  0
TEXT
  5
EF
330
17
100
AcDbEntity
  8
TEXT
100
AcDbText
 10
8.149606299212598
 20
10.228346456692913
 30
0.0
 40
0.048188976377952754
  1
DRAWER BOX ON 350 RUNNERS
 11
8.149606299212598
 21
10.228346456692913
 31
0.0
100
AcDbText
  0
TEXT
  5
F0
330
17
100
AcDbEntity
  8
TEXT
100
AcDbText
 10
8.149606299212598
 20
10.137795275590552
 30
0.0
 40
0.04110236220472441
  1
FULL EXTENSION, SOFT CLOSE
 11
8.149606299212598
 21
10.137795275590552
 31
0.0
100
AcDbText
  0
LINE
  5
F1
330
17
100
AcDbEntity
  8
GEOMETRY
100
AcDbLine
 10
10.072047244094488
 20
8.36023622047244
 30
0.0
 11
9.763779527559056
 21
10.511811023622046
 31
0.0
  0
TEXT
  5
F2
330
17
100
AcDbEntity
  8
TEXT
100
AcDbText
 10
9.803149606299213
 20
10.503937007874017
 30
0.0
 40
0.048188976377952754
  1
ROUND END, FIXED
 11
9.803149606299213
 21
10.503937007874017
 31
0.0
100
AcDbText
  0
TEXT
  5
F3
330
17
100
AcDbEntity
  8
TEXT
100
AcDbText
 10
9.803149606299213
 20
10.413385826771654
 30
0.0
 40
0.04110236220472441
  1
DETAIL 1
 11
9.803149606299213
 21
10.413385826771654
 31
0.0
100
AcDbText
  0
LINE
  5
F4
330
17
100
AcDbEntity
  8
GEOMETRY
100
AcDbLine
 10
3.188188976377953
 20
6.619685039370078
 30
0.0
 11
1.2598425196850394
 21
6.966535433070866
 31
0.0
  0
TEXT
  5
F5
330
17
100
AcDbEntity
  8
TEXT
100
AcDbText
 10
1.2992125984251968
 20
6.958661417322834
 30
0.0
 40
0.048188976377952754
  1
DOORS HINGE ON THE DRAWER SIDE
 11
1.2992125984251968
 21
6.958661417322834
 31
0.0
100
AcDbText
  0
TEXT
  5
F6
330
17
100
AcDbEntity
  8
TEXT
100
AcDbText
 10
1.2992125984251968
 20
6.868110236220472
 30
0.0
 40
0.04110236220472441
  1
THEY SWING CLEAR OF THE ROUND ENDS
 11
1.2992125984251968
 21
6.868110236220472
 31
0.0
100
AcDbText
  0
LWPOLYLINE
  5
F7
330
17
100
AcDbEntity
  8
GEOMETRY
100
AcDbPolyline
 90
2
 70
0
 10
6.55511811023622
 20
10.314960629921261
 10
6.791338582677165
 20
10.314960629921261
  0
LWPOLYLINE
  5
F8
330
17
100
AcDbEntity
  8
GEOMETRY
100
AcDbPolyline
 90
3
 70
0
 10
6.673228346456693
 20
10.314960629921261
 10
6.673228346456693
 20
10.196850393700789
 10
6.633858267716535
 20
10.244094488188978
  0
LWPOLYLINE
  5
F9
330
17
100
AcDbEntity
  8
GEOMETRY
100
AcDbPolyline
 90
2
 70
0
 10
6.673228346456693
 20
10.196850393700789
 10
6.71259842519685
 20
10.244094488188978
  0
TEXT
  5
FA
330
17
100
AcDbEntity
  8
TEXT
100
AcDbText
 10
6.830708661417323
 20
10.275590551181102
 30
0.0
 40
0.07370078740157479
  1
A
 11
6.830708661417323
 21
10.275590551181102
 31
0.0
100
AcDbText
  0
LWPOLYLINE
  5
FB
330
17
100
AcDbEntity
  8
GEOMETRY
100
AcDbPolyline
 90
2
 70
0
 10
6.55511811023622
 20
7.399606299212599
 10
6.791338582677165
 20
7.399606299212599
  0
LWPOLYLINE
  5
FC
330
17
100
AcDbEntity
  8
GEOMETRY
100
AcDbPolyline
 90
3
 70
0
 10
6.673228346456693
 20
7.399606299212599
 10
6.673228346456693
 20
7.517716535433071
 10
6.633858267716535
 20
7.470472440944882
  0
LWPOLYLINE
  5
FD
330
17
100
AcDbEntity
  8
GEOMETRY
100
AcDbPolyline
 90
2
 70
0
 10
6.673228346456693
 20
7.517716535433071
 10
6.71259842519685
 20
7.470472440944882
  0
TEXT
  5
FE
330
17
100
AcDbEntity
  8
TEXT
100
AcDbText
 10
6.830708661417323
 20
7.360236220472441
 30
0.0
 40
0.07370078740157479
  1
A
 11
6.830708661417323
 21
7.360236220472441
 31
0.0
100
AcDbText
  0
TEXT
  5
FF
330
17
100
AcDbEntity
  8
TEXT
100
AcDbText
 10
0.7086614173228346
 20
6.2204724409448815
 30
0.0
 40
0.09070866141732283
  1
FRONT
 11
0.7086614173228346
 21
6.2204724409448815
 31
0.0
100
AcDbText
  0
LINE
  5
100
330
17
100
AcDbEntity
  8
GEOMETRY
100
AcDbLine
 10
0.7086614173228346
 20
6.161417322834645
 30
0.0
 11
6.6141732283464565
 21
6.161417322834645
 31
0.0
  0
TEXT
  5
101
330
17
100
AcDbEntity
  8
TEXT
100
AcDbText
 10
0.7086614173228346
 20
6.031496062992125
 30
0.0
 40
0.048188976377952754
  1
SEEN FROM THE BED · SCALE 1:10 · THE GLASS BROKEN OFF ABOVE
 11
0.7086614173228346
 21
6.031496062992125
 31
0.0
100
AcDbText
  0
LWPOLYLINE
  5
102
330
17
100
AcDbEntity
  8
GEOMETRY
100
AcDbPolyline
 90
5
 70
0
 10
1.364370078740157
 20
5.236220472440945
 10
1.8524409448818893
 20
5.236220472440945
 10
1.8524409448818893
 20
4.685039370078741
 10
1.364370078740157
 20
4.685039370078741
 10
1.364370078740157
 20
5.236220472440945
  0
LWPOLYLINE
  5
103
330
17
100
AcDbEntity
  8
GEOMETRY
100
AcDbPolyline
 90
5
 70
0
 10
1.364370078740157
 20
5.31496062992126
 10
1.8524409448818893
 20
5.31496062992126
 10
1.8524409448818893
 20
5.275590551181103
 10
1.364370078740157
 20
5.275590551181103
 10
1.364370078740157
 20
5.31496062992126
  0
LWPOLYLINE
  5
104
330
17
100
AcDbEntity
  8
GEOMETRY
100
AcDbPolyline
 90
5
 70
0
 10
1.8881102362204722
 20
5.236220472440945
 10
2.3969685039370074
 20
5.236220472440945
 10
2.3969685039370074
 20
4.685039370078741
 10
1.8881102362204722
 20
4.685039370078741
 10
1.8881102362204722
 20
5.236220472440945
  0
LWPOLYLINE
  5
105
330
17
100
AcDbEntity
  8
GEOMETRY
100
AcDbPolyline
 90
5
 70
0
 10
1.8881102362204722
 20
5.31496062992126
 10
2.3969685039370074
 20
5.31496062992126
 10
2.3969685039370074
 20
5.275590551181103
 10
1.8881102362204722
 20
5.275590551181103
 10
1.8881102362204722
 20
5.31496062992126
  0
LWPOLYLINE
  5
106
330
17
100
AcDbEntity
  8
GEOMETRY
100
AcDbPolyline
 90
5
 70
0
 10
2.4338976377952757
 20
5.236220472440945
 10
2.9567716535433073
 20
5.236220472440945
 10
2.9567716535433073
 20
4.685039370078741
 10
2.4338976377952757
 20
4.685039370078741
 10
2.4338976377952757
 20
5.236220472440945
  0
LWPOLYLINE
  5
107
330
17
100
AcDbEntity
  8
GEOMETRY
100
AcDbPolyline
 90
5
 70
0
 10
2.4338976377952757
 20
5.31496062992126
 10
2.9567716535433073
 20
5.31496062992126
 10
2.9567716535433073
 20
5.275590551181103
 10
2.4338976377952757
 20
5.275590551181103
 10
2.4338976377952757
 20
5.31496062992126
  0
LWPOLYLINE
  5
108
330
17
100
AcDbEntity
  8
GEOMETRY
100
AcDbPolyline
 90
5
 70
0
 10
2.9944488188976375
 20
5.236220472440945
 10
3.5243700787401577
 20
5.236220472440945
 10
3.5243700787401577
 20
4.685039370078741
 10
2.9944488188976375
 20
4.685039370078741
 10
2.9944488188976375
 20
5.236220472440945
  0
LWPOLYLINE
  5
109
330
17
100
AcDbEntity
  8
GEOMETRY
100
AcDbPolyline
 90
5
 70
0
 10
2.9944488188976375
 20
5.31496062992126
 10
3.5243700787401577
 20
5.31496062992126
 10
3.5243700787401577
 20
5.275590551181103
 10
2.9944488188976375
 20
5.275590551181103
 10
2.9944488188976375
 20
5.31496062992126
  0
LWPOLYLINE
  5
10A
330
17
100
AcDbEntity
  8
GEOMETRY
100
AcDbPolyline
 90
5
 70
0
 10
3.562992125984252
 20
5.236220472440945
 10
4.1141732283464565
 20
5.236220472440945
 10
4.1141732283464565
 20
4.685039370078741
 10
3.562992125984252
 20
4.685039370078741
 10
3.562992125984252
 20
5.236220472440945
  0
LWPOLYLINE
  5
10B
330
17
100
AcDbEntity
  8
GEOMETRY
100
AcDbPolyline
 90
5
 70
0
 10
3.562992125984252
 20
5.31496062992126
 10
4.1141732283464565
 20
5.31496062992126
 10
4.1141732283464565
 20
5.275590551181103
 10
3.562992125984252
 20
5.275590551181103
 10
3.562992125984252
 20
5.31496062992126
  0
LWPOLYLINE
  5
10C
330
17
100
AcDbEntity
  8
GEOMETRY
100
AcDbPolyline
 90
5
 70
0
 10
4.153543307086614
 20
5.236220472440945
 10
4.7047244094488185
 20
5.236220472440945
 10
4.7047244094488185
 20
4.685039370078741
 10
4.153543307086614
 20
4.685039370078741
 10
4.153543307086614
 20
5.236220472440945
  0
LWPOLYLINE
  5
10D
330
17
100
AcDbEntity
  8
GEOMETRY
100
AcDbPolyline
 90
5
 70
0
 10
4.153543307086614
 20
5.31496062992126
 10
4.7047244094488185
 20
5.31496062992126
 10
4.7047244094488185
 20
5.275590551181103
 10
4.153543307086614
 20
5.275590551181103
 10
4.153543307086614
 20
5.31496062992126
  0
LWPOLYLINE
  5
10E
330
17
100
AcDbEntity
  8
GEOMETRY
100
AcDbPolyline
 90
5
 70
0
 10
4.744094488188976
 20
5.236220472440945
 10
5.2952755905511815
 20
5.236220472440945
 10
5.2952755905511815
 20
4.685039370078741
 10
4.744094488188976
 20
4.685039370078741
 10
4.744094488188976
 20
5.236220472440945
  0
LWPOLYLINE
  5
10F
330
17
100
AcDbEntity
  8
GEOMETRY
100
AcDbPolyline
 90
5
 70
0
 10
4.744094488188976
 20
5.31496062992126
 10
5.2952755905511815
 20
5.31496062992126
 10
5.2952755905511815
 20
5.275590551181103
 10
4.744094488188976
 20
5.275590551181103
 10
4.744094488188976
 20
5.31496062992126
  0
LWPOLYLINE
  5
110
330
17
100
AcDbEntity
  8
GEOMETRY
100
AcDbPolyline
 90
5
 70
0
 10
6.515748031496063
 20
5.236220472440945
 10
7.066929133858268
 20
5.236220472440945
 10
7.066929133858268
 20
4.685039370078741
 10
6.515748031496063
 20
4.685039370078741
 10
6.515748031496063
 20
5.236220472440945
  0
LWPOLYLINE
  5
111
330
17
100
AcDbEntity
  8
GEOMETRY
100
AcDbPolyline
 90
5
 70
0
 10
6.515748031496063
 20
5.31496062992126
 10
7.066929133858268
 20
5.31496062992126
 10
7.066929133858268
 20
5.275590551181103
 10
6.515748031496063
 20
5.275590551181103
 10
6.515748031496063
 20
5.31496062992126
  0
LWPOLYLINE
  5
112
330
17
100
AcDbEntity
  8
GEOMETRY
100
AcDbPolyline
 90
5
 70
0
 10
7.106299212598425
 20
5.236220472440945
 10
7.65748031496063
 20
5.236220472440945
 10
7.65748031496063
 20
4.685039370078741
 10
7.106299212598425
 20
4.685039370078741
 10
7.106299212598425
 20
5.236220472440945
  0
LWPOLYLINE
  5
113
330
17
100
AcDbEntity
  8
GEOMETRY
100
AcDbPolyline
 90
5
 70
0
 10
7.106299212598425
 20
5.31496062992126
 10
7.65748031496063
 20
5.31496062992126
 10
7.65748031496063
 20
5.275590551181103
 10
7.106299212598425
 20
5.275590551181103
 10
7.106299212598425
 20
5.31496062992126
  0
LWPOLYLINE
  5
114
330
17
100
AcDbEntity
  8
GEOMETRY
100
AcDbPolyline
 90
5
 70
0
 10
7.696850393700787
 20
5.236220472440945
 10
8.248031496062993
 20
5.236220472440945
 10
8.248031496062993
 20
4.685039370078741
 10
7.696850393700787
 20
4.685039370078741
 10
7.696850393700787
 20
5.236220472440945
  0
LWPOLYLINE
  5
115
330
17
100
AcDbEntity
  8
GEOMETRY
100
AcDbPolyline
 90
5
 70
0
 10
7.696850393700787
 20
5.31496062992126
 10
8.248031496062993
 20
5.31496062992126
 10
8.248031496062993
 20
5.275590551181103
 10
7.696850393700787
 20
5.275590551181103
 10
7.696850393700787
 20
5.31496062992126
  0
LWPOLYLINE
  5
116
330
17
100
AcDbEntity
  8
GEOMETRY
100
AcDbPolyline
 90
5
 70
0
 10
8.286692913385826
 20
5.236220472440945
 10
8.816614173228347
 20
5.236220472440945
 10
8.816614173228347
 20
4.685039370078741
 10
8.286692913385826
 20
4.685039370078741
 10
8.286692913385826
 20
5.236220472440945
  0
LWPOLYLINE
  5
117
330
17
100
AcDbEntity
  8
GEOMETRY
100
AcDbPolyline
 90
5
 70
0
 10
8.286692913385826
 20
5.31496062992126
 10
8.816614173228347
 20
5.31496062992126
 10
8.816614173228347
 20
5.275590551181103
 10
8.286692913385826
 20
5.275590551181103
 10
8.286692913385826
 20
5.31496062992126
  0
LWPOLYLINE
  5
118
330
17
100
AcDbEntity
  8
GEOMETRY
100
AcDbPolyline
 90
5
 70
0
 10
8.854251968503938
 20
5.236220472440945
 10
9.37712598425197
 20
5.236220472440945
 10
9.37712598425197
 20
4.685039370078741
 10
8.854251968503938
 20
4.685039370078741
 10
8.854251968503938
 20
5.236220472440945
  0
LWPOLYLINE
  5
119
330
17
100
AcDbEntity
  8
GEOMETRY
100
AcDbPolyline
 90
5
 70
0
 10
8.854251968503938
 20
5.31496062992126
 10
9.37712598425197
 20
5.31496062992126
 10
9.37712598425197
 20
5.275590551181103
 10
8.854251968503938
 20
5.275590551181103
 10
8.854251968503938
 20
5.31496062992126
  0
LWPOLYLINE
  5
11A
330
17
100
AcDbEntity
  8
GEOMETRY
100
AcDbPolyline
 90
5
 70
0
 10
9.414055118110237
 20
5.236220472440945
 10
9.922913385826773
 20
5.236220472440945
 10
9.922913385826773
 20
4.685039370078741
 10
9.414055118110237
 20
4.685039370078741
 10
9.414055118110237
 20
5.236220472440945
  0
LWPOLYLINE
  5
11B
330
17
100
AcDbEntity
  8
GEOMETRY
100
AcDbPolyline
 90
5
 70
0
 10
9.414055118110237
 20
5.31496062992126
 10
9.922913385826773
 20
5.31496062992126
 10
9.922913385826773
 20
5.275590551181103
 10
9.414055118110237
 20
5.275590551181103
 10
9.414055118110237
 20
5.31496062992126
  0
LWPOLYLINE
  5
11C
330
17
100
AcDbEntity
  8
GEOMETRY
100
AcDbPolyline
 90
5
 70
0
 10
9.958582677165355
 20
5.236220472440945
 10
10.446653543307088
 20
5.236220472440945
 10
10.446653543307088
 20
4.685039370078741
 10
9.958582677165355
 20
4.685039370078741
 10
9.958582677165355
 20
5.236220472440945
  0
LWPOLYLINE
  5
11D
330
17
100
AcDbEntity
  8
GEOMETRY
100
AcDbPolyline
 90
5
 70
0
 10
9.958582677165355
 20
5.31496062992126
 10
10.446653543307088
 20
5.31496062992126
 10
10.446653543307088
 20
5.275590551181103
 10
9.958582677165355
 20
5.275590551181103
 10
9.958582677165355
 20
5.31496062992126
  0
LWPOLYLINE
  5
11E
330
17
100
AcDbEntity
  8
GEOMETRY
100
AcDbPolyline
 90
5
 70
0
 10
5.334645669291339
 20
5.31496062992126
 10
6.4763779527559056
 20
5.31496062992126
 10
6.4763779527559056
 20
4.645669291338583
 10
5.334645669291339
 20
4.645669291338583
 10
5.334645669291339
 20
5.31496062992126
  0
LWPOLYLINE
  5
11F
330
17
100
AcDbEntity
  8
GEOMETRY
100
AcDbPolyline
 90
5
 70
0
 10
10.456653543307086
 20
5.31496062992126
 10
10.503937007874017
 20
5.31496062992126
 10
10.503937007874017
 20
4.645669291338583
 10
10.456653543307086
 20
4.645669291338583
 10
10.456653543307086
 20
5.31496062992126
  0
LWPOLYLINE
  5
120
330
17
100
AcDbEntity
  8
GEOMETRY
100
AcDbPolyline
 90
5
 70
0
 10
1.3070866141732278
 20
5.31496062992126
 10
1.3543700787401571
 20
5.31496062992126
 10
1.3543700787401571
 20
4.645669291338583
 10
1.3070866141732278
 20
4.645669291338583
 10
1.3070866141732278
 20
5.31496062992126
  0
LWPOLYLINE
  5
121
330
17
100
AcDbEntity
  8
GEOMETRY
100
AcDbPolyline
 90
6
 70
0
 10
1.063700787401575
 20
5.346456692913387
 10
5.669291338582677
 20
5.346456692913387
 10
5.826771653543307
 20
5.523622047244095
 10
5.984251968503937
 20
5.169291338582679
 10
6.141732283464567
 20
5.346456692913387
 10
10.747322834645669
 20
5.346456692913387
  0
LWPOLYLINE
  5
122
330
17
100
AcDbEntity
  8
GEOMETRY
100
AcDbPolyline
 90
5
 70
0
 10
1.4936220472440946
 20
3.1102362204724407
 10
10.31740157480315
 20
3.1102362204724407
 10
10.31740157480315
 20
2.8740157480314963
 10
1.4936220472440946
 20
2.8740157480314963
 10
1.4936220472440946
 20
3.1102362204724407
  0
LWPOLYLINE
  5
123
330
17
100
AcDbEntity
  8
GEOMETRY
100
AcDbPolyline
 90
5
 70
0
 10
2.3622047244094486
 20
4.543307086614174
 10
9.448818897637794
 20
4.543307086614174
 10
9.448818897637794
 20
3.1102362204724407
 10
2.3622047244094486
 20
3.1102362204724407
 10
2.3622047244094486
 20
4.543307086614174
  0
LWPOLYLINE
  5
124
330
17
100
AcDbEntity
  8
GEOMETRY
100
AcDbPolyline
 90
5
 70
0
 10
1.3088976377952755
 20
4.543307086614174
 10
2.3622047244094486
 20
4.543307086614174
 10
2.3622047244094486
 20
3.1102362204724407
 10
1.3088976377952755
 20
3.1102362204724407
 10
1.3088976377952755
 20
4.543307086614174
  0
LINE
  5
125
330
17
100
AcDbEntity
  8
GEOMETRY
100
AcDbLine
 10
2.089566929133858
 20
3.1102362204724407
 30
0.0
 11
2.089566929133858
 21
4.543307086614173
 31
0.0
  0
LINE
  5
126
330
17
100
AcDbEntity
  8
GEOMETRY
100
AcDbLine
 10
1.8039763779527558
 20
3.1102362204724407
 30
0.0
 11
1.8039763779527558
 21
4.543307086614173
 31
0.0
  0
LINE
  5
127
330
17
100
AcDbEntity
  8
GEOMETRY
100
AcDbLine
 10
1.5793307086614177
 20
3.1102362204724407
 30
0.0
 11
1.5793307086614177
 21
4.543307086614173
 31
0.0
  0
LINE
  5
128
330
17
100
AcDbEntity
  8
GEOMETRY
100
AcDbLine
 10
1.4320866141732282
 20
3.1102362204724407
 30
0.0
 11
1.4320866141732282
 21
4.543307086614173
 31
0.0
  0
LINE
  5
129
330
17
100
AcDbEntity
  8
GEOMETRY
100
AcDbLine
 10
1.3495669291338581
 20
3.1102362204724407
 30
0.0
 11
1.3495669291338581
 21
4.543307086614173
 31
0.0
  0
LWPOLYLINE
  5
12A
330
17
100
AcDbEntity
  8
GEOMETRY
100
AcDbPolyline
 90
5
 70
0
 10
9.448818897637794
 20
4.543307086614174
 10
10.502125984251968
 20
4.543307086614174
 10
10.502125984251968
 20
3.1102362204724407
 10
9.448818897637794
 20
3.1102362204724407
 10
9.448818897637794
 20
4.543307086614174
  0
LINE
  5
12B
330
17
100
AcDbEntity
  8
GEOMETRY
100
AcDbLine
 10
9.721456692913387
 20
3.1102362204724407
 30
0.0
 11
9.721456692913387
 21
4.543307086614173
 31
0.0
  0
LINE
  5
12C
330
17
100
AcDbEntity
  8
GEOMETRY
100
AcDbLine
 10
10.007047244094489
 20
3.1102362204724407
 30
0.0
 11
10.007047244094489
 21
4.543307086614173
 31
0.0
  0
LINE
  5
12D
330
17
100
AcDbEntity
  8
GEOMETRY
100
AcDbLine
 10
10.231692913385826
 20
3.1102362204724407
 30
0.0
 11
10.231692913385826
 21
4.543307086614173
 31
0.0
  0
LINE
  5
12E
330
17
100
AcDbEntity
  8
GEOMETRY
100
AcDbLine
 10
10.378937007874015
 20
3.1102362204724407
 30
0.0
 11
10.378937007874015
 21
4.543307086614173
 31
0.0
  0
LINE
  5
12F
330
17
100
AcDbEntity
  8
GEOMETRY
100
AcDbLine
 10
10.461456692913385
 20
3.1102362204724407
 30
0.0
 11
10.461456692913385
 21
4.543307086614173
 31
0.0
  0
POLYLINE
  5
130
330
17
100
AcDbEntity
  8
GEOMETRY
100
AcDb2dPolyline
 66
1
 10
0.0
 20
0.0
 30
0.0
 70
0
  0
VERTEX
  5
131
330
130
100
AcDbEntity
  8
GEOMETRY
100
AcDbVertex
100
AcDb2dVertex
 10
2.3937007874015745
 20
4.531496062992127
 30
0.0
 70
0
  0
VERTEX
  5
132
330
130
100
AcDbEntity
  8
GEOMETRY
100
AcDbVertex
100
AcDb2dVertex
 10
4.108267716535432
 20
4.531496062992127
 30
0.0
 70
0
  0
SEQEND
  5
133
330
130
100
AcDbEntity
  8
GEOMETRY
  0
SPLINE
  5
134
330
17
100
AcDbEntity
  8
GEOMETRY
100
AcDbSpline
 70
0
 71
3
 72
14
 73
10
 74
0
 40
0.0
 40
0.0
 40
0.0
 40
0.0
 40
1.0
 40
1.0
 40
1.0
 40
2.0
 40
2.0
 40
2.0
 40
3.0
 40
3.0
 40
3.0
 40
3.0
 10
4.108267716535432
 20
4.531496062992127
 30
0.0
 10
4.111722905415552
 20
4.531496062992127
 30
0.0
 10
4.115117954875416
 20
4.530586362231092
 30
0.0
 10
4.118110236220472
 20
4.528858767791032
 30
0.0
 10
4.121102517565529
 20
4.527131173350973
 30
0.0
 10
4.123587866264359
 20
4.5246458246521435
 30
0.0
 10
4.125315460704418
 20
4.521653543307087
 30
0.0
 10
4.127043055144478
 20
4.5186612619620306
 30
0.0
 10
4.127952755905511
 20
4.515266212502167
 30
0.0
 10
4.127952755905511
 20
4.511811023622047
 30
0.0
  0
POLYLINE
  5
135
330
17
100
AcDbEntity
  8
GEOMETRY
100
AcDb2dPolyline
 66
1
 10
0.0
 20
0.0
 30
0.0
 70
0
  0
VERTEX
  5
136
330
135
100
AcDbEntity
  8
GEOMETRY
100
AcDbVertex
100
AcDb2dVertex
 10
4.127952755905511
 20
4.511811023622047
 30
0.0
 70
0
  0
VERTEX
  5
137
330
135
100
AcDbEntity
  8
GEOMETRY
100
AcDbVertex
100
AcDb2dVertex
 10
4.127952755905511
 20
3.1417322834645667
 30
0.0
 70
0
  0
SEQEND
  5
138
330
135
100
AcDbEntity
  8
GEOMETRY
  0
SPLINE
  5
139
330
17
100
AcDbEntity
  8
GEOMETRY
100
AcDbSpline
 70
0
 71
3
 72
14
 73
10
 74
0
 40
0.0
 40
0.0
 40
0.0
 40
0.0
 40
1.0
 40
1.0
 40
1.0
 40
2.0
 40
2.0
 40
2.0
 40
3.0
 40
3.0
 40
3.0
 40
3.0
 10
4.127952755905511
 20
3.1417322834645667
 30
0.0
 10
4.127952755905511
 20
3.1382770945844474
 30
0.0
 10
4.127043055144478
 20
3.1348820451245842
 30
0.0
 10
4.125315460704418
 20
3.1318897637795278
 30
0.0
 10
4.123587866264359
 20
3.1288974824344713
 30
0.0
 10
4.121102517565529
 20
3.1264121337356414
 30
0.0
 10
4.118110236220472
 20
3.1246845392955827
 30
0.0
 10
4.115117954875416
 20
3.122956944855524
 30
0.0
 10
4.111722905415552
 20
3.122047244094489
 30
0.0
 10
4.108267716535432
 20
3.122047244094489
 30
0.0
  0
POLYLINE
  5
13A
330
17
100
AcDbEntity
  8
GEOMETRY
100
AcDb2dPolyline
 66
1
 10
0.0
 20
0.0
 30
0.0
 70
0
  0
VERTEX
  5
13B
330
13A
100
AcDbEntity
  8
GEOMETRY
100
AcDbVertex
100
AcDb2dVertex
 10
4.108267716535432
 20
3.122047244094489
 30
0.0
 70
0
  0
VERTEX
  5
13C
330
13A
100
AcDbEntity
  8
GEOMETRY
100
AcDbVertex
100
AcDb2dVertex
 10
2.3937007874015745
 20
3.122047244094489
 30
0.0
 70
0
  0
SEQEND
  5
13D
330
13A
100
AcDbEntity
  8
GEOMETRY
  0
SPLINE
  5
13E
330
17
100
AcDbEntity
  8
GEOMETRY
100
AcDbSpline
 70
0
 71
3
 72
14
 73
10
 74
0
 40
0.0
 40
0.0
 40
0.0
 40
0.0
 40
1.0
 40
1.0
 40
1.0
 40
2.0
 40
2.0
 40
2.0
 40
3.0
 40
3.0
 40
3.0
 40
3.0
 10
2.3937007874015745
 20
3.122047244094489
 30
0.0
 10
2.3902455985214557
 20
3.122047244094489
 30
0.0
 10
2.386850549061592
 20
3.122956944855524
 30
0.0
 10
2.383858267716535
 20
3.1246845392955827
 30
0.0
 10
2.3808659863714787
 20
3.1264121337356414
 30
0.0
 10
2.3783806376726493
 20
3.1288974824344713
 30
0.0
 10
2.3766530432325896
 20
3.1318897637795278
 30
0.0
 10
2.37492544879253
 20
3.1348820451245842
 30
0.0
 10
2.374015748031496
 20
3.1382770945844474
 30
0.0
 10
2.374015748031496
 20
3.1417322834645667
 30
0.0
  0
POLYLINE
  5
13F
330
17
100
AcDbEntity
  8
GEOMETRY
100
AcDb2dPolyline
 66
1
 10
0.0
 20
0.0
 30
0.0
 70
0
  0
VERTEX
  5
140
330
13F
100
AcDbEntity
  8
GEOMETRY
100
AcDbVertex
100
AcDb2dVertex
 10
2.374015748031496
 20
3.1417322834645667
 30
0.0
 70
0
  0
VERTEX
  5
141
330
13F
100
AcDbEntity
  8
GEOMETRY
100
AcDbVertex
100
AcDb2dVertex
 10
2.374015748031496
 20
4.511811023622047
 30
0.0
 70
0
  0
SEQEND
  5
142
330
13F
100
AcDbEntity
  8
GEOMETRY
  0
SPLINE
  5
143
330
17
100
AcDbEntity
  8
GEOMETRY
100
AcDbSpline
 70
0
 71
3
 72
14
 73
10
 74
0
 40
0.0
 40
0.0
 40
0.0
 40
0.0
 40
1.0
 40
1.0
 40
1.0
 40
2.0
 40
2.0
 40
2.0
 40
3.0
 40
3.0
 40
3.0
 40
3.0
 10
2.374015748031496
 20
4.511811023622047
 30
0.0
 10
2.374015748031496
 20
4.515266212502167
 30
0.0
 10
2.37492544879253
 20
4.5186612619620306
 30
0.0
 10
2.3766530432325896
 20
4.521653543307087
 30
0.0
 10
2.3783806376726493
 20
4.5246458246521435
 30
0.0
 10
2.3808659863714787
 20
4.527131173350973
 30
0.0
 10
2.383858267716535
 20
4.528858767791032
 30
0.0
 10
2.386850549061592
 20
4.530586362231092
 30
0.0
 10
2.3902455985214557
 20
4.531496062992127
 30
0.0
 10
2.3937007874015745
 20
4.531496062992127
 30
0.0
  0
LWPOLYLINE
  5
144
330
17
100
AcDbEntity
  8
GEOMETRY
  6
DASHED
100
AcDbPolyline
 90
3
 70
0
 10
2.374015748031496
 20
3.1614173228346463
 10
4.127952755905511
 20
3.8267716535433074
 10
2.374015748031496
 20
4.4921259842519685
  0
LWPOLYLINE
  5
145
330
17
100
AcDbEntity
  8
GEOMETRY
100
AcDbPolyline
 90
5
 70
0
 10
2.5511811023622046
 20
4.338582677165355
 10
2.590551181102362
 20
4.338582677165355
 10
2.590551181102362
 20
3.3149606299212593
 10
2.5511811023622046
 20
3.3149606299212593
 10
2.5511811023622046
 20
4.338582677165355
  0
POLYLINE
  5
146
330
17
100
AcDbEntity
  8
GEOMETRY
100
AcDb2dPolyline
 66
1
 10
0.0
 20
0.0
 30
0.0
 70
0
  0
VERTEX
  5
147
330
146
100
AcDbEntity
  8
GEOMETRY
100
AcDbVertex
100
AcDb2dVertex
 10
4.159448818897638
 20
3.8208661417322842
 30
0.0
 70
0
  0
VERTEX
  5
148
330
146
100
AcDbEntity
  8
GEOMETRY
100
AcDbVertex
100
AcDb2dVertex
 10
5.87992125984252
 20
3.8208661417322842
 30
0.0
 70
0
  0
SEQEND
  5
149
330
146
100
AcDbEntity
  8
GEOMETRY
  0
SPLINE
  5
14A
330
17
100
AcDbEntity
  8
GEOMETRY
100
AcDbSpline
 70
0
 71
3
 72
14
 73
10
 74
0
 40
0.0
 40
0.0
 40
0.0
 40
0.0
 40
1.0
 40
1.0
 40
1.0
 40
2.0
 40
2.0
 40
2.0
 40
3.0
 40
3.0
 40
3.0
 40
3.0
 10
5.87992125984252
 20
3.8208661417322842
 30
0.0
 10
5.88337644872264
 20
3.8208661417322842
 30
0.0
 10
5.886771498182504
 20
3.819956440971249
 30
0.0
 10
5.88976377952756
 20
3.8182288465311904
 30
0.0
 10
5.892756060872617
 20
3.8165012520911317
 30
0.0
 10
5.895241409571446
 20
3.814015903392302
 30
0.0
 10
5.896969004011505
 20
3.8110236220472453
 30
0.0
 10
5.898696598451564
 20
3.808031340702189
 30
0.0
 10
5.899606299212599
 20
3.804636291242325
 30
0.0
 10
5.899606299212599
 20
3.8011811023622055
 30
0.0
  0
POLYLINE
  5
14B
330
17
100
AcDbEntity
  8
GEOMETRY
100
AcDb2dPolyline
 66
1
 10
0.0
 20
0.0
 30
0.0
 70
0
  0
VERTEX
  5
14C
330
14B
100
AcDbEntity
  8
GEOMETRY
100
AcDbVertex
100
AcDb2dVertex
 10
5.899606299212599
 20
3.8011811023622055
 30
0.0
 70
0
  0
VERTEX
  5
14D
330
14B
100
AcDbEntity
  8
GEOMETRY
100
AcDbVertex
100
AcDb2dVertex
 10
5.899606299212599
 20
3.1417322834645685
 30
0.0
 70
0
  0
SEQEND
  5
14E
330
14B
100
AcDbEntity
  8
GEOMETRY
  0
SPLINE
  5
14F
330
17
100
AcDbEntity
  8
GEOMETRY
100
AcDbSpline
 70
0
 71
3
 72
14
 73
10
 74
0
 40
0.0
 40
0.0
 40
0.0
 40
0.0
 40
1.0
 40
1.0
 40
1.0
 40
2.0
 40
2.0
 40
2.0
 40
3.0
 40
3.0
 40
3.0
 40
3.0
 10
5.899606299212599
 20
3.1417322834645685
 30
0.0
 10
5.899606299212599
 20
3.138277094584449
 30
0.0
 10
5.898696598451564
 20
3.1348820451245842
 30
0.0
 10
5.896969004011505
 20
3.1318897637795295
 30
0.0
 10
5.895241409571446
 20
3.128897482434473
 30
0.0
 10
5.892756060872617
 20
3.126412133735643
 30
0.0
 10
5.88976377952756
 20
3.1246845392955827
 30
0.0
 10
5.886771498182504
 20
3.122956944855524
 30
0.0
 10
5.88337644872264
 20
3.122047244094489
 30
0.0
 10
5.87992125984252
 20
3.122047244094489
 30
0.0
  0
POLYLINE
  5
150
330
17
100
AcDbEntity
  8
GEOMETRY
100
AcDb2dPolyline
 66
1
 10
0.0
 20
0.0
 30
0.0
 70
0
  0
VERTEX
  5
151
330
150
100
AcDbEntity
  8
GEOMETRY
100
AcDbVertex
100
AcDb2dVertex
 10
5.87992125984252
 20
3.122047244094489
 30
0.0
 70
0
  0
VERTEX
  5
152
330
150
100
AcDbEntity
  8
GEOMETRY
100
AcDbVertex
100
AcDb2dVertex
 10
4.159448818897638
 20
3.122047244094489
 30
0.0
 70
0
  0
SEQEND
  5
153
330
150
100
AcDbEntity
  8
GEOMETRY
  0
SPLINE
  5
154
330
17
100
AcDbEntity
  8
GEOMETRY
100
AcDbSpline
 70
0
 71
3
 72
14
 73
10
 74
0
 40
0.0
 40
0.0
 40
0.0
 40
0.0
 40
1.0
 40
1.0
 40
1.0
 40
2.0
 40
2.0
 40
2.0
 40
3.0
 40
3.0
 40
3.0
 40
3.0
 10
4.159448818897638
 20
3.122047244094489
 30
0.0
 10
4.155993630017519
 20
3.122047244094489
 30
0.0
 10
4.152598580557655
 20
3.122956944855524
 30
0.0
 10
4.149606299212598
 20
3.1246845392955827
 30
0.0
 10
4.146614017867543
 20
3.126412133735643
 30
0.0
 10
4.144128669168713
 20
3.128897482434473
 30
0.0
 10
4.142401074728653
 20
3.1318897637795295
 30
0.0
 10
4.140673480288593
 20
3.1348820451245842
 30
0.0
 10
4.139763779527559
 20
3.138277094584449
 30
0.0
 10
4.139763779527559
 20
3.1417322834645685
 30
0.0
  0
POLYLINE
  5
155
330
17
100
AcDbEntity
  8
GEOMETRY
100
AcDb2dPolyline
 66
1
 10
0.0
 20
0.0
 30
0.0
 70
0
  0
VERTEX
  5
156
330
155
100
AcDbEntity
  8
GEOMETRY
100
AcDbVertex
100
AcDb2dVertex
 10
4.139763779527559
 20
3.1417322834645685
 30
0.0
 70
0
  0
VERTEX
  5
157
330
155
100
AcDbEntity
  8
GEOMETRY
100
AcDbVertex
100
AcDb2dVertex
 10
4.139763779527559
 20
3.8011811023622055
 30
0.0
 70
0
  0
SEQEND
  5
158
330
155
100
AcDbEntity
  8
GEOMETRY
  0
SPLINE
  5
159
330
17
100
AcDbEntity
  8
GEOMETRY
100
AcDbSpline
 70
0
 71
3
 72
14
 73
10
 74
0
 40
0.0
 40
0.0
 40
0.0
 40
0.0
 40
1.0
 40
1.0
 40
1.0
 40
2.0
 40
2.0
 40
2.0
 40
3.0
 40
3.0
 40
3.0
 40
3.0
 10
4.139763779527559
 20
3.8011811023622055
 30
0.0
 10
4.139763779527559
 20
3.804636291242325
 30
0.0
 10
4.140673480288593
 20
3.808031340702189
 30
0.0
 10
4.142401074728653
 20
3.8110236220472453
 30
0.0
 10
4.144128669168713
 20
3.814015903392302
 30
0.0
 10
4.146614017867543
 20
3.8165012520911317
 30
0.0
 10
4.149606299212598
 20
3.8182288465311904
 30
0.0
 10
4.152598580557655
 20
3.819956440971249
 30
0.0
 10
4.155993630017519
 20
3.8208661417322842
 30
0.0
 10
4.159448818897638
 20
3.8208661417322842
 30
0.0
  0
LWPOLYLINE
  5
15A
330
17
100
AcDbEntity
  8
GEOMETRY
100
AcDbPolyline
 90
5
 70
0
 10
4.5078740157480315
 20
3.491141732283465
 10
5.531496062992126
 20
3.491141732283465
 10
5.531496062992126
 20
3.4517716535433074
 10
4.5078740157480315
 20
3.4517716535433074
 10
4.5078740157480315
 20
3.491141732283465
  0
POLYLINE
  5
15B
330
17
100
AcDbEntity
  8
GEOMETRY
100
AcDb2dPolyline
 66
1
 10
0.0
 20
0.0
 30
0.0
 70
0
  0
VERTEX
  5
15C
330
15B
100
AcDbEntity
  8
GEOMETRY
100
AcDbVertex
100
AcDb2dVertex
 10
4.159448818897638
 20
4.531496062992127
 30
0.0
 70
0
  0
VERTEX
  5
15D
330
15B
100
AcDbEntity
  8
GEOMETRY
100
AcDbVertex
100
AcDb2dVertex
 10
5.87992125984252
 20
4.531496062992127
 30
0.0
 70
0
  0
SEQEND
  5
15E
330
15B
100
AcDbEntity
  8
GEOMETRY
  0
SPLINE
  5
15F
330
17
100
AcDbEntity
  8
GEOMETRY
100
AcDbSpline
 70
0
 71
3
 72
14
 73
10
 74
0
 40
0.0
 40
0.0
 40
0.0
 40
0.0
 40
1.0
 40
1.0
 40
1.0
 40
2.0
 40
2.0
 40
2.0
 40
3.0
 40
3.0
 40
3.0
 40
3.0
 10
5.87992125984252
 20
4.531496062992127
 30
0.0
 10
5.88337644872264
 20
4.531496062992127
 30
0.0
 10
5.886771498182504
 20
4.530586362231092
 30
0.0
 10
5.88976377952756
 20
4.528858767791032
 30
0.0
 10
5.892756060872617
 20
4.527131173350973
 30
0.0
 10
5.895241409571446
 20
4.5246458246521435
 30
0.0
 10
5.896969004011505
 20
4.521653543307087
 30
0.0
 10
5.898696598451564
 20
4.5186612619620306
 30
0.0
 10
5.899606299212599
 20
4.515266212502167
 30
0.0
 10
5.899606299212599
 20
4.511811023622047
 30
0.0
  0
POLYLINE
  5
160
330
17
100
AcDbEntity
  8
GEOMETRY
100
AcDb2dPolyline
 66
1
 10
0.0
 20
0.0
 30
0.0
 70
0
  0
VERTEX
  5
161
330
160
100
AcDbEntity
  8
GEOMETRY
100
AcDbVertex
100
AcDb2dVertex
 10
5.899606299212599
 20
4.511811023622047
 30
0.0
 70
0
  0
VERTEX
  5
162
330
160
100
AcDbEntity
  8
GEOMETRY
100
AcDbVertex
100
AcDb2dVertex
 10
5.899606299212599
 20
3.85236220472441
 30
0.0
 70
0
  0
SEQEND
  5
163
330
160
100
AcDbEntity
  8
GEOMETRY
  0
SPLINE
  5
164
330
17
100
AcDbEntity
  8
GEOMETRY
100
AcDbSpline
 70
0
 71
3
 72
14
 73
10
 74
0
 40
0.0
 40
0.0
 40
0.0
 40
0.0
 40
1.0
 40
1.0
 40
1.0
 40
2.0
 40
2.0
 40
2.0
 40
3.0
 40
3.0
 40
3.0
 40
3.0
 10
5.899606299212599
 20
3.85236220472441
 30
0.0
 10
5.899606299212599
 20
3.848907015844291
 30
0.0
 10
5.898696598451564
 20
3.845511966384427
 30
0.0
 10
5.896969004011505
 20
3.8425196850393704
 30
0.0
 10
5.895241409571446
 20
3.839527403694314
 30
0.0
 10
5.892756060872617
 20
3.837042054995484
 30
0.0
 10
5.88976377952756
 20
3.8353144605554252
 30
0.0
 10
5.886771498182504
 20
3.8335868661153665
 30
0.0
 10
5.88337644872264
 20
3.8326771653543314
 30
0.0
 10
5.87992125984252
 20
3.8326771653543314
 30
0.0
  0
POLYLINE
  5
165
330
17
100
AcDbEntity
  8
GEOMETRY
100
AcDb2dPolyline
 66
1
 10
0.0
 20
0.0
 30
0.0
 70
0
  0
VERTEX
  5
166
330
165
100
AcDbEntity
  8
GEOMETRY
100
AcDbVertex
100
AcDb2dVertex
 10
5.87992125984252
 20
3.8326771653543314
 30
0.0
 70
0
  0
VERTEX
  5
167
330
165
100
AcDbEntity
  8
GEOMETRY
100
AcDbVertex
100
AcDb2dVertex
 10
4.159448818897638
 20
3.8326771653543314
 30
0.0
 70
0
  0
SEQEND
  5
168
330
165
100
AcDbEntity
  8
GEOMETRY
  0
SPLINE
  5
169
330
17
100
AcDbEntity
  8
GEOMETRY
100
AcDbSpline
 70
0
 71
3
 72
14
 73
10
 74
0
 40
0.0
 40
0.0
 40
0.0
 40
0.0
 40
1.0
 40
1.0
 40
1.0
 40
2.0
 40
2.0
 40
2.0
 40
3.0
 40
3.0
 40
3.0
 40
3.0
 10
4.159448818897638
 20
3.8326771653543314
 30
0.0
 10
4.155993630017519
 20
3.8326771653543314
 30
0.0
 10
4.152598580557655
 20
3.8335868661153665
 30
0.0
 10
4.149606299212598
 20
3.8353144605554252
 30
0.0
 10
4.146614017867543
 20
3.837042054995484
 30
0.0
 10
4.144128669168713
 20
3.839527403694314
 30
0.0
 10
4.142401074728653
 20
3.8425196850393704
 30
0.0
 10
4.140673480288593
 20
3.845511966384427
 30
0.0
 10
4.139763779527559
 20
3.848907015844291
 30
0.0
 10
4.139763779527559
 20
3.85236220472441
 30
0.0
  0
POLYLINE
  5
16A
330
17
100
AcDbEntity
  8
GEOMETRY
100
AcDb2dPolyline
 66
1
 10
0.0
 20
0.0
 30
0.0
 70
0
  0
VERTEX
  5
16B
330
16A
100
AcDbEntity
  8
GEOMETRY
100
AcDbVertex
100
AcDb2dVertex
 10
4.139763779527559
 20
3.85236220472441
 30
0.0
 70
0
  0
VERTEX
  5
16C
330
16A
100
AcDbEntity
  8
GEOMETRY
100
AcDbVertex
100
AcDb2dVertex
 10
4.139763779527559
 20
4.511811023622047
 30
0.0
 70
0
  0
SEQEND
  5
16D
330
16A
100
AcDbEntity
  8
GEOMETRY
  0
SPLINE
  5
16E
330
17
100
AcDbEntity
  8
GEOMETRY
100
AcDbSpline
 70
0
 71
3
 72
14
 73
10
 74
0
 40
0.0
 40
0.0
 40
0.0
 40
0.0
 40
1.0
 40
1.0
 40
1.0
 40
2.0
 40
2.0
 40
2.0
 40
3.0
 40
3.0
 40
3.0
 40
3.0
 10
4.139763779527559
 20
4.511811023622047
 30
0.0
 10
4.139763779527559
 20
4.515266212502167
 30
0.0
 10
4.140673480288593
 20
4.5186612619620306
 30
0.0
 10
4.142401074728653
 20
4.521653543307087
 30
0.0
 10
4.144128669168713
 20
4.5246458246521435
 30
0.0
 10
4.146614017867543
 20
4.527131173350973
 30
0.0
 10
4.149606299212598
 20
4.528858767791032
 30
0.0
 10
4.152598580557655
 20
4.530586362231092
 30
0.0
 10
4.155993630017519
 20
4.531496062992127
 30
0.0
 10
4.159448818897638
 20
4.531496062992127
 30
0.0
  0
LWPOLYLINE
  5
16F
330
17
100
AcDbEntity
  8
GEOMETRY
100
AcDbPolyline
 90
5
 70
0
 10
4.5078740157480315
 20
4.201771653543307
 10
5.531496062992126
 20
4.201771653543307
 10
5.531496062992126
 20
4.16240157480315
 10
4.5078740157480315
 20
4.16240157480315
 10
4.5078740157480315
 20
4.201771653543307
  0
POLYLINE
  5
170
330
17
100
AcDbEntity
  8
GEOMETRY
100
AcDb2dPolyline
 66
1
 10
0.0
 20
0.0
 30
0.0
 70
0
  0
VERTEX
  5
171
330
170
100
AcDbEntity
  8
GEOMETRY
100
AcDbVertex
100
AcDb2dVertex
 10
5.931102362204725
 20
3.8208661417322842
 30
0.0
 70
0
  0
VERTEX
  5
172
330
170
100
AcDbEntity
  8
GEOMETRY
100
AcDbVertex
100
AcDb2dVertex
 10
7.651574803149607
 20
3.8208661417322842
 30
0.0
 70
0
  0
SEQEND
  5
173
330
170
100
AcDbEntity
  8
GEOMETRY
  0
SPLINE
  5
174
330
17
100
AcDbEntity
  8
GEOMETRY
100
AcDbSpline
 70
0
 71
3
 72
14
 73
10
 74
0
 40
0.0
 40
0.0
 40
0.0
 40
0.0
 40
1.0
 40
1.0
 40
1.0
 40
2.0
 40
2.0
 40
2.0
 40
3.0
 40
3.0
 40
3.0
 40
3.0
 10
7.651574803149607
 20
3.8208661417322842
 30
0.0
 10
7.655029992029727
 20
3.8208661417322842
 30
0.0
 10
7.65842504148959
 20
3.819956440971249
 30
0.0
 10
7.661417322834646
 20
3.8182288465311904
 30
0.0
 10
7.664409604179703
 20
3.8165012520911317
 30
0.0
 10
7.666894952878533
 20
3.814015903392302
 30
0.0
 10
7.668622547318591
 20
3.8110236220472453
 30
0.0
 10
7.670350141758651
 20
3.808031340702189
 30
0.0
 10
7.671259842519686
 20
3.804636291242325
 30
0.0
 10
7.671259842519686
 20
3.8011811023622055
 30
0.0
  0
POLYLINE
  5
175
330
17
100
AcDbEntity
  8
GEOMETRY
100
AcDb2dPolyline
 66
1
 10
0.0
 20
0.0
 30
0.0
 70
0
  0
VERTEX
  5
176
330
175
100
AcDbEntity
  8
GEOMETRY
100
AcDbVertex
100
AcDb2dVertex
 10
7.671259842519686
 20
3.8011811023622055
 30
0.0
 70
0
  0
VERTEX
  5
177
330
175
100
AcDbEntity
  8
GEOMETRY
100
AcDbVertex
100
AcDb2dVertex
 10
7.671259842519686
 20
3.1417322834645685
 30
0.0
 70
0
  0
SEQEND
  5
178
330
175
100
AcDbEntity
  8
GEOMETRY
  0
SPLINE
  5
179
330
17
100
AcDbEntity
  8
GEOMETRY
100
AcDbSpline
 70
0
 71
3
 72
14
 73
10
 74
0
 40
0.0
 40
0.0
 40
0.0
 40
0.0
 40
1.0
 40
1.0
 40
1.0
 40
2.0
 40
2.0
 40
2.0
 40
3.0
 40
3.0
 40
3.0
 40
3.0
 10
7.671259842519686
 20
3.1417322834645685
 30
0.0
 10
7.671259842519686
 20
3.138277094584449
 30
0.0
 10
7.670350141758651
 20
3.1348820451245842
 30
0.0
 10
7.668622547318591
 20
3.1318897637795295
 30
0.0
 10
7.666894952878533
 20
3.128897482434473
 30
0.0
 10
7.664409604179703
 20
3.126412133735643
 30
0.0
 10
7.661417322834646
 20
3.1246845392955827
 30
0.0
 10
7.65842504148959
 20
3.122956944855524
 30
0.0
 10
7.655029992029727
 20
3.122047244094489
 30
0.0
 10
7.651574803149607
 20
3.122047244094489
 30
0.0
  0
POLYLINE
  5
17A
330
17
100
AcDbEntity
  8
GEOMETRY
100
AcDb2dPolyline
 66
1
 10
0.0
 20
0.0
 30
0.0
 70
0
  0
VERTEX
  5
17B
330
17A
100
AcDbEntity
  8
GEOMETRY
100
AcDbVertex
100
AcDb2dVertex
 10
7.651574803149607
 20
3.122047244094489
 30
0.0
 70
0
  0
VERTEX
  5
17C
330
17A
100
AcDbEntity
  8
GEOMETRY
100
AcDbVertex
100
AcDb2dVertex
 10
5.931102362204725
 20
3.122047244094489
 30
0.0
 70
0
  0
SEQEND
  5
17D
330
17A
100
AcDbEntity
  8
GEOMETRY
  0
SPLINE
  5
17E
330
17
100
AcDbEntity
  8
GEOMETRY
100
AcDbSpline
 70
0
 71
3
 72
14
 73
10
 74
0
 40
0.0
 40
0.0
 40
0.0
 40
0.0
 40
1.0
 40
1.0
 40
1.0
 40
2.0
 40
2.0
 40
2.0
 40
3.0
 40
3.0
 40
3.0
 40
3.0
 10
5.931102362204725
 20
3.122047244094489
 30
0.0
 10
5.927647173324605
 20
3.122047244094489
 30
0.0
 10
5.924252123864742
 20
3.122956944855524
 30
0.0
 10
5.921259842519685
 20
3.1246845392955827
 30
0.0
 10
5.918267561174629
 20
3.126412133735643
 30
0.0
 10
5.915782212475799
 20
3.128897482434473
 30
0.0
 10
5.91405461803574
 20
3.1318897637795295
 30
0.0
 10
5.91232702359568
 20
3.1348820451245842
 30
0.0
 10
5.911417322834645
 20
3.138277094584449
 30
0.0
 10
5.911417322834645
 20
3.1417322834645685
 30
0.0
  0
POLYLINE
  5
17F
330
17
100
AcDbEntity
  8
GEOMETRY
100
AcDb2dPolyline
 66
1
 10
0.0
 20
0.0
 30
0.0
 70
0
  0
VERTEX
  5
180
330
17F
100
AcDbEntity
  8
GEOMETRY
100
AcDbVertex
100
AcDb2dVertex
 10
5.911417322834645
 20
3.1417322834645685
 30
0.0
 70
0
  0
VERTEX
  5
181
330
17F
100
AcDbEntity
  8
GEOMETRY
100
AcDbVertex
100
AcDb2dVertex
 10
5.911417322834645
 20
3.8011811023622055
 30
0.0
 70
0
  0
SEQEND
  5
182
330
17F
100
AcDbEntity
  8
GEOMETRY
  0
SPLINE
  5
183
330
17
100
AcDbEntity
  8
GEOMETRY
100
AcDbSpline
 70
0
 71
3
 72
14
 73
10
 74
0
 40
0.0
 40
0.0
 40
0.0
 40
0.0
 40
1.0
 40
1.0
 40
1.0
 40
2.0
 40
2.0
 40
2.0
 40
3.0
 40
3.0
 40
3.0
 40
3.0
 10
5.911417322834645
 20
3.8011811023622055
 30
0.0
 10
5.911417322834645
 20
3.804636291242325
 30
0.0
 10
5.91232702359568
 20
3.808031340702189
 30
0.0
 10
5.91405461803574
 20
3.8110236220472453
 30
0.0
 10
5.915782212475799
 20
3.814015903392302
 30
0.0
 10
5.918267561174629
 20
3.8165012520911317
 30
0.0
 10
5.921259842519685
 20
3.8182288465311904
 30
0.0
 10
5.924252123864742
 20
3.819956440971249
 30
0.0
 10
5.927647173324605
 20
3.8208661417322842
 30
0.0
 10
5.931102362204725
 20
3.8208661417322842
 30
0.0
  0
LWPOLYLINE
  5
184
330
17
100
AcDbEntity
  8
GEOMETRY
100
AcDbPolyline
 90
5
 70
0
 10
6.279527559055118
 20
3.491141732283465
 10
7.303149606299212
 20
3.491141732283465
 10
7.303149606299212
 20
3.4517716535433074
 10
6.279527559055118
 20
3.4517716535433074
 10
6.279527559055118
 20
3.491141732283465
  0
POLYLINE
  5
185
330
17
100
AcDbEntity
  8
GEOMETRY
100
AcDb2dPolyline
 66
1
 10
0.0
 20
0.0
 30
0.0
 70
0
  0
VERTEX
  5
186
330
185
100
AcDbEntity
  8
GEOMETRY
100
AcDbVertex
100
AcDb2dVertex
 10
5.931102362204725
 20
4.531496062992127
 30
0.0
 70
0
  0
VERTEX
  5
187
330
185
100
AcDbEntity
  8
GEOMETRY
100
AcDbVertex
100
AcDb2dVertex
 10
7.651574803149607
 20
4.531496062992127
 30
0.0
 70
0
  0
SEQEND
  5
188
330
185
100
AcDbEntity
  8
GEOMETRY
  0
SPLINE
  5
189
330
17
100
AcDbEntity
  8
GEOMETRY
100
AcDbSpline
 70
0
 71
3
 72
14
 73
10
 74
0
 40
0.0
 40
0.0
 40
0.0
 40
0.0
 40
1.0
 40
1.0
 40
1.0
 40
2.0
 40
2.0
 40
2.0
 40
3.0
 40
3.0
 40
3.0
 40
3.0
 10
7.651574803149607
 20
4.531496062992127
 30
0.0
 10
7.655029992029727
 20
4.531496062992127
 30
0.0
 10
7.65842504148959
 20
4.530586362231092
 30
0.0
 10
7.661417322834646
 20
4.528858767791032
 30
0.0
 10
7.664409604179703
 20
4.527131173350973
 30
0.0
 10
7.666894952878533
 20
4.5246458246521435
 30
0.0
 10
7.668622547318591
 20
4.521653543307087
 30
0.0
 10
7.670350141758651
 20
4.5186612619620306
 30
0.0
 10
7.671259842519686
 20
4.515266212502167
 30
0.0
 10
7.671259842519686
 20
4.511811023622047
 30
0.0
  0
POLYLINE
  5
18A
330
17
100
AcDbEntity
  8
GEOMETRY
100
AcDb2dPolyline
 66
1
 10
0.0
 20
0.0
 30
0.0
 70
0
  0
VERTEX
  5
18B
330
18A
100
AcDbEntity
  8
GEOMETRY
100
AcDbVertex
100
AcDb2dVertex
 10
7.671259842519686
 20
4.511811023622047
 30
0.0
 70
0
  0
VERTEX
  5
18C
330
18A
100
AcDbEntity
  8
GEOMETRY
100
AcDbVertex
100
AcDb2dVertex
 10
7.671259842519686
 20
3.85236220472441
 30
0.0
 70
0
  0
SEQEND
  5
18D
330
18A
100
AcDbEntity
  8
GEOMETRY
  0
SPLINE
  5
18E
330
17
100
AcDbEntity
  8
GEOMETRY
100
AcDbSpline
 70
0
 71
3
 72
14
 73
10
 74
0
 40
0.0
 40
0.0
 40
0.0
 40
0.0
 40
1.0
 40
1.0
 40
1.0
 40
2.0
 40
2.0
 40
2.0
 40
3.0
 40
3.0
 40
3.0
 40
3.0
 10
7.671259842519686
 20
3.85236220472441
 30
0.0
 10
7.671259842519686
 20
3.848907015844291
 30
0.0
 10
7.670350141758651
 20
3.845511966384427
 30
0.0
 10
7.668622547318591
 20
3.8425196850393704
 30
0.0
 10
7.666894952878533
 20
3.839527403694314
 30
0.0
 10
7.664409604179703
 20
3.837042054995484
 30
0.0
 10
7.661417322834646
 20
3.8353144605554252
 30
0.0
 10
7.65842504148959
 20
3.8335868661153665
 30
0.0
 10
7.655029992029727
 20
3.8326771653543314
 30
0.0
 10
7.651574803149607
 20
3.8326771653543314
 30
0.0
  0
POLYLINE
  5
18F
330
17
100
AcDbEntity
  8
GEOMETRY
100
AcDb2dPolyline
 66
1
 10
0.0
 20
0.0
 30
0.0
 70
0
  0
VERTEX
  5
190
330
18F
100
AcDbEntity
  8
GEOMETRY
100
AcDbVertex
100
AcDb2dVertex
 10
7.651574803149607
 20
3.8326771653543314
 30
0.0
 70
0
  0
VERTEX
  5
191
330
18F
100
AcDbEntity
  8
GEOMETRY
100
AcDbVertex
100
AcDb2dVertex
 10
5.931102362204725
 20
3.8326771653543314
 30
0.0
 70
0
  0
SEQEND
  5
192
330
18F
100
AcDbEntity
  8
GEOMETRY
  0
SPLINE
  5
193
330
17
100
AcDbEntity
  8
GEOMETRY
100
AcDbSpline
 70
0
 71
3
 72
14
 73
10
 74
0
 40
0.0
 40
0.0
 40
0.0
 40
0.0
 40
1.0
 40
1.0
 40
1.0
 40
2.0
 40
2.0
 40
2.0
 40
3.0
 40
3.0
 40
3.0
 40
3.0
 10
5.931102362204725
 20
3.8326771653543314
 30
0.0
 10
5.927647173324605
 20
3.8326771653543314
 30
0.0
 10
5.924252123864742
 20
3.8335868661153665
 30
0.0
 10
5.921259842519685
 20
3.8353144605554252
 30
0.0
 10
5.918267561174629
 20
3.837042054995484
 30
0.0
 10
5.915782212475799
 20
3.839527403694314
 30
0.0
 10
5.91405461803574
 20
3.8425196850393704
 30
0.0
 10
5.91232702359568
 20
3.845511966384427
 30
0.0
 10
5.911417322834645
 20
3.848907015844291
 30
0.0
 10
5.911417322834645
 20
3.85236220472441
 30
0.0
  0
POLYLINE
  5
194
330
17
100
AcDbEntity
  8
GEOMETRY
100
AcDb2dPolyline
 66
1
 10
0.0
 20
0.0
 30
0.0
 70
0
  0
VERTEX
  5
195
330
194
100
AcDbEntity
  8
GEOMETRY
100
AcDbVertex
100
AcDb2dVertex
 10
5.911417322834645
 20
3.85236220472441
 30
0.0
 70
0
  0
VERTEX
  5
196
330
194
100
AcDbEntity
  8
GEOMETRY
100
AcDbVertex
100
AcDb2dVertex
 10
5.911417322834645
 20
4.511811023622047
 30
0.0
 70
0
  0
SEQEND
  5
197
330
194
100
AcDbEntity
  8
GEOMETRY
  0
SPLINE
  5
198
330
17
100
AcDbEntity
  8
GEOMETRY
100
AcDbSpline
 70
0
 71
3
 72
14
 73
10
 74
0
 40
0.0
 40
0.0
 40
0.0
 40
0.0
 40
1.0
 40
1.0
 40
1.0
 40
2.0
 40
2.0
 40
2.0
 40
3.0
 40
3.0
 40
3.0
 40
3.0
 10
5.911417322834645
 20
4.511811023622047
 30
0.0
 10
5.911417322834645
 20
4.515266212502167
 30
0.0
 10
5.91232702359568
 20
4.5186612619620306
 30
0.0
 10
5.91405461803574
 20
4.521653543307087
 30
0.0
 10
5.915782212475799
 20
4.5246458246521435
 30
0.0
 10
5.918267561174629
 20
4.527131173350973
 30
0.0
 10
5.921259842519685
 20
4.528858767791032
 30
0.0
 10
5.924252123864742
 20
4.530586362231092
 30
0.0
 10
5.927647173324605
 20
4.531496062992127
 30
0.0
 10
5.931102362204725
 20
4.531496062992127
 30
0.0
  0
LWPOLYLINE
  5
199
330
17
100
AcDbEntity
  8
GEOMETRY
100
AcDbPolyline
 90
5
 70
0
 10
6.279527559055118
 20
4.201771653543307
 10
7.303149606299212
 20
4.201771653543307
 10
7.303149606299212
 20
4.16240157480315
 10
6.279527559055118
 20
4.16240157480315
 10
6.279527559055118
 20
4.201771653543307
  0
POLYLINE
  5
19A
330
17
100
AcDbEntity
  8
GEOMETRY
100
AcDb2dPolyline
 66
1
 10
0.0
 20
0.0
 30
0.0
 70
0
  0
VERTEX
  5
19B
330
19A
100
AcDbEntity
  8
GEOMETRY
100
AcDbVertex
100
AcDb2dVertex
 10
7.702755905511811
 20
4.531496062992127
 30
0.0
 70
0
  0
VERTEX
  5
19C
330
19A
100
AcDbEntity
  8
GEOMETRY
100
AcDbVertex
100
AcDb2dVertex
 10
9.41732283464567
 20
4.531496062992127
 30
0.0
 70
0
  0
SEQEND
  5
19D
330
19A
100
AcDbEntity
  8
GEOMETRY
  0
SPLINE
  5
19E
330
17
100
AcDbEntity
  8
GEOMETRY
100
AcDbSpline
 70
0
 71
3
 72
14
 73
10
 74
0
 40
0.0
 40
0.0
 40
0.0
 40
0.0
 40
1.0
 40
1.0
 40
1.0
 40
2.0
 40
2.0
 40
2.0
 40
3.0
 40
3.0
 40
3.0
 40
3.0
 10
9.41732283464567
 20
4.531496062992127
 30
0.0
 10
9.42077802352579
 20
4.531496062992127
 30
0.0
 10
9.424173072985653
 20
4.530586362231092
 30
0.0
 10
9.42716535433071
 20
4.528858767791032
 30
0.0
 10
9.430157635675766
 20
4.527131173350973
 30
0.0
 10
9.432642984374596
 20
4.5246458246521435
 30
0.0
 10
9.434370578814654
 20
4.521653543307087
 30
0.0
 10
9.436098173254713
 20
4.5186612619620306
 30
0.0
 10
9.437007874015748
 20
4.515266212502167
 30
0.0
 10
9.437007874015748
 20
4.511811023622047
 30
0.0
  0
POLYLINE
  5
19F
330
17
100
AcDbEntity
  8
GEOMETRY
100
AcDb2dPolyline
 66
1
 10
0.0
 20
0.0
 30
0.0
 70
0
  0
VERTEX
  5
1A0
330
19F
100
AcDbEntity
  8
GEOMETRY
100
AcDbVertex
100
AcDb2dVertex
 10
9.437007874015748
 20
4.511811023622047
 30
0.0
 70
0
  0
VERTEX
  5
1A1
330
19F
100
AcDbEntity
  8
GEOMETRY
100
AcDbVertex
100
AcDb2dVertex
 10
9.437007874015748
 20
3.1417322834645667
 30
0.0
 70
0
  0
SEQEND
  5
1A2
330
19F
100
AcDbEntity
  8
GEOMETRY
  0
SPLINE
  5
1A3
330
17
100
AcDbEntity
  8
GEOMETRY
100
AcDbSpline
 70
0
 71
3
 72
14
 73
10
 74
0
 40
0.0
 40
0.0
 40
0.0
 40
0.0
 40
1.0
 40
1.0
 40
1.0
 40
2.0
 40
2.0
 40
2.0
 40
3.0
 40
3.0
 40
3.0
 40
3.0
 10
9.437007874015748
 20
3.1417322834645667
 30
0.0
 10
9.437007874015748
 20
3.1382770945844474
 30
0.0
 10
9.436098173254713
 20
3.1348820451245842
 30
0.0
 10
9.434370578814654
 20
3.1318897637795278
 30
0.0
 10
9.432642984374596
 20
3.1288974824344713
 30
0.0
 10
9.430157635675766
 20
3.1264121337356414
 30
0.0
 10
9.42716535433071
 20
3.1246845392955827
 30
0.0
 10
9.424173072985653
 20
3.122956944855524
 30
0.0
 10
9.42077802352579
 20
3.122047244094489
 30
0.0
 10
9.41732283464567
 20
3.122047244094489
 30
0.0
  0
POLYLINE
  5
1A4
330
17
100
AcDbEntity
  8
GEOMETRY
100
AcDb2dPolyline
 66
1
 10
0.0
 20
0.0
 30
0.0
 70
0
  0
VERTEX
  5
1A5
330
1A4
100
AcDbEntity
  8
GEOMETRY
100
AcDbVertex
100
AcDb2dVertex
 10
9.41732283464567
 20
3.122047244094489
 30
0.0
 70
0
  0
VERTEX
  5
1A6
330
1A4
100
AcDbEntity
  8
GEOMETRY
100
AcDbVertex
100
AcDb2dVertex
 10
7.702755905511811
 20
3.122047244094489
 30
0.0
 70
0
  0
SEQEND
  5
1A7
330
1A4
100
AcDbEntity
  8
GEOMETRY
  0
SPLINE
  5
1A8
330
17
100
AcDbEntity
  8
GEOMETRY
100
AcDbSpline
 70
0
 71
3
 72
14
 73
10
 74
0
 40
0.0
 40
0.0
 40
0.0
 40
0.0
 40
1.0
 40
1.0
 40
1.0
 40
2.0
 40
2.0
 40
2.0
 40
3.0
 40
3.0
 40
3.0
 40
3.0
 10
7.702755905511811
 20
3.122047244094489
 30
0.0
 10
7.699300716631692
 20
3.122047244094489
 30
0.0
 10
7.695905667171829
 20
3.122956944855524
 30
0.0
 10
7.692913385826772
 20
3.1246845392955827
 30
0.0
 10
7.689921104481716
 20
3.1264121337356414
 30
0.0
 10
7.687435755782886
 20
3.1288974824344713
 30
0.0
 10
7.685708161342826
 20
3.1318897637795278
 30
0.0
 10
7.683980566902767
 20
3.1348820451245842
 30
0.0
 10
7.683070866141732
 20
3.1382770945844474
 30
0.0
 10
7.683070866141732
 20
3.1417322834645667
 30
0.0
  0
POLYLINE
  5
1A9
330
17
100
AcDbEntity
  8
GEOMETRY
100
AcDb2dPolyline
 66
1
 10
0.0
 20
0.0
 30
0.0
 70
0
  0
VERTEX
  5
1AA
330
1A9
100
AcDbEntity
  8
GEOMETRY
100
AcDbVertex
100
AcDb2dVertex
 10
7.683070866141732
 20
3.1417322834645667
 30
0.0
 70
0
  0
VERTEX
  5
1AB
330
1A9
100
AcDbEntity
  8
GEOMETRY
100
AcDbVertex
100
AcDb2dVertex
 10
7.683070866141732
 20
4.511811023622047
 30
0.0
 70
0
  0
SEQEND
  5
1AC
330
1A9
100
AcDbEntity
  8
GEOMETRY
  0
SPLINE
  5
1AD
330
17
100
AcDbEntity
  8
GEOMETRY
100
AcDbSpline
 70
0
 71
3
 72
14
 73
10
 74
0
 40
0.0
 40
0.0
 40
0.0
 40
0.0
 40
1.0
 40
1.0
 40
1.0
 40
2.0
 40
2.0
 40
2.0
 40
3.0
 40
3.0
 40
3.0
 40
3.0
 10
7.683070866141732
 20
4.511811023622047
 30
0.0
 10
7.683070866141732
 20
4.515266212502167
 30
0.0
 10
7.683980566902767
 20
4.5186612619620306
 30
0.0
 10
7.685708161342826
 20
4.521653543307087
 30
0.0
 10
7.687435755782886
 20
4.5246458246521435
 30
0.0
 10
7.689921104481716
 20
4.527131173350973
 30
0.0
 10
7.692913385826772
 20
4.528858767791032
 30
0.0
 10
7.695905667171829
 20
4.530586362231092
 30
0.0
 10
7.699300716631692
 20
4.531496062992127
 30
0.0
 10
7.702755905511811
 20
4.531496062992127
 30
0.0
  0
LWPOLYLINE
  5
1AE
330
17
100
AcDbEntity
  8
GEOMETRY
  6
DASHED
100
AcDbPolyline
 90
3
 70
0
 10
9.437007874015748
 20
3.1614173228346463
 10
7.683070866141732
 20
3.8267716535433074
 10
9.437007874015748
 20
4.4921259842519685
  0
LWPOLYLINE
  5
1AF
330
17
100
AcDbEntity
  8
GEOMETRY
100
AcDbPolyline
 90
5
 70
0
 10
9.220472440944881
 20
4.338582677165355
 10
9.259842519685039
 20
4.338582677165355
 10
9.259842519685039
 20
3.3149606299212593
 10
9.220472440944881
 20
3.3149606299212593
 10
9.220472440944881
 20
4.338582677165355
  0
POLYLINE
  5
1B0
330
17
100
AcDbEntity
  8
GEOMETRY
100
AcDb2dPolyline
 66
1
 10
0.0
 20
0.0
 30
0.0
 70
0
  0
VERTEX
  5
1B1
330
1B0
100
AcDbEntity
  8
GEOMETRY
100
AcDbVertex
100
AcDb2dVertex
 10
1.3207086614173225
 20
4.645669291338583
 30
0.0
 70
0
  0
VERTEX
  5
1B2
330
1B0
100
AcDbEntity
  8
GEOMETRY
100
AcDbVertex
100
AcDb2dVertex
 10
10.490314960629922
 20
4.645669291338583
 30
0.0
 70
0
  0
SEQEND
  5
1B3
330
1B0
100
AcDbEntity
  8
GEOMETRY
  0
SPLINE
  5
1B4
330
17
100
AcDbEntity
  8
GEOMETRY
100
AcDbSpline
 70
0
 71
3
 72
14
 73
10
 74
0
 40
0.0
 40
0.0
 40
0.0
 40
0.0
 40
1.0
 40
1.0
 40
1.0
 40
2.0
 40
2.0
 40
2.0
 40
3.0
 40
3.0
 40
3.0
 40
3.0
 10
10.490314960629922
 20
4.645669291338583
 30
0.0
 10
10.49929845171823
 20
4.645669291338583
 30
0.0
 10
10.508125580313875
 20
4.643304069359894
 30
0.0
 10
10.515905511811022
 20
4.63881232381574
 30
0.0
 10
10.523685443308171
 20
4.634320578271585
 30
0.0
 10
10.530147349925127
 20
4.627858671654629
 30
0.0
 10
10.534639095469283
 20
4.6200787401574805
 30
0.0
 10
10.539130841013439
 20
4.612298808660333
 30
0.0
 10
10.541496062992126
 20
4.603471680064688
 30
0.0
 10
10.541496062992126
 20
4.594488188976378
 30
0.0
  0
POLYLINE
  5
1B5
330
17
100
AcDbEntity
  8
GEOMETRY
100
AcDb2dPolyline
 66
1
 10
0.0
 20
0.0
 30
0.0
 70
0
  0
VERTEX
  5
1B6
330
1B5
100
AcDbEntity
  8
GEOMETRY
100
AcDbVertex
100
AcDb2dVertex
 10
10.541496062992126
 20
4.594488188976378
 30
0.0
 70
0
  0
VERTEX
  5
1B7
330
1B5
100
AcDbEntity
  8
GEOMETRY
100
AcDbVertex
100
AcDb2dVertex
 10
10.541496062992126
 20
4.59448818897638
 30
0.0
 70
0
  0
SEQEND
  5
1B8
330
1B5
100
AcDbEntity
  8
GEOMETRY
  0
SPLINE
  5
1B9
330
17
100
AcDbEntity
  8
GEOMETRY
100
AcDbSpline
 70
0
 71
3
 72
14
 73
10
 74
0
 40
0.0
 40
0.0
 40
0.0
 40
0.0
 40
1.0
 40
1.0
 40
1.0
 40
2.0
 40
2.0
 40
2.0
 40
3.0
 40
3.0
 40
3.0
 40
3.0
 10
10.541496062992126
 20
4.59448818897638
 30
0.0
 10
10.541496062992126
 20
4.585504697888069
 30
0.0
 10
10.539130841013439
 20
4.576677569292424
 30
0.0
 10
10.534639095469283
 20
4.568897637795277
 30
0.0
 10
10.530147349925127
 20
4.56111770629813
 30
0.0
 10
10.523685443308173
 20
4.554655799681172
 30
0.0
 10
10.515905511811026
 20
4.550164054137018
 30
0.0
 10
10.508125580313878
 20
4.545672308592863
 30
0.0
 10
10.49929845171823
 20
4.543307086614174
 30
0.0
 10
10.490314960629922
 20
4.543307086614174
 30
0.0
  0
POLYLINE
  5
1BA
330
17
100
AcDbEntity
  8
GEOMETRY
100
AcDb2dPolyline
 66
1
 10
0.0
 20
0.0
 30
0.0
 70
0
  0
VERTEX
  5
1BB
330
1BA
100
AcDbEntity
  8
GEOMETRY
100
AcDbVertex
100
AcDb2dVertex
 10
10.490314960629922
 20
4.543307086614174
 30
0.0
 70
0
  0
VERTEX
  5
1BC
330
1BA
100
AcDbEntity
  8
GEOMETRY
100
AcDbVertex
100
AcDb2dVertex
 10
1.3207086614173225
 20
4.543307086614174
 30
0.0
 70
0
  0
SEQEND
  5
1BD
330
1BA
100
AcDbEntity
  8
GEOMETRY
  0
SPLINE
  5
1BE
330
17
100
AcDbEntity
  8
GEOMETRY
100
AcDbSpline
 70
0
 71
3
 72
14
 73
10
 74
0
 40
0.0
 40
0.0
 40
0.0
 40
0.0
 40
1.0
 40
1.0
 40
1.0
 40
2.0
 40
2.0
 40
2.0
 40
3.0
 40
3.0
 40
3.0
 40
3.0
 10
1.3207086614173225
 20
4.543307086614174
 30
0.0
 10
1.3117251703290127
 20
4.543307086614174
 30
0.0
 10
1.3028980417333673
 20
4.545672308592863
 30
0.0
 10
1.2951181102362201
 20
4.550164054137018
 30
0.0
 10
1.287338178739073
 20
4.554655799681172
 30
0.0
 10
1.2808762721221163
 20
4.56111770629813
 30
0.0
 10
1.2763845265779614
 20
4.568897637795277
 30
0.0
 10
1.2718927810338065
 20
4.576677569292424
 30
0.0
 10
1.2695275590551178
 20
4.585504697888069
 30
0.0
 10
1.2695275590551178
 20
4.59448818897638
 30
0.0
  0
POLYLINE
  5
1BF
330
17
100
AcDbEntity
  8
GEOMETRY
100
AcDb2dPolyline
 66
1
 10
0.0
 20
0.0
 30
0.0
 70
0
  0
VERTEX
  5
1C0
330
1BF
100
AcDbEntity
  8
GEOMETRY
100
AcDbVertex
100
AcDb2dVertex
 10
1.2695275590551178
 20
4.59448818897638
 30
0.0
 70
0
  0
VERTEX
  5
1C1
330
1BF
100
AcDbEntity
  8
GEOMETRY
100
AcDbVertex
100
AcDb2dVertex
 10
1.2695275590551178
 20
4.594488188976378
 30
0.0
 70
0
  0
SEQEND
  5
1C2
330
1BF
100
AcDbEntity
  8
GEOMETRY
  0
SPLINE
  5
1C3
330
17
100
AcDbEntity
  8
GEOMETRY
100
AcDbSpline
 70
0
 71
3
 72
14
 73
10
 74
0
 40
0.0
 40
0.0
 40
0.0
 40
0.0
 40
1.0
 40
1.0
 40
1.0
 40
2.0
 40
2.0
 40
2.0
 40
3.0
 40
3.0
 40
3.0
 40
3.0
 10
1.2695275590551178
 20
4.594488188976378
 30
0.0
 10
1.2695275590551178
 20
4.603471680064688
 30
0.0
 10
1.2718927810338065
 20
4.612298808660333
 30
0.0
 10
1.2763845265779614
 20
4.6200787401574805
 30
0.0
 10
1.2808762721221163
 20
4.627858671654629
 30
0.0
 10
1.287338178739073
 20
4.634320578271585
 30
0.0
 10
1.2951181102362201
 20
4.63881232381574
 30
0.0
 10
1.3028980417333673
 20
4.643304069359894
 30
0.0
 10
1.3117251703290127
 20
4.645669291338583
 30
0.0
 10
1.3207086614173225
 20
4.645669291338583
 30
0.0
  0
LINE
  5
1C4
330
17
100
AcDbEntity
  8
GEOMETRY
100
AcDbLine
 10
1.3482677165354329
 20
4.594488188976378
 30
0.0
 11
10.462755905511811
 21
4.594488188976378
 31
0.0
  0
LINE
  5
1C5
330
17
100
AcDbEntity
  8
GEOMETRY
100
AcDbLine
 10
0.8274803149606299
 20
2.874015748031496
 30
0.0
 11
10.983543307086613
 21
2.874015748031496
 31
0.0
  0
LINE
  5
1C6
330
17
100
AcDbEntity
  8
DIMENSIONS
100
AcDbLine
 10
2.3031496062992125
 20
2.716535433070866
 30
0.0
 11
9.507874015748031
 21
2.716535433070866
 31
0.0
  0
LINE
  5
1C7
330
17
100
AcDbEntity
  8
DIMENSIONS
100
AcDbLine
 10
2.3622047244094486
 20
2.854330708661417
 30
0.0
 11
2.3622047244094486
 21
2.6692913385826778
 31
0.0
  0
LINE
  5
1C8
330
17
100
AcDbEntity
  8
DIMENSIONS
100
AcDbLine
 10
2.322834645669291
 20
2.677165354330709
 30
0.0
 11
2.4015748031496065
 21
2.7559055118110236
 31
0.0
  0
LINE
  5
1C9
330
17
100
AcDbEntity
  8
DIMENSIONS
100
AcDbLine
 10
4.133858267716535
 20
2.854330708661417
 30
0.0
 11
4.133858267716535
 21
2.6692913385826778
 31
0.0
  0
LINE
  5
1CA
330
17
100
AcDbEntity
  8
DIMENSIONS
100
AcDbLine
 10
4.094488188976378
 20
2.677165354330709
 30
0.0
 11
4.173228346456693
 21
2.7559055118110236
 31
0.0
  0
LINE
  5
1CB
330
17
100
AcDbEntity
  8
DIMENSIONS
100
AcDbLine
 10
5.905511811023622
 20
2.854330708661417
 30
0.0
 11
5.905511811023622
 21
2.6692913385826778
 31
0.0
  0
LINE
  5
1CC
330
17
100
AcDbEntity
  8
DIMENSIONS
100
AcDbLine
 10
5.866141732283465
 20
2.677165354330709
 30
0.0
 11
5.94488188976378
 21
2.7559055118110236
 31
0.0
  0
LINE
  5
1CD
330
17
100
AcDbEntity
  8
DIMENSIONS
100
AcDbLine
 10
7.677165354330708
 20
2.854330708661417
 30
0.0
 11
7.677165354330708
 21
2.6692913385826778
 31
0.0
  0
LINE
  5
1CE
330
17
100
AcDbEntity
  8
DIMENSIONS
100
AcDbLine
 10
7.637795275590551
 20
2.677165354330709
 30
0.0
 11
7.716535433070866
 21
2.7559055118110236
 31
0.0
  0
LINE
  5
1CF
330
17
100
AcDbEntity
  8
DIMENSIONS
100
AcDbLine
 10
9.448818897637794
 20
2.854330708661417
 30
0.0
 11
9.448818897637794
 21
2.6692913385826778
 31
0.0
  0
LINE
  5
1D0
330
17
100
AcDbEntity
  8
DIMENSIONS
100
AcDbLine
 10
9.409448818897637
 20
2.677165354330709
 30
0.0
 11
9.488188976377952
 21
2.7559055118110236
 31
0.0
  0
TEXT
  5
1D1
330
17
100
AcDbEntity
  8
TEXT
100
AcDbText
 10
3.248031496062992
 20
2.7480314960629926
 30
0.0
 40
0.03259842519685039
  1
CABINET
 72
1
 11
3.248031496062992
 21
2.7480314960629926
 31
0.0
100
AcDbText
  0
TEXT
  5
1D2
330
17
100
AcDbEntity
  8
TEXT
100
AcDbText
 10
5.019685039370079
 20
2.7480314960629926
 30
0.0
 40
0.03259842519685039
  1
DRAWERS
 72
1
 11
5.019685039370079
 21
2.7480314960629926
 31
0.0
100
AcDbText
  0
TEXT
  5
1D3
330
17
100
AcDbEntity
  8
TEXT
100
AcDbText
 10
6.791338582677165
 20
2.7480314960629926
 30
0.0
 40
0.03259842519685039
  1
DRAWERS
 72
1
 11
6.791338582677165
 21
2.7480314960629926
 31
0.0
100
AcDbText
  0
TEXT
  5
1D4
330
17
100
AcDbEntity
  8
TEXT
100
AcDbText
 10
8.562992125984252
 20
2.7480314960629926
 30
0.0
 40
0.03259842519685039
  1
CABINET
 72
1
 11
8.562992125984252
 21
2.7480314960629926
 31
0.0
100
AcDbText
  0
LINE
  5
1D5
330
17
100
AcDbEntity
  8
DIMENSIONS
100
AcDbLine
 10
10.77755905511811
 20
2.9330708661417324
 30
0.0
 11
10.77755905511811
 21
4.586614173228346
 31
0.0
  0
LINE
  5
1D6
330
17
100
AcDbEntity
  8
DIMENSIONS
100
AcDbLine
 10
10.580708661417322
 20
2.874015748031496
 30
0.0
 11
10.824803149606298
 21
2.874015748031496
 31
0.0
  0
LINE
  5
1D7
330
17
100
AcDbEntity
  8
DIMENSIONS
100
AcDbLine
 10
10.738188976377952
 20
2.8346456692913384
 30
0.0
 11
10.816929133858267
 21
2.9133858267716537
 31
0.0
  0
LINE
  5
1D8
330
17
100
AcDbEntity
  8
DIMENSIONS
100
AcDbLine
 10
10.580708661417322
 20
3.1102362204724407
 30
0.0
 11
10.824803149606298
 21
3.1102362204724407
 31
0.0
  0
LINE
  5
1D9
330
17
100
AcDbEntity
  8
DIMENSIONS
100
AcDbLine
 10
10.738188976377952
 20
3.0708661417322833
 30
0.0
 11
10.816929133858267
 21
3.149606299212598
 31
0.0
  0
LINE
  5
1DA
330
17
100
AcDbEntity
  8
DIMENSIONS
100
AcDbLine
 10
10.580708661417322
 20
3.8267716535433065
 30
0.0
 11
10.824803149606298
 21
3.8267716535433065
 31
0.0
  0
LINE
  5
1DB
330
17
100
AcDbEntity
  8
DIMENSIONS
100
AcDbLine
 10
10.738188976377952
 20
3.787401574803149
 30
0.0
 11
10.816929133858267
 21
3.866141732283464
 31
0.0
  0
LINE
  5
1DC
330
17
100
AcDbEntity
  8
DIMENSIONS
100
AcDbLine
 10
10.580708661417322
 20
4.543307086614173
 30
0.0
 11
10.824803149606298
 21
4.543307086614173
 31
0.0
  0
LINE
  5
1DD
330
17
100
AcDbEntity
  8
DIMENSIONS
100
AcDbLine
 10
10.738188976377952
 20
4.503937007874016
 30
0.0
 11
10.816929133858267
 21
4.582677165354331
 31
0.0
  0
LINE
  5
1DE
330
17
100
AcDbEntity
  8
DIMENSIONS
100
AcDbLine
 10
10.580708661417322
 20
4.645669291338582
 30
0.0
 11
10.824803149606298
 21
4.645669291338582
 31
0.0
  0
LINE
  5
1DF
330
17
100
AcDbEntity
  8
DIMENSIONS
100
AcDbLine
 10
10.738188976377952
 20
4.606299212598425
 30
0.0
 11
10.816929133858267
 21
4.68503937007874
 31
0.0
  0
TEXT
  5
1E0
330
17
100
AcDbEntity
  8
TEXT
100
AcDbText
 10
10.746062992125983
 20
2.9921259842519685
 30
0.0
 40
0.031181102362204727
  1
2⅜"
 50
90.0
 72
1
 11
10.746062992125983
 21
2.9921259842519685
 31
0.0
100
AcDbText
  0
TEXT
  5
1E1
330
17
100
AcDbEntity
  8
TEXT
100
AcDbText
 10
10.746062992125983
 20
3.4685039370078727
 30
0.0
 40
0.031181102362204727
  1
7⅛"
 50
90.0
 72
1
 11
10.746062992125983
 21
3.4685039370078727
 31
0.0
100
AcDbText
  0
TEXT
  5
1E2
330
17
100
AcDbEntity
  8
TEXT
100
AcDbText
 10
10.746062992125983
 20
4.185039370078741
 30
0.0
 40
0.031181102362204727
  1
7⅛"
 50
90.0
 72
1
 11
10.746062992125983
 21
4.185039370078741
 31
0.0
100
AcDbText
  0
TEXT
  5
1E3
330
17
100
AcDbEntity
  8
TEXT
100
AcDbText
 10
10.746062992125983
 20
4.594488188976378
 30
0.0
 40
0.031181102362204727
  1
1"
 50
90.0
 72
1
 11
10.746062992125983
 21
4.594488188976378
 31
0.0
100
AcDbText
  0
LINE
  5
1E4
330
17
100
AcDbEntity
  8
DIMENSIONS
100
AcDbLine
 10
11.053149606299213
 20
2.9330708661417324
 30
0.0
 11
11.053149606299213
 21
4.586614173228346
 31
0.0
  0
LINE
  5
1E5
330
17
100
AcDbEntity
  8
DIMENSIONS
100
AcDbLine
 10
10.580708661417322
 20
2.874015748031496
 30
0.0
 11
11.100393700787402
 21
2.874015748031496
 31
0.0
  0
LINE
  5
1E6
330
17
100
AcDbEntity
  8
DIMENSIONS
100
AcDbLine
 10
11.013779527559056
 20
2.8346456692913384
 30
0.0
 11
11.09251968503937
 21
2.9133858267716537
 31
0.0
  0
LINE
  5
1E7
330
17
100
AcDbEntity
  8
DIMENSIONS
100
AcDbLine
 10
10.580708661417322
 20
4.645669291338582
 30
0.0
 11
11.100393700787402
 21
4.645669291338582
 31
0.0
  0
LINE
  5
1E8
330
17
100
AcDbEntity
  8
DIMENSIONS
100
AcDbLine
 10
11.013779527559056
 20
4.606299212598425
 30
0.0
 11
11.09251968503937
 21
4.68503937007874
 31
0.0
  0
TEXT
  5
1E9
330
17
100
AcDbEntity
  8
TEXT
100
AcDbText
 10
11.021653543307085
 20
3.7598425196850394
 30
0.0
 40
0.03401574803149606
  1
1'-5¾" — KEPT LOW
 50
90.0
 72
1
 11
11.021653543307085
 21
3.7598425196850394
 31
0.0
100
AcDbText
  0
LINE
  5
1EA
330
17
100
AcDbEntity
  8
GEOMETRY
100
AcDbLine
 10
3.149606299212598
 20
4.6141732283464565
 30
0.0
 11
1.968503937007874
 21
5.787401574803149
 31
0.0
  0
TEXT
  5
1EB
330
17
100
AcDbEntity
  8
TEXT
100
AcDbText
 10
1.9291338582677164
 20
5.7795275590551185
 30
0.0
 40
0.048188976377952754
  1
BULLNOSE TOP, 1 IN
 72
2
 11
1.9291338582677164
 21
5.7795275590551185
 31
0.0
100
AcDbText
  0
LINE
  5
1EC
330
17
100
AcDbEntity
  8
GEOMETRY
100
AcDbLine
 10
2.5984251968503935
 20
3.9842519685039366
 30
0.0
 11
1.3779527559055118
 21
5.551181102362205
 31
0.0
  0
TEXT
  5
1ED
330
17
100
AcDbEntity
  8
TEXT
100
AcDbText
 10
1.4173228346456692
 20
5.543307086614174
 30
0.0
 40
0.048188976377952754
  1
CABINET — ONE DOOR, TWO DRAWERS TALL
 11
1.4173228346456692
 21
5.543307086614174
 31
0.0
100
AcDbText
  0
TEXT
  5
1EE
330
17
100
AcDbEntity
  8
TEXT
100
AcDbText
 10
1.4173228346456692
 20
5.452755905511811
 30
0.0
 40
0.04110236220472441
  1
ONE ADJUSTABLE SHELF
 11
1.4173228346456692
 21
5.452755905511811
 31
0.0
100
AcDbText
  0
LINE
  5
1EF
330
17
100
AcDbEntity
  8
GEOMETRY
100
AcDbLine
 10
5.019685039370079
 20
4.3
 30
0.0
 11
4.724409448818897
 21
5.787401574803149
 31
0.0
  0
TEXT
  5
1F0
330
17
100
AcDbEntity
  8
TEXT
100
AcDbText
 10
4.763779527559055
 20
5.7795275590551185
 30
0.0
 40
0.048188976377952754
  1
DRAWERS, TWO HIGH
 11
4.763779527559055
 21
5.7795275590551185
 31
0.0
100
AcDbText
  0
TEXT
  5
1F1
330
17
100
AcDbEntity
  8
TEXT
100
AcDbText
 10
4.763779527559055
 20
5.688976377952756
 30
0.0
 40
0.04110236220472441
  1
SLIM BRASS BAR, AS BEFORE
 11
4.763779527559055
 21
5.688976377952756
 31
0.0
100
AcDbText
  0
LINE
  5
1F2
330
17
100
AcDbEntity
  8
GEOMETRY
100
AcDbLine
 10
9.921259842519685
 20
4.05511811023622
 30
0.0
 11
8.661417322834646
 21
5.787401574803149
 31
0.0
  0
TEXT
  5
1F3
330
17
100
AcDbEntity
  8
TEXT
100
AcDbText
 10
8.700787401574804
 20
5.7795275590551185
 30
0.0
 40
0.048188976377952754
  1
ROUND END — FIXED
 11
8.700787401574804
 21
5.7795275590551185
 31
0.0
100
AcDbText
  0
TEXT
  5
1F4
330
17
100
AcDbEntity
  8
TEXT
100
AcDbText
 10
8.700787401574804
 20
5.688976377952756
 30
0.0
 40
0.04110236220472441
  1
BENT PLY, VENEERED
 11
8.700787401574804
 21
5.688976377952756
 31
0.0
100
AcDbText
  0
LINE
  5
1F5
330
17
100
AcDbEntity
  8
GEOMETRY
100
AcDbLine
 10
8.26771653543307
 20
2.9921259842519685
 30
0.0
 11
7.2047244094488185
 21
5.551181102362205
 31
0.0
  0
TEXT
  5
1F6
330
17
100
AcDbEntity
  8
TEXT
100
AcDbText
 10
7.244094488188976
 20
5.543307086614174
 30
0.0
 40
0.048188976377952754
  1
PLINTH, DARK, 2 IN BACK
 11
7.244094488188976
 21
5.543307086614174
 31
0.0
100
AcDbText
  0
TEXT
  5
1F7
330
17
100
AcDbEntity
  8
TEXT
100
AcDbText
 10
11.181102362204724
 20
11.023622047244094
 30
0.0
 40
0.09070866141732283
  1
SECTION A–A
 11
11.181102362204724
 21
11.023622047244094
 31
0.0
100
AcDbText
  0
LINE
  5
1F8
330
17
100
AcDbEntity
  8
GEOMETRY
100
AcDbLine
 10
11.181102362204724
 20
10.964566929133857
 30
0.0
 11
14.803149606299213
 21
10.964566929133857
 31
0.0
  0
TEXT
  5
1F9
330
17
100
AcDbEntity
  8
TEXT
100
AcDbText
 10
11.181102362204724
 20
10.834645669291337
 30
0.0
 40
0.048188976377952754
  1
THROUGH A DRAWER STACK · SCALE 1:6
 11
11.181102362204724
 21
10.834645669291337
 31
0.0
100
AcDbText
  0
POLYLINE
  5
1FA
330
17
100
AcDbEntity
  8
GEOMETRY
100
AcDb2dPolyline
 66
1
 10
0.0
 20
0.0
 30
0.0
 70
0
  0
VERTEX
  5
1FB
330
1FA
100
AcDbEntity
  8
GEOMETRY
100
AcDbVertex
100
AcDb2dVertex
 10
11.466535433070867
 20
7.637795275590552
 30
0.0
 70
0
  0
VERTEX
  5
1FC
330
1FA
100
AcDbEntity
  8
GEOMETRY
100
AcDbVertex
100
AcDb2dVertex
 10
11.998031496062989
 20
7.637795275590552
 30
0.0
 70
0
  0
SEQEND
  5
1FD
330
1FA
100
AcDbEntity
  8
GEOMETRY
  0
SPLINE
  5
1FE
330
17
100
AcDbEntity
  8
GEOMETRY
100
AcDbSpline
 70
0
 71
3
 72
14
 73
10
 74
0
 40
0.0
 40
0.0
 40
0.0
 40
0.0
 40
1.0
 40
1.0
 40
1.0
 40
2.0
 40
2.0
 40
2.0
 40
3.0
 40
3.0
 40
3.0
 40
3.0
 10
11.998031496062989
 20
7.637795275590552
 30
0.0
 10
12.006093603449933
 20
7.637795275590552
 30
0.0
 10
12.01401538552295
 20
7.635672640481472
 30
0.0
 10
12.020997375328081
 20
7.631641586788
 30
0.0
 10
12.027979365133213
 20
7.627610533094527
 30
0.0
 10
12.03377851209715
 20
7.6218113861305925
 30
0.0
 10
12.037809565790623
 20
7.61482939632546
 30
0.0
 10
12.041840619484095
 20
7.607847406520327
 30
0.0
 10
12.043963254593175
 20
7.599925624447312
 30
0.0
 10
12.043963254593175
 20
7.591863517060368
 30
0.0
  0
POLYLINE
  5
1FF
330
17
100
AcDbEntity
  8
GEOMETRY
100
AcDb2dPolyline
 66
1
 10
0.0
 20
0.0
 30
0.0
 70
0
  0
VERTEX
  5
200
330
1FF
100
AcDbEntity
  8
GEOMETRY
100
AcDbVertex
100
AcDb2dVertex
 10
12.043963254593175
 20
7.591863517060368
 30
0.0
 70
0
  0
VERTEX
  5
201
330
1FF
100
AcDbEntity
  8
GEOMETRY
100
AcDbVertex
100
AcDb2dVertex
 10
12.043963254593175
 20
6.765091863517061
 30
0.0
 70
0
  0
SEQEND
  5
202
330
1FF
100
AcDbEntity
  8
GEOMETRY
  0
SPLINE
  5
203
330
17
100
AcDbEntity
  8
GEOMETRY
100
AcDbSpline
 70
0
 71
3
 72
14
 73
10
 74
0
 40
0.0
 40
0.0
 40
0.0
 40
0.0
 40
1.0
 40
1.0
 40
1.0
 40
2.0
 40
2.0
 40
2.0
 40
3.0
 40
3.0
 40
3.0
 40
3.0
 10
12.043963254593175
 20
6.765091863517061
 30
0.0
 10
12.043963254593175
 20
6.757029756130117
 30
0.0
 10
12.041840619484095
 20
6.749107974057102
 30
0.0
 10
12.037809565790623
 20
6.742125984251969
 30
0.0
 10
12.03377851209715
 20
6.735143994446838
 30
0.0
 10
12.027979365133215
 20
6.729344847482902
 30
0.0
 10
12.020997375328083
 20
6.72531379378943
 30
0.0
 10
12.014015385522951
 20
6.721282740095957
 30
0.0
 10
12.006093603449933
 20
6.719160104986877
 30
0.0
 10
11.998031496062989
 20
6.719160104986877
 30
0.0
  0
POLYLINE
  5
204
330
17
100
AcDbEntity
  8
GEOMETRY
100
AcDb2dPolyline
 66
1
 10
0.0
 20
0.0
 30
0.0
 70
0
  0
VERTEX
  5
205
330
204
100
AcDbEntity
  8
GEOMETRY
100
AcDbVertex
100
AcDb2dVertex
 10
11.998031496062989
 20
6.719160104986877
 30
0.0
 70
0
  0
VERTEX
  5
206
330
204
100
AcDbEntity
  8
GEOMETRY
100
AcDbVertex
100
AcDb2dVertex
 10
11.466535433070867
 20
6.719160104986877
 30
0.0
 70
0
  0
SEQEND
  5
207
330
204
100
AcDbEntity
  8
GEOMETRY
  0
SPLINE
  5
208
330
17
100
AcDbEntity
  8
GEOMETRY
100
AcDbSpline
 70
0
 71
3
 72
14
 73
10
 74
0
 40
0.0
 40
0.0
 40
0.0
 40
0.0
 40
1.0
 40
1.0
 40
1.0
 40
2.0
 40
2.0
 40
2.0
 40
3.0
 40
3.0
 40
3.0
 40
3.0
 10
11.466535433070867
 20
6.719160104986877
 30
0.0
 10
11.458473325683922
 20
6.719160104986877
 30
0.0
 10
11.450551543610906
 20
6.721282740095957
 30
0.0
 10
11.443569553805775
 20
6.72531379378943
 30
0.0
 10
11.436587564000643
 20
6.729344847482902
 30
0.0
 10
11.430788417036705
 20
6.735143994446837
 30
0.0
 10
11.426757363343233
 20
6.742125984251969
 30
0.0
 10
11.42272630964976
 20
6.749107974057101
 30
0.0
 10
11.420603674540681
 20
6.757029756130117
 30
0.0
 10
11.420603674540681
 20
6.765091863517061
 30
0.0
  0
POLYLINE
  5
209
330
17
100
AcDbEntity
  8
GEOMETRY
100
AcDb2dPolyline
 66
1
 10
0.0
 20
0.0
 30
0.0
 70
0
  0
VERTEX
  5
20A
330
209
100
AcDbEntity
  8
GEOMETRY
100
AcDbVertex
100
AcDb2dVertex
 10
11.420603674540681
 20
6.765091863517061
 30
0.0
 70
0
  0
VERTEX
  5
20B
330
209
100
AcDbEntity
  8
GEOMETRY
100
AcDbVertex
100
AcDb2dVertex
 10
11.420603674540681
 20
7.591863517060368
 30
0.0
 70
0
  0
SEQEND
  5
20C
330
209
100
AcDbEntity
  8
GEOMETRY
  0
SPLINE
  5
20D
330
17
100
AcDbEntity
  8
GEOMETRY
100
AcDbSpline
 70
0
 71
3
 72
14
 73
10
 74
0
 40
0.0
 40
0.0
 40
0.0
 40
0.0
 40
1.0
 40
1.0
 40
1.0
 40
2.0
 40
2.0
 40
2.0
 40
3.0
 40
3.0
 40
3.0
 40
3.0
 10
11.420603674540681
 20
7.591863517060368
 30
0.0
 10
11.420603674540681
 20
7.599925624447312
 30
0.0
 10
11.42272630964976
 20
7.607847406520327
 30
0.0
 10
11.426757363343233
 20
7.61482939632546
 30
0.0
 10
11.430788417036705
 20
7.621811386130592
 30
0.0
 10
11.436587564000641
 20
7.627610533094527
 30
0.0
 10
11.443569553805773
 20
7.631641586788
 30
0.0
 10
11.450551543610905
 20
7.635672640481472
 30
0.0
 10
11.458473325683922
 20
7.637795275590552
 30
0.0
 10
11.466535433070867
 20
7.637795275590552
 30
0.0
  0
POLYLINE
  5
20E
330
17
100
AcDbEntity
  8
GEOMETRY
100
AcDb2dPolyline
 66
1
 10
0.0
 20
0.0
 30
0.0
 70
0
  0
VERTEX
  5
20F
330
20E
100
AcDbEntity
  8
GEOMETRY
100
AcDbVertex
100
AcDb2dVertex
 10
11.466535433070867
 20
8.622047244094489
 30
0.0
 70
0
  0
VERTEX
  5
210
330
20E
100
AcDbEntity
  8
GEOMETRY
100
AcDbVertex
100
AcDb2dVertex
 10
11.998031496062989
 20
8.622047244094489
 30
0.0
 70
0
  0
SEQEND
  5
211
330
20E
100
AcDbEntity
  8
GEOMETRY
  0
SPLINE
  5
212
330
17
100
AcDbEntity
  8
GEOMETRY
100
AcDbSpline
 70
0
 71
3
 72
14
 73
10
 74
0
 40
0.0
 40
0.0
 40
0.0
 40
0.0
 40
1.0
 40
1.0
 40
1.0
 40
2.0
 40
2.0
 40
2.0
 40
3.0
 40
3.0
 40
3.0
 40
3.0
 10
11.998031496062989
 20
8.622047244094489
 30
0.0
 10
12.006093603449933
 20
8.622047244094489
 30
0.0
 10
12.01401538552295
 20
8.619924608985409
 30
0.0
 10
12.020997375328081
 20
8.615893555291937
 30
0.0
 10
12.027979365133213
 20
8.611862501598464
 30
0.0
 10
12.03377851209715
 20
8.606063354634529
 30
0.0
 10
12.037809565790623
 20
8.599081364829397
 30
0.0
 10
12.041840619484095
 20
8.592099375024265
 30
0.0
 10
12.043963254593175
 20
8.58417759295125
 30
0.0
 10
12.043963254593175
 20
8.576115485564305
 30
0.0
  0
POLYLINE
  5
213
330
17
100
AcDbEntity
  8
GEOMETRY
100
AcDb2dPolyline
 66
1
 10
0.0
 20
0.0
 30
0.0
 70
0
  0
VERTEX
  5
214
330
213
100
AcDbEntity
  8
GEOMETRY
100
AcDbVertex
100
AcDb2dVertex
 10
12.043963254593175
 20
8.576115485564305
 30
0.0
 70
0
  0
VERTEX
  5
215
330
213
100
AcDbEntity
  8
GEOMETRY
100
AcDbVertex
100
AcDb2dVertex
 10
12.043963254593175
 20
7.749343832020998
 30
0.0
 70
0
  0
SEQEND
  5
216
330
213
100
AcDbEntity
  8
GEOMETRY
  0
SPLINE
  5
217
330
17
100
AcDbEntity
  8
GEOMETRY
100
AcDbSpline
 70
0
 71
3
 72
14
 73
10
 74
0
 40
0.0
 40
0.0
 40
0.0
 40
0.0
 40
1.0
 40
1.0
 40
1.0
 40
2.0
 40
2.0
 40
2.0
 40
3.0
 40
3.0
 40
3.0
 40
3.0
 10
12.043963254593175
 20
7.749343832020998
 30
0.0
 10
12.043963254593175
 20
7.741281724634053
 30
0.0
 10
12.041840619484095
 20
7.733359942561039
 30
0.0
 10
12.037809565790623
 20
7.726377952755907
 30
0.0
 10
12.03377851209715
 20
7.719395962950774
 30
0.0
 10
12.027979365133215
 20
7.713596815986838
 30
0.0
 10
12.020997375328083
 20
7.709565762293367
 30
0.0
 10
12.014015385522951
 20
7.705534708599894
 30
0.0
 10
12.006093603449933
 20
7.7034120734908145
 30
0.0
 10
11.998031496062989
 20
7.7034120734908145
 30
0.0
  0
POLYLINE
  5
218
330
17
100
AcDbEntity
  8
GEOMETRY
100
AcDb2dPolyline
 66
1
 10
0.0
 20
0.0
 30
0.0
 70
0
  0
VERTEX
  5
219
330
218
100
AcDbEntity
  8
GEOMETRY
100
AcDbVertex
100
AcDb2dVertex
 10
11.998031496062989
 20
7.7034120734908145
 30
0.0
 70
0
  0
VERTEX
  5
21A
330
218
100
AcDbEntity
  8
GEOMETRY
100
AcDbVertex
100
AcDb2dVertex
 10
11.466535433070867
 20
7.7034120734908145
 30
0.0
 70
0
  0
SEQEND
  5
21B
330
218
100
AcDbEntity
  8
GEOMETRY
  0
SPLINE
  5
21C
330
17
100
AcDbEntity
  8
GEOMETRY
100
AcDbSpline
 70
0
 71
3
 72
14
 73
10
 74
0
 40
0.0
 40
0.0
 40
0.0
 40
0.0
 40
1.0
 40
1.0
 40
1.0
 40
2.0
 40
2.0
 40
2.0
 40
3.0
 40
3.0
 40
3.0
 40
3.0
 10
11.466535433070867
 20
7.7034120734908145
 30
0.0
 10
11.458473325683922
 20
7.7034120734908145
 30
0.0
 10
11.450551543610906
 20
7.705534708599894
 30
0.0
 10
11.443569553805775
 20
7.709565762293367
 30
0.0
 10
11.436587564000643
 20
7.713596815986838
 30
0.0
 10
11.430788417036705
 20
7.719395962950774
 30
0.0
 10
11.426757363343233
 20
7.7263779527559056
 30
0.0
 10
11.42272630964976
 20
7.733359942561039
 30
0.0
 10
11.420603674540681
 20
7.741281724634053
 30
0.0
 10
11.420603674540681
 20
7.749343832020998
 30
0.0
  0
POLYLINE
  5
21D
330
17
100
AcDbEntity
  8
GEOMETRY
100
AcDb2dPolyline
 66
1
 10
0.0
 20
0.0
 30
0.0
 70
0
  0
VERTEX
  5
21E
330
21D
100
AcDbEntity
  8
GEOMETRY
100
AcDbVertex
100
AcDb2dVertex
 10
11.420603674540681
 20
7.749343832020998
 30
0.0
 70
0
  0
VERTEX
  5
21F
330
21D
100
AcDbEntity
  8
GEOMETRY
100
AcDbVertex
100
AcDb2dVertex
 10
11.420603674540681
 20
8.576115485564305
 30
0.0
 70
0
  0
SEQEND
  5
220
330
21D
100
AcDbEntity
  8
GEOMETRY
  0
SPLINE
  5
221
330
17
100
AcDbEntity
  8
GEOMETRY
100
AcDbSpline
 70
0
 71
3
 72
14
 73
10
 74
0
 40
0.0
 40
0.0
 40
0.0
 40
0.0
 40
1.0
 40
1.0
 40
1.0
 40
2.0
 40
2.0
 40
2.0
 40
3.0
 40
3.0
 40
3.0
 40
3.0
 10
11.420603674540681
 20
8.576115485564305
 30
0.0
 10
11.420603674540681
 20
8.58417759295125
 30
0.0
 10
11.42272630964976
 20
8.592099375024265
 30
0.0
 10
11.426757363343233
 20
8.599081364829397
 30
0.0
 10
11.430788417036705
 20
8.606063354634529
 30
0.0
 10
11.436587564000641
 20
8.611862501598464
 30
0.0
 10
11.443569553805773
 20
8.615893555291937
 30
0.0
 10
11.450551543610905
 20
8.619924608985409
 30
0.0
 10
11.458473325683922
 20
8.622047244094489
 30
0.0
 10
11.466535433070867
 20
8.622047244094489
 30
0.0
  0
POLYLINE
  5
222
330
17
100
AcDbEntity
  8
GEOMETRY
100
AcDb2dPolyline
 66
1
 10
0.0
 20
0.0
 30
0.0
 70
0
  0
VERTEX
  5
223
330
222
100
AcDbEntity
  8
GEOMETRY
100
AcDbVertex
100
AcDb2dVertex
 10
11.466535433070867
 20
9.606299212598426
 30
0.0
 70
0
  0
VERTEX
  5
224
330
222
100
AcDbEntity
  8
GEOMETRY
100
AcDbVertex
100
AcDb2dVertex
 10
11.998031496062989
 20
9.606299212598426
 30
0.0
 70
0
  0
SEQEND
  5
225
330
222
100
AcDbEntity
  8
GEOMETRY
  0
SPLINE
  5
226
330
17
100
AcDbEntity
  8
GEOMETRY
100
AcDbSpline
 70
0
 71
3
 72
14
 73
10
 74
0
 40
0.0
 40
0.0
 40
0.0
 40
0.0
 40
1.0
 40
1.0
 40
1.0
 40
2.0
 40
2.0
 40
2.0
 40
3.0
 40
3.0
 40
3.0
 40
3.0
 10
11.998031496062989
 20
9.606299212598426
 30
0.0
 10
12.006093603449933
 20
9.606299212598426
 30
0.0
 10
12.01401538552295
 20
9.604176577489346
 30
0.0
 10
12.020997375328081
 20
9.600145523795874
 30
0.0
 10
12.027979365133213
 20
9.596114470102401
 30
0.0
 10
12.03377851209715
 20
9.590315323138466
 30
0.0
 10
12.037809565790623
 20
9.583333333333334
 30
0.0
 10
12.041840619484095
 20
9.576351343528202
 30
0.0
 10
12.043963254593175
 20
9.568429561455186
 30
0.0
 10
12.043963254593175
 20
9.560367454068242
 30
0.0
  0
POLYLINE
  5
227
330
17
100
AcDbEntity
  8
GEOMETRY
100
AcDb2dPolyline
 66
1
 10
0.0
 20
0.0
 30
0.0
 70
0
  0
VERTEX
  5
228
330
227
100
AcDbEntity
  8
GEOMETRY
100
AcDbVertex
100
AcDb2dVertex
 10
12.043963254593175
 20
9.560367454068242
 30
0.0
 70
0
  0
VERTEX
  5
229
330
227
100
AcDbEntity
  8
GEOMETRY
100
AcDbVertex
100
AcDb2dVertex
 10
12.043963254593175
 20
8.733595800524935
 30
0.0
 70
0
  0
SEQEND
  5
22A
330
227
100
AcDbEntity
  8
GEOMETRY
  0
SPLINE
  5
22B
330
17
100
AcDbEntity
  8
GEOMETRY
100
AcDbSpline
 70
0
 71
3
 72
14
 73
10
 74
0
 40
0.0
 40
0.0
 40
0.0
 40
0.0
 40
1.0
 40
1.0
 40
1.0
 40
2.0
 40
2.0
 40
2.0
 40
3.0
 40
3.0
 40
3.0
 40
3.0
 10
12.043963254593175
 20
8.733595800524935
 30
0.0
 10
12.043963254593175
 20
8.72553369313799
 30
0.0
 10
12.041840619484095
 20
8.717611911064976
 30
0.0
 10
12.037809565790623
 20
8.710629921259844
 30
0.0
 10
12.03377851209715
 20
8.70364793145471
 30
0.0
 10
12.027979365133215
 20
8.697848784490775
 30
0.0
 10
12.020997375328083
 20
8.693817730797303
 30
0.0
 10
12.014015385522951
 20
8.689786677103832
 30
0.0
 10
12.006093603449933
 20
8.68766404199475
 30
0.0
 10
11.998031496062989
 20
8.68766404199475
 30
0.0
  0
POLYLINE
  5
22C
330
17
100
AcDbEntity
  8
GEOMETRY
100
AcDb2dPolyline
 66
1
 10
0.0
 20
0.0
 30
0.0
 70
0
  0
VERTEX
  5
22D
330
22C
100
AcDbEntity
  8
GEOMETRY
100
AcDbVertex
100
AcDb2dVertex
 10
11.998031496062989
 20
8.68766404199475
 30
0.0
 70
0
  0
VERTEX
  5
22E
330
22C
100
AcDbEntity
  8
GEOMETRY
100
AcDbVertex
100
AcDb2dVertex
 10
11.466535433070867
 20
8.68766404199475
 30
0.0
 70
0
  0
SEQEND
  5
22F
330
22C
100
AcDbEntity
  8
GEOMETRY
  0
SPLINE
  5
230
330
17
100
AcDbEntity
  8
GEOMETRY
100
AcDbSpline
 70
0
 71
3
 72
14
 73
10
 74
0
 40
0.0
 40
0.0
 40
0.0
 40
0.0
 40
1.0
 40
1.0
 40
1.0
 40
2.0
 40
2.0
 40
2.0
 40
3.0
 40
3.0
 40
3.0
 40
3.0
 10
11.466535433070867
 20
8.68766404199475
 30
0.0
 10
11.458473325683922
 20
8.68766404199475
 30
0.0
 10
11.450551543610906
 20
8.689786677103832
 30
0.0
 10
11.443569553805775
 20
8.693817730797303
 30
0.0
 10
11.436587564000643
 20
8.697848784490775
 30
0.0
 10
11.430788417036705
 20
8.70364793145471
 30
0.0
 10
11.426757363343233
 20
8.710629921259843
 30
0.0
 10
11.42272630964976
 20
8.717611911064976
 30
0.0
 10
11.420603674540681
 20
8.72553369313799
 30
0.0
 10
11.420603674540681
 20
8.733595800524935
 30
0.0
  0
POLYLINE
  5
231
330
17
100
AcDbEntity
  8
GEOMETRY
100
AcDb2dPolyline
 66
1
 10
0.0
 20
0.0
 30
0.0
 70
0
  0
VERTEX
  5
232
330
231
100
AcDbEntity
  8
GEOMETRY
100
AcDbVertex
100
AcDb2dVertex
 10
11.420603674540681
 20
8.733595800524935
 30
0.0
 70
0
  0
VERTEX
  5
233
330
231
100
AcDbEntity
  8
GEOMETRY
100
AcDbVertex
100
AcDb2dVertex
 10
11.420603674540681
 20
9.560367454068242
 30
0.0
 70
0
  0
SEQEND
  5
234
330
231
100
AcDbEntity
  8
GEOMETRY
  0
SPLINE
  5
235
330
17
100
AcDbEntity
  8
GEOMETRY
100
AcDbSpline
 70
0
 71
3
 72
14
 73
10
 74
0
 40
0.0
 40
0.0
 40
0.0
 40
0.0
 40
1.0
 40
1.0
 40
1.0
 40
2.0
 40
2.0
 40
2.0
 40
3.0
 40
3.0
 40
3.0
 40
3.0
 10
11.420603674540681
 20
9.560367454068242
 30
0.0
 10
11.420603674540681
 20
9.568429561455186
 30
0.0
 10
11.42272630964976
 20
9.576351343528202
 30
0.0
 10
11.426757363343233
 20
9.583333333333334
 30
0.0
 10
11.430788417036705
 20
9.590315323138466
 30
0.0
 10
11.436587564000641
 20
9.596114470102401
 30
0.0
 10
11.443569553805773
 20
9.600145523795874
 30
0.0
 10
11.450551543610905
 20
9.604176577489346
 30
0.0
 10
11.458473325683922
 20
9.606299212598426
 30
0.0
 10
11.466535433070867
 20
9.606299212598426
 30
0.0
  0
POLYLINE
  5
236
330
17
100
AcDbEntity
  8
GEOMETRY
100
AcDb2dPolyline
 66
1
 10
0.0
 20
0.0
 30
0.0
 70
0
  0
VERTEX
  5
237
330
236
100
AcDbEntity
  8
GEOMETRY
100
AcDbVertex
100
AcDb2dVertex
 10
11.466535433070867
 20
10.328083989501312
 30
0.0
 70
0
  0
VERTEX
  5
238
330
236
100
AcDbEntity
  8
GEOMETRY
100
AcDbVertex
100
AcDb2dVertex
 10
11.998031496062989
 20
10.328083989501312
 30
0.0
 70
0
  0
SEQEND
  5
239
330
236
100
AcDbEntity
  8
GEOMETRY
  0
SPLINE
  5
23A
330
17
100
AcDbEntity
  8
GEOMETRY
100
AcDbSpline
 70
0
 71
3
 72
14
 73
10
 74
0
 40
0.0
 40
0.0
 40
0.0
 40
0.0
 40
1.0
 40
1.0
 40
1.0
 40
2.0
 40
2.0
 40
2.0
 40
3.0
 40
3.0
 40
3.0
 40
3.0
 10
11.998031496062989
 20
10.328083989501312
 30
0.0
 10
12.006093603449933
 20
10.328083989501312
 30
0.0
 10
12.01401538552295
 20
10.325961354392232
 30
0.0
 10
12.020997375328081
 20
10.32193030069876
 30
0.0
 10
12.027979365133213
 20
10.317899247005288
 30
0.0
 10
12.03377851209715
 20
10.312100100041354
 30
0.0
 10
12.037809565790623
 20
10.30511811023622
 30
0.0
 10
12.041840619484095
 20
10.298136120431089
 30
0.0
 10
12.043963254593175
 20
10.290214338358073
 30
0.0
 10
12.043963254593175
 20
10.282152230971128
 30
0.0
  0
POLYLINE
  5
23B
330
17
100
AcDbEntity
  8
GEOMETRY
100
AcDb2dPolyline
 66
1
 10
0.0
 20
0.0
 30
0.0
 70
0
  0
VERTEX
  5
23C
330
23B
100
AcDbEntity
  8
GEOMETRY
100
AcDbVertex
100
AcDb2dVertex
 10
12.043963254593175
 20
10.282152230971128
 30
0.0
 70
0
  0
VERTEX
  5
23D
330
23B
100
AcDbEntity
  8
GEOMETRY
100
AcDbVertex
100
AcDb2dVertex
 10
12.043963254593175
 20
9.717847769028872
 30
0.0
 70
0
  0
SEQEND
  5
23E
330
23B
100
AcDbEntity
  8
GEOMETRY
  0
SPLINE
  5
23F
330
17
100
AcDbEntity
  8
GEOMETRY
100
AcDbSpline
 70
0
 71
3
 72
14
 73
10
 74
0
 40
0.0
 40
0.0
 40
0.0
 40
0.0
 40
1.0
 40
1.0
 40
1.0
 40
2.0
 40
2.0
 40
2.0
 40
3.0
 40
3.0
 40
3.0
 40
3.0
 10
12.043963254593175
 20
9.717847769028872
 30
0.0
 10
12.043963254593175
 20
9.709785661641927
 30
0.0
 10
12.041840619484095
 20
9.701863879568911
 30
0.0
 10
12.037809565790623
 20
9.69488188976378
 30
0.0
 10
12.03377851209715
 20
9.687899899958648
 30
0.0
 10
12.027979365133215
 20
9.682100752994712
 30
0.0
 10
12.020997375328083
 20
9.67806969930124
 30
0.0
 10
12.014015385522951
 20
9.674038645607768
 30
0.0
 10
12.006093603449933
 20
9.671916010498688
 30
0.0
 10
11.998031496062989
 20
9.671916010498688
 30
0.0
  0
POLYLINE
  5
240
330
17
100
AcDbEntity
  8
GEOMETRY
100
AcDb2dPolyline
 66
1
 10
0.0
 20
0.0
 30
0.0
 70
0
  0
VERTEX
  5
241
330
240
100
AcDbEntity
  8
GEOMETRY
100
AcDbVertex
100
AcDb2dVertex
 10
11.998031496062989
 20
9.671916010498688
 30
0.0
 70
0
  0
VERTEX
  5
242
330
240
100
AcDbEntity
  8
GEOMETRY
100
AcDbVertex
100
AcDb2dVertex
 10
11.466535433070867
 20
9.671916010498688
 30
0.0
 70
0
  0
SEQEND
  5
243
330
240
100
AcDbEntity
  8
GEOMETRY
  0
SPLINE
  5
244
330
17
100
AcDbEntity
  8
GEOMETRY
100
AcDbSpline
 70
0
 71
3
 72
14
 73
10
 74
0
 40
0.0
 40
0.0
 40
0.0
 40
0.0
 40
1.0
 40
1.0
 40
1.0
 40
2.0
 40
2.0
 40
2.0
 40
3.0
 40
3.0
 40
3.0
 40
3.0
 10
11.466535433070867
 20
9.671916010498688
 30
0.0
 10
11.458473325683922
 20
9.671916010498688
 30
0.0
 10
11.450551543610906
 20
9.674038645607768
 30
0.0
 10
11.443569553805775
 20
9.67806969930124
 30
0.0
 10
11.436587564000643
 20
9.682100752994712
 30
0.0
 10
11.430788417036705
 20
9.687899899958648
 30
0.0
 10
11.426757363343233
 20
9.69488188976378
 30
0.0
 10
11.42272630964976
 20
9.701863879568911
 30
0.0
 10
11.420603674540681
 20
9.709785661641927
 30
0.0
 10
11.420603674540681
 20
9.717847769028872
 30
0.0
  0
POLYLINE
  5
245
330
17
100
AcDbEntity
  8
GEOMETRY
100
AcDb2dPolyline
 66
1
 10
0.0
 20
0.0
 30
0.0
 70
0
  0
VERTEX
  5
246
330
245
100
AcDbEntity
  8
GEOMETRY
100
AcDbVertex
100
AcDb2dVertex
 10
11.420603674540681
 20
9.717847769028872
 30
0.0
 70
0
  0
VERTEX
  5
247
330
245
100
AcDbEntity
  8
GEOMETRY
100
AcDbVertex
100
AcDb2dVertex
 10
11.420603674540681
 20
10.282152230971128
 30
0.0
 70
0
  0
SEQEND
  5
248
330
245
100
AcDbEntity
  8
GEOMETRY
  0
SPLINE
  5
249
330
17
100
AcDbEntity
  8
GEOMETRY
100
AcDbSpline
 70
0
 71
3
 72
14
 73
10
 74
0
 40
0.0
 40
0.0
 40
0.0
 40
0.0
 40
1.0
 40
1.0
 40
1.0
 40
2.0
 40
2.0
 40
2.0
 40
3.0
 40
3.0
 40
3.0
 40
3.0
 10
11.420603674540681
 20
10.282152230971128
 30
0.0
 10
11.420603674540681
 20
10.290214338358073
 30
0.0
 10
11.42272630964976
 20
10.298136120431089
 30
0.0
 10
11.426757363343233
 20
10.30511811023622
 30
0.0
 10
11.430788417036705
 20
10.312100100041352
 30
0.0
 10
11.436587564000641
 20
10.317899247005288
 30
0.0
 10
11.443569553805773
 20
10.32193030069876
 30
0.0
 10
11.450551543610905
 20
10.325961354392232
 30
0.0
 10
11.458473325683922
 20
10.328083989501312
 30
0.0
 10
11.466535433070867
 20
10.328083989501312
 30
0.0
  0
LWPOLYLINE
  5
24A
330
17
100
AcDbEntity
  8
GEOMETRY
100
AcDbPolyline
 90
6
 70
0
 10
11.223753280839894
 20
10.328083989501312
 10
11.666666666666666
 20
10.328083989501312
 10
11.765091863517059
 20
10.492125984251969
 10
11.830708661417322
 20
10.164041994750656
 10
11.929133858267717
 20
10.328083989501312
 10
12.240813648293964
 20
10.328083989501312
  0
LWPOLYLINE
  5
24B
330
17
100
AcDbEntity
  8
GEOMETRY
100
AcDbPolyline
 90
5
 70
0
 10
12.135826771653543
 20
7.04724409448819
 10
14.373359580052492
 20
7.04724409448819
 10
14.373359580052492
 20
6.653543307086615
 10
12.135826771653543
 20
6.653543307086615
 10
12.135826771653543
 20
7.04724409448819
  0
LWPOLYLINE
  5
24C
330
17
100
AcDbEntity
  8
GEOMETRY
100
AcDbPolyline
 90
5
 70
0
 10
12.135826771653543
 20
7.165354330708662
 10
14.570209973753279
 20
7.165354330708662
 10
14.570209973753279
 20
7.04724409448819
 10
12.135826771653543
 20
7.04724409448819
 10
12.135826771653543
 20
7.165354330708662
  0
LWPOLYLINE
  5
24D
330
17
100
AcDbEntity
  8
GEOMETRY
100
AcDbPolyline
 90
5
 70
0
 10
12.076771653543307
 20
9.435695538057743
 10
12.135826771653543
 20
9.435695538057743
 10
12.135826771653543
 20
7.04724409448819
 10
12.076771653543307
 20
7.04724409448819
 10
12.076771653543307
 20
9.435695538057743
  0
POLYLINE
  5
24E
330
17
100
AcDbEntity
  8
GEOMETRY
100
AcDb2dPolyline
 66
1
 10
0.0
 20
0.0
 30
0.0
 70
0
  0
VERTEX
  5
24F
330
24E
100
AcDbEntity
  8
GEOMETRY
100
AcDbVertex
100
AcDb2dVertex
 10
12.076771653543307
 20
9.435695538057743
 30
0.0
 70
0
  0
VERTEX
  5
250
330
24E
100
AcDbEntity
  8
GEOMETRY
100
AcDbVertex
100
AcDb2dVertex
 10
14.681758530183725
 20
9.435695538057743
 30
0.0
 70
0
  0
SEQEND
  5
251
330
24E
100
AcDbEntity
  8
GEOMETRY
  0
SPLINE
  5
252
330
17
100
AcDbEntity
  8
GEOMETRY
100
AcDbSpline
 70
0
 71
3
 72
23
 73
19
 74
0
 40
0.0
 40
0.0
 40
0.0
 40
0.0
 40
1.0
 40
1.0
 40
1.0
 40
2.0
 40
2.0
 40
2.0
 40
3.0
 40
3.0
 40
3.0
 40
4.0
 40
4.0
 40
4.0
 40
5.0
 40
5.0
 40
5.0
 40
6.0
 40
6.0
 40
6.0
 40
6.0
 10
14.681758530183725
 20
9.435695538057743
 30
0.0
 10
14.696731015330908
 20
9.435695538057743
 30
0.0
 10
14.711442896323648
 20
9.439637574688891
 30
0.0
 10
14.724409448818895
 20
9.447123817262483
 30
0.0
 10
14.737376001314141
 20
9.454610059836074
 30
0.0
 10
14.748145845675735
 20
9.465379904197668
 30
0.0
 10
14.755632088249326
 20
9.478346456692915
 30
0.0
 10
14.76311833082292
 20
9.49131300918816
 30
0.0
 10
14.767060367454068
 20
9.506024890180901
 30
0.0
 10
14.767060367454068
 20
9.520997375328085
 30
0.0
 10
14.767060367454068
 20
9.535969860475268
 30
0.0
 10
14.76311833082292
 20
9.55068174146801
 30
0.0
 10
14.755632088249326
 20
9.563648293963254
 30
0.0
 10
14.748145845675735
 20
9.5766148464585
 30
0.0
 10
14.737376001314145
 20
9.587384690820095
 30
0.0
 10
14.724409448818898
 20
9.594870933393686
 30
0.0
 10
14.711442896323652
 20
9.602357175967278
 30
0.0
 10
14.696731015330908
 20
9.606299212598426
 30
0.0
 10
14.681758530183725
 20
9.606299212598426
 30
0.0
  0
POLYLINE
  5
253
330
17
100
AcDbEntity
  8
GEOMETRY
100
AcDb2dPolyline
 66
1
 10
0.0
 20
0.0
 30
0.0
 70
0
  0
VERTEX
  5
254
330
253
100
AcDbEntity
  8
GEOMETRY
100
AcDbVertex
100
AcDb2dVertex
 10
14.681758530183725
 20
9.606299212598426
 30
0.0
 70
0
  0
VERTEX
  5
255
330
253
100
AcDbEntity
  8
GEOMETRY
100
AcDbVertex
100
AcDb2dVertex
 10
12.076771653543307
 20
9.606299212598426
 30
0.0
 70
0
  0
VERTEX
  5
256
330
253
100
AcDbEntity
  8
GEOMETRY
100
AcDbVertex
100
AcDb2dVertex
 10
12.076771653543307
 20
9.435695538057743
 30
0.0
 70
0
  0
SEQEND
  5
257
330
253
100
AcDbEntity
  8
GEOMETRY
  0
POLYLINE
  5
258
330
17
100
AcDbEntity
  8
GEOMETRY
100
AcDb2dPolyline
 66
1
 10
0.0
 20
0.0
 30
0.0
 70
0
  0
VERTEX
  5
259
330
258
100
AcDbEntity
  8
GEOMETRY
100
AcDbVertex
100
AcDb2dVertex
 10
14.60301837270341
 20
8.231627296587927
 30
0.0
 70
0
  0
VERTEX
  5
25A
330
258
100
AcDbEntity
  8
GEOMETRY
100
AcDbVertex
100
AcDb2dVertex
 10
14.668635170603674
 20
8.231627296587927
 30
0.0
 70
0
  0
SEQEND
  5
25B
330
258
100
AcDbEntity
  8
GEOMETRY
  0
SPLINE
  5
25C
330
17
100
AcDbEntity
  8
GEOMETRY
100
AcDbSpline
 70
0
 71
3
 72
14
 73
10
 74
0
 40
0.0
 40
0.0
 40
0.0
 40
0.0
 40
1.0
 40
1.0
 40
1.0
 40
2.0
 40
2.0
 40
2.0
 40
3.0
 40
3.0
 40
3.0
 40
3.0
 10
14.668635170603674
 20
8.231627296587927
 30
0.0
 10
14.674393818737204
 20
8.231627296587927
 30
0.0
 10
14.680052234503643
 20
8.23011112865287
 30
0.0
 10
14.685039370078737
 20
8.227231804586104
 30
0.0
 10
14.690026505653833
 20
8.224352480519338
 30
0.0
 10
14.694168753485215
 20
8.220210232687956
 30
0.0
 10
14.697048077551981
 20
8.215223097112862
 30
0.0
 10
14.69992740161875
 20
8.210235961537768
 30
0.0
 10
14.701443569553804
 20
8.204577545771327
 30
0.0
 10
14.701443569553804
 20
8.198818897637796
 30
0.0
  0
POLYLINE
  5
25D
330
17
100
AcDbEntity
  8
GEOMETRY
100
AcDb2dPolyline
 66
1
 10
0.0
 20
0.0
 30
0.0
 70
0
  0
VERTEX
  5
25E
330
25D
100
AcDbEntity
  8
GEOMETRY
100
AcDbVertex
100
AcDb2dVertex
 10
14.701443569553804
 20
8.198818897637796
 30
0.0
 70
0
  0
VERTEX
  5
25F
330
25D
100
AcDbEntity
  8
GEOMETRY
100
AcDbVertex
100
AcDb2dVertex
 10
14.701443569553804
 20
7.099737532808399
 30
0.0
 70
0
  0
SEQEND
  5
260
330
25D
100
AcDbEntity
  8
GEOMETRY
  0
SPLINE
  5
261
330
17
100
AcDbEntity
  8
GEOMETRY
100
AcDbSpline
 70
0
 71
3
 72
14
 73
10
 74
0
 40
0.0
 40
0.0
 40
0.0
 40
0.0
 40
1.0
 40
1.0
 40
1.0
 40
2.0
 40
2.0
 40
2.0
 40
3.0
 40
3.0
 40
3.0
 40
3.0
 10
14.701443569553804
 20
7.099737532808399
 30
0.0
 10
14.701443569553804
 20
7.0939788846748675
 30
0.0
 10
14.69992740161875
 20
7.088320468908429
 30
0.0
 10
14.697048077551981
 20
7.083333333333334
 30
0.0
 10
14.694168753485215
 20
7.07834619775824
 30
0.0
 10
14.690026505653835
 20
7.074203949926858
 30
0.0
 10
14.68503937007874
 20
7.0713246258600915
 30
0.0
 10
14.680052234503645
 20
7.068445301793325
 30
0.0
 10
14.674393818737204
 20
7.0669291338582685
 30
0.0
 10
14.668635170603674
 20
7.0669291338582685
 30
0.0
  0
POLYLINE
  5
262
330
17
100
AcDbEntity
  8
GEOMETRY
100
AcDb2dPolyline
 66
1
 10
0.0
 20
0.0
 30
0.0
 70
0
  0
VERTEX
  5
263
330
262
100
AcDbEntity
  8
GEOMETRY
100
AcDbVertex
100
AcDb2dVertex
 10
14.668635170603674
 20
7.0669291338582685
 30
0.0
 70
0
  0
VERTEX
  5
264
330
262
100
AcDbEntity
  8
GEOMETRY
100
AcDbVertex
100
AcDb2dVertex
 10
14.60301837270341
 20
7.0669291338582685
 30
0.0
 70
0
  0
SEQEND
  5
265
330
262
100
AcDbEntity
  8
GEOMETRY
  0
SPLINE
  5
266
330
17
100
AcDbEntity
  8
GEOMETRY
100
AcDbSpline
 70
0
 71
3
 72
14
 73
10
 74
0
 40
0.0
 40
0.0
 40
0.0
 40
0.0
 40
1.0
 40
1.0
 40
1.0
 40
2.0
 40
2.0
 40
2.0
 40
3.0
 40
3.0
 40
3.0
 40
3.0
 10
14.60301837270341
 20
7.0669291338582685
 30
0.0
 10
14.597259724569879
 20
7.0669291338582685
 30
0.0
 10
14.59160130880344
 20
7.068445301793325
 30
0.0
 10
14.586614173228346
 20
7.0713246258600915
 30
0.0
 10
14.581627037653252
 20
7.074203949926858
 30
0.0
 10
14.577484789821868
 20
7.078346197758239
 30
0.0
 10
14.574605465755102
 20
7.083333333333334
 30
0.0
 10
14.571726141688336
 20
7.088320468908428
 30
0.0
 10
14.570209973753279
 20
7.0939788846748675
 30
0.0
 10
14.570209973753279
 20
7.099737532808399
 30
0.0
  0
POLYLINE
  5
267
330
17
100
AcDbEntity
  8
GEOMETRY
100
AcDb2dPolyline
 66
1
 10
0.0
 20
0.0
 30
0.0
 70
0
  0
VERTEX
  5
268
330
267
100
AcDbEntity
  8
GEOMETRY
100
AcDbVertex
100
AcDb2dVertex
 10
14.570209973753279
 20
7.099737532808399
 30
0.0
 70
0
  0
VERTEX
  5
269
330
267
100
AcDbEntity
  8
GEOMETRY
100
AcDbVertex
100
AcDb2dVertex
 10
14.570209973753279
 20
8.198818897637796
 30
0.0
 70
0
  0
SEQEND
  5
26A
330
267
100
AcDbEntity
  8
GEOMETRY
  0
SPLINE
  5
26B
330
17
100
AcDbEntity
  8
GEOMETRY
100
AcDbSpline
 70
0
 71
3
 72
14
 73
10
 74
0
 40
0.0
 40
0.0
 40
0.0
 40
0.0
 40
1.0
 40
1.0
 40
1.0
 40
2.0
 40
2.0
 40
2.0
 40
3.0
 40
3.0
 40
3.0
 40
3.0
 10
14.570209973753279
 20
8.198818897637796
 30
0.0
 10
14.570209973753279
 20
8.204577545771327
 30
0.0
 10
14.571726141688336
 20
8.210235961537766
 30
0.0
 10
14.574605465755102
 20
8.215223097112862
 30
0.0
 10
14.577484789821868
 20
8.220210232687956
 30
0.0
 10
14.58162703765325
 20
8.224352480519338
 30
0.0
 10
14.586614173228345
 20
8.227231804586104
 30
0.0
 10
14.591601308803439
 20
8.23011112865287
 30
0.0
 10
14.597259724569879
 20
8.231627296587927
 30
0.0
 10
14.60301837270341
 20
8.231627296587927
 30
0.0
  0
LWPOLYLINE
  5
26C
330
17
100
AcDbEntity
  8
GEOMETRY
100
AcDbPolyline
 90
5
 70
0
 10
12.273622047244094
 20
7.979002624671916
 10
14.570209973753279
 20
7.979002624671916
 10
14.570209973753279
 20
7.257217847769029
 10
12.273622047244094
 20
7.257217847769029
 10
12.273622047244094
 20
7.979002624671916
  0
LWPOLYLINE
  5
26D
330
17
100
AcDbEntity
  8
GEOMETRY
100
AcDbPolyline
 90
5
 70
0
 10
12.273622047244094
 20
7.335958005249344
 10
14.570209973753279
 20
7.335958005249344
 10
14.570209973753279
 20
7.257217847769029
 10
12.273622047244094
 20
7.257217847769029
 10
12.273622047244094
 20
7.335958005249344
  0
LWPOLYLINE
  5
26E
330
17
100
AcDbEntity
  8
GEOMETRY
100
AcDbPolyline
 90
5
 70
0
 10
12.273622047244094
 20
7.979002624671916
 10
12.372047244094489
 20
7.979002624671916
 10
12.372047244094489
 20
7.257217847769029
 10
12.273622047244094
 20
7.257217847769029
 10
12.273622047244094
 20
7.979002624671916
  0
LWPOLYLINE
  5
26F
330
17
100
AcDbEntity
  8
GEOMETRY
100
AcDbPolyline
 90
5
 70
0
 10
14.471784776902886
 20
7.979002624671916
 10
14.570209973753279
 20
7.979002624671916
 10
14.570209973753279
 20
7.257217847769029
 10
14.471784776902886
 20
7.257217847769029
 10
14.471784776902886
 20
7.979002624671916
  0
LWPOLYLINE
  5
270
330
17
100
AcDbEntity
  8
GEOMETRY
100
AcDbPolyline
 90
5
 70
0
 10
12.339238845144358
 20
7.250656167979003
 10
14.53740157480315
 20
7.250656167979003
 10
14.53740157480315
 20
7.198162729658794
 10
12.339238845144358
 20
7.198162729658794
 10
12.339238845144358
 20
7.250656167979003
  0
LWPOLYLINE
  5
271
330
17
100
AcDbEntity
  8
GEOMETRY
100
AcDbPolyline
 90
5
 70
0
 10
14.701443569553804
 20
7.675524934383202
 10
14.819553805774277
 20
7.675524934383202
 10
14.819553805774277
 20
7.623031496062993
 10
14.701443569553804
 20
7.623031496062993
 10
14.701443569553804
 20
7.675524934383202
  0
LWPOLYLINE
  5
272
330
17
100
AcDbEntity
  8
GEOMETRY
100
AcDbPolyline
 90
5
 70
0
 10
14.819553805774277
 20
7.682086614173229
 10
14.88517060367454
 20
7.682086614173229
 10
14.88517060367454
 20
7.616469816272966
 10
14.819553805774277
 20
7.616469816272966
 10
14.819553805774277
 20
7.682086614173229
  0
POLYLINE
  5
273
330
17
100
AcDbEntity
  8
GEOMETRY
100
AcDb2dPolyline
 66
1
 10
0.0
 20
0.0
 30
0.0
 70
0
  0
VERTEX
  5
274
330
273
100
AcDbEntity
  8
GEOMETRY
100
AcDbVertex
100
AcDb2dVertex
 10
14.60301837270341
 20
9.416010498687664
 30
0.0
 70
0
  0
VERTEX
  5
275
330
273
100
AcDbEntity
  8
GEOMETRY
100
AcDbVertex
100
AcDb2dVertex
 10
14.668635170603674
 20
9.416010498687664
 30
0.0
 70
0
  0
SEQEND
  5
276
330
273
100
AcDbEntity
  8
GEOMETRY
  0
SPLINE
  5
277
330
17
100
AcDbEntity
  8
GEOMETRY
100
AcDbSpline
 70
0
 71
3
 72
14
 73
10
 74
0
 40
0.0
 40
0.0
 40
0.0
 40
0.0
 40
1.0
 40
1.0
 40
1.0
 40
2.0
 40
2.0
 40
2.0
 40
3.0
 40
3.0
 40
3.0
 40
3.0
 10
14.668635170603674
 20
9.416010498687664
 30
0.0
 10
14.674393818737204
 20
9.416010498687664
 30
0.0
 10
14.680052234503643
 20
9.414494330752607
 30
0.0
 10
14.685039370078737
 20
9.411615006685842
 30
0.0
 10
14.690026505653833
 20
9.408735682619076
 30
0.0
 10
14.694168753485215
 20
9.404593434787692
 30
0.0
 10
14.697048077551981
 20
9.399606299212598
 30
0.0
 10
14.69992740161875
 20
9.394619163637504
 30
0.0
 10
14.701443569553804
 20
9.388960747871065
 30
0.0
 10
14.701443569553804
 20
9.383202099737533
 30
0.0
  0
POLYLINE
  5
278
330
17
100
AcDbEntity
  8
GEOMETRY
100
AcDb2dPolyline
 66
1
 10
0.0
 20
0.0
 30
0.0
 70
0
  0
VERTEX
  5
279
330
278
100
AcDbEntity
  8
GEOMETRY
100
AcDbVertex
100
AcDb2dVertex
 10
14.701443569553804
 20
9.383202099737533
 30
0.0
 70
0
  0
VERTEX
  5
27A
330
278
100
AcDbEntity
  8
GEOMETRY
100
AcDbVertex
100
AcDb2dVertex
 10
14.701443569553804
 20
8.284120734908136
 30
0.0
 70
0
  0
SEQEND
  5
27B
330
278
100
AcDbEntity
  8
GEOMETRY
  0
SPLINE
  5
27C
330
17
100
AcDbEntity
  8
GEOMETRY
100
AcDbSpline
 70
0
 71
3
 72
14
 73
10
 74
0
 40
0.0
 40
0.0
 40
0.0
 40
0.0
 40
1.0
 40
1.0
 40
1.0
 40
2.0
 40
2.0
 40
2.0
 40
3.0
 40
3.0
 40
3.0
 40
3.0
 10
14.701443569553804
 20
8.284120734908136
 30
0.0
 10
14.701443569553804
 20
8.278362086774605
 30
0.0
 10
14.69992740161875
 20
8.272703671008166
 30
0.0
 10
14.697048077551981
 20
8.26771653543307
 30
0.0
 10
14.694168753485215
 20
8.262729399857978
 30
0.0
 10
14.690026505653835
 20
8.258587152026594
 30
0.0
 10
14.68503937007874
 20
8.255707827959828
 30
0.0
 10
14.680052234503645
 20
8.252828503893063
 30
0.0
 10
14.674393818737204
 20
8.251312335958005
 30
0.0
 10
14.668635170603674
 20
8.251312335958005
 30
0.0
  0
POLYLINE
  5
27D
330
17
100
AcDbEntity
  8
GEOMETRY
100
AcDb2dPolyline
 66
1
 10
0.0
 20
0.0
 30
0.0
 70
0
  0
VERTEX
  5
27E
330
27D
100
AcDbEntity
  8
GEOMETRY
100
AcDbVertex
100
AcDb2dVertex
 10
14.668635170603674
 20
8.251312335958005
 30
0.0
 70
0
  0
VERTEX
  5
27F
330
27D
100
AcDbEntity
  8
GEOMETRY
100
AcDbVertex
100
AcDb2dVertex
 10
14.60301837270341
 20
8.251312335958005
 30
0.0
 70
0
  0
SEQEND
  5
280
330
27D
100
AcDbEntity
  8
GEOMETRY
  0
SPLINE
  5
281
330
17
100
AcDbEntity
  8
GEOMETRY
100
AcDbSpline
 70
0
 71
3
 72
14
 73
10
 74
0
 40
0.0
 40
0.0
 40
0.0
 40
0.0
 40
1.0
 40
1.0
 40
1.0
 40
2.0
 40
2.0
 40
2.0
 40
3.0
 40
3.0
 40
3.0
 40
3.0
 10
14.60301837270341
 20
8.251312335958005
 30
0.0
 10
14.597259724569879
 20
8.251312335958005
 30
0.0
 10
14.59160130880344
 20
8.252828503893063
 30
0.0
 10
14.586614173228346
 20
8.255707827959828
 30
0.0
 10
14.581627037653252
 20
8.258587152026594
 30
0.0
 10
14.577484789821868
 20
8.262729399857976
 30
0.0
 10
14.574605465755102
 20
8.26771653543307
 30
0.0
 10
14.571726141688336
 20
8.272703671008166
 30
0.0
 10
14.570209973753279
 20
8.278362086774605
 30
0.0
 10
14.570209973753279
 20
8.284120734908136
 30
0.0
  0
POLYLINE
  5
282
330
17
100
AcDbEntity
  8
GEOMETRY
100
AcDb2dPolyline
 66
1
 10
0.0
 20
0.0
 30
0.0
 70
0
  0
VERTEX
  5
283
330
282
100
AcDbEntity
  8
GEOMETRY
100
AcDbVertex
100
AcDb2dVertex
 10
14.570209973753279
 20
8.284120734908136
 30
0.0
 70
0
  0
VERTEX
  5
284
330
282
100
AcDbEntity
  8
GEOMETRY
100
AcDbVertex
100
AcDb2dVertex
 10
14.570209973753279
 20
9.383202099737533
 30
0.0
 70
0
  0
SEQEND
  5
285
330
282
100
AcDbEntity
  8
GEOMETRY
  0
SPLINE
  5
286
330
17
100
AcDbEntity
  8
GEOMETRY
100
AcDbSpline
 70
0
 71
3
 72
14
 73
10
 74
0
 40
0.0
 40
0.0
 40
0.0
 40
0.0
 40
1.0
 40
1.0
 40
1.0
 40
2.0
 40
2.0
 40
2.0
 40
3.0
 40
3.0
 40
3.0
 40
3.0
 10
14.570209973753279
 20
9.383202099737533
 30
0.0
 10
14.570209973753279
 20
9.388960747871065
 30
0.0
 10
14.571726141688336
 20
9.394619163637504
 30
0.0
 10
14.574605465755102
 20
9.399606299212598
 30
0.0
 10
14.577484789821868
 20
9.404593434787692
 30
0.0
 10
14.58162703765325
 20
9.408735682619076
 30
0.0
 10
14.586614173228345
 20
9.411615006685842
 30
0.0
 10
14.591601308803439
 20
9.414494330752607
 30
0.0
 10
14.597259724569879
 20
9.416010498687664
 30
0.0
 10
14.60301837270341
 20
9.416010498687664
 30
0.0
  0
LWPOLYLINE
  5
287
330
17
100
AcDbEntity
  8
GEOMETRY
100
AcDbPolyline
 90
5
 70
0
 10
12.273622047244094
 20
9.16010498687664
 10
14.570209973753279
 20
9.16010498687664
 10
14.570209973753279
 20
8.372703412073491
 10
12.273622047244094
 20
8.372703412073491
 10
12.273622047244094
 20
9.16010498687664
  0
LWPOLYLINE
  5
288
330
17
100
AcDbEntity
  8
GEOMETRY
100
AcDbPolyline
 90
5
 70
0
 10
12.273622047244094
 20
8.451443569553806
 10
14.570209973753279
 20
8.451443569553806
 10
14.570209973753279
 20
8.372703412073491
 10
12.273622047244094
 20
8.372703412073491
 10
12.273622047244094
 20
8.451443569553806
  0
LWPOLYLINE
  5
289
330
17
100
AcDbEntity
  8
GEOMETRY
100
AcDbPolyline
 90
5
 70
0
 10
12.273622047244094
 20
9.16010498687664
 10
12.372047244094489
 20
9.16010498687664
 10
12.372047244094489
 20
8.372703412073491
 10
12.273622047244094
 20
8.372703412073491
 10
12.273622047244094
 20
9.16010498687664
  0
LWPOLYLINE
  5
28A
330
17
100
AcDbEntity
  8
GEOMETRY
100
AcDbPolyline
 90
5
 70
0
 10
14.471784776902886
 20
9.16010498687664
 10
14.570209973753279
 20
9.16010498687664
 10
14.570209973753279
 20
8.372703412073491
 10
14.471784776902886
 20
8.372703412073491
 10
14.471784776902886
 20
9.16010498687664
  0
LWPOLYLINE
  5
28B
330
17
100
AcDbEntity
  8
GEOMETRY
100
AcDbPolyline
 90
5
 70
0
 10
12.339238845144358
 20
8.366141732283465
 10
14.53740157480315
 20
8.366141732283465
 10
14.53740157480315
 20
8.313648293963254
 10
12.339238845144358
 20
8.313648293963254
 10
12.339238845144358
 20
8.366141732283465
  0
LWPOLYLINE
  5
28C
330
17
100
AcDbEntity
  8
GEOMETRY
100
AcDbPolyline
 90
5
 70
0
 10
14.701443569553804
 20
8.85990813648294
 10
14.819553805774277
 20
8.85990813648294
 10
14.819553805774277
 20
8.80741469816273
 10
14.701443569553804
 20
8.80741469816273
 10
14.701443569553804
 20
8.85990813648294
  0
LWPOLYLINE
  5
28D
330
17
100
AcDbEntity
  8
GEOMETRY
100
AcDbPolyline
 90
5
 70
0
 10
14.819553805774277
 20
8.866469816272966
 10
14.88517060367454
 20
8.866469816272966
 10
14.88517060367454
 20
8.800853018372704
 10
14.819553805774277
 20
8.800853018372704
 10
14.819553805774277
 20
8.866469816272966
  0
LINE
  5
28E
330
17
100
AcDbEntity
  8
GEOMETRY
100
AcDbLine
 10
11.026902887139107
 20
6.653543307086614
 30
0.0
 11
15.62007874015748
 21
6.653543307086614
 31
0.0
  0
LINE
  5
28F
330
17
100
AcDbEntity
  8
DIMENSIONS
100
AcDbLine
 10
11.262992125984251
 20
6.71259842519685
 30
0.0
 11
11.262992125984251
 21
9.547244094488189
 31
0.0
  0
LINE
  5
290
330
17
100
AcDbEntity
  8
DIMENSIONS
100
AcDbLine
 10
11.400787401574803
 20
6.653543307086614
 30
0.0
 11
11.31023622047244
 21
6.653543307086614
 31
0.0
  0
LINE
  5
291
330
17
100
AcDbEntity
  8
DIMENSIONS
100
AcDbLine
 10
11.223622047244094
 20
6.6141732283464565
 30
0.0
 11
11.302362204724409
 21
6.692913385826771
 31
0.0
  0
LINE
  5
292
330
17
100
AcDbEntity
  8
DIMENSIONS
100
AcDbLine
 10
11.400787401574803
 20
7.047244094488189
 30
0.0
 11
11.31023622047244
 21
7.047244094488189
 31
0.0
  0
LINE
  5
293
330
17
100
AcDbEntity
  8
DIMENSIONS
100
AcDbLine
 10
11.223622047244094
 20
7.0078740157480315
 30
0.0
 11
11.302362204724409
 21
7.086614173228346
 31
0.0
  0
LINE
  5
294
330
17
100
AcDbEntity
  8
DIMENSIONS
100
AcDbLine
 10
11.400787401574803
 20
8.241338582677164
 30
0.0
 11
11.31023622047244
 21
8.241338582677164
 31
0.0
  0
LINE
  5
295
330
17
100
AcDbEntity
  8
DIMENSIONS
100
AcDbLine
 10
11.223622047244094
 20
8.201968503937007
 30
0.0
 11
11.302362204724409
 21
8.280708661417322
 31
0.0
  0
LINE
  5
296
330
17
100
AcDbEntity
  8
DIMENSIONS
100
AcDbLine
 10
11.400787401574803
 20
9.435826771653543
 30
0.0
 11
11.31023622047244
 21
9.435826771653543
 31
0.0
  0
LINE
  5
297
330
17
100
AcDbEntity
  8
DIMENSIONS
100
AcDbLine
 10
11.223622047244094
 20
9.396456692913386
 30
0.0
 11
11.302362204724409
 21
9.4751968503937
 31
0.0
  0
LINE
  5
298
330
17
100
AcDbEntity
  8
DIMENSIONS
100
AcDbLine
 10
11.400787401574803
 20
9.606299212598426
 30
0.0
 11
11.31023622047244
 21
9.606299212598426
 31
0.0
  0
LINE
  5
299
330
17
100
AcDbEntity
  8
DIMENSIONS
100
AcDbLine
 10
11.223622047244094
 20
9.566929133858267
 30
0.0
 11
11.302362204724409
 21
9.645669291338583
 31
0.0
  0
TEXT
  5
29A
330
17
100
AcDbEntity
  8
TEXT
100
AcDbText
 10
11.231496062992125
 20
6.850393700787402
 30
0.0
 40
0.031181102362204727
  1
2⅜"
 50
90.0
 72
1
 11
11.231496062992125
 21
6.850393700787402
 31
0.0
100
AcDbText
  0
TEXT
  5
29B
330
17
100
AcDbEntity
  8
TEXT
100
AcDbText
 10
11.231496062992125
 20
7.644094488188975
 30
0.0
 40
0.031181102362204727
  1
7⅛"
 50
90.0
 72
1
 11
11.231496062992125
 21
7.644094488188975
 31
0.0
100
AcDbText
  0
TEXT
  5
29C
330
17
100
AcDbEntity
  8
TEXT
100
AcDbText
 10
11.231496062992125
 20
8.838582677165354
 30
0.0
 40
0.031181102362204727
  1
7⅛"
 50
90.0
 72
1
 11
11.231496062992125
 21
8.838582677165354
 31
0.0
100
AcDbText
  0
TEXT
  5
29D
330
17
100
AcDbEntity
  8
TEXT
100
AcDbText
 10
11.231496062992125
 20
9.521259842519687
 30
0.0
 40
0.031181102362204727
  1
1"
 50
90.0
 72
1
 11
11.231496062992125
 21
9.521259842519687
 31
0.0
100
AcDbText
  0
LINE
  5
29E
330
17
100
AcDbEntity
  8
DIMENSIONS
100
AcDbLine
 10
11.361417322834646
 20
6.456692913385827
 30
0.0
 11
14.944094488188975
 21
6.456692913385827
 31
0.0
  0
LINE
  5
29F
330
17
100
AcDbEntity
  8
DIMENSIONS
100
AcDbLine
 10
11.42047244094488
 20
6.633858267716535
 30
0.0
 11
11.42047244094488
 21
6.409448818897638
 31
0.0
  0
LINE
  5
2A0
330
17
100
AcDbEntity
  8
DIMENSIONS
100
AcDbLine
 10
11.381102362204723
 20
6.417322834645669
 30
0.0
 11
11.459842519685038
 21
6.496062992125984
 31
0.0
  0
LINE
  5
2A1
330
17
100
AcDbEntity
  8
DIMENSIONS
100
AcDbLine
 10
12.044094488188977
 20
6.633858267716535
 30
0.0
 11
12.044094488188977
 21
6.409448818897638
 31
0.0
  0
LINE
  5
2A2
330
17
100
AcDbEntity
  8
DIMENSIONS
100
AcDbLine
 10
12.00472440944882
 20
6.417322834645669
 30
0.0
 11
12.083464566929134
 21
6.496062992125984
 31
0.0
  0
LINE
  5
2A3
330
17
100
AcDbEntity
  8
DIMENSIONS
100
AcDbLine
 10
14.701574803149606
 20
6.633858267716535
 30
0.0
 11
14.701574803149606
 21
6.409448818897638
 31
0.0
  0
LINE
  5
2A4
330
17
100
AcDbEntity
  8
DIMENSIONS
100
AcDbLine
 10
14.662204724409449
 20
6.417322834645669
 30
0.0
 11
14.740944881889764
 21
6.496062992125984
 31
0.0
  0
LINE
  5
2A5
330
17
100
AcDbEntity
  8
DIMENSIONS
100
AcDbLine
 10
14.88503937007874
 20
6.633858267716535
 30
0.0
 11
14.88503937007874
 21
6.409448818897638
 31
0.0
  0
LINE
  5
2A6
330
17
100
AcDbEntity
  8
DIMENSIONS
100
AcDbLine
 10
14.845669291338583
 20
6.417322834645669
 30
0.0
 11
14.924409448818897
 21
6.496062992125984
 31
0.0
  0
TEXT
  5
2A7
330
17
100
AcDbEntity
  8
TEXT
100
AcDbText
 10
11.73228346456693
 20
6.488188976377953
 30
0.0
 40
0.03259842519685039
  1
3¾"
 72
1
 11
11.73228346456693
 21
6.488188976377953
 31
0.0
100
AcDbText
  0
TEXT
  5
2A8
330
17
100
AcDbEntity
  8
TEXT
100
AcDbText
 10
13.372834645669291
 20
6.488188976377953
 30
0.0
 40
0.03259842519685039
  1
1'-4"
 72
1
 11
13.372834645669291
 21
6.488188976377953
 31
0.0
100
AcDbText
  0
LINE
  5
2A9
330
17
100
AcDbEntity
  8
GEOMETRY
100
AcDbLine
 10
14.740944881889764
 20
9.520866141732283
 30
0.0
 11
15.0
 21
9.960629921259843
 31
0.0
  0
TEXT
  5
2AA
330
17
100
AcDbEntity
  8
TEXT
100
AcDbText
 10
15.039370078740157
 20
9.952755905511811
 30
0.0
 40
0.048188976377952754
  1
BULLNOSE TOP
 11
15.039370078740157
 21
9.952755905511811
 31
0.0
100
AcDbText
  0
TEXT
  5
2AB
330
17
100
AcDbEntity
  8
TEXT
100
AcDbText
 10
15.039370078740157
 20
9.862204724409448
 30
0.0
 40
0.04110236220472441
  1
26, SOLID TEAK LIP
 11
15.039370078740157
 21
9.862204724409448
 31
0.0
100
AcDbText
  0
LINE
  5
2AC
330
17
100
AcDbEntity
  8
GEOMETRY
100
AcDbLine
 10
14.86535433070866
 20
8.833464566929134
 30
0.0
 11
15.0
 21
9.330708661417322
 31
0.0
  0
TEXT
  5
2AD
330
17
100
AcDbEntity
  8
TEXT
100
AcDbText
 10
15.039370078740157
 20
9.322834645669293
 30
0.0
 40
0.048188976377952754
  1
BRASS BAR
 11
15.039370078740157
 21
9.322834645669293
 31
0.0
100
AcDbText
  0
TEXT
  5
2AE
330
17
100
AcDbEntity
  8
TEXT
100
AcDbText
 10
15.039370078740157
 20
9.23228346456693
 30
0.0
 40
0.04110236220472441
  1
ON TWO POSTS
 11
15.039370078740157
 21
9.23228346456693
 31
0.0
100
AcDbText
  0
LINE
  5
2AF
330
17
100
AcDbEntity
  8
GEOMETRY
100
AcDbLine
 10
14.635826771653543
 20
7.780314960629921
 30
0.0
 11
15.0
 21
8.700787401574804
 31
0.0
  0
TEXT
  5
2B0
330
17
100
AcDbEntity
  8
TEXT
100
AcDbText
 10
15.039370078740157
 20
8.692913385826772
 30
0.0
 40
0.048188976377952754
  1
FRONT, 20
 11
15.039370078740157
 21
8.692913385826772
 31
0.0
100
AcDbText
  0
TEXT
  5
2B1
330
17
100
AcDbEntity
  8
TEXT
100
AcDbText
 10
15.039370078740157
 20
8.60236220472441
 30
0.0
 40
0.04110236220472441
  1
EDGES EASED 5
 11
15.039370078740157
 21
8.60236220472441
 31
0.0
100
AcDbText
  0
LINE
  5
2B2
330
17
100
AcDbEntity
  8
GEOMETRY
100
AcDbLine
 10
13.044488188976377
 20
7.224409448818897
 30
0.0
 11
15.0
 21
8.070866141732283
 31
0.0
  0
TEXT
  5
2B3
330
17
100
AcDbEntity
  8
TEXT
100
AcDbText
 10
15.039370078740157
 20
8.062992125984252
 30
0.0
 40
0.048188976377952754
  1
350 RUNNER
 11
15.039370078740157
 21
8.062992125984252
 31
0.0
100
AcDbText
  0
TEXT
  5
2B4
330
17
100
AcDbEntity
  8
TEXT
100
AcDbText
 10
15.039370078740157
 20
7.97244094488189
 30
0.0
 40
0.04110236220472441
  1
UNDERMOUNT
 11
15.039370078740157
 21
7.97244094488189
 31
0.0
100
AcDbText
  0
LINE
  5
2B5
330
17
100
AcDbEntity
  8
GEOMETRY
100
AcDbLine
 10
14.045275590551181
 20
6.850393700787402
 30
0.0
 11
15.0
 21
7.440944881889764
 31
0.0
  0
TEXT
  5
2B6
330
17
100
AcDbEntity
  8
TEXT
100
AcDbText
 10
15.039370078740157
 20
7.433070866141732
 30
0.0
 40
0.048188976377952754
  1
PLINTH
 11
15.039370078740157
 21
7.433070866141732
 31
0.0
100
AcDbText
  0
TEXT
  5
2B7
330
17
100
AcDbEntity
  8
TEXT
100
AcDbText
 10
15.039370078740157
 20
7.34251968503937
 30
0.0
 40
0.04110236220472441
  1
SET BACK 2 IN
 11
15.039370078740157
 21
7.34251968503937
 31
0.0
100
AcDbText
  0
LINE
  5
2B8
330
17
100
AcDbEntity
  8
GEOMETRY
100
AcDbLine
 10
12.106299212598426
 20
8.622047244094489
 30
0.0
 11
12.519685039370078
 21
10.118110236220472
 31
0.0
  0
TEXT
  5
2B9
330
17
100
AcDbEntity
  8
TEXT
100
AcDbText
 10
12.559055118110235
 20
10.11023622047244
 30
0.0
 40
0.048188976377952754
  1
BACK, 9
 11
12.559055118110235
 21
10.11023622047244
 31
0.0
100
AcDbText
  0
LINE
  5
2BA
330
17
100
AcDbEntity
  8
GEOMETRY
100
AcDbLine
 10
11.73228346456693
 20
7.965748031496062
 30
0.0
 11
11.20748031496063
 21
10.118110236220472
 31
0.0
  0
TEXT
  5
2BB
330
17
100
AcDbEntity
  8
TEXT
100
AcDbText
 10
11.168110236220473
 20
10.11023622047244
 30
0.0
 40
0.048188976377952754
  1
GLASS
 72
2
 11
11.168110236220473
 21
10.11023622047244
 31
0.0
100
AcDbText
  0
TEXT
  5
2BC
330
17
100
AcDbEntity
  8
TEXT
100
AcDbText
 10
11.181102362204724
 20
5.787401574803149
 30
0.0
 40
0.09070866141732283
  1
DETAIL 1 · THE ROUND END
 11
11.181102362204724
 21
5.787401574803149
 31
0.0
100
AcDbText
  0
LINE
  5
2BD
330
17
100
AcDbEntity
  8
GEOMETRY
100
AcDbLine
 10
11.181102362204724
 20
5.728346456692913
 30
0.0
 11
14.803149606299213
 21
5.728346456692913
 31
0.0
  0
TEXT
  5
2BE
330
17
100
AcDbEntity
  8
TEXT
100
AcDbText
 10
11.181102362204724
 20
5.5984251968503935
 30
0.0
 40
0.048188976377952754
  1
PLAN · SCALE 1:5
 11
11.181102362204724
 21
5.5984251968503935
 31
0.0
100
AcDbText
  0
LWPOLYLINE
  5
2BF
330
17
100
AcDbEntity
  8
GEOMETRY
100
AcDbPolyline
 90
3
 70
0
 10
13.206785555593683
 20
5.275590551181102
 10
13.192283464566929
 20
5.23488188976378
 10
13.072961107134336
 20
5.275590551181102
  0
LWPOLYLINE
  5
2C0
330
17
100
AcDbEntity
  8
GEOMETRY
100
AcDbPolyline
 90
7
 70
0
 10
14.477960775907471
 20
5.275590551181102
 10
14.23976377952756
 20
4.792047244094488
 10
14.000078740157479
 20
4.906141732283464
 10
13.75732283464567
 20
5.013700787401575
 10
13.511811023622048
 20
5.114803149606299
 10
13.263622047244095
 20
5.209133858267717
 10
13.287876803947242
 20
5.275590551181102
  0
LWPOLYLINE
  5
2C1
330
17
100
AcDbEntity
  8
GEOMETRY
100
AcDbPolyline
 90
5
 70
0
 10
14.648660507329737
 20
5.275590551181102
 10
14.354330708661418
 20
4.6993700787401576
 10
14.307086614173228
 20
4.723307086614174
 10
14.259763779527558
 20
4.747007874015749
 10
14.522679496308893
 20
5.275590551181102
  0
LWPOLYLINE
  5
2C2
330
17
100
AcDbEntity
  8
GEOMETRY
  6
DASHED
100
AcDbPolyline
 90
34
 70
0
 10
12.244094488188976
 20
3.0118110236220472
 10
12.339212598425199
 20
3.0144881889763773
 10
12.434015748031497
 20
3.0223622047244083
 10
12.528267716535433
 20
3.035511811023621
 10
12.621574803149606
 20
3.0539370078740156
 10
12.713779527559055
 20
3.07748031496063
 10
12.804566929133857
 20
3.1060629921259846
 10
12.893543307086613
 20
3.1396850393700784
 10
12.980551181102364
 20
3.1781889763779527
 10
13.065275590551181
 20
3.221496062992126
 10
13.147480314960632
 20
3.2693700787401565
 10
13.226929133858267
 20
3.321811023622047
 10
13.303307086614172
 20
3.3785039370078738
 10
13.376456692913386
 20
3.4393700787401578
 10
13.446062992125984
 20
3.504251968503936
 10
13.511968503937007
 20
3.572834645669291
 10
13.574015748031497
 20
3.6450393700787402
 10
13.631889763779528
 20
3.7205511811023624
 10
13.68551181102362
 20
3.7991338582677163
 10
13.734724409448818
 20
3.880551181102362
 10
13.779291338582679
 20
3.9646456692913383
 10
13.819133858267715
 20
4.051023622047245
 10
13.854094488188977
 20
4.139527559055118
 10
13.884173228346457
 20
4.229763779527559
 10
13.909133858267717
 20
4.321574803149606
 10
13.928897637795275
 20
4.414645669291339
 10
13.943543307086614
 20
4.508661417322834
 10
13.952913385826772
 20
4.603385826771653
 10
13.957086614173228
 20
4.698425196850394
 10
13.981259842519686
 20
4.793385826771654
 10
13.648346456692913
 20
4.94015748031496
 10
13.310236220472442
 20
5.074330708661417
 10
12.96732283464567
 20
5.195905511811024
 10
12.712550290350764
 20
5.275590551181102
  0
LWPOLYLINE
  5
2C3
330
17
100
AcDbEntity
  8
GEOMETRY
  6
DASHED
100
AcDbPolyline
 90
2
 70
0
 10
11.299212598425196
 20
3.0118110236220472
 10
12.244094488188976
 20
3.0118110236220472
  0
LWPOLYLINE
  5
2C4
330
17
100
AcDbEntity
  8
GEOMETRY
100
AcDbPolyline
 90
15
 70
0
 10
12.949347098174949
 20
5.275590551181102
 10
13.031417322834647
 20
5.249133858267717
 10
13.301496062992126
 20
5.153228346456693
 10
13.568740157480315
 20
5.049527559055117
 10
13.832834645669292
 20
4.9381102362204725
 10
14.093543307086614
 20
4.8189763779527555
 10
14.350708661417324
 20
4.692283464566929
 10
14.318503937007875
 20
4.629212598425196
 10
14.063228346456693
 20
4.754960629921261
 10
13.804330708661418
 20
4.873228346456693
 10
13.54212598425197
 20
4.983858267716536
 10
13.276850393700789
 20
5.086850393700787
 10
13.008661417322836
 20
5.181968503937008
 10
12.737795275590551
 20
5.269291338582677
 10
12.71610423697038
 20
5.275590551181102
  0
LWPOLYLINE
  5
2C5
330
17
100
AcDbEntity
  8
GEOMETRY
100
AcDbPolyline
 90
59
 70
0
 10
12.244094488188976
 20
2.6181102362204722
 10
12.361102362204724
 20
2.621338582677165
 10
12.47763779527559
 20
2.631102362204724
 10
12.593543307086613
 20
2.647322834645669
 10
12.708346456692915
 20
2.6699212598425186
 10
12.821732283464568
 20
2.698818897637796
 10
12.933307086614171
 20
2.7340157480314966
 10
13.042834645669291
 20
2.7753543307086614
 10
13.149842519685038
 20
2.8227559055118103
 10
13.254015748031497
 20
2.8759055118110237
 10
13.355118110236221
 20
2.9348818897637794
 10
13.452755905511813
 20
2.999291338582678
 10
13.546771653543308
 20
3.0690551181102363
 10
13.636692913385826
 20
3.1439370078740154
 10
13.722283464566932
 20
3.223700787401575
 10
13.803385826771652
 20
3.3081102362204726
 10
13.879606299212599
 20
3.3968503937007863
 10
13.950787401574804
 20
3.4896850393700776
 10
14.016771653543309
 20
3.5862992125984245
 10
14.07724409448819
 20
3.6865354330708664
 10
14.132047244094489
 20
3.789842519685039
 10
14.181102362204726
 20
3.896141732283464
 10
14.224094488188978
 20
4.00496062992126
 10
14.261023622047245
 20
4.115984251968504
 10
14.291732283464567
 20
4.228897637795275
 10
14.316141732283464
 20
4.343385826771653
 10
14.334094488188976
 20
4.458976377952755
 10
14.345669291338583
 20
4.575433070866142
 10
14.350708661417324
 20
4.692283464566929
 10
14.208976377952757
 20
4.694488188976378
 10
14.204251968503938
 20
4.585511811023622
 10
14.193543307086612
 20
4.476850393700787
 10
14.176692913385827
 20
4.369055118110236
 10
14.154015748031496
 20
4.262283464566929
 10
14.12535433070866
 20
4.156929133858268
 10
14.090944881889762
 20
4.053385826771653
 10
14.050787401574802
 20
3.951889763779527
 10
14.005039370078743
 20
3.8527559055118115
 10
13.953937007874018
 20
3.756377952755906
 10
13.897559055118112
 20
3.662913385826772
 10
13.835984251968505
 20
3.5727559055118108
 10
13.769606299212601
 20
3.4861417322834645
 10
13.698425196850396
 20
3.4033858267716535
 10
13.62283464566929
 20
3.324724409448818
 10
13.542992125984252
 20
3.250314960629921
 10
13.459133858267714
 20
3.1804724409448815
 10
13.371496062992128
 20
3.1154330708661417
 10
13.280393700787402
 20
3.0552755905511804
 10
13.186062992125986
 20
3.0003149606299213
 10
13.088897637795274
 20
2.950708661417322
 10
12.989055118110237
 20
2.9065354330708657
 10
12.88700787401575
 20
2.867952755905512
 10
12.782913385826772
 20
2.8351181102362206
 10
12.67716535433071
 20
2.808110236220472
 10
12.570078740157479
 20
2.7870866141732273
 10
12.461968503937007
 20
2.7719685039370083
 10
12.353228346456694
 20
2.7628346456692907
 10
12.244094488188976
 20
2.759842519685039
 10
12.244094488188976
 20
2.6181102362204722
  0
LWPOLYLINE
  5
2C6
330
17
100
AcDbEntity
  8
GEOMETRY
100
AcDbPolyline
 90
4
 70
0
 10
11.299212598425196
 20
2.7755905511811023
 10
12.220472440944883
 20
2.7755905511811023
 10
12.220472440944883
 20
2.6181102362204722
 10
11.299212598425196
 20
2.6181102362204722
  0
LWPOLYLINE
  5
2C7
330
17
100
AcDbEntity
  8
GEOMETRY
  6
DASHED
100
AcDbPolyline
 90
3
 70
0
 10
12.220472440944881
 20
2.6181102362204722
 10
12.212905549943365
 20
2.387838842247758
 10
12.210373796006229
 20
2.3622047244094486
  0
LWPOLYLINE
  5
2C8
330
17
100
AcDbEntity
  8
GEOMETRY
100
AcDbPolyline
 90
2
 70
0
 10
11.299212598425196
 20
2.9330708661417324
 10
12.991417322834645
 20
2.9330708661417324
  0
LWPOLYLINE
  5
2C9
330
17
100
AcDbEntity
  8
GEOMETRY
100
AcDbPolyline
 90
5
 70
0
 10
11.787401574803148
 20
2.6181102362204722
 10
11.866141732283463
 20
2.6181102362204722
 10
11.866141732283463
 20
2.3976377952755907
 10
11.787401574803148
 20
2.3976377952755907
 10
11.787401574803148
 20
2.6181102362204722
  0
LWPOLYLINE
  5
2CA
330
17
100
AcDbEntity
  8
GEOMETRY
  6
DASHED
100
AcDbPolyline
 90
35
 70
0
 10
12.244094488188976
 20
2.5393700787401574
 10
12.36543307086614
 20
2.5427559055118114
 10
12.486377952755905
 20
2.5528346456692907
 10
12.606614173228346
 20
2.569606299212597
 10
12.725748031496064
 20
2.593070866141731
 10
12.843307086614175
 20
2.623149606299212
 10
12.959133858267718
 20
2.6596062992125975
 10
13.072677165354332
 20
2.7025196850393702
 10
13.183700787401573
 20
2.7516535433070866
 10
13.291732283464567
 20
2.8068503937007865
 10
13.396614173228347
 20
2.867952755905512
 10
13.497952755905512
 20
2.9348031496062985
 10
13.59543307086614
 20
3.007165354330709
 10
13.688740157480316
 20
3.0848818897637793
 10
13.777559055118111
 20
3.16755905511811
 10
13.861653543307087
 20
3.2551181102362206
 10
13.940708661417325
 20
3.3471653543307074
 10
14.014645669291337
 20
3.4435433070866144
 10
14.082992125984251
 20
3.543779527559055
 10
14.145748031496064
 20
3.6477165354330703
 10
14.202677165354332
 20
3.75496062992126
 10
14.253464566929134
 20
3.8651968503937004
 10
14.298110236220474
 20
3.978031496062992
 10
14.336377952755905
 20
4.0932283464566925
 10
14.368267716535433
 20
4.210393700787401
 10
14.393543307086615
 20
4.329055118110236
 10
14.412204724409449
 20
4.449055118110236
 10
14.424173228346458
 20
4.569842519685039
 10
14.429448818897638
 20
4.691102362204724
 10
14.417874015748032
 20
4.65771653543307
 10
14.072677165354332
 20
4.828897637795276
 10
13.721023622047245
 20
4.986377952755905
 10
13.363464566929135
 20
5.13
 10
13.00047244094488
 20
5.259527559055117
 10
12.949163156930963
 20
5.275590551181102
  0
LWPOLYLINE
  5
2CB
330
17
100
AcDbEntity
  8
GEOMETRY
  6
DASHED
100
AcDbPolyline
 90
2
 70
0
 10
11.299212598425196
 20
2.5393700787401574
 10
12.244094488188976
 20
2.5393700787401574
  0
LINE
  5
2CC
330
17
100
AcDbEntity
  8
DIMENSIONS
100
AcDbLine
 10
12.244094488188976
 20
4.7248031496062985
 30
0.0
 11
14.04015748031496
 21
3.623622047244094
 31
0.0
  0
TEXT
  5
2CD
330
17
100
AcDbEntity
  8
TEXT
100
AcDbText
 10
13.201181102362204
 20
4.198031496062992
 30
0.0
 40
0.036850393700787396
  1
R 10½ in
 11
13.201181102362204
 21
4.198031496062992
 31
0.0
100
AcDbText
  0
LINE
  5
2CE
330
17
100
AcDbEntity
  8
GEOMETRY
100
AcDbLine
 10
14.272047244094487
 20
4.5740157480314965
 30
0.0
 11
14.574803149606298
 21
5.2362204724409445
 31
0.0
  0
TEXT
  5
2CF
330
17
100
AcDbEntity
  8
TEXT
100
AcDbText
 10
14.614173228346456
 20
5.228346456692914
 30
0.0
 40
0.048188976377952754
  1
SCRIBED TO THE CHANNEL
 11
14.614173228346456
 21
5.228346456692914
 31
0.0
100
AcDbText
  0
TEXT
  5
2D0
330
17
100
AcDbEntity
  8
TEXT
100
AcDbText
 10
14.614173228346456
 20
5.137795275590551
 30
0.0
 40
0.04110236220472441
  1
AT THE PARTITION'S TIP
 11
14.614173228346456
 21
5.137795275590551
 31
0.0
100
AcDbText
  0
LINE
  5
2D1
330
17
100
AcDbEntity
  8
GEOMETRY
100
AcDbLine
 10
14.21220472440945
 20
3.774409448818898
 30
0.0
 11
14.574803149606298
 21
4.744094488188976
 31
0.0
  0
TEXT
  5
2D2
330
17
100
AcDbEntity
  8
TEXT
100
AcDbText
 10
14.614173228346456
 20
4.736220472440945
 30
0.0
 40
0.048188976377952754
  1
TOP OVERSAILS 10
 11
14.614173228346456
 21
4.736220472440945
 31
0.0
100
AcDbText
  0
TEXT
  5
2D3
330
17
100
AcDbEntity
  8
TEXT
100
AcDbText
 10
14.614173228346456
 20
4.645669291338582
 30
0.0
 40
0.04110236220472441
  1
DASHED
 11
14.614173228346456
 21
4.645669291338582
 31
0.0
100
AcDbText
  0
LINE
  5
2D4
330
17
100
AcDbEntity
  8
GEOMETRY
100
AcDbLine
 10
13.733858267716535
 20
3.3370078740157476
 30
0.0
 11
14.574803149606298
 21
4.251968503937007
 31
0.0
  0
TEXT
  5
2D5
330
17
100
AcDbEntity
  8
TEXT
100
AcDbText
 10
14.614173228346456
 20
4.244094488188977
 30
0.0
 40
0.048188976377952754
  1
18 BENT PLY
 11
14.614173228346456
 21
4.244094488188977
 31
0.0
100
AcDbText
  0
TEXT
  5
2D6
330
17
100
AcDbEntity
  8
TEXT
100
AcDbText
 10
14.614173228346456
 20
4.153543307086614
 30
0.0
 40
0.04110236220472441
  1
3 × 6, VENEERED BOTH FACES
 11
14.614173228346456
 21
4.153543307086614
 31
0.0
100
AcDbText
  0
LINE
  5
2D7
330
17
100
AcDbEntity
  8
GEOMETRY
100
AcDbLine
 10
13.11023622047244
 20
2.9330708661417324
 30
0.0
 11
14.574803149606298
 21
3.7598425196850394
 31
0.0
  0
TEXT
  5
2D8
330
17
100
AcDbEntity
  8
TEXT
100
AcDbText
 10
14.614173228346456
 20
3.7519685039370083
 30
0.0
 40
0.048188976377952754
  1
SHELF
 11
14.614173228346456
 21
3.7519685039370083
 31
0.0
100
AcDbText
  0
TEXT
  5
2D9
330
17
100
AcDbEntity
  8
TEXT
100
AcDbText
 10
14.614173228346456
 20
3.661417322834646
 30
0.0
 40
0.04110236220472441
  1
INTO THE ROUND END
 11
14.614173228346456
 21
3.661417322834646
 31
0.0
100
AcDbText
  0
LINE
  5
2DA
330
17
100
AcDbEntity
  8
GEOMETRY
100
AcDbLine
 10
12.232283464566928
 20
2.681102362204724
 30
0.0
 11
14.574803149606298
 21
3.267716535433071
 31
0.0
  0
TEXT
  5
2DB
330
17
100
AcDbEntity
  8
TEXT
100
AcDbText
 10
14.614173228346456
 20
3.25984251968504
 30
0.0
 40
0.048188976377952754
  1
3 MM GAP
 11
14.614173228346456
 21
3.25984251968504
 31
0.0
100
AcDbText
  0
TEXT
  5
2DC
330
17
100
AcDbEntity
  8
TEXT
100
AcDbText
 10
14.614173228346456
 20
3.1692913385826773
 30
0.0
 40
0.04110236220472441
  1
THE DOOR SWINGS CLEAR
 11
14.614173228346456
 21
3.1692913385826773
 31
0.0
100
AcDbText
  0
LINE
  5
2DD
330
17
100
AcDbEntity
  8
GEOMETRY
100
AcDbLine
 10
11.850393700787402
 20
2.429133858267716
 30
0.0
 11
14.574803149606298
 21
2.7755905511811023
 31
0.0
  0
TEXT
  5
2DE
330
17
100
AcDbEntity
  8
TEXT
100
AcDbText
 10
14.614173228346456
 20
2.7677165354330713
 30
0.0
 40
0.048188976377952754
  1
DOOR, FLAT
 11
14.614173228346456
 21
2.7677165354330713
 31
0.0
100
AcDbText
  0
TEXT
  5
2DF
330
17
100
AcDbEntity
  8
TEXT
100
AcDbText
 10
14.614173228346456
 20
2.677165354330709
 30
0.0
 40
0.04110236220472441
  1
UPRIGHT BRASS BAR
 11
14.614173228346456
 21
2.677165354330709
 31
0.0
100
AcDbText
  0
TEXT
  5
2E0
330
17
100
AcDbEntity
  8
TEXT
100
AcDbText
 10
0.7086614173228346
 20
2.204724409448819
 30
0.0
 40
0.09070866141732283
  1
NOTES
 11
0.7086614173228346
 21
2.204724409448819
 31
0.0
100
AcDbText
  0
LINE
  5
2E1
330
17
100
AcDbEntity
  8
GEOMETRY
100
AcDbLine
 10
0.7086614173228346
 20
2.145669291338583
 30
0.0
 11
4.173228346456693
 21
2.145669291338583
 31
0.0
  0
TEXT
  5
2E2
330
17
100
AcDbEntity
  8
TEXT
100
AcDbText
 10
0.7086614173228346
 20
2.0157480314960625
 30
0.0
 40
0.048188976377952754
  1
REVISION 2
 11
0.7086614173228346
 21
2.0157480314960625
 31
0.0
100
AcDbText
  0
TEXT
  5
2E3
330
17
100
AcDbEntity
  8
TEXT
100
AcDbText
 10
0.7086614173228346
 20
1.7913385826771653
 30
0.0
 40
0.04110236220472441
  1
From the owner's sketch. The run of 4 × 2 drawers that followed the
 11
0.7086614173228346
 21
1.7913385826771653
 31
0.0
100
AcDbText
  0
TEXT
  5
2E4
330
17
100
AcDbEntity
  8
TEXT
100
AcDbText
 10
0.7086614173228346
 20
1.6259842519685044
 30
0.0
 40
0.04110236220472441
  1
partition's curve could not open at its curved ends. Now the unit is a pill:
 11
0.7086614173228346
 21
1.6259842519685044
 31
0.0
100
AcDbText
  0
TEXT
  5
2E5
330
17
100
AcDbEntity
  8
TEXT
100
AcDbText
 10
0.7086614173228346
 20
1.4606299212598435
 30
0.0
 40
0.04110236220472441
  1
a straight front across the middle, a quarter-round at each end wrapping
 11
0.7086614173228346
 21
1.4606299212598435
 31
0.0
100
AcDbText
  0
TEXT
  5
2E6
330
17
100
AcDbEntity
  8
TEXT
100
AcDbText
 10
0.7086614173228346
 20
1.2952755905511801
 30
0.0
 40
0.04110236220472441
  1
back to the partition's tip, and nothing that moves is curved.
 11
0.7086614173228346
 21
1.2952755905511801
 31
0.0
100
AcDbText
  0
TEXT
  5
2E7
330
17
100
AcDbEntity
  8
TEXT
100
AcDbText
 10
0.7086614173228346
 20
1.1299212598425192
 30
0.0
 40
0.04110236220472441
  1
Four equal bays, 17¾ in: two stacks of two drawers in the middle, and at
 11
0.7086614173228346
 21
1.1299212598425192
 31
0.0
100
AcDbText
  0
TEXT
  5
2E8
330
17
100
AcDbEntity
  8
TEXT
100
AcDbText
 10
0.7086614173228346
 20
0.9645669291338582
 30
0.0
 40
0.04110236220472441
  1
each end one cabinet two drawers tall behind a flat door (owner).
 11
0.7086614173228346
 21
0.9645669291338582
 31
0.0
100
AcDbText
  0
TEXT
  5
2E9
330
17
100
AcDbEntity
  8
TEXT
100
AcDbText
 10
0.7086614173228346
 20
0.7992125984251973
 30
0.0
 40
0.04110236220472441
  1
Doors hinge on the drawer side, so they open away from the round ends.
 11
0.7086614173228346
 21
0.7992125984251973
 31
0.0
100
AcDbText
  0
TEXT
  5
2EA
330
17
100
AcDbEntity
  8
TEXT
100
AcDbText
 10
4.409448818897638
 20
2.204724409448819
 30
0.0
 40
0.09070866141732283
  1
ASSUMED
 11
4.409448818897638
 21
2.204724409448819
 31
0.0
100
AcDbText
  0
LINE
  5
2EB
330
17
100
AcDbEntity
  8
GEOMETRY
100
AcDbLine
 10
4.409448818897638
 20
2.145669291338583
 30
0.0
 11
7.874015748031496
 21
2.145669291338583
 31
0.0
  0
TEXT
  5
2EC
330
17
100
AcDbEntity
  8
TEXT
100
AcDbText
 10
4.409448818897638
 20
2.0157480314960625
 30
0.0
 40
0.048188976377952754
  1
TELL ME IF ANY OF THESE IS WRONG
 11
4.409448818897638
 21
2.0157480314960625
 31
0.0
100
AcDbText
  0
TEXT
  5
2ED
330
17
100
AcDbEntity
  8
TEXT
100
AcDbText
 10
4.409448818897638
 20
1.7913385826771653
 30
0.0
 40
0.04110236220472441
  1
Height 1 ft 5¾ in and depth 1 ft 3¾ in, as the last run.
 11
4.409448818897638
 21
1.7913385826771653
 31
0.0
100
AcDbText
  0
TEXT
  5
2EE
330
17
100
AcDbEntity
  8
TEXT
100
AcDbText
 10
4.409448818897638
 20
1.6259842519685044
 30
0.0
 40
0.04110236220472441
  1
The 9292 burl, polished darker than the room (owner, 7 Oct),
 11
4.409448818897638
 21
1.6259842519685044
 31
0.0
100
AcDbText
  0
TEXT
  5
2EF
330
17
100
AcDbEntity
  8
TEXT
100
AcDbText
 10
4.409448818897638
 20
1.4606299212598435
 30
0.0
 40
0.04110236220472441
  1
the grain running on across all four bays.
 11
4.409448818897638
 21
1.4606299212598435
 31
0.0
100
AcDbText
  0
TEXT
  5
2F0
330
17
100
AcDbEntity
  8
TEXT
100
AcDbText
 10
4.409448818897638
 20
1.2952755905511801
 30
0.0
 40
0.04110236220472441
  1
The slim brass bar kept; an upright one on each door.
 11
4.409448818897638
 21
1.2952755905511801
 31
0.0
100
AcDbText
  0
TEXT
  5
2F1
330
17
100
AcDbEntity
  8
TEXT
100
AcDbText
 10
4.409448818897638
 20
1.1299212598425192
 30
0.0
 40
0.04110236220472441
  1
Every edge eased 5 mm; the top a full bullnose.
 11
4.409448818897638
 21
1.1299212598425192
 31
0.0
100
AcDbText
  0
TEXT
  5
2F2
330
17
100
AcDbEntity
  8
TEXT
100
AcDbText
 10
4.409448818897638
 20
0.9645669291338582
 30
0.0
 40
0.04110236220472441
  1
Concealed soft-close hinges; one shelf in each cabinet.
 11
4.409448818897638
 21
0.9645669291338582
 31
0.0
100
AcDbText
  0
TEXT
  5
2F3
330
17
100
AcDbEntity
  8
TEXT
100
AcDbText
 10
8.11023622047244
 20
2.204724409448819
 30
0.0
 40
0.09070866141732283
  1
TO DECIDE
 11
8.11023622047244
 21
2.204724409448819
 31
0.0
100
AcDbText
  0
LINE
  5
2F4
330
17
100
AcDbEntity
  8
GEOMETRY
100
AcDbLine
 10
8.11023622047244
 20
2.145669291338583
 30
0.0
 11
11.259842519685039
 21
2.145669291338583
 31
0.0
  0
TEXT
  5
2F5
330
17
100
AcDbEntity
  8
TEXT
100
AcDbText
 10
8.11023622047244
 20
1.7913385826771653
 30
0.0
 40
0.04110236220472441
  1
Fronts: eased edges as drawn, or rounder —
 11
8.11023622047244
 21
1.7913385826771653
 31
0.0
100
AcDbText
  0
TEXT
  5
2F6
330
17
100
AcDbEntity
  8
TEXT
100
AcDbText
 10
8.11023622047244
 20
1.6259842519685044
 30
0.0
 40
0.04110236220472441
  1
each front a small pill of its own?
 11
8.11023622047244
 21
1.6259842519685044
 31
0.0
100
AcDbText
  0
TEXT
  5
2F7
330
17
100
AcDbEntity
  8
TEXT
100
AcDbText
 10
8.11023622047244
 20
1.4606299212598435
 30
0.0
 40
0.04110236220472441
  1
Pulls: the brass bar, or push-to-open with none.
 11
8.11023622047244
 21
1.4606299212598435
 31
0.0
100
AcDbText
  0
TEXT
  5
2F8
330
17
100
AcDbEntity
  8
TEXT
100
AcDbText
 10
8.11023622047244
 20
1.2952755905511801
 30
0.0
 40
0.04110236220472441
  1
With a drawer out, 1 ft 4⅝ in is left to the bed's
 11
8.11023622047244
 21
1.2952755905511801
 31
0.0
100
AcDbText
  0
TEXT
  5
2F9
330
17
100
AcDbEntity
  8
TEXT
100
AcDbText
 10
8.11023622047244
 20
1.1299212598425192
 30
0.0
 40
0.04110236220472441
  1
foot — fine to pass, tight to kneel at.
 11
8.11023622047244
 21
1.1299212598425192
 31
0.0
100
AcDbText
  0
LWPOLYLINE
  5
2FA
330
17
100
AcDbEntity
  8
GEOMETRY
100
AcDbPolyline
 90
5
 70
0
 10
11.811023622047244
 20
2.283464566929135
 10
16.22047244094488
 20
2.283464566929135
 10
16.22047244094488
 20
0.31496062992126106
 10
11.811023622047244
 20
0.31496062992126106
 10
11.811023622047244
 20
2.283464566929135
  0
LINE
  5
2FB
330
17
100
AcDbEntity
  8
GEOMETRY
100
AcDbLine
 10
11.811023622047244
 20
1.7322834645669292
 30
0.0
 11
16.22047244094488
 21
1.7322834645669292
 31
0.0
  0
LINE
  5
2FC
330
17
100
AcDbEntity
  8
GEOMETRY
100
AcDbLine
 10
11.811023622047244
 20
1.1023622047244095
 30
0.0
 11
16.22047244094488
 21
1.1023622047244095
 31
0.0
  0
LINE
  5
2FD
330
17
100
AcDbEntity
  8
GEOMETRY
100
AcDbLine
 10
11.811023622047244
 20
0.7086614173228346
 30
0.0
 11
16.22047244094488
 21
0.7086614173228346
 31
0.0
  0
LINE
  5
2FE
330
17
100
AcDbEntity
  8
GEOMETRY
100
AcDbLine
 10
14.015748031496063
 20
1.1023622047244095
 30
0.0
 11
14.015748031496063
 21
0.31496062992125984
 31
0.0
  0
TEXT
  5
2FF
330
17
100
AcDbEntity
  8
TEXT
100
AcDbText
 10
11.929133858267717
 20
2.02755905511811
 30
0.0
 40
0.09637795275590551
  1
A STUDY IN TEAK
 11
11.929133858267717
 21
2.02755905511811
 31
0.0
100
AcDbText
  0
TEXT
  5
300
330
17
100
AcDbEntity
  8
TEXT
100
AcDbText
 10
11.929133858267717
 20
1.8503937007874016
 30
0.0
 40
0.05385826771653543
  1
Particulars of the room
 11
11.929133858267717
 21
1.8503937007874016
 31
0.0
100
AcDbText
  0
TEXT
  5
301
330
17
100
AcDbEntity
  8
TEXT
100
AcDbText
 10
11.929133858267717
 20
1.4763779527559056
 30
0.0
 40
0.09637795275590551
  1
TV UNIT — DRAWERS
 11
11.929133858267717
 21
1.4763779527559056
 31
0.0
100
AcDbText
  0
TEXT
  5
302
330
17
100
AcDbEntity
  8
TEXT
100
AcDbText
 10
11.929133858267717
 20
1.2598425196850394
 30
0.0
 40
0.05669291338582677
  1
Plan · Front · Section A–A · Round end
 11
11.929133858267717
 21
1.2598425196850394
 31
0.0
100
AcDbText
  0
TEXT
  5
303
330
17
100
AcDbEntity
  8
TEXT
100
AcDbText
 10
11.929133858267717
 20
0.9448818897637795
 30
0.0
 40
0.04251968503937008
  1
SCALE
 11
11.929133858267717
 21
0.9448818897637795
 31
0.0
100
AcDbText
  0
TEXT
  5
304
330
17
100
AcDbEntity
  8
TEXT
100
AcDbText
 10
11.929133858267717
 20
0.7874015748031495
 30
0.0
 40
0.05952755905511811
  1
AS NOTED @ A3
 11
11.929133858267717
 21
0.7874015748031495
 31
0.0
100
AcDbText
  0
TEXT
  5
305
330
17
100
AcDbEntity
  8
TEXT
100
AcDbText
 10
14.133858267716535
 20
0.9448818897637795
 30
0.0
 40
0.04251968503937008
  1
DATE
 11
14.133858267716535
 21
0.9448818897637795
 31
0.0
100
AcDbText
  0
TEXT
  5
306
330
17
100
AcDbEntity
  8
TEXT
100
AcDbText
 10
14.133858267716535
 20
0.7874015748031495
 30
0.0
 40
0.05952755905511811
  1
07.10.2026
 11
14.133858267716535
 21
0.7874015748031495
 31
0.0
100
AcDbText
  0
TEXT
  5
307
330
17
100
AcDbEntity
  8
TEXT
100
AcDbText
 10
11.929133858267717
 20
0.5511811023622047
 30
0.0
 40
0.04251968503937008
  1
REV
 11
11.929133858267717
 21
0.5511811023622047
 31
0.0
100
AcDbText
  0
TEXT
  5
308
330
17
100
AcDbEntity
  8
TEXT
100
AcDbText
 10
11.929133858267717
 20
0.39370078740157477
 30
0.0
 40
0.051023622047244095
  1
2 — the veneer polished darker (owner)
 11
11.929133858267717
 21
0.39370078740157477
 31
0.0
100
AcDbText
  0
TEXT
  5
309
330
17
100
AcDbEntity
  8
TEXT
100
AcDbText
 10
14.133858267716535
 20
0.5511811023622047
 30
0.0
 40
0.04251968503937008
  1
DWG
 11
14.133858267716535
 21
0.5511811023622047
 31
0.0
100
AcDbText
  0
TEXT
  5
30A
330
17
100
AcDbEntity
  8
TEXT
100
AcDbText
 10
14.133858267716535
 20
0.39370078740157477
 30
0.0
 40
0.05952755905511811
  1
AST-DR-036
 11
14.133858267716535
 21
0.39370078740157477
 31
0.0
100
AcDbText
  0
ENDSEC
  0
SECTION
  2
OBJECTS
  0
DICTIONARY
  5
A
330
0
100
AcDbDictionary
281
1
  3
ACAD_COLOR
350
B
  3
ACAD_GROUP
350
C
  3
ACAD_LAYOUT
350
D
  3
ACAD_MATERIAL
350
E
  3
ACAD_MLEADERSTYLE
350
F
  3
ACAD_MLINESTYLE
350
10
  3
ACAD_PLOTSETTINGS
350
11
  3
ACAD_PLOTSTYLENAME
350
12
  3
ACAD_SCALELIST
350
14
  3
ACAD_TABLESTYLE
350
15
  3
ACAD_VISUALSTYLE
350
16
  3
EZDXF_META
350
2D
  0
DICTIONARY
  5
B
330
A
100
AcDbDictionary
281
1
  0
DICTIONARY
  5
C
330
A
100
AcDbDictionary
281
1
  0
DICTIONARY
  5
D
330
A
100
AcDbDictionary
281
1
  3
Model
350
1A
  3
Layout1
350
1E
  0
DICTIONARY
  5
E
330
A
100
AcDbDictionary
281
1
  3
ByBlock
350
1F
  3
ByLayer
350
20
  3
Global
350
21
  0
DICTIONARY
  5
F
330
A
100
AcDbDictionary
281
1
  3
Standard
350
2C
  0
DICTIONARY
  5
10
330
A
100
AcDbDictionary
281
1
  3
Standard
350
22
  0
DICTIONARY
  5
11
330
A
100
AcDbDictionary
281
1
  0
ACDBDICTIONARYWDFLT
  5
12
330
A
100
AcDbDictionary
281
1
  3
Normal
350
13
100
AcDbDictionaryWithDefault
340
13
  0
ACDBPLACEHOLDER
  5
13
330
12
  0
DICTIONARY
  5
14
330
A
100
AcDbDictionary
281
1
  0
DICTIONARY
  5
15
330
A
100
AcDbDictionary
281
1
  0
DICTIONARY
  5
16
330
A
100
AcDbDictionary
281
1
  3
2dWireframe
350
5A
  3
Basic
350
5B
  3
Brighten
350
5C
  3
ColorChange
350
5D
  3
Conceptual
350
5E
  3
Dim
350
5F
  3
EdgeColorOff
350
60
  3
Facepattern
350
61
  3
Flat
350
62
  3
FlatWithEdges
350
63
  3
Gouraud
350
64
  3
GouraudWithEdges
350
65
  3
Hidden
350
66
  3
JitterOff
350
67
  3
Linepattern
350
68
  3
Modeling
350
69
  3
OverhangOff
350
6A
  3
Realistic
350
6B
  3
Shaded
350
6C
  3
Shaded with edges
350
6D
  3
Shades of Gray
350
6E
  3
Sketchy
350
6F
  3
Thicken
350
70
  3
Wireframe
350
71
  3
X-Ray
350
72
  0
LAYOUT
  5
1A
330
D
100
AcDbPlotSettings
  1

  4
A3
  6

 40
7.5
 41
20.0
 42
7.5
 43
20.0
 44
420.0
 45
297.0
 46
0.0
 47
0.0
 48
0.0
 49
0.0
140
0.0
141
0.0
142
1.0
143
1.0
 70
1024
 72
1
 73
0
 74
5
  7

 75
16
 76
0
 77
2
 78
300
147
1.0
148
0.0
149
0.0
100
AcDbLayout
  1
Model
 70
1
 71
0
 10
0.0
 20
0.0
 11
420.0
 21
297.0
 12
0.0
 22
0.0
 32
0.0
 14
1e+20
 24
1e+20
 34
1e+20
 15
-1e+20
 25
-1e+20
 35
-1e+20
146
0.0
 13
0.0
 23
0.0
 33
0.0
 16
1.0
 26
0.0
 36
0.0
 17
0.0
 27
1.0
 37
0.0
 76
1
330
17
  0
LAYOUT
  5
1E
330
D
100
AcDbPlotSettings
  1

  4
A3
  6

 40
7.5
 41
20.0
 42
7.5
 43
20.0
 44
420.0
 45
297.0
 46
0.0
 47
0.0
 48
0.0
 49
0.0
140
0.0
141
0.0
142
1.0
143
1.0
 70
0
 72
1
 73
0
 74
5
  7

 75
16
 76
0
 77
2
 78
300
147
1.0
148
0.0
149
0.0
100
AcDbLayout
  1
Layout1
 70
1
 71
1
 10
0.0
 20
0.0
 11
420.0
 21
297.0
 12
0.0
 22
0.0
 32
0.0
 14
1e+20
 24
1e+20
 34
1e+20
 15
-1e+20
 25
-1e+20
 35
-1e+20
146
0.0
 13
0.0
 23
0.0
 33
0.0
 16
1.0
 26
0.0
 36
0.0
 17
0.0
 27
1.0
 37
0.0
 76
1
330
1B
  0
MATERIAL
  5
1F
102
{ACAD_REACTORS
330
E
102
}
330
E
100
AcDbMaterial
  1
ByBlock
  2

 70
0
 40
1.0
 71
1
 41
1.0
 91
-1023410177
 42
1.0
 72
1
  3

 73
1
 74
1
 75
1
 44
0.5
 73
0
 45
1.0
 46
1.0
 77
1
  4

 78
1
 79
1
170
1
 48
1.0
171
1
  6

172
1
173
1
174
1
140
1.0
141
1.0
175
1
  7

176
1
177
1
178
1
143
1.0
179
1
  8

270
1
271
1
272
1
145
1.0
146
1.0
273
1
  9

274
1
275
1
276
1
 42
1.0
 72
1
  3

 73
1
 74
1
 75
1
 94
63
  0
MATERIAL
  5
20
102
{ACAD_REACTORS
330
E
102
}
330
E
100
AcDbMaterial
  1
ByLayer
  2

 70
0
 40
1.0
 71
1
 41
1.0
 91
-1023410177
 42
1.0
 72
1
  3

 73
1
 74
1
 75
1
 44
0.5
 73
0
 45
1.0
 46
1.0
 77
1
  4

 78
1
 79
1
170
1
 48
1.0
171
1
  6

172
1
173
1
174
1
140
1.0
141
1.0
175
1
  7

176
1
177
1
178
1
143
1.0
179
1
  8

270
1
271
1
272
1
145
1.0
146
1.0
273
1
  9

274
1
275
1
276
1
 42
1.0
 72
1
  3

 73
1
 74
1
 75
1
 94
63
  0
MATERIAL
  5
21
102
{ACAD_REACTORS
330
E
102
}
330
E
100
AcDbMaterial
  1
Global
  2

 70
0
 40
1.0
 71
1
 41
1.0
 91
-1023410177
 42
1.0
 72
1
  3

 73
1
 74
1
 75
1
 44
0.5
 73
0
 45
1.0
 46
1.0
 77
1
  4

 78
1
 79
1
170
1
 48
1.0
171
1
  6

172
1
173
1
174
1
140
1.0
141
1.0
175
1
  7

176
1
177
1
178
1
143
1.0
179
1
  8

270
1
271
1
272
1
145
1.0
146
1.0
273
1
  9

274
1
275
1
276
1
 42
1.0
 72
1
  3

 73
1
 74
1
 75
1
 94
63
  0
MLINESTYLE
  5
22
102
{ACAD_REACTORS
330
10
102
}
330
10
100
AcDbMlineStyle
  2
Standard
 70
0
  3

 62
256
 51
90.0
 52
90.0
 71
2
 49
0.5
 62
256
  6
BYLAYER
 49
-0.5
 62
256
  6
BYLAYER
  0
MLEADERSTYLE
  5
2C
102
{ACAD_REACTORS
330
F
102
}
330
F
100
AcDbMLeaderStyle
179
2
170
2
171
1
172
0
 90
2
 40
0.0
 41
0.0
173
1
 91
-1056964608
 92
-2
290
1
 42
2.0
291
1
 43
8.0
  3
Standard
 44
4.0
300

342
29
174
1
175
1
176
0
178
1
 93
-1056964608
 45
4.0
292
0
297
0
 46
4.0
 94
-1056964608
 47
1.0
 49
1.0
140
1.0
294
1
141
0.0
177
0
142
1.0
295
0
296
0
143
3.75
271
0
272
9
273
9
  0
DICTIONARY
  5
2D
330
A
100
AcDbDictionary
280
1
281
1
  3
CREATED_BY_EZDXF
350
2E
  3
WRITTEN_BY_EZDXF
350
30D
  0
DICTIONARYVAR
  5
2E
330
2D
100
DictionaryVariables
280
0
  1
1.4.2 @ 2026-10-08T14:55:10.206927+00:00
  0
VISUALSTYLE
  5
5A
102
{ACAD_REACTORS
330
16
102
}
330
16
100
AcDbVisualStyle
  2
2dWireframe
 70
4
 90
0
 40
0.6
 62
7
290
0
291
0
  0
VISUALSTYLE
  5
5B
102
{ACAD_REACTORS
330
16
102
}
330
16
100
AcDbVisualStyle
  2
Basic
 70
7
 90
1
 40
0.6
 62
7
290
0
291
1
  0
VISUALSTYLE
  5
5C
102
{ACAD_REACTORS
330
16
102
}
330
16
100
AcDbVisualStyle
  2
Brighten
 70
12
 90
2
 40
0.6
 62
7
290
0
291
1
  0
VISUALSTYLE
  5
5D
102
{ACAD_REACTORS
330
16
102
}
330
16
100
AcDbVisualStyle
  2
ColorChange
 70
16
 90
2
 40
0.6
 62
8
290
0
291
1
  0
VISUALSTYLE
  5
5E
102
{ACAD_REACTORS
330
16
102
}
330
16
100
AcDbVisualStyle
  2
Conceptual
 70
9
 90
3
 40
0.6
 62
7
290
0
291
0
  0
VISUALSTYLE
  5
5F
102
{ACAD_REACTORS
330
16
102
}
330
16
100
AcDbVisualStyle
  2
Dim
 70
11
 90
2
 40
0.6
 62
7
290
0
291
1
  0
VISUALSTYLE
  5
60
102
{ACAD_REACTORS
330
16
102
}
330
16
100
AcDbVisualStyle
  2
EdgeColorOff
 70
22
 90
2
 40
0.6
 62
7
290
0
291
1
  0
VISUALSTYLE
  5
61
102
{ACAD_REACTORS
330
16
102
}
330
16
100
AcDbVisualStyle
  2
Facepattern
 70
15
 90
2
 40
0.6
 62
7
290
0
291
1
  0
VISUALSTYLE
  5
62
102
{ACAD_REACTORS
330
16
102
}
330
16
100
AcDbVisualStyle
  2
Flat
 70
0
 90
2
 40
0.6
 62
7
290
0
291
1
  0
VISUALSTYLE
  5
63
102
{ACAD_REACTORS
330
16
102
}
330
16
100
AcDbVisualStyle
  2
FlatWithEdges
 70
1
 90
2
 40
0.6
 62
7
290
0
291
1
  0
VISUALSTYLE
  5
64
102
{ACAD_REACTORS
330
16
102
}
330
16
100
AcDbVisualStyle
  2
Gouraud
 70
2
 90
2
 40
0.6
 62
7
290
0
291
1
  0
VISUALSTYLE
  5
65
102
{ACAD_REACTORS
330
16
102
}
330
16
100
AcDbVisualStyle
  2
GouraudWithEdges
 70
3
 90
2
 40
0.6
 62
7
290
0
291
1
  0
VISUALSTYLE
  5
66
102
{ACAD_REACTORS
330
16
102
}
330
16
100
AcDbVisualStyle
  2
Hidden
 70
6
 90
1
 40
0.6
 62
7
290
0
291
0
  0
VISUALSTYLE
  5
67
102
{ACAD_REACTORS
330
16
102
}
330
16
100
AcDbVisualStyle
  2
JitterOff
 70
20
 90
2
 40
0.6
 62
7
290
0
291
1
  0
VISUALSTYLE
  5
68
102
{ACAD_REACTORS
330
16
102
}
330
16
100
AcDbVisualStyle
  2
Linepattern
 70
14
 90
2
 40
0.6
 62
7
290
0
291
1
  0
VISUALSTYLE
  5
69
102
{ACAD_REACTORS
330
16
102
}
330
16
100
AcDbVisualStyle
  2
Modeling
 70
10
 90
2
 40
0.6
 62
7
290
0
291
0
  0
VISUALSTYLE
  5
6A
102
{ACAD_REACTORS
330
16
102
}
330
16
100
AcDbVisualStyle
  2
OverhangOff
 70
21
 90
2
 40
0.6
 62
7
290
0
291
1
  0
VISUALSTYLE
  5
6B
102
{ACAD_REACTORS
330
16
102
}
330
16
100
AcDbVisualStyle
  2
Realistic
 70
8
 90
2
 40
0.6
 62
7
290
0
291
0
  0
VISUALSTYLE
  5
6C
102
{ACAD_REACTORS
330
16
102
}
330
16
100
AcDbVisualStyle
  2
Shaded
 70
27
 90
2
 40
0.6
 62
7
290
0
291
0
  0
VISUALSTYLE
  5
6D
102
{ACAD_REACTORS
330
16
102
}
330
16
100
AcDbVisualStyle
  2
Shaded with edges
 70
26
 90
2
 40
0.6
 62
7
290
0
291
0
  0
VISUALSTYLE
  5
6E
102
{ACAD_REACTORS
330
16
102
}
330
16
100
AcDbVisualStyle
  2
Shades of Gray
 70
23
 90
2
 40
0.6
 62
7
290
0
291
0
  0
VISUALSTYLE
  5
6F
102
{ACAD_REACTORS
330
16
102
}
330
16
100
AcDbVisualStyle
  2
Sketchy
 70
24
 90
1
 40
0.6
 62
7
290
0
291
0
  0
VISUALSTYLE
  5
70
102
{ACAD_REACTORS
330
16
102
}
330
16
100
AcDbVisualStyle
  2
Thicken
 70
13
 90
2
 40
0.6
 62
7
290
0
291
1
  0
VISUALSTYLE
  5
71
102
{ACAD_REACTORS
330
16
102
}
330
16
100
AcDbVisualStyle
  2
Wireframe
 70
5
 90
0
 40
0.6
 62
7
290
0
291
0
  0
VISUALSTYLE
  5
72
102
{ACAD_REACTORS
330
16
102
}
330
16
100
AcDbVisualStyle
  2
X-Ray
 70
25
 90
2
 40
0.5
 62
7
290
0
291
0
  0
DICTIONARYVAR
  5
30D
330
2D
100
DictionaryVariables
280
0
  1
1.4.2 @ 2026-10-08T14:55:10.285133+00:00
  0
ENDSEC
  0
EOF
